t,idx,q1,q2,q3,q4,q5,q6,q7,cmd1,cmd2,cmd3,cmd4,cmd5,cmd6,cmd7,qref1,qref2,qref3,qref4,qref5,qref6,qref7
0.000000,0,0.00499,0.00001,0.00001,0.07859,0.00001,0.00001,-0.00001,0.00160,0.00310,-0.00458,0.09732,-0.00416,-0.00253,-0.00243,0.00160,0.00310,-0.00458,0.08181,-0.00416,-0.00253,-0.00243
0.100000,5,0.00194,0.00039,-0.00114,0.08927,0.00001,-0.00075,-0.00001,0.00569,0.01041,-0.00635,0.09732,-0.00994,-0.00223,-0.00229,0.00181,0.00350,-0.00517,0.08206,-0.00471,-0.00286,-0.00275
0.200000,10,0.00270,0.00077,-0.00304,0.09194,-0.00075,-0.00152,-0.00001,0.01033,0.01805,-0.00861,0.09732,-0.01670,-0.00140,-0.00173,0.00218,0.00423,-0.00624,0.08251,-0.00568,-0.00345,-0.00332
0.300000,15,0.00232,0.00192,-0.00686,0.09156,-0.00304,-0.00114,-0.00001,0.01512,0.02626,-0.01170,0.09732,-0.02401,-0.00129,-0.00196,0.00285,0.00552,-0.00816,0.08333,-0.00742,-0.00451,-0.00434
0.400000,20,0.00308,0.00535,-0.01029,0.09194,-0.00381,-0.00266,-0.00001,0.02053,0.03548,-0.01629,0.09732,-0.03269,-0.00196,-0.00312,0.00404,0.00783,-0.01157,0.08477,-0.01052,-0.00639,-0.00615
0.500000,25,0.00308,0.01374,-0.01411,0.09194,-0.00762,-0.00190,-0.00001,0.02660,0.04608,-0.02291,0.09732,-0.04315,-0.00353,-0.00577,0.00594,0.01152,-0.01701,0.08708,-0.01548,-0.00939,-0.00904
0.600000,30,0.00651,0.02595,-0.02364,0.09194,-0.02936,-0.00228,-0.00192,0.03343,0.05813,-0.03169,0.09739,-0.05531,-0.00564,-0.01007,0.00859,0.01666,-0.02461,0.09030,-0.02239,-0.01359,-0.01308
0.700000,35,0.01414,0.03739,-0.03356,0.09194,-0.03394,-0.00228,-0.00497,0.04088,0.07130,-0.04212,0.10249,-0.06945,-0.00882,-0.01426,0.01182,0.02292,-0.03385,0.09423,-0.03080,-0.01870,-0.01800
0.800000,40,0.02253,0.05036,-0.04386,0.09652,-0.05683,-0.00266,-0.00840,0.04886,0.08532,-0.05380,0.10812,-0.08432,-0.01201,-0.02006,0.01549,0.03002,-0.04435,0.09868,-0.04035,-0.02449,-0.02358
0.900000,45,0.03055,0.06181,-0.05569,0.10339,-0.08163,-0.00266,-0.01184,0.05714,0.09995,-0.06638,0.11414,-0.10013,-0.01638,-0.02593,0.01947,0.03774,-0.05576,0.10352,-0.05072,-0.03079,-0.02964
1.000000,50,0.03779,0.07287,-0.06866,0.10835,-0.09078,-0.00381,-0.02328,0.06593,0.11498,-0.07955,0.12041,-0.11711,-0.02243,-0.03027,0.02365,0.04586,-0.06774,0.10860,-0.06163,-0.03741,-0.03601
1.100000,55,0.04352,0.08660,-0.08201,0.11483,-0.11329,-0.01067,-0.02671,0.07487,0.13023,-0.09305,0.12681,-0.13396,-0.02666,-0.03700,0.02796,0.05420,-0.08006,0.11382,-0.07283,-0.04421,-0.04256
1.200000,60,0.05076,0.10110,-0.09612,0.11941,-0.13541,-0.01678,-0.03472,0.08323,0.14559,-0.10671,0.13329,-0.15075,-0.03045,-0.04330,0.03231,0.06264,-0.09254,0.11912,-0.08419,-0.05111,-0.04920
1.300000,65,0.05954,0.11445,-0.10986,0.12704,-0.15792,-0.02555,-0.04617,0.09312,0.16100,-0.12044,0.13979,-0.16755,-0.03580,-0.04958,0.03670,0.07114,-0.10509,0.12444,-0.09560,-0.05804,-0.05587
1.400000,70,0.06831,0.12819,-0.12435,0.13276,-0.16555,-0.02822,-0.05494,0.10186,0.17642,-0.13419,0.14630,-0.18516,-0.04030,-0.05568,0.04108,0.07965,-0.11766,0.12977,-0.10704,-0.06498,-0.06255
1.500000,75,0.07518,0.14192,-0.13847,0.13963,-0.19073,-0.02898,-0.05723,0.11091,0.19184,-0.14794,0.15281,-0.20201,-0.04293,-0.06463,0.04547,0.08816,-0.13023,0.13510,-0.11847,-0.07192,-0.06923
1.600000,80,0.08014,0.15374,-0.15182,0.14611,-0.20980,-0.03051,-0.06105,0.11594,0.20034,-0.16050,0.15814,-0.21337,-0.05108,-0.07125,0.04986,0.09666,-0.14279,0.14043,-0.12990,-0.07886,-0.07591
1.700000,85,0.08700,0.16443,-0.16441,0.15031,-0.21400,-0.03280,-0.06791,0.11998,0.20884,-0.17305,0.16347,-0.22526,-0.05978,-0.07511,0.05424,0.10516,-0.15534,0.14576,-0.14132,-0.08579,-0.08259
1.800000,90,0.09120,0.17205,-0.17738,0.15680,-0.22773,-0.05035,-0.07020,0.12543,0.21734,-0.18561,0.16879,-0.23679,-0.06687,-0.08174,0.05863,0.11366,-0.16790,0.15108,-0.15274,-0.09273,-0.08926
1.900000,95,0.09196,0.17968,-0.18997,0.16290,-0.24032,-0.05454,-0.07669,0.12961,0.22585,-0.19817,0.17412,-0.24882,-0.07448,-0.08773,0.06301,0.12216,-0.18046,0.15641,-0.16417,-0.09966,-0.09594
2.000000,100,0.09196,0.18884,-0.20179,0.16633,-0.26016,-0.05988,-0.08546,0.13501,0.23435,-0.21074,0.17945,-0.25990,-0.08106,-0.09570,0.06740,0.13067,-0.19302,0.16174,-0.17560,-0.10660,-0.10262
2.100000,105,0.09730,0.19609,-0.21552,0.17053,-0.26550,-0.06293,-0.09690,0.13846,0.24286,-0.22331,0.18478,-0.27137,-0.08565,-0.10088,0.07179,0.13918,-0.20560,0.16707,-0.18704,-0.11355,-0.10930
2.200000,110,0.10760,0.20334,-0.22773,0.17778,-0.27008,-0.07552,-0.10606,0.14306,0.25138,-0.23589,0.19012,-0.28238,-0.09035,-0.10729,0.07619,0.14770,-0.21818,0.17241,-0.19849,-0.12050,-0.11599
2.300000,115,0.11447,0.20906,-0.23956,0.18312,-0.29182,-0.08086,-0.11026,0.14743,0.25991,-0.24849,0.19546,-0.29346,-0.09675,-0.11643,0.08059,0.15623,-0.23078,0.17775,-0.20995,-0.12745,-0.12269
2.400000,120,0.11943,0.21936,-0.25253,0.18770,-0.29563,-0.08201,-0.11369,0.15241,0.26845,-0.26111,0.20082,-0.30578,-0.10509,-0.12253,0.08499,0.16477,-0.24340,0.18310,-0.22143,-0.13442,-0.12940
2.500000,125,0.12172,0.22813,-0.26588,0.19227,-0.31776,-0.08926,-0.11483,0.15732,0.27701,-0.27374,0.20617,-0.31687,-0.11094,-0.13054,0.08940,0.17332,-0.25603,0.18846,-0.23292,-0.14140,-0.13611
2.600000,130,0.12248,0.23652,-0.27809,0.19914,-0.32196,-0.10108,-0.12628,0.16219,0.28557,-0.28640,0.21154,-0.32963,-0.11896,-0.13301,0.09382,0.18189,-0.26869,0.19383,-0.24444,-0.14839,-0.14284
2.700000,135,0.12477,0.24301,-0.29144,0.20372,-0.34370,-0.10604,-0.13276,0.16703,0.29416,-0.29908,0.21692,-0.34016,-0.12441,-0.14407,0.09825,0.19048,-0.28137,0.19921,-0.25598,-0.15540,-0.14959
2.800000,140,0.13011,0.25140,-0.30403,0.21097,-0.34675,-0.10909,-0.13925,0.17113,0.30275,-0.31180,0.22231,-0.35181,-0.13012,-0.14929,0.10269,0.19908,-0.29408,0.20460,-0.26754,-0.16242,-0.15635
2.900000,145,0.13736,0.25865,-0.31700,0.21554,-0.34828,-0.11710,-0.14726,0.17570,0.31136,-0.32454,0.22772,-0.36352,-0.13591,-0.15508,0.10714,0.20771,-0.30683,0.21001,-0.27914,-0.16946,-0.16312
3.000000,150,0.14270,0.26857,-0.32997,0.22317,-0.37002,-0.13084,-0.15870,0.18086,0.31994,-0.33732,0.23314,-0.37539,-0.14232,-0.16310,0.11160,0.21636,-0.31961,0.21543,-0.29076,-0.17651,-0.16992
3.100000,155,0.14766,0.27810,-0.34256,0.22584,-0.37536,-0.13313,-0.16214,0.18563,0.32863,-0.35014,0.23858,-0.38715,-0.15077,-0.16991,0.11608,0.22504,-0.33243,0.22087,-0.30243,-0.18359,-0.17673
3.200000,160,0.15338,0.28650,-0.35591,0.23156,-0.39673,-0.13503,-0.16595,0.18981,0.33731,-0.36301,0.24404,-0.39846,-0.15581,-0.17777,0.12057,0.23375,-0.34530,0.22632,-0.31413,-0.19070,-0.18357
3.300000,165,0.15567,0.29184,-0.36926,0.23843,-0.40130,-0.14381,-0.17320,0.19524,0.34600,-0.37592,0.24951,-0.41109,-0.16444,-0.18255,0.12508,0.24249,-0.35821,0.23180,-0.32588,-0.19783,-0.19043
3.400000,170,0.15758,0.30023,-0.38223,0.24263,-0.42267,-0.15601,-0.18121,0.20030,0.35471,-0.38888,0.25501,-0.42283,-0.17073,-0.19027,0.12961,0.25126,-0.37117,0.23730,-0.33767,-0.20499,-0.19733
3.500000,175,0.15910,0.31129,-0.39520,0.24911,-0.42839,-0.16021,-0.18464,0.20507,0.36347,-0.40189,0.26053,-0.43458,-0.17698,-0.19848,0.13415,0.26007,-0.38418,0.24282,-0.34951,-0.21218,-0.20424
3.600000,180,0.16559,0.32045,-0.40779,0.25331,-0.44861,-0.16403,-0.19113,0.20900,0.37231,-0.41497,0.26608,-0.44567,-0.18157,-0.20540,0.13872,0.26893,-0.39726,0.24836,-0.36140,-0.21940,-0.21120
3.700000,185,0.17284,0.32808,-0.42152,0.26056,-0.45280,-0.17471,-0.19990,0.21430,0.38114,-0.42811,0.27165,-0.45836,-0.18933,-0.21088,0.14331,0.27782,-0.41040,0.25394,-0.37335,-0.22665,-0.21818
3.800000,190,0.18047,0.33609,-0.43487,0.26552,-0.46882,-0.18348,-0.21058,0.21946,0.39001,-0.44131,0.27725,-0.47018,-0.19648,-0.21917,0.14792,0.28676,-0.42360,0.25954,-0.38537,-0.23395,-0.22520
3.900000,195,0.18619,0.34334,-0.44822,0.27162,-0.47569,-0.18691,-0.21516,0.22406,0.39899,-0.45459,0.28288,-0.48250,-0.20383,-0.22635,0.15255,0.29575,-0.43688,0.26517,-0.39745,-0.24128,-0.23226
4.000000,200,0.19115,0.35326,-0.46158,0.27734,-0.48485,-0.19187,-0.21936,0.22900,0.40794,-0.46795,0.28855,-0.49457,-0.20976,-0.23324,0.15722,0.30479,-0.45024,0.27084,-0.40960,-0.24866,-0.23936
4.100000,205,0.19115,0.36317,-0.47493,0.28306,-0.50316,-0.20217,-0.22851,0.23413,0.41696,-0.48139,0.29425,-0.50751,-0.21827,-0.23987,0.16191,0.31389,-0.46368,0.27654,-0.42183,-0.25608,-0.24651
4.200000,210,0.19153,0.37233,-0.48904,0.28917,-0.50621,-0.21209,-0.23614,0.23951,0.42606,-0.49492,0.29999,-0.52004,-0.22585,-0.24662,0.16663,0.32305,-0.47720,0.28227,-0.43413,-0.26355,-0.25370
4.300000,215,0.19687,0.38034,-0.50316,0.29451,-0.52757,-0.21552,-0.24034,0.24367,0.43530,-0.50854,0.30576,-0.53130,-0.23104,-0.25570,0.17139,0.33227,-0.49083,0.28805,-0.44653,-0.27107,-0.26094
4.400000,220,0.20564,0.38873,-0.51689,0.30061,-0.53139,-0.22315,-0.24377,0.24887,0.44449,-0.52226,0.31158,-0.54391,-0.23728,-0.26255,0.17618,0.34156,-0.50455,0.29387,-0.45901,-0.27865,-0.26824
4.500000,225,0.21251,0.39941,-0.53100,0.30824,-0.55504,-0.23536,-0.24644,0.25377,0.45370,-0.53609,0.31745,-0.55648,-0.24373,-0.27078,0.18101,0.35092,-0.51838,0.29974,-0.47159,-0.28629,-0.27559
4.600000,230,0.21899,0.40895,-0.54512,0.31358,-0.55847,-0.23879,-0.26323,0.25914,0.46301,-0.55003,0.32336,-0.57000,-0.25241,-0.27610,0.18588,0.36036,-0.53232,0.30565,-0.48428,-0.29399,-0.28300
4.700000,235,0.22434,0.41887,-0.55847,0.31854,-0.58022,-0.24528,-0.27429,0.26420,0.47251,-0.56410,0.32933,-0.58257,-0.25961,-0.28437,0.19079,0.36988,-0.54639,0.31162,-0.49707,-0.30176,-0.29048
4.800000,240,0.22472,0.42574,-0.57335,0.32579,-0.58517,-0.25711,-0.28573,0.27017,0.48199,-0.57829,0.33535,-0.59619,-0.26888,-0.29085,0.19575,0.37949,-0.56058,0.31764,-0.50998,-0.30960,-0.29802
4.900000,245,0.22701,0.43565,-0.58746,0.33151,-0.60654,-0.26435,-0.28840,0.27478,0.49168,-0.59262,0.34143,-0.60840,-0.27488,-0.30055,0.20075,0.38919,-0.57491,0.32372,-0.52302,-0.31751,-0.30564
5.000000,250,0.23425,0.44672,-0.60310,0.33800,-0.61035,-0.26626,-0.29298,0.27976,0.50134,-0.60710,0.34757,-0.62121,-0.28062,-0.30851,0.20581,0.39899,-0.58939,0.32986,-0.53619,-0.32550,-0.31334
5.100000,255,0.24417,0.45778,-0.61684,0.34486,-0.63248,-0.27923,-0.29413,0.28533,0.51109,-0.62173,0.35377,-0.63463,-0.28765,-0.31714,0.21092,0.40889,-0.60402,0.33606,-0.54950,-0.33359,-0.32112
5.200000,260,0.24989,0.46694,-0.63171,0.35059,-0.64125,-0.28915,-0.29794,0.29077,0.52094,-0.63653,0.36005,-0.64825,-0.29598,-0.32465,0.21608,0.41891,-0.61882,0.34234,-0.56297,-0.34176,-0.32899
5.300000,265,0.25485,0.47456,-0.64735,0.35860,-0.65956,-0.29220,-0.31549,0.29666,0.53095,-0.65151,0.36640,-0.66285,-0.30601,-0.33097,0.22131,0.42905,-0.63379,0.34869,-0.57659,-0.35003,-0.33695
5.400000,270,0.25752,0.48563,-0.66261,0.36546,-0.66261,-0.30136,-0.32121,0.30217,0.54104,-0.66667,0.37284,-0.67670,-0.31378,-0.33937,0.22661,0.43931,-0.64896,0.35512,-0.59039,-0.35841,-0.34501
5.500000,275,0.25829,0.49822,-0.67711,0.37233,-0.68550,-0.31509,-0.33762,0.30811,0.55098,-0.68204,0.37935,-0.69109,-0.32105,-0.34705,0.23197,0.44972,-0.66433,0.36164,-0.60437,-0.36689,-0.35318
5.600000,280,0.26668,0.50737,-0.69351,0.37691,-0.69580,-0.31700,-0.34257,0.31350,0.56164,-0.69762,0.38596,-0.70393,-0.32796,-0.35747,0.23742,0.46027,-0.67991,0.36825,-0.61854,-0.37550,-0.36146
5.700000,285,0.27583,0.51691,-0.70954,0.38492,-0.71449,-0.32768,-0.34906,0.31879,0.57214,-0.71344,0.39267,-0.71847,-0.33504,-0.36506,0.24294,0.47097,-0.69572,0.37496,-0.63293,-0.38423,-0.36987
5.800000,290,0.28575,0.52645,-0.72479,0.39255,-0.73319,-0.33760,-0.35364,0.32564,0.58257,-0.72950,0.39948,-0.73326,-0.34442,-0.37583,0.24855,0.48185,-0.71179,0.38177,-0.64754,-0.39310,-0.37841
5.900000,295,0.29033,0.53865,-0.74158,0.39941,-0.75035,-0.34942,-0.36699,0.33147,0.59340,-0.74583,0.40641,-0.74906,-0.35451,-0.38228,0.25425,0.49290,-0.72812,0.38870,-0.66240,-0.40212,-0.38709
6.000000,300,0.29109,0.55086,-0.75798,0.40590,-0.76485,-0.35972,-0.37195,0.33783,0.60428,-0.76246,0.41347,-0.76443,-0.36316,-0.39163,0.26006,0.50416,-0.74475,0.39575,-0.67753,-0.41131,-0.39594
6.100000,305,0.29109,0.55925,-0.77553,0.41353,-0.77210,-0.36659,-0.38683,0.34406,0.61554,-0.77944,0.42067,-0.78018,-0.37325,-0.39961,0.26599,0.51565,-0.76173,0.40295,-0.69297,-0.42068,-0.40496
6.200000,310,0.29720,0.56955,-0.79346,0.42001,-0.79308,-0.37384,-0.39827,0.34974,0.62721,-0.79682,0.42804,-0.79535,-0.38068,-0.40933,0.27206,0.52742,-0.77911,0.41033,-0.70879,-0.43028,-0.41420
6.300000,315,0.30940,0.58481,-0.81101,0.42879,-0.81559,-0.38223,-0.40514,0.35613,0.63860,-0.81471,0.43563,-0.81077,-0.38646,-0.42093,0.27830,0.53953,-0.79700,0.41792,-0.72507,-0.44017,-0.42371
6.400000,320,0.32390,0.59664,-0.82817,0.43794,-0.82016,-0.39634,-0.41391,0.36315,0.65076,-0.83325,0.44349,-0.82827,-0.39762,-0.42955,0.28478,0.55208,-0.81554,0.42578,-0.74193,-0.45041,-0.43357
6.500000,325,0.32962,0.60808,-0.84763,0.44595,-0.84267,-0.40397,-0.42078,0.37050,0.66367,-0.85262,0.45171,-0.84632,-0.40956,-0.44148,0.29154,0.56520,-0.83491,0.43400,-0.75956,-0.46110,-0.44387
6.600000,330,0.33458,0.62220,-0.86785,0.45320,-0.86785,-0.41542,-0.42650,0.37840,0.67658,-0.87302,0.46036,-0.86501,-0.42054,-0.45247,0.29866,0.57901,-0.85531,0.44265,-0.77811,-0.47237,-0.45471
6.700000,335,0.34069,0.63593,-0.88883,0.46274,-0.89150,-0.42495,-0.43871,0.38590,0.69077,-0.89462,0.46952,-0.88498,-0.43210,-0.46328,0.30621,0.59363,-0.87691,0.45181,-0.79776,-0.48430,-0.46620
6.800000,340,0.34641,0.64966,-0.91134,0.47342,-0.90371,-0.44250,-0.45206,0.39477,0.70532,-0.91753,0.47924,-0.90608,-0.44456,-0.47474,0.31421,0.60913,-0.89982,0.46153,-0.81860,-0.49695,-0.47837
6.900000,345,0.35747,0.66454,-0.93499,0.48448,-0.92927,-0.45013,-0.46770,0.40344,0.71988,-0.94173,0.48950,-0.92802,-0.45503,-0.48903,0.32266,0.62552,-0.92402,0.47179,-0.84062,-0.51032,-0.49124
7.000000,350,0.37158,0.68132,-0.95940,0.49516,-0.94948,-0.46921,-0.47304,0.41290,0.73581,-0.96711,0.50027,-0.95118,-0.46779,-0.50289,0.33152,0.64270,-0.94940,0.48256,-0.86371,-0.52433,-0.50473
7.100000,355,0.37883,0.69658,-0.98534,0.50699,-0.97657,-0.48027,-0.49021,0.42238,0.75206,-0.99345,0.51144,-0.97570,-0.48256,-0.51633,0.34071,0.66053,-0.97574,0.49373,-0.88767,-0.53888,-0.51873
7.200000,360,0.38494,0.71375,-1.01319,0.51805,-0.99984,-0.49553,-0.51309,0.43289,0.76683,-1.02049,0.52291,-1.00079,-0.49619,-0.53077,0.35016,0.67884,-1.00278,0.50520,-0.91228,-0.55381,-0.53311
7.300000,365,0.39638,0.73015,-1.04066,0.52912,-1.02578,-0.50926,-0.52797,0.44269,0.78411,-1.04801,0.53458,-1.02565,-0.51033,-0.54541,0.35977,0.69747,-1.03030,0.51687,-0.93731,-0.56901,-0.54774
7.400000,370,0.40859,0.74885,-1.06812,0.54209,-1.05324,-0.52872,-0.53331,0.45272,0.79922,-1.07582,0.54638,-1.05088,-0.52337,-0.56098,0.36948,0.71629,-1.05810,0.52866,-0.96260,-0.58437,-0.56253
7.500000,375,0.42232,0.76334,-1.09597,0.55429,-1.07995,-0.54245,-0.55239,0.46293,0.81398,-1.10377,0.55823,-1.07707,-0.53833,-0.57316,0.37924,0.73521,-1.08606,0.54052,-0.98804,-0.59981,-0.57739
7.600000,380,0.42957,0.77860,-1.12496,0.56688,-1.10856,-0.55466,-0.57260,0.47381,0.82489,-1.13180,0.57012,-1.10356,-0.55365,-0.58656,0.38903,0.75418,-1.11409,0.55241,-1.01353,-0.61528,-0.59229
7.700000,385,0.43911,0.79043,-1.15319,0.57718,-1.13374,-0.57144,-0.58290,0.48397,0.83581,-1.15985,0.58202,-1.12916,-0.56663,-0.60008,0.39882,0.77318,-1.14214,0.56431,-1.03906,-0.63078,-0.60720
7.800000,390,0.45322,0.80187,-1.18218,0.59015,-1.15929,-0.58365,-0.58901,0.49423,0.83751,-1.18791,0.59392,-1.15533,-0.57907,-0.61289,0.40862,0.79217,-1.17020,0.57621,-1.06458,-0.64627,-0.62212
7.900000,395,0.46657,0.80454,-1.20927,0.60121,-1.18295,-0.59738,-0.60656,0.50597,0.80438,-1.21591,0.60581,-1.18325,-0.59077,-0.61880,0.41841,0.81115,-1.19823,0.58810,-1.09008,-0.66175,-0.63702
8.000000,400,0.47535,0.79310,-1.23712,0.61266,-1.21194,-0.60577,-0.61800,0.51833,0.74867,-1.24330,0.61768,-1.21233,-0.59858,-0.61674,0.42818,0.83009,-1.22621,0.59997,-1.11554,-0.67721,-0.65190
8.100000,405,0.48450,0.76410,-1.26573,0.62525,-1.23979,-0.61188,-0.62906,0.52855,0.75833,-1.27023,0.62951,-1.23787,-0.61204,-0.62615,0.43792,0.84897,-1.25411,0.61180,-1.14092,-0.69262,-0.66673
8.200000,410,0.49518,0.74579,-1.29281,0.64203,-1.27870,-0.63362,-0.62983,0.53866,0.77399,-1.29713,0.64127,-1.26304,-0.62683,-0.64136,0.44760,0.86775,-1.28184,0.62356,-1.16615,-0.70793,-0.68147
8.300000,415,0.50548,0.75190,-1.31875,0.65157,-1.29167,-0.65155,-0.63440,0.54716,0.79026,-1.31642,0.65293,-1.28755,-0.64219,-0.65339,0.45720,0.88635,-1.30932,0.63522,-1.19114,-0.72311,-0.69608
8.400000,420,0.50663,0.77135,-1.32791,0.66187,-1.31570,-0.66528,-0.64508,0.54216,0.81655,-1.31972,0.66455,-1.29651,-0.67427,-0.65901,0.46660,0.90464,-1.33630,0.64684,-1.21564,-0.73795,-0.71044
8.500000,425,0.51006,0.79920,-1.33973,0.67446,-1.33401,-0.68436,-0.65615,0.55064,0.81802,-1.33460,0.68705,-1.30218,-0.66562,-0.66689,0.47056,0.91783,-1.35226,0.66934,-1.22558,-0.74177,-0.71981
8.600000,430,0.51616,0.81789,-1.34851,0.69964,-1.33554,-0.68207,-0.66072,0.54547,0.82408,-1.33352,0.72659,-1.29011,-0.64830,-0.66659,0.46602,0.92592,-1.35123,0.70888,-1.21405,-0.72930,-0.72177
8.700000,435,0.51845,0.82056,-1.34813,0.74083,-1.33477,-0.67940,-0.67484,0.54003,0.83178,-1.33121,0.76646,-1.27834,-0.63680,-0.66586,0.46095,0.93349,-1.34892,0.74875,-1.20113,-0.71632,-0.72348
8.800000,440,0.51807,0.82056,-1.34813,0.78242,-1.33363,-0.67482,-0.67522,0.53494,0.83871,-1.32894,0.80506,-1.26581,-0.62561,-0.66812,0.45606,0.94034,-1.34665,0.78735,-1.18837,-0.70411,-0.72555
8.900000,445,0.51769,0.82323,-1.34813,0.81942,-1.31990,-0.66643,-0.67827,0.53001,0.84386,-1.32669,0.84220,-1.25403,-0.61511,-0.66921,0.45140,0.94554,-1.34440,0.82449,-1.17551,-0.69253,-0.72791
9.000000,450,0.51769,0.83201,-1.34813,0.85566,-1.30006,-0.64812,-0.67865,0.52532,0.84756,-1.32446,0.87778,-1.24159,-0.60507,-0.67171,0.44699,0.94928,-1.34217,0.86007,-1.16269,-0.68165,-0.73055
9.100000,455,0.51769,0.84269,-1.34813,0.88885,-1.27755,-0.62714,-0.68209,0.52127,0.84993,-1.32224,0.91173,-1.22964,-0.59569,-0.67474,0.44280,0.95190,-1.33996,0.89402,-1.15009,-0.67153,-0.73344
9.200000,460,0.51731,0.84879,-1.34774,0.92204,-1.25161,-0.61722,-0.68552,0.51685,0.85165,-1.32005,0.94403,-1.21815,-0.58804,-0.67525,0.43883,0.95341,-1.33776,0.92632,-1.13774,-0.66217,-0.73655
9.300000,465,0.51693,0.84879,-1.34660,0.95370,-1.22872,-0.60349,-0.68590,0.51275,0.85226,-1.31786,0.97471,-1.20625,-0.58082,-0.67818,0.43507,0.95385,-1.33558,0.95699,-1.12567,-0.65354,-0.73986
9.400000,470,0.51502,0.84879,-1.34545,0.98345,-1.22071,-0.59624,-0.68628,0.50932,0.85164,-1.31569,1.00380,-1.19489,-0.57401,-0.68125,0.43151,0.95327,-1.33341,0.98609,-1.11387,-0.64561,-0.74334
9.500000,475,0.50930,0.84879,-1.34126,1.01206,-1.19935,-0.58517,-0.68972,0.50576,0.85006,-1.31353,1.03139,-1.18413,-0.56840,-0.68425,0.42814,0.95171,-1.33125,1.01367,-1.10237,-0.63833,-0.74697
9.600000,480,0.50358,0.84879,-1.33935,1.03800,-1.18218,-0.57373,-0.69315,0.50229,0.84769,-1.31138,1.05753,-1.17376,-0.56331,-0.68650,0.42494,0.94921,-1.32910,1.03982,-1.09114,-0.63169,-0.75074
9.700000,485,0.49862,0.84879,-1.33859,1.06280,-1.17265,-0.56686,-0.69658,0.49946,0.84424,-1.30924,1.08230,-1.16254,-0.55785,-0.69064,0.42190,0.94581,-1.32695,1.06458,-1.08020,-0.62565,-0.75463
9.800000,490,0.49823,0.84841,-1.33477,1.08721,-1.15815,-0.56648,-0.69697,0.49605,0.84007,-1.30711,1.10574,-1.15250,-0.55331,-0.69328,0.41900,0.94155,-1.32482,1.08803,-1.06953,-0.62018,-0.75863
9.900000,495,0.49785,0.84841,-1.33477,1.10972,-1.14671,-0.55389,-0.70116,0.49368,0.83499,-1.30499,1.12792,-1.14211,-0.54980,-0.69803,0.41625,0.93646,-1.32270,1.11021,-1.05915,-0.61525,-0.76273
10.000000,500,0.49823,0.84841,-1.33248,1.13108,-1.13908,-0.54893,-0.70498,0.49089,0.82908,-1.30289,1.14887,-1.13250,-0.54625,-0.70111,0.41364,0.93056,-1.32060,1.13116,-1.04904,-0.61085,-0.76692
10.100000,505,0.49823,0.84841,-1.32829,1.15092,-1.12077,-0.54436,-0.70841,0.48847,0.82247,-1.30080,1.16865,-1.12289,-0.54366,-0.70510,0.41115,0.92391,-1.31851,1.15094,-1.03922,-0.60694,-0.77118
10.200000,510,0.49785,0.84765,-1.32829,1.16999,-1.10665,-0.54169,-0.71184,0.48608,0.81495,-1.29873,1.18714,-1.11409,-0.54177,-0.70833,0.40880,0.91633,-1.31645,1.16943,-1.02967,-0.60353,-0.77550
10.300000,515,0.49633,0.84727,-1.32600,1.18716,-1.09788,-0.53978,-0.71451,0.48439,0.80562,-1.29670,1.20383,-1.10513,-0.54029,-0.71248,0.40668,0.90710,-1.31442,1.18612,-1.02035,-0.60067,-0.77983
10.400000,520,0.48794,0.84078,-1.32142,1.20242,-1.09406,-0.53635,-0.73130,0.48270,0.79546,-1.29470,1.21919,-1.09708,-0.54133,-0.71540,0.40471,0.89678,-1.31242,1.20147,-1.01128,-0.59829,-0.78419
10.500000,525,0.48183,0.82896,-1.32066,1.21692,-1.07461,-0.53215,-0.73435,0.48005,0.78560,-1.29272,1.23409,-1.08803,-0.54067,-0.71909,0.40275,0.88645,-1.31043,1.21638,-1.00249,-0.59626,-0.78864
10.600000,530,0.48145,0.81904,-1.31951,1.23103,-1.06812,-0.52719,-0.73855,0.47835,0.77514,-1.29075,1.24863,-1.07915,-0.53832,-0.72436,0.40078,0.87615,-1.30846,1.23092,-0.99398,-0.59458,-0.79320
10.700000,535,0.48145,0.80836,-1.31570,1.24553,-1.04867,-0.52490,-0.73893,0.47619,0.76444,-1.28880,1.26234,-1.07126,-0.53833,-0.72814,0.39889,0.86529,-1.30651,1.24463,-0.98572,-0.59329,-0.79781
10.800000,540,0.48145,0.79767,-1.31456,1.25812,-1.04256,-0.52490,-0.74618,0.47481,0.75288,-1.28689,1.27514,-1.06353,-0.53884,-0.73251,0.39708,0.85374,-1.30460,1.25742,-0.97771,-0.59239,-0.80247
10.900000,545,0.48145,0.78966,-1.31379,1.27109,-1.04218,-0.52452,-0.74656,0.47323,0.74071,-1.28501,1.28701,-1.05580,-0.53892,-0.73727,0.39535,0.84153,-1.30272,1.26929,-0.96996,-0.59187,-0.80715
11.000000,550,0.48107,0.77860,-1.31227,1.28024,-1.04066,-0.52452,-0.75838,0.47149,0.72803,-1.28317,1.29795,-1.04872,-0.54053,-0.74076,0.39371,0.82866,-1.30089,1.28024,-0.96248,-0.59172,-0.81186
11.100000,555,0.48107,0.76754,-1.30845,1.29130,-1.03646,-0.52452,-0.76105,0.46987,0.71489,-1.28139,1.30798,-1.04158,-0.54251,-0.74523,0.39215,0.81518,-1.29910,1.29027,-0.95528,-0.59194,-0.81657
11.200000,560,0.47840,0.75342,-1.30616,1.30008,-1.01700,-0.52605,-0.76410,0.46904,0.70070,-1.27966,1.31708,-1.03567,-0.54574,-0.74919,0.39068,0.80110,-1.29737,1.29937,-0.94838,-0.59250,-0.82127
11.300000,565,0.47001,0.74122,-1.30197,1.30923,-1.01586,-0.52605,-0.76449,0.46793,0.68624,-1.27799,1.32527,-1.02915,-0.54892,-0.75385,0.38930,0.78644,-1.29570,1.30756,-0.94177,-0.59341,-0.82596
11.400000,570,0.46428,0.72786,-1.30197,1.31496,-1.01205,-0.52605,-0.76449,0.46637,0.67143,-1.27638,1.33254,-1.02271,-0.55092,-0.75803,0.38800,0.77124,-1.29409,1.31483,-0.93547,-0.59465,-0.83063
11.500000,575,0.46467,0.71375,-1.30082,1.32258,-0.99946,-0.52795,-0.76868,0.46482,0.65579,-1.27484,1.33890,-1.01689,-0.55277,-0.76172,0.38678,0.75549,-1.29255,1.32119,-0.92948,-0.59621,-0.83527
11.600000,580,0.46467,0.69658,-1.30006,1.32716,-0.99297,-0.53062,-0.77631,0.46430,0.63943,-1.27337,1.34433,-1.01126,-0.55555,-0.76651,0.38566,0.73922,-1.29108,1.32662,-0.92381,-0.59808,-0.83987
11.700000,585,0.46467,0.68361,-1.29815,1.33327,-0.99030,-0.53368,-0.78814,0.46351,0.62244,-1.27198,1.34887,-1.00629,-0.55776,-0.77074,0.38462,0.72245,-1.28969,1.33116,-0.91845,-0.60024,-0.84442
11.800000,590,0.46467,0.66874,-1.29548,1.33670,-0.99030,-0.54054,-0.79119,0.46293,0.60561,-1.27067,1.35252,-1.00116,-0.56191,-0.77509,0.38367,0.70521,-1.28838,1.33481,-0.91341,-0.60267,-0.84891
11.900000,595,0.46467,0.65195,-1.29510,1.33899,-0.98916,-0.54703,-0.79539,0.46210,0.58822,-1.26944,1.35528,-0.99651,-0.56619,-0.77929,0.38280,0.68750,-1.28715,1.33757,-0.90868,-0.60538,-0.85335
12.000000,600,0.46467,0.63517,-1.29510,1.34204,-0.98916,-0.55275,-0.80492,0.46146,0.57008,-1.26829,1.35716,-0.99240,-0.57025,-0.78309,0.38202,0.66934,-1.28600,1.33944,-0.90427,-0.60833,-0.85773
12.100000,605,0.46467,0.61609,-1.29319,1.34318,-0.96856,-0.55389,-0.80950,0.46055,0.55221,-1.26723,1.35815,-0.98840,-0.57561,-0.78685,0.38133,0.65073,-1.28494,1.34044,-0.90017,-0.61154,-0.86204
12.200000,610,0.45894,0.60083,-1.28785,1.34395,-0.96627,-0.56152,-0.81179,0.46071,0.53315,-1.26625,1.35827,-0.98516,-0.58217,-0.79077,0.38073,0.63168,-1.28397,1.34056,-0.89639,-0.61497,-0.86628
12.300000,615,0.45284,0.58443,-1.28709,1.34395,-0.96398,-0.57449,-0.81370,0.46050,0.51372,-1.26537,1.35750,-0.98158,-0.58540,-0.79489,0.38021,0.61218,-1.28308,1.33979,-0.89291,-0.61863,-0.87045
12.400000,620,0.45093,0.56459,-1.28671,1.34395,-0.96360,-0.57678,-0.81713,0.45997,0.49431,-1.26458,1.35585,-0.97804,-0.58965,-0.79919,0.37979,0.59226,-1.28229,1.33814,-0.88973,-0.62250,-0.87454
12.500000,625,0.45093,0.54514,-1.28480,1.34395,-0.96360,-0.57907,-0.81675,0.45973,0.47434,-1.26388,1.35329,-0.97511,-0.59413,-0.80314,0.37947,0.57191,-1.28159,1.33558,-0.88687,-0.62657,-0.87855
12.600000,630,0.45093,0.52606,-1.28327,1.34395,-0.96398,-0.58327,-0.81980,0.45987,0.45375,-1.26335,1.34931,-0.97295,-0.59885,-0.80648,0.37936,0.55130,-1.28106,1.33160,-0.88445,-0.63076,-0.88230
12.700000,635,0.45093,0.50890,-1.28251,1.34357,-0.96360,-0.58975,-0.82056,0.46038,0.43290,-1.26302,1.34356,-0.97119,-0.60324,-0.80979,0.37952,0.53055,-1.28074,1.32585,-0.88255,-0.63500,-0.88567
12.800000,640,0.45093,0.48792,-1.28251,1.33975,-0.96322,-0.59853,-0.82781,0.46062,0.41245,-1.26277,1.33717,-0.96956,-0.60902,-0.81265,0.37974,0.50943,-1.28048,1.31945,-0.88088,-0.63941,-0.88901
12.900000,645,0.45093,0.46770,-1.28213,1.33327,-0.96322,-0.60501,-0.82972,0.46102,0.39095,-1.26246,1.33101,-0.96800,-0.61470,-0.81618,0.37983,0.48773,-1.28017,1.31329,-0.87921,-0.64409,-0.89262
13.000000,650,0.45093,0.44824,-1.28213,1.32793,-0.95902,-0.60577,-0.83659,0.46127,0.36904,-1.26218,1.32440,-0.96672,-0.62015,-0.81943,0.37994,0.46554,-1.27989,1.30669,-0.87773,-0.64899,-0.89631
13.100000,655,0.45093,0.42688,-1.28213,1.32144,-0.95559,-0.61226,-0.83887,0.46166,0.34698,-1.26199,1.31684,-0.96564,-0.62646,-0.82250,0.38014,0.44283,-1.27970,1.29913,-0.87651,-0.65405,-0.89994
13.200000,660,0.45093,0.40475,-1.28175,1.31305,-0.94109,-0.62637,-0.84307,0.46248,0.32335,-1.26189,1.30818,-0.96490,-0.63227,-0.82589,0.38047,0.41940,-1.27960,1.29047,-0.87558,-0.65933,-0.90352
13.300000,665,0.45093,0.38339,-1.28022,1.30427,-0.94109,-0.63057,-0.84650,0.46323,0.29963,-1.26193,1.29796,-0.96423,-0.63844,-0.82956,0.38099,0.39510,-1.27965,1.28024,-0.87500,-0.66480,-0.90697
13.400000,670,0.45093,0.35974,-1.28022,1.29245,-0.94071,-0.63438,-0.85413,0.46417,0.27530,-1.26220,1.28544,-0.96403,-0.64531,-0.83253,0.38184,0.36989,-1.27992,1.26773,-0.87489,-0.67043,-0.91015
13.500000,675,0.45093,0.33685,-1.28022,1.27910,-0.94109,-0.64697,-0.85451,0.46547,0.24836,-1.26253,1.27167,-0.96438,-0.65133,-0.83557,0.38275,0.34319,-1.28024,1.25396,-0.87503,-0.67649,-0.91348
13.600000,680,0.45093,0.31206,-1.27984,1.26498,-0.94109,-0.65460,-0.86214,0.46535,0.22759,-1.26111,1.26652,-0.96201,-0.65383,-0.83951,0.38317,0.32124,-1.27883,1.24881,-0.87320,-0.68100,-0.91692
13.700000,685,0.45093,0.29336,-1.27679,1.26384,-0.94109,-0.65537,-0.86520,0.46331,0.22827,-1.25471,1.28730,-0.95296,-0.64359,-0.84333,0.38276,0.32051,-1.27243,1.26959,-0.86554,-0.67863,-0.91865
13.800000,690,0.45093,0.28840,-1.26763,1.27948,-0.94033,-0.65460,-0.86596,0.46211,0.23714,-1.24595,1.32002,-0.94251,-0.63299,-0.84475,0.38208,0.33051,-1.26366,1.30231,-0.85518,-0.67274,-0.91922
13.900000,695,0.45093,0.28917,-1.25848,1.30771,-0.93689,-0.65384,-0.86825,0.46114,0.24729,-1.23693,1.35372,-0.93213,-0.62736,-0.84498,0.38139,0.34092,-1.25465,1.33601,-0.84452,-0.66666,-0.91978
14.000000,700,0.45093,0.29108,-1.24894,1.34280,-0.93499,-0.65270,-0.86863,0.46016,0.25773,-1.22793,1.38739,-0.92154,-0.62264,-0.84566,0.38069,0.35133,-1.24564,1.36968,-0.83387,-0.66058,-0.92035
14.100000,705,0.45093,0.29985,-1.24017,1.37599,-0.91172,-0.64888,-0.86825,0.45863,0.26921,-1.21949,1.41933,-0.91135,-0.61812,-0.84590,0.38004,0.36239,-1.23721,1.40161,-0.82381,-0.65462,-0.92058
14.200000,710,0.45093,0.31244,-1.23254,1.40651,-0.90676,-0.64621,-0.86863,0.45601,0.29324,-1.21496,1.44155,-0.90298,-0.61410,-0.84556,0.37949,0.38267,-1.23267,1.42384,-0.81741,-0.64864,-0.91788
14.300000,715,0.45093,0.32922,-1.22987,1.42902,-0.89074,-0.64545,-0.86825,0.45394,0.32407,-1.21391,1.45577,-0.89907,-0.61123,-0.84203,0.37882,0.41101,-1.23162,1.43805,-0.81439,-0.64277,-0.91305
14.400000,720,0.45093,0.35707,-1.22987,1.44199,-0.88540,-0.62790,-0.86863,0.45340,0.34870,-1.21333,1.46816,-0.89668,-0.60437,-0.83887,0.37815,0.43877,-1.23104,1.45044,-0.81212,-0.63729,-0.90829
14.500000,725,0.45093,0.38721,-1.22987,1.45267,-0.88501,-0.62027,-0.86825,0.45243,0.37437,-1.21278,1.47994,-0.89480,-0.59960,-0.83396,0.37741,0.46481,-1.23049,1.46223,-0.81019,-0.63228,-0.90401
14.600000,730,0.45093,0.40895,-1.22987,1.46488,-0.88501,-0.61951,-0.86748,0.45164,0.40010,-1.21246,1.48987,-0.89294,-0.59588,-0.82956,0.37695,0.48992,-1.23017,1.47216,-0.80871,-0.62743,-0.89953
14.700000,735,0.45093,0.42574,-1.22987,1.47479,-0.88540,-0.61760,-0.86024,0.45116,0.42545,-1.21238,1.49805,-0.89124,-0.59274,-0.82579,0.37676,0.51439,-1.23009,1.48034,-0.80767,-0.62271,-0.89479
14.800000,740,0.45055,0.44710,-1.22987,1.48395,-0.88501,-0.60539,-0.85909,0.45064,0.44861,-1.21243,1.50521,-0.89050,-0.58817,-0.82128,0.37669,0.53820,-1.23014,1.48750,-0.80698,-0.61816,-0.88999
14.900000,745,0.45055,0.47189,-1.22949,1.49043,-0.88501,-0.59662,-0.84498,0.45068,0.47063,-1.21261,1.51144,-0.88982,-0.58230,-0.81733,0.37674,0.56153,-1.23032,1.49373,-0.80662,-0.61377,-0.88512
15.000000,750,0.45093,0.49249,-1.22949,1.49501,-0.88540,-0.59357,-0.83315,0.45028,0.49352,-1.21292,1.51678,-0.88954,-0.57782,-0.81221,0.37689,0.58445,-1.23063,1.49907,-0.80660,-0.60953,-0.88016
15.100000,755,0.45093,0.51081,-1.22949,1.50226,-0.88501,-0.58060,-0.82209,0.45003,0.51719,-1.21335,1.52127,-0.88895,-0.57420,-0.80831,0.37714,0.60704,-1.23107,1.50355,-0.80690,-0.60543,-0.87508
15.200000,760,0.45055,0.53064,-1.22949,1.50569,-0.88501,-0.57373,-0.80759,0.45003,0.53870,-1.21392,1.52493,-0.88960,-0.56999,-0.80307,0.37750,0.62932,-1.23163,1.50721,-0.80754,-0.60149,-0.86990
15.300000,765,0.45055,0.55010,-1.22949,1.50951,-0.88540,-0.56992,-0.80759,0.45007,0.55973,-1.21461,1.52772,-0.89090,-0.56587,-0.79704,0.37795,0.65129,-1.23232,1.51001,-0.80852,-0.59772,-0.86458
15.400000,770,0.45093,0.56917,-1.22987,1.51332,-0.88540,-0.56686,-0.80416,0.45037,0.58105,-1.21542,1.52969,-0.89197,-0.56155,-0.79189,0.37850,0.67295,-1.23314,1.51198,-0.80985,-0.59412,-0.85913
15.500000,775,0.45093,0.58824,-1.22949,1.51447,-0.88540,-0.56610,-0.79386,0.45081,0.60270,-1.21636,1.53083,-0.89281,-0.55767,-0.78765,0.37914,0.69431,-1.23407,1.51312,-0.81153,-0.59072,-0.85356
15.600000,780,0.45093,0.60617,-1.22949,1.51599,-0.88540,-0.55618,-0.78203,0.45073,0.62396,-1.21743,1.53112,-0.89442,-0.55435,-0.78237,0.37987,0.71534,-1.23514,1.51341,-0.81356,-0.58751,-0.84786
15.700000,785,0.45093,0.62525,-1.22987,1.51676,-0.88578,-0.55084,-0.78127,0.45144,0.64371,-1.21859,1.53073,-0.89707,-0.55116,-0.77609,0.38066,0.73605,-1.23630,1.51302,-0.81592,-0.58453,-0.84209
15.800000,790,0.45055,0.64394,-1.22987,1.51714,-0.88578,-0.54893,-0.77593,0.45192,0.66394,-1.21974,1.53052,-0.89925,-0.54773,-0.77094,0.38133,0.75649,-1.23745,1.51280,-0.81841,-0.58181,-0.83654
15.900000,795,0.45093,0.66225,-1.22987,1.51714,-0.88692,-0.54665,-0.75800,0.45220,0.68389,-1.22090,1.53030,-0.90129,-0.54417,-0.76659,0.38192,0.77663,-1.23861,1.51258,-0.82107,-0.57934,-0.83116
16.000000,800,0.45093,0.67942,-1.22987,1.51714,-0.88883,-0.54359,-0.75533,0.45245,0.70332,-1.22223,1.52872,-0.90436,-0.54189,-0.76050,0.38270,0.79628,-1.23994,1.51101,-0.82418,-0.57712,-0.82550
16.100000,805,0.45093,0.69544,-1.22987,1.51714,-0.88959,-0.54130,-0.75419,0.45331,0.72214,-1.22379,1.52528,-0.90760,-0.53920,-0.75496,0.38376,0.81537,-1.24150,1.50757,-0.82785,-0.57515,-0.81941
16.200000,810,0.45093,0.71375,-1.22987,1.51676,-0.88997,-0.54016,-0.74503,0.45447,0.74032,-1.22548,1.52067,-0.91115,-0.53629,-0.74954,0.38496,0.83390,-1.24319,1.50296,-0.83192,-0.57348,-0.81313
16.300000,815,0.45093,0.72977,-1.23025,1.51676,-0.89302,-0.53177,-0.73588,0.45480,0.75904,-1.22726,1.51519,-0.91490,-0.53478,-0.74365,0.38623,0.85189,-1.24497,1.49748,-0.83632,-0.57212,-0.80677
16.400000,820,0.45093,0.74427,-1.23101,1.51523,-0.89455,-0.52452,-0.73053,0.45602,0.77658,-1.22911,1.50885,-0.91903,-0.53391,-0.73778,0.38758,0.86932,-1.24683,1.49114,-0.84105,-0.57108,-0.80033
16.500000,825,0.45093,0.76067,-1.23101,1.51027,-0.90447,-0.52261,-0.72863,0.45758,0.79197,-1.23104,1.50165,-0.92394,-0.53097,-0.73156,0.38900,0.88618,-1.24876,1.48394,-0.84610,-0.57037,-0.79383
16.600000,830,0.45131,0.77669,-1.23292,1.50340,-0.92011,-0.52223,-0.72443,0.45921,0.80725,-1.23304,1.49359,-0.92960,-0.52893,-0.72528,0.39049,0.90246,-1.25075,1.47587,-0.85147,-0.57001,-0.78727
16.700000,835,0.45093,0.78966,-1.23750,1.49654,-0.92354,-0.52147,-0.70574,0.46022,0.82357,-1.23510,1.48465,-0.93423,-0.52847,-0.71963,0.39205,0.91814,-1.25281,1.46694,-0.85715,-0.56999,-0.78065
16.800000,840,0.45131,0.80340,-1.23788,1.48815,-0.93995,-0.52185,-0.69849,0.46173,0.83785,-1.23721,1.47484,-0.93976,-0.52698,-0.71322,0.39369,0.93322,-1.25492,1.45713,-0.86312,-0.57034,-0.77398
16.900000,845,0.45131,0.81637,-1.24169,1.47861,-0.94567,-0.52147,-0.69048,0.46279,0.85281,-1.23937,1.46415,-0.94601,-0.52777,-0.70578,0.39540,0.94767,-1.25708,1.44644,-0.86939,-0.57106,-0.76727
17.000000,850,0.45131,0.82896,-1.24436,1.46869,-0.94681,-0.52185,-0.68285,0.46476,0.86609,-1.24157,1.45258,-0.95209,-0.52795,-0.70013,0.39718,0.96148,-1.25928,1.43487,-0.87594,-0.57215,-0.76052
17.100000,855,0.45131,0.84040,-1.24513,1.45686,-0.95292,-0.52185,-0.68018,0.46599,0.87980,-1.24381,1.44012,-0.95831,-0.52884,-0.69307,0.39904,0.97464,-1.26152,1.42241,-0.88277,-0.57364,-0.75375
17.200000,860,0.45169,0.85413,-1.24818,1.44313,-0.97161,-0.52185,-0.67751,0.46805,0.89238,-1.24606,1.42678,-0.96456,-0.53030,-0.68741,0.40096,0.98713,-1.26378,1.40907,-0.88986,-0.57552,-0.74695
17.300000,865,0.45437,0.86481,-1.25085,1.43016,-0.97542,-0.52223,-0.66835,0.46973,0.90393,-1.24834,1.41254,-0.97147,-0.53134,-0.68109,0.40297,0.99894,-1.26605,1.39483,-0.89721,-0.57781,-0.74015
17.400000,870,0.45475,0.87321,-1.25161,1.41490,-0.97581,-0.52223,-0.66034,0.47174,0.91502,-1.25063,1.39740,-0.97866,-0.53332,-0.67435,0.40505,1.01005,-1.26834,1.37969,-0.90481,-0.58050,-0.73333
17.500000,875,0.45704,0.88465,-1.25543,1.40002,-0.97809,-0.52223,-0.64966,0.47366,0.92500,-1.25292,1.38136,-0.98575,-0.53433,-0.66829,0.40720,1.02047,-1.27064,1.36365,-0.91264,-0.58361,-0.72652
17.600000,880,0.45665,0.89533,-1.25772,1.38515,-0.99869,-0.52299,-0.64165,0.47607,0.93484,-1.25522,1.36439,-0.99286,-0.53695,-0.66258,0.40944,1.03015,-1.27293,1.34668,-0.92071,-0.58715,-0.71971
17.700000,885,0.45704,0.90067,-1.25772,1.36684,-0.99908,-0.52299,-0.63822,0.47779,0.94406,-1.25750,1.34648,-1.00084,-0.54096,-0.65515,0.41177,1.03909,-1.27521,1.32877,-0.92899,-0.59113,-0.71292
17.800000,890,0.45704,0.90372,-1.26000,1.34929,-1.00594,-0.52376,-0.63021,0.48068,0.95216,-1.25977,1.32764,-1.00841,-0.54438,-0.64969,0.41418,1.04730,-1.27748,1.30992,-0.93750,-0.59555,-0.70615
17.900000,895,0.46238,0.91364,-1.26420,1.33174,-1.02845,-0.52986,-0.62410,0.48283,0.95851,-1.26202,1.30782,-1.01614,-0.54558,-0.64352,0.41669,1.05474,-1.27973,1.29010,-0.94621,-0.60043,-0.69940
18.000000,900,0.47153,0.92280,-1.26420,1.31114,-1.02845,-0.53062,-0.62410,0.48439,0.96574,-1.26425,1.28701,-1.02338,-0.54912,-0.63651,0.41930,1.06142,-1.28196,1.26930,-0.95513,-0.60577,-0.69267
18.100000,905,0.47382,0.93272,-1.26611,1.29054,-1.04905,-0.53749,-0.62372,0.48873,0.97079,-1.26644,1.26519,-1.03319,-0.55514,-0.63101,0.42201,1.06731,-1.28415,1.24748,-0.96425,-0.61160,-0.68598
18.200000,910,0.47344,0.93424,-1.27030,1.26803,-1.05096,-0.54588,-0.62220,0.49128,0.97675,-1.26860,1.24232,-1.04262,-0.56250,-0.62329,0.42484,1.07241,-1.28631,1.22461,-0.97357,-0.61791,-0.67931
18.300000,915,0.47382,0.93424,-1.27069,1.24705,-1.06316,-0.55313,-0.60045,0.49437,0.98133,-1.27073,1.21836,-1.04961,-0.56759,-0.61953,0.42779,1.07671,-1.28844,1.20065,-0.98310,-0.62473,-0.67268
18.400000,920,0.47496,0.93424,-1.27374,1.22302,-1.07728,-0.56076,-0.59740,0.49693,0.98472,-1.27281,1.19326,-1.05918,-0.57382,-0.61173,0.43087,1.08017,-1.29052,1.17555,-0.99284,-0.63209,-0.66608
18.500000,925,0.48298,0.93462,-1.27679,1.19708,-1.08071,-0.57144,-0.59244,0.50023,0.98726,-1.27485,1.16695,-1.06795,-0.58021,-0.60545,0.43410,1.08278,-1.29257,1.14924,-1.00279,-0.64002,-0.65951
18.600000,930,0.49328,0.93729,-1.27717,1.17267,-1.08567,-0.57907,-0.57871,0.50314,0.98908,-1.27685,1.13934,-1.07496,-0.58585,-0.60118,0.43750,1.08453,-1.29456,1.12163,-1.01297,-0.64854,-0.65296
18.700000,935,0.49900,0.94531,-1.27946,1.14482,-1.10360,-0.58479,-0.57489,0.50686,0.98956,-1.27880,1.11035,-1.08520,-0.59386,-0.59493,0.44108,1.08537,-1.29652,1.09263,-1.02339,-0.65770,-0.64644
18.800000,940,0.50167,0.95026,-1.28137,1.11315,-1.10703,-0.59357,-0.57451,0.51165,0.98911,-1.28071,1.07985,-1.09722,-0.60463,-0.58756,0.44487,1.08525,-1.29842,1.06214,-1.03407,-0.66754,-0.63993
18.900000,945,0.50205,0.95065,-1.28289,1.08340,-1.12458,-0.60501,-0.57184,0.51703,0.98701,-1.28255,1.04770,-1.10688,-0.61425,-0.58237,0.44896,1.08344,-1.30026,1.02999,-1.04486,-0.67794,-0.63349
19.000000,950,0.50205,0.95065,-1.28366,1.05136,-1.13297,-0.61493,-0.56726,0.52071,0.98452,-1.28433,1.01385,-1.11716,-0.62471,-0.57554,0.45332,1.08045,-1.30205,0.99614,-1.05590,-0.68908,-0.62707
19.100000,955,0.50663,0.95026,-1.28404,1.01664,-1.13374,-0.62866,-0.55277,0.52443,0.98241,-1.28613,0.97836,-1.12492,-0.63469,-0.57119,0.45784,1.07759,-1.30384,0.96065,-1.06747,-0.70133,-0.62064
19.200000,960,0.51197,0.95026,-1.28785,0.98155,-1.15357,-0.63667,-0.54819,0.52960,0.97890,-1.28778,0.94235,-1.13353,-0.64576,-0.56697,0.46259,1.07412,-1.30549,0.92463,-1.07888,-0.71404,-0.61426
19.300000,965,0.51845,0.95026,-1.28976,0.95026,-1.15662,-0.65117,-0.54514,0.53258,0.98795,-1.28710,0.93632,-1.13394,-0.64378,-0.56032,0.46642,1.08285,-1.30481,0.91860,-1.08008,-0.71711,-0.60723
19.400000,970,0.52112,0.95255,-1.28976,0.95255,-1.15586,-0.65041,-0.54514,0.53555,1.01015,-1.28354,0.96801,-1.12327,-0.63135,-0.55382,0.46906,1.10567,-1.30125,0.95030,-1.06824,-0.70739,-0.59937
19.500000,975,0.52150,0.96400,-1.28976,0.98498,-1.15548,-0.65041,-0.53331,0.53829,1.03314,-1.27978,1.00216,-1.11151,-0.62016,-0.54670,0.47168,1.12953,-1.29749,0.98445,-1.05554,-0.69684,-0.59136
19.600000,980,0.52379,0.98422,-1.28938,1.01931,-1.15472,-0.64888,-0.52225,0.53990,1.05631,-1.27603,1.03627,-1.09906,-0.60955,-0.53866,0.47429,1.15335,-1.29374,1.01855,-1.04285,-0.68631,-0.58336
19.700000,985,0.52952,1.01206,-1.28938,1.05174,-1.15128,-0.64125,-0.51882,0.54177,1.07907,-1.27234,1.06977,-1.08657,-0.59903,-0.53031,0.47686,1.17675,-1.29005,1.05205,-1.03039,-0.67596,-0.57551
19.800000,990,0.53791,1.03953,-1.28671,1.08378,-1.14289,-0.62485,-0.51615,0.54301,1.09794,-1.26913,1.10293,-1.07674,-0.58923,-0.52334,0.47840,1.19629,-1.28684,1.08522,-1.01811,-0.66541,-0.57028
19.900000,995,0.54020,1.06280,-1.28366,1.11697,-1.12115,-0.61493,-0.51538,0.54404,1.10147,-1.26751,1.13779,-1.07438,-0.57951,-0.51988,0.47595,1.20204,-1.28523,1.12008,-1.00540,-0.65319,-0.57524
20.000000,1000,0.54020,1.07043,-1.28289,1.15054,-1.10131,-0.59967,-0.51538,0.53969,1.10392,-1.26639,1.17205,-1.06441,-0.57011,-0.52462,0.47224,1.20417,-1.28410,1.15434,-0.99315,-0.64151,-0.58343
20.100000,1005,0.54020,1.07005,-1.28251,1.18525,-1.09521,-0.59090,-0.51576,0.53696,1.10505,-1.26518,1.20446,-1.05317,-0.56084,-0.53219,0.46878,1.20544,-1.28290,1.18675,-0.98129,-0.63075,-0.59154
20.200000,1010,0.53982,1.07005,-1.28251,1.21692,-1.07651,-0.57373,-0.51576,0.53302,1.10491,-1.26387,1.23505,-1.04275,-0.55248,-0.53886,0.46562,1.20512,-1.28159,1.21734,-0.96962,-0.62069,-0.59962
20.300000,1015,0.53982,1.07043,-1.28251,1.24476,-1.06011,-0.56572,-0.51729,0.53066,1.10344,-1.26248,1.26409,-1.03230,-0.54447,-0.54605,0.46266,1.20390,-1.28019,1.24638,-0.95823,-0.61137,-0.60764
20.400000,1020,0.53982,1.07043,-1.28213,1.27414,-1.04218,-0.55046,-0.52072,0.52796,1.10135,-1.26100,1.29180,-1.02146,-0.53713,-0.55419,0.45987,1.20181,-1.27872,1.27409,-0.94706,-0.60271,-0.61566
20.500000,1025,0.53943,1.07043,-1.28060,1.30046,-1.03303,-0.54321,-0.52606,0.52519,1.09835,-1.25945,1.31835,-1.01162,-0.53036,-0.56078,0.45723,1.19889,-1.27716,1.30064,-0.93608,-0.59466,-0.62371
20.600000,1030,0.53867,1.07043,-1.27870,1.32640,-1.01624,-0.53177,-0.53408,0.52283,1.09505,-1.25783,1.34398,-1.00180,-0.52487,-0.56856,0.45464,1.19565,-1.27554,1.32627,-0.92535,-0.58725,-0.63179
20.700000,1035,0.53715,1.07043,-1.27564,1.35158,-1.00022,-0.52185,-0.55048,0.51966,1.09227,-1.25621,1.36893,-0.99275,-0.51973,-0.57450,0.45204,1.19282,-1.27392,1.35121,-0.91502,-0.58057,-0.63989
20.800000,1040,0.53715,1.07043,-1.27336,1.37523,-0.98954,-0.51651,-0.56497,0.51804,1.08800,-1.25449,1.39280,-0.98282,-0.51462,-0.58269,0.44959,1.18877,-1.27220,1.37508,-0.90476,-0.57433,-0.64804
20.900000,1045,0.53715,1.07043,-1.27183,1.39926,-0.97085,-0.51498,-0.57985,0.51593,1.08212,-1.25265,1.41545,-0.97381,-0.51033,-0.58938,0.44734,1.18293,-1.27036,1.39774,-0.89446,-0.56845,-0.65626
21.000000,1050,0.53676,1.07005,-1.26916,1.42062,-0.96360,-0.51308,-0.58481,0.51454,1.07527,-1.25074,1.43708,-0.96361,-0.50604,-0.59831,0.44520,1.17614,-1.26846,1.41937,-0.88432,-0.56307,-0.66452
21.100000,1055,0.53638,1.06967,-1.26916,1.44275,-0.96284,-0.50201,-0.58824,0.51262,1.06775,-1.24879,1.45773,-0.95416,-0.50288,-0.60660,0.44314,1.16856,-1.26650,1.44002,-0.87437,-0.55820,-0.67280
21.200000,1060,0.53371,1.06929,-1.26725,1.46221,-0.93766,-0.49743,-0.60427,0.51074,1.05934,-1.24679,1.47744,-0.94613,-0.50150,-0.61228,0.44116,1.16023,-1.26450,1.45973,-0.86462,-0.55383,-0.68110
21.300000,1065,0.53371,1.06700,-1.26420,1.48052,-0.93613,-0.49591,-0.61151,0.50912,1.05029,-1.24474,1.49620,-0.93623,-0.49824,-0.62123,0.43925,1.15111,-1.26245,1.47849,-0.85508,-0.54996,-0.68943
21.400000,1070,0.53180,1.05899,-1.26191,1.49997,-0.91439,-0.49438,-0.63059,0.50758,1.04052,-1.24267,1.51407,-0.92797,-0.49794,-0.62792,0.43741,1.14124,-1.26038,1.49636,-0.84575,-0.54656,-0.69778
21.500000,1075,0.53142,1.05784,-1.26115,1.51714,-0.91095,-0.49209,-0.63440,0.50629,1.02975,-1.24056,1.53104,-0.91881,-0.49509,-0.63715,0.43563,1.13062,-1.25827,1.51333,-0.83663,-0.54364,-0.70615
21.600000,1080,0.53142,1.04907,-1.25772,1.53163,-0.89455,-0.49133,-0.64852,0.50396,1.01877,-1.23844,1.54714,-0.91073,-0.49567,-0.64349,0.43390,1.11924,-1.25615,1.52943,-0.82775,-0.54119,-0.71454
21.700000,1085,0.53142,1.03877,-1.25466,1.54880,-0.88501,-0.49057,-0.65310,0.50334,1.00655,-1.23630,1.56239,-0.90210,-0.49483,-0.65270,0.43223,1.10715,-1.25401,1.54467,-0.81910,-0.53920,-0.72293
21.800000,1090,0.53066,1.02503,-1.25314,1.56253,-0.88311,-0.49057,-0.65958,0.50196,0.99381,-1.23415,1.57675,-0.89429,-0.49558,-0.66036,0.43061,1.09431,-1.25186,1.55904,-0.81072,-0.53768,-0.73133
21.900000,1095,0.52227,1.01054,-1.24856,1.57703,-0.87929,-0.49095,-0.67331,0.50094,0.98028,-1.23200,1.59022,-0.88782,-0.49972,-0.66714,0.42904,1.08072,-1.24971,1.57251,-0.80260,-0.53661,-0.73972
22.000000,1100,0.51464,1.00024,-1.24742,1.58924,-0.86174,-0.49057,-0.68934,0.49998,0.96571,-1.22990,1.60225,-0.88013,-0.50098,-0.67501,0.42762,1.06605,-1.24761,1.58454,-0.79485,-0.53600,-0.74793
22.100000,1105,0.51464,0.98918,-1.24589,1.60068,-0.85907,-0.49095,-0.69658,0.49895,0.94979,-1.22788,1.61244,-0.87232,-0.50056,-0.68343,0.42641,1.05001,-1.24559,1.59473,-0.78754,-0.53586,-0.75587
22.200000,1110,0.51464,0.97201,-1.24360,1.60945,-0.85831,-0.49095,-0.70307,0.49760,0.93347,-1.22588,1.62188,-0.86546,-0.50278,-0.69055,0.42523,1.03338,-1.24359,1.60417,-0.78052,-0.53615,-0.76381
22.300000,1115,0.51464,0.95561,-1.24131,1.61975,-0.85373,-0.49133,-0.70841,0.49658,0.91716,-1.22385,1.63154,-0.85880,-0.50539,-0.69860,0.42391,1.01683,-1.24157,1.61383,-0.77366,-0.53682,-0.77197
22.400000,1120,0.51426,0.94187,-1.23902,1.62738,-0.83275,-0.49171,-0.71718,0.49559,0.89997,-1.22184,1.64085,-0.85313,-0.50799,-0.70583,0.42255,0.99997,-1.23955,1.62313,-0.76707,-0.53788,-0.78020
22.500000,1125,0.51464,0.92547,-1.23597,1.63692,-0.83237,-0.49209,-0.73282,0.49453,0.88279,-1.21987,1.64933,-0.84703,-0.51181,-0.71352,0.42123,0.98251,-1.23758,1.63162,-0.76082,-0.53935,-0.78838
22.600000,1130,0.51159,0.90945,-1.23406,1.64455,-0.83161,-0.49248,-0.73893,0.49395,0.86507,-1.21795,1.65699,-0.84148,-0.51664,-0.72179,0.41996,0.96445,-1.23566,1.63928,-0.75492,-0.54120,-0.79648
22.700000,1135,0.50319,0.89304,-1.23178,1.65104,-0.82779,-0.49705,-0.74274,0.49318,0.84662,-1.21610,1.66377,-0.83656,-0.52339,-0.72904,0.41873,0.94578,-1.23382,1.64606,-0.74940,-0.54344,-0.80448
22.800000,1140,0.49747,0.87321,-1.23178,1.65676,-0.80872,-0.49972,-0.74961,0.49204,0.82760,-1.21433,1.66971,-0.83129,-0.52668,-0.73647,0.41755,0.92655,-1.23204,1.65200,-0.74426,-0.54605,-0.81239
22.900000,1145,0.49823,0.85757,-1.22910,1.66286,-0.80796,-0.50697,-0.76372,0.49127,0.80770,-1.21263,1.67483,-0.82685,-0.52974,-0.74377,0.41642,0.90679,-1.23034,1.65711,-0.73950,-0.54900,-0.82020
23.000000,1150,0.49785,0.83811,-1.22796,1.66477,-0.80605,-0.51002,-0.76449,0.49047,0.78803,-1.21102,1.67910,-0.82235,-0.53540,-0.75173,0.41533,0.88651,-1.22873,1.66139,-0.73513,-0.55229,-0.82788
23.100000,1155,0.49785,0.82018,-1.22796,1.67049,-0.80643,-0.52376,-0.76754,0.48987,0.76705,-1.20951,1.68250,-0.81891,-0.54002,-0.75863,0.41431,0.86572,-1.22722,1.66478,-0.73118,-0.55591,-0.83543
23.200000,1160,0.49823,0.79806,-1.22262,1.67125,-0.80567,-0.52681,-0.78699,0.48854,0.74630,-1.20810,1.68506,-0.81546,-0.54643,-0.76506,0.41334,0.84446,-1.22581,1.66735,-0.72763,-0.55983,-0.84284
23.300000,1165,0.49785,0.78051,-1.22109,1.67354,-0.80185,-0.53444,-0.79195,0.48847,0.72456,-1.20680,1.68680,-0.81264,-0.55142,-0.77254,0.41243,0.82275,-1.22451,1.66909,-0.72449,-0.56402,-0.85011
23.400000,1170,0.49785,0.76029,-1.21957,1.67392,-0.78392,-0.54474,-0.80263,0.48738,0.70305,-1.20562,1.68767,-0.81045,-0.55941,-0.77832,0.41158,0.80062,-1.22333,1.66996,-0.72177,-0.56850,-0.85721
23.500000,1175,0.49747,0.73893,-1.21766,1.67431,-0.78430,-0.55275,-0.80912,0.48762,0.68095,-1.20456,1.68772,-0.80762,-0.56569,-0.78635,0.41080,0.77808,-1.22228,1.67001,-0.71945,-0.57321,-0.86417
23.600000,1180,0.49747,0.71909,-1.21690,1.67507,-0.78354,-0.55542,-0.81332,0.48717,0.65817,-1.20364,1.68692,-0.80595,-0.57173,-0.79295,0.41009,0.75516,-1.22135,1.66921,-0.71756,-0.57816,-0.87095
23.700000,1185,0.49366,0.69697,-1.21575,1.67507,-0.78354,-0.57068,-0.81751,0.48721,0.63514,-1.20285,1.68528,-0.80530,-0.58058,-0.79867,0.40945,0.73189,-1.22056,1.66757,-0.71607,-0.58332,-0.87757
23.800000,1190,0.48679,0.67560,-1.21461,1.67507,-0.78316,-0.57754,-0.82514,0.48690,0.61218,-1.20220,1.68279,-0.80427,-0.58910,-0.80510,0.40890,0.70827,-1.21992,1.66508,-0.71500,-0.58867,-0.88401
23.900000,1195,0.48679,0.65386,-1.21461,1.67507,-0.78392,-0.58289,-0.83201,0.48652,0.58814,-1.20170,1.67948,-0.80342,-0.59253,-0.81122,0.40843,0.68434,-1.21941,1.66176,-0.71433,-0.59419,-0.89028
24.000000,1200,0.48679,0.63250,-1.21385,1.67469,-0.78354,-0.58937,-0.83735,0.48627,0.56453,-1.20134,1.67530,-0.80313,-0.59929,-0.81718,0.40804,0.66011,-1.21906,1.65759,-0.71406,-0.59987,-0.89638
24.100000,1205,0.48679,0.60884,-1.21194,1.67278,-0.78354,-0.60043,-0.84307,0.48644,0.54020,-1.20113,1.67030,-0.80332,-0.60586,-0.82311,0.40775,0.63558,-1.21885,1.65258,-0.71417,-0.60569,-0.90231
24.200000,1210,0.48679,0.58557,-1.21118,1.66896,-0.78354,-0.60539,-0.84727,0.48629,0.51608,-1.20108,1.66442,-0.80386,-0.61283,-0.82861,0.40755,0.61073,-1.21879,1.64671,-0.71467,-0.61164,-0.90808
24.300000,1215,0.48679,0.56192,-1.21041,1.66286,-0.78354,-0.60883,-0.85528,0.48637,0.49188,-1.20118,1.65766,-0.80479,-0.62093,-0.83387,0.40746,0.58552,-1.21889,1.63995,-0.71556,-0.61772,-0.91370
24.400000,1220,0.48679,0.54056,-1.21041,1.65523,-0.78392,-0.62523,-0.86481,0.48714,0.46598,-1.20145,1.64991,-0.80636,-0.62780,-0.83921,0.40749,0.55987,-1.21916,1.63220,-0.71683,-0.62393,-0.91917
24.500000,1225,0.48679,0.51576,-1.21003,1.64722,-0.78392,-0.63171,-0.86901,0.48742,0.44073,-1.20201,1.64041,-0.80803,-0.63408,-0.84408,0.40779,0.53384,-1.21972,1.62270,-0.71858,-0.63013,-0.92420
24.600000,1230,0.48679,0.49173,-1.21041,1.63654,-0.78430,-0.63515,-0.86901,0.48840,0.41422,-1.20280,1.62942,-0.81030,-0.64100,-0.84899,0.40830,0.50711,-1.22051,1.61171,-0.72078,-0.63646,-0.92901
24.700000,1235,0.48679,0.46579,-1.21003,1.62624,-0.78430,-0.64812,-0.86977,0.48924,0.38611,-1.20355,1.61849,-0.81318,-0.64859,-0.85379,0.40867,0.47892,-1.22126,1.60078,-0.72325,-0.64331,-0.93445
24.800000,1240,0.48679,0.43947,-1.21041,1.61556,-0.78583,-0.65689,-0.87359,0.48979,0.35857,-1.20451,1.60616,-0.81590,-0.65831,-0.85948,0.40914,0.44956,-1.22222,1.58844,-0.72623,-0.65047,-0.93991
24.900000,1245,0.48679,0.41162,-1.21041,1.60259,-0.78774,-0.65842,-0.87664,0.48987,0.33492,-1.20327,1.60001,-0.81634,-0.66032,-0.86557,0.40972,0.42453,-1.22099,1.58230,-0.72722,-0.65539,-0.94544
25.000000,1250,0.48679,0.39064,-1.20965,1.60030,-0.78774,-0.65842,-0.88084,0.48938,0.33001,-1.19360,1.61964,-0.80782,-0.64470,-0.87220,0.41041,0.41965,-1.21131,1.60193,-0.71961,-0.65103,-0.95050
25.100000,1255,0.48641,0.38263,-1.19782,1.61212,-0.78659,-0.65727,-0.89114,0.48954,0.33301,-1.17989,1.65121,-0.79630,-0.62907,-0.87706,0.41125,0.42477,-1.19760,1.63350,-0.70787,-0.64202,-0.95502
25.200000,1260,0.48679,0.38301,-1.18104,1.64264,-0.78430,-0.65651,-0.89877,0.49019,0.33660,-1.16593,1.68337,-0.78476,-0.61629,-0.88155,0.41211,0.43012,-1.18364,1.66566,-0.69592,-0.63282,-0.95958
25.300000,1265,0.48679,0.38301,-1.16731,1.67469,-0.78392,-0.64964,-0.89877,0.49008,0.34487,-1.15276,1.71414,-0.77268,-0.60894,-0.88618,0.41287,0.43702,-1.17047,1.69642,-0.68443,-0.62371,-0.96340
25.400000,1270,0.48717,0.38339,-1.15472,1.70368,-0.78202,-0.64697,-0.90258,0.48697,0.37308,-1.14568,1.73489,-0.76228,-0.60473,-0.88641,0.41280,0.45762,-1.16339,1.71718,-0.67643,-0.61501,-0.96138
25.500000,1275,0.48679,0.39941,-1.15090,1.72657,-0.78049,-0.64278,-0.90220,0.48538,0.40605,-1.14318,1.74868,-0.75565,-0.59952,-0.88354,0.41201,0.48819,-1.16089,1.73096,-0.67116,-0.60687,-0.95553
25.600000,1280,0.48679,0.43527,-1.14976,1.73763,-0.77133,-0.62447,-0.90220,0.48413,0.43326,-1.14134,1.76025,-0.75147,-0.59020,-0.87750,0.41139,0.51860,-1.15905,1.74254,-0.66671,-0.59891,-0.94916
25.700000,1285,0.48603,0.46655,-1.14938,1.74488,-0.75302,-0.61684,-0.90220,0.48359,0.46199,-1.13979,1.77046,-0.74765,-0.58332,-0.87073,0.41090,0.54804,-1.15750,1.75275,-0.66286,-0.59118,-0.94275
25.800000,1290,0.48374,0.48944,-1.14671,1.75747,-0.75035,-0.60425,-0.90144,0.48248,0.49080,-1.13822,1.78088,-0.74374,-0.57723,-0.86554,0.41030,0.57632,-1.15593,1.76317,-0.65934,-0.58391,-0.93701
25.900000,1295,0.48374,0.51233,-1.14480,1.76891,-0.75035,-0.59547,-0.89648,0.48183,0.51789,-1.13680,1.79057,-0.74037,-0.57015,-0.86034,0.40977,0.60392,-1.15451,1.77286,-0.65625,-0.57684,-0.93132
26.000000,1300,0.48374,0.53713,-1.14480,1.77921,-0.74997,-0.58937,-0.89037,0.48111,0.54398,-1.13580,1.79824,-0.73776,-0.56151,-0.85423,0.40956,0.63137,-1.15351,1.78053,-0.65376,-0.56970,-0.92494
26.100000,1305,0.48374,0.56116,-1.14480,1.78722,-0.74234,-0.57297,-0.88427,0.48009,0.57238,-1.13505,1.80481,-0.73544,-0.55576,-0.84780,0.40951,0.65854,-1.15276,1.78710,-0.65178,-0.56264,-0.91827
26.200000,1310,0.48374,0.58634,-1.14442,1.79409,-0.72823,-0.56496,-0.86710,0.48000,0.59829,-1.13450,1.81049,-0.73349,-0.54791,-0.84173,0.40955,0.68543,-1.15221,1.79278,-0.65026,-0.55570,-0.91140
26.300000,1315,0.48374,0.61075,-1.14404,1.79867,-0.72823,-0.55084,-0.86062,0.47957,0.62459,-1.13415,1.81531,-0.73208,-0.54108,-0.83549,0.40969,0.71207,-1.15186,1.79759,-0.64923,-0.54889,-0.90432
26.400000,1320,0.48374,0.63402,-1.14365,1.80324,-0.72861,-0.54474,-0.85871,0.47924,0.65077,-1.13400,1.81925,-0.73144,-0.53408,-0.82775,0.40991,0.73846,-1.15171,1.80154,-0.64868,-0.54223,-0.89701
26.500000,1325,0.48374,0.65767,-1.14365,1.80744,-0.72823,-0.53749,-0.84116,0.47919,0.67666,-1.13404,1.82235,-0.73057,-0.52599,-0.82167,0.41022,0.76457,-1.15175,1.80464,-0.64862,-0.53575,-0.88947
26.600000,1330,0.48374,0.68056,-1.14327,1.80897,-0.72823,-0.52185,-0.82209,0.47876,0.70350,-1.13426,1.82460,-0.73018,-0.52006,-0.81507,0.41060,0.79038,-1.15197,1.80689,-0.64906,-0.52947,-0.88171
26.700000,1335,0.48374,0.70536,-1.14327,1.81164,-0.72861,-0.51498,-0.80797,0.47891,0.72760,-1.13467,1.82598,-0.73109,-0.51268,-0.80730,0.41105,0.81587,-1.15238,1.80827,-0.65001,-0.52341,-0.87373
26.800000,1340,0.48374,0.72748,-1.14327,1.81469,-0.72861,-0.51384,-0.80721,0.47859,0.75242,-1.13526,1.82648,-0.73280,-0.50679,-0.79783,0.41156,0.84099,-1.15297,1.80877,-0.65149,-0.51760,-0.86552
26.900000,1345,0.48374,0.74961,-1.14327,1.81507,-0.72861,-0.49972,-0.79577,0.47887,0.77691,-1.13601,1.82614,-0.73393,-0.50028,-0.79151,0.41213,0.86573,-1.15372,1.80842,-0.65347,-0.51207,-0.85709
27.000000,1350,0.48374,0.77173,-1.14327,1.81545,-0.72861,-0.49515,-0.78203,0.47845,0.80174,-1.13692,1.82494,-0.73593,-0.49426,-0.78273,0.41275,0.89005,-1.15463,1.80722,-0.65596,-0.50684,-0.84847
27.100000,1355,0.48374,0.79424,-1.14327,1.81545,-0.72937,-0.49019,-0.77669,0.47916,0.82382,-1.13799,1.82286,-0.73903,-0.48811,-0.77424,0.41341,0.91392,-1.15570,1.80515,-0.65896,-0.50193,-0.83964
27.200000,1360,0.48374,0.81599,-1.14327,1.81545,-0.73128,-0.48752,-0.75571,0.47909,0.84809,-1.13919,1.81994,-0.74149,-0.48221,-0.76629,0.41412,0.93731,-1.15690,1.80223,-0.66247,-0.49737,-0.83063
27.300000,1365,0.48374,0.83506,-1.14327,1.81545,-0.73204,-0.47722,-0.75533,0.47906,0.87033,-1.14053,1.81614,-0.74561,-0.47815,-0.75690,0.41487,0.96018,-1.15824,1.79843,-0.66647,-0.49318,-0.82143
27.400000,1370,0.48374,0.85718,-1.14327,1.81507,-0.73242,-0.46844,-0.75037,0.47955,0.89220,-1.14198,1.81150,-0.74962,-0.47303,-0.74819,0.41565,0.98251,-1.15969,1.79379,-0.67097,-0.48938,-0.81208
27.500000,1375,0.48374,0.87817,-1.14327,1.81469,-0.73548,-0.46348,-0.73130,0.47987,0.91374,-1.14355,1.80599,-0.75366,-0.46738,-0.74015,0.41646,1.00428,-1.16126,1.78828,-0.67593,-0.48598,-0.80258
27.600000,1380,0.48374,0.89610,-1.14327,1.81049,-0.73624,-0.46196,-0.72710,0.48009,0.93513,-1.14522,1.79963,-0.75890,-0.46518,-0.73002,0.41730,1.02544,-1.16293,1.78191,-0.68137,-0.48302,-0.79294
27.700000,1385,0.48374,0.91593,-1.14365,1.80324,-0.73662,-0.46158,-0.71337,0.48100,0.95515,-1.14697,1.79241,-0.76385,-0.46058,-0.72186,0.41816,1.04598,-1.16469,1.77470,-0.68724,-0.48049,-0.78319
27.800000,1390,0.48412,0.93615,-1.14518,1.79676,-0.75913,-0.45585,-0.69849,0.48119,0.97480,-1.14881,1.78434,-0.76895,-0.45622,-0.71350,0.41906,1.06588,-1.16652,1.76663,-0.69355,-0.47842,-0.77333
27.900000,1395,0.48374,0.95141,-1.14518,1.78913,-0.76332,-0.44288,-0.68399,0.48077,0.99508,-1.15071,1.77542,-0.77556,-0.45532,-0.70316,0.41997,1.08510,-1.16842,1.75771,-0.70026,-0.47683,-0.76338
28.000000,1400,0.48412,0.96934,-1.14594,1.77997,-0.76676,-0.44212,-0.67980,0.48172,1.01231,-1.15267,1.76567,-0.78251,-0.45266,-0.69314,0.42091,1.10364,-1.17038,1.74796,-0.70737,-0.47570,-0.75336
28.100000,1405,0.48412,0.98765,-1.14594,1.77120,-0.77629,-0.44021,-0.67598,0.48225,1.03001,-1.15467,1.75506,-0.78917,-0.45006,-0.68338,0.42188,1.12145,-1.17238,1.73734,-0.71485,-0.47507,-0.74328
28.200000,1410,0.48412,1.00215,-1.14861,1.76052,-0.79003,-0.44021,-0.65844,0.48269,1.04773,-1.15671,1.74363,-0.79583,-0.44840,-0.67472,0.42287,1.13856,-1.17442,1.72592,-0.72267,-0.47492,-0.73316
28.300000,1415,0.48412,1.01855,-1.15243,1.74907,-0.79956,-0.43983,-0.64165,0.48321,1.06369,-1.15877,1.73135,-0.80315,-0.44741,-0.66536,0.42389,1.15490,-1.17648,1.71363,-0.73083,-0.47530,-0.72300
28.400000,1420,0.48412,1.03419,-1.15243,1.73649,-0.81597,-0.43983,-0.63059,0.48366,1.07872,-1.16085,1.71825,-0.81154,-0.44648,-0.65528,0.42494,1.17050,-1.17856,1.70054,-0.73928,-0.47616,-0.71283
28.500000,1425,0.48412,1.04754,-1.15701,1.72275,-0.81826,-0.44021,-0.62601,0.48456,1.09338,-1.16293,1.70431,-0.82030,-0.44761,-0.64432,0.42603,1.18531,-1.18064,1.68660,-0.74803,-0.47754,-0.70266
28.600000,1430,0.48412,1.06013,-1.15929,1.70826,-0.81902,-0.43983,-0.62372,0.48489,1.10755,-1.16501,1.68955,-0.82866,-0.44843,-0.63404,0.42714,1.19934,-1.18272,1.67184,-0.75704,-0.47943,-0.69249
28.700000,1435,0.48450,1.07348,-1.16044,1.69376,-0.84114,-0.44021,-0.61533,0.48608,1.12098,-1.16707,1.67397,-0.83628,-0.44878,-0.62601,0.42830,1.21257,-1.18479,1.65625,-0.76628,-0.48183,-0.68234
28.800000,1440,0.48412,1.08454,-1.16425,1.67888,-0.84572,-0.44021,-0.59740,0.48679,1.13405,-1.16911,1.65756,-0.84464,-0.45110,-0.61700,0.42949,1.22501,-1.18683,1.63985,-0.77575,-0.48473,-0.67221
28.900000,1445,0.48450,1.09561,-1.16578,1.66210,-0.86632,-0.44021,-0.58901,0.48806,1.14514,-1.17112,1.64034,-0.85265,-0.45199,-0.60826,0.43074,1.23665,-1.18883,1.62263,-0.78542,-0.48815,-0.66211
29.000000,1450,0.48450,1.10934,-1.16769,1.64531,-0.87166,-0.44059,-0.57451,0.48840,1.15646,-1.17309,1.62231,-0.86221,-0.45508,-0.59808,0.43203,1.24748,-1.19080,1.60460,-0.79527,-0.49206,-0.65205
29.100000,1455,0.48450,1.11735,-1.17074,1.62586,-0.88120,-0.44059,-0.57184,0.48968,1.16606,-1.17501,1.60345,-0.87169,-0.45820,-0.58800,0.43338,1.25748,-1.19272,1.58574,-0.80528,-0.49649,-0.64203
29.200000,1460,0.48450,1.12231,-1.17227,1.60907,-0.89379,-0.44327,-0.56002,0.49090,1.17570,-1.17687,1.58378,-0.88038,-0.46168,-0.57930,0.43479,1.26668,-1.19458,1.56607,-0.81544,-0.50142,-0.63205
29.300000,1465,0.48450,1.13375,-1.17265,1.58885,-0.89722,-0.44594,-0.54666,0.49134,1.18405,-1.17866,1.56327,-0.88984,-0.46558,-0.56938,0.43627,1.27504,-1.19637,1.54556,-0.82573,-0.50685,-0.62212
29.400000,1470,0.48450,1.14520,-1.17455,1.56826,-0.91706,-0.44746,-0.54361,0.49377,1.19063,-1.18038,1.54193,-0.89921,-0.46967,-0.56068,0.43782,1.28258,-1.19809,1.52421,-0.83614,-0.51279,-0.61223
29.500000,1475,0.48450,1.15016,-1.17837,1.54613,-0.92125,-0.44784,-0.53446,0.49406,1.19934,-1.18201,1.51974,-0.90814,-0.47570,-0.55107,0.43946,1.28930,-1.19973,1.50202,-0.84667,-0.51922,-0.60238
29.600000,1480,0.48488,1.15016,-1.17875,1.52515,-0.92431,-0.45624,-0.51882,0.49538,1.20590,-1.18356,1.49668,-0.91730,-0.48167,-0.54176,0.44119,1.29522,-1.20127,1.47897,-0.85730,-0.52616,-0.59255
29.700000,1485,0.48488,1.15359,-1.17913,1.50188,-0.94567,-0.47226,-0.51424,0.49801,1.20929,-1.18502,1.47271,-0.92698,-0.48624,-0.53317,0.44302,1.30030,-1.20273,1.45500,-0.86804,-0.53362,-0.58275
29.800000,1490,0.48832,1.16313,-1.18104,1.47861,-0.94796,-0.47607,-0.50661,0.49910,1.21350,-1.18637,1.44778,-0.93653,-0.49205,-0.52419,0.44497,1.30457,-1.20408,1.43006,-0.87890,-0.54161,-0.57293
29.900000,1495,0.48832,1.16923,-1.18371,1.45229,-0.95444,-0.48218,-0.50318,0.50126,1.21776,-1.18761,1.42178,-0.94693,-0.50093,-0.51388,0.44706,1.30802,-1.20532,1.40406,-0.88991,-0.55018,-0.56308
30.000000,1500,0.49022,1.16999,-1.18524,1.42825,-0.97275,-0.49782,-0.49288,0.50267,1.22182,-1.18874,1.39459,-0.95503,-0.50831,-0.50571,0.44930,1.31064,-1.20646,1.37688,-0.90110,-0.55935,-0.55316
30.100000,1505,0.49022,1.17228,-1.18562,1.40155,-0.97581,-0.50430,-0.48754,0.50523,1.22368,-1.18975,1.36605,-0.96545,-0.51769,-0.49643,0.45173,1.31233,-1.20746,1.34834,-0.91249,-0.56917,-0.54311
30.200000,1510,0.49328,1.17915,-1.18638,1.37256,-0.98038,-0.51689,-0.46732,0.50734,1.22376,-1.19058,1.33590,-0.97283,-0.52442,-0.48852,0.45452,1.31217,-1.20829,1.31819,-0.92395,-0.57947,-0.53293
30.300000,1515,0.50091,1.18106,-1.18676,1.34318,-0.99869,-0.52605,-0.46579,0.50918,1.22400,-1.19128,1.30414,-0.98193,-0.53407,-0.47880,0.45752,1.31107,-1.20899,1.28643,-0.93569,-0.59058,-0.52262
30.400000,1520,0.50167,1.18106,-1.18752,1.31229,-1.00251,-0.53825,-0.45816,0.51265,1.22487,-1.19183,1.27259,-0.99295,-0.54579,-0.47050,0.46066,1.31087,-1.20954,1.25488,-0.94745,-0.60215,-0.51233
30.500000,1525,0.50205,1.18182,-1.18752,1.28329,-1.02235,-0.54550,-0.44710,0.51823,1.23606,-1.19080,1.26729,-0.99344,-0.53725,-0.46885,0.46611,1.32278,-1.20851,1.24958,-0.95209,-0.60208,-0.50409
30.600000,1530,0.50434,1.19059,-1.18752,1.28558,-1.02387,-0.54474,-0.44481,0.52665,1.25572,-1.18804,1.29300,-0.99092,-0.51624,-0.46461,0.47426,1.34628,-1.20575,1.27529,-0.94779,-0.58741,-0.49873
30.700000,1535,0.51349,1.20776,-1.18752,1.30847,-1.02463,-0.54130,-0.44367,0.53557,1.27757,-1.18510,1.32157,-0.98848,-0.49865,-0.45856,0.48273,1.37091,-1.20282,1.30386,-0.94269,-0.57134,-0.49355
30.800000,1540,0.52952,1.23027,-1.18752,1.33823,-1.02425,-0.52605,-0.44061,0.54279,1.30101,-1.18219,1.35005,-0.98220,-0.48129,-0.45494,0.49114,1.39538,-1.19990,1.33234,-0.93758,-0.55533,-0.48844
30.900000,1545,0.54020,1.25659,-1.18714,1.36531,-1.02082,-0.51384,-0.44099,0.55091,1.31486,-1.17994,1.37950,-0.98447,-0.46822,-0.44661,0.49659,1.41217,-1.19766,1.36178,-0.93014,-0.53998,-0.48804
31.000000,1550,0.54401,1.27910,-1.18714,1.39392,-1.02082,-0.49095,-0.44023,0.55464,1.31466,-1.17908,1.41193,-0.98377,-0.45678,-0.44627,0.49565,1.41485,-1.19679,1.39422,-0.91787,-0.52631,-0.49764
31.100000,1555,0.55164,1.28329,-1.18714,1.42596,-1.01777,-0.47684,-0.44099,0.55288,1.31539,-1.17841,1.44397,-0.97348,-0.44683,-0.45371,0.49355,1.41550,-1.19612,1.42626,-0.90509,-0.51397,-0.50895
31.200000,1560,0.55126,1.28329,-1.18714,1.46068,-1.01700,-0.46768,-0.44099,0.55167,1.31534,-1.17767,1.47449,-0.96336,-0.43790,-0.46297,0.49151,1.41569,-1.19538,1.45678,-0.89263,-0.50273,-0.52020
31.300000,1565,0.55126,1.28329,-1.18676,1.48853,-0.99602,-0.45891,-0.44138,0.54958,1.31363,-1.17670,1.50332,-0.95292,-0.42898,-0.47163,0.48976,1.41404,-1.19441,1.48561,-0.88019,-0.49202,-0.53128
31.400000,1570,0.55126,1.28329,-1.18638,1.51599,-0.98572,-0.43907,-0.44290,0.54859,1.31075,-1.17556,1.53073,-0.94104,-0.42052,-0.48283,0.48821,1.41124,-1.19327,1.51302,-0.86787,-0.48197,-0.54224
31.500000,1575,0.55126,1.28329,-1.18638,1.54193,-0.96398,-0.43449,-0.45015,0.54786,1.30686,-1.17429,1.55694,-0.93038,-0.41285,-0.49205,0.48679,1.40759,-1.19200,1.53923,-0.85567,-0.47257,-0.55313
31.600000,1580,0.55126,1.28291,-1.18600,1.56940,-0.95521,-0.41732,-0.45473,0.54631,1.30242,-1.17289,1.58210,-0.91903,-0.40554,-0.50275,0.48548,1.40309,-1.19060,1.56439,-0.84355,-0.46378,-0.56401
31.700000,1585,0.55126,1.28291,-1.18447,1.59267,-0.93346,-0.40970,-0.47228,0.54590,1.29679,-1.17137,1.60632,-0.90853,-0.39923,-0.51168,0.48426,1.39772,-1.18908,1.58860,-0.83149,-0.45557,-0.57493
31.800000,1590,0.55126,1.28291,-1.18447,1.61708,-0.91362,-0.40016,-0.48029,0.54542,1.29050,-1.16973,1.62966,-0.89720,-0.39314,-0.52263,0.48313,1.39151,-1.18744,1.61195,-0.81946,-0.44791,-0.58592
31.900000,1595,0.55126,1.28177,-1.18409,1.63997,-0.89722,-0.38948,-0.50852,0.54406,1.28332,-1.16798,1.65218,-0.88706,-0.38834,-0.53086,0.48206,1.38443,-1.18569,1.63446,-0.80746,-0.44080,-0.59700
32.000000,1600,0.55126,1.28062,-1.18218,1.66095,-0.88463,-0.38414,-0.52492,0.54476,1.27523,-1.16613,1.67389,-0.87522,-0.38303,-0.54300,0.48106,1.37649,-1.18384,1.65618,-0.79550,-0.43424,-0.60818
32.100000,1605,0.55088,1.28024,-1.17989,1.68232,-0.86937,-0.38299,-0.52988,0.54353,1.26647,-1.16418,1.69480,-0.86423,-0.37855,-0.55330,0.48011,1.36767,-1.18189,1.67709,-0.78360,-0.42822,-0.61948
32.200000,1610,0.55126,1.27757,-1.17761,1.70215,-0.85869,-0.38032,-0.55124,0.54324,1.25658,-1.16214,1.71491,-0.85337,-0.37548,-0.56330,0.47920,1.35795,-1.17986,1.69720,-0.77177,-0.42278,-0.63090
32.300000,1615,0.55126,1.27414,-1.17570,1.72313,-0.83847,-0.37193,-0.56269,0.54291,1.24607,-1.16003,1.73423,-0.84233,-0.37269,-0.57471,0.47833,1.34735,-1.17774,1.71652,-0.76003,-0.41790,-0.64243
32.400000,1620,0.55126,1.26346,-1.17112,1.73916,-0.82932,-0.36430,-0.58481,0.54235,1.23486,-1.15784,1.75277,-0.83093,-0.37188,-0.58527,0.47749,1.33589,-1.17556,1.73506,-0.74842,-0.41359,-0.65408
32.500000,1625,0.55126,1.24896,-1.17036,1.75976,-0.80986,-0.36392,-0.58672,0.54213,1.22269,-1.15560,1.77051,-0.82013,-0.37077,-0.59634,0.47667,1.32354,-1.17331,1.75280,-0.73696,-0.40986,-0.66584
32.600000,1630,0.55088,1.23218,-1.16845,1.77578,-0.80567,-0.36392,-0.60427,0.54218,1.20913,-1.15330,1.78744,-0.80959,-0.36954,-0.60769,0.47587,1.31029,-1.17101,1.76973,-0.72567,-0.40673,-0.67772
32.700000,1635,0.55088,1.22378,-1.16464,1.79333,-0.78736,-0.36392,-0.61075,0.54187,1.19495,-1.15095,1.80356,-0.79927,-0.36847,-0.61915,0.47509,1.29616,-1.16866,1.78585,-0.71459,-0.40420,-0.68969
32.800000,1640,0.55088,1.21425,-1.16349,1.80630,-0.77935,-0.36163,-0.63898,0.54146,1.18006,-1.14857,1.81888,-0.78901,-0.37024,-0.62983,0.47432,1.28116,-1.16628,1.80117,-0.70375,-0.40227,-0.70175
32.900000,1645,0.55088,1.19899,-1.16158,1.82117,-0.76256,-0.36049,-0.64775,0.54109,1.16441,-1.14616,1.83339,-0.77900,-0.37210,-0.64139,0.47355,1.26530,-1.16388,1.81568,-0.69317,-0.40094,-0.71389
33.000000,1650,0.55088,1.17953,-1.15701,1.83453,-0.75379,-0.36010,-0.65615,0.54126,1.14770,-1.14374,1.84707,-0.76869,-0.37371,-0.65401,0.47278,1.24857,-1.16146,1.82936,-0.68290,-0.40023,-0.72609
33.100000,1655,0.55088,1.16732,-1.15548,1.84826,-0.75150,-0.36010,-0.66835,0.54088,1.13002,-1.14132,1.85992,-0.75952,-0.37519,-0.66516,0.47200,1.23099,-1.15903,1.84221,-0.67296,-0.40012,-0.73834
33.200000,1660,0.55050,1.14940,-1.15167,1.86008,-0.72861,-0.36010,-0.69353,0.54034,1.11175,-1.13890,1.87194,-0.75077,-0.38007,-0.67610,0.47122,1.21257,-1.15662,1.85423,-0.66339,-0.40062,-0.75062
33.300000,1665,0.55050,1.13299,-1.15090,1.87267,-0.72823,-0.36163,-0.69925,0.54092,1.09256,-1.13651,1.88310,-0.74145,-0.38300,-0.68938,0.47043,1.19332,-1.15422,1.86539,-0.65424,-0.40174,-0.76291
33.400000,1670,0.55088,1.11506,-1.14861,1.88145,-0.72670,-0.36316,-0.71413,0.54036,1.07262,-1.13414,1.89342,-0.73311,-0.38741,-0.70072,0.46962,1.17326,-1.15185,1.87570,-0.64552,-0.40346,-0.77518
33.500000,1675,0.55050,1.09408,-1.14442,1.89137,-0.70801,-0.36697,-0.72291,0.53956,1.05201,-1.13182,1.90289,-0.72558,-0.39316,-0.71168,0.46880,1.15243,-1.14953,1.88518,-0.63726,-0.40575,-0.78741
33.600000,1680,0.55050,1.07463,-1.14327,1.89899,-0.70191,-0.37040,-0.74198,0.54010,1.03033,-1.12955,1.91151,-0.71819,-0.39966,-0.72377,0.46797,1.13084,-1.14726,1.89380,-0.62950,-0.40863,-0.79959
33.700000,1685,0.54935,1.05441,-1.13946,1.90815,-0.70114,-0.37536,-0.75152,0.53988,1.00803,-1.12735,1.91923,-0.71142,-0.40588,-0.73550,0.46713,1.10850,-1.14506,1.90152,-0.62229,-0.41208,-0.81168
33.800000,1690,0.54821,1.03343,-1.13793,1.91540,-0.69695,-0.39291,-0.76525,0.53961,0.98526,-1.12524,1.92609,-0.70505,-0.41287,-0.74664,0.46628,1.08544,-1.14295,1.90838,-0.61564,-0.41609,-0.82366
33.900000,1695,0.54821,1.01054,-1.13450,1.92074,-0.67864,-0.39634,-0.77097,0.53865,0.96174,-1.12322,1.93208,-0.69922,-0.42011,-0.75803,0.46542,1.06172,-1.14093,1.91437,-0.60956,-0.42061,-0.83550
34.000000,1700,0.54821,0.98879,-1.13183,1.92608,-0.67558,-0.40474,-0.79119,0.53896,0.93722,-1.12132,1.93719,-0.69417,-0.42762,-0.76922,0.46455,1.03734,-1.13903,1.91948,-0.60409,-0.42565,-0.84719
34.100000,1705,0.54821,0.96591,-1.13183,1.93180,-0.67558,-0.42038,-0.80874,0.53844,0.91249,-1.11954,1.94141,-0.68964,-0.43584,-0.78013,0.46368,1.01234,-1.13725,1.92370,-0.59925,-0.43116,-0.85870
34.200000,1710,0.54783,0.94187,-1.12992,1.93295,-0.67368,-0.42686,-0.81446,0.53795,0.88739,-1.11790,1.94475,-0.68526,-0.44461,-0.79169,0.46282,0.98677,-1.13562,1.92704,-0.59504,-0.43713,-0.87000
34.300000,1715,0.54783,0.91784,-1.12649,1.93562,-0.65537,-0.44403,-0.81904,0.53715,0.86168,-1.11643,1.94720,-0.68220,-0.45390,-0.80156,0.46196,0.96066,-1.13414,1.92949,-0.59150,-0.44352,-0.88108
34.400000,1720,0.54745,0.89381,-1.12382,1.93943,-0.65270,-0.44899,-0.83620,0.53704,0.83491,-1.11512,1.94875,-0.67952,-0.46232,-0.81256,0.46113,0.93404,-1.13283,1.93104,-0.58863,-0.45031,-0.89191
34.500000,1725,0.54477,0.86787,-1.12229,1.93943,-0.65270,-0.46234,-0.84307,0.53724,0.80846,-1.11399,1.94941,-0.67756,-0.47402,-0.82293,0.46031,0.90696,-1.13171,1.93170,-0.58643,-0.45745,-0.90248
34.600000,1730,0.53715,0.84193,-1.11924,1.93943,-0.65270,-0.47493,-0.86443,0.53680,0.78102,-1.11307,1.94918,-0.67664,-0.48553,-0.83237,0.45954,0.87947,-1.13078,1.93147,-0.58490,-0.46492,-0.91277
34.700000,1735,0.53676,0.81637,-1.11848,1.93981,-0.65270,-0.48599,-0.86977,0.53639,0.75344,-1.11235,1.94805,-0.67539,-0.49123,-0.84259,0.45880,0.85159,-1.13007,1.93034,-0.58405,-0.47267,-0.92277
34.800000,1740,0.53676,0.79043,-1.11848,1.93981,-0.65231,-0.49591,-0.87626,0.53603,0.72546,-1.11186,1.94603,-0.67527,-0.50022,-0.85233,0.45811,0.82338,-1.12957,1.92832,-0.58386,-0.48067,-0.93248
34.900000,1745,0.53676,0.76372,-1.11848,1.93943,-0.65270,-0.50354,-0.88198,0.53574,0.69706,-1.11160,1.94312,-0.67602,-0.50999,-0.86129,0.45749,0.79488,-1.12932,1.92541,-0.58433,-0.48889,-0.94187
35.000000,1750,0.53676,0.73626,-1.11771,1.93943,-0.65308,-0.51842,-0.89457,0.53558,0.66894,-1.11158,1.93933,-0.67722,-0.52019,-0.86984,0.45694,0.76612,-1.12930,1.92161,-0.58544,-0.49727,-0.95096
35.100000,1755,0.53638,0.71070,-1.11771,1.93867,-0.65270,-0.52872,-0.90067,0.53542,0.64011,-1.11181,1.93465,-0.67908,-0.52959,-0.87867,0.45647,0.73714,-1.12953,1.91693,-0.58718,-0.50579,-0.95975
35.200000,1760,0.53638,0.68132,-1.11771,1.93523,-0.65270,-0.53749,-0.91784,0.53526,0.61119,-1.11230,1.92908,-0.68187,-0.54015,-0.88618,0.45609,0.70797,-1.13001,1.91137,-0.58953,-0.51442,-0.96822
35.300000,1765,0.53676,0.65577,-1.11771,1.92951,-0.65308,-0.55160,-0.92089,0.53555,0.58241,-1.11304,1.92262,-0.68450,-0.54884,-0.89499,0.45581,0.67861,-1.13076,1.90491,-0.59248,-0.52313,-0.97641
35.400000,1770,0.53638,0.62792,-1.11771,1.92379,-0.65346,-0.55542,-0.92242,0.53554,0.55405,-1.11406,1.91522,-0.68789,-0.56006,-0.90309,0.45565,0.64904,-1.13177,1.89751,-0.59601,-0.53190,-0.98430
35.500000,1775,0.53600,0.59893,-1.11771,1.91616,-0.65384,-0.57030,-0.93005,0.53594,0.52461,-1.11552,1.90623,-0.69245,-0.56946,-0.90957,0.45571,0.61936,-1.13323,1.88852,-0.60023,-0.54060,-0.99159
35.600000,1780,0.53333,0.57108,-1.11771,1.90510,-0.65689,-0.57907,-0.94340,0.53662,0.49498,-1.11741,1.89563,-0.69734,-0.57887,-0.91651,0.45599,0.58942,-1.13512,1.87792,-0.60512,-0.54926,-0.99832
35.700000,1785,0.53409,0.54437,-1.11771,1.89404,-0.65804,-0.58784,-0.94492,0.53733,0.46377,-1.11925,1.88528,-0.70266,-0.58647,-0.92376,0.45624,0.55860,-1.13696,1.86757,-0.61034,-0.55826,-1.00570
35.800000,1790,0.53371,0.51309,-1.11771,1.88297,-0.66071,-0.59967,-0.95141,0.53801,0.43309,-1.12129,1.87417,-0.70870,-0.59796,-0.93068,0.45659,0.52690,-1.13901,1.85646,-0.61614,-0.56747,-1.01324
35.900000,1795,0.53371,0.48334,-1.11771,1.87077,-0.66300,-0.60616,-0.95980,0.53875,0.40163,-1.12389,1.86108,-0.71521,-0.60899,-0.93786,0.45715,0.49448,-1.14160,1.84337,-0.62279,-0.57677,-1.02036
36.000000,1800,0.53409,0.45435,-1.11771,1.85780,-0.68436,-0.61531,-0.96705,0.54181,0.37331,-1.12445,1.85399,-0.71682,-0.61448,-0.94572,0.45948,0.46645,-1.14216,1.83628,-0.62491,-0.58581,-1.02822
36.100000,1805,0.53409,0.42802,-1.11771,1.85474,-0.68398,-0.62790,-0.97392,0.55077,0.36628,-1.11662,1.87257,-0.69849,-0.61380,-0.95518,0.46827,0.45970,-1.13433,1.85485,-0.60744,-0.59321,-1.03763
36.200000,1810,0.53448,0.42040,-1.11733,1.86695,-0.68321,-0.62828,-0.97888,0.56226,0.36496,-1.10591,1.89985,-0.67421,-0.61498,-0.96532,0.47947,0.46053,-1.12363,1.88214,-0.58295,-0.60007,-1.04736
36.300000,1815,0.53562,0.42078,-1.10551,1.89175,-0.67902,-0.62866,-0.99719,0.57297,0.36533,-1.09512,1.92737,-0.64961,-0.62004,-0.97463,0.49073,0.46154,-1.11283,1.90966,-0.55826,-0.60693,-1.05711
36.400000,1820,0.54439,0.42116,-1.09521,1.91921,-0.67520,-0.63019,-1.00024,0.57727,0.38043,-1.08652,1.95056,-0.62677,-0.61686,-0.98179,0.49851,0.47224,-1.10423,1.93285,-0.53810,-0.60842,-1.06150
36.500000,1825,0.55279,0.42192,-1.08529,1.94248,-0.64926,-0.63133,-1.00062,0.57329,0.42128,-1.08203,1.96587,-0.61344,-0.60918,-0.97900,0.49896,0.50307,-1.09974,1.94816,-0.52734,-0.59861,-1.05555
36.600000,1830,0.55393,0.44557,-1.08414,1.95927,-0.64392,-0.63019,-1.00024,0.57322,0.45087,-1.07844,1.97913,-0.60532,-0.59826,-0.97298,0.49835,0.53686,-1.09615,1.96141,-0.51868,-0.58684,-1.04791
36.700000,1835,0.55393,0.48029,-1.08109,1.96766,-0.61989,-0.62676,-1.00024,0.57223,0.48205,-1.07549,1.99056,-0.59775,-0.58556,-0.96483,0.49790,0.57028,-1.09320,1.97285,-0.51093,-0.57499,-1.03971
36.800000,1840,0.55393,0.51004,-1.07766,1.98025,-0.60043,-0.61989,-0.99909,0.57153,0.51493,-1.07279,2.00124,-0.59046,-0.57407,-0.95691,0.49762,0.60309,-1.09051,1.98352,-0.50378,-0.56323,-1.03156
36.900000,1845,0.55393,0.53713,-1.07613,1.99207,-0.59929,-0.61111,-0.99528,0.57112,0.54726,-1.06999,2.01213,-0.58293,-0.56276,-0.95052,0.49749,0.63526,-1.08771,1.99442,-0.49690,-0.55170,-1.02399
37.000000,1850,0.55393,0.56688,-1.07270,2.00199,-0.59319,-0.59395,-0.98765,0.57045,0.57890,-1.06781,2.02125,-0.57671,-0.55060,-0.94296,0.49752,0.66736,-1.08552,2.00354,-0.49091,-0.54001,-1.01564
37.100000,1855,0.55393,0.59702,-1.07270,2.01191,-0.59166,-0.57335,-0.97582,0.57018,0.61071,-1.06614,2.02892,-0.57100,-0.53765,-0.93536,0.49770,0.69941,-1.08385,2.01121,-0.48575,-0.52819,-1.00661
37.200000,1860,0.55393,0.62487,-1.07079,2.02069,-0.57106,-0.55733,-0.96438,0.56943,0.64240,-1.06480,2.03566,-0.56662,-0.52606,-0.92551,0.49798,0.73136,-1.08251,2.01795,-0.48130,-0.51635,-0.99719
37.300000,1865,0.55393,0.65500,-1.07079,2.02603,-0.57068,-0.54092,-0.95026,0.56974,0.67381,-1.06379,2.04146,-0.56221,-0.51333,-0.91745,0.49837,0.76322,-1.08150,2.02375,-0.47760,-0.50454,-0.98736
37.400000,1870,0.55393,0.68399,-1.07079,2.03289,-0.57068,-0.52109,-0.92890,0.56912,0.70560,-1.06309,2.04635,-0.55877,-0.49983,-0.90785,0.49883,0.79495,-1.08080,2.02864,-0.47465,-0.49278,-0.97709
37.500000,1875,0.55393,0.71222,-1.07041,2.03709,-0.56992,-0.50468,-0.91326,0.56875,0.73720,-1.06270,2.05032,-0.55629,-0.48807,-0.89770,0.49935,0.82653,-1.08041,2.03261,-0.47251,-0.48113,-0.96639
37.600000,1880,0.55393,0.74083,-1.06927,2.04167,-0.56877,-0.49057,-0.91097,0.56851,0.76766,-1.06261,2.05335,-0.55510,-0.47591,-0.88615,0.49993,0.85790,-1.08032,2.03564,-0.47120,-0.46965,-0.95524
37.700000,1885,0.55431,0.77135,-1.06736,2.04396,-0.55199,-0.48065,-0.88732,0.56839,0.79936,-1.06279,2.05547,-0.55383,-0.46360,-0.87649,0.50053,0.88901,-1.08050,2.03775,-0.47074,-0.45837,-0.94367
37.800000,1890,0.55431,0.79958,-1.06698,2.04434,-0.54817,-0.46081,-0.86367,0.56841,0.83006,-1.06324,2.05664,-0.55356,-0.45178,-0.86552,0.50114,0.91979,-1.08096,2.03893,-0.47115,-0.44738,-0.93167
37.900000,1895,0.55393,0.82667,-1.06698,2.04701,-0.54817,-0.44288,-0.85947,0.56792,0.85958,-1.06394,2.05688,-0.55496,-0.44023,-0.85288,0.50176,0.95019,-1.08166,2.03917,-0.47243,-0.43671,-0.91927
38.000000,1900,0.55431,0.85528,-1.06698,2.04701,-0.54855,-0.43831,-0.84383,0.56815,0.88982,-1.06488,2.05618,-0.55641,-0.42866,-0.84098,0.50237,0.98016,-1.08259,2.03847,-0.47462,-0.42643,-0.90649
38.100000,1905,0.55431,0.88313,-1.06698,2.04777,-0.54855,-0.42228,-0.82133,0.56770,0.91934,-1.06602,2.05456,-0.55869,-0.41758,-0.82975,0.50295,1.00964,-1.08373,2.03684,-0.47768,-0.41659,-0.89334
38.200000,1910,0.55431,0.90983,-1.06698,2.04777,-0.54893,-0.40893,-0.80721,0.56708,0.94823,-1.06736,2.05200,-0.56247,-0.40774,-0.81593,0.50350,1.03857,-1.08507,2.03429,-0.48162,-0.40724,-0.87987
38.300000,1915,0.55431,0.93729,-1.06698,2.04777,-0.54932,-0.39634,-0.79920,0.56727,0.97523,-1.06887,2.04851,-0.56685,-0.39649,-0.80336,0.50400,1.06690,-1.08659,2.03079,-0.48643,-0.39844,-0.86608
38.400000,1920,0.55431,0.96362,-1.06698,2.04777,-0.54932,-0.38337,-0.78051,0.56670,1.00339,-1.07054,2.04409,-0.57180,-0.38733,-0.79021,0.50445,1.09459,-1.08825,2.02638,-0.49209,-0.39021,-0.85204
38.500000,1925,0.55431,0.98918,-1.06698,2.04777,-0.55199,-0.37765,-0.76716,0.56644,1.03036,-1.07234,2.03876,-0.57762,-0.37889,-0.77683,0.50485,1.12159,-1.09006,2.02105,-0.49856,-0.38261,-0.83776
38.600000,1930,0.55431,1.01397,-1.06736,2.04510,-0.55580,-0.36430,-0.75190,0.56554,1.05685,-1.07427,2.03251,-0.58416,-0.37109,-0.76310,0.50518,1.14785,-1.09198,2.01479,-0.50583,-0.37567,-0.82329
38.700000,1935,0.55431,1.03877,-1.06736,2.03861,-0.55695,-0.35743,-0.73282,0.56463,1.08284,-1.07629,2.02534,-0.59157,-0.36391,-0.74900,0.50545,1.17334,-1.09400,2.00763,-0.51385,-0.36943,-0.80865
38.800000,1940,0.55469,1.06356,-1.06736,2.03137,-0.57945,-0.35171,-0.72558,0.56444,1.10643,-1.07840,2.01728,-0.59937,-0.35551,-0.73564,0.50565,1.19802,-1.09611,1.99957,-0.52259,-0.36390,-0.79391
38.900000,1945,0.55698,1.08645,-1.06927,2.02297,-0.58937,-0.33798,-0.70307,0.56346,1.13175,-1.08058,2.00833,-0.60724,-0.35013,-0.72300,0.50578,1.22185,-1.09829,1.99062,-0.53200,-0.35912,-0.77908
39.000000,1950,0.55660,1.10934,-1.07308,2.01458,-0.60616,-0.33226,-0.68399,0.56272,1.15373,-1.08281,1.99849,-0.61751,-0.34470,-0.70776,0.50585,1.24481,-1.10052,1.98078,-0.54204,-0.35509,-0.76421
39.100000,1955,0.55698,1.12918,-1.07423,2.00428,-0.60997,-0.33073,-0.67598,0.56205,1.17581,-1.08508,1.98778,-0.62784,-0.34080,-0.69238,0.50586,1.26688,-1.10280,1.97007,-0.55265,-0.35183,-0.74933
39.200000,1960,0.55698,1.15207,-1.07919,1.99436,-0.63210,-0.32730,-0.66225,0.56186,1.19619,-1.08738,1.97620,-0.63782,-0.33519,-0.67966,0.50582,1.28803,-1.10510,1.95849,-0.56379,-0.34936,-0.73448
39.300000,1965,0.55698,1.16999,-1.08071,1.98292,-0.63973,-0.32157,-0.64013,0.55959,1.21805,-1.08970,1.96377,-0.64799,-0.33295,-0.66554,0.50572,1.30824,-1.10741,1.94605,-0.57541,-0.34766,-0.71968
39.400000,1970,0.55660,1.18983,-1.08262,1.97147,-0.66109,-0.31890,-0.62601,0.55896,1.23623,-1.09202,1.95048,-0.65958,-0.32963,-0.65141,0.50557,1.32750,-1.10973,1.93277,-0.58746,-0.34674,-0.70498
39.500000,1975,0.55660,1.20662,-1.08643,1.95660,-0.66223,-0.31471,-0.62296,0.55789,1.25509,-1.09433,1.93637,-0.67184,-0.32961,-0.63585,0.50539,1.34580,-1.11204,1.91865,-0.59988,-0.34661,-0.69038
39.600000,1980,0.55660,1.22416,-1.08758,1.94210,-0.68474,-0.31280,-0.59893,0.55810,1.27231,-1.09662,1.92142,-0.68207,-0.32765,-0.62544,0.50517,1.36312,-1.11433,1.90371,-0.61263,-0.34724,-0.67591
39.700000,1985,0.55698,1.23980,-1.09025,1.92761,-0.69618,-0.31280,-0.58748,0.55648,1.28948,-1.09888,1.90566,-0.69449,-0.32842,-0.61022,0.50493,1.37946,-1.11659,1.88795,-0.62565,-0.34862,-0.66160
39.800000,1990,0.55660,1.25545,-1.09368,1.91273,-0.71144,-0.31280,-0.57375,0.55506,1.30387,-1.10110,1.88910,-0.70758,-0.32791,-0.59628,0.50468,1.39482,-1.11881,1.87138,-0.63890,-0.35076,-0.64746
39.900000,1995,0.55660,1.26994,-1.09406,1.89594,-0.72174,-0.31280,-0.56192,0.55474,1.31746,-1.10328,1.87173,-0.72003,-0.32822,-0.58311,0.50441,1.40920,-1.12099,1.85402,-0.65232,-0.35363,-0.63350
40.000000,2000,0.55698,1.28444,-1.09750,1.87878,-0.74082,-0.31318,-0.54552,0.55283,1.33205,-1.10539,1.85358,-0.73217,-0.33029,-0.56994,0.50416,1.42259,-1.12310,1.83587,-0.66589,-0.35721,-0.61972
40.100000,2005,0.55660,1.29588,-1.10055,1.85970,-0.76065,-0.31318,-0.52873,0.55247,1.34548,-1.10744,1.83464,-0.74371,-0.33370,-0.55854,0.50391,1.43501,-1.12515,1.81693,-0.67955,-0.36149,-0.60614
40.200000,2010,0.55660,1.30656,-1.10055,1.84101,-0.76714,-0.31433,-0.51920,0.55093,1.35733,-1.10941,1.81493,-0.75718,-0.33851,-0.54402,0.50368,1.44645,-1.12712,1.79722,-0.69327,-0.36645,-0.59275
40.300000,2015,0.55660,1.32030,-1.10551,1.82079,-0.78812,-0.31547,-0.51462,0.55111,1.36677,-1.11130,1.79445,-0.76985,-0.34190,-0.53165,0.50348,1.45692,-1.12901,1.77674,-0.70701,-0.37207,-0.57955
40.400000,2020,0.55660,1.33060,-1.10703,1.80096,-0.79308,-0.31814,-0.49974,0.54933,1.37726,-1.11309,1.77320,-0.78189,-0.34573,-0.51952,0.50333,1.46643,-1.13080,1.75548,-0.72074,-0.37834,-0.56654
40.500000,2025,0.55660,1.33365,-1.10703,1.77883,-0.80643,-0.32501,-0.49288,0.54901,1.38704,-1.11477,1.75117,-0.79366,-0.35266,-0.50697,0.50322,1.47499,-1.13248,1.73346,-0.73444,-0.38523,-0.55370
40.600000,2030,0.55660,1.33899,-1.10818,1.75899,-0.81902,-0.34179,-0.46961,0.54922,1.39495,-1.11634,1.72838,-0.80510,-0.35741,-0.49702,0.50317,1.48260,-1.13405,1.71067,-0.74808,-0.39273,-0.54102
40.700000,2035,0.55660,1.35005,-1.11275,1.73458,-0.83351,-0.34332,-0.46312,0.54832,1.40028,-1.11779,1.70479,-0.81814,-0.36296,-0.48439,0.50319,1.48929,-1.13550,1.68708,-0.76164,-0.40083,-0.52848
40.800000,2040,0.55660,1.36111,-1.11275,1.71131,-0.84191,-0.35095,-0.44901,0.54782,1.40745,-1.11911,1.68039,-0.82956,-0.37045,-0.47319,0.50329,1.49506,-1.13682,1.66268,-0.77513,-0.40952,-0.51605
40.900000,2045,0.55660,1.36645,-1.11352,1.68613,-0.84954,-0.36468,-0.44405,0.54676,1.41367,-1.12029,1.65512,-0.84124,-0.37904,-0.45989,0.50348,1.49992,-1.13800,1.63741,-0.78854,-0.41881,-0.50369
41.000000,2050,0.55660,1.36645,-1.11428,1.66210,-0.86785,-0.37269,-0.43871,0.54620,1.42027,-1.12131,1.62891,-0.85165,-0.38841,-0.44951,0.50377,1.50387,-1.13902,1.61120,-0.80189,-0.42871,-0.49138
41.100000,2055,0.55660,1.36836,-1.11657,1.63463,-0.87204,-0.38833,-0.41811,0.54655,1.42514,-1.12217,1.60164,-0.86131,-0.39734,-0.44020,0.50420,1.50680,-1.13988,1.58392,-0.81519,-0.43921,-0.47903
41.200000,2060,0.55660,1.37790,-1.11924,1.60945,-0.89379,-0.39711,-0.40437,0.54658,1.42506,-1.12273,1.57297,-0.87170,-0.40480,-0.43014,0.50491,1.50764,-1.14044,1.55525,-0.82820,-0.45006,-0.46660
41.300000,2065,0.55622,1.38057,-1.11924,1.57779,-0.89417,-0.40283,-0.39903,0.54495,1.43155,-1.12315,1.54315,-0.88130,-0.41764,-0.41805,0.50573,1.50809,-1.14087,1.52543,-0.84139,-0.46174,-0.45402
41.400000,2070,0.55660,1.38057,-1.11924,1.54994,-0.90180,-0.41961,-0.39255,0.54477,1.43736,-1.12355,1.51217,-0.88942,-0.42999,-0.40910,0.50653,1.50845,-1.14126,1.49446,-0.85482,-0.47454,-0.44145
41.500000,2075,0.55622,1.38133,-1.11924,1.51904,-0.92049,-0.43182,-0.38797,0.54216,1.45091,-1.12233,1.48490,-0.89327,-0.43728,-0.40360,0.50771,1.51066,-1.14005,1.46719,-0.86693,-0.48525,-0.42884
41.600000,2080,0.55622,1.39468,-1.11924,1.50035,-0.92011,-0.44098,-0.38683,0.54039,1.48224,-1.11134,1.48926,-0.88274,-0.41949,-0.40791,0.51036,1.52724,-1.12905,1.47155,-0.86956,-0.47695,-0.41719
41.700000,2085,0.55622,1.43359,-1.11771,1.50569,-0.91973,-0.43945,-0.38148,0.53855,1.51874,-1.09512,1.51029,-0.86912,-0.39634,-0.41145,0.51374,1.55024,-1.11283,1.49257,-0.86692,-0.45824,-0.40623
41.800000,2090,0.55622,1.47785,-1.10436,1.52591,-0.91630,-0.43335,-0.38110,0.53140,1.61673,-1.07877,1.53166,-0.84394,-0.38479,-0.41960,0.51715,1.57341,-1.09647,1.51395,-0.86418,-0.43930,-0.39525
41.900000,2095,0.55393,1.55376,-1.08910,1.55376,-0.90600,-0.42381,-0.38148,0.52627,1.68130,-1.06677,1.55509,-0.81350,-0.38094,-0.44179,0.51999,1.59096,-1.08377,1.53738,-0.85909,-0.42101,-0.38965
42.000000,2100,0.55431,1.63501,-1.07804,1.57169,-0.85869,-0.40779,-0.40285,0.53301,1.67859,-1.06435,1.58521,-0.81548,-0.36824,-0.44194,0.52127,1.59430,-1.08157,1.56750,-0.84735,-0.40479,-0.39941
42.100000,2105,0.55698,1.66286,-1.07461,1.60183,-0.84572,-0.38719,-0.41925,0.53767,1.68210,-1.06472,1.61648,-0.80624,-0.36047,-0.44888,0.52232,1.59435,-1.08189,1.59876,-0.83388,-0.38977,-0.41286
42.200000,2110,0.55698,1.66248,-1.07461,1.64074,-0.83657,-0.38604,-0.41849,0.54149,1.68330,-1.06528,1.64659,-0.79490,-0.35387,-0.46119,0.52339,1.59365,-1.08218,1.62887,-0.82030,-0.37574,-0.42643
42.300000,2115,0.55698,1.66248,-1.07461,1.66782,-0.83199,-0.37803,-0.41963,0.54351,1.68240,-1.06571,1.67572,-0.78430,-0.34445,-0.47367,0.52450,1.59300,-1.08235,1.65801,-0.80681,-0.36268,-0.43986
42.400000,2120,0.55698,1.66248,-1.07461,1.69681,-0.80719,-0.36010,-0.42841,0.54662,1.67700,-1.06549,1.70345,-0.77885,-0.33637,-0.48042,0.52590,1.59021,-1.08221,1.68574,-0.79286,-0.34996,-0.45317
42.500000,2125,0.55736,1.66248,-1.07461,1.72352,-0.80452,-0.35514,-0.45244,0.55199,1.66437,-1.06476,1.73010,-0.77505,-0.32596,-0.48449,0.52746,1.58624,-1.08187,1.71239,-0.77863,-0.33783,-0.46648
42.600000,2130,0.56881,1.65981,-1.07423,1.74907,-0.78240,-0.33302,-0.46541,0.55335,1.65451,-1.06405,1.75584,-0.76311,-0.31208,-0.49301,0.52913,1.58132,-1.08136,1.73813,-0.76417,-0.32633,-0.47985
42.700000,2135,0.57377,1.65409,-1.07308,1.77387,-0.78011,-0.32196,-0.47266,0.56151,1.63459,-1.06336,1.78073,-0.76093,-0.30512,-0.50012,0.53090,1.57542,-1.08070,1.76302,-0.74943,-0.31546,-0.49337
42.800000,2140,0.57415,1.63311,-1.07308,1.79752,-0.75836,-0.30899,-0.47647,0.56862,1.59286,-1.06232,1.80483,-0.76575,-0.29699,-0.49421,0.53275,1.56854,-1.07991,1.78712,-0.73443,-0.30521,-0.50707
42.900000,2145,0.58597,1.58504,-1.07270,1.81812,-0.75722,-0.29144,-0.47876,0.58154,1.48399,-1.06128,1.82817,-0.77720,-0.26396,-0.47774,0.53468,1.56067,-1.07899,1.81046,-0.71917,-0.29560,-0.52101
43.000000,2150,0.59322,1.49845,-1.07156,1.83987,-0.75798,-0.25978,-0.48677,0.59084,1.45541,-1.06023,1.85075,-0.77725,-0.24830,-0.47510,0.53667,1.55177,-1.07794,1.83303,-0.70366,-0.28666,-0.53522
43.100000,2155,0.59322,1.44428,-1.07117,1.86581,-0.75798,-0.24757,-0.48639,0.59663,1.44181,-1.05909,1.87258,-0.76644,-0.23772,-0.48719,0.53871,1.54184,-1.07680,1.85487,-0.68796,-0.27840,-0.54973
43.200000,2160,0.59322,1.44122,-1.07117,1.88450,-0.75722,-0.22926,-0.49326,0.60022,1.42927,-1.05784,1.89368,-0.75319,-0.22645,-0.50167,0.54078,1.53088,-1.07555,1.87596,-0.67208,-0.27086,-0.56456
43.300000,2165,0.59894,1.44046,-1.07079,1.90243,-0.74539,-0.21018,-0.51081,0.60292,1.41705,-1.05651,1.91400,-0.73801,-0.21980,-0.51531,0.54288,1.51884,-1.07422,1.89629,-0.65608,-0.26408,-0.57974
43.400000,2170,0.60429,1.43359,-1.06774,1.92188,-0.72746,-0.20751,-0.52645,0.60613,1.40397,-1.05510,1.93356,-0.72303,-0.21708,-0.52908,0.54498,1.50575,-1.07281,1.91585,-0.64001,-0.25808,-0.59527
43.500000,2175,0.60467,1.41719,-1.06621,1.94210,-0.70915,-0.20751,-0.53293,0.60867,1.39006,-1.05362,1.95236,-0.70822,-0.21670,-0.54324,0.54707,1.49159,-1.07133,1.93465,-0.62391,-0.25289,-0.61116
43.600000,2180,0.60657,1.39926,-1.06621,1.96079,-0.69885,-0.20637,-0.54781,0.61200,1.37460,-1.05207,1.97037,-0.69275,-0.21439,-0.55889,0.54914,1.47634,-1.06979,1.95266,-0.60787,-0.24856,-0.62741
43.700000,2185,0.60696,1.39087,-1.06507,1.97720,-0.67597,-0.20446,-0.57642,0.61528,1.35794,-1.05048,1.98759,-0.67845,-0.21411,-0.57402,0.55118,1.46000,-1.06819,1.96987,-0.59193,-0.24510,-0.64402
43.800000,2190,0.60963,1.37637,-1.06278,1.99207,-0.65193,-0.20332,-0.59435,0.61718,1.34077,-1.04884,2.00401,-0.66259,-0.21360,-0.58985,0.55316,1.44258,-1.06655,1.98630,-0.57616,-0.24253,-0.66097
43.900000,2195,0.61649,1.35615,-1.05935,2.00962,-0.64659,-0.20103,-0.60694,0.62058,1.32222,-1.04717,2.01960,-0.64704,-0.21359,-0.60779,0.55508,1.42406,-1.06488,2.00189,-0.56064,-0.24090,-0.67826
44.000000,2200,0.62069,1.34051,-1.05553,2.02526,-0.62332,-0.20141,-0.62716,0.62349,1.30250,-1.04547,2.03437,-0.63378,-0.21922,-0.62323,0.55693,1.40445,-1.06318,2.01666,-0.54544,-0.24022,-0.69585
44.100000,2205,0.62069,1.32258,-1.05324,2.03823,-0.60730,-0.20179,-0.65081,0.62630,1.28182,-1.04375,2.04830,-0.61971,-0.22355,-0.64030,0.55868,1.38377,-1.06146,2.03059,-0.53063,-0.24050,-0.71373
44.200000,2210,0.62336,1.30275,-1.05286,2.05158,-0.59662,-0.20294,-0.65844,0.62957,1.26013,-1.04203,2.06136,-0.60534,-0.22809,-0.65904,0.56033,1.36200,-1.05974,2.04365,-0.51630,-0.24178,-0.73186
44.300000,2215,0.62336,1.27986,-1.05172,2.06417,-0.57602,-0.20751,-0.68972,0.63126,1.23733,-1.04034,2.07352,-0.59269,-0.23571,-0.67474,0.56187,1.33915,-1.05805,2.05580,-0.50250,-0.24408,-0.75017
44.400000,2220,0.62336,1.25888,-1.05019,2.07562,-0.57030,-0.21057,-0.70726,0.63453,1.21330,-1.03869,2.08474,-0.57971,-0.24204,-0.69392,0.56329,1.31523,-1.05640,2.06703,-0.48935,-0.24741,-0.76864
44.500000,2225,0.62336,1.23713,-1.04714,2.08630,-0.54855,-0.21896,-0.72405,0.63605,1.18857,-1.03705,2.09510,-0.56786,-0.25056,-0.71103,0.56458,1.29031,-1.05477,2.07739,-0.47690,-0.25171,-0.78722
44.600000,2230,0.62336,1.21272,-1.04600,2.09545,-0.54397,-0.23193,-0.74541,0.63864,1.16266,-1.03545,2.10459,-0.55652,-0.26013,-0.72953,0.56573,1.26443,-1.05316,2.08687,-0.46526,-0.25697,-0.80589
44.700000,2235,0.62946,1.18602,-1.04371,2.10461,-0.52986,-0.23918,-0.76410,0.63946,1.13613,-1.03388,2.11320,-0.54572,-0.26792,-0.74735,0.56674,1.23761,-1.05159,2.09548,-0.45447,-0.26314,-0.82459
44.800000,2240,0.63442,1.16122,-1.03913,2.11262,-0.51956,-0.25215,-0.78432,0.64158,1.10824,-1.03237,2.12092,-0.53669,-0.27918,-0.76484,0.56761,1.20988,-1.05008,2.10321,-0.44460,-0.27019,-0.84327
44.900000,2245,0.63442,1.13452,-1.03913,2.11949,-0.51727,-0.26664,-0.80874,0.64357,1.07973,-1.03094,2.12772,-0.52820,-0.29199,-0.78332,0.56833,1.18129,-1.04865,2.11001,-0.43574,-0.27812,-0.86187
45.000000,2250,0.63442,1.10743,-1.03799,2.12368,-0.50392,-0.28839,-0.82094,0.64469,1.05047,-1.02963,2.13357,-0.52076,-0.30447,-0.80097,0.56893,1.15185,-1.04734,2.11586,-0.42793,-0.28689,-0.88031
45.100000,2255,0.63442,1.07844,-1.03722,2.12902,-0.49248,-0.29525,-0.84078,0.64607,1.02032,-1.02849,2.13841,-0.51424,-0.31804,-0.81916,0.56939,1.12162,-1.04621,2.12070,-0.42123,-0.29652,-0.89850
45.200000,2260,0.63442,1.04716,-1.03532,2.13284,-0.48942,-0.31471,-0.86634,0.64679,0.98959,-1.02754,2.14225,-0.50896,-0.33182,-0.83601,0.56973,1.09065,-1.04525,2.12454,-0.41568,-0.30692,-0.91641
45.300000,2265,0.63442,1.01931,-1.03341,2.13513,-0.48675,-0.33569,-0.87817,0.64774,0.95818,-1.02677,2.14512,-0.50471,-0.34556,-0.85339,0.56997,1.05902,-1.04448,2.12741,-0.41133,-0.31800,-0.93400
45.400000,2270,0.63442,0.98879,-1.03341,2.13818,-0.47149,-0.34713,-0.89686,0.64848,0.92606,-1.02622,2.14701,-0.50185,-0.35982,-0.87029,0.57010,1.02679,-1.04394,2.12930,-0.40818,-0.32968,-0.95122
45.500000,2275,0.63442,0.95751,-1.03341,2.13971,-0.46997,-0.36811,-0.92051,0.64928,0.89312,-1.02592,2.14792,-0.50028,-0.37365,-0.88634,0.57016,0.99404,-1.04364,2.13021,-0.40625,-0.34189,-0.96803
45.600000,2280,0.63442,0.92547,-1.03226,2.14047,-0.46997,-0.38032,-0.92738,0.64968,0.86041,-1.02590,2.14785,-0.49950,-0.38876,-0.90286,0.57016,0.96084,-1.04361,2.13014,-0.40555,-0.35454,-0.98439
45.700000,2285,0.63442,0.89342,-1.03150,2.14085,-0.47035,-0.39863,-0.94531,0.65027,0.82692,-1.02617,2.14680,-0.50024,-0.40367,-0.91835,0.57012,0.92726,-1.04388,2.12909,-0.40607,-0.36756,-1.00028
45.800000,2290,0.63442,0.86138,-1.03150,2.14047,-0.47035,-0.41694,-0.95904,0.65068,0.79315,-1.02676,2.14478,-0.50225,-0.41876,-0.93300,0.57006,0.89338,-1.04448,2.12706,-0.40777,-0.38086,-1.01566
45.900000,2295,0.63442,0.82857,-1.03150,2.14047,-0.47035,-0.42953,-0.97659,0.65114,0.75923,-1.02771,2.14177,-0.50516,-0.43344,-0.94805,0.57001,0.85928,-1.04542,2.12406,-0.41065,-0.39435,-1.03052
46.000000,2300,0.63442,0.79539,-1.03150,2.14047,-0.47111,-0.44899,-0.99604,0.65153,0.72520,-1.02903,2.13779,-0.50936,-0.44856,-0.96192,0.56999,0.82503,-1.04674,2.12008,-0.41467,-0.40796,-1.04485
46.100000,2305,0.63442,0.76334,-1.03150,2.13932,-0.47111,-0.46272,-1.00443,0.65212,0.69109,-1.03074,2.13284,-0.51450,-0.46311,-0.97568,0.57004,0.79070,-1.04845,2.11512,-0.41976,-0.42159,-1.05865
46.200000,2310,0.63442,0.72977,-1.03150,2.13513,-0.47416,-0.47912,-1.02007,0.65246,0.65702,-1.03285,2.12693,-0.52071,-0.47790,-0.98869,0.57017,0.75636,-1.05057,2.10921,-0.42587,-0.43517,-1.07192
46.300000,2315,0.63442,0.69697,-1.03150,2.12864,-0.47455,-0.49858,-1.03457,0.65319,0.62300,-1.03539,2.12006,-0.52783,-0.49223,-1.00141,0.57041,0.72205,-1.05310,2.10235,-0.43295,-0.44864,-1.08469
46.400000,2320,0.63442,0.66454,-1.03150,2.12063,-0.48256,-0.50926,-1.04869,0.65390,0.58897,-1.03835,2.11223,-0.53586,-0.50602,-1.01352,0.57079,0.68780,-1.05606,2.09451,-0.44095,-0.46193,-1.09697
46.500000,2325,0.63480,0.63288,-1.03188,2.11377,-0.50392,-0.52719,-1.05555,0.65500,0.55515,-1.04185,2.10321,-0.54477,-0.51913,-1.02565,0.57130,0.65366,-1.05957,2.08550,-0.44991,-0.47499,-1.10866
46.600000,2330,0.63442,0.59854,-1.03341,2.10308,-0.50430,-0.53863,-1.05632,0.65564,0.52199,-1.04629,2.09228,-0.55509,-0.53331,-1.03606,0.57180,0.61974,-1.06399,2.07457,-0.46020,-0.48772,-1.11926
46.700000,2335,0.63442,0.56536,-1.03493,2.09164,-0.52681,-0.55237,-1.07310,0.65735,0.48720,-1.05070,2.08119,-0.56584,-0.54573,-1.04678,0.57274,0.58544,-1.06840,2.06348,-0.47074,-0.50030,-1.13029
46.800000,2340,0.63785,0.53484,-1.03875,2.08020,-0.53520,-0.56229,-1.08111,0.65902,0.45252,-1.05531,2.06953,-0.57692,-0.55703,-1.05809,0.57407,0.55067,-1.07302,2.05181,-0.48178,-0.51274,-1.14159
46.900000,2345,0.63747,0.49936,-1.04371,2.06951,-0.55733,-0.57869,-1.09751,0.66075,0.41819,-1.06065,2.05627,-0.58903,-0.57117,-1.06826,0.57562,0.51558,-1.07835,2.03856,-0.49385,-0.52494,-1.15250
47.000000,2350,0.63747,0.46617,-1.05019,2.05387,-0.57869,-0.58556,-1.10133,0.66384,0.38383,-1.06627,2.04235,-0.60041,-0.58468,-1.07918,0.57786,0.48116,-1.08398,2.02464,-0.50558,-0.53747,-1.16301
47.100000,2355,0.64014,0.43451,-1.05363,2.04205,-0.57983,-0.60387,-1.10476,0.67341,0.36746,-1.06548,2.04287,-0.59043,-0.60573,-1.08715,0.58725,0.46332,-1.08319,2.02516,-0.49701,-0.55974,-1.17235
47.200000,2360,0.64472,0.41734,-1.05363,2.04205,-0.57869,-0.62065,-1.11392,0.68872,0.36434,-1.05970,2.05493,-0.56327,-0.63391,-1.09339,0.60247,0.46059,-1.07741,2.03722,-0.47093,-0.59076,-1.17934
47.300000,2365,0.66952,0.41544,-1.05363,2.04548,-0.57487,-0.65308,-1.12689,0.70421,0.36112,-1.05367,2.06754,-0.53554,-0.66121,-1.09991,0.61812,0.45828,-1.07138,2.04983,-0.44388,-0.62259,-1.18637
47.400000,2370,0.68935,0.41391,-1.05210,2.05998,-0.56915,-0.68321,-1.13070,0.72012,0.35899,-1.04758,2.08027,-0.50803,-0.69442,-1.10683,0.63393,0.45595,-1.06529,2.06256,-0.41655,-0.65473,-1.19347
47.500000,2375,0.70271,0.41010,-1.04676,2.07333,-0.53329,-0.71182,-1.13604,0.73544,0.35742,-1.04148,2.09303,-0.48084,-0.73015,-1.11327,0.64976,0.45365,-1.05919,2.07532,-0.38918,-0.68689,-1.20057
47.600000,2380,0.72102,0.41010,-1.04027,2.08592,-0.49743,-0.74578,-1.14749,0.74327,0.36961,-1.03601,2.10600,-0.45483,-0.74104,-1.11736,0.66082,0.46232,-1.05372,2.08829,-0.36523,-0.70527,-1.20251
47.700000,2385,0.72788,0.41124,-1.03532,2.10194,-0.47073,-0.75913,-1.15016,0.74067,0.40965,-1.03082,2.12068,-0.43586,-0.72247,-1.11291,0.66157,0.49597,-1.04854,2.10297,-0.34841,-0.69201,-1.19396
47.800000,2390,0.72865,0.42993,-1.03226,2.11720,-0.45051,-0.75646,-1.14825,0.74049,0.44255,-1.02593,2.13485,-0.42048,-0.70199,-1.10471,0.66154,0.53249,-1.04364,2.11714,-0.33283,-0.67463,-1.18422
47.900000,2395,0.72826,0.46579,-1.02769,2.12864,-0.42305,-0.74921,-1.14863,0.74002,0.47702,-1.02204,2.14740,-0.40611,-0.68086,-1.09453,0.66166,0.56918,-1.03976,2.12969,-0.31827,-0.65657,-1.17363
48.000000,2400,0.72826,0.50089,-1.02425,2.14085,-0.41351,-0.72670,-1.14749,0.74108,0.51237,-1.01801,2.15950,-0.39110,-0.66104,-1.08548,0.66250,0.60562,-1.03573,2.14179,-0.30367,-0.63822,-1.16324
48.100000,2405,0.72865,0.53331,-1.01929,2.15458,-0.39978,-0.70229,-1.12880,0.74133,0.55007,-1.01457,2.17052,-0.37654,-0.64173,-1.07624,0.66358,0.64221,-1.03229,2.15281,-0.28986,-0.61934,-1.15231
48.200000,2410,0.72865,0.56650,-1.01815,2.16679,-0.37994,-0.67406,-1.11239,0.74161,0.58681,-1.01214,2.18012,-0.36382,-0.62192,-1.06498,0.66466,0.67918,-1.02985,2.16241,-0.27737,-0.59979,-1.14038
48.300000,2415,0.72865,0.60121,-1.01472,2.17595,-0.36163,-0.64888,-1.09217,0.74209,0.62428,-1.01026,2.18872,-0.35159,-0.60127,-1.05353,0.66593,0.71638,-1.02797,2.17101,-0.26581,-0.57976,-1.12777
48.400000,2420,0.72865,0.63707,-1.01395,2.18319,-0.35972,-0.61951,-1.07501,0.74297,0.66138,-1.00893,2.19633,-0.34061,-0.57925,-1.04157,0.66736,0.75377,-1.02664,2.17862,-0.25527,-0.55930,-1.11445
48.500000,2425,0.73017,0.67255,-1.01281,2.19197,-0.33722,-0.59509,-1.05403,0.74329,0.69918,-1.00813,2.20296,-0.33066,-0.55731,-1.02813,0.66892,0.79131,-1.02584,2.18524,-0.24585,-0.53849,-1.10037
48.600000,2430,0.73437,0.70726,-1.01128,2.19883,-0.33454,-0.56610,-1.03457,0.74442,0.73577,-1.00783,2.20858,-0.32229,-0.53376,-1.01434,0.67057,0.82892,-1.02554,2.19086,-0.23766,-0.51742,-1.08550
48.700000,2435,0.73437,0.74160,-1.01090,2.20303,-0.33073,-0.53940,-1.01702,0.74492,0.77385,-1.00801,2.21320,-0.31512,-0.51269,-0.99942,0.67226,0.86652,-1.02572,2.19549,-0.23076,-0.49622,-1.06984
48.800000,2440,0.73399,0.77860,-1.01090,2.20875,-0.30860,-0.50964,-0.99490,0.74601,0.81089,-1.00863,2.21680,-0.30935,-0.49040,-0.98455,0.67396,0.90401,-1.02634,2.19908,-0.22528,-0.47498,-1.05338
48.900000,2445,0.73818,0.81293,-1.01090,2.21180,-0.30899,-0.48714,-0.97353,0.74657,0.84802,-1.00966,2.21937,-0.30451,-0.46600,-0.96810,0.67564,0.94129,-1.02738,2.20166,-0.22128,-0.45383,-1.03614
49.000000,2450,0.73971,0.84841,-1.01090,2.21447,-0.30784,-0.46043,-0.95637,0.74708,0.88492,-1.01106,2.22093,-0.30202,-0.44491,-0.95124,0.67725,0.97827,-1.02877,2.20321,-0.21881,-0.43291,-1.01815
49.100000,2455,0.73971,0.88351,-1.01090,2.21638,-0.30365,-0.43449,-0.93310,0.74760,0.92135,-1.01279,2.22144,-0.30072,-0.42279,-0.93365,0.67877,1.01484,-1.03050,2.20373,-0.21795,-0.41233,-0.99941
49.200000,2460,0.73971,0.91746,-1.01128,2.21829,-0.30097,-0.40741,-0.91059,0.74756,0.95779,-1.01480,2.22092,-0.30064,-0.40137,-0.91595,0.68016,1.05092,-1.03251,2.20321,-0.21869,-0.39223,-0.97999
49.300000,2465,0.73971,0.95179,-1.01128,2.21905,-0.29830,-0.38223,-0.89724,0.74787,0.99301,-1.01711,2.21931,-0.30279,-0.38088,-0.89665,0.68139,1.08641,-1.03482,2.20160,-0.22106,-0.37281,-0.95986
49.400000,2470,0.74009,0.98612,-1.01128,2.21905,-0.29144,-0.35820,-0.86481,0.74751,1.02834,-1.01972,2.21655,-0.30570,-0.36053,-0.87809,0.68241,1.12125,-1.03743,2.19883,-0.22504,-0.35432,-0.93899
49.500000,2475,0.74391,1.01893,-1.01357,2.21905,-0.29029,-0.33531,-0.85146,0.74687,1.06195,-1.02242,2.21282,-0.31021,-0.33975,-0.85749,0.68334,1.15535,-1.04014,2.19511,-0.23047,-0.33658,-0.91762
49.600000,2480,0.75420,1.05250,-1.01510,2.21905,-0.29106,-0.31509,-0.82209,0.74686,1.09579,-1.02437,2.20890,-0.31350,-0.31628,-0.83854,0.68495,1.18888,-1.04208,2.19119,-0.23569,-0.31902,-0.89609
49.700000,2485,0.75611,1.08416,-1.01510,2.21867,-0.29144,-0.29602,-0.80073,0.74657,1.12844,-1.02682,2.20369,-0.32191,-0.30254,-0.81655,0.68594,1.22141,-1.04453,2.18598,-0.24331,-0.30269,-0.87411
49.800000,2490,0.75611,1.11583,-1.01853,2.21257,-0.29449,-0.27770,-0.77822,0.74583,1.16048,-1.02982,2.19709,-0.33155,-0.28887,-0.79546,0.68622,1.25285,-1.04754,2.17938,-0.25343,-0.28774,-0.85171
49.900000,2495,0.75573,1.14787,-1.02235,2.20532,-0.31166,-0.25863,-0.75533,0.74551,1.19052,-1.03287,2.18949,-0.34161,-0.27298,-0.77638,0.68626,1.28326,-1.05059,2.17178,-0.26502,-0.27392,-0.82909
50.000000,2500,0.75573,1.17610,-1.02387,2.19807,-0.32615,-0.25176,-0.73359,0.74328,1.21973,-1.03595,2.18093,-0.35436,-0.25764,-0.75308,0.68606,1.31261,-1.05366,2.16322,-0.27796,-0.26130,-0.80634
50.100000,2505,0.75573,1.20433,-1.02807,2.18930,-0.34637,-0.23040,-0.70955,0.74077,1.24807,-1.03937,2.17100,-0.36791,-0.24576,-0.73316,0.68522,1.34040,-1.05708,2.15329,-0.29282,-0.25046,-0.78363
50.200000,2510,0.75573,1.23179,-1.03188,2.17976,-0.35743,-0.21781,-0.68361,0.73837,1.27407,-1.04328,2.15954,-0.38426,-0.23683,-0.71143,0.68358,1.36642,-1.06099,2.14183,-0.30974,-0.24167,-0.76106
50.300000,2515,0.75573,1.25545,-1.03493,2.16755,-0.37765,-0.20713,-0.67217,0.73499,1.30058,-1.04637,2.14805,-0.40011,-0.22684,-0.68782,0.68262,1.39224,-1.06408,2.13034,-0.32616,-0.23308,-0.73841
50.400000,2520,0.75573,1.28329,-1.03989,2.15649,-0.40054,-0.20446,-0.64089,0.73313,1.32577,-1.04925,2.13585,-0.41532,-0.21551,-0.66868,0.68165,1.41706,-1.06696,2.11814,-0.34319,-0.22561,-0.71588
50.500000,2525,0.75573,1.30466,-1.04294,2.14466,-0.42457,-0.19492,-0.62334,0.72946,1.35015,-1.05209,2.12279,-0.43213,-0.20890,-0.64630,0.68050,1.44070,-1.06980,2.10508,-0.36098,-0.21948,-0.69357
50.600000,2530,0.75573,1.32983,-1.04638,2.13055,-0.44937,-0.18424,-0.59778,0.72792,1.37228,-1.05492,2.10883,-0.44878,-0.20125,-0.62771,0.67921,1.46309,-1.07264,2.09111,-0.37940,-0.21476,-0.67152
50.700000,2535,0.75535,1.35081,-1.04829,2.11605,-0.45700,-0.17776,-0.57680,0.72461,1.39457,-1.05775,2.09397,-0.46653,-0.19782,-0.60615,0.67779,1.48424,-1.07546,2.07626,-0.39835,-0.21144,-0.64977
50.800000,2540,0.75535,1.37256,-1.05210,2.10194,-0.48065,-0.17700,-0.55582,0.72172,1.41458,-1.06051,2.07830,-0.48502,-0.19349,-0.58510,0.67626,1.50420,-1.07822,2.06059,-0.41772,-0.20939,-0.62841
50.900000,2545,0.75306,1.38972,-1.05439,2.08630,-0.50468,-0.17471,-0.53942,0.71880,1.43440,-1.06323,2.06183,-0.50373,-0.19307,-0.56463,0.67465,1.52296,-1.08094,2.04412,-0.43741,-0.20861,-0.60745
51.000000,2550,0.75306,1.40994,-1.05592,2.07028,-0.51918,-0.17394,-0.51500,0.71637,1.45164,-1.06594,2.04447,-0.52159,-0.19117,-0.54604,0.67297,1.54045,-1.08365,2.02676,-0.45729,-0.20915,-0.58691
51.100000,2555,0.75268,1.42673,-1.05973,2.05197,-0.54207,-0.17471,-0.50279,0.71344,1.46875,-1.06861,2.02627,-0.54038,-0.19187,-0.52632,0.67125,1.55669,-1.08632,2.00856,-0.47726,-0.21094,-0.56682
51.200000,2560,0.75153,1.44161,-1.06126,2.03442,-0.55809,-0.17509,-0.48448,0.71002,1.48394,-1.07122,2.00728,-0.55925,-0.19260,-0.50763,0.66950,1.57173,-1.08893,1.98957,-0.49725,-0.21387,-0.54721
51.300000,2565,0.74963,1.45839,-1.06660,2.01496,-0.58098,-0.17509,-0.46121,0.70667,1.49920,-1.07377,1.98753,-0.57659,-0.19450,-0.49058,0.66774,1.58561,-1.09148,1.96982,-0.51716,-0.21791,-0.52808
51.400000,2570,0.74734,1.46945,-1.06774,1.99474,-0.60654,-0.17623,-0.44557,0.70408,1.51398,-1.07624,1.96702,-0.59469,-0.20039,-0.47281,0.66600,1.59834,-1.09395,1.94931,-0.53692,-0.22299,-0.50942
51.500000,2575,0.74734,1.48280,-1.06965,1.97567,-0.61951,-0.17814,-0.43642,0.70118,1.52473,-1.07863,1.94575,-0.61203,-0.20278,-0.45531,0.66429,1.60993,-1.09634,1.92804,-0.55644,-0.22908,-0.49124
51.600000,2580,0.74619,1.49692,-1.07384,1.95355,-0.63629,-0.17852,-0.41010,0.69765,1.53852,-1.08094,1.92376,-0.62783,-0.20788,-0.44100,0.66263,1.62040,-1.09865,1.90605,-0.57565,-0.23613,-0.47350
51.700000,2585,0.73589,1.50646,-1.07461,1.93104,-0.65842,-0.18501,-0.39484,0.69499,1.54994,-1.08316,1.90102,-0.64544,-0.21722,-0.42322,0.66103,1.62978,-1.10087,1.88331,-0.59450,-0.24408,-0.45619
51.800000,2590,0.73055,1.51637,-1.07995,1.90777,-0.66795,-0.18768,-0.38377,0.69269,1.56046,-1.08528,1.87755,-0.66204,-0.22639,-0.40622,0.65952,1.63807,-1.10299,1.85984,-0.61292,-0.25291,-0.43929
51.900000,2595,0.73055,1.51714,-1.08071,1.88412,-0.68512,-0.20370,-0.36508,0.68848,1.57613,-1.08730,1.85334,-0.67248,-0.23323,-0.39435,0.65810,1.64530,-1.10502,1.83563,-0.63087,-0.26255,-0.42275
52.000000,2600,0.72445,1.53469,-1.08262,1.86237,-0.71068,-0.22163,-0.34982,0.68787,1.57865,-1.08922,1.82838,-0.68767,-0.24110,-0.38282,0.65679,1.65151,-1.10693,1.81067,-0.64832,-0.27298,-0.40651
52.100000,2605,0.71949,1.54880,-1.08681,1.83376,-0.71449,-0.23155,-0.33952,0.68444,1.58790,-1.09103,1.80263,-0.70303,-0.25177,-0.36475,0.65562,1.65669,-1.10874,1.78492,-0.66525,-0.28416,-0.39054
52.200000,2610,0.71911,1.54918,-1.08720,1.80973,-0.73700,-0.23994,-0.33494,0.67988,1.61617,-1.09272,1.77605,-0.70676,-0.26506,-0.35706,0.65459,1.66089,-1.11043,1.75834,-0.68167,-0.29607,-0.37475
52.300000,2615,0.71377,1.57245,-1.08872,1.78646,-0.73776,-0.26550,-0.32121,0.66975,1.70584,-1.09433,1.74838,-0.69491,-0.28976,-0.36612,0.65369,1.66351,-1.11200,1.73067,-0.69741,-0.30866,-0.35917
52.400000,2620,0.70194,1.64837,-1.09330,1.75976,-0.73624,-0.29525,-0.31358,0.65665,1.75845,-1.09837,1.71928,-0.67076,-0.32116,-0.39118,0.65293,1.66414,-1.11340,1.70169,-0.71237,-0.32189,-0.34377
52.500000,2625,0.70080,1.72199,-1.10055,1.72428,-0.73242,-0.31471,-0.33876,0.68378,1.75756,-1.12743,1.68967,-0.72721,-0.30580,-0.38475,0.65251,1.66556,-1.11470,1.67209,-0.72743,-0.33595,-0.32793
52.600000,2630,0.71987,1.73267,-1.12687,1.69452,-0.76866,-0.31242,-0.34296,0.70852,1.67716,-1.13348,1.65899,-0.80405,-0.28780,-0.33208,0.65231,1.66615,-1.11599,1.64129,-0.74214,-0.35093,-0.31204
52.700000,2635,0.73399,1.66896,-1.12878,1.66210,-0.82054,-0.31280,-0.31587,0.71793,1.58142,-1.13351,1.62809,-0.83750,-0.28936,-0.27475,0.65222,1.66593,-1.11646,1.61038,-0.75582,-0.36582,-0.29612
52.800000,2640,0.73589,1.57321,-1.12878,1.64035,-0.86861,-0.31280,-0.25331,0.71729,1.58423,-1.11873,1.61838,-0.84292,-0.28290,-0.25553,0.65056,1.67563,-1.10199,1.60067,-0.76030,-0.36409,-0.27913
52.900000,2645,0.73284,1.54079,-1.12305,1.63921,-0.88273,-0.31166,-0.20715,0.71234,1.59496,-1.08928,1.62838,-0.84062,-0.26168,-0.23752,0.64679,1.69242,-1.07359,1.61067,-0.75564,-0.34646,-0.26209
53.000000,2650,0.73093,1.55261,-1.09673,1.63997,-0.88997,-0.28533,-0.19761,0.70339,1.61070,-1.05441,1.63938,-0.83381,-0.24272,-0.21913,0.64288,1.70966,-1.04428,1.62167,-0.75050,-0.32793,-0.24492
53.100000,2655,0.72025,1.57550,-1.04790,1.65065,-0.88501,-0.26283,-0.18770,0.66614,1.63479,-1.00153,1.65216,-0.78982,-0.24240,-0.20231,0.63951,1.72512,-1.01766,1.63444,-0.74461,-0.30944,-0.23089
53.200000,2660,0.70232,1.59915,-1.00861,1.66591,-0.85526,-0.26054,-0.17892,0.67174,1.63638,-0.99157,1.67777,-0.78077,-0.22712,-0.20628,0.64018,1.72980,-1.00921,1.66005,-0.73366,-0.29098,-0.23798
53.300000,2665,0.70042,1.60945,-1.00251,1.69300,-0.83313,-0.24375,-0.17968,0.68110,1.63344,-0.99145,1.70965,-0.77545,-0.20710,-0.21516,0.64339,1.73078,-1.00916,1.69194,-0.72022,-0.27274,-0.25434
53.400000,2670,0.70042,1.60984,-1.00251,1.72695,-0.81978,-0.22125,-0.17968,0.68527,1.63198,-0.99168,1.74023,-0.76455,-0.19085,-0.22796,0.64685,1.72972,-1.00939,1.72252,-0.70569,-0.25530,-0.27107
53.500000,2675,0.70042,1.60984,-1.00251,1.75670,-0.80529,-0.20027,-0.18388,0.69112,1.62892,-0.99190,1.76965,-0.75217,-0.17573,-0.24267,0.65059,1.72758,-1.00961,1.75194,-0.69034,-0.23866,-0.28775
53.600000,2680,0.70080,1.60984,-1.00251,1.78608,-0.78049,-0.18462,-0.20143,0.69618,1.62650,-0.99173,1.79849,-0.74006,-0.16116,-0.25519,0.65471,1.72589,-1.00944,1.78077,-0.67461,-0.22257,-0.30391
53.700000,2685,0.70118,1.60984,-1.00251,1.81431,-0.75455,-0.16670,-0.23004,0.70168,1.62361,-0.99133,1.82649,-0.72674,-0.14726,-0.26802,0.65915,1.72352,-1.00904,1.80878,-0.65812,-0.20704,-0.31997
53.800000,2690,0.70499,1.61022,-1.00251,1.84063,-0.73052,-0.14762,-0.24263,0.70764,1.61857,-0.99105,1.85321,-0.71020,-0.13305,-0.28389,0.66375,1.71879,-1.00876,1.83550,-0.64034,-0.19230,-0.33658
53.900000,2695,0.71034,1.60984,-1.00251,1.86886,-0.72403,-0.13427,-0.26513,0.71437,1.61207,-0.99071,1.87911,-0.69329,-0.11983,-0.29994,0.66855,1.71288,-1.00842,1.86140,-0.62160,-0.17831,-0.35353
54.000000,2700,0.72064,1.60984,-1.00175,1.89289,-0.69885,-0.12092,-0.29260,0.72163,1.60471,-0.99030,1.90425,-0.67600,-0.10887,-0.31516,0.67354,1.70586,-1.00801,1.88654,-0.60196,-0.16511,-0.37089
54.100000,2705,0.72292,1.60907,-1.00098,1.91845,-0.67520,-0.10223,-0.30443,0.72843,1.59641,-0.98984,1.92864,-0.65703,-0.09849,-0.33282,0.67871,1.69772,-1.00755,1.91093,-0.58146,-0.15276,-0.38876
54.200000,2710,0.72331,1.60602,-1.00098,1.94210,-0.64888,-0.09383,-0.33075,0.73550,1.58678,-0.98932,1.95230,-0.63830,-0.08969,-0.34779,0.68401,1.68843,-1.00703,1.93459,-0.56013,-0.14132,-0.40722
54.300000,2715,0.73742,1.59381,-1.00060,1.96461,-0.62332,-0.07629,-0.35326,0.74052,1.57660,-0.98876,1.97522,-0.61565,-0.07980,-0.36608,0.68943,1.67797,-1.00648,1.95751,-0.53805,-0.13088,-0.42631
54.400000,2720,0.73971,1.58161,-0.99984,1.98826,-0.59967,-0.07209,-0.37157,0.74951,1.56449,-0.98818,1.99739,-0.59563,-0.07442,-0.38477,0.69494,1.66627,-1.00589,1.97967,-0.51531,-0.12152,-0.44612
54.500000,2725,0.74619,1.57360,-0.99984,2.01039,-0.57106,-0.06103,-0.39293,0.75605,1.55104,-0.98762,2.01867,-0.57354,-0.06722,-0.40404,0.70045,1.65314,-1.00533,2.00095,-0.49199,-0.11340,-0.46672
54.600000,2730,0.76260,1.57283,-0.99908,2.03022,-0.54626,-0.05263,-0.42040,0.76220,1.53631,-0.98710,2.03913,-0.55055,-0.05935,-0.42374,0.70599,1.63866,-1.00481,2.02142,-0.46820,-0.10660,-0.48813
54.700000,2735,0.76756,1.55605,-0.99793,2.04891,-0.52109,-0.04577,-0.44748,0.76954,1.52084,-0.98662,2.05889,-0.52856,-0.06188,-0.44329,0.71155,1.62298,-1.00433,2.04117,-0.44407,-0.10112,-0.51034
54.800000,2740,0.76794,1.53087,-0.99793,2.06990,-0.49820,-0.04424,-0.46236,0.77724,1.50394,-0.98614,2.07791,-0.50516,-0.06252,-0.46554,0.71711,1.60607,-1.00385,2.06020,-0.41971,-0.09705,-0.53337
54.900000,2745,0.77328,1.51714,-0.99793,2.08859,-0.47226,-0.04348,-0.47724,0.78459,1.48591,-0.98529,2.09634,-0.48073,-0.05906,-0.48897,0.72295,1.58831,-1.00301,2.07862,-0.39491,-0.09389,-0.55683
55.000000,2750,0.78243,1.50112,-0.99564,2.10575,-0.45166,-0.04310,-0.51271,0.79156,1.46788,-0.98349,2.11439,-0.45545,-0.05688,-0.51008,0.72963,1.57036,-1.00120,2.09668,-0.36925,-0.09072,-0.58013
55.100000,2755,0.79045,1.48624,-0.99106,2.12292,-0.42190,-0.04424,-0.53713,0.79994,1.44750,-0.98256,2.13121,-0.43236,-0.06254,-0.53465,0.73533,1.55013,-1.00027,2.11350,-0.34448,-0.09067,-0.60505
55.200000,2760,0.79998,1.46716,-0.99030,2.13856,-0.40207,-0.04386,-0.56345,0.80670,1.42576,-0.98180,2.14712,-0.40848,-0.06937,-0.55928,0.74063,1.52837,-0.99951,2.12941,-0.32022,-0.09266,-0.63086
55.300000,2765,0.80609,1.44466,-0.98801,2.15458,-0.37803,-0.04768,-0.59053,0.81367,1.40270,-0.98098,2.16219,-0.38590,-0.07911,-0.58449,0.74572,1.50532,-0.99870,2.14447,-0.29645,-0.09640,-0.65728
55.400000,2770,0.80647,1.42215,-0.98801,2.16870,-0.36010,-0.05263,-0.61647,0.82065,1.37832,-0.98011,2.17640,-0.36362,-0.09216,-0.61077,0.75054,1.48098,-0.99782,2.15869,-0.27336,-0.10188,-0.68424
55.500000,2775,0.80952,1.39659,-0.98801,2.18243,-0.33264,-0.06599,-0.64737,0.82624,1.35270,-0.97916,2.18972,-0.34214,-0.10444,-0.63614,0.75507,1.45533,-0.99687,2.17200,-0.25114,-0.10917,-0.71166
55.600000,2780,0.82020,1.37408,-0.98763,2.19540,-0.30860,-0.08277,-0.67598,0.83124,1.32571,-0.97815,2.20214,-0.32101,-0.11546,-0.66321,0.75929,1.42841,-0.99586,2.18443,-0.22995,-0.11823,-0.73944
55.700000,2785,0.82287,1.34738,-0.98687,2.20761,-0.28343,-0.09994,-0.70688,0.83694,1.29758,-0.97706,2.21366,-0.30228,-0.13531,-0.68973,0.76317,1.40022,-0.99477,2.19595,-0.20997,-0.12904,-0.76749
55.800000,2790,0.82325,1.32030,-0.98687,2.21829,-0.26054,-0.12473,-0.73816,0.84150,1.26819,-0.97593,2.22421,-0.28447,-0.15507,-0.71626,0.76668,1.37079,-0.99364,2.20650,-0.19139,-0.14163,-0.79567
55.900000,2795,0.82630,1.29054,-0.98572,2.22783,-0.25024,-0.14076,-0.76601,0.84569,1.23769,-0.97481,2.23377,-0.26708,-0.17373,-0.74465,0.76983,1.34019,-0.99252,2.21606,-0.17431,-0.15603,-0.82385
56.000000,2800,0.83737,1.26079,-0.98382,2.23660,-0.23155,-0.16670,-0.79348,0.84950,1.20594,-0.97367,2.24234,-0.25191,-0.19257,-0.77216,0.77259,1.30846,-0.99138,2.22463,-0.15893,-0.17206,-0.85192
56.100000,2805,0.84004,1.23141,-0.98038,2.24537,-0.22964,-0.19454,-0.82133,0.85316,1.17331,-0.97251,2.24991,-0.23885,-0.21673,-0.79960,0.77496,1.27568,-0.99022,2.23219,-0.14541,-0.18960,-0.87977
56.200000,2810,0.83966,1.19861,-0.97848,2.25262,-0.20408,-0.22125,-0.85146,0.85571,1.13968,-0.97138,2.25645,-0.22805,-0.24222,-0.82531,0.77693,1.24195,-0.98909,2.23873,-0.13388,-0.20853,-0.90727
56.300000,2815,0.83966,1.16504,-0.97581,2.25758,-0.19912,-0.24757,-0.87931,0.85827,1.10519,-0.97032,2.26194,-0.21851,-0.26584,-0.85237,0.77853,1.20738,-0.98803,2.24423,-0.12439,-0.22876,-0.93427
56.400000,2820,0.84004,1.13070,-0.97466,2.26292,-0.18157,-0.27427,-0.90601,0.86029,1.06996,-0.96935,2.26640,-0.21158,-0.29073,-0.87800,0.77976,1.17209,-0.98706,2.24869,-0.11706,-0.25003,-0.96070
56.500000,2825,0.84271,1.09561,-0.97466,2.26674,-0.18081,-0.30212,-0.93501,0.86167,1.03424,-0.96852,2.26983,-0.20640,-0.31522,-0.90338,0.78067,1.13617,-0.98623,2.25212,-0.11194,-0.27214,-0.98650
56.600000,2830,0.84843,1.06051,-0.97352,2.26864,-0.17814,-0.33264,-0.95751,0.86274,0.99782,-0.96788,2.27224,-0.20354,-0.33937,-0.92781,0.78130,1.09973,-0.98559,2.25452,-0.10903,-0.29493,-1.01160
56.700000,2835,0.85034,1.02503,-0.97199,2.26941,-0.17814,-0.36125,-0.98612,0.86402,0.96105,-0.96748,2.27363,-0.20323,-0.36602,-0.95175,0.78168,1.06288,-0.98519,2.25592,-0.10830,-0.31821,-1.03595
56.800000,2840,0.85034,0.98956,-0.97199,2.27131,-0.17814,-0.39024,-1.00863,0.86491,0.92400,-0.96738,2.27402,-0.20478,-0.39209,-0.97502,0.78188,1.02571,-0.98509,2.25631,-0.10971,-0.34184,-1.05954
56.900000,2845,0.85034,0.95103,-0.97085,2.27246,-0.17814,-0.41771,-1.03381,0.86526,0.88687,-0.96763,2.27341,-0.20838,-0.41839,-0.99725,0.78193,0.98831,-0.98534,2.25570,-0.11321,-0.36565,-1.08234
57.000000,2850,0.85034,0.91441,-0.97008,2.27246,-0.17852,-0.44594,-1.05593,0.86541,0.84957,-0.96856,2.27185,-0.21443,-0.44352,-1.01915,0.78161,0.95086,-0.98627,2.25414,-0.11921,-0.38956,-1.10431
57.100000,2855,0.85034,0.87778,-0.97008,2.27246,-0.18081,-0.47302,-1.07691,0.86476,0.81245,-0.97055,2.26939,-0.22367,-0.46943,-1.03971,0.78056,0.91365,-0.98826,2.25168,-0.12825,-0.41361,-1.12533
57.200000,2860,0.85034,0.84116,-0.97008,2.27208,-0.18272,-0.50087,-1.09751,0.86501,0.77510,-0.97210,2.26589,-0.23263,-0.49467,-1.05959,0.78032,0.87607,-0.98981,2.24817,-0.13719,-0.43772,-1.14561
57.300000,2865,0.85034,0.80569,-0.97008,2.27093,-0.18539,-0.52719,-1.11239,0.86562,0.73739,-0.97399,2.26140,-0.24302,-0.51889,-1.07923,0.78023,0.83843,-0.99171,2.24369,-0.14753,-0.46161,-1.16516
57.400000,2870,0.85034,0.76868,-0.97008,2.26521,-0.18958,-0.55199,-1.13261,0.86589,0.70008,-0.97644,2.25594,-0.25502,-0.54376,-1.09772,0.78021,0.80086,-0.99415,2.23823,-0.15947,-0.48517,-1.18399
57.500000,2875,0.84996,0.73168,-0.97008,2.25987,-0.21133,-0.57449,-1.15435,0.86663,0.66279,-0.97947,2.24951,-0.26834,-0.56726,-1.11597,0.78031,0.76340,-0.99718,2.23179,-0.17290,-0.50827,-1.20215
57.600000,2880,0.84996,0.69506,-0.97046,2.25300,-0.23345,-0.59814,-1.16923,0.86722,0.62557,-0.98312,2.24210,-0.28327,-0.59027,-1.13329,0.78059,0.72610,-1.00083,2.22439,-0.18771,-0.53084,-1.21968
57.700000,2885,0.84996,0.65958,-0.97123,2.24499,-0.25291,-0.61874,-1.18487,0.86819,0.58864,-0.98741,2.23370,-0.29938,-0.61249,-1.15032,0.78109,0.68900,-1.00512,2.21599,-0.20377,-0.55275,-1.23663
57.800000,2890,0.85034,0.62410,-0.97581,2.23660,-0.27160,-0.64163,-1.19365,0.86945,0.55194,-0.99239,2.22430,-0.31667,-0.63392,-1.16669,0.78187,0.65215,-1.01010,2.20659,-0.22097,-0.57393,-1.25305
57.900000,2895,0.85072,0.58710,-0.98000,2.22630,-0.29525,-0.66300,-1.21272,0.87093,0.51536,-0.99805,2.21388,-0.33500,-0.65383,-1.18242,0.78298,0.61561,-1.01576,2.19617,-0.23919,-0.59428,-1.26899
58.000000,2900,0.85034,0.55086,-0.98611,2.21600,-0.31929,-0.68207,-1.22569,0.87239,0.47960,-1.00467,2.20236,-0.35447,-0.67342,-1.19766,0.78422,0.57954,-1.02238,2.18465,-0.25863,-0.61359,-1.28434
58.100000,2905,0.85072,0.51615,-0.99335,2.20341,-0.34408,-0.70267,-1.23599,0.87434,0.44403,-1.01220,2.18974,-0.37499,-0.69111,-1.21266,0.78563,0.54395,-1.02991,2.17203,-0.27915,-0.63183,-1.29916
58.200000,2910,0.85072,0.48181,-1.00060,2.19044,-0.35705,-0.71221,-1.24629,0.87724,0.40847,-1.01978,2.17614,-0.39530,-0.70889,-1.22734,0.78819,0.50837,-1.03749,2.15843,-0.29932,-0.64932,-1.31409
58.300000,2915,0.85034,0.44710,-1.00899,2.17518,-0.38566,-0.73395,-1.26269,0.88069,0.37350,-1.02850,2.16106,-0.41620,-0.72507,-1.24153,0.79097,0.47340,-1.04621,2.14335,-0.32031,-0.66552,-1.32818
58.400000,2920,0.85072,0.41353,-1.01586,2.16069,-0.40703,-0.74616,-1.27833,0.89198,0.34516,-1.02576,2.15415,-0.42225,-0.73886,-1.25828,0.80150,0.44565,-1.04348,2.13644,-0.32677,-0.68259,-1.34586
58.500000,2925,0.85682,0.38606,-1.01548,2.15687,-0.41885,-0.76180,-1.29588,0.91406,0.33027,-1.00429,2.16094,-0.40377,-0.74798,-1.27906,0.82325,0.43122,-1.02200,2.14322,-0.30895,-0.70143,-1.36695
58.600000,2930,0.88047,0.37080,-1.00022,2.15763,-0.41847,-0.76370,-1.31801,0.93611,0.31635,-0.98147,2.16869,-0.38334,-0.74798,-1.30060,0.84580,0.41773,-0.99918,2.15098,-0.28939,-0.72043,-1.38828
58.700000,2935,0.90947,0.35821,-0.97581,2.16603,-0.41504,-0.76638,-1.33365,0.95425,0.30970,-0.96071,2.17705,-0.36154,-0.74798,-1.31864,0.86564,0.40978,-0.97842,2.15934,-0.26926,-0.73540,-1.40544
58.800000,2940,0.92968,0.34982,-0.95673,2.17633,-0.40474,-0.77095,-1.34051,0.95483,0.33910,-0.95148,2.18972,-0.33541,-0.74798,-1.31468,0.86938,0.43505,-0.96919,2.17200,-0.24555,-0.72631,-1.39840
58.900000,2945,0.93655,0.35593,-0.94758,2.19006,-0.36621,-0.77095,-1.33975,0.95466,0.37383,-0.94438,2.20410,-0.31128,-0.74798,-1.30254,0.86938,0.46956,-0.96210,2.18639,-0.22046,-0.71039,-1.38595
59.000000,2950,0.93617,0.38759,-0.94376,2.20341,-0.33111,-0.76981,-1.33975,0.95525,0.40694,-0.93902,2.21682,-0.28722,-0.72954,-1.28971,0.86974,0.50455,-0.95673,2.19910,-0.19609,-0.69305,-1.37232
59.100000,2955,0.93617,0.42574,-0.93766,2.21486,-0.30517,-0.76599,-1.33899,0.95609,0.44123,-0.93343,2.22867,-0.26230,-0.71011,-1.27664,0.87083,0.53933,-0.95114,2.21096,-0.17141,-0.67523,-1.35859
59.200000,2960,0.93655,0.45778,-0.93422,2.22783,-0.27542,-0.75264,-1.32335,0.95723,0.47673,-0.92896,2.23950,-0.23790,-0.69093,-1.26361,0.87233,0.57442,-0.94667,2.22179,-0.14758,-0.65635,-1.34436
59.300000,2965,0.93655,0.49021,-0.93003,2.23927,-0.24604,-0.73128,-1.30427,0.95838,0.51225,-0.92580,2.24930,-0.21476,-0.67027,-1.24964,0.87415,0.60986,-0.94352,2.23158,-0.12488,-0.63636,-1.32952
59.400000,2970,0.93655,0.52568,-0.92698,2.24804,-0.22621,-0.70496,-1.27910,0.96040,0.54754,-0.92349,2.25819,-0.19240,-0.64760,-1.23607,0.87636,0.64545,-0.94120,2.24048,-0.10307,-0.61556,-1.31418
59.500000,2975,0.93693,0.55887,-0.92431,2.25796,-0.19569,-0.67673,-1.25812,0.96199,0.58337,-0.92198,2.26624,-0.17155,-0.62525,-1.22010,0.87891,0.68118,-0.93970,2.24852,-0.08223,-0.59402,-1.29830
59.600000,2980,0.93922,0.59244,-0.92278,2.26597,-0.17394,-0.64812,-1.24667,0.96444,0.61910,-0.92127,2.27344,-0.15144,-0.60205,-1.20452,0.88177,0.71703,-0.93898,2.25573,-0.06248,-0.57181,-1.28183
59.700000,2985,0.94189,0.62830,-0.92240,2.27284,-0.14724,-0.61874,-1.22149,0.96666,0.65483,-0.92075,2.27965,-0.13186,-0.57776,-1.18777,0.88496,0.75272,-0.93846,2.26194,-0.04327,-0.54921,-1.26459
59.800000,2990,0.94838,0.66225,-0.92202,2.27856,-0.12321,-0.59242,-1.19937,0.96961,0.68994,-0.92038,2.28494,-0.11277,-0.55172,-1.17080,0.88845,0.78824,-0.93809,2.26722,-0.02465,-0.52628,-1.24660
59.900000,2995,0.95448,0.69658,-0.92202,2.28352,-0.10642,-0.55962,-1.17114,0.97247,0.72625,-0.92156,2.28974,-0.09569,-0.52591,-1.15412,0.89209,0.82420,-0.93927,2.27203,-0.00830,-0.50256,-1.22819
60.000000,3000,0.95601,0.73015,-0.92202,2.28963,-0.09841,-0.52376,-1.14711,0.97587,0.76241,-0.92352,2.29382,-0.08060,-0.50272,-1.13652,0.89592,0.86023,-0.94123,2.27611,0.00657,-0.47847,-1.20909
60.100000,3005,0.95639,0.76639,-0.92202,2.29306,-0.07590,-0.49896,-1.12536,0.97886,0.79828,-0.92620,2.29716,-0.06732,-0.47720,-1.11661,0.89993,0.89635,-0.94391,2.27944,0.02006,-0.45435,-1.18915
60.200000,3010,0.95944,0.80111,-0.92240,2.29726,-0.05759,-0.46730,-1.10629,0.98232,0.83463,-0.92960,2.29974,-0.05465,-0.45158,-1.09731,0.90412,0.93250,-0.94731,2.28203,0.03206,-0.43024,-1.16836
60.300000,3015,0.97546,0.83544,-0.92240,2.30031,-0.04729,-0.43678,-1.08454,0.98533,0.87022,-0.93361,2.30157,-0.04283,-0.41987,-1.07746,0.90844,0.96856,-0.95132,2.28385,0.04236,-0.40592,-1.14682
60.400000,3020,0.98347,0.87054,-0.92354,2.30260,-0.04691,-0.40664,-1.05822,0.98924,0.90618,-0.93820,2.30264,-0.03443,-0.39480,-1.05709,0.91285,1.00447,-0.95591,2.28492,0.05087,-0.38145,-1.12452
60.500000,3025,0.98385,0.90563,-0.92774,2.30412,-0.04577,-0.37880,-1.03114,0.99323,0.94192,-0.94330,2.30294,-0.02822,-0.37204,-1.03462,0.91732,1.04018,-0.96102,2.28522,0.05751,-0.35693,-1.10143
60.600000,3030,0.98385,0.94073,-0.93422,2.30450,-0.02135,-0.34866,-1.00787,0.99648,0.97748,-0.94887,2.30246,-0.02342,-0.34654,-1.01164,0.92179,1.07565,-0.96658,2.28475,0.06222,-0.33246,-1.07756
60.700000,3035,0.98691,0.97506,-0.93918,2.30450,-0.02021,-0.31776,-0.98155,0.99941,1.01278,-0.95484,2.30119,-0.01890,-0.31767,-0.98953,0.92624,1.11080,-0.97255,2.28348,0.06498,-0.30815,-1.05289
60.800000,3040,0.99453,1.00901,-0.94529,2.30450,-0.02021,-0.28953,-0.95904,1.00211,1.04753,-0.96115,2.29912,-0.01735,-0.28890,-0.96575,0.93062,1.14558,-0.97886,2.28140,0.06572,-0.28413,-1.02742
60.900000,3045,1.00293,1.04411,-0.95215,2.30412,-0.02021,-0.25978,-0.92967,1.00566,1.08179,-0.96774,2.29622,-0.01849,-0.26342,-0.94178,0.93489,1.17994,-0.98545,2.27850,0.06442,-0.26050,-1.00116
61.000000,3050,1.00598,1.07730,-0.95940,2.30412,-0.02097,-0.23422,-0.90830,1.00849,1.11569,-0.97455,2.29247,-0.02196,-0.23996,-0.91542,0.93900,1.21379,-0.99226,2.27476,0.06108,-0.23740,-0.97412
61.100000,3055,1.00598,1.11163,-0.96779,2.30260,-0.02097,-0.20675,-0.87588,1.01137,1.14927,-0.98152,2.28786,-0.02640,-0.21603,-0.89033,0.94292,1.24707,-0.99923,2.27015,0.05568,-0.21495,-0.94631
61.200000,3060,1.01246,1.14405,-0.97581,2.29840,-0.02173,-0.18081,-0.85108,1.01273,1.18190,-0.98859,2.28237,-0.03237,-0.18938,-0.86321,0.94661,1.27973,-1.00631,2.26466,0.04827,-0.19329,-0.91777
61.300000,3065,1.02238,1.17762,-0.98038,2.29420,-0.02479,-0.15411,-0.81751,1.01460,1.21400,-0.99580,2.27595,-0.04064,-0.16483,-0.83720,0.95010,1.31171,-1.01351,2.25824,0.03889,-0.17264,-0.88849
61.400000,3070,1.02238,1.20891,-0.98916,2.28581,-0.02517,-0.13236,-0.79195,1.01650,1.24562,-1.00311,2.26860,-0.05217,-0.14724,-0.80764,0.95336,1.34293,-1.02082,2.25089,0.02762,-0.15313,-0.85853
61.500000,3075,1.02238,1.23980,-0.99602,2.27856,-0.02822,-0.11329,-0.76372,1.01804,1.27643,-1.01041,2.26029,-0.06393,-0.12712,-0.77955,0.95635,1.37332,-1.02812,2.24257,0.01448,-0.13482,-0.82796
61.600000,3080,1.02238,1.27032,-1.00403,2.27055,-0.03242,-0.09040,-0.73130,1.01833,1.30649,-1.01765,2.25100,-0.07756,-0.10801,-0.75117,0.95903,1.40280,-1.03536,2.23329,-0.00041,-0.11783,-0.79685
61.700000,3085,1.02276,1.29970,-1.01319,2.26025,-0.05607,-0.06942,-0.70192,1.01927,1.33546,-1.02481,2.24074,-0.09214,-0.08961,-0.72303,0.96141,1.43132,-1.04252,2.22303,-0.01693,-0.10228,-0.76529
61.800000,3090,1.03116,1.32869,-1.01967,2.25071,-0.07705,-0.04882,-0.67446,1.01800,1.36324,-1.03192,2.22949,-0.10711,-0.06959,-0.69388,0.96353,1.45879,-1.04963,2.21178,-0.03492,-0.08832,-0.73335
61.900000,3095,1.03345,1.35654,-1.02730,2.23889,-0.10833,-0.03509,-0.64356,1.01872,1.39034,-1.03902,2.21723,-0.12622,-0.05839,-0.66354,0.96544,1.48514,-1.05673,2.19951,-0.05420,-0.07608,-0.70116
62.000000,3100,1.03345,1.38324,-1.03455,2.22668,-0.12550,-0.02479,-0.61533,1.01838,1.41600,-1.04596,2.20398,-0.14575,-0.04756,-0.63142,0.96706,1.51029,-1.06367,2.18627,-0.07462,-0.06556,-0.66887
62.100000,3105,1.03345,1.40994,-1.04218,2.21295,-0.15182,-0.01754,-0.57718,1.01783,1.44096,-1.05269,2.18979,-0.16454,-0.03664,-0.60279,0.96839,1.53419,-1.07040,2.17208,-0.09595,-0.05679,-0.63659
62.200000,3110,1.03345,1.43245,-1.04829,2.19807,-0.16898,-0.00609,-0.54743,1.01571,1.46499,-1.05921,2.17467,-0.18504,-0.02876,-0.57147,0.96945,1.55678,-1.07692,2.15696,-0.11797,-0.04982,-0.60448
62.300000,3115,1.03345,1.45610,-1.05477,2.18243,-0.19073,0.00230,-0.51805,1.01383,1.48724,-1.06553,2.15865,-0.20559,-0.02163,-0.54123,0.97029,1.57804,-1.08324,2.14094,-0.14043,-0.04465,-0.57265
62.400000,3120,1.03345,1.47708,-1.06049,2.16603,-0.21591,0.00802,-0.49097,1.01265,1.50803,-1.07164,2.14178,-0.22601,-0.01698,-0.51190,0.97093,1.59795,-1.08935,2.12407,-0.16311,-0.04125,-0.54120
62.500000,3125,1.03345,1.49845,-1.06698,2.15001,-0.24299,0.00916,-0.45740,1.01084,1.52753,-1.07787,2.12389,-0.24621,-0.01384,-0.48374,0.97115,1.61614,-1.09558,2.10620,-0.18609,-0.04008,-0.51049
62.600000,3130,1.03345,1.51599,-1.07423,2.13169,-0.26588,0.00878,-0.43375,1.00808,1.54527,-1.08473,2.10479,-0.26798,-0.01529,-0.45421,0.97060,1.63210,-1.10244,2.08710,-0.20961,-0.04177,-0.48096
62.700000,3135,1.03345,1.53278,-1.08109,2.11186,-0.29258,0.00878,-0.40056,1.00605,1.56439,-1.09035,2.08545,-0.28501,-0.01436,-0.42914,0.97096,1.64798,-1.10806,2.06778,-0.23163,-0.04338,-0.45111
62.800000,3140,1.03345,1.55147,-1.08681,2.09278,-0.30632,0.00878,-0.37767,1.00421,1.58108,-1.09563,2.06550,-0.30365,-0.01649,-0.40123,0.97150,1.66283,-1.11334,2.04784,-0.25295,-0.04615,-0.42168
62.900000,3145,1.03345,1.56673,-1.09368,2.07218,-0.32615,0.00840,-0.35059,1.00134,1.60251,-1.10082,2.04483,-0.31876,-0.02045,-0.37563,0.97210,1.67643,-1.11854,2.02720,-0.27364,-0.05032,-0.39287
63.000000,3150,1.03345,1.58618,-1.09788,2.05235,-0.34523,0.00535,-0.33189,0.99766,1.62410,-1.10595,2.02338,-0.33254,-0.02579,-0.35187,0.97270,1.68869,-1.12366,2.00577,-0.29363,-0.05581,-0.36468
63.100000,3155,1.03306,1.60717,-1.10551,2.02908,-0.34828,0.00344,-0.30939,0.99456,1.65511,-1.11095,2.00097,-0.34251,-0.03526,-0.33214,0.97322,1.69944,-1.12865,1.98344,-0.31284,-0.06257,-0.33716
63.200000,3160,1.03306,1.64112,-1.10741,2.00886,-0.35057,-0.00152,-0.28268,0.98431,1.74964,-1.11625,1.97733,-0.33062,-0.05297,-0.32994,0.97375,1.70896,-1.13349,1.96034,-0.33109,-0.07043,-0.31019
63.300000,3165,1.03268,1.72008,-1.11962,1.98750,-0.36583,-0.02898,-0.28001,0.99814,1.80580,-1.14875,1.94965,-0.34403,-0.06025,-0.34226,0.97437,1.71732,-1.13819,1.93652,-0.34827,-0.07928,-0.28371
63.400000,3170,1.04603,1.78570,-1.15090,1.95126,-0.39863,-0.02784,-0.28459,1.03229,1.66725,-1.16016,1.92854,-0.43663,-0.02182,-0.27520,0.97509,1.72456,-1.14276,1.91197,-0.36430,-0.08902,-0.25766
63.500000,3175,1.07312,1.72504,-1.15929,1.92493,-0.46005,-0.01296,-0.26552,1.04090,1.63881,-1.16478,1.90430,-0.46372,-0.02208,-0.21511,0.97597,1.73070,-1.14723,1.88669,-0.37912,-0.09953,-0.23197
63.600000,3180,1.07693,1.63807,-1.16349,1.91616,-0.49743,-0.02517,-0.16290,1.04452,1.64329,-1.16924,1.87832,-0.47796,-0.03385,-0.19291,0.97703,1.73577,-1.15161,1.86067,-0.39267,-0.11074,-0.20657
63.700000,3185,1.07693,1.62586,-1.17188,1.88908,-0.50583,-0.02860,-0.12284,1.04516,1.64127,-1.17334,1.85154,-0.49298,-0.04265,-0.16084,0.97832,1.73974,-1.15594,1.83385,-0.40491,-0.12255,-0.18138
63.800000,3190,1.07731,1.63234,-1.17265,1.85207,-0.52757,-0.02860,-0.12284,1.04640,1.64215,-1.17756,1.82342,-0.50367,-0.05420,-0.13302,0.97959,1.74150,-1.16037,1.80572,-0.41564,-0.13506,-0.15686
63.900000,3195,1.07693,1.63234,-1.17761,1.82690,-0.52833,-0.03127,-0.09805,1.04791,1.64374,-1.18184,1.79443,-0.51217,-0.06655,-0.10969,0.98123,1.74234,-1.16473,1.77674,-0.42511,-0.14790,-0.13219
64.000000,3200,1.07693,1.63234,-1.18104,1.79867,-0.54207,-0.05302,-0.06639,1.04984,1.64565,-1.18582,1.76513,-0.51898,-0.07871,-0.08504,0.98373,1.74381,-1.16892,1.74744,-0.43359,-0.16081,-0.10649
64.100000,3205,1.07731,1.63234,-1.18562,1.76815,-0.55351,-0.06904,-0.04769,1.05163,1.64671,-1.18994,1.73475,-0.52566,-0.09180,-0.05733,0.98671,1.74432,-1.17330,1.71707,-0.44083,-0.17412,-0.08045
64.200000,3210,1.07731,1.63234,-1.19134,1.73725,-0.55427,-0.08277,-0.02481,1.05414,1.64578,-1.19449,1.70285,-0.53042,-0.10530,-0.03223,0.98992,1.74279,-1.17800,1.68517,-0.44669,-0.18795,-0.05467
64.300000,3215,1.07731,1.63234,-1.19210,1.70559,-0.55733,-0.09269,0.00419,1.05058,1.64747,-1.19004,1.67847,-0.52897,-0.11009,-0.00927,0.98967,1.74392,-1.17383,1.66078,-0.44646,-0.19486,-0.03099
64.400000,3220,1.07693,1.63272,-1.18981,1.68728,-0.55695,-0.10375,0.00838,1.03150,1.65138,-1.15655,1.67539,-0.51304,-0.09677,0.00972,0.97584,1.74873,-1.14390,1.65768,-0.43091,-0.18266,-0.01799
64.500000,3225,1.05595,1.63234,-1.15510,1.68384,-0.55199,-0.10299,0.03356,0.97557,1.67474,-1.09437,1.67591,-0.45415,-0.09699,0.02287,0.95926,1.75394,-1.10902,1.65820,-0.41244,-0.16698,-0.00692
64.600000,3230,1.00941,1.65294,-1.09711,1.68651,-0.50506,-0.10871,0.05454,0.92474,1.82820,-1.05651,1.67561,-0.36493,-0.11431,-0.01751,0.94253,1.75919,-1.07383,1.65873,-0.39380,-0.15115,0.00425
64.700000,3235,0.95982,1.75861,-1.06698,1.68918,-0.41542,-0.11787,0.04577,0.90017,1.86383,-1.03744,1.67345,-0.31994,-0.11288,-0.04417,0.92583,1.76444,-1.03867,1.65925,-0.37519,-0.13535,0.01540
64.800000,3240,0.95562,1.84788,-1.05096,1.67965,-0.38452,-0.10184,-0.01069,0.92713,1.84941,-1.02085,1.67493,-0.37978,-0.05369,-0.02075,0.90933,1.76961,-1.00395,1.65984,-0.35680,-0.11970,0.02634
64.900000,3245,0.96707,1.85627,-1.02463,1.68193,-0.39177,-0.07133,-0.01412,0.93533,1.81832,-0.99723,1.68641,-0.39770,-0.03237,-0.00531,0.89850,1.77245,-0.97955,1.66948,-0.34350,-0.10464,0.02514
65.000000,3250,0.98004,1.81316,-1.00709,1.69910,-0.39596,-0.04958,-0.00306,0.95792,1.69360,-0.99346,1.71696,-0.42195,-0.00698,0.00838,0.89982,1.77335,-0.97610,1.69931,-0.34020,-0.09054,-0.00002
65.100000,3255,0.98805,1.71665,-1.00365,1.72847,-0.41771,-0.02173,0.00495,0.97031,1.67557,-0.99205,1.74840,-0.42656,0.00770,0.00061,0.90292,1.77372,-0.97492,1.73069,-0.33699,-0.07642,-0.02721
65.200000,3260,0.98805,1.65180,-1.00365,1.76891,-0.42190,-0.00495,0.02021,0.97612,1.67116,-0.99083,1.77827,-0.42461,0.02293,-0.02403,0.90627,1.77207,-0.97371,1.76056,-0.33254,-0.06214,-0.05440
65.300000,3265,0.98843,1.64798,-1.00365,1.79294,-0.42228,0.01374,0.00953,0.98125,1.66689,-0.98950,1.80706,-0.42062,0.03821,-0.04968,0.90990,1.76934,-0.97244,1.78935,-0.32684,-0.04787,-0.08132
65.400000,3270,0.98881,1.65142,-1.00365,1.81812,-0.42190,0.03396,-0.02442,0.98665,1.66382,-0.98826,1.83537,-0.41464,0.05196,-0.07399,0.91386,1.76657,-0.97113,1.81766,-0.31997,-0.03385,-0.10782
65.500000,3275,0.98919,1.65180,-1.00289,1.84864,-0.42152,0.04540,-0.05494,0.99208,1.66184,-0.98701,1.86377,-0.40730,0.06520,-0.09888,0.91822,1.76474,-0.96975,1.84606,-0.31200,-0.02021,-0.13374
65.600000,3280,0.98919,1.65180,-1.00251,1.87649,-0.41771,0.06295,-0.07821,0.99778,1.65671,-0.98546,1.89047,-0.39844,0.07876,-0.12488,0.92275,1.75975,-0.96806,1.87276,-0.30247,-0.00620,-0.16043
65.700000,3285,0.99873,1.65142,-1.00098,1.90319,-0.41427,0.08508,-0.11102,1.00310,1.64997,-0.98360,1.91621,-0.38751,0.09321,-0.15126,0.92746,1.75314,-0.96620,1.89850,-0.29151,0.00768,-0.18758
65.800000,3290,1.01132,1.65142,-0.99793,1.92799,-0.41008,0.09042,-0.13925,1.00907,1.64204,-0.98164,1.94121,-0.37587,0.10631,-0.17649,0.93232,1.74535,-0.96421,1.92350,-0.27921,0.02120,-0.21520
65.900000,3295,1.02009,1.65142,-0.99373,1.95355,-0.38757,0.10797,-0.17205,1.01551,1.63292,-0.97960,1.96549,-0.36307,0.11825,-0.20371,0.93730,1.73635,-0.96207,1.94778,-0.26560,0.03425,-0.24337
66.000000,3300,1.02238,1.64569,-0.99221,1.97643,-0.36430,0.11941,-0.20257,1.02184,1.62263,-0.97737,1.98904,-0.34890,0.12935,-0.23038,0.94234,1.72611,-0.95977,1.97133,-0.25075,0.04670,-0.27218
66.100000,3305,1.02238,1.63730,-0.99106,2.00085,-0.35133,0.13810,-0.23652,1.02785,1.61106,-0.97496,2.01185,-0.33341,0.14016,-0.25879,0.94740,1.71461,-0.95732,1.99414,-0.23473,0.05843,-0.30171
66.200000,3310,1.03154,1.62357,-0.98725,2.02259,-0.33149,0.14497,-0.26475,1.03384,1.59823,-0.97234,2.03392,-0.31656,0.15076,-0.28766,0.95243,1.70184,-0.95469,2.01620,-0.21764,0.06931,-0.33200
66.300000,3315,1.03879,1.61174,-0.98267,2.04548,-0.30860,0.15298,-0.29718,1.03999,1.58411,-0.96957,2.05522,-0.29884,0.15964,-0.31830,0.95739,1.68777,-0.95189,2.03751,-0.19962,0.07923,-0.36309
66.400000,3320,1.03917,1.60106,-0.98115,2.06646,-0.28533,0.16557,-0.33075,1.04587,1.56859,-0.96660,2.07569,-0.28077,0.16695,-0.34760,0.96219,1.67227,-0.94890,2.05798,-0.18085,0.08809,-0.39503
66.500000,3325,1.04336,1.58466,-0.97962,2.08554,-0.25749,0.16824,-0.36584,1.05086,1.55165,-0.96345,2.09530,-0.26154,0.17432,-0.37851,0.96681,1.65533,-0.94575,2.07758,-0.16151,0.09575,-0.42781
66.600000,3330,1.05557,1.56864,-0.97085,2.10652,-0.23765,0.18235,-0.40132,1.05601,1.53337,-0.96020,2.11406,-0.24198,0.17972,-0.41104,0.97125,1.63706,-0.94249,2.09634,-0.14169,0.10209,-0.46136
66.700000,3335,1.06358,1.55223,-0.96818,2.12330,-0.22964,0.18770,-0.43184,1.06164,1.51380,-0.95683,2.13195,-0.22202,0.18341,-0.44539,0.97547,1.61748,-0.93912,2.11424,-0.12156,0.10701,-0.49559
66.800000,3340,1.06663,1.53316,-0.96627,2.14161,-0.20065,0.19075,-0.47037,1.06676,1.49314,-0.95326,2.14904,-0.20219,0.18418,-0.47747,0.97952,1.59683,-0.93555,2.13133,-0.10115,0.11049,-0.53034
66.900000,3345,1.06663,1.51218,-0.96055,2.15878,-0.17776,0.19189,-0.50318,1.07195,1.47287,-0.94873,2.16598,-0.18052,0.18539,-0.51049,0.98407,1.57655,-0.93102,2.14826,-0.07928,0.11332,-0.56488
67.000000,3350,1.06969,1.49234,-0.95444,2.17442,-0.15182,0.19189,-0.54094,1.07648,1.45059,-0.94445,2.18150,-0.15985,0.18463,-0.54414,0.98785,1.55428,-0.92674,2.16379,-0.05839,0.11405,-0.60010
67.100000,3355,1.07197,1.47022,-0.95292,2.19006,-0.12817,0.19037,-0.58100,1.08037,1.42664,-0.94035,2.19577,-0.14024,0.18081,-0.57781,0.99098,1.53032,-0.92264,2.17806,-0.03847,0.11280,-0.63576
67.200000,3360,1.07197,1.44466,-0.94796,2.20379,-0.10452,0.19037,-0.61113,1.08374,1.40163,-0.93620,2.20909,-0.12108,0.17564,-0.61294,0.99379,1.50532,-0.91849,2.19138,-0.01918,0.10989,-0.67151
67.300000,3365,1.07236,1.41910,-0.94185,2.21715,-0.09498,0.18770,-0.64737,1.08700,1.37564,-0.93198,2.22148,-0.10264,0.16933,-0.64828,0.99624,1.47932,-0.91427,2.20377,-0.00064,0.10533,-0.70723
67.400000,3370,1.08075,1.39354,-0.93842,2.22897,-0.07285,0.18693,-0.68590,1.08952,1.34869,-0.92767,2.23295,-0.08518,0.16145,-0.68229,0.99829,1.45237,-0.90996,2.21523,0.01696,0.09913,-0.74285
67.500000,3375,1.08304,1.36874,-0.93270,2.24003,-0.05492,0.17892,-0.72100,1.09171,1.32082,-0.92328,2.24352,-0.06886,0.15043,-0.71628,0.99995,1.42450,-0.90557,2.22581,0.03350,0.09134,-0.77826
67.600000,3380,1.08304,1.33975,-0.92850,2.25033,-0.04653,0.16748,-0.75800,1.09375,1.29205,-0.91882,2.25322,-0.05366,0.13811,-0.75023,1.00122,1.39573,-0.90111,2.23551,0.04882,0.08203,-0.81340
67.700000,3385,1.08304,1.31000,-0.92164,2.25987,-0.02135,0.14993,-0.79233,1.09506,1.26240,-0.91432,2.26207,-0.03982,0.12388,-0.78363,1.00211,1.36609,-0.89661,2.24436,0.06278,0.07125,-0.84819
67.800000,3390,1.08304,1.28024,-0.92011,2.26788,-0.01334,0.13124,-0.82667,1.09611,1.23191,-0.90980,2.27008,-0.02746,0.10890,-0.81732,1.00263,1.33560,-0.89208,2.25236,0.07525,0.05908,-0.88256
67.900000,3395,1.08304,1.25010,-0.91630,2.27551,0.00535,0.11254,-0.86520,1.09669,1.20061,-0.90529,2.27726,-0.01672,0.09238,-0.84980,1.00280,1.30430,-0.88757,2.25955,0.08609,0.04563,-0.91646
68.000000,3400,1.08304,1.21921,-0.90867,2.28123,0.00573,0.09271,-0.89648,1.09701,1.16854,-0.90090,2.28362,-0.00762,0.07393,-0.88309,1.00268,1.27222,-0.88319,2.26591,0.09521,0.03093,-0.94980
68.100000,3405,1.08304,1.18678,-0.90256,2.28772,0.02328,0.06906,-0.92928,1.09697,1.13575,-0.89674,2.28917,-0.00045,0.05453,-0.91396,1.00234,1.23944,-0.87903,2.27146,0.10252,0.01505,-0.98253
68.200000,3410,1.08304,1.15321,-0.90218,2.29230,0.03167,0.04693,-0.96018,1.09684,1.10229,-0.89273,2.29393,0.00490,0.03365,-0.94586,1.00173,1.20597,-0.87502,2.27622,0.10791,-0.00179,-1.01459
68.300000,3415,1.08304,1.11964,-0.89570,2.29764,0.03511,0.02252,-0.99871,1.09638,1.06820,-0.88892,2.29791,0.00818,0.01272,-0.97612,1.00088,1.17189,-0.87120,2.28020,0.11129,-0.01944,-1.04595
68.400000,3420,1.08304,1.08569,-0.88959,2.30145,0.03549,-0.00304,-1.02847,1.09561,1.03355,-0.88536,2.30113,0.00948,-0.00876,-1.00612,0.99983,1.13724,-0.86765,2.28342,0.11263,-0.03775,-1.07657
68.500000,3425,1.08304,1.05021,-0.88768,2.30221,0.03511,-0.02860,-1.05708,1.09481,0.99840,-0.88213,2.30359,0.00869,-0.03169,-1.03575,0.99864,1.10208,-0.86442,2.28588,0.11187,-0.05657,-1.10642
68.600000,3430,1.08266,1.01550,-0.88654,2.30565,0.03511,-0.05111,-1.08721,1.09380,0.96280,-0.87931,2.30529,0.00574,-0.05464,-1.06387,0.99735,1.06649,-0.86160,2.28758,0.10901,-0.07574,-1.13548
68.700000,3435,1.08266,0.98040,-0.88120,2.30717,0.03472,-0.07857,-1.11392,1.09270,0.92684,-0.87698,2.30624,0.00076,-0.07656,-1.09187,0.99603,1.03052,-0.85926,2.28852,0.10405,-0.09512,-1.16373
68.800000,3440,1.08266,0.94416,-0.88005,2.30794,0.03434,-0.10223,-1.14901,1.09168,0.89057,-0.87520,2.30643,-0.00637,-0.10017,-1.11824,0.99472,0.99426,-0.85749,2.28872,0.09702,-0.11455,-1.19115
68.900000,3445,1.08266,0.90792,-0.87624,2.30794,0.02976,-0.12969,-1.17610,1.09073,0.85407,-0.87406,2.30588,-0.01543,-0.12173,-1.14497,0.99348,0.95776,-0.85635,2.28817,0.08797,-0.13389,-1.21776
69.000000,3450,1.08227,0.87168,-0.87624,2.30794,0.02671,-0.15106,-1.20013,1.08972,0.81743,-0.87385,2.30452,-0.02676,-0.14393,-1.17014,0.99230,0.92111,-0.85613,2.28680,0.07669,-0.15297,-1.24344
69.100000,3455,1.08227,0.83468,-0.87624,2.30794,0.02061,-0.17547,-1.22378,1.08861,0.78086,-0.87571,2.30210,-0.04139,-0.16515,-1.19451,0.99095,0.88455,-0.85800,2.28438,0.06209,-0.17153,-1.26772
69.200000,3460,1.08189,0.79882,-0.87624,2.30755,0.00993,-0.19264,-1.24286,1.08821,0.74421,-0.87747,2.29911,-0.05628,-0.18534,-1.21882,0.99028,0.84790,-0.85976,2.28140,0.04720,-0.19027,-1.29164
69.300000,3465,1.07999,0.76334,-0.87624,2.30488,-0.01983,-0.21667,-1.26727,1.08829,0.70756,-0.87964,2.29542,-0.07218,-0.20566,-1.24204,0.99010,0.81125,-0.86193,2.27771,0.03133,-0.20877,-1.31496
69.400000,3470,1.07999,0.72710,-0.87624,2.30145,-0.03394,-0.23918,-1.28863,1.08849,0.67099,-0.88274,2.29091,-0.08963,-0.22510,-1.26408,0.99022,0.77467,-0.86503,2.27320,0.01392,-0.22669,-1.33750
69.500000,3475,1.07999,0.68934,-0.87662,2.29726,-0.05874,-0.25558,-1.31610,1.08927,0.63454,-0.88681,2.28556,-0.10851,-0.24259,-1.28574,0.99072,0.73823,-0.86910,2.26784,-0.00492,-0.24390,-1.35928
69.600000,3480,1.07999,0.65386,-0.87662,2.29153,-0.08582,-0.27313,-1.33479,1.09027,0.59827,-0.89188,2.27933,-0.12865,-0.26000,-1.30680,0.99163,0.70195,-0.87416,2.26162,-0.02504,-0.26031,-1.38035
69.700000,3485,1.07999,0.61800,-0.87891,2.28390,-0.11291,-0.29182,-1.35539,1.09184,0.56221,-0.89799,2.27219,-0.14994,-0.27546,-1.32736,0.99300,0.66589,-0.88028,2.25447,-0.04629,-0.27581,-1.40071
69.800000,3490,1.07999,0.58214,-0.88540,2.27666,-0.13808,-0.30937,-1.37141,1.09396,0.52641,-0.90517,2.26410,-0.17218,-0.29053,-1.34707,0.99489,0.63010,-0.88745,2.24639,-0.06850,-0.29032,-1.42040
69.900000,3495,1.07999,0.54590,-0.89226,2.26826,-0.16479,-0.31890,-1.39316,1.09653,0.49095,-0.91343,2.25503,-0.19520,-0.30319,-1.36601,0.99735,0.59463,-0.89571,2.23732,-0.09147,-0.30375,-1.43943
70.000000,3500,1.07999,0.51157,-0.90218,2.25796,-0.19073,-0.33722,-1.40842,1.09973,0.45596,-0.92300,2.24475,-0.21887,-0.31483,-1.38420,1.00034,0.55964,-0.90529,2.22703,-0.11511,-0.31595,-1.45753
70.100000,3505,1.08037,0.47762,-0.91057,2.24614,-0.21629,-0.34370,-1.42024,1.10318,0.42176,-0.93457,2.23260,-0.24330,-0.32289,-1.40175,1.00366,0.52544,-0.91686,2.21489,-0.13955,-0.32665,-1.47380
70.200000,3510,1.08037,0.44290,-0.92316,2.23393,-0.24337,-0.34828,-1.44313,1.10782,0.38770,-0.94571,2.22050,-0.26702,-0.33201,-1.41841,1.00811,0.49138,-0.92800,2.20279,-0.16319,-0.33649,-1.49103
70.300000,3515,1.08037,0.40933,-0.93575,2.22096,-0.26931,-0.35743,-1.45915,1.11315,0.35429,-0.95751,2.20762,-0.29030,-0.33756,-1.43613,1.01332,0.45797,-0.93979,2.18991,-0.18647,-0.34510,-1.50787
70.400000,3520,1.08037,0.37614,-0.94719,2.20799,-0.29602,-0.36621,-1.46793,1.11876,0.32200,-0.97085,2.19291,-0.31336,-0.34017,-1.45197,1.01888,0.42568,-0.95314,2.17520,-0.20951,-0.35221,-1.52276
70.500000,3525,1.08304,0.34372,-0.96169,2.19273,-0.32157,-0.36735,-1.48662,1.12269,0.29479,-0.97811,2.18209,-0.33130,-0.32485,-1.46705,1.02305,0.39848,-0.96039,2.16438,-0.22749,-0.34852,-1.53616
70.600000,3530,1.08266,0.31816,-0.96322,2.18510,-0.33073,-0.35705,-1.49845,1.11872,0.28318,-0.96862,2.18003,-0.33599,-0.26864,-1.47408,1.01966,0.38687,-0.95091,2.16232,-0.23228,-0.31172,-1.53867
70.700000,3535,1.08304,0.30824,-0.96131,2.18472,-0.34484,-0.30975,-1.49768,1.11375,0.27464,-0.95639,2.17940,-0.33841,-0.22036,-1.47818,1.01485,0.37832,-0.93868,2.16168,-0.23468,-0.26947,-1.53886
70.800000,3540,1.08266,0.30176,-0.95406,2.18281,-0.34446,-0.25634,-1.49959,1.10898,0.26623,-0.94436,2.17877,-0.34084,-0.17795,-1.47949,1.01012,0.36992,-0.92665,2.16106,-0.23704,-0.22793,-1.53904
70.900000,3545,1.08266,0.29069,-0.94147,2.18205,-0.34523,-0.20637,-1.50035,1.10440,0.25776,-0.93255,2.17813,-0.34327,-0.13651,-1.48107,1.00552,0.36145,-0.91484,2.16042,-0.23942,-0.18697,-1.53916
71.000000,3550,1.08266,0.28116,-0.93003,2.18205,-0.34751,-0.15983,-1.50035,1.09998,0.24902,-0.92094,2.17746,-0.34579,-0.09555,-1.48225,1.00110,0.35270,-0.90323,2.15974,-0.24189,-0.14645,-1.53918
71.100000,3555,1.08266,0.27200,-0.91973,2.18205,-0.34751,-0.11596,-1.49997,1.09568,0.24027,-0.90941,2.17678,-0.34834,-0.05499,-1.48323,0.99674,0.34395,-0.89170,2.15906,-0.24435,-0.10618,-1.53918
71.200000,3560,1.08227,0.26323,-0.90676,2.18014,-0.34790,-0.06713,-1.49997,1.09131,0.23155,-0.89793,2.17610,-0.35085,-0.01428,-1.48481,0.99238,0.33523,-0.88022,2.15839,-0.24681,-0.06605,-1.53918
71.300000,3565,1.08037,0.25255,-0.89455,2.17938,-0.34790,-0.01868,-1.49959,1.08709,0.22269,-0.88652,2.17540,-0.35344,0.02620,-1.48645,0.98812,0.32638,-0.86881,2.15769,-0.24933,-0.02599,-1.53918
71.400000,3570,1.07960,0.24454,-0.88273,2.17938,-0.34790,0.02404,-1.49654,1.08304,0.21351,-0.87525,2.17465,-0.35614,0.06752,-1.48831,0.98405,0.31720,-0.85754,2.15694,-0.25200,0.01401,-1.53918
71.500000,3575,1.07960,0.23614,-0.87014,2.17823,-0.35209,0.06791,-1.49654,1.07898,0.20428,-0.86400,2.17390,-0.35887,0.10793,-1.48942,0.98002,0.30796,-0.84629,2.15618,-0.25468,0.05400,-1.53918
71.600000,3580,1.07350,0.22699,-0.85907,2.17747,-0.37002,0.11407,-1.49616,1.07503,0.19504,-0.85275,2.17314,-0.36163,0.14737,-1.49153,0.97598,0.29873,-0.83504,2.15543,-0.25737,0.09399,-1.53918
71.700000,3585,1.06473,0.21707,-0.84725,2.17633,-0.37307,0.15832,-1.49654,1.07112,0.18569,-0.84156,2.17236,-0.36444,0.18729,-1.49286,0.97204,0.28938,-0.82385,2.15465,-0.26013,0.13399,-1.53918
71.800000,3590,1.06320,0.20601,-0.83657,2.17633,-0.37346,0.19647,-1.49616,1.06737,0.17604,-0.83055,2.17154,-0.36741,0.22950,-1.49379,0.96835,0.27973,-0.81283,2.15383,-0.26307,0.17398,-1.53918
71.900000,3595,1.06320,0.19571,-0.82436,2.17556,-0.37613,0.24415,-1.49616,1.06373,0.16633,-0.81956,2.17071,-0.37041,0.27070,-1.49632,0.96470,0.27002,-0.80185,2.15299,-0.26604,0.21397,-1.53918
72.000000,3600,1.06129,0.18731,-0.81330,2.17442,-0.39367,0.28840,-1.49616,1.06015,0.15662,-0.80858,2.16987,-0.37343,0.31081,-1.49925,0.96106,0.26031,-0.79087,2.15216,-0.26901,0.25397,-1.53918
72.100000,3605,1.05443,0.17549,-0.80147,2.17442,-0.39558,0.32579,-1.49616,1.05666,0.14683,-0.79766,2.16903,-0.37655,0.34997,-1.49914,0.95752,0.25051,-0.77995,2.15131,-0.27205,0.29398,-1.53918
72.200000,3610,1.04909,0.16595,-0.79079,2.17251,-0.39558,0.37042,-1.49654,1.05338,0.13678,-0.78695,2.16814,-0.37981,0.39138,-1.50129,0.95428,0.24046,-0.76924,2.15043,-0.27530,0.33404,-1.53918
72.300000,3615,1.04909,0.15527,-0.77973,2.17175,-0.39596,0.41200,-1.49616,1.05019,0.12665,-0.77627,2.16724,-0.38313,0.43298,-1.50341,0.95111,0.23034,-0.75856,2.14953,-0.27859,0.37416,-1.53918
72.400000,3620,1.04909,0.14459,-0.76828,2.17175,-0.39596,0.45549,-1.49654,1.04701,0.11650,-0.76556,2.16634,-0.38647,0.47392,-1.50523,0.94793,0.22018,-0.74785,2.14863,-0.28190,0.41442,-1.53918
72.500000,3625,1.04870,0.13505,-0.75684,2.17099,-0.39634,0.49707,-1.49654,1.04391,0.10623,-0.75486,2.16543,-0.38989,0.51496,-1.50781,0.94484,0.20992,-0.73715,2.14772,-0.28528,0.45491,-1.53918
72.600000,3630,1.04603,0.12323,-0.74539,2.17022,-0.39673,0.53636,-1.49616,1.04122,0.09570,-0.74435,2.16449,-0.39355,0.55591,-1.50948,0.94211,0.19938,-0.72663,2.14678,-0.28891,0.49576,-1.53918
72.700000,3635,1.04603,0.11254,-0.73624,2.16793,-0.40016,0.58062,-1.49616,1.03855,0.08500,-0.73378,2.16353,-0.39728,0.59769,-1.51120,0.93945,0.18868,-0.71607,2.14582,-0.29262,0.53708,-1.53918
72.800000,3640,1.04565,0.10415,-0.72479,2.16679,-0.40016,0.62143,-1.49616,1.03579,0.07419,-0.72307,2.16258,-0.40103,0.61648,-1.51251,0.93674,0.17788,-0.70536,2.14486,-0.29636,0.57891,-1.53917
72.900000,3645,1.03383,0.09118,-0.71526,2.16603,-0.41618,0.63555,-1.49654,1.03282,0.07303,-0.71122,2.16511,-0.39909,0.61648,-1.50758,0.93383,0.17671,-0.69351,2.14740,-0.29445,0.60938,-1.53689
73.000000,3650,1.02353,0.08660,-0.70267,2.16679,-0.41885,0.63669,-1.49349,1.02925,0.10057,-0.69681,2.17742,-0.38036,0.61648,-1.49487,0.93064,0.20426,-0.67910,2.15971,-0.27586,0.60630,-1.52788
73.100000,3655,1.01857,0.09690,-0.68817,2.17633,-0.41465,0.63669,-1.48853,1.02665,0.13438,-0.68281,2.19083,-0.35795,0.61648,-1.48460,0.92813,0.23806,-0.66510,2.17312,-0.25348,0.59885,-1.51758
73.200000,3660,1.01857,0.13009,-0.67177,2.19006,-0.40741,0.63669,-1.48433,1.02496,0.16812,-0.66867,2.20490,-0.33341,0.61648,-1.47643,0.92659,0.27180,-0.65096,2.18719,-0.22895,0.59344,-1.50954
73.300000,3665,1.01857,0.16633,-0.65727,2.20303,-0.37269,0.63631,-1.47670,1.02398,0.20424,-0.65668,2.21690,-0.30955,0.61648,-1.46623,0.92585,0.30792,-0.63897,2.19919,-0.20513,0.58935,-1.49901
73.400000,3670,1.01857,0.19914,-0.64659,2.21562,-0.33950,0.63631,-1.46030,1.02366,0.24201,-0.64648,2.22738,-0.28640,0.61648,-1.45425,0.92581,0.34570,-0.62877,2.20967,-0.18205,0.58649,-1.48667
73.500000,3675,1.01857,0.23614,-0.63744,2.22630,-0.30937,0.63631,-1.44275,1.02420,0.28084,-0.63777,2.23673,-0.26405,0.61648,-1.44248,0.92637,0.38453,-0.62006,2.21902,-0.15975,0.58469,-1.47303
73.600000,3680,1.01819,0.27429,-0.62943,2.23584,-0.28114,0.63631,-1.43550,1.02515,0.32033,-0.63030,2.24519,-0.24247,0.61648,-1.42749,0.92754,0.42401,-0.61259,2.22748,-0.13820,0.58381,-1.45842
73.700000,3685,1.01819,0.31358,-0.62180,2.24537,-0.25329,0.63631,-1.42406,1.02733,0.35957,-0.62302,2.25373,-0.22006,0.61648,-1.41515,0.92978,0.46325,-0.60531,2.23602,-0.11584,0.58408,-1.44482
73.800000,3690,1.01857,0.35020,-0.61646,2.25339,-0.22964,0.63631,-1.40460,1.02910,0.39969,-0.61781,2.26053,-0.20062,0.61648,-1.40016,0.93190,0.50338,-0.60010,2.24282,-0.09649,0.58441,-1.42810
73.900000,3695,1.01895,0.38911,-0.61150,2.26025,-0.20599,0.63631,-1.38629,1.03078,0.44022,-0.61408,2.26610,-0.18360,0.61648,-1.38122,0.93400,0.54391,-0.59637,2.24839,-0.07951,0.58474,-1.40915
74.000000,3700,1.01895,0.42955,-0.60806,2.26521,-0.18157,0.63631,-1.36798,1.03284,0.48080,-0.61132,2.27085,-0.16828,0.61648,-1.36288,0.93618,0.58448,-0.59360,2.25314,-0.06428,0.58499,-1.38875
74.100000,3705,1.01933,0.46884,-0.60768,2.26941,-0.17700,0.63631,-1.34509,1.03468,0.52137,-0.60938,2.27486,-0.15473,0.61648,-1.34285,0.93836,0.62503,-0.59167,2.25715,-0.05083,0.58498,-1.36691
74.200000,3710,1.01895,0.50928,-0.60654,2.27399,-0.15106,0.63631,-1.32220,1.03642,0.56185,-0.60816,2.27816,-0.14295,0.61648,-1.31950,0.94047,0.66549,-0.59045,2.26045,-0.03911,0.58453,-1.34365
74.300000,3715,1.01933,0.54781,-0.60616,2.27742,-0.13961,0.63631,-1.30008,1.03778,0.60225,-0.60752,2.28079,-0.13283,0.61648,-1.29448,0.94245,0.70584,-0.58981,2.26308,-0.02907,0.58347,-1.31904
74.400000,3720,1.01933,0.58748,-0.60616,2.27971,-0.12473,0.63631,-1.26994,1.03927,0.64250,-0.60738,2.28277,-0.12424,0.61648,-1.27119,0.94422,0.74603,-0.58966,2.26506,-0.02061,0.58166,-1.29312
74.500000,3725,1.01933,0.62754,-0.60616,2.28085,-0.12130,0.63669,-1.24972,1.04036,0.68247,-0.60764,2.28412,-0.11723,0.61648,-1.24437,0.94575,0.78602,-0.58993,2.26640,-0.01367,0.57898,-1.26600
74.600000,3730,1.01971,0.66835,-0.60616,2.28352,-0.11443,0.63631,-1.22035,1.04099,0.72225,-0.60826,2.28483,-0.11156,0.61648,-1.21667,0.94698,0.82574,-0.59054,2.26712,-0.00812,0.57533,-1.23779
74.700000,3735,1.01971,0.70612,-0.60616,2.28467,-0.09994,0.63631,-1.18564,1.04150,0.76171,-0.60917,2.28492,-0.10711,0.61648,-1.18891,0.94789,0.86512,-0.59146,2.26721,-0.00384,0.57062,-1.20862
74.800000,3740,1.02238,0.74503,-0.60616,2.28467,-0.09994,0.63593,-1.15664,1.04145,0.80069,-0.61035,2.28437,-0.10384,0.61648,-1.15882,0.94844,0.90410,-0.59263,2.26666,-0.00070,0.56482,-1.17864
74.900000,3745,1.02238,0.78356,-0.60616,2.28467,-0.09994,0.63631,-1.12803,1.04110,0.83924,-0.61178,2.28316,-0.10160,0.61349,-1.12839,0.94862,0.94259,-0.59407,2.26545,0.00143,0.55785,-1.14798
75.000000,3750,1.02238,0.82171,-0.60616,2.28467,-0.09956,0.63593,-1.09446,1.04032,0.87731,-0.61347,2.28130,-0.10017,0.60563,-1.09808,0.94846,0.98056,-0.59576,2.26359,0.00269,0.54978,-1.11678
75.100000,3755,1.02238,0.85986,-0.60616,2.28467,-0.09956,0.63402,-1.06547,1.03921,0.91479,-0.61542,2.27883,-0.09948,0.59709,-1.06601,0.94798,1.01802,-0.59770,2.26112,0.00323,0.54067,-1.08519
75.200000,3760,1.02238,0.89610,-0.60654,2.28428,-0.09956,0.62944,-1.03190,1.03775,0.95179,-0.61764,2.27573,-0.09936,0.58725,-1.03378,0.94719,1.05493,-0.59993,2.25802,0.00318,0.53053,-1.05329
75.300000,3765,1.02276,0.93348,-0.60654,2.28390,-0.09917,0.62525,-0.99909,1.03612,0.98820,-0.62015,2.27202,-0.09969,0.57659,-1.00201,0.94613,1.09131,-0.60244,2.25430,0.00267,0.51941,-1.02118
75.400000,3770,1.03077,0.96896,-0.60844,2.27971,-0.09917,0.61724,-0.96438,1.03380,1.02413,-0.62299,2.26767,-0.10023,0.56670,-0.96888,0.94482,1.12714,-0.60528,2.24996,0.00179,0.50733,-0.98891
75.500000,3775,1.03345,1.00520,-0.60921,2.27666,-0.09956,0.59893,-0.93462,1.03187,1.05938,-0.62618,2.26270,-0.10135,0.55316,-0.93538,0.94328,1.16243,-0.60847,2.24499,0.00066,0.49433,-0.95654
75.600000,3780,1.03306,1.03953,-0.61455,2.27208,-0.09956,0.58748,-0.90525,1.02941,1.09429,-0.62975,2.25709,-0.10248,0.53826,-0.90175,0.94156,1.19717,-0.61204,2.23937,-0.00066,0.48044,-0.92411
75.700000,3785,1.03306,1.07463,-0.61760,2.26521,-0.09956,0.56879,-0.86634,1.02684,1.12857,-0.63374,2.25082,-0.10356,0.52469,-0.87053,0.93968,1.23137,-0.61603,2.23311,-0.00206,0.46572,-0.89165
75.800000,3790,1.03306,1.10896,-0.62256,2.25949,-0.09956,0.55277,-0.83620,1.02419,1.16223,-0.63818,2.24389,-0.10477,0.50960,-0.83714,0.93767,1.26501,-0.62047,2.22618,-0.00347,0.45019,-0.85917
75.900000,3795,1.03306,1.14253,-0.62790,2.25262,-0.10032,0.53713,-0.80492,1.02125,1.19541,-0.64309,2.23628,-0.10590,0.49360,-0.80364,0.93557,1.29808,-0.62538,2.21857,-0.00482,0.43392,-0.82671
76.000000,3800,1.03306,1.17534,-0.63400,2.24461,-0.10032,0.51691,-0.77402,1.01828,1.22802,-0.64849,2.22800,-0.10685,0.47676,-0.76987,0.93340,1.33056,-0.63078,2.21029,-0.00603,0.41693,-0.79426
76.100000,3805,1.03306,1.20776,-0.64011,2.23660,-0.10070,0.49860,-0.73702,1.01451,1.26044,-0.65412,2.21981,-0.10782,0.45972,-0.73762,0.93048,1.36286,-0.63641,2.20210,-0.00735,0.39916,-0.76213
76.200000,3810,1.03306,1.24019,-0.64621,2.22783,-0.10032,0.48601,-0.70650,1.01066,1.29238,-0.66027,2.21114,-0.10861,0.44175,-0.70566,0.92743,1.39464,-0.64255,2.19342,-0.00850,0.38076,-0.73010
76.300000,3815,1.03306,1.27223,-0.65308,2.21905,-0.10070,0.46045,-0.67560,1.00769,1.32299,-0.66739,2.20080,-0.10888,0.42354,-0.67126,0.92524,1.42526,-0.64968,2.18309,-0.00898,0.36186,-0.69781
76.400000,3820,1.03306,1.30313,-0.66147,2.20837,-0.10108,0.44061,-0.64089,1.00490,1.35307,-0.67509,2.18961,-0.10836,0.40474,-0.64010,0.92318,1.45510,-0.65738,2.17190,-0.00898,0.34246,-0.66551
76.500000,3825,1.03268,1.33250,-0.66986,2.19731,-0.10146,0.42230,-0.61304,1.00209,1.38221,-0.68335,2.17756,-0.10742,0.38554,-0.60569,0.92125,1.48411,-0.66564,2.15985,-0.00842,0.32264,-0.63319
76.600000,3830,1.03268,1.36302,-0.67749,2.18472,-0.10299,0.39674,-0.57489,0.99973,1.41045,-0.69220,2.16459,-0.10573,0.36613,-0.57391,0.91954,1.51220,-0.67449,2.14688,-0.00718,0.30251,-0.60083
76.700000,3835,1.03230,1.39049,-0.68665,2.17213,-0.10337,0.38148,-0.54437,0.99727,1.43771,-0.70160,2.15067,-0.10328,0.34644,-0.54120,0.91805,1.53927,-0.68389,2.13296,-0.00517,0.28218,-0.56845
76.800000,3840,1.03268,1.41795,-0.69695,2.15802,-0.10337,0.35898,-0.51119,0.99513,1.46385,-0.71145,2.13578,-0.09994,0.32671,-0.50718,0.91676,1.56522,-0.69374,2.11808,-0.00230,0.26177,-0.53605
76.900000,3845,1.03230,1.44389,-0.70763,2.14238,-0.10337,0.33609,-0.48105,0.99343,1.48870,-0.72168,2.11991,-0.09567,0.30707,-0.47414,0.91566,1.58994,-0.70397,2.10221,0.00151,0.24146,-0.50365
77.000000,3850,1.03230,1.46793,-0.71831,2.12635,-0.10299,0.31625,-0.44405,0.99150,1.51239,-0.73219,2.10301,-0.09019,0.28794,-0.44157,0.91477,1.61327,-0.71448,2.08533,0.00635,0.22145,-0.47126
77.100000,3855,1.03001,1.49196,-0.72899,2.10842,-0.10299,0.29222,-0.41353,0.99114,1.53314,-0.74236,2.08375,-0.08307,0.26980,-0.40803,0.91464,1.63390,-0.72465,2.06608,0.01307,0.20280,-0.43861
77.200000,3860,1.03039,1.51142,-0.74043,2.08973,-0.10261,0.27772,-0.38110,0.98953,1.55295,-0.75263,2.06383,-0.07469,0.25284,-0.37512,0.91447,1.65326,-0.73492,2.04617,0.02065,0.18469,-0.40611
77.300000,3865,1.03001,1.53087,-0.75188,2.06913,-0.09956,0.25941,-0.34524,0.98821,1.57201,-0.76326,2.04422,-0.06622,0.23589,-0.34355,0.91392,1.67207,-0.74555,2.02657,0.02847,0.16673,-0.37404
77.400000,3870,1.03001,1.54994,-0.76142,2.04930,-0.09917,0.23996,-0.31587,0.98713,1.58948,-0.77391,2.02369,-0.05684,0.21976,-0.31030,0.91375,1.68912,-0.75620,2.00607,0.03729,0.14991,-0.34217
77.500000,3875,1.03001,1.56597,-0.77210,2.02755,-0.09536,0.22432,-0.28306,0.98638,1.60529,-0.78451,2.00227,-0.04635,0.20509,-0.27936,0.91402,1.70436,-0.76680,1.98466,0.04702,0.13443,-0.31055
77.600000,3880,1.03001,1.58161,-0.78392,2.00695,-0.07323,0.20829,-0.25560,0.98635,1.61879,-0.79482,1.98006,-0.03541,0.19215,-0.24728,0.91446,1.71791,-0.77710,1.96247,0.05749,0.12034,-0.27918
77.700000,3885,1.03001,1.59458,-0.79384,1.98368,-0.07018,0.19800,-0.22394,0.98553,1.63151,-0.80469,1.95711,-0.02351,0.18030,-0.21646,0.91496,1.72985,-0.78699,1.93954,0.06855,0.10770,-0.24807
77.800000,3890,1.02963,1.60526,-0.80452,1.96041,-0.04844,0.18007,-0.19609,0.98530,1.64239,-0.81403,1.93344,-0.01147,0.16958,-0.18425,0.91545,1.74024,-0.79636,1.91589,0.08004,0.09656,-0.21722
77.900000,3895,1.02963,1.61670,-0.81406,1.93714,-0.04653,0.17358,-0.16214,0.98456,1.65203,-0.82276,1.90906,0.00140,0.16104,-0.15600,0.91584,1.74916,-0.80512,1.89154,0.09183,0.08694,-0.18660
78.000000,3900,1.02582,1.62548,-0.82131,1.91158,-0.02173,0.15832,-0.14001,0.98420,1.65969,-0.83076,1.88397,0.01322,0.15283,-0.12389,0.91602,1.75667,-0.81315,1.86646,0.10377,0.07883,-0.15621
78.100000,3905,1.01857,1.63539,-0.83008,1.88564,-0.01754,0.15184,-0.10492,0.98259,1.66735,-0.83794,1.85808,0.02643,0.14712,-0.09645,0.91588,1.76283,-0.82034,1.84062,0.11572,0.07223,-0.12602
78.200000,3910,1.01628,1.63845,-0.83619,1.85932,0.00573,0.14688,-0.08088,0.98120,1.67145,-0.84293,1.83052,0.03949,0.14490,-0.06722,0.91552,1.76620,-0.82539,1.81310,0.12760,0.06864,-0.09644
78.300000,3915,1.01590,1.64646,-0.84000,1.83147,0.02328,0.14268,-0.04922,0.97703,1.67595,-0.84702,1.80219,0.05205,0.14310,-0.03798,0.91451,1.76861,-0.82953,1.78484,0.13919,0.06623,-0.06689
78.400000,3920,1.01552,1.64684,-0.84534,1.80210,0.03167,0.13581,-0.03167,0.97445,1.68075,-0.85145,1.77409,0.06447,0.14024,-0.00896,0.91245,1.77184,-0.83398,1.75675,0.15038,0.06318,-0.03673
78.500000,3925,1.01399,1.64951,-0.84992,1.77425,0.04502,0.13505,0.00533,0.96901,1.68640,-0.85471,1.74491,0.07656,0.13844,0.01828,0.90943,1.77408,-0.83721,1.72767,0.16120,0.06124,-0.00644
78.600000,3930,1.00598,1.65485,-0.85183,1.74488,0.05761,0.13238,0.03089,0.96449,1.68664,-0.85539,1.71411,0.08689,0.13879,0.04775,0.90545,1.77390,-0.83790,1.69684,0.17133,0.06178,0.02338
78.700000,3935,0.99644,1.65981,-0.85373,1.71207,0.06257,0.13200,0.05950,0.95601,1.69306,-0.85577,1.68305,0.09890,0.13874,0.07640,0.89974,1.77462,-0.83829,1.66587,0.18112,0.06156,0.05408
78.800000,3940,0.99530,1.66134,-0.85373,1.68308,0.08126,0.13009,0.08392,0.93193,1.70244,-0.84539,1.66297,0.10304,0.13487,0.09807,0.88334,1.77871,-0.82792,1.64564,0.18510,0.05923,0.07560
78.900000,3945,0.96096,1.67392,-0.84954,1.66858,0.08317,0.12780,0.10719,0.89876,1.70428,-0.81597,1.66094,0.09302,0.12796,0.10425,0.85084,1.78630,-0.79846,1.64336,0.17930,0.05549,0.07985
79.000000,3950,0.92015,1.67659,-0.82436,1.66706,0.08241,0.12742,0.11138,0.86195,1.71499,-0.78428,1.66025,0.08611,0.12205,0.11070,0.81634,1.79440,-0.76682,1.64263,0.17254,0.05150,0.08258
79.100000,3955,0.88505,1.67698,-0.78926,1.66706,0.08165,0.12017,0.12435,0.82399,1.73160,-0.75273,1.65881,0.08074,0.11530,0.11252,0.78113,1.80315,-0.73523,1.64119,0.16588,0.04670,0.08542
79.200000,3960,0.84652,1.68346,-0.75798,1.66668,0.07974,0.11254,0.12779,0.78665,1.74534,-0.72110,1.65699,0.07465,0.10833,0.11572,0.74544,1.81229,-0.70360,1.63936,0.15926,0.04145,0.08833
79.300000,3965,0.80799,1.69452,-0.72632,1.66591,0.07936,0.10492,0.12779,0.74880,1.76300,-0.69005,1.65518,0.06891,0.09967,0.11890,0.70938,1.82232,-0.67254,1.63756,0.15271,0.03519,0.09137
79.400000,3970,0.76908,1.71436,-0.69733,1.66324,0.07936,0.09843,0.12855,0.70922,1.79859,-0.66167,1.65349,0.06483,0.08530,0.11833,0.67264,1.83538,-0.64407,1.63590,0.14648,0.02541,0.09488
79.500000,3975,0.72903,1.74602,-0.66910,1.66172,0.07897,0.08432,0.13198,0.66591,1.87413,-0.63372,1.65168,0.06503,0.06682,0.11265,0.63574,1.84899,-0.61603,1.63426,0.14031,0.01500,0.09847
79.600000,3980,0.68325,1.81354,-0.64125,1.66134,0.07897,0.06677,0.13427,0.61859,1.95068,-0.60757,1.64909,0.07342,0.03416,0.09250,0.59888,1.86432,-0.58986,1.63232,0.13429,0.00265,0.10209
79.700000,3985,0.64815,1.89365,-0.61302,1.65943,0.07897,0.03587,0.13046,0.57331,1.97813,-0.58367,1.64632,0.08026,0.01240,0.08731,0.56213,1.88173,-0.56596,1.63003,0.12844,-0.01202,0.10573
79.800000,3990,0.61344,1.93562,-0.58289,1.65752,0.07936,-0.00533,0.12969,0.53240,1.99968,-0.56029,1.64383,0.08319,-0.01306,0.08772,0.52555,1.89947,-0.54258,1.62764,0.12262,-0.02705,0.10933
79.900000,3995,0.57072,1.94820,-0.56114,1.65752,0.07974,-0.02975,0.12702,0.49545,2.02159,-0.54026,1.64097,0.08214,-0.04372,0.08969,0.48984,1.91973,-0.52255,1.62456,0.11681,-0.04468,0.11266
80.000000,4000,0.52570,1.94897,-0.54359,1.65752,0.07974,-0.05607,0.12702,0.45881,2.04323,-0.52158,1.63776,0.08148,-0.06768,0.09176,0.45466,1.94080,-0.50386,1.62124,0.11105,-0.06316,0.11587
80.100000,4005,0.48031,1.96919,-0.52719,1.65561,0.07936,-0.07476,0.12664,0.42513,2.06515,-0.50494,1.63403,0.07718,-0.08621,0.09218,0.42060,1.96296,-0.48723,1.61744,0.10510,-0.08257,0.11877
80.200000,4010,0.44788,2.00237,-0.50926,1.65027,0.07936,-0.09002,0.12664,0.38995,2.08885,-0.49112,1.62930,0.07878,-0.10143,0.09038,0.38809,1.98662,-0.47341,1.61303,0.09894,-0.10324,0.12123
80.300000,4015,0.41774,2.03251,-0.49438,1.64837,0.07936,-0.11672,0.12626,0.37146,2.10814,-0.47787,1.63415,0.07162,-0.10770,0.08697,0.36155,2.00723,-0.46016,1.61739,0.09673,-0.11862,0.11567
80.400000,4020,0.40287,2.04815,-0.48294,1.65218,0.07859,-0.12588,0.12206,0.37259,2.11668,-0.46900,1.66171,0.06650,-0.09223,0.07092,0.35125,2.02046,-0.45128,1.64453,0.10379,-0.12282,0.09024
80.500000,4025,0.40020,2.05731,-0.47722,1.67888,0.07859,-0.12588,0.10452,0.37303,2.12371,-0.46417,1.69306,0.06625,-0.08932,0.04947,0.34634,2.03257,-0.44645,1.67574,0.11143,-0.12651,0.06223
80.600000,4030,0.39791,2.07066,-0.47264,1.71207,0.07897,-0.12511,0.09040,0.36737,2.13151,-0.45626,1.72282,0.06795,-0.09196,0.02830,0.33976,2.04403,-0.43856,1.70544,0.11841,-0.12909,0.03446
80.700000,4035,0.39829,2.08058,-0.46158,1.74068,0.07897,-0.12511,0.05607,0.36154,2.13713,-0.44631,1.75141,0.06895,-0.09664,0.00822,0.33205,2.05481,-0.42864,1.73395,0.12472,-0.13106,0.00684
80.800000,4040,0.39371,2.08668,-0.44975,1.77006,0.07897,-0.12588,0.03890,0.35635,2.14358,-0.43526,1.77909,0.07094,-0.10161,-0.01745,0.32370,2.06522,-0.41758,1.76158,0.13040,-0.13279,-0.02064
80.900000,4045,0.38150,2.09812,-0.43869,1.79790,0.07897,-0.12550,-0.00001,0.35049,2.13718,-0.42297,1.80603,0.06850,-0.10485,-0.03313,0.31461,2.07544,-0.40539,1.78843,0.13549,-0.13438,-0.04805
81.000000,4050,0.38074,2.09774,-0.42534,1.82461,0.07936,-0.12550,-0.01489,0.34222,2.13572,-0.40963,1.83217,0.07158,-0.10380,-0.05796,0.30466,2.08564,-0.39210,1.81455,0.14002,-0.13590,-0.07546
81.100000,4055,0.36434,2.09698,-0.41046,1.85131,0.07897,-0.12550,-0.05036,0.33782,2.08448,-0.39485,1.85766,0.06581,-0.10361,-0.07202,0.29377,2.09598,-0.37772,1.83996,0.14397,-0.13742,-0.10292
81.200000,4060,0.35938,2.06913,-0.39291,1.87344,0.07897,-0.12244,-0.06867,0.30807,2.03052,-0.35324,1.88241,0.07877,-0.09946,-0.07370,0.28188,2.10662,-0.36231,1.86470,0.14737,-0.13899,-0.13045
81.300000,4065,0.31207,2.04357,-0.35019,1.90014,0.08508,-0.13198,-0.07783,0.26210,2.19214,-0.32861,1.90644,0.14718,-0.18739,-0.13434,0.26898,2.11773,-0.34593,1.88878,0.15020,-0.14063,-0.15807
81.400000,4070,0.25638,2.13589,-0.33264,1.92913,0.14154,-0.15144,-0.12704,0.23354,2.22915,-0.31114,1.92972,0.18542,-0.20524,-0.19994,0.25504,2.12948,-0.32862,1.91217,0.15244,-0.14236,-0.18577
81.500000,4075,0.24875,2.20723,-0.30403,1.94706,0.18960,-0.20027,-0.20524,0.20726,2.24441,-0.29302,1.95224,0.20982,-0.20461,-0.23877,0.24011,2.14202,-0.31048,1.93488,0.15410,-0.14417,-0.21356
81.600000,4080,0.22968,2.23698,-0.28266,1.97147,0.21440,-0.22048,-0.25064,0.19252,2.25864,-0.27491,1.97424,0.21491,-0.21260,-0.27650,0.22422,2.15551,-0.29160,1.95687,0.15516,-0.14603,-0.24142
81.700000,4085,0.20145,2.24537,-0.26855,1.99665,0.21554,-0.22048,-0.28955,0.17672,2.27333,-0.25623,1.99557,0.21342,-0.21702,-0.30479,0.20747,2.17007,-0.27209,1.97816,0.15564,-0.14789,-0.26934
81.800000,4090,0.18008,2.25262,-0.25024,2.01725,0.21898,-0.22048,-0.31206,0.15925,2.28905,-0.23636,2.01607,0.21403,-0.21876,-0.33476,0.18993,2.18586,-0.25203,1.99869,0.15554,-0.14967,-0.29731
81.900000,4095,0.16292,2.27627,-0.23002,2.03785,0.23691,-0.22087,-0.34639,0.14101,2.30601,-0.21531,2.03586,0.21180,-0.22146,-0.36025,0.17175,2.20296,-0.23155,2.01845,0.15488,-0.15128,-0.32531
82.000000,4100,0.14613,2.29840,-0.20599,2.05578,0.23729,-0.23078,-0.37309,0.12224,2.32451,-0.19446,2.05481,0.21159,-0.22338,-0.38899,0.15305,2.22147,-0.21071,2.03740,0.15371,-0.15258,-0.35330
82.100000,4105,0.12630,2.32167,-0.18424,2.07562,0.23691,-0.23765,-0.40399,0.10433,2.34431,-0.17333,2.07282,0.20761,-0.22504,-0.41658,0.13392,2.24149,-0.18953,2.05539,0.15209,-0.15337,-0.38117
82.200000,4110,0.10608,2.34608,-0.16250,2.09278,0.23691,-0.23841,-0.42535,0.08607,2.36578,-0.15214,2.08988,0.20464,-0.22573,-0.44519,0.11459,2.26305,-0.16811,2.07244,0.15008,-0.15348,-0.40891
82.300000,4115,0.08662,2.37164,-0.13961,2.11148,0.23614,-0.23841,-0.45625,0.06727,2.38863,-0.13063,2.10617,0.20034,-0.22583,-0.47128,0.09531,2.28610,-0.14667,2.08871,0.14778,-0.15280,-0.43657
82.400000,4120,0.06640,2.39873,-0.11710,2.12750,0.23614,-0.23879,-0.47724,0.04909,2.41301,-0.10920,2.12162,0.19765,-0.22479,-0.49946,0.07622,2.31059,-0.12528,2.10416,0.14526,-0.15121,-0.46407
82.500000,4125,0.04657,2.42696,-0.09574,2.14505,0.23309,-0.23841,-0.50508,0.03013,2.43733,-0.08807,2.13608,0.19068,-0.22434,-0.52452,0.05631,2.33522,-0.10408,2.11858,0.14233,-0.14963,-0.49186
82.600000,4130,0.02711,2.45480,-0.07362,2.15687,0.23195,-0.23879,-0.53140,0.01119,2.46237,-0.06680,2.14951,0.18739,-0.22235,-0.55194,0.03618,2.36051,-0.08311,2.13202,0.13922,-0.14751,-0.51963
82.700000,4135,0.00575,2.48380,-0.05111,2.17137,0.22928,-0.23841,-0.55811,-0.00595,2.49019,-0.04608,2.16228,0.18284,-0.21763,-0.57983,0.01795,2.38867,-0.06223,2.14479,0.13656,-0.14285,-0.54634
82.800000,4140,-0.01218,2.51546,-0.03013,2.18319,0.22203,-0.23841,-0.58634,-0.02250,2.51939,-0.02531,2.17414,0.18082,-0.21148,-0.60616,0.00046,2.41813,-0.04156,2.15666,0.13417,-0.13674,-0.57248
82.900000,4145,-0.03011,2.55017,-0.00762,2.19464,0.20601,-0.23765,-0.60961,-0.03784,2.54950,-0.00529,2.18508,0.17704,-0.20315,-0.63346,-0.01627,2.44870,-0.02112,2.16761,0.13219,-0.12917,-0.59792
83.000000,4150,-0.04613,2.58451,0.01374,2.20532,0.20257,-0.23612,-0.63745,-0.05354,2.58058,0.01527,2.19508,0.17485,-0.19391,-0.65676,-0.03216,2.48027,-0.00090,2.17762,0.13075,-0.12008,-0.62251
83.100000,4155,-0.06101,2.61922,0.03549,2.21524,0.19838,-0.23002,-0.65615,-0.06696,2.61269,0.03499,2.20410,0.17429,-0.18319,-0.68296,-0.04715,2.51272,0.01912,2.18668,0.12999,-0.10947,-0.64613
83.200000,4160,-0.07894,2.65584,0.05570,2.22477,0.18235,-0.22621,-0.68590,-0.07846,2.64480,0.05434,2.21222,0.16803,-0.17094,-0.70317,-0.06121,2.54588,0.03895,2.19476,0.13004,-0.09737,-0.66862
83.300000,4165,-0.08733,2.69285,0.07478,2.23050,0.17968,-0.20751,-0.70269,-0.09204,2.67825,0.07425,2.21925,0.17140,-0.15636,-0.72639,-0.07431,2.57963,0.05864,2.20187,0.13102,-0.08382,-0.68988
83.400000,4170,-0.10030,2.73061,0.09652,2.23584,0.17930,-0.20027,-0.72634,-0.10228,2.71132,0.09358,2.22536,0.17049,-0.14181,-0.74598,-0.08645,2.61379,0.07823,2.20798,0.13302,-0.06890,-0.70977
83.500000,4175,-0.11480,2.76914,0.11712,2.24423,0.17625,-0.17928,-0.74312,-0.11057,2.74437,0.11260,2.23043,0.17097,-0.12434,-0.76578,-0.09762,2.64820,0.09775,2.21308,0.13612,-0.05272,-0.72820
83.600000,4180,-0.12319,2.80576,0.13696,2.24728,0.17625,-0.15792,-0.76334,-0.11945,2.77749,0.13082,2.23448,0.17159,-0.10599,-0.78208,-0.10784,2.68269,0.11727,2.21717,0.14039,-0.03541,-0.74510
83.700000,4185,-0.13044,2.84238,0.15451,2.25033,0.17625,-0.14686,-0.77250,-0.11538,2.80573,0.13480,2.23758,0.15738,-0.08256,-0.79655,-0.11715,2.71710,0.13683,2.22023,0.14587,-0.01713,-0.76044
83.800000,4190,-0.12815,2.86527,0.15794,2.25644,0.13467,-0.10833,-0.78890,-0.06965,2.68624,0.13957,2.23995,0.07387,-0.00823,-0.76758,-0.12559,2.75125,0.15647,2.22228,0.15256,0.00197,-0.77419
83.900000,4195,-0.10526,2.78364,0.16900,2.25796,0.07135,-0.04462,-0.78242,-0.07226,2.68480,0.16134,2.24098,0.07039,0.05232,-0.74323,-0.13319,2.78496,0.17628,2.22327,0.16045,0.02179,-0.78634
84.000000,4200,-0.09763,2.75464,0.17968,2.25834,0.07821,0.03816,-0.78165,-0.08024,2.71503,0.19717,2.24076,0.07944,0.06972,-0.74945,-0.13895,2.81778,0.19655,2.22304,0.16983,0.04280,-0.79574
84.100000,4205,-0.10030,2.77105,0.22813,2.25834,0.07859,0.05265,-0.77440,-0.11528,2.74879,0.23428,2.23931,0.11496,0.04288,-0.75148,-0.14310,2.84962,0.21731,2.22160,0.18070,0.06464,-0.80262
84.200000,4210,-0.11785,2.80920,0.25979,2.25834,0.08050,0.04960,-0.77402,-0.11699,2.77979,0.25574,2.23707,0.12332,0.04770,-0.75980,-0.14886,2.88083,0.23806,2.21936,0.19175,0.08590,-0.81041
84.300000,4215,-0.13082,2.84467,0.28154,2.25834,0.08622,0.05075,-0.76868,-0.12264,2.80995,0.27679,2.23384,0.13566,0.06944,-0.76663,-0.15431,2.91111,0.25908,2.21613,0.20375,0.10721,-0.81718
84.400000,4220,-0.13120,2.87786,0.30328,2.25834,0.10949,0.05761,-0.76716,-0.12864,2.83900,0.29811,2.22958,0.15011,0.09295,-0.77330,-0.15937,2.94030,0.28040,2.21186,0.21677,0.12852,-0.82284
84.500000,4225,-0.13158,2.90952,0.32655,2.25796,0.12857,0.07058,-0.76716,-0.13426,2.86695,0.31974,2.22430,0.16377,0.11456,-0.77830,-0.16413,2.96836,0.30203,2.20659,0.23071,0.14970,-0.82757
84.600000,4230,-0.13730,2.94157,0.34830,2.25453,0.13963,0.09767,-0.76754,-0.13728,2.89372,0.34168,2.21800,0.17789,0.13300,-0.78375,-0.16868,2.99521,0.32396,2.20029,0.24555,0.17067,-0.83151
84.700000,4235,-0.14837,2.97094,0.37004,2.25033,0.16404,0.11712,-0.76754,-0.14073,2.91910,0.36390,2.21070,0.19226,0.15252,-0.78610,-0.17312,3.02084,0.34619,2.19299,0.26122,0.19136,-0.83483
84.800000,4240,-0.15294,2.99841,0.39445,2.24156,0.18502,0.14116,-0.76792,-0.14624,2.94349,0.38640,2.20239,0.20947,0.17374,-0.78949,-0.17755,3.04526,0.36869,2.18468,0.27766,0.21170,-0.83768
84.900000,4245,-0.15561,3.02511,0.41696,2.23164,0.20448,0.16023,-0.77097,-0.15139,2.96662,0.40918,2.19306,0.22603,0.19360,-0.79175,-0.18205,3.06849,0.39147,2.17535,0.29486,0.23169,-0.84024
85.000000,4250,-0.16401,3.05029,0.44023,2.22134,0.21745,0.18350,-0.77631,-0.15356,2.98838,0.43234,2.18246,0.24313,0.21142,-0.79427,-0.18648,3.09038,0.41462,2.16475,0.31290,0.25131,-0.84220
85.100000,4255,-0.16439,3.07508,0.46388,2.20913,0.24072,0.20105,-0.78470,-0.15790,3.00841,0.45602,2.17011,0.26297,0.23239,-0.79511,-0.19048,3.11057,0.43831,2.15239,0.33195,0.27056,-0.84290
85.200000,4260,-0.16668,3.09606,0.48868,2.19502,0.26628,0.21974,-0.79005,-0.16452,3.02901,0.47966,2.15760,0.28151,0.25013,-0.79710,-0.19606,3.13106,0.46195,2.13988,0.35123,0.28961,-0.84585
85.300000,4265,-0.16668,3.11666,0.51271,2.18358,0.29108,0.24339,-0.79043,-0.17057,3.04890,0.50367,2.14390,0.30211,0.26864,-0.80099,-0.20220,3.15092,0.48596,2.12619,0.37124,0.30845,-0.84924
85.400000,4270,-0.17240,3.14070,0.53675,2.16908,0.31129,0.26437,-0.79386,-0.17508,3.06722,0.52776,2.12858,0.32133,0.28553,-0.80343,-0.20816,3.16950,0.51005,2.11087,0.39200,0.32668,-0.85190
85.500000,4275,-0.18346,3.15977,0.55963,2.15420,0.32732,0.27849,-0.80149,-0.15951,3.07850,0.53924,2.11495,0.33881,0.28434,-0.79168,-0.20169,3.18066,0.52153,2.09724,0.40910,0.33234,-0.84109
85.600000,4280,-0.18155,3.17389,0.56536,2.14085,0.34601,0.28154,-0.80034,-0.13309,3.07946,0.53516,2.10139,0.35643,0.27480,-0.76158,-0.17831,3.18118,0.51745,2.08370,0.42185,0.32218,-0.80939
85.700000,4285,-0.16858,3.17541,0.56459,2.12597,0.37195,0.28230,-0.78013,-0.11180,3.08036,0.53034,2.08776,0.37626,0.26705,-0.73120,-0.15409,3.18118,0.51263,2.07011,0.43442,0.31125,-0.77662
85.800000,4290,-0.14188,3.17579,0.56230,2.11338,0.39598,0.28116,-0.75113,-0.09214,3.08113,0.52556,2.07424,0.39568,0.26049,-0.70242,-0.13008,3.18118,0.50785,2.05663,0.44688,0.30041,-0.74412
85.900000,4295,-0.11594,3.17541,0.55620,2.10041,0.40323,0.27849,-0.72214,-0.07058,3.07846,0.51878,2.06394,0.40444,0.24841,-0.67419,-0.10839,3.17856,0.50107,2.04631,0.45589,0.28874,-0.71503
86.000000,4300,-0.09114,3.17503,0.54781,2.09507,0.42001,0.26628,-0.68895,-0.05594,3.06035,0.50044,2.07168,0.38092,0.22521,-0.65479,-0.09832,3.16198,0.48273,2.05398,0.44624,0.27147,-0.70434
86.100000,4305,-0.07627,3.16320,0.52797,2.09545,0.41620,0.24682,-0.66835,-0.04816,3.03915,0.47826,2.08648,0.35929,0.20117,-0.64586,-0.09308,3.14097,0.46055,2.06877,0.43013,0.25223,-0.70224
86.200000,4310,-0.06635,3.13345,0.50394,2.10347,0.41124,0.22394,-0.65233,-0.04238,3.01771,0.45655,2.09913,0.34467,0.17903,-0.64117,-0.08794,3.11907,0.43884,2.08142,0.41530,0.23315,-0.69930
86.300000,4315,-0.06330,3.10141,0.48067,2.11567,0.38683,0.20257,-0.64623,-0.03704,2.99537,0.43534,2.11057,0.32924,0.15848,-0.63685,-0.08308,3.09683,0.41762,2.09286,0.40148,0.21424,-0.69640
86.400000,4320,-0.06101,3.07394,0.45778,2.12864,0.36279,0.17892,-0.64547,-0.03326,2.97359,0.41437,2.12209,0.31537,0.14021,-0.63460,-0.07932,3.07514,0.39666,2.10438,0.38802,0.19525,-0.69538
86.500000,4325,-0.05567,3.04457,0.43565,2.14009,0.33800,0.15680,-0.63860,-0.02939,2.95155,0.39368,2.13244,0.30387,0.12002,-0.63312,-0.07570,3.05275,0.37597,2.11473,0.37545,0.17623,-0.69405
86.600000,4330,-0.04804,3.01519,0.41429,2.15001,0.33304,0.13391,-0.63173,-0.02647,2.92813,0.37328,2.14098,0.29353,0.10168,-0.62872,-0.07163,3.02896,0.35557,2.12327,0.36409,0.15725,-0.69115
86.700000,4335,-0.04308,2.98544,0.39293,2.15573,0.31053,0.11789,-0.63135,-0.02270,2.90368,0.35308,2.14852,0.28345,0.08198,-0.62494,-0.06752,3.00433,0.33537,2.13080,0.35360,0.13825,-0.68772
86.800000,4340,-0.03850,2.95416,0.37157,2.16450,0.29527,0.09614,-0.62639,-0.01746,2.87825,0.33307,2.15507,0.27373,0.06241,-0.62053,-0.06332,2.97886,0.31536,2.13736,0.34399,0.11925,-0.68370
86.900000,4345,-0.03125,2.92249,0.35097,2.16870,0.28345,0.07440,-0.62410,-0.01465,2.85250,0.31324,2.16064,0.26611,0.04367,-0.61393,-0.05896,2.95257,0.29553,2.14293,0.33527,0.10031,-0.67894
87.000000,4350,-0.02515,2.89083,0.33037,2.17518,0.28039,0.05342,-0.62410,-0.00971,2.82581,0.29360,2.16523,0.25779,0.02332,-0.60746,-0.05438,2.92548,0.27589,2.14752,0.32747,0.08153,-0.67336
87.100000,4355,-0.02515,2.85841,0.30900,2.17862,0.27925,0.03930,-0.62334,-0.00487,2.79859,0.27414,2.16884,0.25139,0.00368,-0.60044,-0.04950,2.89765,0.25643,2.15113,0.32059,0.06298,-0.66684
87.200000,4360,-0.02477,2.82445,0.28879,2.18014,0.25789,0.01756,-0.61342,0.00052,2.77055,0.25487,2.17146,0.24743,-0.01345,-0.59390,-0.04428,2.86917,0.23716,2.15375,0.31466,0.04478,-0.65932
87.300000,4365,-0.01599,2.79203,0.26857,2.18472,0.25636,-0.00152,-0.59664,0.00449,2.74245,0.23577,2.17309,0.24460,-0.02978,-0.58496,-0.03866,2.84011,0.21806,2.15538,0.30969,0.02703,-0.65069
87.400000,4370,-0.00722,2.75808,0.24835,2.18548,0.25216,-0.01601,-0.59320,0.00978,2.71382,0.21683,2.17372,0.24156,-0.04737,-0.57459,-0.03258,2.81056,0.19912,2.15601,0.30566,0.00985,-0.64092
87.500000,4375,-0.00112,2.72374,0.22813,2.18663,0.23538,-0.03280,-0.57413,0.01561,2.68618,0.19804,2.17336,0.24180,-0.06409,-0.56500,-0.02599,2.78065,0.18032,2.15565,0.30257,-0.00665,-0.62996
87.600000,4380,0.00689,2.69246,0.20868,2.18663,0.23424,-0.05149,-0.57146,0.02225,2.65641,0.17936,2.17202,0.23936,-0.08001,-0.55129,-0.01887,2.75046,0.16165,2.15431,0.30039,-0.02235,-0.61780
87.700000,4385,0.01414,2.65813,0.18846,2.18663,0.23462,-0.06408,-0.56307,0.02998,2.62768,0.16081,2.16964,0.23987,-0.09449,-0.53924,-0.01116,2.72011,0.14310,2.15193,0.29910,-0.03710,-0.60438
87.800000,4390,0.02444,2.62342,0.16900,2.18663,0.23500,-0.08163,-0.54476,0.03571,2.60044,0.14241,2.16618,0.24373,-0.10620,-0.52536,-0.00283,2.68970,0.12469,2.14847,0.29863,-0.05070,-0.58968
87.900000,4395,0.02482,2.59290,0.14955,2.18625,0.23538,-0.08620,-0.53064,0.04504,2.57325,0.12408,2.16170,0.24490,-0.12058,-0.51073,0.00612,2.65939,0.10636,2.14399,0.29898,-0.06317,-0.57378
88.000000,4400,0.02673,2.56085,0.13047,2.18625,0.23538,-0.10452,-0.51500,0.05255,2.54669,0.10576,2.15627,0.24892,-0.13083,-0.49354,0.01567,2.62931,0.08805,2.13856,0.30009,-0.07453,-0.55680
88.100000,4405,0.04352,2.53224,0.11140,2.18358,0.23576,-0.11176,-0.49898,0.05950,2.52475,0.08744,2.14991,0.25906,-0.13822,-0.47960,0.02580,2.59956,0.06973,2.13219,0.30189,-0.08474,-0.53883
88.200000,4410,0.05801,2.50669,0.09233,2.17289,0.23576,-0.12740,-0.49059,0.06737,2.51380,0.06911,2.14261,0.26808,-0.14991,-0.46367,0.03652,2.57026,0.05140,2.12489,0.30432,-0.09377,-0.51991
88.300000,4415,0.06450,2.49181,0.07402,2.16603,0.23805,-0.13427,-0.46694,0.07494,2.52592,0.05076,2.13435,0.28433,-0.16034,-0.45439,0.04779,2.54149,0.03304,2.11667,0.30729,-0.10156,-0.50012
88.400000,4420,0.06907,2.50440,0.05532,2.15840,0.26208,-0.14495,-0.46312,0.06932,2.59723,0.03235,2.12473,0.32906,-0.17902,-0.46520,0.05960,2.51335,0.01465,2.10751,0.31073,-0.10812,-0.47954
88.500000,4425,0.06907,2.54827,0.03701,2.14810,0.29794,-0.16212,-0.46388,0.06841,2.58567,0.01368,2.11395,0.36398,-0.18675,-0.47544,0.07189,2.48593,-0.00377,2.09745,0.31453,-0.11346,-0.45827
88.600000,4430,0.06907,2.55437,0.01985,2.13589,0.34105,-0.18577,-0.46350,0.07326,2.56167,-0.00505,2.10219,0.37879,-0.19296,-0.46132,0.08463,2.45930,-0.02222,2.08650,0.31862,-0.11761,-0.43636
88.700000,4435,0.06984,2.54064,-0.00114,2.12216,0.36661,-0.18691,-0.46274,0.08234,2.53657,-0.02373,2.08966,0.38845,-0.19640,-0.44264,0.09776,2.43354,-0.04068,2.07466,0.32291,-0.12058,-0.41391
88.800000,4440,0.07518,2.51393,-0.02021,2.10957,0.37386,-0.18653,-0.45244,0.09351,2.51202,-0.04239,2.07572,0.39778,-0.19780,-0.42453,0.11123,2.40871,-0.05916,2.06195,0.32731,-0.12245,-0.39099
88.900000,4445,0.08815,2.48380,-0.04005,2.09545,0.39445,-0.18653,-0.43642,0.10071,2.48826,-0.06047,2.05496,0.40683,-0.19875,-0.39861,0.12496,2.38485,-0.07762,2.04839,0.33174,-0.12328,-0.36767
89.000000,4450,0.09730,2.45595,-0.05912,2.06341,0.39751,-0.18730,-0.40094,0.09660,2.46509,-0.07833,2.01771,0.42225,-0.20604,-0.35136,0.13886,2.36204,-0.09601,2.03397,0.33611,-0.12312,-0.34400
89.100000,4455,0.10036,2.43230,-0.07896,2.03022,0.40323,-0.19073,-0.36775,0.10878,2.44330,-0.09651,2.00093,0.42740,-0.20477,-0.32188,0.15277,2.34036,-0.11422,2.01857,0.34035,-0.12200,-0.31997
89.200000,4460,0.10837,2.40445,-0.09612,2.01534,0.42154,-0.19378,-0.33189,0.12139,2.42286,-0.11453,1.98456,0.43189,-0.20226,-0.29871,0.16659,2.31982,-0.13224,2.00227,0.34439,-0.12009,-0.29564
89.300000,4465,0.11371,2.38347,-0.11596,1.99856,0.42383,-0.19340,-0.30595,0.13345,2.40357,-0.13235,1.96744,0.43658,-0.19874,-0.27570,0.18024,2.30038,-0.15007,1.98515,0.34818,-0.11752,-0.27110
89.400000,4470,0.13011,2.35753,-0.13465,1.97987,0.42459,-0.19340,-0.28268,0.14396,2.38542,-0.14993,1.94948,0.44102,-0.19477,-0.25170,0.19361,2.28206,-0.16764,1.96720,0.35164,-0.11440,-0.24637
89.500000,4475,0.14537,2.34036,-0.15258,1.95927,0.42535,-0.19340,-0.26132,0.15620,2.36822,-0.16720,1.93074,0.44506,-0.18959,-0.23057,0.20659,2.26483,-0.18491,1.94845,0.35476,-0.11082,-0.22147
89.600000,4480,0.15834,2.32014,-0.16937,1.94019,0.42879,-0.19264,-0.23233,0.16775,2.35216,-0.18411,1.91121,0.44786,-0.18603,-0.20753,0.21908,2.24864,-0.20182,1.92892,0.35747,-0.10688,-0.19642
89.700000,4485,0.16101,2.30412,-0.18768,1.92074,0.44634,-0.19187,-0.21058,0.17868,2.33701,-0.20058,1.89091,0.45018,-0.18145,-0.18183,0.23098,2.23345,-0.21829,1.90862,0.35975,-0.10267,-0.17123
89.800000,4490,0.17589,2.28276,-0.20484,1.89823,0.44672,-0.18157,-0.18464,0.18745,2.32285,-0.21655,1.86985,0.45323,-0.17602,-0.16006,0.24220,2.21919,-0.23427,1.88757,0.36159,-0.09826,-0.14590
89.900000,4495,0.18924,2.27208,-0.22163,1.87725,0.44710,-0.17738,-0.16290,0.19748,2.30945,-0.23196,1.84804,0.45464,-0.17028,-0.13680,0.25265,2.20580,-0.24967,1.86575,0.36295,-0.09370,-0.12044
90.000000,4500,0.19649,2.26750,-0.23498,1.85589,0.44672,-0.17471,-0.14535,0.20553,2.29687,-0.24677,1.82553,0.45599,-0.16505,-0.11190,0.26232,2.19319,-0.26448,1.84324,0.36384,-0.08907,-0.09487
90.100000,4505,0.20869,2.24461,-0.24948,1.83033,0.44710,-0.17204,-0.11064,0.21486,2.28512,-0.26234,1.80364,0.45709,-0.16039,-0.08903,0.27273,2.18143,-0.28005,1.82135,0.36424,-0.08466,-0.06954
90.200000,4510,0.21480,2.22668,-0.26855,1.80973,0.44672,-0.15640,-0.09500,0.22363,2.27404,-0.27750,1.78136,0.45706,-0.15546,-0.06409,0.28259,2.17036,-0.29521,1.79907,0.36416,-0.08029,-0.04420
90.300000,4515,0.22472,2.21600,-0.28343,1.78608,0.44672,-0.14991,-0.06410,0.22711,2.26328,-0.28923,1.75634,0.45722,-0.14987,-0.04103,0.28866,2.15960,-0.30694,1.77405,0.36359,-0.07555,-0.01843
90.400000,4520,0.23120,2.20456,-0.29335,1.76052,0.44672,-0.14877,-0.03854,0.22883,2.25279,-0.29804,1.72956,0.45625,-0.14416,-0.01561,0.29167,2.14910,-0.31576,1.74727,0.36254,-0.07058,0.00729
90.500000,4525,0.23883,2.19273,-0.30174,1.73153,0.44634,-0.14915,-0.01489,0.23189,2.24257,-0.30797,1.70310,0.45546,-0.13810,0.00946,0.29582,2.13888,-0.32568,1.72081,0.36099,-0.06580,0.03327
90.600000,4530,0.23845,2.18586,-0.31089,1.70673,0.44634,-0.14762,0.00953,0.23499,2.23249,-0.31753,1.67614,0.45318,-0.13320,0.03471,0.29962,2.12880,-0.33524,1.69385,0.35892,-0.06104,0.05948
90.700000,4535,0.23921,2.17404,-0.32043,1.67774,0.44672,-0.14686,0.03547,0.23686,2.22240,-0.32604,1.64825,0.45102,-0.12719,0.05919,0.30243,2.11872,-0.34375,1.66596,0.35631,-0.05618,0.08594
90.800000,4540,0.23998,2.15954,-0.32844,1.64837,0.44672,-0.12702,0.06332,0.23622,2.21216,-0.33328,1.61927,0.44853,-0.12152,0.08356,0.30413,2.10848,-0.35100,1.63698,0.35313,-0.05113,0.11270
90.900000,4545,0.24074,2.14390,-0.33607,1.62014,0.44595,-0.12168,0.08811,0.23419,2.20177,-0.33745,1.58864,0.44480,-0.11539,0.11071,0.30319,2.09808,-0.35517,1.60635,0.34938,-0.04558,0.13950
91.000000,4550,0.24074,2.13856,-0.34141,1.58771,0.44595,-0.10947,0.11787,0.23329,2.19133,-0.34101,1.55735,0.44085,-0.10709,0.13340,0.30225,2.08764,-0.35872,1.57506,0.34513,-0.03958,0.16669
91.100000,4555,0.24074,2.13818,-0.34141,1.55796,0.44557,-0.10184,0.13580,0.23282,2.18527,-0.33652,1.53323,0.44522,-0.08707,0.15320,0.30256,2.08158,-0.35424,1.55094,0.34981,-0.02562,0.18523
91.200000,4560,0.24074,2.12674,-0.33989,1.53392,0.44595,-0.08735,0.14304,0.22682,2.18756,-0.31256,1.51774,0.46409,-0.05577,0.15793,0.29807,2.08388,-0.33027,1.53545,0.36863,0.00172,0.18997
91.300000,4565,0.24036,2.11338,-0.32463,1.51943,0.44672,-0.04691,0.15525,0.22099,2.19055,-0.28678,1.50272,0.48454,-0.02576,0.15740,0.29309,2.08686,-0.30448,1.52043,0.38870,0.03036,0.19369
91.400000,4570,0.23769,2.11109,-0.29754,1.50569,0.45129,-0.01716,0.16212,0.21618,2.19353,-0.26101,1.48771,0.50398,0.00295,0.16217,0.28811,2.08984,-0.27871,1.50542,0.40875,0.05898,0.19741
91.500000,4575,0.23769,2.11186,-0.26969,1.49043,0.47800,0.00955,0.16631,0.21163,2.19661,-0.23577,1.47363,0.52306,0.02951,0.16604,0.28322,2.09292,-0.25347,1.49134,0.42824,0.08671,0.20053
91.600000,4580,0.23769,2.11186,-0.24642,1.48052,0.50279,0.03282,0.17280,0.21251,2.20278,-0.21799,1.48030,0.53143,0.03794,0.15563,0.28043,2.09909,-0.23569,1.49801,0.43832,0.09887,0.18888
91.700000,4585,0.23807,2.11529,-0.23307,1.48548,0.50775,0.03511,0.17204,0.22163,2.21043,-0.21303,1.51030,0.52955,0.03193,0.13161,0.28448,2.10675,-0.23074,1.52802,0.43820,0.09410,0.16224
91.800000,4590,0.23807,2.12826,-0.23002,1.51409,0.52530,0.03549,0.16021,0.22838,2.21770,-0.20969,1.54114,0.52693,0.02681,0.10799,0.28985,2.11418,-0.22740,1.55885,0.43698,0.08872,0.13561
91.900000,4595,0.23807,2.13971,-0.22468,1.54727,0.52530,0.03549,0.14533,0.23095,2.22554,-0.20364,1.57045,0.52485,0.02031,0.08209,0.29238,2.12206,-0.22135,1.58816,0.43525,0.08364,0.10922
92.000000,4600,0.23845,2.15420,-0.21743,1.57550,0.52530,0.03396,0.10528,0.23523,2.23313,-0.19847,1.59923,0.52194,0.01364,0.05977,0.29571,2.12972,-0.21618,1.61693,0.43310,0.07888,0.08375
92.100000,4605,0.23845,2.16450,-0.21057,1.60373,0.52530,0.03167,0.08048,0.23497,2.24121,-0.19104,1.62661,0.51923,0.00713,0.03576,0.29642,2.13776,-0.20875,1.64431,0.43050,0.07423,0.05849
92.200000,4610,0.23807,2.16832,-0.20370,1.63234,0.52530,0.03167,0.05149,0.23433,2.24959,-0.18180,1.65278,0.51566,0.00104,0.01145,0.29496,2.14621,-0.19951,1.67048,0.42745,0.06970,0.03346
92.300000,4615,0.23845,2.18663,-0.19531,1.65905,0.52492,0.03015,0.02746,0.23164,2.25828,-0.17162,1.67807,0.51160,-0.00375,-0.01279,0.29228,2.15503,-0.18933,1.69576,0.42398,0.06532,0.00878
92.400000,4620,0.23845,2.20608,-0.18043,1.68461,0.52530,0.02213,-0.00268,0.22825,2.26747,-0.16056,1.70252,0.50732,-0.00879,-0.03571,0.28842,2.16432,-0.17827,1.72021,0.42010,0.06110,-0.01560
92.500000,4625,0.23807,2.21447,-0.16822,1.70902,0.52530,0.01794,-0.02519,0.22300,2.27744,-0.14870,1.72617,0.50319,-0.01503,-0.05849,0.28346,2.17415,-0.16641,1.74386,0.41582,0.05705,-0.03968
92.600000,4630,0.23769,2.22287,-0.15983,1.73343,0.52492,0.00611,-0.05418,0.21789,2.28772,-0.13609,1.74906,0.49758,-0.01969,-0.08065,0.27745,2.18460,-0.15380,1.76674,0.41115,0.05319,-0.06349
92.700000,4635,0.23769,2.24614,-0.14457,1.75518,0.52454,-0.00075,-0.07936,0.21096,2.29868,-0.12279,1.77118,0.49224,-0.02330,-0.10506,0.27047,2.19573,-0.14051,1.78886,0.40611,0.04955,-0.08704
92.800000,4640,0.23692,2.26445,-0.12779,1.77921,0.52378,-0.00686,-0.10148,0.20289,2.31062,-0.10887,1.79254,0.48648,-0.02839,-0.12718,0.26258,2.20762,-0.12659,1.81022,0.40070,0.04617,-0.11031
92.900000,4645,0.22929,2.28085,-0.11443,1.80019,0.52072,-0.01716,-0.12284,0.19510,2.32326,-0.09439,1.81313,0.48001,-0.03299,-0.14900,0.25386,2.22031,-0.11210,1.83080,0.39494,0.04309,-0.13330
93.000000,4650,0.21671,2.29726,-0.09917,1.82194,0.52034,-0.02555,-0.14573,0.18640,2.33657,-0.07942,1.83295,0.47273,-0.03668,-0.17094,0.24442,2.23384,-0.09713,1.85061,0.38887,0.04038,-0.15602
93.100000,4655,0.21022,2.30374,-0.08353,1.84254,0.51576,-0.02898,-0.16595,0.17596,2.35108,-0.06400,1.85194,0.46668,-0.03996,-0.19407,0.23431,2.24826,-0.08170,1.86960,0.38251,0.03809,-0.17842
93.200000,4660,0.19000,2.33006,-0.06751,1.85932,0.49440,-0.02936,-0.18922,0.16506,2.36650,-0.04742,1.86888,0.45903,-0.04281,-0.21660,0.22255,2.26388,-0.06511,1.88654,0.37599,0.03640,-0.19989
93.300000,4665,0.18161,2.35028,-0.04844,1.87725,0.49249,-0.03051,-0.20753,0.15066,2.38324,-0.03012,1.88436,0.45335,-0.04315,-0.23632,0.20985,2.28060,-0.04783,1.90202,0.36931,0.03535,-0.22071
93.400000,4670,0.16750,2.37355,-0.03089,1.89175,0.49021,-0.03776,-0.23729,0.14136,2.40010,-0.01381,1.90096,0.44438,-0.04466,-0.25572,0.19861,2.29785,-0.03152,1.91861,0.36231,0.03483,-0.24209
93.500000,4675,0.15529,2.39186,-0.01372,1.91082,0.46808,-0.04844,-0.24530,0.13046,2.41828,0.00253,1.91696,0.43800,-0.04468,-0.28039,0.18737,2.31593,-0.01515,1.93461,0.35517,0.03499,-0.26321
93.600000,4680,0.13965,2.41513,0.00344,1.92761,0.46465,-0.05187,-0.27200,0.11915,2.43697,0.01910,1.93213,0.42950,-0.04444,-0.29765,0.17596,2.33487,0.00141,1.94977,0.34796,0.03592,-0.28393
93.700000,4685,0.13126,2.43420,0.02213,1.94172,0.45168,-0.05225,-0.29260,0.10761,2.45681,0.03582,1.94642,0.42377,-0.04221,-0.32038,0.16448,2.35467,0.01812,1.96407,0.34074,0.03767,-0.30422
93.800000,4690,0.12057,2.46167,0.04006,1.95583,0.44099,-0.05454,-0.31167,0.09619,2.47697,0.05266,1.95986,0.41480,-0.04017,-0.33976,0.15298,2.37527,0.03498,1.97751,0.33356,0.04030,-0.32404
93.900000,4695,0.10532,2.48609,0.05761,1.97071,0.43756,-0.05492,-0.33609,0.08533,2.49820,0.06963,1.97243,0.40698,-0.03706,-0.35784,0.14155,2.39667,0.05195,1.99007,0.32648,0.04386,-0.34338
94.000000,4700,0.09311,2.51126,0.07363,1.98483,0.43527,-0.05302,-0.35097,0.07376,2.52032,0.08671,1.98409,0.40122,-0.03187,-0.37889,0.13022,2.41881,0.06903,2.00175,0.31957,0.04839,-0.36218
94.100000,4705,0.08166,2.53568,0.09271,1.99551,0.41505,-0.05187,-0.36966,0.06281,2.54296,0.10387,1.99488,0.39392,-0.02688,-0.39756,0.11908,2.44165,0.08620,2.01254,0.31289,0.05392,-0.38040
94.200000,4710,0.07022,2.56391,0.11178,2.00314,0.41124,-0.05149,-0.39217,0.05188,2.56612,0.12113,2.00477,0.38706,-0.02035,-0.41434,0.10814,2.46514,0.10346,2.02244,0.30651,0.06047,-0.39799
94.300000,4715,0.05649,2.59099,0.12857,2.01344,0.39217,-0.04768,-0.40895,0.04247,2.58985,0.13844,2.01376,0.38103,-0.01243,-0.43417,0.09747,2.48920,0.12079,2.03143,0.30048,0.06805,-0.41491
94.400000,4720,0.04619,2.61808,0.14726,2.02259,0.38950,-0.04272,-0.41849,0.03153,2.61448,0.15583,2.02182,0.37548,-0.00408,-0.45121,0.08709,2.51378,0.13819,2.03950,0.29488,0.07665,-0.43111
94.500000,4725,0.03741,2.64745,0.16671,2.03060,0.38568,-0.03471,-0.43909,0.02112,2.63913,0.17330,2.02898,0.36976,0.00545,-0.46647,0.07703,2.53880,0.15567,2.04665,0.28976,0.08625,-0.44654
94.600000,4730,0.02292,2.67759,0.18502,2.03594,0.38377,-0.02669,-0.45702,0.01290,2.66382,0.19083,2.03519,0.36397,0.01578,-0.48181,0.06732,2.56419,0.17321,2.05287,0.28518,0.09685,-0.46115
94.700000,4735,0.01262,2.70505,0.20295,2.04357,0.36508,-0.01754,-0.47037,0.00353,2.68939,0.20843,2.04046,0.36099,0.02811,-0.49820,0.05795,2.58989,0.19083,2.05815,0.28120,0.10840,-0.47491
94.800000,4740,0.00422,2.73481,0.22279,2.04853,0.36279,-0.00152,-0.47762,-0.00595,2.71515,0.22610,2.04479,0.35768,0.04060,-0.51245,0.04895,2.61579,0.20853,2.06249,0.27785,0.12083,-0.48779
94.900000,4745,-0.00379,2.76494,0.24110,2.05387,0.36279,0.00993,-0.49440,-0.01462,2.74065,0.24389,2.04819,0.35413,0.05379,-0.52249,0.04030,2.64184,0.22630,2.06589,0.27519,0.13410,-0.49977
95.000000,4750,-0.01523,2.79432,0.25979,2.05464,0.36241,0.02481,-0.52149,-0.02150,2.76578,0.26173,2.05063,0.35128,0.06789,-0.53462,0.03201,2.66795,0.24417,2.06833,0.27325,0.14816,-0.51083
95.100000,4755,-0.02324,2.82217,0.27772,2.05883,0.36241,0.03587,-0.52721,-0.03004,2.79222,0.27966,2.05211,0.35092,0.08297,-0.54673,0.02406,2.69404,0.26213,2.06982,0.27206,0.16291,-0.52097
95.200000,4760,-0.03392,2.85306,0.29756,2.06074,0.35936,0.05685,-0.52988,-0.03738,2.81790,0.29765,2.05265,0.35053,0.09842,-0.55901,0.01643,2.72005,0.28019,2.07036,0.27164,0.17829,-0.53021
95.300000,4765,-0.03774,2.88206,0.31663,2.06188,0.35898,0.07554,-0.54094,-0.04478,2.84302,0.31581,2.05224,0.35070,0.11476,-0.56756,0.00910,2.74589,0.29836,2.06995,0.27202,0.19422,-0.53857
95.400000,4770,-0.04842,2.91105,0.33533,2.06227,0.35898,0.08889,-0.55925,-0.05055,2.86780,0.33404,2.05086,0.35028,0.13059,-0.57408,0.00203,2.77150,0.31663,2.06857,0.27320,0.21063,-0.54606
95.500000,4775,-0.05109,2.93966,0.35402,2.06188,0.35516,0.11064,-0.56688,-0.05802,2.89290,0.35240,2.04854,0.35340,0.14841,-0.58324,-0.00479,2.79682,0.33501,2.06626,0.27519,0.22743,-0.55274
95.600000,4780,-0.05338,2.96522,0.37424,2.06188,0.35173,0.12437,-0.58176,-0.06409,2.91713,0.37086,2.04529,0.35562,0.16548,-0.58904,-0.01141,2.82181,0.35350,2.06300,0.27798,0.24454,-0.55866
95.700000,4785,-0.06787,2.99345,0.39293,2.06188,0.34029,0.14039,-0.58405,-0.06885,2.94065,0.38929,2.04107,0.35713,0.18219,-0.59508,-0.01786,2.84640,0.37209,2.05878,0.28159,0.26191,-0.56387
95.800000,4790,-0.07894,3.02015,0.41200,2.06188,0.34067,0.16290,-0.58405,-0.07593,2.96470,0.40796,2.03592,0.36271,0.20067,-0.60160,-0.02418,2.87056,0.39077,2.05363,0.28598,0.27946,-0.56844
95.900000,4795,-0.08352,3.04685,0.43146,2.05807,0.34105,0.18007,-0.58786,-0.08302,2.98828,0.42671,2.02983,0.36829,0.21867,-0.60585,-0.03041,2.89429,0.40955,2.04754,0.29114,0.29715,-0.57245
96.000000,4800,-0.08390,3.07356,0.45053,2.05235,0.34181,0.19723,-0.59130,-0.08916,3.01079,0.44556,2.02279,0.37394,0.23675,-0.60957,-0.03659,2.91756,0.42842,2.04050,0.29708,0.31493,-0.57596
96.100000,4805,-0.08504,3.09797,0.46999,2.04357,0.34448,0.21898,-0.60350,-0.09464,3.03231,0.46450,2.01477,0.37953,0.25456,-0.61231,-0.04278,2.94042,0.44741,2.03248,0.30376,0.33279,-0.57904
96.200000,4810,-0.09687,3.11933,0.49097,2.03480,0.34753,0.23729,-0.60770,-0.09927,3.05331,0.48341,2.00501,0.38551,0.27186,-0.61509,-0.04890,2.96261,0.46655,2.02272,0.31146,0.35067,-0.58104
96.300000,4815,-0.10984,3.14489,0.50928,2.02488,0.36851,0.25903,-0.60846,-0.10558,3.07420,0.50272,1.99379,0.39351,0.29017,-0.61653,-0.05514,2.98441,0.48590,2.01150,0.32003,0.36863,-0.58244
96.400000,4820,-0.11709,3.16587,0.52873,2.01496,0.37347,0.27582,-0.61037,-0.11281,3.09648,0.52241,1.98286,0.40341,0.30958,-0.62055,-0.06186,3.00681,0.50559,2.00057,0.32891,0.38702,-0.58519
96.500000,4825,-0.11709,3.19105,0.54933,2.00199,0.39445,0.29718,-0.61151,-0.12004,3.11871,0.54249,1.97082,0.41336,0.32867,-0.62431,-0.06888,3.02940,0.52580,1.98853,0.33865,0.40583,-0.58804
96.600000,4830,-0.12586,3.21470,0.57070,1.98826,0.39751,0.32045,-0.62944,-0.12490,3.13812,0.56275,1.95655,0.42052,0.34673,-0.62497,-0.07616,3.05179,0.54653,1.97426,0.34959,0.42498,-0.59012
96.700000,4835,-0.13387,3.23683,0.59206,1.97224,0.40666,0.33685,-0.62983,-0.12831,3.14100,0.58443,1.94271,0.42639,0.36668,-0.62326,-0.08406,3.06406,0.56815,1.96043,0.36069,0.44412,-0.59379
96.800000,4840,-0.13349,3.24026,0.61418,1.96003,0.42345,0.35631,-0.62906,-0.12739,3.07288,0.60843,1.92952,0.42225,0.38588,-0.60699,-0.09286,3.04346,0.59114,1.94718,0.37110,0.46166,-0.59855
96.900000,4845,-0.13387,3.18533,0.64127,1.94973,0.42268,0.37538,-0.62448,-0.12217,2.94382,0.63307,1.91627,0.39612,0.41105,-0.57336,-0.10245,3.01601,0.61538,1.93317,0.38155,0.47926,-0.60371
97.000000,4850,-0.13273,3.06326,0.66111,1.93333,0.41658,0.40590,-0.60121,-0.11986,2.89588,0.65835,1.90327,0.37203,0.43050,-0.55343,-0.11276,2.98919,0.64064,1.91861,0.39198,0.49722,-0.60952
97.100000,4855,-0.13311,2.97018,0.67560,1.91921,0.41620,0.45587,-0.59778,-0.12157,2.86462,0.68422,1.89413,0.36004,0.45179,-0.55381,-0.12362,2.96346,0.66651,1.90371,0.40223,0.51527,-0.61584
97.200000,4860,-0.13273,2.92974,0.70307,1.91540,0.41353,0.47914,-0.59435,-0.10624,2.83919,0.71026,1.90442,0.34141,0.48853,-0.57392,-0.13481,2.93924,0.69255,1.88870,0.41211,0.53307,-0.62253
97.300000,4865,-0.13273,2.90914,0.73092,1.91540,0.38911,0.50661,-0.59473,-0.11415,2.81603,0.73571,1.89171,0.34572,0.51541,-0.58291,-0.14599,2.91666,0.71801,1.87409,0.42133,0.55008,-0.62935
97.400000,4870,-0.13273,2.88473,0.75342,1.91120,0.38835,0.52950,-0.59435,-0.11262,2.78884,0.74758,1.88806,0.34449,0.51400,-0.58316,-0.15187,2.88970,0.72988,1.87035,0.42373,0.55580,-0.63345
97.500000,4875,-0.13044,2.85192,0.75953,1.90815,0.37881,0.53026,-0.59435,-0.10402,2.75555,0.74051,1.90077,0.33495,0.50054,-0.58062,-0.15008,2.85667,0.72281,1.88306,0.41675,0.54636,-0.63471
97.600000,4880,-0.12967,2.81110,0.75686,1.90853,0.36241,0.52912,-0.59435,-0.10125,2.72325,0.73199,1.91356,0.32736,0.48780,-0.57947,-0.14763,2.82383,0.71431,1.89584,0.40961,0.53587,-0.63524
97.700000,4885,-0.12548,2.76914,0.74579,1.91998,0.35898,0.52416,-0.59435,-0.09862,2.69127,0.72404,1.92447,0.32115,0.47753,-0.57840,-0.14530,2.79157,0.70635,1.90676,0.40336,0.52586,-0.63512
97.800000,4890,-0.12471,2.72947,0.73855,1.92951,0.33914,0.52149,-0.59473,-0.09629,2.65986,0.71643,1.93427,0.31554,0.46706,-0.57823,-0.14298,2.75994,0.69876,1.91656,0.39776,0.51623,-0.63468
97.900000,4895,-0.12433,2.69208,0.73053,1.93829,0.33571,0.51233,-0.59435,-0.09400,2.62945,0.70880,1.94441,0.30974,0.45730,-0.57690,-0.14043,2.72926,0.69113,1.92670,0.39235,0.50695,-0.63470
98.000000,4900,-0.12204,2.65508,0.72062,1.94973,0.33266,0.49631,-0.59435,-0.09160,2.59903,0.70138,1.95379,0.30501,0.44911,-0.57549,-0.13787,2.69873,0.68370,1.93608,0.38739,0.49790,-0.63448
98.100000,4905,-0.11327,2.61998,0.71222,1.95774,0.33151,0.49364,-0.59282,-0.09052,2.56870,0.69445,1.96106,0.30204,0.44008,-0.57459,-0.13551,2.66759,0.67678,1.94335,0.38330,0.48904,-0.63318
98.200000,4910,-0.10831,2.58184,0.70574,1.96499,0.31053,0.47876,-0.58634,-0.08760,2.53783,0.68780,1.96726,0.29791,0.42966,-0.57188,-0.13314,2.63623,0.67015,1.94955,0.37981,0.48041,-0.63134
98.300000,4915,-0.10831,2.54750,0.69811,1.96919,0.30824,0.46312,-0.58023,-0.08451,2.50651,0.68141,1.97256,0.29434,0.41966,-0.56867,-0.13071,2.60471,0.66377,1.95484,0.37686,0.47203,-0.62905
98.400000,4920,-0.10793,2.51050,0.69048,1.97643,0.30633,0.44939,-0.57947,-0.08270,2.47550,0.67529,1.97694,0.29218,0.41146,-0.56502,-0.12822,2.57304,0.65766,1.95923,0.37449,0.46393,-0.62626
98.500000,4925,-0.10793,2.47502,0.68399,1.97834,0.30023,0.44138,-0.57909,-0.08009,2.44430,0.66943,1.98042,0.29080,0.40304,-0.56217,-0.12564,2.54124,0.65182,1.96270,0.37270,0.45615,-0.62299
98.600000,4930,-0.10564,2.43764,0.67598,1.98216,0.28764,0.43718,-0.57794,-0.07815,2.41378,0.66387,1.98300,0.29009,0.39520,-0.55782,-0.12298,2.50938,0.64627,1.96528,0.37148,0.44873,-0.61923
98.700000,4935,-0.09839,2.40178,0.67141,1.98368,0.28726,0.42421,-0.57260,-0.07659,2.38268,0.65864,1.98464,0.29036,0.38945,-0.55302,-0.12023,2.47748,0.64102,1.96693,0.37088,0.44171,-0.61495
98.800000,4940,-0.09191,2.36783,0.66645,1.98483,0.28459,0.41429,-0.57222,-0.07361,2.35190,0.65366,1.98539,0.29007,0.38133,-0.54817,-0.11737,2.44560,0.63608,1.96768,0.37087,0.43513,-0.61017
98.900000,4945,-0.09153,2.33350,0.65996,1.98559,0.28459,0.40399,-0.57222,-0.07020,2.32082,0.64902,1.98523,0.29016,0.37416,-0.54214,-0.11441,2.41381,0.63146,1.96752,0.37145,0.42903,-0.60490
99.000000,4950,-0.09114,2.29878,0.65500,1.98559,0.28459,0.39293,-0.57146,-0.06722,2.29032,0.64471,1.98414,0.29156,0.36813,-0.53626,-0.11133,2.38215,0.62717,1.96643,0.37265,0.42346,-0.59914
99.100000,4955,-0.08847,2.26559,0.65004,1.98559,0.28459,0.38988,-0.55506,-0.06457,2.26158,0.64068,1.98215,0.29491,0.36358,-0.53209,-0.10816,2.35070,0.62321,1.96443,0.37443,0.41844,-0.59292
99.200000,4960,-0.07970,2.23202,0.64508,1.98559,0.28497,0.38911,-0.54590,-0.06355,2.23295,0.63706,1.97925,0.29841,0.35986,-0.52494,-0.10488,2.31949,0.61958,1.96153,0.37678,0.41401,-0.58624
99.300000,4965,-0.07474,2.20036,0.64127,1.98521,0.28459,0.38377,-0.54552,-0.05985,2.20432,0.63373,1.97543,0.30058,0.35415,-0.51679,-0.10150,2.28861,0.61630,1.95771,0.37970,0.41021,-0.57914
99.400000,4970,-0.07474,2.16870,0.63860,1.98521,0.28497,0.37614,-0.53331,-0.05616,2.17689,0.63070,1.97070,0.30446,0.35029,-0.51026,-0.09804,2.25810,0.61337,1.95298,0.38317,0.40706,-0.57162
99.500000,4975,-0.07436,2.13971,0.63402,1.98139,0.28535,0.36699,-0.51958,-0.05328,2.14930,0.62805,1.96506,0.30911,0.34792,-0.50301,-0.09450,2.22803,0.61078,1.94735,0.38717,0.40458,-0.56373
99.600000,4980,-0.06902,2.10995,0.63135,1.97491,0.28840,0.36661,-0.51615,-0.05162,2.12620,0.62575,1.95853,0.31526,0.34645,-0.49542,-0.09089,2.19844,0.60854,1.94082,0.39166,0.40279,-0.55547
99.700000,4985,-0.06101,2.08325,0.62754,1.96537,0.28840,0.36508,-0.51576,-0.04902,2.10280,0.62370,1.95109,0.32108,0.34512,-0.48795,-0.08723,2.16939,0.60666,1.93338,0.39662,0.40169,-0.54689
99.800000,4990,-0.06063,2.05693,0.62716,1.95774,0.28879,0.36203,-0.51081,-0.04520,2.08473,0.62177,1.94274,0.32678,0.34265,-0.48010,-0.08353,2.14093,0.60513,1.92503,0.40204,0.40131,-0.53799
99.900000,4995,-0.06063,2.03938,0.62525,1.94897,0.29260,0.36089,-0.50012,-0.04192,2.07995,0.61872,1.93355,0.33389,0.34115,-0.47448,-0.07980,2.11310,0.60393,1.91584,0.40787,0.40165,-0.52884
100.000000,5000,-0.05681,2.03594,0.61533,1.93905,0.29642,0.35936,-0.49288,-0.01242,2.02261,0.59058,1.92461,0.32414,0.36677,-0.47383,-0.07551,2.08550,0.60282,1.90690,0.41387,0.40286,-0.52011
100.100000,5005,-0.01828,1.98101,0.59168,1.93409,0.29603,0.37462,-0.46922,0.00069,1.96591,0.58433,1.91592,0.32384,0.42627,-0.45999,-0.07069,2.05819,0.60181,1.89821,0.42001,0.40496,-0.51181
100.200000,5010,-0.00302,1.90891,0.58557,1.91273,0.29603,0.40895,-0.46808,0.00470,1.93840,0.58379,1.90495,0.32945,0.43037,-0.44960,-0.06659,2.03228,0.60149,1.88724,0.42672,0.40757,-0.50251
100.300000,5015,-0.00264,1.87229,0.58214,1.90243,0.30061,0.42841,-0.46732,0.01001,1.91081,0.58396,1.89244,0.33565,0.43536,-0.43939,-0.06290,2.00753,0.60167,1.87473,0.43382,0.41074,-0.49263
100.400000,5020,0.00384,1.84559,0.58214,1.88908,0.31816,0.43222,-0.46312,0.01312,1.88713,0.58447,1.87907,0.34323,0.44348,-0.42941,-0.05933,1.98374,0.60219,1.86136,0.44114,0.41454,-0.48258
100.500000,5025,0.00804,1.82423,0.58214,1.87344,0.31854,0.44252,-0.45473,0.01667,1.86474,0.58529,1.86488,0.35080,0.44911,-0.42124,-0.05591,1.96093,0.60300,1.84717,0.44865,0.41892,-0.47236
100.600000,5030,0.00842,1.79943,0.58214,1.85894,0.33075,0.45015,-0.44481,0.01892,1.84437,0.58640,1.84985,0.35840,0.45305,-0.40978,-0.05266,1.93916,0.60411,1.83214,0.45632,0.42385,-0.46198
100.700000,5035,0.00918,1.77463,0.58214,1.84177,0.34143,0.45397,-0.44099,0.02201,1.82390,0.58778,1.83401,0.36638,0.45998,-0.40016,-0.04962,1.91845,0.60549,1.81630,0.46412,0.42929,-0.45142
100.800000,5040,0.01796,1.75213,0.58214,1.82423,0.34524,0.46312,-0.42879,0.02393,1.80544,0.58939,1.81735,0.37494,0.47073,-0.39178,-0.04680,1.89884,0.60710,1.79964,0.47203,0.43519,-0.44068
100.900000,5045,0.02177,1.73916,0.58214,1.80591,0.34944,0.47533,-0.41429,0.02661,1.78655,0.59122,1.79988,0.38259,0.47720,-0.38220,-0.04423,1.88034,0.60893,1.78217,0.48003,0.44151,-0.42974
101.000000,5050,0.02292,1.72008,0.58252,1.78875,0.36813,0.48067,-0.39560,0.02839,1.77225,0.59323,1.78161,0.39081,0.48215,-0.37022,-0.04194,1.86299,0.61094,1.76389,0.48811,0.44821,-0.41859
101.100000,5055,0.02215,1.70101,0.58252,1.76815,0.37118,0.48868,-0.39064,0.03001,1.75581,0.59538,1.76253,0.39906,0.49018,-0.36000,-0.03994,1.84681,0.61309,1.74482,0.49625,0.45523,-0.40720
101.200000,5060,0.02444,1.68575,0.58252,1.74793,0.37309,0.49783,-0.38797,0.03088,1.74255,0.59764,1.74265,0.40740,0.49931,-0.34859,-0.03826,1.83182,0.61535,1.72493,0.50446,0.46254,-0.39556
101.300000,5065,0.02444,1.66782,0.58252,1.72619,0.39445,0.50394,-0.37195,0.03216,1.73081,0.59996,1.72196,0.41580,0.50593,-0.33811,-0.03691,1.81804,0.61767,1.70425,0.51272,0.47010,-0.38363
101.400000,5070,0.02482,1.65752,0.58290,1.70597,0.39751,0.50852,-0.35745,0.03260,1.71826,0.60230,1.70048,0.42439,0.51730,-0.32772,-0.03592,1.80546,0.62002,1.68277,0.52104,0.47787,-0.37140
101.500000,5075,0.02482,1.65676,0.58367,1.68270,0.39827,0.52339,-0.34181,0.03271,1.70759,0.60462,1.67818,0.43294,0.52704,-0.31697,-0.03529,1.79411,0.62233,1.66047,0.52944,0.48581,-0.35882
101.600000,5080,0.02444,1.63997,0.58939,1.66057,0.42116,0.52606,-0.33533,0.03115,1.70443,0.60687,1.65507,0.44158,0.53236,-0.30196,-0.03504,1.78398,0.62458,1.63735,0.53793,0.49390,-0.34587
101.700000,5085,0.02482,1.62586,0.58939,1.63501,0.42383,0.53408,-0.32770,0.03113,1.69670,0.60899,1.63110,0.45074,0.54250,-0.29249,-0.03519,1.77508,0.62670,1.61339,0.54653,0.50211,-0.33250
101.800000,5090,0.02444,1.62357,0.59053,1.60984,0.42535,0.54933,-0.31129,0.02976,1.69118,0.61094,1.60624,0.45985,0.55302,-0.28197,-0.03575,1.76742,0.62865,1.58853,0.55526,0.51042,-0.31867
101.900000,5095,0.02444,1.62395,0.59587,1.58504,0.44634,0.55391,-0.29870,0.02807,1.68801,0.61265,1.58044,0.46896,0.56173,-0.26782,-0.03685,1.76116,0.63036,1.56273,0.56418,0.51871,-0.30428
102.000000,5100,0.02444,1.62395,0.59664,1.55948,0.45015,0.55925,-0.28345,0.02362,1.69342,0.61389,1.55357,0.47874,0.56869,-0.25459,-0.03927,1.75748,0.63160,1.53586,0.57329,0.52612,-0.28890
102.100000,5105,0.02444,1.62395,0.59702,1.53049,0.45206,0.56764,-0.27467,0.01969,1.70455,0.61482,1.52564,0.48905,0.57507,-0.24223,-0.04209,1.75485,0.63254,1.50792,0.58271,0.53373,-0.27290
102.200000,5110,0.02406,1.62510,0.59702,1.50226,0.47456,0.57947,-0.25827,0.01434,1.75123,0.61560,1.49653,0.50109,0.57733,-0.23406,-0.04429,1.75166,0.63331,1.47885,0.59252,0.54280,-0.25666
102.300000,5115,0.01948,1.65142,0.59702,1.47136,0.48181,0.58557,-0.25331,0.00332,1.82990,0.61584,1.46589,0.51762,0.56315,-0.23860,-0.04751,1.75054,0.63355,1.44846,0.60275,0.55155,-0.23940
102.400000,5120,0.01605,1.71474,0.59893,1.44161,0.50508,0.58290,-0.25178,-0.00288,1.84135,0.61566,1.43402,0.53157,0.56525,-0.23182,-0.05086,1.75007,0.63338,1.41673,0.61341,0.56102,-0.22149
102.500000,5125,0.01605,1.75861,0.60541,1.41490,0.52912,0.58138,-0.22050,-0.01297,1.85265,0.61860,1.40331,0.54694,0.57553,-0.22454,-0.05544,1.75612,0.63631,1.38621,0.62461,0.57181,-0.20710
102.600000,5130,0.00995,1.77082,0.61151,1.38477,0.54018,0.58176,-0.21669,-0.02897,1.87908,0.62877,1.37727,0.56083,0.57653,-0.21965,-0.06505,1.77928,0.64649,1.36016,0.63649,0.58171,-0.20029
102.700000,5135,-0.01027,1.78455,0.61800,1.35806,0.55506,0.58405,-0.21592,-0.03749,1.90517,0.64033,1.35174,0.57233,0.58261,-0.21700,-0.07565,1.80566,0.65804,1.33454,0.64865,0.59158,-0.19467
102.800000,5140,-0.02973,1.81126,0.62868,1.33403,0.55925,0.58672,-0.21631,-0.04828,1.93088,0.65191,1.32608,0.58459,0.59566,-0.21152,-0.08628,1.83209,0.66962,1.30888,0.66083,0.60146,-0.18905
102.900000,5145,-0.03392,1.84177,0.64165,1.30961,0.58176,0.60198,-0.21249,-0.05636,1.95351,0.66262,1.30473,0.59507,0.60936,-0.20824,-0.09573,1.85649,0.68033,1.28752,0.67130,0.60981,-0.18507
103.000000,5150,-0.03354,1.87191,0.65348,1.29664,0.58405,0.60694,-0.21211,-0.04604,1.95357,0.66711,1.31788,0.58543,0.61026,-0.21096,-0.09626,1.86644,0.68482,1.30032,0.66836,0.60610,-0.19460
103.100000,5155,-0.03240,1.88183,0.65805,1.31114,0.58443,0.60732,-0.21211,-0.03469,1.94273,0.66768,1.34985,0.57114,0.60551,-0.21953,-0.09092,1.86694,0.68539,1.33218,0.65785,0.59670,-0.21177
103.200000,5160,-0.03087,1.88145,0.65882,1.34090,0.58176,0.60770,-0.21287,-0.02802,1.93766,0.66784,1.38073,0.55980,0.59754,-0.23255,-0.08555,1.86736,0.68555,1.36304,0.64761,0.58815,-0.22846
103.300000,5165,-0.03049,1.88145,0.65882,1.37332,0.57909,0.60770,-0.21325,-0.02389,1.93790,0.66780,1.41026,0.54948,0.58756,-0.24629,-0.08141,1.86974,0.68551,1.39257,0.63777,0.57948,-0.24430
103.400000,5170,-0.03011,1.88145,0.65882,1.40231,0.57680,0.60694,-0.21745,-0.01936,1.93667,0.66754,1.43857,0.53964,0.57904,-0.25949,-0.07708,1.87189,0.68525,1.42087,0.62833,0.57194,-0.25968
103.500000,5175,-0.02744,1.88145,0.65882,1.43054,0.57375,0.60274,-0.22699,-0.01480,1.93277,0.66710,1.46576,0.52990,0.57234,-0.27152,-0.07302,1.87456,0.68481,1.44806,0.61923,0.56499,-0.27452
103.600000,5180,-0.02515,1.88145,0.65882,1.45839,0.57260,0.59893,-0.23996,-0.01124,1.92912,0.66654,1.49183,0.52039,0.56462,-0.28332,-0.07028,1.87951,0.68425,1.47412,0.61039,0.55755,-0.28861
103.700000,5185,-0.02515,1.88145,0.65882,1.48624,0.56841,0.59206,-0.24759,-0.00857,1.92542,0.66588,1.51689,0.51108,0.55734,-0.29371,-0.06818,1.88574,0.68359,1.49918,0.60177,0.55023,-0.30217
103.800000,5190,-0.02210,1.88107,0.65882,1.51142,0.54628,0.57833,-0.26971,-0.00496,1.88380,0.66514,1.54099,0.50068,0.55970,-0.29806,-0.06656,1.89301,0.68285,1.52327,0.59336,0.54315,-0.31527
103.900000,5195,-0.00646,1.85818,0.65958,1.53659,0.53446,0.57566,-0.27276,0.00036,1.82179,0.66436,1.56417,0.48987,0.57832,-0.29602,-0.06538,1.90133,0.68207,1.54645,0.58513,0.53631,-0.32796
104.000000,5200,0.00308,1.80782,0.65996,1.55605,0.51767,0.57642,-0.28497,0.00204,1.82271,0.66356,1.58646,0.48037,0.57272,-0.30051,-0.06461,1.91068,0.68127,1.56875,0.57706,0.52973,-0.34026
104.100000,5205,0.00232,1.78341,0.65958,1.57550,0.49402,0.57718,-0.29985,0.00411,1.82814,0.66277,1.60790,0.47194,0.56819,-0.31325,-0.06423,1.92105,0.68048,1.59019,0.56915,0.52340,-0.35220
104.200000,5210,0.00270,1.78531,0.65958,1.59992,0.49364,0.57451,-0.29985,0.00449,1.83728,0.66202,1.62850,0.46398,0.56492,-0.32555,-0.06420,1.93243,0.67974,1.61079,0.56137,0.51734,-0.36382
104.300000,5215,0.00270,1.78837,0.65958,1.62128,0.49021,0.57451,-0.30939,0.00372,1.84897,0.66134,1.64825,0.45622,0.55859,-0.33597,-0.06453,1.94483,0.67905,1.63054,0.55372,0.51158,-0.37512
104.400000,5220,0.00270,1.80286,0.65958,1.64074,0.46808,0.56955,-0.32655,0.00348,1.86170,0.66075,1.66716,0.44870,0.55324,-0.34727,-0.06517,1.95824,0.67846,1.64945,0.54621,0.50614,-0.38613
104.500000,5225,0.00270,1.81850,0.65958,1.66095,0.46770,0.56269,-0.33838,0.00269,1.87548,0.66027,1.68526,0.44115,0.54781,-0.35696,-0.06611,1.97262,0.67798,1.66754,0.53883,0.50104,-0.39687
104.600000,5230,0.00270,1.83643,0.65958,1.68003,0.46694,0.55544,-0.34486,0.00138,1.89046,0.65993,1.70253,0.43398,0.54273,-0.36832,-0.06732,1.98793,0.67764,1.68482,0.53158,0.49629,-0.40734
104.700000,5235,0.00232,1.85894,0.65958,1.69796,0.45931,0.54743,-0.34982,-0.00004,1.90608,0.65974,1.71896,0.42685,0.53872,-0.37885,-0.06879,2.00421,0.67745,1.70125,0.52449,0.49194,-0.41756
104.800000,5240,0.00270,1.87954,0.65958,1.71436,0.44138,0.54705,-0.36165,-0.00233,1.92302,0.65973,1.73457,0.41996,0.53450,-0.38907,-0.07049,2.02139,0.67744,1.71686,0.51754,0.48800,-0.42753
104.900000,5245,0.00232,1.89899,0.65958,1.73000,0.43794,0.54628,-0.37195,-0.00439,1.94140,0.65991,1.74936,0.41330,0.53005,-0.39895,-0.07240,2.03944,0.67762,1.73165,0.51076,0.48448,-0.43727
105.000000,5250,0.00232,1.91883,0.65958,1.74640,0.43794,0.53827,-0.37614,-0.00656,1.95996,0.66030,1.76329,0.40670,0.52645,-0.40842,-0.07450,2.05840,0.67802,1.74558,0.50417,0.48144,-0.44677
105.100000,5255,0.00232,1.94401,0.65958,1.76128,0.43604,0.52416,-0.39522,-0.00854,1.97889,0.66092,1.77639,0.40008,0.52437,-0.41629,-0.07677,2.07818,0.67863,1.75868,0.49778,0.47887,-0.45604
105.200000,5260,0.00232,1.96613,0.65958,1.77501,0.41544,0.52301,-0.40247,-0.01135,1.99958,0.66176,1.78867,0.39414,0.52204,-0.42749,-0.07919,2.09875,0.67947,1.77096,0.49160,0.47680,-0.46509
105.300000,5265,0.00232,1.98902,0.65958,1.78760,0.41467,0.51996,-0.40933,-0.01414,2.02095,0.66286,1.80009,0.38825,0.51998,-0.43620,-0.08174,2.12012,0.68057,1.78238,0.48566,0.47525,-0.47390
105.400000,5270,0.00194,2.01611,0.65958,1.80019,0.41467,0.51729,-0.41696,-0.01698,2.04245,0.66423,1.81051,0.38249,0.51948,-0.44474,-0.08447,2.14228,0.68195,1.79280,0.48001,0.47421,-0.48240
105.500000,5275,0.00194,2.04319,0.65958,1.81087,0.40590,0.51653,-0.42078,-0.02032,2.06566,0.66609,1.81890,0.37760,0.51876,-0.45436,-0.08780,2.16553,0.68380,1.80119,0.47487,0.47357,-0.49006
105.600000,5280,0.00155,2.06990,0.65996,1.81927,0.39026,0.51615,-0.42764,-0.02466,2.08971,0.66834,1.82576,0.37299,0.51884,-0.46150,-0.09147,2.18965,0.68606,1.80805,0.47017,0.47345,-0.49714
105.700000,5285,-0.00112,2.09660,0.66225,1.82613,0.38873,0.51348,-0.43375,-0.02744,2.11352,0.67061,1.83315,0.36816,0.51901,-0.46858,-0.09458,2.21385,0.68832,1.81544,0.46553,0.47404,-0.50466
105.800000,5290,-0.00112,2.12407,0.66301,1.83491,0.38530,0.51309,-0.45053,-0.03018,2.13777,0.67300,1.84044,0.36380,0.52099,-0.47635,-0.09739,2.23831,0.69071,1.82273,0.46109,0.47526,-0.51230
105.900000,5295,-0.00836,2.15306,0.66835,1.84177,0.38416,0.51271,-0.45892,-0.03238,2.16231,0.67565,1.84687,0.35930,0.52063,-0.48436,-0.10022,2.26325,0.69336,1.82916,0.45702,0.47703,-0.51964
106.000000,5300,-0.01752,2.18129,0.67026,1.85055,0.36775,0.50852,-0.46694,-0.03514,2.18760,0.67856,1.85242,0.35589,0.52396,-0.49276,-0.10307,2.28866,0.69628,1.83470,0.45334,0.47934,-0.52668
106.100000,5305,-0.01752,2.20837,0.67446,1.85284,0.36356,0.50852,-0.47189,-0.03903,2.21334,0.68175,1.85709,0.35291,0.52854,-0.49999,-0.10593,2.31448,0.69946,1.83938,0.45007,0.48217,-0.53339
106.200000,5310,-0.01714,2.23813,0.67980,1.85512,0.36279,0.50890,-0.47304,-0.04197,2.23937,0.68519,1.86088,0.35012,0.53284,-0.50732,-0.10880,2.34068,0.70290,1.84317,0.44721,0.48551,-0.53978
106.300000,5315,-0.01981,2.26750,0.68323,1.86314,0.36279,0.51004,-0.47609,-0.04426,2.26556,0.68890,1.86381,0.34745,0.53691,-0.51442,-0.11167,2.36722,0.70661,1.84609,0.44478,0.48934,-0.54585
106.400000,5320,-0.03125,2.29802,0.68819,1.86466,0.36241,0.51004,-0.48219,-0.04694,2.29244,0.69287,1.86585,0.34519,0.53766,-0.51940,-0.11453,2.39407,0.71058,1.84814,0.44279,0.49365,-0.55157
106.500000,5325,-0.03392,2.32854,0.69048,1.86886,0.36241,0.51424,-0.49974,-0.05042,2.31915,0.69709,1.86701,0.34402,0.54682,-0.52549,-0.11738,2.42117,0.71481,1.84930,0.44126,0.49842,-0.55694
106.600000,5330,-0.03392,2.35753,0.69773,1.86924,0.36203,0.51843,-0.51462,-0.05343,2.34641,0.70157,1.86730,0.34311,0.55306,-0.53169,-0.12022,2.44850,0.71928,1.84959,0.44018,0.50363,-0.56197
106.700000,5335,-0.03392,2.38919,0.70192,1.86962,0.35898,0.52492,-0.52149,-0.05609,2.37383,0.70629,1.86671,0.34260,0.55897,-0.53792,-0.12306,2.47600,0.72400,1.84900,0.43957,0.50925,-0.56664
106.800000,5340,-0.03659,2.41856,0.70879,1.86962,0.35860,0.52912,-0.52263,-0.05940,2.40141,0.71125,1.86525,0.34248,0.56543,-0.54308,-0.12588,2.50365,0.72896,1.84754,0.43942,0.51525,-0.57097
106.900000,5345,-0.04575,2.45023,0.71528,1.86962,0.34677,0.53293,-0.52568,-0.06120,2.42893,0.71643,1.86292,0.34275,0.57161,-0.54885,-0.12869,2.53140,0.73414,1.84520,0.43973,0.52161,-0.57494
107.000000,5350,-0.05071,2.48151,0.71909,1.86962,0.34029,0.54399,-0.52835,-0.06492,2.45682,0.72184,1.85971,0.34373,0.57903,-0.55358,-0.13150,2.55921,0.73955,1.84199,0.44051,0.52831,-0.57857
107.100000,5355,-0.05071,2.51241,0.72558,1.86962,0.34029,0.55277,-0.52912,-0.06800,2.48454,0.72745,1.85562,0.34504,0.58739,-0.55693,-0.13431,2.58707,0.74516,1.83791,0.44175,0.53533,-0.58186
107.200000,5360,-0.05071,2.54407,0.73359,1.86924,0.34029,0.55849,-0.53255,-0.07081,2.51226,0.73327,1.85067,0.34669,0.59537,-0.56070,-0.13713,2.61495,0.75098,1.83295,0.44344,0.54262,-0.58482
107.300000,5365,-0.05109,2.57535,0.73969,1.86924,0.34067,0.56688,-0.53560,-0.07410,2.54013,0.73929,1.84482,0.34900,0.60385,-0.56455,-0.13996,2.64286,0.75700,1.82711,0.44558,0.55019,-0.58747
107.400000,5370,-0.05643,2.60701,0.74770,1.86542,0.34067,0.58023,-0.54514,-0.07651,2.56799,0.74550,1.83808,0.35132,0.61056,-0.56744,-0.14283,2.67082,0.76321,1.82037,0.44818,0.55802,-0.58981
107.500000,5375,-0.06787,2.63791,0.75342,1.86085,0.34067,0.58481,-0.55429,-0.07853,2.59589,0.75195,1.83014,0.35427,0.61648,-0.56957,-0.14581,2.69881,0.76966,1.81244,0.45128,0.56609,-0.59174
107.600000,5380,-0.07550,2.66805,0.76220,1.85322,0.34067,0.59511,-0.55544,-0.08313,2.62368,0.75872,1.82010,0.35856,0.61648,-0.57328,-0.14916,2.72662,0.77644,1.80242,0.45506,0.57431,-0.59289
107.700000,5385,-0.07856,2.70047,0.76830,1.84025,0.34143,0.60083,-0.55849,-0.08654,2.65216,0.76570,1.80957,0.36289,0.61648,-0.57530,-0.15247,2.75514,0.78341,1.79190,0.45921,0.58295,-0.59410
107.800000,5390,-0.07894,2.73099,0.77631,1.82842,0.34181,0.60160,-0.56345,-0.08987,2.68185,0.77288,1.79906,0.36745,0.61648,-0.57766,-0.15555,2.78493,0.79059,1.78141,0.46367,0.59220,-0.59571
107.900000,5395,-0.08085,2.76418,0.78585,1.81850,0.34486,0.60389,-0.57489,-0.09306,2.71233,0.78048,1.78684,0.37245,0.61648,-0.57913,-0.15884,2.81551,0.79819,1.76919,0.46884,0.60194,-0.59693
108.000000,5400,-0.08428,2.79851,0.79348,1.80553,0.34906,0.60350,-0.57718,-0.09542,2.74250,0.78773,1.77231,0.37905,0.61648,-0.57995,-0.16160,2.84568,0.80545,1.75468,0.47505,0.61160,-0.59667
108.100000,5405,-0.08390,2.83285,0.80111,1.79066,0.37080,0.60350,-0.57680,-0.08851,2.76146,0.78814,1.75126,0.38895,0.61648,-0.56584,-0.15756,2.86470,0.80586,1.73367,0.48484,0.61623,-0.58549
108.200000,5410,-0.08352,2.85879,0.80111,1.76815,0.37347,0.60350,-0.57604,-0.07779,2.77036,0.78293,1.72347,0.40234,0.61648,-0.54380,-0.14805,2.87352,0.80064,1.70591,0.49787,0.61648,-0.56433
108.300000,5415,-0.08313,2.86222,0.80034,1.73687,0.39674,0.60389,-0.56612,-0.06839,2.77896,0.77737,1.69505,0.41625,0.61648,-0.52134,-0.13817,2.88183,0.79508,1.67752,0.51118,0.61647,-0.54243
108.400000,5420,-0.08275,2.86222,0.79691,1.70826,0.40208,0.60503,-0.54170,-0.05875,2.78726,0.77189,1.66702,0.42977,0.61648,-0.50198,-0.12842,2.89002,0.78960,1.64951,0.52432,0.61647,-0.52082
108.500000,5425,-0.07512,2.87138,0.79119,1.67926,0.42421,0.60846,-0.51500,-0.04869,2.78883,0.76568,1.64592,0.43892,0.61648,-0.48077,-0.11963,2.89190,0.78339,1.62835,0.53418,0.61473,-0.50218
108.600000,5430,-0.06444,2.87328,0.78470,1.66477,0.42421,0.60808,-0.49478,-0.03869,2.76841,0.75648,1.64956,0.43587,0.61648,-0.46713,-0.11323,2.87185,0.77419,1.63188,0.53274,0.60669,-0.49381
108.700000,5435,-0.05185,2.86680,0.77631,1.66515,0.42383,0.61037,-0.48525,-0.03281,2.74105,0.74646,1.66244,0.42990,0.61648,-0.45910,-0.10775,2.84453,0.76417,1.64474,0.52729,0.59671,-0.48991
108.800000,5440,-0.04384,2.84086,0.76639,1.67125,0.42383,0.60961,-0.46694,-0.02778,2.71473,0.73682,1.67362,0.42497,0.61648,-0.45309,-0.10260,2.81803,0.75454,1.65591,0.52247,0.58734,-0.48592
108.900000,5445,-0.04155,2.80042,0.75380,1.67965,0.42345,0.61151,-0.46694,-0.02252,2.68990,0.72769,1.68479,0.42037,0.61648,-0.44744,-0.09733,2.79303,0.74540,1.66707,0.51802,0.57871,-0.48266
109.000000,5450,-0.04155,2.76189,0.74312,1.69147,0.42345,0.61571,-0.46274,-0.01782,2.66566,0.71882,1.69467,0.41659,0.61648,-0.44473,-0.09229,2.76870,0.73653,1.67696,0.51408,0.57054,-0.47929
109.100000,5455,-0.03850,2.73252,0.73321,1.70139,0.42345,0.62334,-0.45091,-0.01339,2.64143,0.71008,1.70264,0.41333,0.61318,-0.44116,-0.08764,2.74448,0.72779,1.68492,0.51069,0.56263,-0.47535
109.200000,5460,-0.02706,2.70314,0.72519,1.70673,0.42268,0.62906,-0.44519,-0.00987,2.61756,0.70149,1.70955,0.41053,0.60649,-0.43544,-0.08311,2.72051,0.71920,1.69184,0.50772,0.55506,-0.47122
109.300000,5465,-0.01638,2.67186,0.71528,1.70940,0.42192,0.62792,-0.44405,-0.00541,2.59390,0.69303,1.71555,0.40803,0.59853,-0.42958,-0.07866,2.69671,0.71074,1.69784,0.50514,0.54779,-0.46691
109.400000,5470,-0.01104,2.63906,0.70574,1.71856,0.41963,0.62563,-0.44099,-0.00088,2.57033,0.68467,1.72067,0.40574,0.59029,-0.42511,-0.07426,2.67303,0.70238,1.70296,0.50295,0.54083,-0.46240
109.500000,5475,-0.01104,2.61197,0.69620,1.72199,0.41963,0.62143,-0.44061,0.00376,2.54681,0.67642,1.72494,0.40367,0.58187,-0.41915,-0.06991,2.64945,0.69414,1.70723,0.50113,0.53418,-0.45767
109.600000,5480,-0.00989,2.58184,0.68667,1.72542,0.41887,0.60884,-0.43604,0.00803,2.52334,0.66828,1.72836,0.40231,0.57629,-0.41365,-0.06558,2.62595,0.68599,1.71065,0.49968,0.52785,-0.45270
109.700000,5485,-0.00493,2.55284,0.67865,1.72924,0.41849,0.60312,-0.41811,0.01181,2.50005,0.66026,1.73092,0.40150,0.57165,-0.40957,-0.06129,2.60255,0.67797,1.71321,0.49862,0.52186,-0.44749
109.800000,5490,0.00270,2.52500,0.66988,1.73038,0.41658,0.59969,-0.41467,0.01559,2.47693,0.65236,1.73264,0.40088,0.56618,-0.40323,-0.05702,2.57927,0.67007,1.71493,0.49791,0.51621,-0.44203
109.900000,5495,0.00880,2.49715,0.66225,1.73038,0.41620,0.59359,-0.41429,0.01989,2.45382,0.64460,1.73350,0.40051,0.56098,-0.39690,-0.05278,2.55612,0.66231,1.71579,0.49758,0.51095,-0.43630
110.000000,5500,0.01376,2.46777,0.65348,1.73191,0.41620,0.58519,-0.40475,0.02405,2.43121,0.63697,1.73350,0.40078,0.55509,-0.39077,-0.04857,2.53314,0.65469,1.71578,0.49762,0.50607,-0.43029
110.100000,5505,0.02025,2.44031,0.64470,1.73305,0.41582,0.57566,-0.39598,0.02795,2.40843,0.62950,1.73265,0.40106,0.55070,-0.38341,-0.04438,2.51033,0.64721,1.71494,0.49801,0.50159,-0.42401
110.200000,5510,0.02253,2.41437,0.63822,1.73305,0.41582,0.57222,-0.39293,0.03198,2.38598,0.62218,1.73092,0.40190,0.54661,-0.37748,-0.04022,2.48772,0.63989,1.71321,0.49877,0.49755,-0.41744
110.300000,5515,0.02253,2.38805,0.62716,1.73305,0.41544,0.56879,-0.38911,0.03642,2.36362,0.61501,1.72835,0.40287,0.54273,-0.37047,-0.03609,2.46533,0.63273,1.71064,0.49986,0.49392,-0.41058
110.400000,5520,0.02444,2.36058,0.62029,1.73305,0.41582,0.56536,-0.38759,0.03982,2.34169,0.60802,1.72488,0.40451,0.54076,-0.36278,-0.03199,2.44319,0.62573,1.70717,0.50131,0.49076,-0.40340
110.500000,5525,0.02864,2.33388,0.61380,1.73267,0.41544,0.56192,-0.37309,0.04395,2.32008,0.60115,1.72093,0.40653,0.53890,-0.35686,-0.02778,2.42127,0.61886,1.70322,0.50300,0.48805,-0.39611
110.600000,5530,0.03665,2.30832,0.60617,1.73267,0.41544,0.55429,-0.36203,0.04814,2.29840,0.59428,1.71752,0.40830,0.53774,-0.34890,-0.02304,2.39944,0.61199,1.69981,0.50472,0.48586,-0.38920
110.700000,5535,0.04161,2.28619,0.59969,1.73000,0.41505,0.54933,-0.35783,0.05311,2.27695,0.58755,1.71362,0.41009,0.53535,-0.34191,-0.01821,2.37790,0.60526,1.69590,0.50666,0.48414,-0.38218
110.800000,5540,0.04199,2.26178,0.58977,1.72619,0.41505,0.54781,-0.35097,0.05703,2.25635,0.58119,1.70752,0.41266,0.53385,-0.33412,-0.01397,2.35695,0.59890,1.68980,0.50917,0.48292,-0.37425
110.900000,5545,0.04542,2.23469,0.58557,1.71932,0.41505,0.54743,-0.33685,0.06002,2.23676,0.57510,1.70000,0.41622,0.53383,-0.32655,-0.01004,2.33654,0.59281,1.68229,0.51206,0.48216,-0.36577
111.000000,5550,0.05725,2.21219,0.57833,1.70864,0.41544,0.54743,-0.33609,0.06308,2.21664,0.56924,1.69159,0.41948,0.53628,-0.31717,-0.00624,2.31663,0.58696,1.67388,0.51522,0.48191,-0.35700
111.100000,5555,0.06183,2.19006,0.57451,1.69834,0.41544,0.54666,-0.33533,0.06717,2.19748,0.56360,1.68235,0.42253,0.53509,-0.30796,-0.00255,2.29722,0.58131,1.66464,0.51861,0.48214,-0.34796
111.200000,5560,0.06679,2.16984,0.56612,1.68842,0.41544,0.54705,-0.32617,0.07094,2.17895,0.55818,1.67226,0.42634,0.53643,-0.30036,0.00098,2.27838,0.57589,1.65454,0.52223,0.48287,-0.33863
111.300000,5565,0.06946,2.14810,0.56002,1.67545,0.41544,0.54705,-0.31358,0.07389,2.16132,0.55299,1.66132,0.43032,0.53750,-0.29162,0.00436,2.26009,0.57070,1.64361,0.52606,0.48406,-0.32903
111.400000,5570,0.06946,2.12826,0.55353,1.66362,0.41582,0.54743,-0.30939,0.07642,2.14390,0.54801,1.64954,0.43431,0.53957,-0.28065,0.00755,2.24241,0.56573,1.63183,0.53009,0.48572,-0.31914
111.500000,5575,0.07213,2.10766,0.54895,1.65065,0.41582,0.54743,-0.29184,0.07929,2.12745,0.54326,1.63690,0.43905,0.54310,-0.27281,0.01054,2.22534,0.56098,1.61919,0.53431,0.48783,-0.30896
111.600000,5580,0.07213,2.08935,0.54247,1.63692,0.41620,0.54819,-0.28306,0.08136,2.11134,0.53874,1.62343,0.44330,0.54589,-0.26149,0.01329,2.20892,0.55645,1.60571,0.53870,0.49038,-0.29849
111.700000,5585,0.07289,2.07218,0.54056,1.62319,0.41658,0.54819,-0.27849,0.08354,2.09566,0.53443,1.60909,0.44792,0.54999,-0.25125,0.01577,2.19318,0.55215,1.59138,0.54326,0.49337,-0.28770
111.800000,5590,0.07442,2.05349,0.53484,1.60602,0.41658,0.54857,-0.26475,0.08537,2.08172,0.53035,1.59391,0.45300,0.55383,-0.24203,0.01797,2.17813,0.54806,1.57620,0.54798,0.49676,-0.27661
111.900000,5595,0.07480,2.03861,0.52950,1.58962,0.41887,0.55086,-0.25789,0.08672,2.06800,0.52648,1.57787,0.45791,0.55784,-0.23057,0.01984,2.16381,0.54420,1.56015,0.55285,0.50055,-0.26519
112.000000,5600,0.07518,2.02145,0.52721,1.57207,0.42001,0.55200,-0.23958,0.08758,2.05535,0.52283,1.56096,0.46341,0.56346,-0.22092,0.02136,2.15024,0.54055,1.54326,0.55787,0.50472,-0.25343
112.100000,5605,0.07480,2.00772,0.52263,1.55452,0.42078,0.55773,-0.23080,0.08817,2.04305,0.51939,1.54322,0.46854,0.56814,-0.20883,0.02249,2.13743,0.53710,1.52551,0.56303,0.50925,-0.24133
112.200000,5610,0.07670,1.99780,0.51958,1.53507,0.42345,0.55887,-0.22546,0.08809,2.03219,0.51616,1.52459,0.47447,0.57499,-0.19681,0.02319,2.12544,0.53387,1.50689,0.56833,0.51412,-0.22886
112.300000,5615,0.08395,1.98254,0.51615,1.51599,0.42917,0.57299,-0.20829,0.08666,2.02313,0.51311,1.50510,0.48048,0.58096,-0.18678,0.02343,2.11425,0.53083,1.48742,0.57378,0.51932,-0.21602
112.400000,5620,0.08624,1.97300,0.51233,1.49425,0.44634,0.58176,-0.20448,0.08712,2.01143,0.51026,1.48477,0.48553,0.58670,-0.17349,0.02319,2.10387,0.52797,1.46708,0.57937,0.52482,-0.20279
112.500000,5625,0.08662,1.96919,0.51042,1.47441,0.44748,0.58557,-0.18884,0.08574,2.00352,0.50759,1.46353,0.49192,0.59399,-0.16216,0.02241,2.09434,0.52530,1.44585,0.58512,0.53062,-0.18915
112.600000,5630,0.08853,1.95660,0.50928,1.45267,0.45397,0.58901,-0.17205,0.08308,1.99724,0.50509,1.44140,0.49818,0.59981,-0.14902,0.02104,2.08568,0.52280,1.42373,0.59103,0.53670,-0.17506
112.700000,5635,0.08891,1.94134,0.50737,1.42787,0.47266,0.60160,-0.16214,0.07983,1.99415,0.50274,1.41835,0.50481,0.60535,-0.13549,0.01907,2.07788,0.52045,1.40070,0.59712,0.54307,-0.16052
112.800000,5640,0.08815,1.93791,0.50279,1.40537,0.47571,0.60846,-0.15298,0.07670,1.98564,0.50054,1.39438,0.51110,0.61414,-0.12165,0.01644,2.07095,0.51825,1.37673,0.60340,0.54971,-0.14548
112.900000,5645,0.08815,1.93104,0.50279,1.38019,0.47609,0.60999,-0.14154,0.07265,1.98301,0.49848,1.36941,0.51824,0.61648,-0.10802,0.01310,2.06489,0.51619,1.35177,0.60989,0.55663,-0.12991
113.000000,5650,0.08815,1.92341,0.49745,1.35387,0.49631,0.61190,-0.12628,0.06624,1.98486,0.49653,1.34337,0.52550,0.61648,-0.09297,0.00899,2.05973,0.51424,1.32577,0.61662,0.56384,-0.11377
113.100000,5655,0.08777,1.92303,0.49669,1.32907,0.50012,0.61266,-0.10453,0.06124,1.98170,0.49469,1.31624,0.53343,0.61648,-0.08112,0.00407,2.05545,0.51240,1.29865,0.62361,0.57137,-0.09698
113.200000,5660,0.08510,1.92341,0.49669,1.30160,0.50356,0.61228,-0.09805,0.05355,1.98385,0.49299,1.28790,0.54119,0.61648,-0.06448,-0.00188,2.05221,0.51071,1.27034,0.63092,0.57917,-0.07952
113.300000,5665,0.07937,1.92341,0.49364,1.27185,0.50890,0.61533,-0.08012,0.04404,1.99948,0.49176,1.25824,0.54989,0.61648,-0.05108,-0.00960,2.05088,0.50947,1.24074,0.63863,0.58684,-0.06139
113.400000,5670,0.06488,1.92913,0.49135,1.24133,0.52835,0.61686,-0.05761,0.03196,2.05004,0.49031,1.22704,0.56139,0.61648,-0.04185,-0.01779,2.04972,0.50802,1.20977,0.64665,0.59527,-0.04239
113.500000,5675,0.03970,1.96003,0.48792,1.20852,0.53293,0.62754,-0.05151,0.01186,2.13015,0.48865,1.19298,0.58003,0.61648,-0.04455,-0.02650,2.04880,0.50636,1.17739,0.65499,0.60454,-0.02247
113.600000,5680,0.02101,2.02870,0.48601,1.17457,0.55544,0.62944,-0.04846,-0.00342,2.14312,0.48522,1.15621,0.59652,0.61648,-0.03252,-0.03494,2.05059,0.50293,1.14494,0.66288,0.61350,-0.00130
113.700000,5685,0.01224,2.08287,0.48448,1.13681,0.59053,0.62906,-0.01794,-0.03207,2.16334,0.47133,1.10468,0.63664,0.61648,0.00111,-0.03755,2.06781,0.48904,1.11975,0.66608,0.61646,0.02296
113.800000,5690,-0.00188,2.11262,0.46999,1.08950,0.63173,0.62716,0.00457,-0.04281,2.19299,0.45274,1.07975,0.66396,0.61643,0.01867,-0.03836,2.09255,0.47045,1.09734,0.66741,0.61648,0.04906
113.900000,5695,-0.02401,2.12674,0.44862,1.06623,0.65653,0.62677,0.01296,-0.04521,2.21926,0.43368,1.05659,0.67339,0.61082,0.03885,-0.03982,2.11764,0.45139,1.07430,0.66897,0.61648,0.07601
114.000000,5700,-0.04193,2.14734,0.42764,1.04602,0.66072,0.62830,0.03089,-0.05178,2.24456,0.41438,1.03308,0.68729,0.61648,0.05732,-0.04195,2.14277,0.43209,1.05079,0.67075,0.61648,0.10352
114.100000,5705,-0.04728,2.17595,0.40857,1.02160,0.68361,0.62754,0.05721,-0.06022,2.26996,0.39503,1.00933,0.70221,0.61648,0.07849,-0.04477,2.16763,0.41274,1.02704,0.67272,0.61648,0.13129
114.200000,5710,-0.04918,2.21257,0.39064,0.99795,0.69010,0.62716,0.08353,-0.06668,2.29424,0.37584,0.98554,0.71116,0.61648,0.10186,-0.04822,2.19195,0.39355,1.00325,0.67482,0.61648,0.15904
114.300000,5715,-0.05071,2.24461,0.37309,0.97544,0.70917,0.62677,0.11596,-0.07106,2.31762,0.35720,0.96260,0.71649,0.61648,0.12690,-0.05201,2.21530,0.37492,0.98032,0.67687,0.61633,0.18593
114.400000,5720,-0.05071,2.26903,0.35783,0.95789,0.71146,0.62601,0.13541,-0.05849,2.32896,0.34768,0.96547,0.69807,0.61648,0.13875,-0.04846,2.22966,0.36539,0.98319,0.67327,0.61076,0.19192
114.500000,5725,-0.04918,2.28428,0.35249,0.96324,0.70612,0.62525,0.13580,-0.03428,2.32388,0.34797,0.99861,0.66201,0.61648,0.13666,-0.03523,2.23245,0.36569,1.01632,0.66315,0.59946,0.17376
114.600000,5730,-0.04308,2.28619,0.35249,0.99680,0.69964,0.62525,0.13999,-0.01645,2.31869,0.34847,1.03211,0.63917,0.61648,0.12879,-0.02202,2.23458,0.36618,1.04978,0.65299,0.58873,0.15519
114.700000,5735,-0.03354,2.28581,0.35173,1.03228,0.67370,0.62639,0.14266,-0.00298,2.31416,0.34881,1.06435,0.62505,0.61464,0.11743,-0.00944,2.23673,0.36652,1.08201,0.64312,0.57882,0.13738
114.800000,5740,-0.01523,2.28581,0.35135,1.06356,0.65081,0.62563,0.14076,0.00818,2.31290,0.34983,1.09525,0.61243,0.60491,0.10364,0.00139,2.24052,0.36754,1.11290,0.63335,0.56922,0.12009
114.900000,5745,0.00232,2.28619,0.35135,1.09294,0.64585,0.62029,0.14076,0.01867,2.31248,0.35111,1.12483,0.59814,0.59410,0.09246,0.01107,2.24515,0.36882,1.14248,0.62379,0.56015,0.10345
115.000000,5750,0.01338,2.28581,0.35173,1.12269,0.62143,0.60465,0.13351,0.03159,2.29277,0.35260,1.15320,0.57796,0.58638,0.08704,0.01974,2.25049,0.37031,1.17078,0.61445,0.55163,0.08747
115.100000,5755,0.02711,2.27551,0.35173,1.15207,0.59702,0.59854,0.13046,0.05077,2.19948,0.35452,1.18084,0.54677,0.59311,0.09486,0.02748,2.25654,0.37202,1.19787,0.60533,0.54363,0.07212
115.200000,5760,0.05382,2.21562,0.35364,1.18182,0.57108,0.59854,0.13465,0.06427,2.17110,0.35883,1.20810,0.52563,0.59629,0.10427,0.03432,2.26330,0.37394,1.22380,0.59641,0.53611,0.05735
115.300000,5765,0.06488,2.15153,0.35364,1.20013,0.52683,0.59931,0.11977,0.07230,2.17576,0.36160,1.23416,0.51325,0.58532,0.09387,0.04035,2.27076,0.37610,1.24863,0.58766,0.52906,0.04313
115.400000,5770,0.06640,2.13589,0.35364,1.22722,0.51081,0.59893,0.10757,0.07899,2.18048,0.36757,1.25943,0.50187,0.58070,0.08020,0.04560,2.27893,0.37848,1.27241,0.57909,0.52245,0.02944
115.500000,5775,0.06831,2.14505,0.36508,1.25468,0.49783,0.59549,0.10490,0.03735,2.20733,0.39683,1.28062,0.55029,0.54154,0.06510,0.05012,2.28780,0.38109,1.29517,0.57068,0.51628,0.01625
115.600000,5780,0.05267,2.17709,0.38225,1.27032,0.53179,0.54437,0.08544,0.01669,2.35623,0.40147,1.29960,0.60562,0.47932,0.01292,0.05397,2.29736,0.38395,1.31694,0.56242,0.51053,0.00353
115.700000,5785,0.02215,2.29649,0.38339,1.29283,0.57794,0.49326,0.01601,0.01163,2.40495,0.40064,1.32007,0.62012,0.45188,-0.04130,0.05718,2.30759,0.38704,1.33775,0.55430,0.50520,-0.00872
115.800000,5790,0.01948,2.40865,0.39293,1.32373,0.61609,0.44901,-0.00077,0.04725,2.41112,0.37626,1.33990,0.57554,0.48341,-0.06814,0.05980,2.31849,0.39037,1.35761,0.54633,0.50029,-0.02053
115.900000,5795,0.04085,2.45023,0.38911,1.34662,0.61190,0.45129,-0.00192,0.06280,2.40205,0.37639,1.35883,0.52661,0.51145,-0.05289,0.06185,2.33007,0.39395,1.37653,0.53850,0.49581,-0.03190
116.000000,5800,0.06183,2.44031,0.38492,1.36035,0.56841,0.47456,-0.01679,0.06646,2.40736,0.38006,1.37685,0.50879,0.50562,-0.05386,0.06338,2.34229,0.39777,1.39452,0.53080,0.49175,-0.04285
116.100000,5805,0.06755,2.43230,0.38416,1.37714,0.54170,0.48029,-0.03091,0.07677,2.37590,0.38410,1.39405,0.48143,0.50136,-0.04725,0.06444,2.35512,0.40182,1.41161,0.52325,0.48811,-0.05338
116.200000,5810,0.07442,2.40331,0.38721,1.39888,0.51424,0.48029,-0.02442,0.09323,2.28217,0.38946,1.41131,0.44556,0.52742,-0.02208,0.06504,2.36858,0.40611,1.42778,0.51584,0.48492,-0.06350
116.300000,5815,0.08929,2.32396,0.38797,1.41032,0.46846,0.50165,-0.01946,0.08902,2.28781,0.40133,1.42702,0.43912,0.52593,-0.02069,0.06524,2.38260,0.41063,1.44306,0.50857,0.48216,-0.07322
116.400000,5820,0.08281,2.27933,0.39713,1.41986,0.44481,0.51309,-0.02748,0.04371,2.33997,0.43160,1.44085,0.49858,0.47199,-0.03669,0.06505,2.39721,0.41539,1.45744,0.50145,0.47984,-0.08254
116.500000,5825,0.05191,2.33121,0.41467,1.43588,0.48181,0.49211,-0.04235,0.02152,2.49340,0.43733,1.45335,0.55052,0.42341,-0.10280,0.06451,2.41236,0.42038,1.47095,0.49449,0.47798,-0.09147
116.600000,5830,0.02368,2.47083,0.42650,1.45343,0.53179,0.44672,-0.09080,0.01550,2.52523,0.43861,1.46586,0.55674,0.41952,-0.13850,0.06365,2.42804,0.42559,1.48357,0.48770,0.47656,-0.10001
116.700000,5835,0.02253,2.57917,0.44138,1.47403,0.55506,0.40666,-0.09881,0.04805,2.53439,0.41659,1.47758,0.51092,0.45243,-0.15689,0.06249,2.44423,0.43102,1.49530,0.48107,0.47560,-0.10815
116.800000,5840,0.03474,2.60396,0.43108,1.48357,0.54247,0.42192,-0.10720,0.05953,2.53137,0.41908,1.48846,0.46347,0.47605,-0.13847,0.06107,2.46088,0.43665,1.50617,0.47462,0.47510,-0.11592
116.900000,5845,0.05191,2.58756,0.42955,1.49272,0.49822,0.44634,-0.11331,0.06235,2.53165,0.42478,1.49850,0.44691,0.47983,-0.13435,0.05941,2.47798,0.44249,1.51619,0.46836,0.47504,-0.12330
117.000000,5850,0.05954,2.58603,0.43070,1.49997,0.46961,0.45358,-0.11331,0.07357,2.44693,0.43091,1.50790,0.41167,0.49549,-0.11620,0.05751,2.49553,0.44854,1.52530,0.46230,0.47547,-0.13029
117.100000,5855,0.06984,2.52500,0.43909,1.51599,0.43985,0.46045,-0.09500,0.08180,2.41777,0.43987,1.51694,0.38475,0.51806,-0.08864,0.05542,2.51348,0.45478,1.53356,0.45644,0.47634,-0.13690
117.200000,5860,0.07480,2.45633,0.43947,1.51714,0.40743,0.50089,-0.10263,0.04841,2.43945,0.47207,1.52423,0.40762,0.49668,-0.08675,0.05315,2.53180,0.46120,1.54097,0.45080,0.47767,-0.14314
117.300000,5865,0.05420,2.45137,0.46388,1.52286,0.40132,0.49783,-0.10606,0.01674,2.54165,0.48522,1.53018,0.47598,0.44591,-0.12798,0.05071,2.55048,0.46781,1.54753,0.44538,0.47944,-0.14898
117.400000,5870,0.02559,2.55475,0.47380,1.52820,0.45702,0.47151,-0.12666,-0.00182,2.65910,0.49064,1.53550,0.50849,0.42333,-0.18733,0.04811,2.56952,0.47459,1.55320,0.44020,0.48168,-0.15444
117.500000,5875,0.00461,2.69323,0.49516,1.54041,0.49249,0.42955,-0.16214,-0.00603,2.68508,0.49373,1.54032,0.50853,0.42901,-0.20566,0.04538,2.58887,0.48155,1.55803,0.43526,0.48436,-0.15952
117.600000,5880,0.00537,2.77601,0.50356,1.54994,0.50585,0.40857,-0.16214,0.02717,2.69731,0.47328,1.54431,0.45886,0.46381,-0.21523,0.04251,2.60853,0.48867,1.56202,0.43058,0.48746,-0.16424
117.700000,5885,0.01262,2.78936,0.49173,1.55147,0.48982,0.42726,-0.16938,0.03692,2.68252,0.47834,1.54743,0.41253,0.48804,-0.19129,0.03953,2.62848,0.49595,1.56514,0.42615,0.49101,-0.16856
117.800000,5890,0.02444,2.75846,0.49059,1.55147,0.44405,0.45740,-0.16938,0.04530,2.60808,0.48571,1.54978,0.38168,0.51138,-0.16855,0.03643,2.64870,0.50338,1.56737,0.42201,0.49499,-0.17250
117.900000,5895,0.03779,2.69399,0.49745,1.55338,0.40895,0.47952,-0.15641,0.05374,2.57367,0.49529,1.55109,0.35103,0.54061,-0.13408,0.03304,2.66909,0.51096,1.56828,0.41827,0.49937,-0.17588
118.000000,5900,0.05038,2.63105,0.49822,1.55338,0.36813,0.52416,-0.15374,0.03856,2.59120,0.52251,1.55007,0.35658,0.54109,-0.13095,0.02914,2.68953,0.51866,1.56724,0.41511,0.50417,-0.17842
118.100000,5905,0.04275,2.62456,0.52416,1.55338,0.37195,0.53865,-0.15413,-0.00721,2.64216,0.54357,1.54800,0.43098,0.49142,-0.15242,0.02518,2.71011,0.52646,1.56539,0.41224,0.50935,-0.18062
118.200000,5910,0.01376,2.68331,0.54628,1.55338,0.40857,0.50279,-0.15832,-0.02200,2.76270,0.55191,1.54627,0.46217,0.47120,-0.19307,0.02161,2.73096,0.53433,1.56394,0.40935,0.51486,-0.18298
118.300000,5915,-0.01561,2.80538,0.55315,1.55338,0.44977,0.48792,-0.18464,-0.03385,2.84266,0.55586,1.54448,0.47845,0.46277,-0.23088,0.01818,2.75197,0.54226,1.56219,0.40662,0.52071,-0.18521
118.400000,5920,-0.03125,2.92516,0.56307,1.55338,0.47228,0.45740,-0.19075,0.00134,2.83626,0.53515,1.54189,0.42313,0.50666,-0.23787,0.01469,2.77304,0.55026,1.55960,0.40421,0.52689,-0.18710
118.500000,5925,-0.02362,2.94729,0.56345,1.55338,0.45091,0.46236,-0.18350,0.02424,2.71195,0.54112,1.53867,0.35190,0.57013,-0.18044,0.01111,2.79418,0.55831,1.55619,0.40210,0.53337,-0.18865
118.600000,5930,0.00384,2.84620,0.56116,1.55338,0.38606,0.52149,-0.17205,0.02321,2.71802,0.55138,1.53451,0.33876,0.58606,-0.15219,0.00745,2.81537,0.56641,1.55191,0.40033,0.54017,-0.18985
118.700000,5935,0.02482,2.76952,0.55811,1.54727,0.35898,0.58062,-0.17282,0.02004,2.73668,0.56258,1.52943,0.33328,0.59022,-0.14978,0.00370,2.83666,0.57456,1.54681,0.39886,0.54727,-0.19075
118.800000,5940,0.01796,2.77372,0.57489,1.54575,0.34143,0.58672,-0.16786,-0.02152,2.76145,0.59822,1.52340,0.38491,0.56448,-0.15067,-0.00015,2.85810,0.58279,1.54080,0.39770,0.55470,-0.19134
118.900000,5945,-0.00112,2.81606,0.60884,1.54041,0.37653,0.56841,-0.16137,-0.04212,2.80613,0.60873,1.51631,0.43038,0.54647,-0.18319,-0.00414,2.87980,0.59112,1.53390,0.39685,0.56247,-0.19164
119.000000,5950,-0.02896,2.87672,0.61991,1.53545,0.40743,0.54933,-0.16290,-0.05085,2.86244,0.61730,1.50828,0.44520,0.54366,-0.20335,-0.00830,2.90189,0.59959,1.52595,0.39633,0.57066,-0.19162
119.100000,5955,-0.05109,2.94576,0.62792,1.52858,0.43298,0.54781,-0.18121,-0.06731,2.99239,0.62527,1.49871,0.46808,0.53428,-0.23121,-0.01285,2.92443,0.60822,1.51642,0.39624,0.57930,-0.19114
119.200000,5960,-0.06520,3.05868,0.63440,1.51447,0.45511,0.54628,-0.21592,-0.07123,3.03858,0.61857,1.48705,0.47231,0.54069,-0.24908,-0.01798,2.94752,0.61703,1.50477,0.39670,0.58847,-0.19004
119.300000,5965,-0.06635,3.15519,0.63745,1.50989,0.47075,0.52530,-0.22432,-0.02961,2.95262,0.60951,1.47455,0.39463,0.61450,-0.23322,-0.02319,2.97227,0.62639,1.49226,0.39734,0.59853,-0.18891
119.400000,5970,-0.06177,3.11895,0.64013,1.49997,0.43260,0.54628,-0.19418,-0.01372,2.90222,0.61909,1.46076,0.34253,0.61648,-0.17157,-0.02833,2.99835,0.63584,1.47838,0.39870,0.60927,-0.18737
119.500000,5975,-0.04117,3.02320,0.63517,1.47823,0.38454,0.59053,-0.17663,-0.01332,2.91900,0.62411,1.44213,0.34933,0.61648,-0.14644,-0.03038,3.01874,0.63758,1.45975,0.40771,0.61575,-0.18115
119.600000,5980,-0.01943,2.98429,0.63898,1.44847,0.36661,0.61342,-0.17625,-0.04918,2.93487,0.64463,1.41611,0.43472,0.61648,-0.13213,-0.02833,3.03024,0.62946,1.43377,0.42708,0.61536,-0.16802
119.700000,5985,-0.02629,3.00413,0.65424,1.42215,0.42421,0.61304,-0.17473,-0.06231,2.97732,0.63764,1.38811,0.49861,0.60572,-0.15418,-0.02546,3.04101,0.62004,1.40582,0.44855,0.61368,-0.15346
119.800000,5990,-0.04842,3.05868,0.65386,1.39926,0.48830,0.60923,-0.16023,-0.06663,3.06577,0.62742,1.35953,0.53630,0.58611,-0.16499,-0.02360,3.05213,0.60975,1.37724,0.47015,0.61347,-0.13881
119.900000,5995,-0.06635,3.14871,0.64051,1.36836,0.53026,0.60274,-0.16137,-0.07391,3.15152,0.61547,1.33122,0.57326,0.56733,-0.17882,-0.02276,3.06320,0.59896,1.34893,0.49118,0.61467,-0.12453
120.000000,6000,-0.07283,3.24789,0.63593,1.34280,0.57794,0.57794,-0.16061,-0.07592,3.16852,0.60479,1.30426,0.59546,0.56752,-0.16760,-0.02220,3.07355,0.58841,1.32197,0.51111,0.61611,-0.11092
120.100000,6005,-0.07856,3.28108,0.63402,1.32182,0.60732,0.54705,-0.14421,-0.07149,3.17043,0.59413,1.29003,0.60725,0.55550,-0.15386,-0.01973,3.07195,0.57818,1.30774,0.52296,0.61257,-0.10013
120.200000,6010,-0.07627,3.27727,0.61418,1.31152,0.60694,0.54781,-0.14306,-0.06183,3.14889,0.58374,1.29868,0.60367,0.54510,-0.14721,-0.01446,3.05163,0.56775,1.31639,0.52124,0.60258,-0.09528
120.300000,6015,-0.07474,3.27154,0.60656,1.31190,0.60656,0.54705,-0.14230,-0.05614,3.12615,0.57443,1.31270,0.59925,0.53425,-0.14427,-0.00832,3.02909,0.55808,1.33041,0.51684,0.59201,-0.09273
120.400000,6020,-0.07512,3.25667,0.59893,1.32030,0.60656,0.53903,-0.14154,-0.05135,3.10614,0.56515,1.32488,0.59571,0.52309,-0.14051,-0.00271,3.00784,0.54885,1.34260,0.51300,0.58240,-0.09013
120.500000,6025,-0.07512,3.22615,0.58672,1.33021,0.60617,0.52759,-0.14077,-0.04729,3.08681,0.55579,1.33464,0.59272,0.51203,-0.13551,0.00211,2.98717,0.53974,1.35236,0.50972,0.57356,-0.08700
120.600000,6030,-0.07055,3.19067,0.57451,1.33746,0.60350,0.52110,-0.13734,-0.04443,3.06730,0.54697,1.34295,0.59123,0.50553,-0.13281,0.00650,2.96717,0.53085,1.36067,0.50687,0.56534,-0.08369
120.700000,6035,-0.06101,3.15863,0.56421,1.34624,0.60312,0.51882,-0.13467,-0.04082,3.04808,0.53812,1.35016,0.58880,0.49665,-0.12952,0.01062,2.94764,0.52211,1.36788,0.50436,0.55762,-0.08023
120.800000,6040,-0.05796,3.13269,0.55467,1.35196,0.60274,0.50852,-0.13429,-0.03637,3.02870,0.52935,1.35646,0.58600,0.48952,-0.12558,0.01454,2.92840,0.51347,1.37417,0.50215,0.55030,-0.07662
120.900000,6045,-0.05834,3.10636,0.54590,1.35997,0.60274,0.49822,-0.13353,-0.03251,3.01033,0.52076,1.36258,0.58388,0.48126,-0.12101,0.01856,2.90957,0.50500,1.38029,0.50012,0.54333,-0.07317
