t,idx,q1,q2,q3,q4,q5,q6,q7,cmd1,cmd2,cmd3,cmd4,cmd5,cmd6,cmd7,qref1,qref2,qref3,qref4,qref5,qref6,qref7
0.000000,0,-0.00035,0.00039,0.00001,0.07783,0.00039,0.00039,0.00037,0.00160,0.00310,-0.00458,0.09732,-0.00416,-0.00253,-0.00243,0.00160,0.00310,-0.00458,0.08181,-0.00416,-0.00253,-0.00243
0.100000,5,-0.00035,0.00039,0.00001,0.08851,-0.00266,-0.00114,-0.00077,0.00457,0.00019,-0.00360,0.09732,-0.00850,-0.00650,-0.00644,0.00181,0.00350,-0.00517,0.08206,-0.00471,-0.00286,-0.00275
0.200000,10,0.00537,0.00001,0.00001,0.09576,-0.00419,-0.00381,-0.00421,0.00771,-0.00241,-0.00348,0.09732,-0.01341,-0.01110,-0.01104,0.00218,0.00423,-0.00624,0.08251,-0.00568,-0.00345,-0.00332
0.300000,15,0.00537,0.00001,0.00001,0.09652,-0.00991,-0.00991,-0.00726,0.01115,-0.00443,-0.00483,0.09732,-0.01902,-0.01601,-0.01594,0.00285,0.00552,-0.00816,0.08333,-0.00742,-0.00451,-0.00434
0.400000,20,0.00575,0.00001,-0.00075,0.09652,-0.01945,-0.01525,-0.01222,0.01510,-0.00544,-0.00840,0.09894,-0.02599,-0.02173,-0.02162,0.00404,0.00783,-0.01157,0.08477,-0.01052,-0.00639,-0.00615
0.500000,25,0.01071,0.00001,-0.00114,0.09690,-0.02708,-0.02173,-0.02137,0.01977,-0.00507,-0.01565,0.10479,-0.03481,-0.02858,-0.02838,0.00594,0.01152,-0.01701,0.08708,-0.01548,-0.00939,-0.00904
0.600000,30,0.01567,0.00001,-0.00915,0.10148,-0.03280,-0.02822,-0.02671,0.02519,-0.00324,-0.02688,0.11156,-0.04559,-0.03661,-0.03629,0.00859,0.01666,-0.02461,0.09030,-0.02239,-0.01359,-0.01308
0.700000,35,0.02177,0.00001,-0.02135,0.10873,-0.04882,-0.03661,-0.03587,0.03119,-0.00030,-0.03960,0.11902,-0.05787,-0.04557,-0.04507,0.01182,0.02292,-0.03385,0.09423,-0.03080,-0.01870,-0.01800
0.800000,40,0.02635,0.00001,-0.03547,0.11750,-0.05721,-0.04577,-0.04617,0.03762,0.00349,-0.05481,0.12702,-0.07129,-0.05521,-0.05452,0.01549,0.03002,-0.04435,0.09868,-0.04035,-0.02449,-0.02358
0.900000,45,0.03131,0.00039,-0.05035,0.12323,-0.07476,-0.05454,-0.05609,0.04437,0.00789,-0.07048,0.13540,-0.08553,-0.06535,-0.06445,0.01947,0.03774,-0.05576,0.10352,-0.05072,-0.03079,-0.02964
1.000000,50,0.03856,0.00154,-0.06675,0.13238,-0.08582,-0.06332,-0.06448,0.05132,0.01269,-0.08718,0.14402,-0.10030,-0.07581,-0.07469,0.02365,0.04586,-0.06774,0.10860,-0.06163,-0.03741,-0.03601
1.100000,55,0.04428,0.00497,-0.08239,0.14077,-0.10337,-0.07590,-0.07630,0.05838,0.01771,-0.10245,0.15279,-0.11537,-0.08646,-0.08510,0.02796,0.05420,-0.08006,0.11382,-0.07283,-0.04421,-0.04256
1.200000,60,0.05229,0.01145,-0.09917,0.14840,-0.11672,-0.08392,-0.08660,0.06551,0.02284,-0.11740,0.16163,-0.13060,-0.09720,-0.09561,0.03231,0.06264,-0.09254,0.11912,-0.08419,-0.05111,-0.04920
1.300000,65,0.05801,0.01832,-0.11443,0.15870,-0.13427,-0.09689,-0.09843,0.07266,0.02802,-0.13342,0.17049,-0.14588,-0.10797,-0.10614,0.03670,0.07114,-0.10509,0.12444,-0.09560,-0.05804,-0.05587
1.400000,70,0.06335,0.02213,-0.13122,0.16633,-0.14686,-0.10642,-0.10759,0.07981,0.03321,-0.14965,0.17936,-0.16118,-0.11876,-0.11670,0.04108,0.07965,-0.11766,0.12977,-0.10704,-0.06498,-0.06255
1.500000,75,0.07060,0.02557,-0.14762,0.17473,-0.16288,-0.11558,-0.11750,0.08697,0.03840,-0.16648,0.18824,-0.17648,-0.12955,-0.12724,0.04547,0.08816,-0.13023,0.13510,-0.11847,-0.07192,-0.06923
1.600000,80,0.07670,0.03167,-0.16441,0.18388,-0.18081,-0.12779,-0.12780,0.09135,0.04691,-0.17999,0.19357,-0.18791,-0.13649,-0.13392,0.04986,0.09666,-0.14279,0.14043,-0.12990,-0.07886,-0.07591
1.700000,85,0.08052,0.03968,-0.17852,0.18731,-0.19035,-0.13313,-0.13505,0.09574,0.05541,-0.19312,0.19889,-0.19933,-0.14343,-0.14060,0.05424,0.10516,-0.15534,0.14576,-0.14132,-0.08579,-0.08259
1.800000,90,0.08433,0.04846,-0.19225,0.19227,-0.20370,-0.13770,-0.14001,0.10012,0.06391,-0.20606,0.20422,-0.21076,-0.15037,-0.14727,0.05863,0.11366,-0.16790,0.15108,-0.15274,-0.09273,-0.08926
1.900000,95,0.08891,0.05609,-0.20561,0.19800,-0.21324,-0.14686,-0.14878,0.10451,0.07241,-0.21995,0.20954,-0.22218,-0.15731,-0.15395,0.06301,0.12216,-0.18046,0.15641,-0.16417,-0.09966,-0.09594
2.000000,100,0.09158,0.06410,-0.21934,0.20410,-0.22239,-0.15449,-0.15603,0.10890,0.08092,-0.23289,0.21487,-0.23361,-0.16426,-0.16063,0.06740,0.13067,-0.19302,0.16174,-0.17560,-0.10660,-0.10262
2.100000,105,0.09387,0.07211,-0.23231,0.20906,-0.23689,-0.15983,-0.16214,0.11329,0.08943,-0.24678,0.22021,-0.24505,-0.17121,-0.16731,0.07179,0.13918,-0.20560,0.16707,-0.18704,-0.11355,-0.10930
2.200000,110,0.09997,0.08012,-0.24719,0.21440,-0.24566,-0.16517,-0.16748,0.11768,0.09795,-0.26137,0.22554,-0.25650,-0.17816,-0.17400,0.07619,0.14770,-0.21818,0.17241,-0.19849,-0.12050,-0.11599
2.300000,115,0.10684,0.08851,-0.26206,0.22050,-0.26206,-0.17509,-0.17473,0.12208,0.10647,-0.27459,0.23089,-0.26796,-0.18512,-0.18070,0.08059,0.15623,-0.23078,0.17775,-0.20995,-0.12745,-0.12269
2.400000,120,0.10837,0.09576,-0.27580,0.22622,-0.26931,-0.18005,-0.18121,0.12648,0.11501,-0.28726,0.23624,-0.27944,-0.19210,-0.18741,0.08499,0.16477,-0.24340,0.18310,-0.22143,-0.13442,-0.12940
2.500000,125,0.10837,0.10415,-0.28877,0.22889,-0.28457,-0.18653,-0.18846,0.13090,0.12357,-0.30008,0.24160,-0.29093,-0.19910,-0.19413,0.08940,0.17332,-0.25603,0.18846,-0.23292,-0.14140,-0.13611
2.600000,130,0.11371,0.11140,-0.30250,0.23347,-0.29296,-0.19264,-0.19227,0.13532,0.13214,-0.31433,0.24697,-0.30245,-0.20608,-0.20086,0.09382,0.18189,-0.26869,0.19383,-0.24444,-0.14839,-0.14284
2.700000,135,0.12248,0.11979,-0.31623,0.23996,-0.30632,-0.20141,-0.19990,0.13975,0.14072,-0.32805,0.25235,-0.31399,-0.21309,-0.20760,0.09825,0.19048,-0.28137,0.19921,-0.25598,-0.15540,-0.14959
2.800000,140,0.12515,0.12780,-0.32882,0.24721,-0.31776,-0.20904,-0.20753,0.14418,0.14933,-0.34153,0.25774,-0.32555,-0.22011,-0.21436,0.10269,0.19908,-0.29408,0.20460,-0.26754,-0.16242,-0.15635
2.900000,145,0.12515,0.13620,-0.34370,0.24911,-0.32577,-0.21362,-0.21516,0.14863,0.15796,-0.35534,0.26314,-0.33715,-0.22717,-0.22113,0.10714,0.20771,-0.30683,0.21001,-0.27914,-0.16946,-0.16312
3.000000,150,0.12897,0.14535,-0.35743,0.25522,-0.34141,-0.22048,-0.22203,0.15310,0.16661,-0.36904,0.26857,-0.34878,-0.23422,-0.22793,0.11160,0.21636,-0.31961,0.21543,-0.29076,-0.17651,-0.16992
3.100000,155,0.13888,0.15298,-0.37193,0.26208,-0.34942,-0.23040,-0.22928,0.15757,0.17529,-0.38310,0.27400,-0.36044,-0.24130,-0.23474,0.11608,0.22504,-0.33243,0.22087,-0.30243,-0.18359,-0.17673
3.200000,160,0.14270,0.16023,-0.38643,0.26971,-0.36735,-0.23689,-0.23538,0.16207,0.18400,-0.39580,0.27946,-0.37214,-0.24842,-0.24158,0.12057,0.23375,-0.34530,0.22632,-0.31413,-0.19070,-0.18357
3.300000,165,0.14651,0.16900,-0.39978,0.27276,-0.37384,-0.24070,-0.24110,0.16657,0.19274,-0.40980,0.28494,-0.38389,-0.25556,-0.24845,0.12508,0.24249,-0.35821,0.23180,-0.32588,-0.19783,-0.19043
3.400000,170,0.15033,0.17778,-0.41389,0.27772,-0.38910,-0.24719,-0.24759,0.17110,0.20151,-0.42249,0.29043,-0.39568,-0.26274,-0.25534,0.12961,0.25126,-0.37117,0.23730,-0.33767,-0.20499,-0.19733
3.500000,175,0.15567,0.18617,-0.42686,0.28421,-0.39749,-0.25787,-0.25407,0.17565,0.21032,-0.43799,0.29595,-0.40752,-0.26991,-0.26226,0.13415,0.26007,-0.38418,0.24282,-0.34951,-0.21218,-0.20424
3.600000,180,0.15796,0.19227,-0.44136,0.28993,-0.41198,-0.26283,-0.26285,0.18021,0.21917,-0.45048,0.30150,-0.41941,-0.27716,-0.26921,0.13872,0.26893,-0.39726,0.24836,-0.36140,-0.21940,-0.21120
3.700000,185,0.16063,0.20219,-0.45433,0.29565,-0.42267,-0.27008,-0.26895,0.18480,0.22807,-0.46502,0.30707,-0.43137,-0.28440,-0.27619,0.14331,0.27782,-0.41040,0.25394,-0.37335,-0.22665,-0.21818
3.800000,190,0.16635,0.21058,-0.46997,0.30099,-0.43449,-0.27732,-0.27620,0.18941,0.23701,-0.47848,0.31267,-0.44338,-0.29171,-0.28321,0.14792,0.28676,-0.42360,0.25954,-0.38537,-0.23395,-0.22520
3.900000,195,0.17322,0.21936,-0.48408,0.30786,-0.44822,-0.28610,-0.28497,0.19405,0.24600,-0.49247,0.31831,-0.45546,-0.29905,-0.29027,0.15255,0.29575,-0.43688,0.26517,-0.39745,-0.24128,-0.23226
4.000000,200,0.17513,0.22813,-0.49858,0.31473,-0.45776,-0.29182,-0.28879,0.19871,0.25504,-0.50619,0.32397,-0.46761,-0.30643,-0.29737,0.15722,0.30479,-0.45024,0.27084,-0.40960,-0.24866,-0.23936
4.100000,205,0.17741,0.23652,-0.51308,0.31740,-0.47264,-0.29907,-0.29527,0.20340,0.26413,-0.52082,0.32967,-0.47984,-0.31386,-0.30452,0.16191,0.31389,-0.46368,0.27654,-0.42183,-0.25608,-0.24651
4.200000,210,0.18428,0.24530,-0.52757,0.32388,-0.48256,-0.30746,-0.30290,0.20813,0.27329,-0.53501,0.33541,-0.49214,-0.32133,-0.31171,0.16663,0.32305,-0.47720,0.28227,-0.43413,-0.26355,-0.25370
4.300000,215,0.19191,0.25407,-0.54169,0.33151,-0.49820,-0.31585,-0.31206,0.21288,0.28251,-0.54878,0.34119,-0.50454,-0.32887,-0.31895,0.17139,0.33227,-0.49083,0.28805,-0.44653,-0.27107,-0.26094
4.400000,220,0.19420,0.26285,-0.55695,0.33723,-0.50621,-0.32157,-0.31663,0.21768,0.29180,-0.56357,0.34701,-0.51702,-0.33644,-0.32625,0.17618,0.34156,-0.50455,0.29387,-0.45901,-0.27865,-0.26824
4.500000,225,0.19725,0.27238,-0.57106,0.34143,-0.52414,-0.32959,-0.32579,0.22251,0.30117,-0.57768,0.35287,-0.52960,-0.34410,-0.33360,0.18101,0.35092,-0.51838,0.29974,-0.47159,-0.28629,-0.27559
4.600000,230,0.20412,0.28192,-0.58594,0.34906,-0.53177,-0.33912,-0.33494,0.22737,0.31060,-0.59254,0.35879,-0.54229,-0.35179,-0.34101,0.18588,0.36036,-0.53232,0.30565,-0.48428,-0.29399,-0.28300
4.700000,235,0.20755,0.28993,-0.60081,0.35516,-0.54932,-0.34446,-0.34067,0.23229,0.32013,-0.60643,0.36475,-0.55508,-0.35958,-0.34849,0.19079,0.36988,-0.54639,0.31162,-0.49707,-0.30176,-0.29048
4.800000,240,0.20869,0.29947,-0.61646,0.36127,-0.55733,-0.35324,-0.34601,0.23724,0.32973,-0.62237,0.37077,-0.56799,-0.36741,-0.35604,0.19575,0.37949,-0.56058,0.31764,-0.50998,-0.30960,-0.29802
4.900000,245,0.21404,0.30862,-0.63133,0.36699,-0.57373,-0.36125,-0.35402,0.24225,0.33943,-0.63694,0.37685,-0.58103,-0.37533,-0.36365,0.20075,0.38919,-0.57491,0.32372,-0.52302,-0.31751,-0.30564
5.000000,250,0.22395,0.31930,-0.64621,0.37424,-0.58403,-0.36964,-0.36203,0.24730,0.34923,-0.65184,0.38299,-0.59420,-0.38334,-0.37135,0.20581,0.39899,-0.58939,0.32986,-0.53619,-0.32550,-0.31334
5.100000,255,0.22777,0.32770,-0.66185,0.37996,-0.60120,-0.37689,-0.36851,0.25241,0.35914,-0.66660,0.38920,-0.60751,-0.39143,-0.37913,0.21092,0.40889,-0.60402,0.33606,-0.54950,-0.33359,-0.32112
5.200000,260,0.23082,0.33609,-0.67711,0.38568,-0.61035,-0.38681,-0.37576,0.25758,0.36916,-0.68296,0.39548,-0.62098,-0.39960,-0.38700,0.21608,0.41891,-0.61882,0.34234,-0.56297,-0.34176,-0.32899
5.300000,265,0.23769,0.34677,-0.69351,0.39331,-0.62866,-0.39482,-0.38568,0.26281,0.37930,-0.69772,0.40183,-0.63460,-0.40788,-0.39496,0.22131,0.42905,-0.63379,0.34869,-0.57659,-0.35003,-0.33695
5.400000,270,0.24188,0.35745,-0.70877,0.39980,-0.63973,-0.40283,-0.39445,0.26810,0.38956,-0.71355,0.40826,-0.64840,-0.41626,-0.40302,0.22661,0.43931,-0.64896,0.35512,-0.59039,-0.35841,-0.34501
5.500000,275,0.24417,0.36775,-0.72594,0.40437,-0.65498,-0.41122,-0.40170,0.27347,0.39996,-0.72974,0.41478,-0.66238,-0.42476,-0.41119,0.23197,0.44972,-0.66433,0.36164,-0.60437,-0.36689,-0.35318
5.600000,280,0.25218,0.37767,-0.74196,0.41238,-0.66567,-0.41961,-0.40895,0.27891,0.41051,-0.74579,0.42139,-0.67655,-0.43337,-0.41947,0.23742,0.46027,-0.67991,0.36825,-0.61854,-0.37550,-0.36146
5.700000,285,0.25791,0.38644,-0.75760,0.42078,-0.68436,-0.42877,-0.41696,0.28443,0.42122,-0.76217,0.42810,-0.69094,-0.44211,-0.42788,0.24294,0.47097,-0.69572,0.37496,-0.63293,-0.38423,-0.36987
5.800000,290,0.26134,0.39713,-0.77515,0.42726,-0.69771,-0.43869,-0.42383,0.29004,0.43209,-0.77905,0.43491,-0.70556,-0.45099,-0.43642,0.24855,0.48185,-0.71179,0.38177,-0.64754,-0.39310,-0.37841
5.900000,295,0.26897,0.41086,-0.79270,0.43413,-0.71182,-0.44746,-0.43222,0.29574,0.44315,-0.79579,0.44184,-0.72041,-0.46000,-0.44511,0.25425,0.49290,-0.72812,0.38870,-0.66240,-0.40212,-0.38709
6.000000,300,0.27507,0.41963,-0.80872,0.44099,-0.73090,-0.45624,-0.44405,0.30155,0.45441,-0.81286,0.44889,-0.73553,-0.46921,-0.45395,0.26006,0.50416,-0.74475,0.39575,-0.67753,-0.41131,-0.39594
6.100000,305,0.27965,0.43031,-0.82741,0.45015,-0.74120,-0.46692,-0.45053,0.30748,0.46590,-0.83105,0.45609,-0.75098,-0.47859,-0.46297,0.26599,0.51565,-0.76173,0.40295,-0.69297,-0.42068,-0.40496
6.200000,310,0.28575,0.44176,-0.84534,0.45664,-0.75989,-0.47493,-0.46045,0.31355,0.47767,-0.84878,0.46346,-0.76679,-0.48820,-0.47221,0.27206,0.52742,-0.77911,0.41033,-0.70879,-0.43028,-0.41420
6.300000,315,0.29109,0.45473,-0.86327,0.46388,-0.77439,-0.48561,-0.47037,0.31980,0.48978,-0.86730,0.47105,-0.78307,-0.49809,-0.48173,0.27830,0.53953,-0.79700,0.41792,-0.72507,-0.44017,-0.42371
6.400000,320,0.29338,0.46579,-0.88234,0.47189,-0.79041,-0.49476,-0.47609,0.32627,0.50233,-0.88651,0.47892,-0.79993,-0.50834,-0.49158,0.28478,0.55208,-0.81554,0.42578,-0.74193,-0.45041,-0.43357
6.500000,325,0.30216,0.47685,-0.90104,0.47914,-0.80986,-0.50392,-0.48525,0.33304,0.51544,-0.90611,0.48713,-0.81753,-0.51905,-0.50188,0.29154,0.56520,-0.83491,0.43400,-0.75956,-0.46110,-0.44387
6.600000,330,0.31131,0.49059,-0.92049,0.48944,-0.82474,-0.51842,-0.49783,0.34016,0.52925,-0.92785,0.49578,-0.83609,-0.53031,-0.51272,0.29866,0.57901,-0.85531,0.44265,-0.77811,-0.47237,-0.45471
6.700000,335,0.31932,0.50432,-0.94262,0.49669,-0.84343,-0.52833,-0.51004,0.34770,0.54388,-0.95047,0.50495,-0.85574,-0.54225,-0.52421,0.30621,0.59363,-0.87691,0.45181,-0.79776,-0.48430,-0.46620
6.800000,340,0.32504,0.51882,-0.96551,0.50775,-0.86556,-0.54245,-0.52149,0.35570,0.55938,-0.97444,0.51466,-0.87656,-0.55491,-0.53639,0.31421,0.60913,-0.89982,0.46153,-0.81860,-0.49695,-0.47837
6.900000,345,0.33267,0.53408,-0.99183,0.51882,-0.88997,-0.55351,-0.53140,0.36415,0.57577,-0.99967,0.52493,-0.89858,-0.56830,-0.54925,0.32266,0.62552,-0.92402,0.47179,-0.84062,-0.51032,-0.49124
7.000000,350,0.34107,0.55200,-1.01739,0.52988,-0.91210,-0.56877,-0.54590,0.37301,0.59295,-1.02570,0.53569,-0.92166,-0.58232,-0.56274,0.33152,0.64270,-0.94940,0.48256,-0.86371,-0.52433,-0.50473
7.100000,355,0.35137,0.56841,-1.04333,0.54018,-0.93270,-0.58250,-0.55849,0.38221,0.61078,-1.05289,0.54686,-0.94561,-0.59687,-0.57675,0.34071,0.66053,-0.97574,0.49373,-0.88767,-0.53888,-0.51873
7.200000,360,0.36052,0.58596,-1.07156,0.55277,-0.95940,-0.59814,-0.57413,0.39165,0.62909,-1.08026,0.55833,-0.97021,-0.61182,-0.59113,0.35016,0.67884,-1.00278,0.50520,-0.91228,-0.55381,-0.53311
7.300000,365,0.37082,0.60350,-1.09826,0.56383,-0.98229,-0.61188,-0.58748,0.40126,0.64771,-1.10857,0.57001,-0.99524,-0.62702,-0.60576,0.35977,0.69747,-1.03030,0.51687,-0.93731,-0.56901,-0.54774
7.400000,370,0.37921,0.62334,-1.12840,0.57680,-1.00823,-0.62866,-0.60198,0.41097,0.66654,-1.13647,0.58180,-1.02053,-0.64238,-0.62054,0.36948,0.71629,-1.05810,0.52866,-0.96260,-0.58437,-0.56253
7.500000,375,0.38837,0.64203,-1.15777,0.58901,-1.03722,-0.64545,-0.61686,0.42073,0.68546,-1.16495,0.59366,-1.04594,-0.65782,-0.63540,0.37924,0.73521,-1.08606,0.54052,-0.98804,-0.59981,-0.57739
7.600000,380,0.39943,0.66149,-1.18791,0.60198,-1.06049,-0.65994,-0.63288,0.43052,0.70443,-1.19347,0.60554,-1.07144,-0.67330,-0.65030,0.38903,0.75418,-1.11409,0.55241,-1.01353,-0.61528,-0.59229
7.700000,385,0.41011,0.67980,-1.21423,0.61380,-1.08453,-0.67749,-0.64508,0.44032,0.72342,-1.22179,0.61744,-1.09694,-0.68879,-0.66521,0.39882,0.77318,-1.14214,0.56431,-1.03906,-0.63078,-0.60720
7.800000,390,0.41889,0.69735,-1.24322,0.62601,-1.11314,-0.69199,-0.65882,0.45011,0.74242,-1.25043,0.62934,-1.12245,-0.70428,-0.68013,0.40862,0.79217,-1.17020,0.57621,-1.06458,-0.64627,-0.62212
7.900000,395,0.42690,0.71718,-1.27297,0.63936,-1.13908,-0.70877,-0.67713,0.45990,0.76139,-1.27882,0.64123,-1.14795,-0.71977,-0.69503,0.41841,0.81115,-1.19823,0.58810,-1.09008,-0.66175,-0.63702
8.000000,400,0.43834,0.73549,-1.30120,0.65081,-1.16349,-0.72441,-0.69086,0.46967,0.78034,-1.30708,0.65310,-1.17339,-0.73522,-0.70991,0.42818,0.83009,-1.22621,0.59997,-1.11554,-0.67721,-0.65190
8.100000,405,0.45169,0.75648,-1.33172,0.66378,-1.19096,-0.73967,-0.70650,0.47941,0.79922,-1.33501,0.66493,-1.19877,-0.74798,-0.72474,0.43792,0.84897,-1.25411,0.61180,-1.14092,-0.69262,-0.66673
8.200000,410,0.45971,0.77364,-1.35804,0.67560,-1.21613,-0.75112,-0.72062,0.48910,0.81799,-1.35458,0.67670,-1.22398,-0.74798,-0.73948,0.44760,0.86775,-1.28184,0.62356,-1.16615,-0.70793,-0.68147
8.300000,415,0.46734,0.79119,-1.37597,0.68819,-1.24322,-0.75417,-0.73511,0.49869,0.83660,-1.35458,0.68835,-1.24896,-0.74798,-0.75409,0.45720,0.88635,-1.30932,0.63522,-1.19114,-0.72311,-0.69608
8.400000,420,0.47878,0.81026,-1.38017,0.69964,-1.26649,-0.75455,-0.75037,0.50810,0.85489,-1.35458,0.69998,-1.27346,-0.74798,-0.76845,0.46660,0.90464,-1.33630,0.64684,-1.21564,-0.73795,-0.71044
8.500000,425,0.49022,0.82934,-1.38093,0.71108,-1.28938,-0.75493,-0.76410,0.51205,0.86808,-1.35458,0.72248,-1.28303,-0.74798,-0.77782,0.47056,0.91783,-1.35226,0.66934,-1.22558,-0.74177,-0.71981
8.600000,430,0.49328,0.84574,-1.38093,0.73702,-1.29396,-0.75493,-0.77135,0.50751,0.87617,-1.35458,0.76202,-1.27152,-0.74798,-0.77978,0.46602,0.92592,-1.35123,0.70888,-1.21405,-0.72930,-0.72177
8.700000,435,0.49251,0.85299,-1.38093,0.77631,-1.28556,-0.75455,-0.77517,0.50245,0.88374,-1.35458,0.80189,-1.25872,-0.74798,-0.78149,0.46095,0.93349,-1.34892,0.74875,-1.20113,-0.71632,-0.72348
8.800000,440,0.49175,0.85604,-1.38093,0.81827,-1.27870,-0.75493,-0.77555,0.49755,0.89059,-1.35458,0.84049,-1.24603,-0.74798,-0.78356,0.45606,0.94034,-1.34665,0.78735,-1.18837,-0.70411,-0.72555
8.900000,445,0.48603,0.86405,-1.38131,0.85642,-1.26611,-0.75493,-0.77936,0.49290,0.89579,-1.35458,0.87763,-1.23325,-0.74798,-0.78592,0.45140,0.94554,-1.34440,0.82449,-1.17551,-0.69253,-0.72791
9.000000,450,0.48221,0.87321,-1.38131,0.89190,-1.25085,-0.75379,-0.78509,0.48848,0.89953,-1.35458,0.91321,-1.22047,-0.73966,-0.78857,0.44699,0.94928,-1.34217,0.86007,-1.16269,-0.68165,-0.73055
9.100000,455,0.48107,0.87931,-1.38131,0.92738,-1.23368,-0.74768,-0.78737,0.48429,0.90214,-1.35458,0.94716,-1.20793,-0.72955,-0.79146,0.44280,0.95190,-1.33996,0.89402,-1.15009,-0.67153,-0.73344
9.200000,460,0.47878,0.88198,-1.38131,0.95828,-1.22338,-0.73624,-0.79081,0.48032,0.90366,-1.35458,0.97946,-1.19563,-0.72018,-0.79456,0.43883,0.95341,-1.33776,0.92632,-1.13774,-0.66217,-0.73655
9.300000,465,0.47039,0.88198,-1.38131,0.99146,-1.20698,-0.72975,-0.79348,0.47656,0.90410,-1.35458,1.01013,-1.18358,-0.71155,-0.79787,0.43507,0.95385,-1.33558,0.95699,-1.12567,-0.65354,-0.73986
9.400000,470,0.46505,0.88198,-1.38131,1.02007,-1.19706,-0.72098,-0.79806,0.47300,0.90352,-1.35458,1.03923,-1.17182,-0.70362,-0.80135,0.43151,0.95327,-1.33341,0.98609,-1.11387,-0.64561,-0.74334
9.500000,475,0.46505,0.88198,-1.38131,1.04907,-1.18028,-0.70992,-0.80225,0.46963,0.90196,-1.35458,1.06681,-1.16035,-0.69635,-0.80498,0.42814,0.95171,-1.33125,1.01367,-1.10237,-0.63833,-0.74697
9.600000,480,0.46428,0.88198,-1.38131,1.07615,-1.17227,-0.70343,-0.80874,0.46643,0.89946,-1.35458,1.09295,-1.14914,-0.68970,-0.80875,0.42494,0.94921,-1.32910,1.03982,-1.09114,-0.63169,-0.75074
9.700000,485,0.45856,0.88198,-1.38131,1.10171,-1.15586,-0.69809,-0.81026,0.46339,0.89606,-1.35458,1.11772,-1.13821,-0.68366,-0.81264,0.42190,0.94581,-1.32695,1.06458,-1.08020,-0.62565,-0.75463
9.800000,490,0.45322,0.88160,-1.38131,1.12422,-1.14709,-0.68932,-0.81293,0.46050,0.89180,-1.35458,1.14117,-1.12754,-0.67819,-0.81665,0.41900,0.94155,-1.32482,1.08803,-1.06953,-0.62018,-0.75863
9.900000,495,0.45360,0.88160,-1.38131,1.14749,-1.13488,-0.68321,-0.81675,0.45775,0.88671,-1.35458,1.16335,-1.11716,-0.67326,-0.82075,0.41625,0.93646,-1.32270,1.11021,-1.05915,-0.61525,-0.76273
10.000000,500,0.45017,0.88122,-1.38131,1.16771,-1.12344,-0.67864,-0.82056,0.45513,0.88081,-1.35458,1.18430,-1.10705,-0.66886,-0.82494,0.41364,0.93056,-1.32060,1.13116,-1.04904,-0.61085,-0.76692
10.100000,505,0.44826,0.87855,-1.38131,1.18754,-1.11237,-0.67444,-0.82552,0.45264,0.87416,-1.35458,1.20408,-1.09723,-0.66495,-0.82920,0.41115,0.92391,-1.31851,1.15094,-1.03922,-0.60694,-0.77118
10.200000,510,0.44826,0.87397,-1.38131,1.20700,-1.10055,-0.67177,-0.83163,0.45029,0.86658,-1.35324,1.22257,-1.08768,-0.66155,-0.83351,0.40880,0.91633,-1.31645,1.16943,-1.02967,-0.60353,-0.77550
10.300000,515,0.44788,0.86672,-1.38131,1.22188,-1.09330,-0.66834,-0.83773,0.44817,0.85735,-1.35039,1.23926,-1.07836,-0.65868,-0.83784,0.40668,0.90710,-1.31442,1.18612,-1.02035,-0.60067,-0.77983
10.400000,520,0.44521,0.85528,-1.38093,1.23942,-1.07995,-0.66414,-0.84231,0.44620,0.84703,-1.34776,1.25461,-1.06929,-0.65630,-0.84220,0.40471,0.89678,-1.31242,1.20147,-1.01128,-0.59829,-0.78419
10.500000,525,0.43720,0.84460,-1.38093,1.25354,-1.07079,-0.66109,-0.84650,0.44424,0.83669,-1.34453,1.26952,-1.06051,-0.65427,-0.84666,0.40275,0.88645,-1.31043,1.21638,-1.00249,-0.59626,-0.78864
10.600000,530,0.43720,0.83620,-1.38093,1.26880,-1.06393,-0.65689,-0.85337,0.44228,0.82640,-1.34016,1.28406,-1.05200,-0.65259,-0.85121,0.40078,0.87615,-1.30846,1.23092,-0.99398,-0.59458,-0.79320
10.700000,535,0.43644,0.82743,-1.38055,1.28215,-1.05057,-0.65613,-0.85833,0.44038,0.81554,-1.33804,1.29777,-1.04373,-0.65130,-0.85583,0.39889,0.86529,-1.30651,1.24463,-0.98572,-0.59329,-0.79781
10.800000,540,0.43644,0.81789,-1.37979,1.29397,-1.04256,-0.65537,-0.86443,0.43857,0.80399,-1.33535,1.31056,-1.03572,-0.65040,-0.86048,0.39708,0.85374,-1.30460,1.25742,-0.97771,-0.59239,-0.80247
10.900000,545,0.43224,0.80569,-1.37864,1.30771,-1.03799,-0.65384,-0.86634,0.43684,0.79177,-1.33160,1.32243,-1.02797,-0.64988,-0.86516,0.39535,0.84153,-1.30272,1.26929,-0.96996,-0.59187,-0.80715
11.000000,550,0.43148,0.79386,-1.37445,1.31839,-1.02387,-0.65308,-0.87130,0.43520,0.77891,-1.32935,1.33338,-1.02049,-0.64973,-0.86987,0.39371,0.82866,-1.30089,1.28024,-0.96248,-0.59172,-0.81186
11.100000,555,0.43148,0.78356,-1.36796,1.32754,-1.01853,-0.65346,-0.87664,0.43365,0.76543,-1.32602,1.34340,-1.01330,-0.64995,-0.87458,0.39215,0.81518,-1.29910,1.29027,-0.95528,-0.59194,-0.81657
11.200000,560,0.43148,0.77212,-1.36644,1.33823,-1.01433,-0.65308,-0.88045,0.43218,0.75135,-1.32322,1.35251,-1.00639,-0.65052,-0.87928,0.39068,0.80110,-1.29737,1.29937,-0.94838,-0.59250,-0.82127
11.300000,565,0.42766,0.75609,-1.36148,1.34700,-1.00289,-0.65308,-0.88770,0.43079,0.73669,-1.32137,1.36069,-0.99979,-0.65143,-0.88398,0.38930,0.78644,-1.29570,1.30756,-0.94177,-0.59341,-0.82596
11.400000,570,0.42194,0.74236,-1.36033,1.35425,-0.99373,-0.65308,-0.89228,0.42949,0.72148,-1.32009,1.36797,-0.99348,-0.65266,-0.88864,0.38800,0.77124,-1.29409,1.31483,-0.93547,-0.59465,-0.83063
11.500000,575,0.42003,0.72977,-1.35881,1.35883,-0.98992,-0.65346,-0.89648,0.42828,0.70574,-1.31777,1.37433,-0.98749,-0.65422,-0.89328,0.38678,0.75549,-1.29255,1.32119,-0.92948,-0.59621,-0.83527
11.600000,580,0.42003,0.71413,-1.35347,1.36531,-0.98534,-0.65384,-0.90258,0.42715,0.68946,-1.31566,1.37976,-0.98182,-0.65609,-0.89788,0.38566,0.73922,-1.29108,1.32662,-0.92381,-0.59808,-0.83987
11.700000,585,0.42003,0.69773,-1.35156,1.37027,-0.97581,-0.65537,-0.90907,0.42611,0.67270,-1.31411,1.38430,-0.97646,-0.65825,-0.90243,0.38462,0.72245,-1.28969,1.33116,-0.91845,-0.60024,-0.84442
11.800000,590,0.41965,0.68361,-1.34965,1.37218,-0.96856,-0.65651,-0.91479,0.42516,0.65546,-1.31326,1.38794,-0.97142,-0.66068,-0.90692,0.38367,0.70521,-1.28838,1.33481,-0.91341,-0.60267,-0.84891
11.900000,595,0.41736,0.66645,-1.34660,1.37675,-0.96627,-0.65765,-0.91937,0.42429,0.63775,-1.31136,1.39070,-0.96670,-0.66339,-0.91136,0.38280,0.68750,-1.28715,1.33757,-0.90868,-0.60538,-0.85335
12.000000,600,0.41736,0.64814,-1.34584,1.37866,-0.96360,-0.65842,-0.92127,0.42351,0.61959,-1.31131,1.39258,-0.96228,-0.66635,-0.91574,0.38202,0.66934,-1.28600,1.33944,-0.90427,-0.60833,-0.85773
12.100000,605,0.41736,0.63288,-1.34584,1.37981,-0.96016,-0.66338,-0.92547,0.42282,0.60098,-1.31212,1.39358,-0.95819,-0.66955,-0.92005,0.38133,0.65073,-1.28494,1.34044,-0.90017,-0.61154,-0.86204
12.200000,610,0.41698,0.61418,-1.34584,1.38057,-0.95139,-0.66567,-0.93195,0.42222,0.58193,-1.31130,1.39369,-0.95440,-0.67298,-0.92429,0.38073,0.63168,-1.28397,1.34056,-0.89639,-0.61497,-0.86628
12.300000,615,0.41545,0.59549,-1.34507,1.38057,-0.94452,-0.67062,-0.93653,0.42171,0.56243,-1.31105,1.39293,-0.95092,-0.67664,-0.92846,0.38021,0.61218,-1.28308,1.33979,-0.89291,-0.61863,-0.87045
12.400000,620,0.41507,0.57718,-1.34126,1.38057,-0.94262,-0.67482,-0.94073,0.42129,0.54250,-1.30990,1.39128,-0.94775,-0.68051,-0.93255,0.37979,0.59226,-1.28229,1.33814,-0.88973,-0.62250,-0.87454
12.500000,625,0.41469,0.55849,-1.33935,1.38057,-0.94071,-0.67940,-0.94378,0.42097,0.52216,-1.30926,1.38872,-0.94488,-0.68458,-0.93656,0.37947,0.57191,-1.28159,1.33558,-0.88687,-0.62657,-0.87855
12.600000,630,0.41469,0.53942,-1.33821,1.38057,-0.93957,-0.68207,-0.94683,0.42085,0.50154,-1.30942,1.38474,-0.94246,-0.68877,-0.94031,0.37936,0.55130,-1.28106,1.33160,-0.88445,-0.63076,-0.88230
12.700000,635,0.41507,0.51996,-1.33630,1.38019,-0.93728,-0.68627,-0.95065,0.42101,0.48079,-1.30987,1.37899,-0.94056,-0.69301,-0.94368,0.37952,0.53055,-1.28074,1.32585,-0.88255,-0.63500,-0.88567
12.800000,640,0.41507,0.49860,-1.33477,1.37675,-0.93651,-0.69084,-0.95561,0.42123,0.45968,-1.31041,1.37259,-0.93889,-0.69742,-0.94702,0.37974,0.50943,-1.28048,1.31945,-0.88088,-0.63941,-0.88901
12.900000,645,0.41469,0.47838,-1.33477,1.37103,-0.93461,-0.69580,-0.95942,0.42133,0.43798,-1.31154,1.36643,-0.93722,-0.70211,-0.95064,0.37983,0.48773,-1.28017,1.31329,-0.87921,-0.64409,-0.89262
13.000000,650,0.41469,0.45892,-1.33477,1.36417,-0.93270,-0.70229,-0.96629,0.42143,0.41579,-1.31237,1.35982,-0.93574,-0.70700,-0.95432,0.37994,0.46554,-1.27989,1.30669,-0.87773,-0.64899,-0.89631
13.100000,655,0.41469,0.43642,-1.33477,1.35730,-0.92927,-0.70610,-0.96743,0.42163,0.39307,-1.31370,1.35227,-0.93453,-0.71207,-0.95795,0.38014,0.44283,-1.27970,1.29913,-0.87651,-0.65405,-0.89994
13.200000,660,0.41507,0.41505,-1.33477,1.34967,-0.92888,-0.70992,-0.97125,0.42196,0.36965,-1.31433,1.34360,-0.93360,-0.71734,-0.96153,0.38047,0.41940,-1.27960,1.29047,-0.87558,-0.65933,-0.90352
13.300000,665,0.41469,0.39217,-1.33477,1.34051,-0.92316,-0.71411,-0.97430,0.42248,0.34535,-1.31718,1.33338,-0.93301,-0.72281,-0.96499,0.38099,0.39510,-1.27965,1.28024,-0.87500,-0.66480,-0.90697
13.400000,670,0.41469,0.36966,-1.33477,1.33060,-0.92202,-0.71945,-0.97773,0.42333,0.32014,-1.31847,1.32086,-0.93290,-0.72845,-0.96816,0.38184,0.36989,-1.27992,1.26773,-0.87489,-0.67043,-0.91015
13.500000,675,0.41507,0.34563,-1.33477,1.31915,-0.92202,-0.72785,-0.98193,0.42424,0.29344,-1.31885,1.30710,-0.93304,-0.73451,-0.97149,0.38275,0.34319,-1.28024,1.25396,-0.87503,-0.67649,-0.91348
13.600000,680,0.41507,0.31930,-1.33477,1.30542,-0.92125,-0.73319,-0.98574,0.42466,0.27149,-1.30680,1.30194,-0.93121,-0.73901,-0.97493,0.38317,0.32124,-1.27883,1.24881,-0.87320,-0.68100,-0.91692
13.700000,685,0.41469,0.29985,-1.32562,1.30237,-0.92049,-0.73548,-0.98841,0.42425,0.27076,-1.25758,1.32272,-0.92356,-0.73664,-0.97666,0.38276,0.32051,-1.27243,1.26959,-0.86554,-0.67863,-0.91865
13.800000,690,0.41469,0.29756,-1.27984,1.31724,-0.91439,-0.73471,-0.99070,0.42357,0.28075,-1.21202,1.35544,-0.91319,-0.73075,-0.97723,0.38208,0.33051,-1.26366,1.30231,-0.85518,-0.67274,-0.91922
13.900000,695,0.41507,0.30443,-1.23445,1.34585,-0.90676,-0.73242,-0.99261,0.42288,0.29117,-1.19521,1.38915,-0.90253,-0.72467,-0.97779,0.38139,0.34092,-1.25465,1.33601,-0.84452,-0.66666,-0.91978
14.000000,700,0.41469,0.31473,-1.21346,1.37904,-0.89150,-0.73090,-0.99375,0.42219,0.30158,-1.18591,1.42282,-0.89188,-0.71859,-0.97836,0.38069,0.35133,-1.24564,1.36968,-0.83387,-0.66058,-0.92035
14.100000,705,0.41469,0.32274,-1.20164,1.41109,-0.88425,-0.72441,-0.99566,0.42154,0.31264,-1.17724,1.45475,-0.88182,-0.71264,-0.97859,0.38004,0.36239,-1.23721,1.40161,-0.82381,-0.65462,-0.92058
14.200000,710,0.41507,0.33380,-1.19439,1.44504,-0.87662,-0.71869,-0.99566,0.42098,0.33292,-1.17458,1.47698,-0.87542,-0.70665,-0.97589,0.37949,0.38267,-1.23267,1.42384,-0.81741,-0.64864,-0.91788
14.300000,715,0.41469,0.35326,-1.19058,1.46678,-0.86594,-0.71068,-0.99375,0.42031,0.36126,-1.17574,1.49119,-0.87240,-0.70078,-0.97106,0.37882,0.41101,-1.23162,1.43805,-0.81439,-0.64277,-0.91305
14.400000,720,0.41469,0.38416,-1.19058,1.47975,-0.86251,-0.70534,-0.99108,0.41965,0.38902,-1.17682,1.50358,-0.87013,-0.69531,-0.96630,0.37815,0.43877,-1.23104,1.45044,-0.81212,-0.63729,-0.90829
14.500000,725,0.41469,0.41162,-1.19058,1.49082,-0.86213,-0.70076,-0.98689,0.41891,0.41505,-1.17715,1.51536,-0.86820,-0.69029,-0.96202,0.37741,0.46481,-1.23049,1.46223,-0.81019,-0.63228,-0.90401
14.600000,730,0.41431,0.43413,-1.19058,1.50302,-0.86213,-0.69580,-0.98002,0.41845,0.44017,-1.17829,1.52530,-0.86672,-0.68544,-0.95754,0.37695,0.48992,-1.23017,1.47216,-0.80871,-0.62743,-0.89953
14.700000,735,0.41431,0.45625,-1.19058,1.51218,-0.86136,-0.68894,-0.97468,0.41825,0.46463,-1.17933,1.53348,-0.86569,-0.68072,-0.95280,0.37676,0.51439,-1.23009,1.48034,-0.80767,-0.62271,-0.89479
14.800000,740,0.41431,0.48029,-1.19058,1.52019,-0.86060,-0.68283,-0.96819,0.41819,0.48845,-1.18025,1.54063,-0.86500,-0.67617,-0.94800,0.37669,0.53820,-1.23014,1.48750,-0.80698,-0.61816,-0.88999
14.900000,745,0.41431,0.50279,-1.19058,1.52744,-0.85984,-0.67940,-0.96476,0.41823,0.51177,-1.18092,1.54686,-0.86464,-0.67178,-0.94313,0.37674,0.56153,-1.23032,1.49373,-0.80662,-0.61377,-0.88512
15.000000,750,0.41431,0.52530,-1.19058,1.53392,-0.85946,-0.67520,-0.95980,0.41838,0.53470,-1.18198,1.55220,-0.86461,-0.66754,-0.93817,0.37689,0.58445,-1.23063,1.49907,-0.80660,-0.60953,-0.88016
15.100000,755,0.41431,0.54552,-1.19058,1.53812,-0.85946,-0.67215,-0.95141,0.41864,0.55729,-1.18412,1.55669,-0.86491,-0.66345,-0.93310,0.37714,0.60704,-1.23107,1.50355,-0.80690,-0.60543,-0.87508
15.200000,760,0.41431,0.56497,-1.19058,1.54155,-0.85946,-0.66948,-0.94302,0.41899,0.57957,-1.18530,1.56035,-0.86555,-0.65951,-0.92791,0.37750,0.62932,-1.23163,1.50721,-0.80754,-0.60149,-0.86990
15.300000,765,0.41469,0.58786,-1.19096,1.54727,-0.85984,-0.66338,-0.93844,0.41945,0.60154,-1.18642,1.56315,-0.86653,-0.65573,-0.92259,0.37795,0.65129,-1.23232,1.51001,-0.80852,-0.59772,-0.86458
15.400000,770,0.41469,0.60884,-1.19096,1.54994,-0.86022,-0.65727,-0.93462,0.41999,0.62320,-1.18806,1.56512,-0.86786,-0.65214,-0.91715,0.37850,0.67295,-1.23314,1.51198,-0.80985,-0.59412,-0.85913
15.500000,775,0.41469,0.62868,-1.19096,1.55223,-0.86213,-0.65422,-0.92661,0.42063,0.64455,-1.19064,1.56626,-0.86954,-0.64873,-0.91157,0.37914,0.69431,-1.23407,1.51312,-0.81153,-0.59072,-0.85356
15.600000,780,0.41469,0.64890,-1.19134,1.55529,-0.86251,-0.65117,-0.91937,0.42137,0.66559,-1.19365,1.56654,-0.87157,-0.64552,-0.90587,0.37987,0.71534,-1.23514,1.51341,-0.81356,-0.58751,-0.84786
15.700000,785,0.41507,0.66797,-1.19286,1.55605,-0.86327,-0.64850,-0.91517,0.42215,0.68630,-1.19619,1.56616,-0.87393,-0.64255,-0.90010,0.38066,0.73605,-1.23630,1.51302,-0.81592,-0.58453,-0.84209
15.800000,790,0.41469,0.68819,-1.19668,1.55605,-0.86327,-0.64583,-0.91174,0.42283,0.70674,-1.19831,1.56594,-0.87642,-0.63982,-0.89455,0.38133,0.75649,-1.23745,1.51280,-0.81841,-0.58181,-0.83654
15.900000,795,0.41507,0.70650,-1.19821,1.55605,-0.86632,-0.64240,-0.90334,0.42342,0.72687,-1.20036,1.56572,-0.87908,-0.63735,-0.88917,0.38192,0.77663,-1.23861,1.51258,-0.82107,-0.57934,-0.83116
16.000000,800,0.41507,0.72672,-1.19859,1.55605,-0.86785,-0.63820,-0.89342,0.42420,0.74653,-1.20368,1.56414,-0.88219,-0.63513,-0.88351,0.38270,0.79628,-1.23994,1.51101,-0.82418,-0.57712,-0.82550
16.100000,805,0.41507,0.74618,-1.20278,1.55605,-0.87090,-0.63553,-0.88885,0.42525,0.76561,-1.20763,1.56070,-0.88586,-0.63317,-0.87742,0.38376,0.81537,-1.24150,1.50757,-0.82785,-0.57515,-0.81941
16.200000,810,0.41545,0.76182,-1.20698,1.55605,-0.87815,-0.63210,-0.88160,0.42645,0.78415,-1.21141,1.55609,-0.88993,-0.63149,-0.87114,0.38496,0.83390,-1.24319,1.50296,-0.83192,-0.57348,-0.81313
16.300000,815,0.41545,0.77860,-1.21041,1.55605,-0.88654,-0.63019,-0.87321,0.42772,0.80214,-1.21582,1.55062,-0.89433,-0.63013,-0.86478,0.38623,0.85189,-1.24497,1.49748,-0.83632,-0.57212,-0.80677
16.400000,820,0.41584,0.79806,-1.21652,1.55490,-0.88997,-0.62866,-0.86634,0.42907,0.81957,-1.22168,1.54428,-0.89906,-0.62909,-0.85835,0.38758,0.86932,-1.24683,1.49114,-0.84105,-0.57108,-0.80033
16.500000,825,0.41774,0.81332,-1.22300,1.54956,-0.89379,-0.62714,-0.85986,0.43049,0.83643,-1.22806,1.53708,-0.90412,-0.62839,-0.85185,0.38900,0.88618,-1.24876,1.48394,-0.84610,-0.57037,-0.79383
16.600000,830,0.41812,0.82705,-1.22796,1.54308,-0.89684,-0.62714,-0.85451,0.43198,0.85271,-1.23465,1.52901,-0.90948,-0.62802,-0.84528,0.39049,0.90246,-1.25075,1.47587,-0.85147,-0.57001,-0.78727
16.700000,835,0.41812,0.84421,-1.23635,1.53469,-0.90561,-0.62714,-0.84650,0.43355,0.86839,-1.24134,1.52007,-0.91516,-0.62800,-0.83866,0.39205,0.91814,-1.25281,1.46694,-0.85715,-0.56999,-0.78065
16.800000,840,0.41851,0.85986,-1.24398,1.52515,-0.91591,-0.62714,-0.83773,0.43518,0.88347,-1.24753,1.51026,-0.92113,-0.62835,-0.83199,0.39369,0.93322,-1.25492,1.45713,-0.86312,-0.57034,-0.77398
16.900000,845,0.42156,0.87359,-1.25123,1.51599,-0.92011,-0.62714,-0.82972,0.43689,0.89792,-1.25537,1.49957,-0.92740,-0.62907,-0.82528,0.39540,0.94767,-1.25708,1.44644,-0.86939,-0.57106,-0.76727
17.000000,850,0.42347,0.88732,-1.25810,1.50607,-0.92354,-0.62714,-0.82171,0.43867,0.91173,-1.26412,1.48800,-0.93396,-0.63017,-0.81853,0.39718,0.96148,-1.25928,1.43487,-0.87594,-0.57215,-0.76052
17.100000,855,0.42385,0.90067,-1.26649,1.49501,-0.93422,-0.62752,-0.81484,0.44053,0.92489,-1.27069,1.47555,-0.94078,-0.63165,-0.81176,0.39904,0.97464,-1.26152,1.42241,-0.88277,-0.57364,-0.75375
17.200000,860,0.42423,0.91212,-1.27488,1.48280,-0.94300,-0.62790,-0.80759,0.44246,0.93738,-1.27801,1.46220,-0.94788,-0.63353,-0.80497,0.40096,0.98713,-1.26378,1.40907,-0.88986,-0.57552,-0.74695
17.300000,865,0.43071,0.92318,-1.27946,1.46907,-0.94681,-0.62866,-0.80340,0.44446,0.94918,-1.28623,1.44796,-0.95522,-0.63582,-0.79816,0.40297,0.99894,-1.26605,1.39483,-0.89721,-0.57781,-0.74015
17.400000,870,0.43529,0.93539,-1.28594,1.45496,-0.95406,-0.63133,-0.79577,0.44654,0.96030,-1.29413,1.43283,-0.96282,-0.63851,-0.79134,0.40505,1.01005,-1.26834,1.37969,-0.90481,-0.58050,-0.73333
17.500000,875,0.43567,0.94531,-1.29624,1.44008,-0.96818,-0.63286,-0.78509,0.44870,0.97072,-1.30167,1.41679,-0.97065,-0.64162,-0.78453,0.40720,1.02047,-1.27064,1.36365,-0.91264,-0.58361,-0.72652
17.600000,880,0.43949,0.95332,-1.30349,1.42329,-0.97275,-0.63667,-0.78089,0.45094,0.98040,-1.30796,1.39981,-0.97872,-0.64516,-0.77773,0.40944,1.03015,-1.27293,1.34668,-0.92071,-0.58715,-0.71971
17.700000,885,0.44063,0.96438,-1.30921,1.40689,-0.98038,-0.64201,-0.77288,0.45326,0.98933,-1.31404,1.38187,-0.98700,-0.64915,-0.77094,0.41177,1.03909,-1.27521,1.32877,-0.92899,-0.59113,-0.71292
17.800000,890,0.44139,0.97315,-1.31608,1.38896,-0.99221,-0.64697,-0.76258,0.45568,0.99755,-1.31833,1.36300,-0.99551,-0.65356,-0.76416,0.41418,1.04730,-1.27748,1.30992,-0.93750,-0.59555,-0.70615
17.900000,895,0.44750,0.97964,-1.32257,1.37027,-0.99869,-0.65079,-0.75571,0.45819,1.00499,-1.32459,1.34315,-1.00422,-0.65844,-0.75741,0.41669,1.05474,-1.27973,1.29010,-0.94621,-0.60043,-0.69940
18.000000,900,0.45169,0.98460,-1.32486,1.35005,-1.00632,-0.65537,-0.75113,0.46079,1.01167,-1.32910,1.32231,-1.01312,-0.66378,-0.75068,0.41930,1.06142,-1.28196,1.26930,-0.95513,-0.60577,-0.69267
18.100000,905,0.45169,0.98803,-1.32981,1.33021,-1.02120,-0.65956,-0.74198,0.46350,1.01755,-1.33376,1.30045,-1.02221,-0.66961,-0.74399,0.42201,1.06731,-1.28415,1.24748,-0.96425,-0.61160,-0.68598
18.200000,910,0.45398,0.99604,-1.33744,1.30809,-1.02807,-0.66567,-0.73549,0.46633,1.02266,-1.33874,1.27754,-1.03151,-0.67592,-0.73732,0.42484,1.07241,-1.28631,1.22461,-0.97357,-0.61791,-0.67931
18.300000,915,0.45704,1.00100,-1.34011,1.28329,-1.03760,-0.67368,-0.72977,0.46928,1.02696,-1.34303,1.25354,-1.04100,-0.68274,-0.73069,0.42779,1.07671,-1.28844,1.20065,-0.98310,-0.62473,-0.67268
18.400000,920,0.45704,1.00100,-1.34278,1.26117,-1.05057,-0.68092,-0.72367,0.47236,1.03041,-1.34695,1.22841,-1.05071,-0.69010,-0.72409,0.43087,1.08017,-1.29052,1.17555,-0.99284,-0.63209,-0.66608
18.500000,925,0.46276,1.00253,-1.34851,1.23713,-1.05630,-0.68741,-0.71413,0.47560,1.03303,-1.35162,1.20202,-1.06062,-0.69803,-0.71752,0.43410,1.08278,-1.29257,1.14924,-1.00279,-0.64002,-0.65951
18.600000,930,0.46772,1.00939,-1.35308,1.21005,-1.07079,-0.69695,-0.70650,0.47899,1.03477,-1.35458,1.17436,-1.07074,-0.70655,-0.71097,0.43750,1.08453,-1.29456,1.12163,-1.01297,-0.64854,-0.65296
18.700000,935,0.46886,1.01397,-1.35499,1.18029,-1.07919,-0.70534,-0.70192,0.48258,1.03561,-1.35458,1.14530,-1.08112,-0.71571,-0.70445,0.44108,1.08537,-1.29652,1.09263,-1.02339,-0.65770,-0.64644
18.800000,940,0.47344,1.01435,-1.35499,1.15283,-1.09292,-0.71373,-0.69391,0.48637,1.03550,-1.35458,1.11475,-1.09174,-0.72555,-0.69794,0.44487,1.08525,-1.29842,1.06214,-1.03407,-0.66754,-0.63993
18.900000,945,0.47687,1.01435,-1.35499,1.12231,-1.10360,-0.72518,-0.68705,0.49045,1.03369,-1.35458,1.08252,-1.10248,-0.73596,-0.69150,0.44896,1.08344,-1.30026,1.02999,-1.04486,-0.67794,-0.63349
19.000000,950,0.48259,1.01435,-1.35499,1.08912,-1.11199,-0.73509,-0.68018,0.49481,1.03070,-1.35458,1.04859,-1.11345,-0.74709,-0.68508,0.45332,1.08045,-1.30205,0.99614,-1.05590,-0.68908,-0.62707
19.100000,955,0.48832,1.01397,-1.35499,1.05555,-1.12649,-0.74387,-0.67560,0.49933,1.02784,-1.35458,1.01307,-1.12496,-0.74798,-0.67865,0.45784,1.07759,-1.30384,0.96065,-1.06747,-0.70133,-0.62064
19.200000,960,0.49061,1.01092,-1.35499,1.02084,-1.13450,-0.74692,-0.66874,0.50409,1.02437,-1.35458,0.97711,-1.13630,-0.74798,-0.67228,0.46259,1.07412,-1.30549,0.92463,-1.07888,-0.71404,-0.61426
19.300000,965,0.49595,1.00939,-1.35499,0.98803,-1.15167,-0.74768,-0.66034,0.50791,1.03310,-1.35458,0.97165,-1.13746,-0.74798,-0.66525,0.46642,1.08285,-1.30481,0.91860,-1.08008,-0.71711,-0.60723
19.400000,970,0.50091,1.01550,-1.35461,0.98918,-1.15128,-0.74806,-0.65271,0.51055,1.05592,-1.32545,1.00343,-1.12572,-0.74798,-0.65738,0.46906,1.10567,-1.30125,0.95030,-1.06824,-0.70739,-0.59937
19.500000,975,0.50129,1.02923,-1.34660,1.02084,-1.14480,-0.74883,-0.64585,0.51317,1.07977,-1.29837,1.03758,-1.11311,-0.74798,-0.64937,0.47168,1.12953,-1.29749,0.98445,-1.05554,-0.69684,-0.59136
19.600000,980,0.50243,1.05212,-1.32409,1.05632,-1.12763,-0.75073,-0.63517,0.51579,1.10360,-1.27869,1.07169,-1.10049,-0.74432,-0.64137,0.47429,1.15335,-1.29374,1.01855,-1.04285,-0.68631,-0.58336
19.700000,985,0.50701,1.08111,-1.30387,1.08721,-1.11771,-0.74730,-0.62944,0.51835,1.12700,-1.26378,1.10519,-1.08808,-0.73397,-0.63352,0.47686,1.17675,-1.29005,1.05205,-1.03039,-0.67596,-0.57551
19.800000,990,0.50739,1.10591,-1.29052,1.12117,-1.10093,-0.73586,-0.62410,0.51990,1.14654,-1.25706,1.13835,-1.07591,-0.72342,-0.62829,0.47840,1.19629,-1.28684,1.08522,-1.01811,-0.66541,-0.57028
19.900000,995,0.50853,1.12155,-1.28404,1.15359,-1.09063,-0.72746,-0.62410,0.51745,1.15229,-1.25680,1.17321,-1.06329,-0.71120,-0.63325,0.47595,1.20204,-1.28523,1.12008,-1.00540,-0.65319,-0.57524
20.000000,1000,0.51006,1.12841,-1.28251,1.18831,-1.07270,-0.71526,-0.62525,0.51373,1.15442,-1.25702,1.20748,-1.05111,-0.69952,-0.64144,0.47224,1.20417,-1.28410,1.15434,-0.99315,-0.64151,-0.58343
20.100000,1005,0.50968,1.12841,-1.28251,1.22149,-1.06431,-0.70267,-0.62906,0.51027,1.15569,-1.25520,1.23988,-1.03928,-0.68877,-0.64955,0.46878,1.20544,-1.28290,1.18675,-0.98129,-0.63075,-0.59154
20.200000,1010,0.50930,1.12918,-1.28251,1.25239,-1.04905,-0.69237,-0.63555,0.50711,1.15537,-1.25383,1.27047,-1.02763,-0.67870,-0.65763,0.46562,1.20512,-1.28159,1.21734,-0.96962,-0.62069,-0.59962
20.300000,1015,0.50853,1.13185,-1.28213,1.27986,-1.03837,-0.68016,-0.64508,0.50415,1.15414,-1.24983,1.29951,-1.01624,-0.66938,-0.66565,0.46266,1.20390,-1.28019,1.24638,-0.95823,-0.61137,-0.60764
20.400000,1020,0.50358,1.13108,-1.28022,1.30809,-1.02273,-0.67291,-0.65271,0.50137,1.15205,-1.24779,1.32722,-1.00507,-0.66072,-0.67368,0.45987,1.20181,-1.27872,1.27409,-0.94706,-0.60271,-0.61566
20.500000,1025,0.50319,1.13147,-1.27870,1.33441,-1.01510,-0.66414,-0.65958,0.49872,1.14914,-1.24394,1.35378,-0.99409,-0.65267,-0.68172,0.45723,1.19889,-1.27716,1.30064,-0.93608,-0.59466,-0.62371
20.600000,1030,0.50052,1.13108,-1.27259,1.36226,-0.99755,-0.65537,-0.67026,0.49614,1.14589,-1.24100,1.37941,-0.98336,-0.64526,-0.68980,0.45464,1.19565,-1.27554,1.32627,-0.92535,-0.58725,-0.63179
20.700000,1035,0.49823,1.13108,-1.26725,1.38477,-0.98916,-0.64850,-0.68209,0.49353,1.14307,-1.23840,1.40435,-0.97303,-0.63858,-0.69790,0.45204,1.19282,-1.27392,1.35121,-0.91502,-0.58057,-0.63989
20.800000,1040,0.49785,1.13070,-1.26687,1.41147,-0.97695,-0.64163,-0.68934,0.49108,1.13902,-1.23641,1.42822,-0.96277,-0.63234,-0.70605,0.44959,1.18877,-1.27220,1.37508,-0.90476,-0.57433,-0.64804
20.900000,1045,0.49518,1.13070,-1.26306,1.43512,-0.96627,-0.63286,-0.69773,0.48883,1.13317,-1.23379,1.45087,-0.95247,-0.62646,-0.71427,0.44734,1.18293,-1.27036,1.39774,-0.89446,-0.56845,-0.65626
21.000000,1050,0.49175,1.12803,-1.26153,1.45534,-0.95826,-0.62676,-0.70765,0.48669,1.12638,-1.23049,1.47250,-0.94233,-0.62108,-0.72253,0.44520,1.17614,-1.26846,1.41937,-0.88432,-0.56307,-0.66452
21.100000,1055,0.48717,1.12345,-1.25772,1.47861,-0.94185,-0.62141,-0.71489,0.48463,1.11881,-1.22867,1.49316,-0.93238,-0.61621,-0.73081,0.44314,1.16856,-1.26650,1.44002,-0.87437,-0.55820,-0.67280
21.200000,1060,0.48679,1.11392,-1.25314,1.49806,-0.93384,-0.61913,-0.72672,0.48265,1.11048,-1.22558,1.51286,-0.92263,-0.61184,-0.73911,0.44116,1.16023,-1.26450,1.45973,-0.86462,-0.55383,-0.68110
21.300000,1065,0.48679,1.10629,-1.24932,1.51828,-0.92164,-0.61493,-0.73549,0.48075,1.10135,-1.22278,1.53163,-0.91309,-0.60797,-0.74744,0.43925,1.15111,-1.26245,1.47849,-0.85508,-0.54996,-0.68943
21.400000,1070,0.48374,1.09980,-1.24703,1.53392,-0.91286,-0.60959,-0.74503,0.47891,1.09149,-1.22138,1.54949,-0.90376,-0.60457,-0.75579,0.43741,1.14124,-1.26038,1.49636,-0.84575,-0.54656,-0.69778
21.500000,1075,0.48145,1.08950,-1.24665,1.55376,-0.90332,-0.60463,-0.75380,0.47712,1.08086,-1.21811,1.56647,-0.89464,-0.60166,-0.76416,0.43563,1.13062,-1.25827,1.51333,-0.83663,-0.54364,-0.70615
21.600000,1080,0.48107,1.07882,-1.24475,1.56940,-0.88845,-0.60196,-0.76334,0.47540,1.06949,-1.21666,1.58257,-0.88576,-0.59921,-0.77255,0.43390,1.11924,-1.25615,1.52943,-0.82775,-0.54119,-0.71454
21.700000,1085,0.48107,1.06852,-1.24093,1.58466,-0.88425,-0.60005,-0.76906,0.47373,1.05740,-1.21405,1.59781,-0.87712,-0.59721,-0.78094,0.43223,1.10715,-1.25401,1.54467,-0.81910,-0.53920,-0.72293
21.800000,1090,0.47725,1.05555,-1.23521,1.60030,-0.87510,-0.59738,-0.78051,0.47210,1.04455,-1.21040,1.61218,-0.86873,-0.59569,-0.78934,0.43061,1.09431,-1.25186,1.55904,-0.81072,-0.53768,-0.73133
21.900000,1095,0.47268,1.04449,-1.23254,1.61327,-0.86213,-0.59624,-0.79043,0.47054,1.03097,-1.20834,1.62564,-0.86061,-0.59462,-0.79773,0.42904,1.08072,-1.24971,1.57251,-0.80260,-0.53661,-0.73972
22.000000,1100,0.47039,1.03305,-1.23139,1.62586,-0.85793,-0.59624,-0.80034,0.46911,1.01630,-1.20667,1.63768,-0.85286,-0.59401,-0.80595,0.42762,1.06605,-1.24761,1.58454,-0.79485,-0.53600,-0.74793
22.100000,1105,0.47039,1.01664,-1.22987,1.63768,-0.84763,-0.59586,-0.80912,0.46790,1.00026,-1.20576,1.64786,-0.84555,-0.59387,-0.81388,0.42641,1.05001,-1.24559,1.59473,-0.78754,-0.53586,-0.75587
22.200000,1110,0.46772,1.00329,-1.22872,1.64684,-0.83695,-0.59586,-0.81675,0.46672,0.98362,-1.20423,1.65730,-0.83853,-0.59416,-0.82182,0.42523,1.03338,-1.24359,1.60417,-0.78052,-0.53615,-0.76381
22.300000,1115,0.46734,0.98803,-1.22796,1.65447,-0.83237,-0.59547,-0.82438,0.46540,0.96707,-1.20123,1.66697,-0.83168,-0.59483,-0.82998,0.42391,1.01683,-1.24157,1.61383,-0.77366,-0.53682,-0.77197
22.400000,1120,0.46467,0.97010,-1.22224,1.66401,-0.82856,-0.59547,-0.83353,0.46404,0.95022,-1.19759,1.67627,-0.82508,-0.59590,-0.83821,0.42255,0.99997,-1.23955,1.62313,-0.76707,-0.53788,-0.78020
22.500000,1125,0.46467,0.95522,-1.21690,1.67316,-0.81673,-0.59586,-0.84345,0.46273,0.93276,-1.19591,1.68476,-0.81883,-0.59736,-0.84639,0.42123,0.98251,-1.23758,1.63162,-0.76082,-0.53935,-0.78838
22.600000,1130,0.46467,0.93920,-1.21499,1.67888,-0.80948,-0.59662,-0.85337,0.46145,0.91469,-1.19393,1.69241,-0.81293,-0.59921,-0.85449,0.41996,0.96445,-1.23566,1.63928,-0.75492,-0.54120,-0.79648
22.700000,1135,0.46467,0.91975,-1.21461,1.68651,-0.80719,-0.59700,-0.86176,0.46022,0.89603,-1.19236,1.69919,-0.80741,-0.60146,-0.86249,0.41873,0.94578,-1.23382,1.64606,-0.74940,-0.54344,-0.80448
22.800000,1140,0.46047,0.90334,-1.21041,1.69262,-0.80223,-0.59776,-0.86863,0.45904,0.87680,-1.19079,1.70514,-0.80227,-0.60406,-0.87040,0.41755,0.92655,-1.23204,1.65200,-0.74426,-0.54605,-0.81239
22.900000,1145,0.45589,0.88351,-1.20736,1.69643,-0.79193,-0.59967,-0.87664,0.45791,0.85704,-1.19067,1.71025,-0.79751,-0.60702,-0.87821,0.41642,0.90679,-1.23034,1.65711,-0.73950,-0.54900,-0.82020
23.000000,1150,0.45589,0.86481,-1.20698,1.70215,-0.78659,-0.60387,-0.88656,0.45683,0.83675,-1.18881,1.71452,-0.79314,-0.61030,-0.88589,0.41533,0.88651,-1.22873,1.66139,-0.73513,-0.55229,-0.82788
23.100000,1155,0.45360,0.84536,-1.20278,1.70482,-0.78316,-0.60501,-0.89457,0.45580,0.81596,-1.18668,1.71792,-0.78919,-0.61392,-0.89344,0.41431,0.86572,-1.22722,1.66478,-0.73118,-0.55591,-0.83543
23.200000,1160,0.45360,0.82476,-1.20088,1.70826,-0.78125,-0.60883,-0.89953,0.45483,0.79471,-1.18660,1.72049,-0.78564,-0.61784,-0.90085,0.41334,0.84446,-1.22581,1.66735,-0.72763,-0.55983,-0.84284
23.300000,1165,0.45360,0.80454,-1.20088,1.71016,-0.78011,-0.61340,-0.91135,0.45392,0.77300,-1.18496,1.72223,-0.78250,-0.62204,-0.90812,0.41243,0.82275,-1.22451,1.66909,-0.72449,-0.56402,-0.85011
23.400000,1170,0.45360,0.78356,-1.19897,1.71131,-0.77629,-0.62027,-0.91898,0.45307,0.75086,-1.18558,1.72310,-0.77978,-0.62651,-0.91522,0.41158,0.80062,-1.22333,1.66996,-0.72177,-0.56850,-0.85721
23.500000,1175,0.45322,0.76334,-1.19706,1.71245,-0.77133,-0.62485,-0.92471,0.45229,0.72833,-1.18542,1.72315,-0.77747,-0.63122,-0.92218,0.41080,0.77808,-1.22228,1.67001,-0.71945,-0.57321,-0.86417
23.600000,1180,0.45246,0.74083,-1.19706,1.71245,-0.76599,-0.62866,-0.93234,0.45158,0.70541,-1.18549,1.72234,-0.77557,-0.63617,-0.92896,0.41009,0.75516,-1.22135,1.66921,-0.71756,-0.57816,-0.87095
23.700000,1185,0.44864,0.71947,-1.19630,1.71245,-0.76294,-0.63286,-0.94073,0.45095,0.68213,-1.18504,1.72070,-0.77409,-0.64133,-0.93558,0.40945,0.73189,-1.22056,1.66757,-0.71607,-0.58332,-0.87757
23.800000,1190,0.44826,0.69620,-1.19592,1.71245,-0.76103,-0.63858,-0.94607,0.45039,0.65852,-1.18442,1.71822,-0.77301,-0.64668,-0.94202,0.40890,0.70827,-1.21992,1.66508,-0.71500,-0.58867,-0.88401
23.900000,1195,0.44826,0.67446,-1.19554,1.71207,-0.76103,-0.64545,-0.95141,0.44992,0.63459,-1.18549,1.71490,-0.77234,-0.65220,-0.94830,0.40843,0.68434,-1.21941,1.66176,-0.71433,-0.59419,-0.89028
24.000000,1200,0.44826,0.65043,-1.19515,1.71207,-0.76103,-0.65117,-0.96056,0.44954,0.61036,-1.18473,1.71073,-0.77207,-0.65788,-0.95439,0.40804,0.66011,-1.21906,1.65759,-0.71406,-0.59987,-0.89638
24.100000,1205,0.44826,0.62792,-1.19515,1.70826,-0.76065,-0.65689,-0.96743,0.44924,0.58583,-1.18593,1.70572,-0.77218,-0.66370,-0.96032,0.40775,0.63558,-1.21885,1.65258,-0.71417,-0.60569,-0.90231
24.200000,1210,0.44826,0.60389,-1.19515,1.70520,-0.76065,-0.66071,-0.97353,0.44905,0.56098,-1.18661,1.69984,-0.77268,-0.66965,-0.96609,0.40755,0.61073,-1.21879,1.64671,-0.71467,-0.61164,-0.90808
24.300000,1215,0.44826,0.58023,-1.19515,1.69986,-0.76065,-0.66795,-0.97926,0.44895,0.53577,-1.18863,1.69308,-0.77357,-0.67573,-0.97171,0.40746,0.58552,-1.21889,1.63995,-0.71556,-0.61772,-0.91370
24.400000,1220,0.44826,0.55620,-1.19515,1.69185,-0.76103,-0.67597,-0.98574,0.44898,0.51011,-1.19164,1.68534,-0.77484,-0.68194,-0.97719,0.40749,0.55987,-1.21916,1.63220,-0.71683,-0.62393,-0.91917
24.500000,1225,0.44826,0.53140,-1.19515,1.68346,-0.76142,-0.68245,-0.99261,0.44928,0.48409,-1.19422,1.67583,-0.77659,-0.68814,-0.98221,0.40779,0.53384,-1.21972,1.62270,-0.71858,-0.63013,-0.92420
24.600000,1230,0.44826,0.50661,-1.19515,1.67202,-0.76180,-0.68741,-0.99604,0.44980,0.45736,-1.19857,1.66485,-0.77879,-0.69447,-0.98702,0.40830,0.50711,-1.22051,1.61171,-0.72078,-0.63646,-0.92901
24.700000,1235,0.44826,0.47952,-1.19515,1.66019,-0.76218,-0.69466,-1.00062,0.45016,0.42917,-1.20105,1.65391,-0.78126,-0.70132,-0.99246,0.40867,0.47892,-1.22126,1.60078,-0.72325,-0.64331,-0.93445
24.800000,1240,0.44826,0.45358,-1.19515,1.64951,-0.76523,-0.70267,-1.00443,0.45063,0.39980,-1.20289,1.64158,-0.78424,-0.70848,-0.99792,0.40914,0.44956,-1.22222,1.58844,-0.72623,-0.65047,-0.93991
24.900000,1245,0.44826,0.42459,-1.19515,1.63730,-0.76599,-0.70915,-1.01130,0.45121,0.37478,-1.18973,1.63543,-0.78523,-0.71340,-1.00345,0.40972,0.42453,-1.22099,1.58230,-0.72722,-0.65539,-0.94544
25.000000,1250,0.44788,0.40132,-1.18867,1.63501,-0.76561,-0.70992,-1.01855,0.45190,0.36990,-1.14987,1.65507,-0.77762,-0.70904,-1.00851,0.41041,0.41965,-1.21131,1.60193,-0.71961,-0.65103,-0.95050
25.100000,1255,0.44826,0.39713,-1.15701,1.64875,-0.76256,-0.70877,-1.02313,0.45274,0.37502,-1.12669,1.68663,-0.76589,-0.70003,-1.01303,0.41125,0.42477,-1.19760,1.63350,-0.70787,-0.64202,-0.95502
25.200000,1260,0.44826,0.39751,-1.12801,1.67736,-0.75722,-0.70496,-1.02732,0.45360,0.38037,-1.11133,1.71880,-0.75393,-0.69084,-1.01759,0.41211,0.43012,-1.18364,1.66566,-0.69592,-0.63282,-0.95958
25.300000,1265,0.44826,0.40018,-1.11047,1.71093,-0.74921,-0.69771,-1.03114,0.45437,0.38726,-1.09802,1.74956,-0.74245,-0.68172,-1.02142,0.41287,0.43702,-1.17047,1.69642,-0.68443,-0.62371,-0.96340
25.400000,1270,0.44864,0.40895,-1.09788,1.74106,-0.73357,-0.68703,-1.03419,0.45430,0.40787,-1.09243,1.77032,-0.73444,-0.67302,-1.01940,0.41280,0.45762,-1.16339,1.71718,-0.67643,-0.61501,-0.96138
25.500000,1275,0.44826,0.43070,-1.09254,1.75976,-0.72823,-0.67825,-1.03343,0.45351,0.43844,-1.09125,1.78410,-0.72917,-0.66488,-1.01354,0.41201,0.48819,-1.16089,1.73096,-0.67116,-0.60687,-0.95553
25.600000,1280,0.44826,0.46312,-1.09139,1.77158,-0.72518,-0.67177,-1.03228,0.45288,0.46885,-1.09030,1.79567,-0.72472,-0.65692,-1.00718,0.41139,0.51860,-1.15905,1.74254,-0.66671,-0.59891,-0.94916
25.700000,1285,0.44826,0.49173,-1.09101,1.78417,-0.71907,-0.66261,-1.02542,0.45240,0.49829,-1.08925,1.80589,-0.72087,-0.64919,-1.00076,0.41090,0.54804,-1.15750,1.75275,-0.66286,-0.59118,-0.94275
25.800000,1290,0.44826,0.51843,-1.09063,1.79638,-0.71144,-0.65384,-1.02046,0.45179,0.52657,-1.08777,1.81631,-0.71735,-0.64192,-0.99502,0.41030,0.57632,-1.15593,1.76317,-0.65934,-0.58391,-0.93701
25.900000,1295,0.44826,0.54590,-1.09063,1.80591,-0.70801,-0.64735,-1.01435,0.45126,0.55417,-1.08687,1.82599,-0.71426,-0.63485,-0.98933,0.40977,0.60392,-1.15451,1.77286,-0.65625,-0.57684,-0.93132
26.000000,1300,0.44826,0.57146,-1.09063,1.81507,-0.70572,-0.63973,-1.00558,0.45106,0.58162,-1.08647,1.83367,-0.71178,-0.62771,-0.98295,0.40956,0.63137,-1.15351,1.78053,-0.65376,-0.56970,-0.92494
26.100000,1305,0.44826,0.59702,-1.09063,1.82117,-0.70534,-0.63019,-0.99528,0.45100,0.60879,-1.08596,1.84023,-0.70979,-0.62065,-0.97628,0.40951,0.65854,-1.15276,1.78710,-0.65178,-0.56264,-0.91827
26.200000,1310,0.44826,0.62296,-1.09063,1.82766,-0.70496,-0.62370,-0.99070,0.45104,0.63568,-1.08572,1.84591,-0.70828,-0.61371,-0.96941,0.40955,0.68543,-1.15221,1.79278,-0.65026,-0.55570,-0.91140
26.300000,1315,0.44826,0.64737,-1.09063,1.83376,-0.70496,-0.61836,-0.98193,0.45118,0.66232,-1.08623,1.85073,-0.70724,-0.60690,-0.96233,0.40969,0.71207,-1.15186,1.79759,-0.64923,-0.54889,-0.90432
26.400000,1320,0.44826,0.67446,-1.09063,1.83948,-0.70458,-0.61073,-0.97392,0.45141,0.68871,-1.08650,1.85468,-0.70669,-0.60024,-0.95502,0.40991,0.73846,-1.15171,1.80154,-0.64868,-0.54223,-0.89701
26.500000,1325,0.44826,0.69849,-1.09063,1.84330,-0.70458,-0.60234,-0.96514,0.45171,0.71482,-1.08688,1.85778,-0.70663,-0.59376,-0.94748,0.41022,0.76457,-1.15175,1.80464,-0.64862,-0.53575,-0.88947
26.600000,1330,0.44826,0.72329,-1.09063,1.84635,-0.70419,-0.59624,-0.95904,0.45209,0.74063,-1.08809,1.86002,-0.70707,-0.58748,-0.93973,0.41060,0.79038,-1.15197,1.80689,-0.64906,-0.52947,-0.88171
26.700000,1335,0.44864,0.74885,-1.09063,1.84864,-0.70458,-0.59013,-0.94683,0.45254,0.76612,-1.08907,1.86140,-0.70802,-0.58142,-0.93174,0.41105,0.81587,-1.15238,1.80827,-0.65001,-0.52341,-0.87373
26.800000,1340,0.44826,0.77173,-1.09063,1.84978,-0.70496,-0.58212,-0.93882,0.45305,0.79124,-1.09015,1.86190,-0.70950,-0.57562,-0.92353,0.41156,0.84099,-1.15297,1.80877,-0.65149,-0.51760,-0.86552
26.900000,1345,0.44864,0.79653,-1.09063,1.85093,-0.70534,-0.57487,-0.92967,0.45362,0.81598,-1.09167,1.86156,-0.71148,-0.57008,-0.91511,0.41213,0.86573,-1.15372,1.80842,-0.65347,-0.51207,-0.85709
27.000000,1350,0.44864,0.81942,-1.09063,1.85093,-0.70572,-0.57030,-0.91898,0.45424,0.84030,-1.09383,1.86036,-0.71397,-0.56485,-0.90648,0.41275,0.89005,-1.15463,1.80722,-0.65596,-0.50684,-0.84847
27.100000,1355,0.44864,0.84345,-1.09063,1.85093,-0.70610,-0.56610,-0.91174,0.45491,0.86417,-1.09561,1.85828,-0.71698,-0.55994,-0.89765,0.41341,0.91392,-1.15570,1.80515,-0.65896,-0.50193,-0.83964
27.200000,1360,0.44864,0.86520,-1.09063,1.85093,-0.70801,-0.55962,-0.90296,0.45561,0.88755,-1.09722,1.85536,-0.72048,-0.55538,-0.88864,0.41412,0.93731,-1.15690,1.80223,-0.66247,-0.49737,-0.83063
27.300000,1365,0.44902,0.88770,-1.09063,1.85093,-0.70992,-0.55504,-0.89152,0.45636,0.91043,-1.09999,1.85157,-0.72449,-0.55119,-0.87945,0.41487,0.96018,-1.15824,1.79843,-0.66647,-0.49318,-0.82143
27.400000,1370,0.44941,0.90868,-1.09101,1.85055,-0.71373,-0.55084,-0.88198,0.45714,0.93276,-1.10219,1.84692,-0.72898,-0.54739,-0.87009,0.41565,0.98251,-1.15969,1.79379,-0.67097,-0.48938,-0.81208
27.500000,1375,0.45131,0.93157,-1.09139,1.85055,-0.72289,-0.54779,-0.86863,0.45795,0.95452,-1.10430,1.84141,-0.73395,-0.54399,-0.86059,0.41646,1.00428,-1.16126,1.78828,-0.67593,-0.48598,-0.80258
27.600000,1380,0.45131,0.95103,-1.09292,1.84750,-0.73052,-0.54397,-0.85986,0.45879,0.97569,-1.10748,1.83505,-0.73938,-0.54103,-0.85096,0.41730,1.02544,-1.16293,1.78191,-0.68137,-0.48302,-0.79294
27.700000,1385,0.45131,0.97125,-1.09368,1.84025,-0.73548,-0.54130,-0.85070,0.45966,0.99623,-1.11097,1.82783,-0.74525,-0.53850,-0.84120,0.41816,1.04598,-1.16469,1.77470,-0.68724,-0.48049,-0.78319
27.800000,1390,0.45131,0.99108,-1.09597,1.83338,-0.73891,-0.53902,-0.84040,0.46055,1.01612,-1.11442,1.81976,-0.75156,-0.53643,-0.83134,0.41906,1.06588,-1.16652,1.76663,-0.69355,-0.47842,-0.77333
27.900000,1395,0.45169,1.00749,-1.10131,1.82651,-0.74768,-0.53482,-0.82896,0.46147,1.03534,-1.11713,1.81084,-0.75828,-0.53484,-0.82139,0.41997,1.08510,-1.16842,1.75771,-0.70026,-0.47683,-0.76338
28.000000,1400,0.45475,1.02770,-1.10513,1.81736,-0.75836,-0.53253,-0.81484,0.46241,1.05388,-1.12151,1.80109,-0.76538,-0.53371,-0.81137,0.42091,1.10364,-1.17038,1.74796,-0.70737,-0.47570,-0.75336
28.100000,1405,0.45475,1.04411,-1.10894,1.80744,-0.76332,-0.53062,-0.80683,0.46338,1.07170,-1.12527,1.79048,-0.77286,-0.53308,-0.80129,0.42188,1.12145,-1.17238,1.73734,-0.71485,-0.47507,-0.74328
28.200000,1410,0.45665,1.06280,-1.11390,1.79676,-0.76866,-0.52948,-0.79577,0.46437,1.08881,-1.12941,1.77906,-0.78068,-0.53294,-0.79117,0.42287,1.13856,-1.17442,1.72592,-0.72267,-0.47492,-0.73316
28.300000,1415,0.45704,1.07882,-1.11886,1.78493,-0.78240,-0.52986,-0.78470,0.46539,1.10515,-1.13373,1.76677,-0.78884,-0.53331,-0.78101,0.42389,1.15490,-1.17648,1.71363,-0.73083,-0.47530,-0.72300
28.400000,1420,0.45704,1.09256,-1.12344,1.77387,-0.78888,-0.52986,-0.77364,0.46644,1.12075,-1.13812,1.75367,-0.79730,-0.53417,-0.77084,0.42494,1.17050,-1.17856,1.70054,-0.73928,-0.47616,-0.71283
28.500000,1425,0.45704,1.10896,-1.12801,1.76052,-0.79651,-0.52948,-0.76105,0.46752,1.13555,-1.14331,1.73973,-0.80604,-0.53555,-0.76067,0.42603,1.18531,-1.18064,1.68660,-0.74803,-0.47754,-0.70266
28.600000,1430,0.45971,1.12231,-1.13297,1.74564,-0.81063,-0.52986,-0.75304,0.46864,1.14959,-1.14679,1.72497,-0.81505,-0.53744,-0.75050,0.42714,1.19934,-1.18272,1.67184,-0.75704,-0.47943,-0.69249
28.700000,1435,0.46238,1.13452,-1.13488,1.73076,-0.81711,-0.53100,-0.74122,0.46979,1.16282,-1.15246,1.70939,-0.82430,-0.53984,-0.74035,0.42830,1.21257,-1.18479,1.65625,-0.76628,-0.48183,-0.68234
28.800000,1440,0.46543,1.14978,-1.14098,1.71512,-0.82627,-0.53368,-0.73206,0.47099,1.17526,-1.15934,1.69299,-0.83376,-0.54274,-0.73022,0.42949,1.22501,-1.18683,1.63985,-0.77575,-0.48473,-0.67221
28.900000,1445,0.46734,1.15931,-1.14785,1.69872,-0.83847,-0.53596,-0.72062,0.47223,1.18689,-1.16429,1.67577,-0.84343,-0.54616,-0.72013,0.43074,1.23665,-1.18883,1.62263,-0.78542,-0.48815,-0.66211
29.000000,1450,0.46772,1.16885,-1.15510,1.68117,-0.84496,-0.54130,-0.70994,0.47352,1.19772,-1.17181,1.65773,-0.85328,-0.55007,-0.71006,0.43203,1.24748,-1.19080,1.60460,-0.79527,-0.49206,-0.65205
29.100000,1455,0.46848,1.18106,-1.16349,1.66401,-0.86174,-0.54512,-0.69887,0.47487,1.20772,-1.17602,1.63886,-0.86329,-0.55450,-0.70005,0.43338,1.25748,-1.19272,1.58574,-0.80528,-0.49649,-0.64203
29.200000,1460,0.46848,1.18983,-1.16845,1.64531,-0.86785,-0.54932,-0.68934,0.47628,1.21692,-1.18274,1.61915,-0.87345,-0.55943,-0.69007,0.43479,1.26668,-1.19458,1.56607,-0.81544,-0.50142,-0.63205
29.300000,1465,0.47153,1.19899,-1.17646,1.62510,-0.88044,-0.55313,-0.67980,0.47776,1.22529,-1.19100,1.59861,-0.88374,-0.56486,-0.68013,0.43627,1.27504,-1.19637,1.54556,-0.82573,-0.50685,-0.62212
29.400000,1470,0.47344,1.20280,-1.18409,1.60526,-0.89112,-0.55923,-0.67026,0.47932,1.23282,-1.19837,1.57723,-0.89415,-0.57080,-0.67024,0.43782,1.28258,-1.19809,1.52421,-0.83614,-0.51279,-0.61223
29.500000,1475,0.47382,1.21196,-1.19058,1.58618,-0.89875,-0.56763,-0.65767,0.48096,1.23955,-1.20594,1.55499,-0.90468,-0.57723,-0.66039,0.43946,1.28930,-1.19973,1.50202,-0.84667,-0.51922,-0.60238
29.600000,1480,0.47420,1.21768,-1.19782,1.56253,-0.91439,-0.57449,-0.64775,0.48268,1.24546,-1.21327,1.53189,-0.91531,-0.58417,-0.65057,0.44119,1.29522,-1.20127,1.47897,-0.85730,-0.52616,-0.59255
29.700000,1485,0.47725,1.21959,-1.20583,1.54003,-0.92354,-0.57945,-0.63593,0.48452,1.25055,-1.22198,1.50787,-0.92603,-0.59163,-0.64076,0.44302,1.30030,-1.20273,1.45500,-0.86804,-0.53362,-0.58275
29.800000,1490,0.48259,1.22912,-1.21346,1.51447,-0.93728,-0.58746,-0.62601,0.48647,1.25482,-1.22667,1.48287,-0.93685,-0.59963,-0.63095,0.44497,1.30457,-1.20408,1.43006,-0.87890,-0.54161,-0.57293
29.900000,1495,0.48641,1.23332,-1.21804,1.48815,-0.94643,-0.59738,-0.62029,0.48855,1.25826,-1.23458,1.45681,-0.94783,-0.60819,-0.62109,0.44706,1.30802,-1.20532,1.40406,-0.88991,-0.55018,-0.56308
30.000000,1500,0.48755,1.23332,-1.22643,1.46411,-0.95940,-0.60501,-0.60694,0.49079,1.26088,-1.24086,1.42956,-0.95896,-0.61736,-0.61117,0.44930,1.31064,-1.20646,1.37688,-0.90110,-0.55935,-0.55316
30.100000,1505,0.48794,1.23332,-1.23330,1.43665,-0.97237,-0.61378,-0.59702,0.49323,1.26258,-1.24469,1.40096,-0.97032,-0.62719,-0.60112,0.45173,1.31233,-1.20746,1.34834,-0.91249,-0.56917,-0.54311
30.200000,1510,0.49061,1.23370,-1.23902,1.40765,-0.98076,-0.62523,-0.58634,0.49601,1.26242,-1.24944,1.37072,-0.98172,-0.63748,-0.59095,0.45452,1.31217,-1.20829,1.31819,-0.92395,-0.57947,-0.53293
30.300000,1515,0.49213,1.23370,-1.24208,1.37866,-0.99602,-0.63515,-0.57489,0.49901,1.26132,-1.25098,1.33894,-0.99342,-0.64859,-0.58063,0.45752,1.31107,-1.20899,1.28643,-0.93569,-0.59058,-0.52262
30.400000,1520,0.49862,1.23370,-1.24436,1.34662,-1.00518,-0.64812,-0.56764,0.50215,1.26111,-1.25188,1.30745,-1.00512,-0.66017,-0.57034,0.46066,1.31087,-1.20954,1.25488,-0.94745,-0.60215,-0.51233
30.500000,1525,0.50167,1.23446,-1.24475,1.32030,-1.02082,-0.65727,-0.55658,0.50760,1.27303,-1.22483,1.30263,-1.00976,-0.66009,-0.56211,0.46611,1.32278,-1.20851,1.24958,-0.95209,-0.60208,-0.50409
30.600000,1530,0.50167,1.24858,-1.23521,1.32335,-1.02158,-0.65537,-0.54514,0.51575,1.29653,-1.17441,1.32842,-1.00556,-0.64542,-0.55674,0.47426,1.34628,-1.20575,1.27529,-0.94779,-0.58741,-0.49873
30.700000,1535,0.51235,1.27376,-1.20164,1.34547,-1.02082,-0.64621,-0.54132,0.52422,1.32115,-1.15063,1.35699,-1.00052,-0.62936,-0.55157,0.48273,1.37091,-1.20282,1.30386,-0.94269,-0.57134,-0.49355
30.800000,1540,0.52723,1.30160,-1.17227,1.37370,-1.01815,-0.63095,-0.53713,0.53264,1.34563,-1.14479,1.38548,-0.99546,-0.61335,-0.54645,0.49114,1.39538,-1.19990,1.33234,-0.93758,-0.55533,-0.48844
30.900000,1545,0.53524,1.32678,-1.16578,1.40117,-1.01548,-0.61607,-0.53293,0.53808,1.36242,-1.14445,1.41492,-0.98810,-0.59799,-0.54606,0.49659,1.41217,-1.19766,1.36178,-0.93014,-0.53998,-0.48804
31.000000,1550,0.53753,1.34166,-1.16464,1.43054,-1.00098,-0.60043,-0.53140,0.53714,1.36510,-1.14437,1.44735,-0.97588,-0.58432,-0.55565,0.49565,1.41485,-1.19679,1.39422,-0.91787,-0.52631,-0.49764
31.100000,1555,0.53753,1.34471,-1.16464,1.46335,-0.99068,-0.58670,-0.53865,0.53504,1.36575,-1.14329,1.47939,-0.96310,-0.57199,-0.56696,0.49355,1.41550,-1.19612,1.42626,-0.90509,-0.51397,-0.50895
31.200000,1560,0.53715,1.34471,-1.16464,1.49577,-0.97428,-0.57373,-0.54972,0.53300,1.36594,-1.14247,1.50991,-0.95064,-0.56075,-0.57821,0.49151,1.41569,-1.19538,1.45678,-0.89263,-0.50273,-0.52020
31.300000,1565,0.53715,1.34471,-1.16464,1.52362,-0.96398,-0.56343,-0.56192,0.53126,1.36429,-1.14106,1.53874,-0.93820,-0.55003,-0.58929,0.48976,1.41404,-1.19441,1.48561,-0.88019,-0.49202,-0.53128
31.400000,1570,0.53715,1.34471,-1.16425,1.55300,-0.94796,-0.55160,-0.57566,0.52970,1.36148,-1.14020,1.56615,-0.92588,-0.53998,-0.60025,0.48821,1.41124,-1.19327,1.51302,-0.86787,-0.48197,-0.54224
31.500000,1575,0.53676,1.34433,-1.16425,1.57932,-0.93689,-0.54169,-0.58519,0.52828,1.35783,-1.13939,1.59237,-0.91368,-0.53058,-0.61114,0.48679,1.40759,-1.19200,1.53923,-0.85567,-0.47257,-0.55313
31.600000,1580,0.53638,1.34433,-1.16425,1.60564,-0.92087,-0.53139,-0.59702,0.52697,1.35333,-1.13722,1.61753,-0.90157,-0.52179,-0.62203,0.48548,1.40309,-1.19060,1.56439,-0.84355,-0.46378,-0.56401
31.700000,1585,0.53409,1.34395,-1.16273,1.62967,-0.91057,-0.52147,-0.60770,0.52576,1.34797,-1.13555,1.64174,-0.88950,-0.51358,-0.63295,0.48426,1.39772,-1.18908,1.58860,-0.83149,-0.45557,-0.57493
31.800000,1590,0.53371,1.34204,-1.15853,1.65332,-0.89417,-0.51422,-0.62258,0.52462,1.34176,-1.13376,1.66508,-0.87747,-0.50592,-0.64393,0.48313,1.39151,-1.18744,1.61195,-0.81946,-0.44791,-0.58592
31.900000,1595,0.53371,1.34090,-1.15510,1.67545,-0.88425,-0.50621,-0.63364,0.52356,1.33468,-1.13127,1.68760,-0.86547,-0.49881,-0.65501,0.48206,1.38443,-1.18569,1.63446,-0.80746,-0.44080,-0.59700
32.000000,1600,0.53219,1.33327,-1.15243,1.69643,-0.86785,-0.49782,-0.64661,0.52255,1.32674,-1.13000,1.70931,-0.85351,-0.49225,-0.66620,0.48106,1.37649,-1.18384,1.65618,-0.79550,-0.43424,-0.60818
32.100000,1605,0.53180,1.32182,-1.15128,1.71856,-0.85907,-0.49209,-0.65577,0.52160,1.31791,-1.12769,1.73022,-0.84161,-0.48624,-0.67749,0.48011,1.36767,-1.18189,1.67709,-0.78360,-0.42822,-0.61948
32.200000,1610,0.53142,1.31305,-1.15090,1.73839,-0.84229,-0.48714,-0.66912,0.52069,1.30820,-1.12586,1.75034,-0.82978,-0.48079,-0.68891,0.47920,1.35795,-1.17986,1.69720,-0.77177,-0.42278,-0.63090
32.300000,1615,0.53142,1.30733,-1.14938,1.75785,-0.83275,-0.48065,-0.68438,0.51982,1.29760,-1.12257,1.76966,-0.81805,-0.47591,-0.70044,0.47833,1.34735,-1.17774,1.71652,-0.76003,-0.41790,-0.64243
32.400000,1620,0.52875,1.29855,-1.14404,1.77540,-0.81711,-0.47493,-0.69697,0.51898,1.28613,-1.12087,1.78819,-0.80643,-0.47160,-0.71209,0.47749,1.33589,-1.17556,1.73506,-0.74842,-0.41359,-0.65408
32.500000,1625,0.52646,1.28367,-1.14022,1.79523,-0.80643,-0.46997,-0.70803,0.51816,1.27379,-1.11843,1.80594,-0.79497,-0.46787,-0.72385,0.47667,1.32354,-1.17331,1.75280,-0.73696,-0.40986,-0.66584
32.600000,1630,0.52570,1.27414,-1.13793,1.81278,-0.79422,-0.46844,-0.71833,0.51737,1.26054,-1.11721,1.82287,-0.78368,-0.46474,-0.73573,0.47587,1.31029,-1.17101,1.76973,-0.72567,-0.40673,-0.67772
32.700000,1635,0.52303,1.26269,-1.13526,1.82613,-0.78049,-0.46463,-0.73626,0.51659,1.24641,-1.11470,1.83899,-0.77260,-0.46222,-0.74770,0.47509,1.29616,-1.16866,1.78585,-0.71459,-0.40420,-0.68969
32.800000,1640,0.52074,1.24782,-1.13145,1.84254,-0.76943,-0.46272,-0.74732,0.51581,1.23141,-1.11232,1.85431,-0.76176,-0.46028,-0.75976,0.47432,1.28116,-1.16628,1.80117,-0.70375,-0.40227,-0.70175
32.900000,1645,0.52036,1.23179,-1.13068,1.85703,-0.75798,-0.46119,-0.76067,0.51504,1.21555,-1.10951,1.86882,-0.75118,-0.45895,-0.77190,0.47355,1.26530,-1.16388,1.81568,-0.69317,-0.40094,-0.71389
33.000000,1650,0.52036,1.21882,-1.12687,1.87191,-0.74997,-0.46043,-0.77135,0.51427,1.19881,-1.10614,1.88249,-0.74091,-0.45824,-0.78411,0.47278,1.24857,-1.16146,1.82936,-0.68290,-0.40023,-0.72609
33.100000,1655,0.51998,1.20166,-1.11962,1.88412,-0.73433,-0.45738,-0.78661,0.51349,1.18123,-1.10490,1.89535,-0.73097,-0.45813,-0.79636,0.47200,1.23099,-1.15903,1.84221,-0.67296,-0.40012,-0.73834
33.200000,1660,0.51998,1.18296,-1.11733,1.89594,-0.72746,-0.45585,-0.80034,0.51271,1.16282,-1.10270,1.90737,-0.72140,-0.45863,-0.80863,0.47122,1.21257,-1.15662,1.85423,-0.66339,-0.40062,-0.75062
33.300000,1665,0.51731,1.16694,-1.11657,1.90777,-0.71602,-0.45547,-0.81293,0.51192,1.14356,-1.10100,1.91852,-0.71225,-0.45975,-0.82092,0.47043,1.19332,-1.15422,1.86539,-0.65424,-0.40174,-0.76291
33.400000,1670,0.51731,1.14634,-1.11581,1.91654,-0.70496,-0.45547,-0.82514,0.51111,1.12351,-1.09920,1.92884,-0.70353,-0.46147,-0.83319,0.46962,1.17326,-1.15185,1.87570,-0.64552,-0.40346,-0.77518
33.500000,1675,0.51502,1.12689,-1.11390,1.92799,-0.69962,-0.45624,-0.83735,0.51030,1.10268,-1.09588,1.93832,-0.69527,-0.46376,-0.84542,0.46880,1.15243,-1.14953,1.88518,-0.63726,-0.40575,-0.78741
33.600000,1680,0.51502,1.10743,-1.10818,1.93600,-0.68855,-0.46043,-0.85223,0.50947,1.08109,-1.09504,1.94693,-0.68751,-0.46664,-0.85760,0.46797,1.13084,-1.14726,1.89380,-0.62950,-0.40863,-0.79959
33.700000,1685,0.51502,1.08721,-1.10474,1.94553,-0.67902,-0.46425,-0.86596,0.50863,1.05874,-1.09276,1.95466,-0.68030,-0.47010,-0.86969,0.46713,1.10850,-1.14506,1.90152,-0.62229,-0.41208,-0.81168
33.800000,1690,0.51464,1.06433,-1.10360,1.95088,-0.67444,-0.46692,-0.87740,0.50777,1.03569,-1.09129,1.96151,-0.67365,-0.47410,-0.88167,0.46628,1.08544,-1.14295,1.90838,-0.61564,-0.41609,-0.82366
33.900000,1695,0.51464,1.04182,-1.10284,1.95736,-0.66719,-0.47035,-0.88923,0.50691,1.01196,-1.09027,1.96751,-0.66757,-0.47862,-0.89351,0.46542,1.06172,-1.14093,1.91437,-0.60956,-0.42061,-0.83550
34.000000,1700,0.51121,1.01931,-1.09902,1.96232,-0.65651,-0.47416,-0.90144,0.50604,0.98759,-1.08871,1.97261,-0.66210,-0.48366,-0.90520,0.46455,1.03734,-1.13903,1.91948,-0.60409,-0.42565,-0.84719
34.100000,1705,0.50586,0.99452,-1.09864,1.96575,-0.65270,-0.48065,-0.91670,0.50518,0.96259,-1.08681,1.97684,-0.65726,-0.48917,-0.91671,0.46368,1.01234,-1.13725,1.92370,-0.59925,-0.43116,-0.85870
34.200000,1710,0.50396,0.97086,-1.09826,1.96690,-0.65003,-0.48637,-0.92585,0.50431,0.93702,-1.08600,1.98018,-0.65306,-0.49514,-0.92801,0.46282,0.98677,-1.13562,1.92704,-0.59504,-0.43713,-0.87000
34.300000,1715,0.50396,0.94607,-1.09673,1.97262,-0.64888,-0.49362,-0.93997,0.50346,0.91091,-1.08535,1.98262,-0.64952,-0.50154,-0.93909,0.46196,0.96066,-1.13414,1.92949,-0.59150,-0.44352,-0.88108
34.400000,1720,0.50358,0.92013,-1.09330,1.97415,-0.64468,-0.49934,-0.94874,0.50262,0.88429,-1.08466,1.98418,-0.64664,-0.50832,-0.94992,0.46113,0.93404,-1.13283,1.93104,-0.58863,-0.45031,-0.89191
34.500000,1725,0.50319,0.89495,-1.09063,1.97529,-0.63591,-0.50697,-0.96400,0.50181,0.85721,-1.08512,1.98484,-0.64444,-0.51547,-0.96049,0.46031,0.90696,-1.13171,1.93170,-0.58643,-0.45745,-0.90248
34.600000,1730,0.50319,0.86863,-1.09063,1.97529,-0.63095,-0.51536,-0.97353,0.50103,0.82971,-1.08526,1.98460,-0.64291,-0.52293,-0.97078,0.45954,0.87947,-1.13078,1.93147,-0.58490,-0.46492,-0.91277
34.700000,1735,0.50129,0.84231,-1.08987,1.97529,-0.63057,-0.52376,-0.98422,0.50029,0.80184,-1.08427,1.98347,-0.64206,-0.53069,-0.98079,0.45880,0.85159,-1.13007,1.93034,-0.58405,-0.47267,-0.92277
34.800000,1740,0.50014,0.81560,-1.08948,1.97529,-0.63019,-0.53024,-0.99642,0.49961,0.77363,-1.08468,1.98145,-0.64187,-0.53869,-0.99049,0.45811,0.82338,-1.12957,1.92832,-0.58386,-0.48067,-0.93248
34.900000,1745,0.49862,0.78928,-1.08796,1.97529,-0.63019,-0.53787,-1.00405,0.49898,0.74513,-1.08563,1.97855,-0.64234,-0.54690,-0.99989,0.45749,0.79488,-1.12932,1.92541,-0.58433,-0.48889,-0.94187
35.000000,1750,0.49823,0.75991,-1.08758,1.97491,-0.63019,-0.54817,-1.01550,0.49843,0.71637,-1.08611,1.97475,-0.64346,-0.55528,-1.00898,0.45694,0.76612,-1.12930,1.92161,-0.58544,-0.49727,-0.95096
35.100000,1755,0.49823,0.73092,-1.08758,1.97453,-0.63057,-0.55542,-1.02503,0.49796,0.68739,-1.08700,1.97007,-0.64520,-0.56381,-1.01776,0.45647,0.73714,-1.12953,1.91693,-0.58718,-0.50579,-0.95975
35.200000,1760,0.49823,0.70345,-1.08758,1.96995,-0.63057,-0.56572,-1.03381,0.49758,0.65821,-1.09034,1.96451,-0.64754,-0.57244,-1.02624,0.45609,0.70797,-1.13001,1.91137,-0.58953,-0.51442,-0.96822
35.300000,1765,0.49823,0.67598,-1.08758,1.96423,-0.63133,-0.57640,-1.04334,0.49731,0.62885,-1.09157,1.95804,-0.65049,-0.58114,-1.03442,0.45581,0.67861,-1.13076,1.90491,-0.59248,-0.52313,-0.97641
35.400000,1770,0.49823,0.64775,-1.08758,1.95812,-0.63248,-0.58289,-1.05136,0.49715,0.59929,-1.09379,1.95065,-0.65402,-0.58991,-1.04232,0.45565,0.64904,-1.13177,1.89751,-0.59601,-0.53190,-0.98430
35.500000,1775,0.49785,0.61876,-1.08758,1.94935,-0.63591,-0.59166,-1.05670,0.49720,0.56960,-1.09741,1.94165,-0.65824,-0.59862,-1.04960,0.45571,0.61936,-1.13323,1.88852,-0.60023,-0.54060,-0.99159
35.600000,1780,0.49785,0.59053,-1.08758,1.93981,-0.64354,-0.60196,-1.06433,0.49748,0.53966,-1.10066,1.93105,-0.66313,-0.60728,-1.05634,0.45599,0.58942,-1.13512,1.87792,-0.60512,-0.54926,-0.99832
35.700000,1785,0.49785,0.56154,-1.08796,1.92875,-0.65346,-0.60921,-1.07501,0.49773,0.50885,-1.10273,1.92071,-0.66835,-0.61627,-1.06371,0.45624,0.55860,-1.13696,1.86757,-0.61034,-0.55826,-1.00570
35.800000,1790,0.49785,0.53064,-1.08796,1.91959,-0.65498,-0.62065,-1.07920,0.49809,0.47714,-1.10840,1.90960,-0.67415,-0.62549,-1.07125,0.45659,0.52690,-1.13901,1.85646,-0.61614,-0.56747,-1.01324
35.900000,1795,0.49785,0.49936,-1.08796,1.90739,-0.66032,-0.62904,-1.08683,0.49865,0.44472,-1.11377,1.89650,-0.68080,-0.63478,-1.07837,0.45715,0.49448,-1.14160,1.84337,-0.62279,-0.57677,-1.02036
36.000000,1800,0.49785,0.46846,-1.08834,1.89327,-0.66452,-0.63705,-1.09713,0.50097,0.41670,-1.10464,1.88941,-0.68292,-0.64383,-1.08623,0.45948,0.46645,-1.14216,1.83628,-0.62491,-0.58581,-1.02822
36.100000,1805,0.49862,0.44519,-1.08720,1.89060,-0.66834,-0.64850,-1.10324,0.50977,0.40995,-1.07201,1.90799,-0.66545,-0.65122,-1.09564,0.46827,0.45970,-1.13433,1.85485,-0.60744,-0.59321,-1.03763
36.200000,1810,0.50052,0.44061,-1.07423,1.90090,-0.65231,-0.65498,-1.11430,0.52096,0.41078,-1.05405,1.93527,-0.64096,-0.65809,-1.10537,0.47947,0.46053,-1.12363,1.88214,-0.58295,-0.60007,-1.04736
36.300000,1815,0.51044,0.44061,-1.05439,1.92722,-0.63019,-0.66185,-1.12574,0.53223,0.41179,-1.04155,1.96280,-0.61627,-0.66494,-1.11512,0.49073,0.46154,-1.11283,1.90966,-0.55826,-0.60693,-1.05711
36.400000,1820,0.52150,0.44099,-1.03951,1.95622,-0.60692,-0.66872,-1.13337,0.54000,0.42249,-1.03156,1.98599,-0.59612,-0.66644,-1.11952,0.49851,0.47224,-1.10423,1.93285,-0.53810,-0.60842,-1.06150
36.500000,1825,0.52952,0.44672,-1.03074,1.97720,-0.59280,-0.67177,-1.13414,0.54045,0.45331,-1.02541,2.00129,-0.58535,-0.65661,-1.11356,0.49896,0.50307,-1.09974,1.94816,-0.52734,-0.59861,-1.05555
36.600000,1830,0.53219,0.47685,-1.02349,1.99246,-0.57793,-0.66414,-1.13185,0.53984,0.48711,-1.02148,2.01455,-0.57669,-0.64483,-1.10592,0.49835,0.53686,-1.09615,1.96141,-0.51868,-0.58684,-1.04791
36.700000,1835,0.53219,0.51233,-1.02006,2.00390,-0.57068,-0.65308,-1.12803,0.53940,0.52052,-1.01883,2.02598,-0.56894,-0.63297,-1.09772,0.49790,0.57028,-1.09320,1.97285,-0.51093,-0.57499,-1.03971
36.800000,1840,0.53219,0.54209,-1.01853,2.01649,-0.56534,-0.64163,-1.12002,0.53912,0.55334,-1.01627,2.03666,-0.56179,-0.62123,-1.08957,0.49762,0.60309,-1.09051,1.98352,-0.50378,-0.56323,-1.03156
36.900000,1845,0.53219,0.57337,-1.01815,2.02831,-0.55199,-0.62752,-1.11010,0.53898,0.58551,-1.01380,2.04755,-0.55491,-0.60971,-1.08200,0.49749,0.63526,-1.08771,1.99442,-0.49690,-0.55170,-1.02399
37.000000,1850,0.53219,0.60389,-1.01624,2.03900,-0.54779,-0.61760,-1.09980,0.53901,0.61760,-1.01176,2.05668,-0.54892,-0.59802,-1.07365,0.49752,0.66736,-1.08552,2.00354,-0.49091,-0.54001,-1.01564
37.100000,1855,0.53219,0.63478,-1.01395,2.04815,-0.54474,-0.60425,-1.09217,0.53919,0.64966,-1.01032,2.06434,-0.54376,-0.58620,-1.06462,0.49770,0.69941,-1.08385,2.01121,-0.48575,-0.52819,-1.00661
37.200000,1860,0.53219,0.66530,-1.01357,2.05578,-0.54054,-0.59319,-1.08111,0.53948,0.68161,-1.00963,2.07108,-0.53932,-0.57437,-1.05521,0.49798,0.73136,-1.08251,2.01795,-0.48130,-0.51635,-0.99719
37.300000,1865,0.53219,0.69658,-1.01319,2.06303,-0.53596,-0.57754,-1.06967,0.53986,0.71346,-1.00872,2.07689,-0.53561,-0.56255,-1.04537,0.49837,0.76322,-1.08150,2.02375,-0.47760,-0.50454,-0.98736
37.400000,1870,0.53257,0.72748,-1.01281,2.06837,-0.52605,-0.56724,-1.05937,0.54032,0.74520,-1.00880,2.08178,-0.53267,-0.55080,-1.03510,0.49883,0.79495,-1.08080,2.02864,-0.47465,-0.49278,-0.97709
37.500000,1875,0.53257,0.75762,-1.01243,2.07371,-0.52528,-0.55313,-1.04640,0.54085,0.77678,-1.00825,2.08575,-0.53052,-0.53915,-1.02440,0.49935,0.82653,-1.08041,2.03261,-0.47251,-0.48113,-0.96639
37.600000,1880,0.53448,0.78661,-1.01205,2.07829,-0.52338,-0.54245,-1.03533,0.54142,0.80815,-1.00885,2.08878,-0.52921,-0.52766,-1.01325,0.49993,0.85790,-1.08032,2.03564,-0.47120,-0.46965,-0.95524
37.700000,1885,0.53486,0.81789,-1.01205,2.08172,-0.52261,-0.52910,-1.02351,0.54202,0.83926,-1.00956,2.09089,-0.52875,-0.51639,-1.00168,0.50053,0.88901,-1.08050,2.03775,-0.47074,-0.45837,-0.94367
37.800000,1890,0.53486,0.84841,-1.01205,2.08363,-0.52261,-0.51727,-1.01016,0.54264,0.87004,-1.01040,2.09206,-0.52916,-0.50539,-0.98968,0.50114,0.91979,-1.08096,2.03893,-0.47115,-0.44738,-0.93167
37.900000,1895,0.53486,0.87740,-1.01205,2.08363,-0.52299,-0.50697,-0.99566,0.54326,0.90044,-1.01257,2.09231,-0.53045,-0.49472,-0.97729,0.50176,0.95019,-1.08166,2.03917,-0.47243,-0.43671,-0.91927
38.000000,1900,0.53524,0.90372,-1.01205,2.08592,-0.52338,-0.49553,-0.98536,0.54386,0.93041,-1.01320,2.09161,-0.53263,-0.48445,-0.96450,0.50237,0.98016,-1.08259,2.03847,-0.47462,-0.42643,-0.90649
38.100000,1905,0.53524,0.93310,-1.01205,2.08668,-0.52490,-0.48675,-0.96858,0.54445,0.95988,-1.01528,2.08998,-0.53569,-0.47461,-0.95135,0.50295,1.00964,-1.08373,2.03684,-0.47768,-0.41659,-0.89334
38.200000,1910,0.53791,0.96133,-1.01205,2.08668,-0.52605,-0.47531,-0.95789,0.54499,0.98882,-1.01750,2.08743,-0.53963,-0.46525,-0.93788,0.50350,1.03857,-1.08507,2.03429,-0.48162,-0.40724,-0.87987
38.300000,1915,0.53791,0.98879,-1.01205,2.08630,-0.52719,-0.46501,-0.94111,0.54550,1.01715,-1.01920,2.08393,-0.54445,-0.45645,-0.92410,0.50400,1.06690,-1.08659,2.03079,-0.48643,-0.39844,-0.86608
38.400000,1920,0.53829,1.01817,-1.01205,2.08630,-0.53368,-0.45509,-0.92432,0.54595,1.04484,-1.02142,2.07951,-0.55010,-0.44822,-0.91005,0.50445,1.09459,-1.08825,2.02638,-0.49209,-0.39021,-0.85204
38.500000,1925,0.53982,1.04449,-1.01205,2.08477,-0.54550,-0.44479,-0.91135,0.54634,1.07184,-1.02400,2.07419,-0.55657,-0.44062,-0.89577,0.50485,1.12159,-1.09006,2.02105,-0.49856,-0.38261,-0.83776
38.600000,1930,0.54020,1.07081,-1.01243,2.08134,-0.55046,-0.43945,-0.89457,0.54667,1.09810,-1.02817,2.06793,-0.56384,-0.43368,-0.88130,0.50518,1.14785,-1.09198,2.01479,-0.50583,-0.37567,-0.82329
38.700000,1935,0.54020,1.09599,-1.01357,2.07524,-0.55695,-0.43411,-0.87740,0.54694,1.12359,-1.03094,2.06077,-0.57186,-0.42744,-0.86667,0.50545,1.17334,-1.09400,2.00763,-0.51385,-0.36943,-0.80865
38.800000,1940,0.54058,1.12040,-1.01510,2.06837,-0.56915,-0.42457,-0.86253,0.54714,1.14826,-1.03338,2.05270,-0.58060,-0.42192,-0.85192,0.50565,1.19802,-1.09611,1.99957,-0.52259,-0.36390,-0.79391
38.900000,1945,0.54058,1.14520,-1.01586,2.06074,-0.57869,-0.41809,-0.84650,0.54728,1.17210,-1.03697,2.04375,-0.59001,-0.41713,-0.83709,0.50578,1.22185,-1.09829,1.99062,-0.53200,-0.35912,-0.77908
39.000000,1950,0.54058,1.16732,-1.02082,2.05120,-0.58594,-0.41542,-0.83239,0.54735,1.19506,-1.04119,2.03391,-0.60005,-0.41310,-0.82222,0.50585,1.24481,-1.10052,1.98078,-0.54204,-0.35509,-0.76421
39.100000,1955,0.54058,1.19059,-1.02540,2.04128,-0.60120,-0.41084,-0.81408,0.54736,1.21713,-1.04378,2.02320,-0.61066,-0.40985,-0.80734,0.50586,1.26688,-1.10280,1.97007,-0.55265,-0.35183,-0.74933
39.200000,1960,0.54325,1.21005,-1.02845,2.03060,-0.60883,-0.40893,-0.79882,0.54731,1.23828,-1.04861,2.01162,-0.62180,-0.40737,-0.79249,0.50582,1.28803,-1.10510,1.95849,-0.56379,-0.34936,-0.73448
39.300000,1965,0.54363,1.23179,-1.03074,2.01878,-0.62408,-0.40359,-0.78356,0.54721,1.25849,-1.05115,1.99919,-0.63342,-0.40567,-0.77770,0.50572,1.30824,-1.10741,1.94605,-0.57541,-0.34766,-0.71968
39.400000,1970,0.54592,1.25049,-1.03646,2.00581,-0.63400,-0.40168,-0.76906,0.54706,1.27775,-1.05617,1.98591,-0.64547,-0.40475,-0.76299,0.50557,1.32750,-1.10973,1.93277,-0.58746,-0.34674,-0.70498
39.500000,1975,0.54592,1.26727,-1.04218,1.99398,-0.64774,-0.39978,-0.75342,0.54688,1.29604,-1.05917,1.97179,-0.65789,-0.40462,-0.74839,0.50539,1.34580,-1.11204,1.91865,-0.59988,-0.34661,-0.69038
39.600000,1980,0.54592,1.28634,-1.04638,1.97910,-0.65956,-0.39901,-0.73702,0.54666,1.31337,-1.06310,1.95685,-0.67064,-0.40525,-0.73393,0.50517,1.36312,-1.11433,1.90371,-0.61263,-0.34724,-0.67591
39.700000,1985,0.54592,1.30084,-1.04981,1.96346,-0.67482,-0.39863,-0.72367,0.54642,1.32971,-1.06662,1.94109,-0.68366,-0.40664,-0.71962,0.50493,1.37946,-1.11659,1.88795,-0.62565,-0.34862,-0.66160
39.800000,1990,0.54592,1.31724,-1.05439,1.94897,-0.68627,-0.40016,-0.70650,0.54617,1.34507,-1.07176,1.92452,-0.69691,-0.40877,-0.70547,0.50468,1.39482,-1.11881,1.87138,-0.63890,-0.35076,-0.64746
39.900000,1995,0.54592,1.33174,-1.05668,1.93142,-0.70305,-0.40207,-0.69239,0.54591,1.35945,-1.07577,1.90715,-0.71034,-0.41164,-0.69151,0.50441,1.40920,-1.12099,1.85402,-0.65232,-0.35363,-0.63350
40.000000,2000,0.54592,1.34547,-1.06164,1.91464,-0.71411,-0.40359,-0.67789,0.54565,1.37284,-1.08118,1.88896,-0.72390,-0.41522,-0.67773,0.50416,1.42259,-1.12310,1.83587,-0.66589,-0.35721,-0.61972
40.100000,2005,0.54592,1.35844,-1.06774,1.89594,-0.73242,-0.40703,-0.66454,0.54540,1.38526,-1.08421,1.87001,-0.73756,-0.41950,-0.66415,0.50391,1.43501,-1.12515,1.81693,-0.67955,-0.36149,-0.60614
40.200000,2010,0.54592,1.37027,-1.07079,1.87725,-0.74463,-0.41351,-0.64928,0.54518,1.39670,-1.08862,1.85028,-0.75128,-0.42446,-0.65076,0.50368,1.44645,-1.12712,1.79722,-0.69327,-0.36645,-0.59275
40.300000,2015,0.54592,1.38210,-1.07766,1.85703,-0.76065,-0.41847,-0.63402,0.54498,1.40717,-1.09204,1.82977,-0.76502,-0.43009,-0.63756,0.50348,1.45692,-1.12901,1.77674,-0.70701,-0.37207,-0.57955
40.400000,2020,0.54592,1.38667,-1.08224,1.83720,-0.77248,-0.42190,-0.62220,0.54482,1.41668,-1.09721,1.80848,-0.77876,-0.43635,-0.62455,0.50333,1.46643,-1.13080,1.75548,-0.72074,-0.37834,-0.56654
40.500000,2025,0.54592,1.39964,-1.08720,1.81660,-0.78926,-0.42991,-0.60732,0.54471,1.42523,-1.10194,1.78641,-0.79245,-0.44324,-0.61171,0.50322,1.47499,-1.13248,1.73346,-0.73444,-0.38523,-0.55370
40.600000,2030,0.54592,1.40842,-1.09330,1.79333,-0.80185,-0.43831,-0.59664,0.54465,1.43285,-1.10803,1.76358,-0.80609,-0.45075,-0.59903,0.50317,1.48260,-1.13405,1.71067,-0.74808,-0.39273,-0.54102
40.700000,2035,0.54630,1.41490,-1.09826,1.77044,-0.81635,-0.44632,-0.58176,0.54467,1.43953,-1.11438,1.73995,-0.81965,-0.45885,-0.58649,0.50319,1.48929,-1.13550,1.68708,-0.76164,-0.40083,-0.52848
40.800000,2040,0.54592,1.41681,-1.10665,1.74793,-0.83161,-0.45242,-0.57146,0.54476,1.44531,-1.11891,1.71551,-0.83314,-0.46754,-0.57406,0.50329,1.49506,-1.13682,1.66268,-0.77513,-0.40952,-0.51605
40.900000,2045,0.54592,1.42062,-1.10970,1.72390,-0.84496,-0.46387,-0.55582,0.54495,1.45017,-1.12407,1.69018,-0.84655,-0.47682,-0.56171,0.50348,1.49992,-1.13800,1.63741,-0.78854,-0.41881,-0.50369
41.000000,2050,0.54592,1.43016,-1.11581,1.69796,-0.86060,-0.47226,-0.54514,0.54524,1.45412,-1.12872,1.66391,-0.85989,-0.48672,-0.54939,0.50377,1.50387,-1.13902,1.61120,-0.80189,-0.42871,-0.49138
41.100000,2055,0.54859,1.43092,-1.12229,1.67125,-0.87128,-0.48218,-0.53179,0.54568,1.45705,-1.13624,1.63656,-0.87315,-0.49722,-0.53704,0.50420,1.50680,-1.13988,1.58392,-0.81519,-0.43921,-0.47903
41.200000,2060,0.54859,1.43245,-1.12801,1.64646,-0.88845,-0.49400,-0.51920,0.54638,1.45789,-1.14321,1.60781,-0.88612,-0.50808,-0.52461,0.50491,1.50764,-1.14044,1.55525,-0.82820,-0.45006,-0.46660
41.300000,2065,0.54859,1.43245,-1.13374,1.61556,-0.89837,-0.50430,-0.50699,0.54720,1.45834,-1.14935,1.57792,-0.89926,-0.51975,-0.51203,0.50573,1.50809,-1.14087,1.52543,-0.84139,-0.46174,-0.45402
41.400000,2070,0.54859,1.43245,-1.13984,1.58504,-0.91630,-0.51803,-0.49326,0.54801,1.45869,-1.15152,1.54692,-0.91265,-0.53256,-0.49946,0.50653,1.50845,-1.14126,1.49446,-0.85482,-0.47454,-0.44145
41.500000,2075,0.55088,1.43245,-1.14022,1.55452,-0.92698,-0.53062,-0.48105,0.54918,1.46091,-1.14256,1.51991,-0.92472,-0.54326,-0.48685,0.50771,1.51066,-1.14005,1.46719,-0.86693,-0.48525,-0.42884
41.600000,2080,0.55088,1.43588,-1.13870,1.53392,-0.93995,-0.53673,-0.46694,0.55184,1.47748,-1.08305,1.52465,-0.92739,-0.53496,-0.47520,0.51036,1.52724,-1.12905,1.47155,-0.86956,-0.47695,-0.41719
41.700000,2085,0.55126,1.45534,-1.11047,1.54041,-0.94262,-0.53024,-0.45549,0.55518,1.50048,-1.04481,1.54571,-0.92477,-0.51626,-0.46425,0.51374,1.55024,-1.11283,1.49257,-0.86692,-0.45824,-0.40623
41.800000,2090,0.55698,1.48128,-1.07156,1.56063,-0.94224,-0.51651,-0.44557,0.55859,1.52366,-1.02609,1.56709,-0.92205,-0.49731,-0.45326,0.51715,1.57341,-1.09647,1.51395,-0.86418,-0.43930,-0.39525
41.900000,2095,0.55698,1.50531,-1.04943,1.58237,-0.94147,-0.49896,-0.43909,0.56146,1.54121,-1.01595,1.59052,-0.91704,-0.47902,-0.44766,0.51999,1.59096,-1.08377,1.53738,-0.85909,-0.42101,-0.38965
42.000000,2100,0.56232,1.51866,-1.03989,1.60450,-0.93461,-0.48027,-0.43451,0.56277,1.54455,-1.01811,1.62063,-0.90535,-0.46281,-0.45742,0.52127,1.59430,-1.08157,1.56750,-0.84735,-0.40479,-0.39941
42.100000,2105,0.56728,1.52210,-1.03799,1.63807,-0.91897,-0.46463,-0.44176,0.56381,1.54460,-1.01976,1.65190,-0.89190,-0.44778,-0.47088,0.52232,1.59435,-1.08189,1.59876,-0.83388,-0.38977,-0.41286
42.200000,2110,0.56804,1.52210,-1.03799,1.66935,-0.90867,-0.44822,-0.45129,0.56488,1.54389,-1.01989,1.68201,-0.87831,-0.43375,-0.48444,0.52339,1.59365,-1.08218,1.62887,-0.82030,-0.37574,-0.42643
42.300000,2115,0.56804,1.52629,-1.03799,1.69872,-0.89188,-0.43564,-0.46617,0.56599,1.54325,-1.02042,1.71114,-0.86482,-0.42069,-0.49787,0.52450,1.59300,-1.08235,1.65801,-0.80681,-0.36268,-0.43986
42.400000,2120,0.56804,1.52706,-1.03799,1.72657,-0.88005,-0.42076,-0.47685,0.56740,1.54046,-1.02010,1.73887,-0.85087,-0.40797,-0.51118,0.52590,1.59021,-1.08221,1.68574,-0.79286,-0.34996,-0.45317
42.500000,2125,0.56804,1.52706,-1.03799,1.75442,-0.86251,-0.40893,-0.49440,0.56896,1.53649,-1.02003,1.76553,-0.83665,-0.39585,-0.52449,0.52746,1.58624,-1.08187,1.71239,-0.77863,-0.33783,-0.46648
42.600000,2130,0.57072,1.52667,-1.03799,1.78036,-0.84725,-0.39405,-0.50775,0.57062,1.53157,-1.01949,1.79127,-0.82218,-0.38435,-0.53787,0.52913,1.58132,-1.08136,1.73813,-0.76417,-0.32633,-0.47985
42.700000,2135,0.57339,1.52667,-1.03799,1.80515,-0.83275,-0.38376,-0.52454,0.57239,1.52567,-1.01888,1.81615,-0.80744,-0.37347,-0.55138,0.53090,1.57542,-1.08070,1.76302,-0.74943,-0.31546,-0.49337
42.800000,2140,0.57339,1.52515,-1.03799,1.82957,-0.81368,-0.37269,-0.53636,0.57424,1.51879,-1.01864,1.84025,-0.79244,-0.36322,-0.56508,0.53275,1.56854,-1.07991,1.78712,-0.73443,-0.30521,-0.50707
42.900000,2145,0.57377,1.51599,-1.03799,1.85245,-0.79956,-0.36163,-0.55200,0.57617,1.51092,-1.01719,1.86359,-0.77718,-0.35361,-0.57902,0.53468,1.56067,-1.07899,1.81046,-0.71917,-0.29560,-0.52101
43.000000,2150,0.57644,1.50722,-1.03799,1.87534,-0.78278,-0.35095,-0.56612,0.57816,1.50201,-1.01603,1.88617,-0.76168,-0.34467,-0.59323,0.53667,1.55177,-1.07794,1.83303,-0.70366,-0.28666,-0.53522
43.100000,2155,0.58216,1.50340,-1.03684,1.89747,-0.76447,-0.34256,-0.58367,0.58020,1.49209,-1.01461,1.90801,-0.74597,-0.33641,-0.60774,0.53871,1.54184,-1.07680,1.85487,-0.68796,-0.27840,-0.54973
43.200000,2160,0.58445,1.49043,-1.03341,1.91845,-0.75035,-0.33416,-0.59740,0.58227,1.48113,-1.01365,1.92910,-0.73009,-0.32887,-0.62257,0.54078,1.53088,-1.07555,1.87596,-0.67208,-0.27086,-0.56456
43.300000,2165,0.58483,1.48090,-1.03341,1.93943,-0.73090,-0.32768,-0.61418,0.58437,1.46909,-1.01248,1.94942,-0.71409,-0.32209,-0.63775,0.54288,1.51884,-1.07422,1.89629,-0.65608,-0.26408,-0.57974
43.400000,2170,0.58521,1.47060,-1.03341,1.95965,-0.71373,-0.32005,-0.63097,0.58647,1.45600,-1.01151,1.96899,-0.69802,-0.31610,-0.65328,0.54498,1.50575,-1.07281,1.91585,-0.64001,-0.25808,-0.59527
43.500000,2175,0.58750,1.45572,-1.03036,1.97758,-0.70076,-0.31318,-0.64814,0.58856,1.44184,-1.00995,1.98779,-0.68193,-0.31090,-0.66917,0.54707,1.49159,-1.07133,1.93465,-0.62391,-0.25289,-0.61116
43.600000,2180,0.58864,1.44122,-1.02616,1.99589,-0.67940,-0.30860,-0.66340,0.59064,1.42659,-1.00859,2.00579,-0.66588,-0.30657,-0.68542,0.54914,1.47634,-1.06979,1.95266,-0.60787,-0.24856,-0.62741
43.700000,2185,0.59017,1.42902,-1.02387,2.01267,-0.66223,-0.30593,-0.68438,0.59267,1.41025,-1.00763,2.02301,-0.64994,-0.30311,-0.70203,0.55118,1.46000,-1.06819,1.96987,-0.59193,-0.24510,-0.64402
43.800000,2190,0.59017,1.40994,-1.02044,2.02946,-0.64888,-0.30326,-0.70116,0.59466,1.39283,-1.00602,2.03943,-0.63417,-0.30054,-0.71898,0.55316,1.44258,-1.06655,1.98630,-0.57616,-0.24253,-0.66097
43.900000,2195,0.59322,1.39507,-1.02044,2.04548,-0.62943,-0.29830,-0.71680,0.59658,1.37430,-1.00584,2.05502,-0.61865,-0.29892,-0.73627,0.55508,1.42406,-1.06488,2.00189,-0.56064,-0.24090,-0.67826
44.000000,2200,0.59704,1.37714,-1.02044,2.05960,-0.61455,-0.29716,-0.73855,0.59842,1.35470,-1.00399,2.06979,-0.60345,-0.29823,-0.75387,0.55693,1.40445,-1.06318,2.01666,-0.54544,-0.24022,-0.69585
44.100000,2205,0.59894,1.35730,-1.01967,2.07485,-0.59738,-0.29602,-0.75686,0.60017,1.33402,-1.00243,2.08372,-0.58864,-0.29851,-0.77174,0.55868,1.38377,-1.06146,2.03059,-0.53063,-0.24050,-0.71373
44.200000,2210,0.60085,1.33746,-1.01815,2.08821,-0.58136,-0.29678,-0.77402,0.60182,1.31224,-1.00228,2.09678,-0.57431,-0.29979,-0.78987,0.56033,1.36200,-1.05974,2.04365,-0.51630,-0.24178,-0.73186
44.300000,2215,0.60123,1.31496,-1.01586,2.10041,-0.56915,-0.29678,-0.79348,0.60336,1.28940,-1.00051,2.10894,-0.56052,-0.30209,-0.80818,0.56187,1.33915,-1.05805,2.05580,-0.50250,-0.24408,-0.75017
44.400000,2220,0.60123,1.29321,-1.01319,2.11148,-0.55084,-0.29792,-0.81370,0.60478,1.26548,-1.00000,2.12017,-0.54736,-0.30542,-0.82665,0.56329,1.31523,-1.05640,2.06703,-0.48935,-0.24741,-0.76864
44.500000,2225,0.60123,1.26956,-1.01281,2.12178,-0.54130,-0.29907,-0.83315,0.60607,1.24056,-0.99877,2.13053,-0.53491,-0.30973,-0.84524,0.56458,1.29031,-1.05477,2.07739,-0.47690,-0.25171,-0.78722
44.600000,2230,0.60161,1.24515,-1.01052,2.13093,-0.52490,-0.30632,-0.85413,0.60722,1.21467,-0.99892,2.14001,-0.52327,-0.31498,-0.86391,0.56573,1.26443,-1.05316,2.08687,-0.46526,-0.25697,-0.80589
44.700000,2235,0.60429,1.22073,-1.00785,2.13932,-0.51651,-0.31089,-0.87244,0.60823,1.18785,-0.99734,2.14862,-0.51248,-0.32115,-0.88261,0.56674,1.23761,-1.05159,2.09548,-0.45447,-0.26314,-0.82459
44.800000,2240,0.60429,1.19365,-1.00556,2.14734,-0.50316,-0.31738,-0.89152,0.60910,1.16013,-0.99774,2.15634,-0.50261,-0.32821,-0.90128,0.56761,1.20988,-1.05008,2.10321,-0.44460,-0.27019,-0.84327
44.900000,2245,0.60429,1.16732,-1.00556,2.15535,-0.49324,-0.32386,-0.91288,0.60983,1.13153,-0.99690,2.16315,-0.49376,-0.33613,-0.91988,0.56833,1.18129,-1.04865,2.11001,-0.43574,-0.27812,-0.86187
45.000000,2250,0.60429,1.13871,-1.00518,2.15954,-0.48485,-0.33454,-0.92967,0.61042,1.10210,-0.99626,2.16900,-0.48595,-0.34491,-0.93832,0.56893,1.15185,-1.04734,2.11586,-0.42793,-0.28689,-0.88031
45.100000,2255,0.60429,1.10934,-1.00442,2.16603,-0.47378,-0.34332,-0.95141,0.61088,1.07186,-0.99684,2.17383,-0.47924,-0.35453,-0.95651,0.56939,1.12162,-1.04621,2.12070,-0.42123,-0.29652,-0.89850
45.200000,2260,0.60429,1.07997,-1.00442,2.16946,-0.46997,-0.35209,-0.97010,0.61123,1.04089,-0.99625,2.17768,-0.47369,-0.36493,-0.97442,0.56973,1.09065,-1.04525,2.12454,-0.41568,-0.30692,-0.91641
45.300000,2265,0.60467,1.04907,-1.00442,2.17328,-0.46615,-0.36468,-0.98994,0.61146,1.00926,-0.99734,2.18054,-0.46934,-0.37601,-0.99201,0.56997,1.05902,-1.04448,2.12741,-0.41133,-0.31800,-0.93400
45.400000,2270,0.60467,1.01855,-1.00442,2.17518,-0.46272,-0.37536,-1.00634,0.61160,0.97704,-0.99860,2.18243,-0.46619,-0.38769,-1.00923,0.57010,1.02679,-1.04394,2.12930,-0.40818,-0.32968,-0.95122
45.500000,2275,0.60429,0.98651,-1.00403,2.17595,-0.45776,-0.38871,-1.02656,0.61165,0.94429,-0.99936,2.18335,-0.46426,-0.39990,-1.02604,0.57016,0.99404,-1.04364,2.13021,-0.40625,-0.34189,-0.96803
45.600000,2280,0.60429,0.95408,-1.00365,2.17709,-0.45166,-0.40054,-1.04220,0.61165,0.91109,-1.00071,2.18328,-0.46356,-0.41255,-1.04240,0.57016,0.96084,-1.04361,2.13014,-0.40555,-0.35454,-0.98439
45.700000,2285,0.60429,0.92127,-1.00365,2.17709,-0.45051,-0.41465,-1.05746,0.61161,0.87751,-1.00245,2.18223,-0.46408,-0.42557,-1.05829,0.57012,0.92726,-1.04388,2.12909,-0.40607,-0.36756,-1.00028
45.800000,2290,0.60429,0.88961,-1.00365,2.17709,-0.45089,-0.42801,-1.07768,0.61155,0.84363,-1.00528,2.18020,-0.46579,-0.43887,-1.07367,0.57006,0.89338,-1.04448,2.12706,-0.40777,-0.38086,-1.01566
45.900000,2295,0.60429,0.85604,-1.00365,2.17671,-0.45089,-0.44327,-1.09408,0.61150,0.80953,-1.00798,2.17720,-0.46866,-0.45237,-1.08854,0.57001,0.85928,-1.04542,2.12406,-0.41065,-0.39435,-1.03052
46.000000,2300,0.60429,0.82247,-1.00365,2.17671,-0.45166,-0.45585,-1.10629,0.61149,0.77528,-1.01088,2.17321,-0.47268,-0.46597,-1.10286,0.56999,0.82503,-1.04674,2.12008,-0.41467,-0.40796,-1.04485
46.100000,2305,0.60429,0.78852,-1.00365,2.17404,-0.45471,-0.47073,-1.12345,0.61153,0.74095,-1.01490,2.16826,-0.47777,-0.47960,-1.11666,0.57004,0.79070,-1.04845,2.11512,-0.41976,-0.42159,-1.05865
46.200000,2310,0.60429,0.75648,-1.00365,2.16984,-0.46425,-0.48446,-1.13681,0.61166,0.70661,-1.01818,2.16235,-0.48389,-0.49318,-1.12993,0.57017,0.75636,-1.05057,2.10921,-0.42587,-0.43517,-1.07192
46.300000,2315,0.60429,0.72252,-1.00365,2.16298,-0.47149,-0.49934,-1.15092,0.61191,0.67230,-1.02274,2.15548,-0.49096,-0.50665,-1.14270,0.57041,0.72205,-1.05310,2.10235,-0.43295,-0.44864,-1.08469
46.400000,2320,0.60429,0.68895,-1.00365,2.15649,-0.47531,-0.51231,-1.16160,0.61229,0.63805,-1.02799,2.14765,-0.49896,-0.51994,-1.15498,0.57079,0.68780,-1.05606,2.09451,-0.44095,-0.46193,-1.09697
46.500000,2325,0.60429,0.65500,-1.00403,2.14848,-0.48294,-0.52643,-1.17572,0.61279,0.60390,-1.03416,2.13864,-0.50792,-0.53300,-1.16667,0.57130,0.65366,-1.05957,2.08550,-0.44991,-0.47499,-1.10866
46.600000,2330,0.60429,0.62220,-1.00709,2.13856,-0.49782,-0.53978,-1.18678,0.61329,0.56999,-1.04255,2.12771,-0.51821,-0.54573,-1.17727,0.57180,0.61974,-1.06399,2.07457,-0.46020,-0.48772,-1.11926
46.700000,2335,0.60429,0.58977,-1.01700,2.12635,-0.50468,-0.55313,-1.19899,0.61423,0.53569,-1.05438,2.11661,-0.52875,-0.55832,-1.18830,0.57274,0.58544,-1.06840,2.06348,-0.47074,-0.50030,-1.13029
46.800000,2340,0.60429,0.55658,-1.02845,2.11415,-0.51727,-0.56457,-1.20967,0.61557,0.50092,-1.06232,2.10495,-0.53979,-0.57076,-1.19960,0.57407,0.55067,-1.07302,2.05181,-0.48178,-0.51274,-1.14159
46.900000,2345,0.60657,0.52187,-1.03608,2.10308,-0.52719,-0.57831,-1.22073,0.61711,0.46583,-1.07189,2.09169,-0.55186,-0.58295,-1.21051,0.57562,0.51558,-1.07835,2.03856,-0.49385,-0.52494,-1.15250
47.000000,2350,0.60657,0.48715,-1.04676,2.08821,-0.54130,-0.58937,-1.23218,0.61935,0.43141,-1.07794,2.07778,-0.56359,-0.59548,-1.22102,0.57786,0.48116,-1.08398,2.02464,-0.50558,-0.53747,-1.16301
47.100000,2355,0.60734,0.45625,-1.04981,2.07714,-0.55008,-0.60501,-1.23980,0.62874,0.41356,-1.05155,2.07829,-0.55502,-0.61775,-1.23036,0.58725,0.46332,-1.08319,2.02516,-0.49701,-0.55974,-1.17235
47.200000,2360,0.62298,0.44214,-1.04371,2.07714,-0.54283,-0.62943,-1.25087,0.64396,0.41084,-1.02466,2.09036,-0.52894,-0.64878,-1.23735,0.60247,0.46059,-1.07741,2.03722,-0.47093,-0.59076,-1.17934
47.300000,2365,0.63900,0.44061,-1.02502,2.08248,-0.52032,-0.65956,-1.25812,0.65962,0.40853,-1.01450,2.10296,-0.50189,-0.68060,-1.24438,0.61812,0.45828,-1.07138,2.04983,-0.44388,-0.62259,-1.18637
47.400000,2370,0.65388,0.44023,-1.01586,2.09584,-0.49171,-0.69122,-1.26536,0.67543,0.40620,-1.00649,2.11570,-0.47456,-0.71274,-1.25148,0.63393,0.45595,-1.06529,2.06256,-0.41655,-0.65473,-1.19347
47.500000,2375,0.67104,0.43794,-1.00670,2.10881,-0.46615,-0.72403,-1.27337,0.69126,0.40389,-0.99764,2.12846,-0.44719,-0.74491,-1.25858,0.64976,0.45365,-1.05919,2.07532,-0.38918,-0.68689,-1.20057
47.600000,2380,0.68554,0.43184,-0.99869,2.12178,-0.43907,-0.74883,-1.28062,0.70231,0.41257,-0.98417,2.14142,-0.42324,-0.74798,-1.26052,0.66082,0.46232,-1.05372,2.08829,-0.36523,-0.70527,-1.20251
47.700000,2385,0.68974,0.43718,-0.98496,2.13513,-0.41580,-0.75455,-1.28024,0.70307,0.44622,-0.97112,2.15610,-0.40642,-0.74798,-1.25198,0.66157,0.49597,-1.04854,2.10297,-0.34841,-0.69201,-1.19396
47.800000,2390,0.68974,0.46922,-0.97237,2.15077,-0.39787,-0.75340,-1.27681,0.70303,0.48273,-0.96556,2.17027,-0.39084,-0.73246,-1.24223,0.66154,0.53249,-1.04364,2.11714,-0.33283,-0.67463,-1.18422
47.900000,2395,0.68974,0.50737,-0.96398,2.16412,-0.38452,-0.74196,-1.26765,0.70315,0.51943,-0.96161,2.18283,-0.37629,-0.71441,-1.23164,0.66166,0.56918,-1.03976,2.12969,-0.31827,-0.65657,-1.17363
48.000000,2400,0.68974,0.54132,-0.95940,2.17823,-0.36583,-0.72479,-1.25583,0.70399,0.55587,-0.95730,2.19492,-0.36168,-0.69607,-1.22125,0.66250,0.60562,-1.03573,2.14179,-0.30367,-0.63822,-1.16324
48.100000,2405,0.69012,0.57604,-0.95673,2.18968,-0.35514,-0.70496,-1.24705,0.70508,0.59246,-0.95395,2.20594,-0.34787,-0.67721,-1.21032,0.66358,0.64221,-1.03229,2.15281,-0.28986,-0.61934,-1.15231
48.200000,2410,0.69546,0.61228,-0.95482,2.20112,-0.33874,-0.68627,-1.23103,0.70615,0.62943,-0.95212,2.21554,-0.33538,-0.65766,-1.19839,0.66466,0.67918,-1.02985,2.16241,-0.27737,-0.59979,-1.14038
48.300000,2415,0.70080,0.64737,-0.95482,2.21142,-0.33035,-0.66528,-1.21844,0.70742,0.66662,-0.94991,2.22414,-0.32382,-0.63765,-1.18579,0.66593,0.71638,-1.02797,2.17101,-0.26581,-0.57976,-1.12777
48.400000,2420,0.70080,0.68361,-0.95406,2.22020,-0.31433,-0.64507,-1.20356,0.70886,0.70402,-0.94884,2.23176,-0.31328,-0.61719,-1.17246,0.66736,0.75377,-1.02664,2.17862,-0.25527,-0.55930,-1.11445
48.500000,2425,0.70080,0.71985,-0.95330,2.22783,-0.30746,-0.62294,-1.18907,0.71041,0.74156,-0.94846,2.23838,-0.30386,-0.59639,-1.15838,0.66892,0.79131,-1.02584,2.18524,-0.24585,-0.53849,-1.10037
48.600000,2430,0.70423,0.75648,-0.95330,2.23507,-0.29716,-0.60196,-1.17343,0.71206,0.77917,-0.94834,2.24400,-0.29567,-0.57534,-1.14351,0.67057,0.82892,-1.02554,2.19086,-0.23766,-0.51742,-1.08550
48.700000,2435,0.70614,0.79310,-0.95330,2.24156,-0.28724,-0.57907,-1.15588,0.71375,0.81677,-0.94919,2.24862,-0.28877,-0.55414,-1.12785,0.67226,0.86652,-1.02572,2.19549,-0.23076,-0.49622,-1.06984
48.800000,2440,0.70690,0.82934,-0.95330,2.24614,-0.28381,-0.55885,-1.13948,0.71546,0.85426,-0.95017,2.25222,-0.28329,-0.53292,-1.11139,0.67396,0.90401,-1.02634,2.19908,-0.22528,-0.47498,-1.05338
48.900000,2445,0.71186,0.86520,-0.95330,2.24766,-0.27923,-0.53520,-1.12117,0.71713,0.89154,-0.95138,2.25479,-0.27929,-0.51179,-1.09415,0.67564,0.94129,-1.02738,2.20166,-0.22128,-0.45383,-1.03614
49.000000,2450,0.71529,0.90182,-0.95330,2.25262,-0.27618,-0.51384,-1.10095,0.71875,0.92852,-0.95352,2.25635,-0.27682,-0.49088,-1.07616,0.67725,0.97827,-1.02877,2.20321,-0.21881,-0.43291,-1.01815
49.100000,2455,0.71720,0.93729,-0.95330,2.25377,-0.27084,-0.49095,-1.08302,0.72026,0.96509,-0.95573,2.25686,-0.27596,-0.47032,-1.05743,0.67877,1.01484,-1.03050,2.20373,-0.21795,-0.41233,-0.99941
49.200000,2460,0.71758,0.97315,-0.95330,2.25377,-0.26702,-0.46959,-1.06356,0.72165,1.00116,-0.95824,2.25635,-0.27670,-0.45022,-1.03801,0.68016,1.05092,-1.03251,2.20321,-0.21869,-0.39223,-0.97999
49.300000,2465,0.71796,1.00787,-0.95330,2.25377,-0.26779,-0.44784,-1.04182,0.72288,1.03666,-0.96106,2.25474,-0.27907,-0.43082,-1.01787,0.68139,1.08641,-1.03482,2.20160,-0.22106,-0.37281,-0.95986
49.400000,2470,0.72064,1.04258,-0.95330,2.25377,-0.26855,-0.43106,-1.01969,0.72390,1.07149,-0.96473,2.25197,-0.28306,-0.41233,-0.99700,0.68241,1.12125,-1.03743,2.19883,-0.22504,-0.35432,-0.93899
49.500000,2475,0.72064,1.07691,-0.95330,2.25377,-0.27122,-0.41008,-0.99719,0.72483,1.10560,-0.96752,2.24824,-0.28849,-0.39459,-0.97563,0.68334,1.15535,-1.04014,2.19511,-0.23047,-0.33658,-0.91762
49.600000,2480,0.72292,1.11010,-0.95368,2.25339,-0.28114,-0.39100,-0.97430,0.72644,1.13912,-0.96967,2.24433,-0.29370,-0.37703,-0.95410,0.68495,1.18888,-1.04208,2.19119,-0.23569,-0.31902,-0.89609
49.700000,2485,0.72292,1.14253,-0.95444,2.25224,-0.28762,-0.37422,-0.95179,0.72743,1.17166,-0.97364,2.23912,-0.30132,-0.36070,-0.93212,0.68594,1.22141,-1.04453,2.18598,-0.24331,-0.30269,-0.87411
49.800000,2490,0.72331,1.17381,-0.95559,2.24804,-0.29335,-0.35667,-0.92776,0.72772,1.20310,-0.97791,2.23251,-0.31145,-0.34575,-0.90972,0.68622,1.25285,-1.04754,2.17938,-0.25343,-0.28774,-0.85171
49.900000,2495,0.72826,1.20471,-0.95940,2.24156,-0.30441,-0.34065,-0.90525,0.72776,1.23351,-0.98122,2.22492,-0.32303,-0.33193,-0.88710,0.68626,1.28326,-1.05059,2.17178,-0.26502,-0.27392,-0.82909
50.000000,2500,0.72865,1.23446,-0.96436,2.23431,-0.31814,-0.32692,-0.87969,0.72755,1.26285,-0.98594,2.21635,-0.33597,-0.31931,-0.86435,0.68606,1.31261,-1.05366,2.16322,-0.27796,-0.26130,-0.80634
50.100000,2505,0.72865,1.26269,-0.96970,2.22554,-0.33264,-0.31242,-0.85604,0.72671,1.29064,-0.99022,2.20643,-0.35083,-0.30847,-0.84164,0.68522,1.34040,-1.05708,2.15329,-0.29282,-0.25046,-0.78363
50.200000,2510,0.72865,1.28978,-0.97352,2.21562,-0.34751,-0.30517,-0.83201,0.72507,1.31667,-0.99655,2.19497,-0.36775,-0.29968,-0.81908,0.68358,1.36642,-1.06099,2.14183,-0.30974,-0.24167,-0.76106
50.300000,2515,0.72865,1.31534,-0.98038,2.20379,-0.36697,-0.29182,-0.80683,0.72410,1.34249,-0.99904,2.18347,-0.38418,-0.29109,-0.79642,0.68262,1.39224,-1.06408,2.13034,-0.32616,-0.23308,-0.73841
50.400000,2520,0.72865,1.34013,-0.98267,2.19235,-0.38261,-0.28305,-0.78394,0.72309,1.36731,-1.00264,2.17128,-0.40120,-0.28362,-0.77389,0.68165,1.41706,-1.06696,2.11814,-0.34319,-0.22561,-0.71588
50.500000,2525,0.72865,1.36493,-0.98420,2.18052,-0.40054,-0.27732,-0.76029,0.72193,1.39094,-1.00752,2.15822,-0.41899,-0.27749,-0.75158,0.68050,1.44070,-1.06980,2.10508,-0.36098,-0.21948,-0.69357
50.600000,2530,0.72826,1.38705,-0.99106,2.16641,-0.42114,-0.27008,-0.73664,0.72060,1.41333,-1.01092,2.14425,-0.43741,-0.27278,-0.72953,0.67921,1.46309,-1.07264,2.09111,-0.37940,-0.21476,-0.67152
50.700000,2535,0.72826,1.40956,-0.99679,2.15229,-0.44098,-0.26397,-0.71337,0.71916,1.43448,-1.01538,2.12937,-0.45636,-0.26945,-0.70778,0.67779,1.48424,-1.07546,2.07626,-0.39835,-0.21144,-0.64977
50.800000,2540,0.72826,1.42864,-1.00251,2.13818,-0.45967,-0.26130,-0.69048,0.71760,1.45445,-1.01922,2.11369,-0.47573,-0.26740,-0.68642,0.67626,1.50420,-1.07822,2.06059,-0.41772,-0.20939,-0.62841
50.900000,2545,0.72826,1.44809,-1.00632,2.12292,-0.47989,-0.26054,-0.67064,0.71596,1.47321,-1.02349,2.09718,-0.49542,-0.26662,-0.66546,0.67465,1.52296,-1.08094,2.04412,-0.43741,-0.20861,-0.60745
51.000000,2550,0.72788,1.46602,-1.01319,2.10537,-0.50201,-0.26016,-0.64890,0.71425,1.49070,-1.02737,2.07980,-0.51530,-0.26716,-0.64492,0.67297,1.54045,-1.08365,2.02676,-0.45729,-0.20915,-0.58691
51.100000,2555,0.72750,1.48204,-1.01739,2.08821,-0.52376,-0.26054,-0.62563,0.71248,1.50693,-1.03048,2.06156,-0.53527,-0.26895,-0.62484,0.67125,1.55669,-1.08632,2.00856,-0.47726,-0.21094,-0.56682
51.200000,2560,0.72750,1.49883,-1.02006,2.06990,-0.54359,-0.26092,-0.60694,0.71072,1.52198,-1.03512,2.04253,-0.55526,-0.27189,-0.60522,0.66950,1.57173,-1.08893,1.98957,-0.49725,-0.21387,-0.54721
51.300000,2565,0.72521,1.51332,-1.02730,2.05044,-0.56305,-0.26168,-0.58519,0.70894,1.53586,-1.03936,2.02275,-0.57517,-0.27592,-0.58609,0.66774,1.58561,-1.09148,1.96982,-0.51716,-0.21791,-0.52808
51.400000,2570,0.72178,1.52477,-1.02959,2.03060,-0.58327,-0.26473,-0.56650,0.70718,1.54859,-1.04257,2.00221,-0.59493,-0.28100,-0.56743,0.66600,1.59834,-1.09395,1.94931,-0.53692,-0.22299,-0.50942
51.500000,2575,0.71987,1.53812,-1.03417,2.01039,-0.60616,-0.26969,-0.54590,0.70545,1.56017,-1.04610,1.98092,-0.61445,-0.28710,-0.54925,0.66429,1.60993,-1.09634,1.92804,-0.55644,-0.22908,-0.49124
51.600000,2580,0.71949,1.54918,-1.03951,1.98864,-0.62561,-0.27999,-0.52721,0.70375,1.57065,-1.05121,1.95886,-0.63367,-0.29414,-0.53151,0.66263,1.62040,-1.09865,1.90605,-0.57565,-0.23613,-0.47350
51.700000,2585,0.71949,1.55567,-1.04523,1.96804,-0.64430,-0.28686,-0.50966,0.70213,1.58003,-1.05518,1.93609,-0.65251,-0.30210,-0.51421,0.66103,1.62978,-1.10087,1.88331,-0.59450,-0.24408,-0.45619
51.800000,2590,0.71720,1.56597,-1.04829,1.94401,-0.66223,-0.29296,-0.49249,0.70061,1.58831,-1.05968,1.91255,-0.67093,-0.31092,-0.49730,0.65952,1.63807,-1.10299,1.85984,-0.61292,-0.25291,-0.43929
51.900000,2595,0.71644,1.57550,-1.05363,1.92150,-0.68398,-0.30326,-0.47418,0.69915,1.59555,-1.06303,1.88830,-0.68888,-0.32057,-0.48076,0.65810,1.64530,-1.10502,1.83563,-0.63087,-0.26255,-0.42275
52.000000,2600,0.71415,1.58161,-1.05477,1.89518,-0.70381,-0.31395,-0.45854,0.69783,1.60175,-1.06681,1.86330,-0.70633,-0.33099,-0.46452,0.65679,1.65151,-1.10693,1.81067,-0.64832,-0.27298,-0.40651
52.100000,2605,0.71415,1.58275,-1.05782,1.87077,-0.71869,-0.32348,-0.44367,0.69664,1.60694,-1.07108,1.83751,-0.72326,-0.34217,-0.44855,0.65562,1.65669,-1.10874,1.78492,-0.66525,-0.28416,-0.39054
52.200000,2610,0.71377,1.58885,-1.06316,1.84521,-0.73738,-0.33683,-0.42421,0.69561,1.61113,-1.07453,1.81084,-0.73967,-0.35408,-0.43276,0.65459,1.66089,-1.11043,1.75834,-0.68167,-0.29607,-0.37475
52.300000,2615,0.71377,1.59420,-1.06774,1.81698,-0.75646,-0.34828,-0.41086,0.69468,1.61376,-1.07752,1.78314,-0.75537,-0.36667,-0.41719,0.65369,1.66351,-1.11200,1.73067,-0.69741,-0.30866,-0.35917
52.400000,2620,0.70881,1.59648,-1.06965,1.79027,-0.76943,-0.36239,-0.39484,0.69390,1.61439,-1.08245,1.75407,-0.77029,-0.37990,-0.40178,0.65293,1.66414,-1.11340,1.70169,-0.71237,-0.32189,-0.34377
52.500000,2625,0.70843,1.59648,-1.07613,1.76090,-0.78774,-0.37498,-0.37805,0.69346,1.61581,-1.08490,1.72444,-0.78532,-0.39396,-0.38594,0.65251,1.66556,-1.11470,1.67209,-0.72743,-0.33595,-0.32793
52.600000,2630,0.70843,1.59648,-1.08109,1.73076,-0.80185,-0.39024,-0.36203,0.69325,1.61639,-1.08799,1.69361,-0.79998,-0.40894,-0.37005,0.65231,1.66615,-1.11599,1.64129,-0.74214,-0.35093,-0.31204
52.700000,2635,0.70843,1.59648,-1.08109,1.69986,-0.81635,-0.40626,-0.34601,0.69313,1.61618,-1.08448,1.66284,-0.81362,-0.42383,-0.35413,0.65222,1.66593,-1.11646,1.61038,-0.75582,-0.36582,-0.29612
52.800000,2640,0.70843,1.59648,-1.08071,1.67240,-0.83046,-0.41847,-0.33266,0.69157,1.62587,-1.03872,1.65373,-0.81807,-0.42210,-0.33714,0.65056,1.67563,-1.10199,1.60067,-0.76030,-0.36409,-0.27913
52.900000,2645,0.70271,1.60488,-1.06469,1.66820,-0.83504,-0.41580,-0.31167,0.68785,1.64267,-0.99711,1.66380,-0.81340,-0.40447,-0.32010,0.64679,1.69242,-1.07359,1.61067,-0.75564,-0.34646,-0.26209
53.000000,2650,0.70042,1.62319,-1.02845,1.67621,-0.83466,-0.40283,-0.29565,0.68389,1.65991,-0.96587,1.67480,-0.80825,-0.38594,-0.30293,0.64288,1.70966,-1.04428,1.62167,-0.75050,-0.32793,-0.24492
53.100000,2655,0.69965,1.64379,-0.99564,1.68613,-0.83275,-0.38528,-0.28078,0.68059,1.67537,-0.94024,1.68758,-0.80244,-0.36745,-0.28890,0.63951,1.72512,-1.01766,1.63444,-0.74461,-0.30944,-0.23089
53.200000,2660,0.69737,1.65790,-0.96856,1.70215,-0.82283,-0.36735,-0.27162,0.68142,1.68005,-0.93679,1.71319,-0.79163,-0.34899,-0.29599,0.64018,1.72980,-1.00921,1.66005,-0.73366,-0.29098,-0.23798
53.300000,2665,0.69775,1.66401,-0.96055,1.73038,-0.80948,-0.34866,-0.27734,0.68468,1.68103,-0.93813,1.74507,-0.77823,-0.33075,-0.31235,0.64339,1.73078,-1.00916,1.69194,-0.72022,-0.27274,-0.25434
53.400000,2670,0.69775,1.66324,-0.96016,1.76319,-0.79499,-0.33035,-0.28917,0.68817,1.67997,-0.93872,1.77565,-0.76370,-0.31332,-0.32908,0.64685,1.72972,-1.00939,1.72252,-0.70569,-0.25530,-0.27107
53.500000,2675,0.69813,1.66362,-0.95978,1.79294,-0.78049,-0.31204,-0.30481,0.69191,1.67782,-0.93935,1.80507,-0.74835,-0.29668,-0.34576,0.65059,1.72758,-1.00961,1.75194,-0.69034,-0.23866,-0.28775
53.600000,2680,0.70042,1.66324,-0.95978,1.82156,-0.76103,-0.29487,-0.32312,0.69607,1.67614,-0.93905,1.83391,-0.73263,-0.28059,-0.36192,0.65471,1.72589,-1.00944,1.78077,-0.67461,-0.22257,-0.30391
53.700000,2685,0.70156,1.66324,-0.95978,1.85017,-0.74578,-0.27923,-0.34181,0.70052,1.67377,-0.93890,1.86191,-0.71614,-0.26505,-0.37798,0.65915,1.72352,-1.00904,1.80878,-0.65812,-0.20704,-0.31997
53.800000,2690,0.70652,1.66324,-0.95978,1.87763,-0.72746,-0.26245,-0.35898,0.70513,1.66903,-0.93861,1.88864,-0.69835,-0.25031,-0.39459,0.66375,1.71879,-1.00876,1.83550,-0.64034,-0.19230,-0.33658
53.900000,2695,0.71072,1.66286,-0.95978,1.90395,-0.70610,-0.24871,-0.37653,0.70996,1.66312,-0.93912,1.91454,-0.67961,-0.23632,-0.41154,0.66855,1.71288,-1.00842,1.86140,-0.62160,-0.17831,-0.35353
54.000000,2700,0.71758,1.66248,-0.95978,1.92951,-0.68550,-0.23384,-0.39751,0.71497,1.65611,-0.93877,1.93967,-0.65998,-0.22312,-0.42891,0.67354,1.70586,-1.00801,1.88654,-0.60196,-0.16511,-0.37089
54.100000,2705,0.72064,1.65790,-0.95940,1.95316,-0.66757,-0.22010,-0.41429,0.72015,1.64797,-0.93867,1.96407,-0.63947,-0.21077,-0.44678,0.67871,1.69772,-1.00755,1.91093,-0.58146,-0.15276,-0.38876
54.200000,2710,0.72369,1.64875,-0.95940,1.97796,-0.64583,-0.20675,-0.43222,0.72547,1.63868,-0.93843,1.98772,-0.61814,-0.19933,-0.46523,0.68401,1.68843,-1.00703,1.93459,-0.56013,-0.14132,-0.40722
54.300000,2715,0.73170,1.63845,-0.95864,2.00123,-0.62256,-0.19645,-0.45244,0.73090,1.62822,-0.93768,2.01065,-0.59607,-0.18889,-0.48433,0.68943,1.67797,-1.00648,1.95751,-0.53805,-0.13088,-0.42631
54.400000,2720,0.73475,1.62853,-0.95673,2.02259,-0.59853,-0.18424,-0.47342,0.73643,1.61652,-0.93741,2.03281,-0.57332,-0.17953,-0.50413,0.69494,1.66627,-1.00589,1.97967,-0.51531,-0.12152,-0.44612
54.500000,2725,0.74009,1.61975,-0.95482,2.04586,-0.57335,-0.17585,-0.49593,0.74194,1.60339,-0.93738,2.05409,-0.55000,-0.17141,-0.52473,0.70045,1.65314,-1.00533,2.00095,-0.49199,-0.11340,-0.46672
54.600000,2730,0.74848,1.60564,-0.95482,2.06570,-0.54817,-0.16708,-0.51882,0.74748,1.58891,-0.93745,2.07456,-0.52622,-0.16461,-0.54614,0.70599,1.63866,-1.00481,2.02142,-0.46820,-0.10660,-0.48813
54.700000,2735,0.75344,1.59076,-0.95482,2.08592,-0.52338,-0.15868,-0.54018,0.75305,1.57322,-0.93758,2.09431,-0.50209,-0.15913,-0.56835,0.71155,1.62298,-1.00433,2.04117,-0.44407,-0.10112,-0.51034
54.800000,2740,0.75611,1.57512,-0.95482,2.10499,-0.49820,-0.15411,-0.56345,0.75860,1.55631,-0.93787,2.11333,-0.47772,-0.15507,-0.59138,0.71711,1.60607,-1.00385,2.06020,-0.41971,-0.09705,-0.53337
54.900000,2745,0.76412,1.55986,-0.95482,2.12330,-0.47149,-0.15067,-0.58901,0.76445,1.53855,-0.93722,2.13176,-0.45292,-0.15190,-0.61484,0.72295,1.58831,-1.00301,2.07862,-0.39491,-0.09389,-0.55683
55.000000,2750,0.76756,1.54155,-0.95330,2.14123,-0.44594,-0.14800,-0.61266,0.77113,1.52061,-0.93554,2.14981,-0.42726,-0.14874,-0.63814,0.72963,1.57036,-1.00120,2.09668,-0.36925,-0.09072,-0.58013
55.100000,2755,0.77290,1.52439,-0.95292,2.15916,-0.41961,-0.14762,-0.63822,0.77682,1.50038,-0.93583,2.16664,-0.40249,-0.14868,-0.66306,0.73533,1.55013,-1.00027,2.11350,-0.34448,-0.09067,-0.60505
55.200000,2760,0.77938,1.50569,-0.95292,2.17518,-0.39253,-0.14762,-0.66416,0.78213,1.47862,-0.93596,2.18255,-0.37823,-0.15067,-0.68887,0.74063,1.52837,-0.99951,2.12941,-0.32022,-0.09266,-0.63086
55.300000,2765,0.78549,1.48357,-0.94948,2.19120,-0.36735,-0.14838,-0.69315,0.78721,1.45556,-0.93597,2.19761,-0.35447,-0.15441,-0.71529,0.74572,1.50532,-0.99870,2.14447,-0.29645,-0.09640,-0.65728
55.400000,2770,0.78968,1.45992,-0.94758,2.20456,-0.34370,-0.14991,-0.72062,0.79204,1.43122,-0.93659,2.21182,-0.33137,-0.15989,-0.74225,0.75054,1.48098,-0.99782,2.15869,-0.27336,-0.10188,-0.68424
55.500000,2775,0.79121,1.43512,-0.94758,2.21867,-0.32043,-0.15487,-0.74885,0.79657,1.40558,-0.93667,2.22514,-0.30915,-0.16718,-0.76967,0.75507,1.45533,-0.99687,2.17200,-0.25114,-0.10917,-0.71166
55.600000,2780,0.80036,1.40994,-0.94681,2.23050,-0.29983,-0.16097,-0.77898,0.80078,1.37866,-0.93670,2.23757,-0.28796,-0.17624,-0.79745,0.75929,1.42841,-0.99586,2.18443,-0.22995,-0.11823,-0.73944
55.700000,2785,0.80074,1.38477,-0.94567,2.24347,-0.27885,-0.17127,-0.80912,0.80466,1.35047,-0.93658,2.24908,-0.26798,-0.18705,-0.82550,0.76317,1.40022,-0.99477,2.19595,-0.20997,-0.12904,-0.76749
55.800000,2790,0.80570,1.35692,-0.94491,2.25377,-0.25596,-0.18272,-0.83620,0.80818,1.32104,-0.93754,2.25963,-0.24940,-0.19964,-0.85369,0.76668,1.37079,-0.99364,2.20650,-0.19139,-0.14163,-0.79567
55.900000,2795,0.80609,1.32678,-0.94262,2.26445,-0.23612,-0.19645,-0.86748,0.81133,1.29043,-0.93792,2.26919,-0.23232,-0.21404,-0.88186,0.76983,1.34019,-0.99252,2.21606,-0.17431,-0.15603,-0.82385
56.000000,2800,0.80914,1.29664,-0.94224,2.27246,-0.22163,-0.21171,-0.89533,0.81409,1.25871,-0.93863,2.27776,-0.21694,-0.23008,-0.90993,0.77259,1.30846,-0.99138,2.22463,-0.15893,-0.17206,-0.85192
56.100000,2805,0.81219,1.26422,-0.94224,2.28009,-0.20408,-0.22888,-0.92432,0.81645,1.22593,-0.93874,2.28533,-0.20343,-0.24761,-0.93778,0.77496,1.27568,-0.99022,2.23219,-0.14541,-0.18960,-0.87977
56.200000,2810,0.81486,1.23294,-0.94224,2.28696,-0.18882,-0.24604,-0.95370,0.81843,1.19219,-0.93853,2.29187,-0.19189,-0.26654,-0.96528,0.77693,1.24195,-0.98909,2.23873,-0.13388,-0.20853,-0.90727
56.300000,2815,0.81715,1.19937,-0.94224,2.29230,-0.18043,-0.26741,-0.98231,0.82002,1.15763,-0.93940,2.29737,-0.18240,-0.28677,-0.99228,0.77853,1.20738,-0.98803,2.24423,-0.12439,-0.22876,-0.93427
56.400000,2820,0.81715,1.16504,-0.94224,2.29687,-0.17204,-0.28877,-1.01130,0.82125,1.12233,-0.94060,2.30182,-0.17508,-0.30804,-1.01872,0.77976,1.17209,-0.98706,2.24869,-0.11706,-0.25003,-0.96070
56.500000,2825,0.81715,1.12994,-0.94224,2.30145,-0.15945,-0.31166,-1.03839,0.82216,1.08641,-0.94268,2.30525,-0.16996,-0.33015,-1.04451,0.78067,1.13617,-0.98623,2.25212,-0.11194,-0.27214,-0.98650
56.600000,2830,0.81753,1.09370,-0.94224,2.30260,-0.15525,-0.33493,-1.06471,0.82279,1.04998,-0.94370,2.30766,-0.16704,-0.35294,-1.06961,0.78130,1.09973,-0.98559,2.25452,-0.10903,-0.29493,-1.01160
56.700000,2835,0.81753,1.05822,-0.94224,2.30603,-0.15525,-0.35896,-1.09103,0.82318,1.01313,-0.94471,2.30905,-0.16631,-0.37623,-1.09397,0.78168,1.06288,-0.98519,2.25592,-0.10830,-0.31821,-1.03595
56.800000,2840,0.81715,1.02198,-0.94224,2.30717,-0.15563,-0.38261,-1.11659,0.82337,0.97596,-0.94677,2.30944,-0.16773,-0.39985,-1.11755,0.78188,1.02571,-0.98509,2.25631,-0.10971,-0.34184,-1.05954
56.900000,2845,0.81715,0.98460,-0.94224,2.30717,-0.15525,-0.40588,-1.14100,0.82342,0.93855,-0.94927,2.30884,-0.17122,-0.42366,-1.14036,0.78193,0.98831,-0.98534,2.25570,-0.11321,-0.36565,-1.08234
57.000000,2850,0.81715,0.94836,-0.94224,2.30755,-0.15678,-0.43068,-1.16237,0.82311,0.90111,-0.95383,2.30727,-0.17723,-0.44757,-1.16233,0.78161,0.95086,-0.98627,2.25414,-0.11921,-0.38956,-1.10431
57.100000,2855,0.81715,0.91135,-0.94224,2.30717,-0.16021,-0.45662,-1.18678,0.82206,0.86390,-0.95830,2.30482,-0.18626,-0.47162,-1.18334,0.78056,0.91365,-0.98826,2.25168,-0.12825,-0.41361,-1.12533
57.200000,2860,0.81715,0.87397,-0.94224,2.30679,-0.16708,-0.48027,-1.20891,0.82181,0.82631,-0.96033,2.30131,-0.19520,-0.49573,-1.20363,0.78032,0.87607,-0.98981,2.24817,-0.13719,-0.43772,-1.14561
57.300000,2865,0.81715,0.83697,-0.94224,2.30488,-0.18157,-0.50659,-1.22874,0.82172,0.78868,-0.96342,2.29682,-0.20554,-0.51963,-1.22317,0.78023,0.83843,-0.99171,2.24369,-0.14753,-0.46161,-1.16516
57.400000,2870,0.81715,0.80034,-0.94262,2.30069,-0.18958,-0.53024,-1.24896,0.82170,0.75111,-0.97055,2.29136,-0.21748,-0.54318,-1.24200,0.78021,0.80086,-0.99415,2.23823,-0.15947,-0.48517,-1.18399
57.500000,2875,0.81715,0.76334,-0.94681,2.29535,-0.20484,-0.55389,-1.26803,0.82181,0.71365,-0.97734,2.28493,-0.23091,-0.56629,-1.26016,0.78031,0.76340,-0.99718,2.23179,-0.17290,-0.50827,-1.20215
57.600000,2880,0.81677,0.72710,-0.95368,2.28848,-0.21438,-0.57754,-1.28482,0.82209,0.67634,-0.98719,2.27752,-0.24572,-0.58885,-1.27769,0.78059,0.72610,-1.00083,2.22439,-0.18771,-0.53084,-1.21968
57.700000,2885,0.81677,0.69124,-0.96245,2.28047,-0.23536,-0.60043,-1.30389,0.82259,0.63924,-0.99481,2.26912,-0.26178,-0.61076,-1.29464,0.78109,0.68900,-1.00512,2.21599,-0.20377,-0.55275,-1.23663
57.800000,2890,0.81677,0.65348,-0.97046,2.27131,-0.24909,-0.62218,-1.31991,0.82337,0.60240,-1.00392,2.25972,-0.27899,-0.63194,-1.31106,0.78187,0.65215,-1.01010,2.20659,-0.22097,-0.57393,-1.25305
57.900000,2895,0.81677,0.61724,-0.97962,2.26025,-0.26741,-0.64316,-1.33784,0.82448,0.56586,-1.01487,2.24930,-0.29720,-0.65229,-1.32700,0.78298,0.61561,-1.01576,2.19617,-0.23919,-0.59428,-1.26899
58.000000,2900,0.81715,0.58214,-0.98992,2.24919,-0.28839,-0.66376,-1.35310,0.82572,0.52979,-1.02655,2.23778,-0.31665,-0.67160,-1.34235,0.78422,0.57954,-1.02238,2.18465,-0.25863,-0.61359,-1.28434
58.100000,2905,0.81715,0.54705,-1.00289,2.23736,-0.30860,-0.68398,-1.36951,0.82713,0.49420,-1.04057,2.22517,-0.33716,-0.68984,-1.35717,0.78563,0.54395,-1.02991,2.17203,-0.27915,-0.63183,-1.29916
58.200000,2910,0.81715,0.51157,-1.01739,2.22477,-0.32692,-0.70229,-1.38477,0.82969,0.45861,-1.05389,2.21157,-0.35733,-0.70733,-1.37211,0.78819,0.50837,-1.03749,2.15843,-0.29932,-0.64932,-1.31409
58.300000,2915,0.81753,0.47685,-1.03150,2.21028,-0.34790,-0.71755,-1.39735,0.83246,0.42365,-1.06627,2.19649,-0.37832,-0.72354,-1.38619,0.79097,0.47340,-1.04621,2.14335,-0.32031,-0.66552,-1.32818
58.400000,2920,0.81791,0.44252,-1.04142,2.19502,-0.36888,-0.73509,-1.41452,0.84299,0.39590,-1.03584,2.18958,-0.38479,-0.74060,-1.40387,0.80150,0.44565,-1.04348,2.13644,-0.32677,-0.68259,-1.34586
58.500000,2925,0.83241,0.41849,-1.02692,2.19159,-0.36773,-0.75188,-1.43359,0.86474,0.38147,-0.97017,2.19636,-0.36696,-0.74798,-1.42497,0.82325,0.43122,-1.02200,2.14322,-0.30895,-0.70143,-1.36695
58.600000,2930,0.85949,0.40552,-0.97886,2.19311,-0.36201,-0.75722,-1.45191,0.88730,0.36798,-0.93717,2.20411,-0.34740,-0.74798,-1.44630,0.84580,0.41773,-0.99918,2.15098,-0.28939,-0.72043,-1.38828
58.700000,2935,0.88200,0.39293,-0.93995,2.19998,-0.34217,-0.75875,-1.47403,0.90714,0.36003,-0.91308,2.21248,-0.32727,-0.74798,-1.46345,0.86564,0.40978,-0.97842,2.15934,-0.26926,-0.73540,-1.40544
58.800000,2940,0.89802,0.38530,-0.91362,2.21104,-0.32234,-0.75913,-1.48357,0.91087,0.38530,-0.89639,2.22514,-0.30356,-0.74798,-1.45642,0.86938,0.43505,-0.96919,2.17200,-0.24555,-0.72631,-1.39840
58.900000,2945,0.90031,0.40590,-0.89531,2.22554,-0.29754,-0.75913,-1.48090,0.91087,0.41981,-0.88738,2.23953,-0.27847,-0.74798,-1.44396,0.86938,0.46956,-0.96210,2.18639,-0.22046,-0.71039,-1.38595
59.000000,2950,0.90031,0.44214,-0.88463,2.23851,-0.27351,-0.75989,-1.47022,0.91123,0.45480,-0.88223,2.25224,-0.25410,-0.74798,-1.43033,0.86974,0.50455,-0.95673,2.19910,-0.19609,-0.69305,-1.37232
59.100000,2955,0.90031,0.47418,-0.87967,2.25186,-0.24871,-0.75760,-1.45686,0.91233,0.48958,-0.87639,2.26409,-0.22942,-0.73284,-1.41660,0.87083,0.53933,-0.95114,2.21096,-0.17141,-0.67523,-1.35859
59.200000,2960,0.90031,0.50852,-0.87510,2.26330,-0.22430,-0.74425,-1.44199,0.91382,0.52467,-0.87150,2.27492,-0.20560,-0.71398,-1.40237,0.87233,0.57442,-0.94667,2.22179,-0.14758,-0.65635,-1.34436
59.300000,2965,0.90031,0.54247,-0.87357,2.27360,-0.19988,-0.72670,-1.42825,0.91564,0.56010,-0.86833,2.28472,-0.18289,-0.69402,-1.38754,0.87415,0.60986,-0.94352,2.23158,-0.12488,-0.63636,-1.32952
59.400000,2970,0.90336,0.57794,-0.86975,2.28314,-0.17547,-0.70534,-1.41032,0.91785,0.59570,-0.86628,2.29362,-0.16108,-0.67320,-1.37219,0.87636,0.64545,-0.94120,2.24048,-0.10307,-0.61556,-1.31418
59.500000,2975,0.90565,0.61228,-0.86785,2.29268,-0.15220,-0.68245,-1.39163,0.92040,0.63143,-0.86440,2.30166,-0.14024,-0.65170,-1.35631,0.87891,0.68118,-0.93970,2.24852,-0.08223,-0.59402,-1.29830
59.600000,2980,0.90603,0.64737,-0.86708,2.30183,-0.13084,-0.66185,-1.37637,0.92326,0.66727,-0.86379,2.30887,-0.12049,-0.62951,-1.33984,0.88177,0.71703,-0.93898,2.25573,-0.06248,-0.57181,-1.28183
59.700000,2985,0.91175,0.68247,-0.86708,2.30832,-0.11253,-0.63782,-1.35844,0.92645,0.70297,-0.86326,2.31508,-0.10128,-0.60692,-1.32260,0.88496,0.75272,-0.93846,2.26194,-0.04327,-0.54921,-1.26459
59.800000,2990,0.91977,0.71718,-0.86708,2.31557,-0.09536,-0.61607,-1.33784,0.92994,0.73849,-0.86293,2.32036,-0.08266,-0.58402,-1.30461,0.88845,0.78824,-0.93809,2.26722,-0.02465,-0.52628,-1.24660
59.900000,2995,0.92244,0.75228,-0.86708,2.32091,-0.07362,-0.59204,-1.32068,0.93358,0.77445,-0.86488,2.32516,-0.06631,-0.56030,-1.28621,0.89209,0.82420,-0.93927,2.27203,-0.00830,-0.50256,-1.22819
60.000000,3000,0.92701,0.78699,-0.86708,2.32510,-0.05683,-0.56610,-1.29970,0.93741,0.81048,-0.86690,2.32925,-0.05145,-0.53624,-1.26710,0.89592,0.86023,-0.94123,2.27611,0.00657,-0.47847,-1.20909
60.100000,3005,0.93350,0.82285,-0.86708,2.32777,-0.04539,-0.54130,-1.27833,0.94143,0.84660,-0.86948,2.33258,-0.03796,-0.51215,-1.24716,0.89993,0.89635,-0.94391,2.27944,0.02006,-0.45435,-1.18915
60.200000,3010,0.93502,0.85757,-0.86708,2.33350,-0.02860,-0.51498,-1.25659,0.94562,0.88275,-0.87362,2.33516,-0.02595,-0.48807,-1.22637,0.90412,0.93250,-0.94731,2.28203,0.03206,-0.43024,-1.16836
60.300000,3015,0.93960,0.89304,-0.86708,2.33540,-0.02059,-0.49133,-1.23408,0.94993,0.91881,-0.87757,2.33699,-0.01565,-0.46376,-1.20483,0.90844,0.96856,-0.95132,2.28385,0.04236,-0.40592,-1.14682
60.400000,3020,0.94380,0.92967,-0.86747,2.33693,-0.00762,-0.46501,-1.21119,0.95435,0.95472,-0.88301,2.33806,-0.00715,-0.43930,-1.18253,0.91285,1.00447,-0.95591,2.28492,0.05087,-0.38145,-1.12452
60.500000,3025,0.95066,0.96476,-0.86823,2.33884,0.00115,-0.43907,-1.18792,0.95881,0.99043,-0.88812,2.33836,-0.00051,-0.41481,-1.15944,0.91732,1.04018,-0.96102,2.28522,0.05751,-0.35693,-1.10143
60.600000,3030,0.95410,0.99948,-0.87052,2.33998,0.00459,-0.41313,-1.16275,0.96329,1.02589,-0.89436,2.33788,0.00421,-0.39036,-1.13557,0.92179,1.07565,-0.96658,2.28475,0.06222,-0.33246,-1.07756
60.700000,3035,0.95982,1.03457,-0.87243,2.34074,0.00726,-0.38757,-1.13833,0.96774,1.06105,-0.90071,2.33662,0.00697,-0.36608,-1.11090,0.92624,1.11080,-0.97255,2.28348,0.06498,-0.30815,-1.05289
60.800000,3040,0.96745,1.06967,-0.88005,2.34074,0.00916,-0.36239,-1.11163,0.97212,1.09583,-0.90782,2.33454,0.00771,-0.34208,-1.08543,0.93062,1.14558,-0.97886,2.28140,0.06572,-0.28413,-1.02742
60.900000,3045,0.97203,1.10324,-0.88959,2.34036,0.01260,-0.33683,-1.08416,0.97638,1.13018,-0.91436,2.33164,0.00641,-0.31848,-1.05917,0.93489,1.17994,-0.98545,2.27850,0.06442,-0.26050,-1.00116
61.000000,3050,0.97546,1.13642,-0.89760,2.34036,0.01298,-0.31356,-1.05784,0.98049,1.16404,-0.92150,2.32790,0.00307,-0.29539,-1.03213,0.93900,1.21379,-0.99226,2.27476,0.06108,-0.23740,-0.97412
61.100000,3055,0.98309,1.17076,-0.90409,2.33845,0.01107,-0.28839,-1.02770,0.98441,1.19732,-0.92961,2.32329,-0.00233,-0.27296,-1.00433,0.94292,1.24707,-0.99923,2.27015,0.05568,-0.21495,-0.94631
61.200000,3060,0.98423,1.20471,-0.91095,2.33426,0.00306,-0.26550,-0.99795,0.98811,1.22998,-0.93687,2.31779,-0.00974,-0.25130,-0.97578,0.94661,1.27973,-1.00631,2.26466,0.04827,-0.19329,-0.91777
61.300000,3065,0.98805,1.23599,-0.91897,2.32892,-0.00228,-0.24452,-0.96819,0.99159,1.26195,-0.94495,2.31138,-0.01912,-0.23065,-0.94650,0.95010,1.31171,-1.01351,2.25824,0.03889,-0.17264,-0.88849
61.400000,3070,0.99301,1.26727,-0.93003,2.32243,-0.00915,-0.22201,-0.93691,0.99484,1.29318,-0.95317,2.30402,-0.03039,-0.21114,-0.91654,0.95336,1.34293,-1.02082,2.25089,0.02762,-0.15313,-0.85853
61.500000,3075,0.99835,1.29931,-0.93880,2.31480,-0.02593,-0.20294,-0.90678,0.99778,1.32357,-0.96080,2.29571,-0.04353,-0.19284,-0.88597,0.95635,1.37332,-1.02812,2.24257,0.01448,-0.13482,-0.82796
61.600000,3080,1.00026,1.32907,-0.94681,2.30641,-0.03547,-0.18348,-0.87283,1.00043,1.35305,-0.96872,2.28642,-0.05842,-0.17585,-0.85486,0.95903,1.40280,-1.03536,2.23329,-0.00041,-0.11783,-0.79685
61.700000,3085,1.00331,1.35730,-0.95635,2.29649,-0.05530,-0.16670,-0.84269,1.00276,1.38156,-0.97679,2.27613,-0.07494,-0.16029,-0.82330,0.96141,1.43132,-1.04252,2.22303,-0.01693,-0.10228,-0.76529
61.800000,3090,1.00560,1.38591,-0.96512,2.28619,-0.07209,-0.14991,-0.80797,1.00482,1.40904,-0.98435,2.26484,-0.09293,-0.14633,-0.79136,0.96353,1.45879,-1.04963,2.21178,-0.03492,-0.08832,-0.73335
61.900000,3095,1.00674,1.41376,-0.97390,2.27475,-0.09040,-0.13580,-0.77593,1.00668,1.43539,-0.99258,2.25254,-0.11221,-0.13409,-0.75918,0.96544,1.48514,-1.05673,2.19951,-0.05420,-0.07608,-0.70116
62.000000,3100,1.01246,1.43932,-0.98191,2.26216,-0.11062,-0.12435,-0.74160,1.00822,1.46054,-1.00032,2.23925,-0.13263,-0.12357,-0.72688,0.96706,1.51029,-1.06367,2.18627,-0.07462,-0.06556,-0.66887
62.100000,3105,1.01704,1.46449,-0.98839,2.24881,-0.13465,-0.11405,-0.70803,1.00949,1.48444,-1.00780,2.22502,-0.15396,-0.11480,-0.69461,0.96839,1.53419,-1.07040,2.17208,-0.09595,-0.05679,-0.63659
62.200000,3110,1.01704,1.48662,-0.99640,2.23431,-0.15716,-0.10261,-0.67598,1.01047,1.50703,-1.01462,2.20987,-0.17598,-0.10783,-0.66249,0.96945,1.55678,-1.07692,2.15696,-0.11797,-0.04982,-0.60448
62.300000,3115,1.01742,1.50913,-1.00518,2.21829,-0.18043,-0.09650,-0.64127,1.01122,1.52829,-1.02174,2.19380,-0.19844,-0.10266,-0.63066,0.97029,1.57804,-1.08324,2.14094,-0.14043,-0.04465,-0.57265
62.400000,3120,1.01971,1.52896,-1.01472,2.20303,-0.20446,-0.09422,-0.60961,1.01176,1.54820,-1.02902,2.17687,-0.22112,-0.09927,-0.59922,0.97093,1.59795,-1.08935,2.12407,-0.16311,-0.04125,-0.54120
62.500000,3125,1.01971,1.54956,-1.02196,2.18548,-0.22659,-0.08849,-0.57718,1.01188,1.56639,-1.03636,2.15895,-0.24410,-0.09809,-0.56850,0.97115,1.61614,-1.09558,2.10620,-0.18609,-0.04008,-0.51049
62.600000,3130,1.01971,1.56597,-1.03074,2.16679,-0.24986,-0.08735,-0.54628,1.01123,1.58235,-1.04451,2.13978,-0.26762,-0.09978,-0.53897,0.97060,1.63210,-1.10244,2.08710,-0.20961,-0.04177,-0.48096
62.700000,3135,1.01971,1.58199,-1.03913,2.14734,-0.27389,-0.08811,-0.51538,1.01147,1.59823,-1.04925,2.12043,-0.28965,-0.10139,-0.50912,0.97096,1.64798,-1.10806,2.06778,-0.23163,-0.04338,-0.45111
62.800000,3140,1.01971,1.59687,-1.04562,2.12788,-0.29678,-0.08849,-0.48601,1.01193,1.61308,-1.05473,2.10047,-0.31096,-0.10416,-0.47969,0.97150,1.66283,-1.11334,2.04784,-0.25295,-0.04615,-0.42168
62.900000,3145,1.01971,1.61136,-1.04981,2.10728,-0.31929,-0.08887,-0.45397,1.01238,1.62668,-1.06016,2.07976,-0.33165,-0.10833,-0.45088,0.97210,1.67643,-1.11854,2.02720,-0.27364,-0.05032,-0.39287
63.000000,3150,1.01971,1.62471,-1.05515,2.08668,-0.34179,-0.09498,-0.42459,1.01285,1.63893,-1.06620,2.05827,-0.35165,-0.11382,-0.42270,0.97270,1.68869,-1.12366,2.00577,-0.29363,-0.05581,-0.36468
63.100000,3155,1.02200,1.63616,-1.06126,2.06494,-0.36430,-0.10032,-0.39598,1.01317,1.64969,-1.07075,2.03591,-0.37085,-0.12059,-0.39518,0.97322,1.69944,-1.12865,1.98344,-0.31284,-0.06257,-0.33716
63.200000,3160,1.02238,1.64722,-1.06278,2.04281,-0.38147,-0.10757,-0.36813,1.01348,1.65921,-1.07594,2.01274,-0.38910,-0.12845,-0.36821,0.97375,1.70896,-1.13349,1.96034,-0.33109,-0.07043,-0.31019
63.300000,3165,1.02200,1.65447,-1.07117,2.01878,-0.40016,-0.11481,-0.34029,1.01401,1.66757,-1.08116,1.98886,-0.40628,-0.13730,-0.34172,0.97437,1.71732,-1.13819,1.93652,-0.34827,-0.07928,-0.28371
63.400000,3170,1.02238,1.66324,-1.07842,1.99474,-0.42038,-0.12588,-0.31473,1.01445,1.67480,-1.08544,1.96426,-0.42231,-0.14703,-0.31567,0.97509,1.72456,-1.14276,1.91197,-0.36430,-0.08902,-0.25766
63.500000,3175,1.02200,1.66858,-1.08300,1.96919,-0.43487,-0.13427,-0.28879,1.01508,1.68095,-1.08946,1.93894,-0.43710,-0.15755,-0.28998,0.97597,1.73070,-1.14723,1.88669,-0.37912,-0.09953,-0.23197
63.600000,3180,1.02238,1.67698,-1.08796,1.94553,-0.44937,-0.14648,-0.26323,1.01583,1.68602,-1.09391,1.91285,-0.45062,-0.16875,-0.26458,0.97703,1.73577,-1.15161,1.86067,-0.39267,-0.11074,-0.20657
63.700000,3185,1.02238,1.67926,-1.09292,1.91731,-0.46539,-0.15830,-0.23691,1.01692,1.68999,-1.09782,1.88599,-0.46281,-0.18056,-0.23939,0.97832,1.73974,-1.15594,1.83385,-0.40491,-0.12255,-0.18138
63.800000,3190,1.02238,1.68079,-1.09521,1.89060,-0.47569,-0.17051,-0.21211,1.01787,1.69174,-1.10247,1.85777,-0.47350,-0.19307,-0.21487,0.97959,1.74150,-1.16037,1.80572,-0.41564,-0.13506,-0.15686
63.900000,3195,1.02543,1.68270,-1.10207,1.86199,-0.48637,-0.18424,-0.18808,1.01902,1.69259,-1.10676,1.82873,-0.48290,-0.20591,-0.19020,0.98123,1.74234,-1.16473,1.77674,-0.42511,-0.14790,-0.13219
64.000000,3200,1.02772,1.68270,-1.10818,1.83262,-0.49896,-0.19531,-0.16252,1.02107,1.69406,-1.10996,1.79940,-0.49131,-0.21882,-0.16450,0.98373,1.74381,-1.16892,1.74744,-0.43359,-0.16081,-0.10649
64.100000,3205,1.03077,1.68270,-1.11008,1.80324,-0.50430,-0.21057,-0.13696,1.02362,1.69457,-1.11434,1.76897,-0.49849,-0.23213,-0.13847,0.98671,1.74432,-1.17330,1.71707,-0.44083,-0.17412,-0.08045
64.200000,3210,1.03345,1.68232,-1.11390,1.77273,-0.51117,-0.22354,-0.10949,1.02629,1.69304,-1.11784,1.73709,-0.50426,-0.24596,-0.11268,0.98992,1.74279,-1.17800,1.68517,-0.44669,-0.18795,-0.05467
64.300000,3215,1.03383,1.68270,-1.11848,1.74068,-0.52223,-0.23841,-0.08546,1.02695,1.69417,-1.10188,1.71346,-0.50401,-0.25287,-0.08901,0.98967,1.74392,-1.17383,1.66078,-0.44646,-0.19486,-0.03099
64.400000,3220,1.03306,1.68346,-1.11657,1.72199,-0.52109,-0.23879,-0.06486,1.01461,1.69898,-1.06108,1.71079,-0.48850,-0.24067,-0.07600,0.97584,1.74873,-1.14390,1.65768,-0.43091,-0.18266,-0.01799
64.500000,3225,1.02658,1.68918,-1.09444,1.72199,-0.50583,-0.23269,-0.05113,0.99802,1.70419,-1.02448,1.71134,-0.47002,-0.22499,-0.06493,0.95926,1.75394,-1.10902,1.65820,-0.41244,-0.16698,-0.00692
64.600000,3230,1.01285,1.69643,-1.05782,1.72199,-0.48904,-0.21972,-0.04121,0.98123,1.70944,-0.98865,1.71186,-0.45139,-0.20917,-0.05377,0.94253,1.75919,-1.07383,1.65873,-0.39380,-0.15115,0.00425
64.700000,3235,0.99606,1.69719,-1.02120,1.72199,-0.46959,-0.20370,-0.03129,0.96473,1.71468,-0.95339,1.71239,-0.43281,-0.19336,-0.04261,0.92583,1.76444,-1.03867,1.65925,-0.37519,-0.13535,0.01540
64.800000,3240,0.97851,1.69948,-0.98496,1.72199,-0.44822,-0.18806,-0.01946,0.94842,1.71986,-0.91885,1.71298,-0.41447,-0.17772,-0.03167,0.90933,1.76961,-1.00395,1.65984,-0.35680,-0.11970,0.02634
64.900000,3245,0.96325,1.70788,-0.94948,1.72275,-0.43144,-0.17165,-0.00993,0.93794,1.72270,-0.89749,1.72262,-0.40131,-0.16265,-0.03287,0.89850,1.77245,-0.97955,1.66948,-0.34350,-0.10464,0.02514
65.000000,3250,0.95791,1.71436,-0.92659,1.73382,-0.41809,-0.15678,-0.01679,0.93962,1.72360,-0.89727,1.75245,-0.39814,-0.14855,-0.05803,0.89982,1.77335,-0.97610,1.69931,-0.34020,-0.09054,-0.00002
65.100000,3255,0.95791,1.71512,-0.92278,1.76624,-0.41465,-0.14457,-0.03892,0.94298,1.72396,-0.89676,1.78383,-0.39500,-0.13443,-0.08522,0.90292,1.77372,-0.97492,1.73069,-0.33699,-0.07642,-0.02721
65.200000,3260,0.95791,1.71512,-0.92240,1.79867,-0.41313,-0.12893,-0.06486,0.94654,1.72232,-0.89608,1.81369,-0.39055,-0.12015,-0.11241,0.90627,1.77207,-0.97371,1.76056,-0.33254,-0.06214,-0.05440
65.300000,3265,0.95868,1.71512,-0.92240,1.82613,-0.40588,-0.11520,-0.09423,0.95034,1.71959,-0.89512,1.84248,-0.38485,-0.10588,-0.13933,0.90990,1.76934,-0.97244,1.78935,-0.32684,-0.04787,-0.08132
65.400000,3270,0.95906,1.71474,-0.92240,1.85589,-0.39444,-0.09956,-0.12132,0.95445,1.71682,-0.89414,1.87079,-0.37798,-0.09187,-0.16583,0.91386,1.76657,-0.97113,1.81766,-0.31997,-0.03385,-0.10782
65.500000,3275,0.96440,1.71474,-0.92164,1.88450,-0.38833,-0.08659,-0.14955,0.95889,1.71498,-0.89313,1.89919,-0.37002,-0.07822,-0.19175,0.91822,1.76474,-0.96975,1.84606,-0.31200,-0.02021,-0.13374
65.600000,3280,0.96783,1.71436,-0.92125,1.91235,-0.37994,-0.07323,-0.17740,0.96360,1.71000,-0.89234,1.92589,-0.36048,-0.06421,-0.21844,0.92275,1.75975,-0.96806,1.87276,-0.30247,-0.00620,-0.16043
65.700000,3285,0.97241,1.71093,-0.92049,1.93905,-0.36583,-0.05798,-0.20448,0.96840,1.70339,-0.89068,1.95163,-0.34952,-0.05033,-0.24559,0.92746,1.75314,-0.96620,1.89850,-0.29151,0.00768,-0.18758
65.800000,3290,0.97622,1.70788,-0.91935,1.96499,-0.35781,-0.04348,-0.23385,0.97336,1.69560,-0.88918,1.97664,-0.33722,-0.03681,-0.27321,0.93232,1.74535,-0.96421,1.92350,-0.27921,0.02120,-0.21520
65.900000,3295,0.98347,1.70406,-0.91439,1.98940,-0.34065,-0.02975,-0.26285,0.97842,1.68660,-0.88749,2.00092,-0.32361,-0.02376,-0.30138,0.93730,1.73635,-0.96207,1.94778,-0.26560,0.03425,-0.24337
66.000000,3300,0.98652,1.69147,-0.90752,2.01229,-0.33073,-0.01868,-0.29298,0.98355,1.67636,-0.88605,2.02446,-0.30876,-0.01131,-0.33020,0.94234,1.72611,-0.95977,1.97133,-0.25075,0.04670,-0.27218
66.100000,3305,0.98996,1.68117,-0.90600,2.03747,-0.31166,-0.00533,-0.32121,0.98868,1.66486,-0.88439,2.04727,-0.29274,0.00041,-0.35972,0.94740,1.71461,-0.95732,1.99414,-0.23473,0.05843,-0.30171
66.200000,3310,0.99644,1.67011,-0.90332,2.05921,-0.29106,0.00649,-0.35287,0.99377,1.65209,-0.88252,2.06934,-0.27566,0.01130,-0.39001,0.95243,1.70184,-0.95469,2.01620,-0.21764,0.06931,-0.33200
66.300000,3315,1.00293,1.65828,-0.90065,2.08096,-0.27656,0.01794,-0.38416,0.99878,1.63801,-0.88034,2.09064,-0.25763,0.02122,-0.42110,0.95739,1.68777,-0.95189,2.03751,-0.19962,0.07923,-0.36309
66.400000,3320,1.00331,1.64341,-0.89684,2.10194,-0.25634,0.02786,-0.41734,1.00362,1.62252,-0.87821,2.11112,-0.23886,0.03007,-0.45305,0.96219,1.67227,-0.94890,2.05798,-0.18085,0.08809,-0.39503
66.500000,3325,1.00941,1.62815,-0.89302,2.12254,-0.23460,0.03472,-0.45053,1.00827,1.60558,-0.87657,2.13072,-0.21952,0.03774,-0.48583,0.96681,1.65533,-0.94575,2.07758,-0.16151,0.09575,-0.42781
66.600000,3330,1.01704,1.61212,-0.88845,2.14161,-0.21400,0.04273,-0.48448,1.01274,1.58730,-0.87402,2.14948,-0.19970,0.04408,-0.51937,0.97125,1.63706,-0.94249,2.09634,-0.14169,0.10209,-0.46136
66.700000,3335,1.01971,1.59343,-0.88730,2.15954,-0.19645,0.04998,-0.52149,1.01697,1.56773,-0.87198,2.16737,-0.17957,0.04899,-0.55360,0.97547,1.61748,-0.93912,2.11424,-0.12156,0.10701,-0.49559
66.800000,3340,1.02047,1.57360,-0.88730,2.17747,-0.17585,0.05418,-0.55467,1.02101,1.54707,-0.87007,2.18446,-0.15916,0.05248,-0.58835,0.97952,1.59683,-0.93555,2.13133,-0.10115,0.11049,-0.53034
66.900000,3345,1.02353,1.55414,-0.88273,2.19464,-0.15182,0.05685,-0.59053,1.02557,1.52680,-0.86559,2.20140,-0.13729,0.05531,-0.62289,0.98407,1.57655,-0.93102,2.14826,-0.07928,0.11332,-0.56488
67.000000,3350,1.03116,1.53354,-0.87738,2.21142,-0.12817,0.05914,-0.62830,1.02935,1.50452,-0.86341,2.21693,-0.11640,0.05604,-0.65811,0.98785,1.55428,-0.92674,2.16379,-0.05839,0.11405,-0.60010
67.100000,3355,1.03345,1.51142,-0.87319,2.22592,-0.10604,0.05914,-0.66378,1.03247,1.48057,-0.86166,2.23120,-0.09648,0.05479,-0.69377,0.99098,1.53032,-0.92264,2.17806,-0.03847,0.11280,-0.63576
67.200000,3360,1.03383,1.48624,-0.87014,2.23965,-0.08697,0.05914,-0.70116,1.03528,1.45556,-0.85922,2.24452,-0.07719,0.05188,-0.72952,0.99379,1.50532,-0.91849,2.19138,-0.01918,0.10989,-0.67151
67.300000,3365,1.03650,1.46144,-0.86937,2.25339,-0.06904,0.05609,-0.73855,1.03773,1.42957,-0.85669,2.25690,-0.05866,0.04732,-0.76525,0.99624,1.47932,-0.91427,2.20377,-0.00064,0.10533,-0.70723
67.400000,3370,1.03840,1.43512,-0.86899,2.26445,-0.04768,0.05303,-0.77402,1.03979,1.40262,-0.85552,2.26837,-0.04105,0.04112,-0.80086,0.99829,1.45237,-0.90996,2.21523,0.01696,0.09913,-0.74285
67.500000,3375,1.03879,1.40880,-0.86518,2.27551,-0.02822,0.04731,-0.81217,1.04145,1.37475,-0.85319,2.27895,-0.02451,0.03333,-0.83627,0.99995,1.42450,-0.90557,2.22581,0.03350,0.09134,-0.77826
67.600000,3380,1.03917,1.38133,-0.86174,2.28543,-0.01525,0.03854,-0.84917,1.04272,1.34598,-0.85124,2.28865,-0.00919,0.02402,-0.87141,1.00122,1.39573,-0.90111,2.23551,0.04882,0.08203,-0.81340
67.700000,3385,1.03917,1.35158,-0.85755,2.29420,0.00268,0.02786,-0.88427,1.04361,1.31634,-0.84961,2.29749,0.00477,0.01324,-0.90620,1.00211,1.36609,-0.89661,2.24436,0.06278,0.07125,-0.84819
67.800000,3390,1.03917,1.32297,-0.85564,2.30374,0.01527,0.01603,-0.92051,1.04412,1.28585,-0.84826,2.30550,0.01723,0.00107,-0.94058,1.00263,1.33560,-0.89208,2.25236,0.07525,0.05908,-0.88256
67.900000,3395,1.03917,1.29169,-0.85564,2.31099,0.02900,0.00115,-0.95599,1.04429,1.25454,-0.84793,2.31269,0.02808,-0.01238,-0.97447,1.00280,1.30430,-0.88757,2.25955,0.08609,0.04563,-0.91646
68.000000,3400,1.03917,1.26002,-0.85488,2.31671,0.03930,-0.01182,-0.99261,1.04417,1.22247,-0.84654,2.31905,0.03720,-0.02708,-1.00782,1.00268,1.27222,-0.88319,2.26591,0.09521,0.03093,-0.94980
68.100000,3405,1.03917,1.22874,-0.85411,2.32358,0.05151,-0.02898,-1.02618,1.04383,1.18968,-0.84797,2.32460,0.04451,-0.04296,-1.04054,1.00234,1.23944,-0.87903,2.27146,0.10252,0.01505,-0.98253
68.200000,3410,1.03879,1.19555,-0.85411,2.32701,0.05723,-0.04500,-1.05860,1.04323,1.15622,-0.84816,2.32935,0.04990,-0.05980,-1.07260,1.00173,1.20597,-0.87502,2.27622,0.10791,-0.00179,-1.01459
68.300000,3415,1.03879,1.16237,-0.85411,2.33235,0.05838,-0.06255,-1.09332,1.04238,1.12214,-0.84908,2.33334,0.05328,-0.07746,-1.10396,1.00088,1.17189,-0.87120,2.28020,0.11129,-0.01944,-1.04595
68.400000,3420,1.03879,1.12765,-0.85411,2.33502,0.06219,-0.08163,-1.12498,1.04133,1.08748,-0.85218,2.33655,0.05461,-0.09576,-1.13458,0.99983,1.13724,-0.86765,2.28342,0.11263,-0.03775,-1.07657
68.500000,3425,1.03840,1.09294,-0.85411,2.33693,0.06562,-0.10146,-1.15588,1.04013,1.05233,-0.85669,2.33901,0.05386,-0.11458,-1.16443,0.99864,1.10208,-0.86442,2.28588,0.11187,-0.05657,-1.10642
68.600000,3430,1.03840,1.05784,-0.85411,2.33922,0.06524,-0.12054,-1.18564,1.03885,1.01674,-0.86075,2.34071,0.05100,-0.13375,-1.19349,0.99735,1.06649,-0.86160,2.28758,0.10901,-0.07574,-1.13548
68.700000,3435,1.03802,1.02275,-0.85411,2.34074,0.06448,-0.14076,-1.21577,1.03752,0.98077,-0.86524,2.34166,0.04604,-0.15313,-1.22174,0.99603,1.03052,-0.85926,2.28852,0.10405,-0.09512,-1.16373
68.800000,3440,1.03688,0.98727,-0.85411,2.34074,0.05952,-0.16059,-1.24324,1.03621,0.94450,-0.87114,2.34186,0.03901,-0.17256,-1.24917,0.99472,0.99426,-0.85749,2.28872,0.09702,-0.11455,-1.19115
68.900000,3445,1.03573,0.95026,-0.85411,2.34074,0.05380,-0.18157,-1.27376,1.03497,0.90800,-0.87721,2.34131,0.02996,-0.19190,-1.27577,0.99348,0.95776,-0.85635,2.28817,0.08797,-0.13389,-1.21776
69.000000,3450,1.03535,0.91517,-0.85488,2.34074,0.04884,-0.19988,-1.29817,1.03380,0.87136,-0.88395,2.33994,0.01868,-0.21098,-1.30146,0.99230,0.92111,-0.85613,2.28680,0.07669,-0.15297,-1.24344
69.100000,3455,1.03535,0.87855,-0.85793,2.34074,0.03358,-0.22010,-1.32602,1.03245,0.83479,-0.89210,2.33752,0.00408,-0.22954,-1.32574,0.99095,0.88455,-0.85800,2.28438,0.06209,-0.17153,-1.26772
69.200000,3460,1.03230,0.84193,-0.86327,2.34036,0.01908,-0.23956,-1.34967,1.03178,0.79815,-0.89769,2.33454,-0.01081,-0.24828,-1.34965,0.99028,0.84790,-0.85976,2.28140,0.04720,-0.19027,-1.29164
69.300000,3465,1.03039,0.80607,-0.87128,2.33960,0.00077,-0.26054,-1.37332,1.03159,0.76149,-0.90337,2.33085,-0.02668,-0.26678,-1.37297,0.99010,0.81125,-0.86193,2.27771,0.03133,-0.20877,-1.31496
69.400000,3470,1.03039,0.77021,-0.87624,2.33617,-0.01220,-0.27770,-1.39697,1.03172,0.72492,-0.90951,2.32634,-0.04409,-0.28470,-1.39551,0.99022,0.77467,-0.86503,2.27320,0.01392,-0.22669,-1.33750
69.500000,3475,1.03039,0.73321,-0.88311,2.33082,-0.03242,-0.29640,-1.41986,1.03221,0.68848,-0.91694,2.32098,-0.06294,-0.30191,-1.41729,0.99072,0.73823,-0.86910,2.26784,-0.00492,-0.24390,-1.35928
69.600000,3480,1.03001,0.69773,-0.89112,2.32548,-0.05302,-0.31433,-1.44313,1.03312,0.65220,-0.92496,2.31475,-0.08305,-0.31832,-1.43836,0.99163,0.70195,-0.87416,2.26162,-0.02504,-0.26031,-1.38035
69.700000,3485,1.03039,0.66187,-0.89951,2.31785,-0.07209,-0.33149,-1.46411,1.03449,0.61614,-0.93403,2.30761,-0.10431,-0.33382,-1.45872,0.99300,0.66589,-0.88028,2.25447,-0.04629,-0.27581,-1.40071
69.800000,3490,1.03039,0.62563,-0.90790,2.30984,-0.09498,-0.34599,-1.48471,1.03638,0.58035,-0.94340,2.29953,-0.12651,-0.34833,-1.47842,0.99489,0.63010,-0.88745,2.24639,-0.06850,-0.29032,-1.42040
69.900000,3495,1.03039,0.59130,-0.91744,2.30183,-0.11672,-0.36087,-1.50417,1.03884,0.54488,-0.95403,2.29045,-0.14948,-0.36176,-1.49745,0.99735,0.59463,-0.89571,2.23732,-0.09147,-0.30375,-1.43943
70.000000,3500,1.03039,0.55544,-0.92927,2.29230,-0.14228,-0.37498,-1.52400,1.04183,0.50989,-0.96564,2.28017,-0.17312,-0.37396,-1.51554,1.00034,0.55964,-0.90529,2.22703,-0.11511,-0.31595,-1.45753
70.100000,3505,1.03077,0.52110,-0.94224,2.28161,-0.16631,-0.38757,-1.54155,1.04515,0.47569,-0.97932,2.26803,-0.19756,-0.38466,-1.53181,1.00366,0.52544,-0.91686,2.21489,-0.13955,-0.32665,-1.47380
70.200000,3510,1.03268,0.48715,-0.95711,2.26788,-0.19073,-0.39673,-1.55605,1.04961,0.44163,-0.99140,2.25593,-0.22120,-0.39450,-1.53918,1.00811,0.49138,-0.92800,2.20279,-0.16319,-0.33649,-1.49103
70.300000,3515,1.03535,0.45320,-0.97008,2.25529,-0.21514,-0.40741,-1.56139,1.05481,0.40822,-1.00470,2.24304,-0.24448,-0.40311,-1.53918,1.01332,0.45797,-0.93979,2.18991,-0.18647,-0.34510,-1.50787
70.400000,3520,1.03917,0.42040,-0.98343,2.24156,-0.23994,-0.41618,-1.56444,1.06037,0.37593,-1.01877,2.22833,-0.26752,-0.41022,-1.53918,1.01888,0.42568,-0.95314,2.17520,-0.20951,-0.35221,-1.52276
70.500000,3525,1.04413,0.38911,-0.99640,2.22668,-0.26283,-0.42152,-1.56444,1.06455,0.34872,-1.01508,2.21752,-0.28550,-0.40649,-1.53918,1.02305,0.39848,-0.96039,2.16438,-0.22749,-0.34852,-1.53616
70.600000,3530,1.04985,0.36394,-0.99602,2.21943,-0.27770,-0.41389,-1.56406,1.06116,0.33712,-0.96152,2.21546,-0.29030,-0.36960,-1.53918,1.01966,0.38687,-0.95091,2.16232,-0.23228,-0.31172,-1.53867
70.700000,3535,1.04947,0.35402,-0.96856,2.21829,-0.28457,-0.38108,-1.56482,1.05634,0.32857,-0.91271,2.21482,-0.29270,-0.32736,-1.53918,1.01485,0.37832,-0.93868,2.16168,-0.23468,-0.26947,-1.53886
70.800000,3540,1.04947,0.34639,-0.92087,2.21829,-0.28915,-0.33607,-1.56406,1.05161,0.32016,-0.89114,2.21419,-0.29505,-0.28582,-1.53918,1.01012,0.36992,-0.92665,2.16106,-0.23704,-0.22793,-1.53904
70.900000,3545,1.04794,0.33876,-0.89531,2.21829,-0.29182,-0.29296,-1.56406,1.04701,0.31170,-0.88413,2.21356,-0.29744,-0.24488,-1.53918,1.00552,0.36145,-0.91484,2.16042,-0.23942,-0.18697,-1.53916
71.000000,3550,1.04603,0.32922,-0.88616,2.21715,-0.29220,-0.25100,-1.56330,1.04260,0.30295,-0.87973,2.21288,-0.29990,-0.20437,-1.53918,1.00110,0.35270,-0.90323,2.15974,-0.24189,-0.14645,-1.53918
71.100000,3555,1.03573,0.32159,-0.87929,2.21638,-0.29525,-0.21209,-1.56368,1.03823,0.29420,-0.87311,2.21220,-0.30237,-0.16411,-1.53918,0.99674,0.34395,-0.89170,2.15906,-0.24435,-0.10618,-1.53918
71.200000,3560,1.03039,0.31053,-0.87433,2.21562,-0.29563,-0.17013,-1.56139,1.03388,0.28548,-0.86985,2.21152,-0.30482,-0.12398,-1.53918,0.99238,0.33523,-0.88022,2.15839,-0.24681,-0.06605,-1.53918
71.300000,3565,1.02963,0.30481,-0.87166,2.21562,-0.29678,-0.12626,-1.56024,1.02962,0.27663,-0.86689,2.21082,-0.30734,-0.08394,-1.53918,0.98812,0.32638,-0.86881,2.15769,-0.24933,-0.02599,-1.53918
71.400000,3570,1.02429,0.29298,-0.86518,2.21447,-0.30441,-0.08544,-1.55605,1.02555,0.26745,-0.85880,2.21008,-0.31001,-0.04395,-1.53918,0.98405,0.31720,-0.85754,2.15694,-0.25200,0.01401,-1.53918
71.500000,3575,1.01857,0.28535,-0.85946,2.21180,-0.31051,-0.04615,-1.55605,1.02151,0.25821,-0.85402,2.20932,-0.31270,-0.00396,-1.53918,0.98002,0.30796,-0.84629,2.15618,-0.25468,0.05400,-1.53918
71.600000,3580,1.01819,0.27429,-0.85411,2.21180,-0.31395,-0.00495,-1.55567,1.01748,0.24897,-0.85184,2.20856,-0.31539,0.03603,-1.53918,0.97598,0.29873,-0.83504,2.15543,-0.25737,0.09399,-1.53918
71.700000,3585,1.01285,0.26552,-0.85221,2.21104,-0.31433,0.03587,-1.55529,1.01353,0.23962,-0.84739,2.20779,-0.31814,0.07602,-1.53918,0.97204,0.28938,-0.82385,2.15465,-0.26013,0.13399,-1.53918
71.800000,3590,1.01246,0.25560,-0.84877,2.21066,-0.31738,0.07592,-1.55338,1.00984,0.22997,-0.84094,2.20696,-0.32108,0.11600,-1.53918,0.96835,0.27973,-0.81283,2.15383,-0.26307,0.17398,-1.53918
71.900000,3595,1.00445,0.24606,-0.84000,2.21028,-0.31814,0.11598,-1.54994,1.00620,0.22026,-0.83602,2.20613,-0.32405,0.15599,-1.53918,0.96470,0.27002,-0.80185,2.15299,-0.26604,0.21397,-1.53918
72.000000,3600,1.00064,0.23805,-0.83580,2.20913,-0.31929,0.15756,-1.54880,1.00255,0.21055,-0.82821,2.20530,-0.32703,0.19598,-1.53918,0.96106,0.26031,-0.79087,2.15216,-0.26901,0.25397,-1.53918
72.100000,3605,0.99720,0.22699,-0.82741,2.20799,-0.32272,0.19761,-1.54842,0.99901,0.20076,-0.82120,2.20445,-0.33007,0.23598,-1.53918,0.95752,0.25051,-0.77995,2.15131,-0.27205,0.29398,-1.53918
72.200000,3610,0.99644,0.21669,-0.81711,2.20608,-0.32653,0.24148,-1.54880,0.99577,0.19071,-0.81466,2.20356,-0.33331,0.27603,-1.53918,0.95428,0.24046,-0.76924,2.15043,-0.27530,0.33404,-1.53918
72.300000,3615,0.99377,0.20677,-0.80910,2.20570,-0.33531,0.28345,-1.54804,0.99261,0.18059,-0.80592,2.20266,-0.33661,0.31615,-1.53918,0.95111,0.23034,-0.75856,2.14953,-0.27859,0.37416,-1.53918
72.400000,3620,0.98500,0.19609,-0.79956,2.20532,-0.33989,0.32312,-1.54804,0.98943,0.17043,-0.79637,2.20176,-0.33991,0.35641,-1.53918,0.94793,0.22018,-0.74785,2.14863,-0.28190,0.41442,-1.53918
72.500000,3625,0.98233,0.18770,-0.79117,2.20456,-0.34065,0.36356,-1.54804,0.98633,0.16016,-0.79115,2.20085,-0.34329,0.39690,-1.53918,0.94484,0.20992,-0.73715,2.14772,-0.28528,0.45491,-1.53918
72.600000,3630,0.98195,0.17511,-0.78469,2.20417,-0.34370,0.40323,-1.54766,0.98360,0.14963,-0.78140,2.19991,-0.34692,0.43775,-1.53918,0.94211,0.19938,-0.72663,2.14678,-0.28891,0.49576,-1.53918
72.700000,3635,0.98004,0.16519,-0.77477,2.20303,-0.34484,0.44672,-1.54727,0.98094,0.13893,-0.77117,2.19895,-0.35063,0.47907,-1.53918,0.93945,0.18868,-0.71607,2.14582,-0.29262,0.53708,-1.53918
72.800000,3640,0.97928,0.15451,-0.76370,2.20074,-0.34790,0.48486,-1.54460,0.97824,0.12813,-0.76197,2.19800,-0.35438,0.52089,-1.53918,0.93674,0.17788,-0.70536,2.14486,-0.29636,0.57891,-1.53917
72.900000,3645,0.97241,0.14383,-0.75188,2.19960,-0.35171,0.52759,-1.54422,0.97532,0.12696,-0.74823,2.20053,-0.35247,0.55137,-1.53918,0.93383,0.17671,-0.69351,2.14740,-0.29445,0.60938,-1.53689
73.000000,3650,0.96898,0.14268,-0.73929,2.19998,-0.34942,0.54972,-1.54422,0.97213,0.15451,-0.72917,2.21284,-0.33387,0.54828,-1.53918,0.93064,0.20426,-0.67910,2.15971,-0.27586,0.60630,-1.52788
73.100000,3655,0.96898,0.16519,-0.72365,2.20952,-0.33683,0.55010,-1.54270,0.96962,0.18831,-0.71482,2.22625,-0.31149,0.54084,-1.53918,0.92813,0.23806,-0.66510,2.17312,-0.25348,0.59885,-1.51758
73.200000,3660,0.96592,0.20067,-0.70610,2.22363,-0.31433,0.54705,-1.54193,0.96808,0.22205,-0.69820,2.24032,-0.28696,0.53543,-1.53918,0.92659,0.27180,-0.65096,2.18719,-0.22895,0.59344,-1.50954
73.300000,3665,0.96364,0.23424,-0.69122,2.23736,-0.28839,0.54285,-1.54155,0.96735,0.25817,-0.68568,2.25233,-0.26314,0.53136,-1.53918,0.92585,0.30792,-0.63897,2.19919,-0.20513,0.58935,-1.49901
73.400000,3670,0.96364,0.26971,-0.67711,2.25033,-0.26397,0.53942,-1.54155,0.96731,0.29595,-0.67555,2.26280,-0.24006,0.52851,-1.53918,0.92581,0.34570,-0.62877,2.20967,-0.18205,0.58649,-1.48667
73.500000,3675,0.96364,0.30595,-0.66605,2.26101,-0.24146,0.53560,-1.54155,0.96787,0.33478,-0.66562,2.27215,-0.21776,0.52671,-1.53105,0.92637,0.38453,-0.62006,2.21902,-0.15975,0.58469,-1.47303
73.600000,3680,0.96364,0.34524,-0.65651,2.26979,-0.22201,0.53179,-1.53392,0.96903,0.37426,-0.65814,2.28062,-0.19622,0.52584,-1.51643,0.92754,0.42401,-0.61259,2.22748,-0.13820,0.58381,-1.45842
73.700000,3685,0.96364,0.38301,-0.65079,2.27818,-0.19760,0.53102,-1.51676,0.97128,0.41350,-0.65066,2.28916,-0.17385,0.52611,-1.50283,0.92978,0.46325,-0.60531,2.23602,-0.11584,0.58408,-1.44482
73.800000,3690,0.96402,0.42192,-0.64392,2.28696,-0.17509,0.53140,-1.50226,0.97339,0.45362,-0.64565,2.29596,-0.15450,0.52644,-1.48611,0.93190,0.50338,-0.60010,2.24282,-0.09649,0.58441,-1.42810
73.900000,3695,0.96440,0.46159,-0.64049,2.29306,-0.15449,0.53140,-1.48738,0.97549,0.49415,-0.64256,2.30152,-0.13752,0.52677,-1.46717,0.93400,0.54391,-0.59637,2.24839,-0.07951,0.58474,-1.40915
74.000000,3700,0.96592,0.50127,-0.63896,2.29954,-0.13618,0.53102,-1.46449,0.97767,0.53473,-0.63960,2.30628,-0.12230,0.52701,-1.44676,0.93618,0.58448,-0.59360,2.25314,-0.06428,0.58499,-1.38875
74.100000,3705,0.96669,0.53980,-0.63896,2.30412,-0.12321,0.53140,-1.44275,0.97985,0.57528,-0.63730,2.31028,-0.10884,0.52700,-1.42492,0.93836,0.62503,-0.59167,2.25715,-0.05083,0.58498,-1.36691
74.200000,3710,0.96974,0.58100,-0.63896,2.30832,-0.10642,0.53179,-1.42177,0.98197,0.61574,-0.63562,2.31358,-0.09712,0.52654,-1.40166,0.94047,0.66549,-0.59045,2.26045,-0.03911,0.58453,-1.34365
74.300000,3715,0.97203,0.61953,-0.63477,2.31213,-0.09841,0.53179,-1.39545,0.98394,0.65609,-0.63339,2.31621,-0.08708,0.52547,-1.37705,0.94245,0.70584,-0.58981,2.26308,-0.02907,0.58347,-1.31904
74.400000,3720,0.97470,0.65844,-0.63248,2.31366,-0.08697,0.53102,-1.37332,0.98572,0.69628,-0.63233,2.31819,-0.07863,0.52366,-1.35114,0.94422,0.74603,-0.58966,2.26506,-0.02061,0.58166,-1.29312
74.500000,3725,0.97813,0.69887,-0.63210,2.31709,-0.07667,0.52988,-1.34357,0.98724,0.73627,-0.63182,2.31954,-0.07168,0.52097,-1.32401,0.94575,0.78602,-0.58993,2.26640,-0.01367,0.57898,-1.26600
74.600000,3730,0.97889,0.74007,-0.63210,2.31862,-0.07285,0.52835,-1.31496,0.98848,0.77599,-0.63055,2.32026,-0.06613,0.51731,-1.29580,0.94698,0.82574,-0.59054,2.26712,-0.00812,0.57533,-1.23779
74.700000,3735,0.98309,0.77936,-0.63171,2.32014,-0.06942,0.52454,-1.28520,0.98938,0.81537,-0.62986,2.32034,-0.06185,0.51261,-1.26663,0.94789,0.86512,-0.59146,2.26721,-0.00384,0.57062,-1.20862
74.800000,3740,0.98309,0.81713,-0.63171,2.32014,-0.06141,0.52187,-1.25545,0.98993,0.85434,-0.62972,2.31979,-0.05871,0.50681,-1.23665,0.94844,0.90410,-0.59263,2.26666,-0.00070,0.56482,-1.17864
74.900000,3745,0.98347,0.85490,-0.63171,2.32014,-0.05416,0.51767,-1.22645,0.99012,0.89283,-0.62944,2.31858,-0.05658,0.49984,-1.20599,0.94862,0.94259,-0.59407,2.26545,0.00143,0.55785,-1.14798
75.000000,3750,0.98347,0.89342,-0.63171,2.32014,-0.05378,0.51004,-1.19517,0.98995,0.93081,-0.62788,2.31673,-0.05532,0.49177,-1.17480,0.94846,0.98056,-0.59576,2.26359,0.00269,0.54978,-1.11678
75.100000,3755,0.98347,0.93081,-0.63171,2.32014,-0.05340,0.50051,-1.16160,0.98947,0.96827,-0.62700,2.31425,-0.05478,0.48266,-1.14320,0.94798,1.01802,-0.59770,2.26112,0.00323,0.54067,-1.08519
75.200000,3760,0.98347,0.96781,-0.63171,2.32014,-0.05187,0.49402,-1.12956,0.98869,1.00518,-0.62550,2.31116,-0.05483,0.47252,-1.11131,0.94719,1.05493,-0.59993,2.25802,0.00318,0.53053,-1.05329
75.300000,3765,0.98347,1.00367,-0.63133,2.31824,-0.05149,0.48410,-1.09599,0.98763,1.04155,-0.62495,2.30744,-0.05534,0.46140,-1.07919,0.94613,1.09131,-0.60244,2.25430,0.00267,0.51941,-1.02118
75.400000,3770,0.98347,1.03953,-0.63133,2.31595,-0.05187,0.47189,-1.06585,0.98631,1.07738,-0.62358,2.30310,-0.05622,0.44932,-1.04692,0.94482,1.12714,-0.60528,2.24996,0.00179,0.50733,-0.98891
75.500000,3775,0.98347,1.07272,-0.63133,2.31137,-0.05225,0.46045,-1.03381,0.98478,1.11267,-0.62282,2.29812,-0.05736,0.43631,-1.01455,0.94328,1.16243,-0.60847,2.24499,0.00066,0.49433,-0.95654
75.600000,3780,0.98347,1.10972,-0.63133,2.30755,-0.05302,0.44672,-0.99948,0.98305,1.14742,-0.62193,2.29251,-0.05867,0.42243,-0.98212,0.94156,1.19717,-0.61204,2.23937,-0.00066,0.48044,-0.92411
75.700000,3785,0.98309,1.14482,-0.62943,2.30031,-0.05416,0.43413,-0.96514,0.98117,1.18161,-0.61995,2.28624,-0.06007,0.40771,-0.94966,0.93968,1.23137,-0.61603,2.23311,-0.00206,0.46572,-0.89165
75.800000,3790,0.98309,1.17839,-0.62790,2.29535,-0.05492,0.41811,-0.93539,0.97916,1.21525,-0.61940,2.27932,-0.06148,0.39218,-0.91719,0.93767,1.26501,-0.62047,2.22618,-0.00347,0.45019,-0.85917
75.900000,3795,0.98309,1.21081,-0.62790,2.28810,-0.05492,0.40323,-0.90296,0.97707,1.24832,-0.61796,2.27171,-0.06283,0.37590,-0.88472,0.93557,1.29808,-0.62538,2.21857,-0.00482,0.43392,-0.82671
76.000000,3800,0.98309,1.24400,-0.62790,2.28047,-0.05530,0.38721,-0.86863,0.97490,1.28081,-0.61678,2.26342,-0.06404,0.35891,-0.85228,0.93340,1.33056,-0.63078,2.21029,-0.00603,0.41693,-0.79426
76.100000,3805,0.98271,1.27566,-0.62752,2.27246,-0.05607,0.36813,-0.83544,0.97198,1.31311,-0.61741,2.25524,-0.06536,0.34115,-0.82014,0.93048,1.36286,-0.63641,2.20210,-0.00735,0.39916,-0.76213
76.200000,3810,0.98233,1.30771,-0.62752,2.26445,-0.05798,0.35211,-0.80340,0.96892,1.34489,-0.61801,2.24656,-0.06651,0.32275,-0.78812,0.92743,1.39464,-0.64255,2.19342,-0.00850,0.38076,-0.73010
76.300000,3815,0.98080,1.33975,-0.62752,2.25529,-0.05950,0.33380,-0.77212,0.96674,1.37550,-0.62067,2.23623,-0.06699,0.30385,-0.75583,0.92524,1.42526,-0.64968,2.18309,-0.00898,0.36186,-0.69781
76.400000,3820,0.98042,1.36874,-0.62752,2.24537,-0.06217,0.31473,-0.73702,0.96468,1.40535,-0.62624,2.22502,-0.06699,0.28445,-0.72352,0.92318,1.45510,-0.65738,2.17190,-0.00898,0.34246,-0.66551
76.500000,3825,0.98004,1.40002,-0.62790,2.23393,-0.06255,0.29451,-0.70383,0.96275,1.43436,-0.63099,2.21294,-0.06643,0.26463,-0.69120,0.92125,1.48411,-0.66564,2.15985,-0.00842,0.32264,-0.63319
76.600000,3830,0.98004,1.42864,-0.62790,2.22172,-0.06332,0.27582,-0.67484,0.96103,1.46245,-0.63567,2.19995,-0.06519,0.24450,-0.65885,0.91954,1.51220,-0.67449,2.14688,-0.00718,0.30251,-0.60083
76.700000,3835,0.97889,1.45572,-0.62790,2.20837,-0.06332,0.25407,-0.63936,0.95955,1.48952,-0.64328,2.18598,-0.06318,0.22417,-0.62646,0.91805,1.53927,-0.68389,2.13296,-0.00517,0.28218,-0.56845
76.800000,3840,0.97432,1.48280,-0.62828,2.19426,-0.06255,0.23271,-0.60617,0.95825,1.51547,-0.65047,2.17106,-0.06031,0.20376,-0.59406,0.91676,1.56522,-0.69374,2.11808,-0.00230,0.26177,-0.53605
76.900000,3845,0.97432,1.50875,-0.63019,2.17900,-0.06217,0.21249,-0.57413,0.95713,1.54019,-0.65761,2.15517,-0.05650,0.18345,-0.56166,0.91566,1.58994,-0.70397,2.10221,0.00151,0.24146,-0.50365
77.000000,3850,0.97279,1.53316,-0.63934,2.16336,-0.05874,0.19227,-0.54247,0.95618,1.56351,-0.66588,2.13824,-0.05166,0.16344,-0.52927,0.91477,1.61327,-0.71448,2.08533,0.00635,0.22145,-0.47126
77.100000,3855,0.97126,1.55414,-0.64850,2.14619,-0.05454,0.17244,-0.50852,0.95596,1.58415,-0.67408,2.11893,-0.04494,0.14479,-0.49662,0.91464,1.63390,-0.72465,2.06608,0.01307,0.20280,-0.43861
77.200000,3860,0.97126,1.57512,-0.65842,2.12559,-0.05111,0.15374,-0.47533,0.95569,1.60350,-0.68165,2.09900,-0.03737,0.12668,-0.46412,0.91447,1.65326,-0.73492,2.04617,0.02065,0.18469,-0.40611
77.300000,3865,0.97088,1.59381,-0.66795,2.10728,-0.04729,0.13543,-0.44595,0.95498,1.62231,-0.68992,2.07938,-0.02954,0.10872,-0.43205,0.91392,1.67207,-0.74555,2.02657,0.02847,0.16673,-0.37404
77.400000,3870,0.96898,1.61212,-0.67558,2.08668,-0.04005,0.11750,-0.41124,0.95468,1.63937,-0.69852,2.05881,-0.02072,0.09190,-0.40018,0.91375,1.68912,-0.75620,2.00607,0.03729,0.14991,-0.34217
77.500000,3875,0.96936,1.62929,-0.68512,2.06532,-0.02555,0.10110,-0.38110,0.95474,1.65460,-0.70734,2.03737,-0.01099,0.07642,-0.36856,0.91402,1.70436,-0.76680,1.98466,0.04702,0.13443,-0.31055
77.600000,3880,0.96936,1.64379,-0.69389,2.04357,-0.02097,0.08470,-0.34791,0.95492,1.66816,-0.71547,2.01516,-0.00052,0.06233,-0.33719,0.91446,1.71791,-0.77710,1.96247,0.05749,0.12034,-0.27918
77.700000,3885,0.96936,1.65599,-0.70191,2.02183,-0.00953,0.07249,-0.31854,0.95517,1.68010,-0.72322,1.99222,0.01053,0.04969,-0.30608,0.91496,1.72985,-0.78699,1.93954,0.06855,0.10770,-0.24807
77.800000,3890,0.96936,1.66782,-0.71259,1.99780,0.00154,0.05723,-0.28497,0.95528,1.69048,-0.73144,1.96852,0.02203,0.03855,-0.27523,0.91545,1.74024,-0.79636,1.91589,0.08004,0.09656,-0.21722
77.900000,3895,0.96936,1.67774,-0.72060,1.97338,0.01031,0.04769,-0.25598,0.95526,1.69940,-0.73787,1.94418,0.03382,0.02892,-0.24462,0.91584,1.74916,-0.80512,1.89154,0.09183,0.08694,-0.18660
78.000000,3900,0.96898,1.68346,-0.72823,1.94820,0.02671,0.03778,-0.22584,0.95503,1.70692,-0.74483,1.91907,0.04575,0.02082,-0.21422,0.91602,1.75667,-0.81315,1.86646,0.10377,0.07883,-0.15621
78.100000,3905,0.96936,1.69147,-0.73700,1.92493,0.03472,0.02938,-0.19647,0.95415,1.71307,-0.75007,1.89322,0.05770,0.01422,-0.18403,0.91588,1.76283,-0.82034,1.84062,0.11572,0.07223,-0.12602
78.200000,3910,0.96898,1.69681,-0.74234,1.89632,0.04998,0.02290,-0.16633,0.95331,1.71645,-0.75431,1.86567,0.06960,0.01063,-0.15445,0.91552,1.76620,-0.82539,1.81310,0.12760,0.06864,-0.09644
78.300000,3915,0.96898,1.69681,-0.74730,1.86848,0.05838,0.02175,-0.13467,0.95143,1.71886,-0.75702,1.83742,0.08123,0.00822,-0.12490,0.91451,1.76861,-0.82953,1.78484,0.13919,0.06623,-0.06689
78.400000,3920,0.96859,1.69872,-0.74921,1.84025,0.07287,0.01718,-0.10682,0.94811,1.72208,-0.76068,1.80930,0.09245,0.00516,-0.09474,0.91245,1.77184,-0.83398,1.75675,0.15038,0.06318,-0.03673
78.500000,3925,0.96554,1.70368,-0.75340,1.81164,0.08165,0.01374,-0.07669,0.94332,1.72433,-0.76267,1.78020,0.10336,0.00323,-0.06445,0.90943,1.77408,-0.83721,1.72767,0.16120,0.06124,-0.00644
78.600000,3930,0.96058,1.71055,-0.75531,1.78341,0.08889,0.00993,-0.04769,0.93534,1.72415,-0.76195,1.74936,0.11356,0.00377,-0.03463,0.90545,1.77390,-0.83790,1.69684,0.17133,0.06178,0.02338
78.700000,3935,0.94914,1.70978,-0.75531,1.75098,0.10415,0.00764,-0.01756,0.91193,1.72487,-0.76041,1.71836,0.12350,0.00355,-0.00393,0.89974,1.77462,-0.83829,1.66587,0.18112,0.06156,0.05408
78.800000,3940,0.90870,1.71169,-0.75531,1.72008,0.11026,0.00459,0.00953,0.84512,1.72895,-0.74210,1.69811,0.12870,0.00122,0.01759,0.88334,1.77871,-0.82792,1.64564,0.18510,0.05923,0.07560
78.900000,3945,0.84881,1.71245,-0.75455,1.70482,0.11254,0.00611,0.02708,0.80957,1.73655,-0.70998,1.69618,0.12291,-0.00252,0.02183,0.85084,1.78630,-0.79846,1.64336,0.17930,0.05549,0.07985
79.000000,3950,0.81448,1.71283,-0.73891,1.70406,0.10949,0.00421,0.03127,0.77492,1.74464,-0.67777,1.69553,0.11617,-0.00651,0.02457,0.81634,1.79440,-0.76682,1.64263,0.17254,0.05150,0.08258
79.100000,3955,0.77938,1.71589,-0.70763,1.70406,0.10606,-0.00075,0.03547,0.73969,1.75340,-0.64609,1.69410,0.10958,-0.01131,0.02741,0.78113,1.80315,-0.73523,1.64119,0.16588,0.04670,0.08542
79.200000,3960,0.74467,1.72428,-0.67673,1.70253,0.10224,-0.00381,0.04157,0.70401,1.76253,-0.61445,1.69228,0.10298,-0.01656,0.03032,0.74544,1.81229,-0.70360,1.63936,0.15926,0.04145,0.08833
79.300000,3965,0.70766,1.73267,-0.64011,1.70063,0.09957,-0.01067,0.04577,0.66793,1.77256,-0.58342,1.69048,0.09649,-0.02282,0.03336,0.70938,1.82232,-0.67254,1.63756,0.15271,0.03519,0.09137
79.400000,3970,0.66952,1.74145,-0.60654,1.70063,0.09347,-0.02059,0.04920,0.63116,1.78563,-0.55503,1.68881,0.09031,-0.03260,0.03687,0.67264,1.83538,-0.64407,1.63590,0.14648,0.02541,0.09488
79.500000,3975,0.63328,1.75632,-0.57449,1.69872,0.08126,-0.02936,0.05225,0.59425,1.79923,-0.52693,1.68717,0.08422,-0.04301,0.04046,0.63574,1.84899,-0.61603,1.63426,0.14031,0.01500,0.09847
79.600000,3980,0.59856,1.76815,-0.54474,1.69681,0.07821,-0.03776,0.05607,0.55740,1.81457,-0.50106,1.68520,0.07811,-0.05536,0.04408,0.59888,1.86432,-0.58986,1.63232,0.13429,0.00265,0.10209
79.700000,3985,0.56003,1.78226,-0.51727,1.69529,0.07402,-0.05263,0.05798,0.52064,1.83197,-0.47719,1.68289,0.07234,-0.07003,0.04772,0.56213,1.88173,-0.56596,1.63003,0.12844,-0.01202,0.10573
79.800000,3990,0.52265,1.79943,-0.49171,1.69414,0.06791,-0.06789,0.06065,0.48406,1.84972,-0.45393,1.68049,0.06662,-0.08507,0.05132,0.52555,1.89947,-0.54258,1.62764,0.12262,-0.02705,0.10933
79.900000,3995,0.48832,1.81583,-0.46882,1.69300,0.05876,-0.08239,0.06560,0.44835,1.86998,-0.43394,1.67738,0.06087,-0.10269,0.05465,0.48984,1.91973,-0.52255,1.62456,0.11681,-0.04468,0.11266
80.000000,4000,0.45208,1.83453,-0.44975,1.69109,0.05265,-0.10146,0.06942,0.41317,1.89104,-0.41551,1.67400,0.05520,-0.12117,0.05786,0.45466,1.94080,-0.50386,1.62124,0.11105,-0.06316,0.11587
80.100000,4005,0.41774,1.85703,-0.43030,1.68651,0.04922,-0.12054,0.07247,0.37911,1.91321,-0.39922,1.67013,0.04936,-0.14058,0.06076,0.42060,1.96296,-0.48723,1.61744,0.10510,-0.08257,0.11877
80.200000,4010,0.38112,1.88068,-0.41313,1.68346,0.04540,-0.14152,0.07552,0.34660,1.93687,-0.38550,1.66569,0.04320,-0.16125,0.06322,0.38809,1.98662,-0.47341,1.61303,0.09894,-0.10324,0.12123
80.300000,4015,0.34908,1.90434,-0.39901,1.68079,0.03739,-0.16135,0.07629,0.32006,1.95748,-0.37187,1.67024,0.04066,-0.17664,0.05766,0.36155,2.00723,-0.46016,1.61739,0.09673,-0.11862,0.11567
80.400000,4020,0.32772,1.92150,-0.38604,1.68499,0.03358,-0.17585,0.06980,0.30976,1.97071,-0.36331,1.69751,0.04717,-0.18083,0.03222,0.35125,2.02046,-0.45128,1.64453,0.10379,-0.12282,0.09024
80.500000,4025,0.32009,1.93791,-0.37689,1.71207,0.03511,-0.18043,0.04806,0.30484,1.98282,-0.35848,1.72874,0.05453,-0.18452,0.00422,0.34634,2.03257,-0.44645,1.67574,0.11143,-0.12651,0.06223
80.600000,4030,0.31703,1.94897,-0.36964,1.74412,0.04731,-0.18462,0.02135,0.29827,1.99428,-0.35037,1.75846,0.06131,-0.18710,-0.02355,0.33976,2.04403,-0.43856,1.70544,0.11841,-0.12909,0.03446
80.700000,4035,0.30864,1.96308,-0.36125,1.77425,0.05456,-0.18653,-0.00764,0.29056,2.00505,-0.34035,1.78694,0.06760,-0.18907,-0.05118,0.33205,2.05481,-0.42864,1.73395,0.12472,-0.13106,0.00684
80.800000,4040,0.29910,1.97643,-0.35133,1.80248,0.05761,-0.18768,-0.03549,0.28222,2.01547,-0.32932,1.81459,0.07315,-0.19081,-0.07865,0.32370,2.06522,-0.41758,1.76158,0.13040,-0.13279,-0.02064
80.900000,4045,0.29300,1.98559,-0.33760,1.83033,0.06257,-0.19035,-0.06600,0.27313,2.02569,-0.31724,1.84142,0.07817,-0.19239,-0.10606,0.31461,2.07544,-0.40539,1.78843,0.13549,-0.13438,-0.04805
81.000000,4050,0.28156,1.99780,-0.32577,1.85780,0.07325,-0.19264,-0.09233,0.26320,2.03589,-0.30404,1.86754,0.08258,-0.19392,-0.13348,0.30466,2.08564,-0.39210,1.81455,0.14002,-0.13590,-0.07546
81.100000,4055,0.27049,2.01191,-0.31127,1.88259,0.07897,-0.19378,-0.12208,0.25230,2.04622,-0.28951,1.89294,0.08650,-0.19544,-0.16093,0.29377,2.09598,-0.37772,1.83996,0.14397,-0.13742,-0.10292
81.200000,4060,0.25981,2.02336,-0.29449,1.90968,0.08088,-0.19454,-0.14840,0.24044,2.05687,-0.27414,1.91769,0.08982,-0.19700,-0.18847,0.28188,2.10662,-0.36231,1.86470,0.14737,-0.13899,-0.13045
81.300000,4065,0.24837,2.03404,-0.27580,1.93371,0.08317,-0.19683,-0.17968,0.22754,2.06798,-0.25784,1.94177,0.09258,-0.19864,-0.21608,0.26898,2.11773,-0.34593,1.88878,0.15020,-0.14063,-0.15807
81.400000,4070,0.23273,2.04739,-0.25978,1.95850,0.08508,-0.20103,-0.20639,0.21361,2.07973,-0.24063,1.96515,0.09478,-0.20037,-0.24379,0.25504,2.12948,-0.32862,1.91217,0.15244,-0.14236,-0.18577
81.500000,4075,0.22014,2.06112,-0.24490,1.98177,0.08889,-0.20294,-0.23347,0.19870,2.09227,-0.22269,1.98784,0.09639,-0.20218,-0.27157,0.24011,2.14202,-0.31048,1.93488,0.15410,-0.14417,-0.21356
81.600000,4080,0.20450,2.07485,-0.22392,2.00466,0.09538,-0.20522,-0.26285,0.18282,2.10576,-0.20387,2.00984,0.09741,-0.20404,-0.29943,0.22422,2.15551,-0.29160,1.95687,0.15516,-0.14603,-0.24142
81.700000,4085,0.18810,2.08592,-0.20294,2.02526,0.09957,-0.20713,-0.29031,0.16608,2.12032,-0.18455,2.03112,0.09786,-0.20590,-0.32735,0.20747,2.17007,-0.27209,1.97816,0.15564,-0.14789,-0.26934
81.800000,4090,0.16978,2.10652,-0.18157,2.04777,0.10224,-0.20866,-0.32007,0.14856,2.13611,-0.16458,2.05163,0.09772,-0.20769,-0.35532,0.18993,2.18586,-0.25203,1.99869,0.15554,-0.14967,-0.29731
81.900000,4095,0.15147,2.12330,-0.15945,2.06875,0.10186,-0.21057,-0.34868,0.13039,2.15321,-0.14421,2.07139,0.09704,-0.20929,-0.38332,0.17175,2.20296,-0.23155,2.01845,0.15488,-0.15128,-0.32531
82.000000,4100,0.13240,2.14352,-0.13847,2.08859,0.10186,-0.21171,-0.37653,0.11170,2.17171,-0.12366,2.09032,0.09584,-0.21060,-0.41131,0.15305,2.22147,-0.21071,2.03740,0.15371,-0.15258,-0.35330
82.100000,4105,0.11485,2.16412,-0.11596,2.10804,0.10224,-0.21285,-0.40628,0.09260,2.19174,-0.10278,2.10829,0.09419,-0.21138,-0.43918,0.13392,2.24149,-0.18953,2.05539,0.15209,-0.15337,-0.38117
82.200000,4110,0.09502,2.18472,-0.09422,2.12712,0.10148,-0.21476,-0.43260,0.07327,2.21330,-0.08166,2.12532,0.09217,-0.21147,-0.46692,0.11459,2.26305,-0.16811,2.07244,0.15008,-0.15348,-0.40891
82.300000,4115,0.07556,2.20875,-0.07133,2.14466,0.10072,-0.21514,-0.46236,0.05400,2.23634,-0.06035,2.14156,0.08985,-0.21078,-0.49458,0.09531,2.28610,-0.14667,2.08871,0.14778,-0.15280,-0.43657
82.400000,4120,0.05458,2.23431,-0.04844,2.15992,0.09843,-0.21552,-0.48830,0.03492,2.26083,-0.03931,2.15698,0.08731,-0.20917,-0.52209,0.07622,2.31059,-0.12528,2.10416,0.14526,-0.15121,-0.46407
82.500000,4125,0.03665,2.25987,-0.02669,2.17518,0.09576,-0.21476,-0.51920,0.01503,2.28547,-0.01861,2.17137,0.08437,-0.20758,-0.54987,0.05631,2.33522,-0.10408,2.11858,0.14233,-0.14963,-0.49186
82.600000,4130,0.01491,2.28657,-0.00533,2.18930,0.09004,-0.21438,-0.54514,-0.00508,2.31076,0.00201,2.18478,0.08125,-0.20545,-0.57764,0.03618,2.36051,-0.08311,2.13202,0.13922,-0.14751,-0.51963
82.700000,4135,-0.00417,2.31290,0.01641,2.20265,0.08241,-0.21171,-0.57299,-0.02329,2.33892,0.02257,2.19749,0.07859,-0.20075,-0.60435,0.01795,2.38867,-0.06223,2.14479,0.13656,-0.14285,-0.54634
82.800000,4140,-0.02172,2.34265,0.03892,2.21486,0.07974,-0.20942,-0.59702,-0.04075,2.36837,0.04257,2.20930,0.07619,-0.19461,-0.63049,0.00046,2.41813,-0.04156,2.15666,0.13417,-0.13674,-0.57248
82.900000,4145,-0.04079,2.37660,0.06066,2.22783,0.07897,-0.20561,-0.62677,-0.05746,2.39894,0.06246,2.22020,0.07419,-0.18702,-0.65593,-0.01627,2.44870,-0.02112,2.16761,0.13219,-0.12917,-0.59792
83.000000,4150,-0.05529,2.40750,0.08050,2.23622,0.07859,-0.19988,-0.64966,-0.07333,2.43052,0.08208,2.23010,0.07276,-0.17789,-0.68053,-0.03216,2.48027,-0.00090,2.17762,0.13075,-0.12008,-0.62251
83.100000,4155,-0.07360,2.44069,0.10186,2.24690,0.07859,-0.18920,-0.67293,-0.08828,2.46296,0.10136,2.23907,0.07200,-0.16726,-0.70414,-0.04715,2.51272,0.01912,2.18668,0.12999,-0.10947,-0.64613
83.200000,4160,-0.08619,2.47502,0.12246,2.25606,0.07859,-0.17738,-0.69735,-0.10232,2.49613,0.12056,2.24711,0.07204,-0.15515,-0.72664,-0.06121,2.54588,0.03895,2.19476,0.13004,-0.09737,-0.66862
83.300000,4165,-0.10183,2.51164,0.14383,2.26330,0.07821,-0.16670,-0.71833,-0.11538,2.52987,0.13961,2.25407,0.07303,-0.14155,-0.74789,-0.07431,2.57963,0.05864,2.20187,0.13102,-0.08382,-0.68988
83.400000,4170,-0.11594,2.54750,0.16443,2.27131,0.07859,-0.15106,-0.74160,-0.12749,2.56403,0.15854,2.26012,0.07501,-0.12663,-0.76778,-0.08645,2.61379,0.07823,2.20798,0.13302,-0.06890,-0.70977
83.500000,4175,-0.12662,2.58489,0.18693,2.27894,0.07897,-0.13923,-0.76220,-0.13865,2.59844,0.17684,2.26499,0.07813,-0.11038,-0.78621,-0.09762,2.64820,0.09775,2.21308,0.13612,-0.05272,-0.72820
83.600000,4180,-0.13730,2.62113,0.20601,2.28085,0.07974,-0.12206,-0.77860,-0.14885,2.63294,0.19530,2.26893,0.08240,-0.09306,-0.80312,-0.10784,2.68269,0.11727,2.21717,0.14039,-0.03541,-0.74510
83.700000,4185,-0.15027,2.65775,0.22622,2.28657,0.08088,-0.10299,-0.79691,-0.15813,2.66734,0.21408,2.27187,0.08788,-0.07476,-0.81845,-0.11715,2.71710,0.13683,2.22023,0.14587,-0.01713,-0.76044
83.800000,4190,-0.15905,2.69475,0.24759,2.29077,0.08355,-0.08735,-0.81217,-0.16656,2.70150,0.23242,2.27366,0.09458,-0.05562,-0.83220,-0.12559,2.75125,0.15647,2.22228,0.15256,0.00197,-0.77419
83.900000,4195,-0.16668,2.73137,0.26666,2.29115,0.09500,-0.06675,-0.82361,-0.17415,2.73520,0.25052,2.27436,0.10248,-0.03576,-0.84435,-0.13319,2.78496,0.17628,2.22327,0.16045,0.02179,-0.78634
84.000000,4200,-0.17011,2.76723,0.28650,2.29115,0.10492,-0.04615,-0.83659,-0.17988,2.76803,0.27001,2.27385,0.11187,-0.01471,-0.85375,-0.13895,2.81778,0.19655,2.22304,0.16983,0.04280,-0.79574
84.100000,4205,-0.18117,2.80309,0.30786,2.29115,0.10987,-0.02441,-0.84421,-0.18399,2.79993,0.29013,2.27221,0.12274,0.00713,-0.86063,-0.14310,2.84962,0.21731,2.22160,0.18070,0.06464,-0.80262
84.200000,4210,-0.18384,2.83628,0.32884,2.29115,0.12475,-0.00342,-0.85375,-0.18968,2.83113,0.30892,2.26966,0.13377,0.02842,-0.86842,-0.14886,2.88083,0.23806,2.21936,0.19175,0.08590,-0.81041
84.300000,4215,-0.18766,2.86871,0.34906,2.29115,0.13391,0.01756,-0.86481,-0.19518,2.86150,0.32816,2.26602,0.14580,0.04974,-0.87519,-0.15431,2.91111,0.25908,2.21613,0.20375,0.10721,-0.81718
84.400000,4220,-0.19796,2.90228,0.36928,2.29077,0.14840,0.03968,-0.86825,-0.20017,2.89078,0.34802,2.26125,0.15882,0.07108,-0.88085,-0.15937,2.94030,0.28040,2.21186,0.21677,0.12852,-0.82284
84.500000,4225,-0.20025,2.93241,0.38950,2.28963,0.16023,0.06105,-0.87244,-0.20493,2.91895,0.36758,2.25548,0.17277,0.09230,-0.88559,-0.16413,2.96836,0.30203,2.20659,0.23071,0.14970,-0.82757
84.600000,4230,-0.20292,2.96102,0.41048,2.28505,0.17358,0.08165,-0.87626,-0.20948,2.94594,0.38729,2.24839,0.18763,0.11331,-0.88952,-0.16868,2.99521,0.32396,2.20029,0.24555,0.17067,-0.83151
84.700000,4235,-0.21169,2.99040,0.43070,2.27513,0.18884,0.10530,-0.88007,-0.21388,2.97176,0.40779,2.24056,0.20331,0.13399,-0.89284,-0.17312,3.02084,0.34619,2.19299,0.26122,0.19136,-0.83483
84.800000,4240,-0.21207,3.01519,0.45129,2.26979,0.20715,0.12323,-0.88465,-0.21824,2.99610,0.42617,2.23114,0.21974,0.15441,-0.89570,-0.17755,3.04526,0.36869,2.18468,0.27766,0.21170,-0.83768
84.900000,4245,-0.21741,3.04228,0.46961,2.25834,0.22203,0.14535,-0.88808,-0.22275,3.01965,0.44580,2.22076,0.23697,0.17440,-0.89826,-0.18205,3.06849,0.39147,2.17535,0.29486,0.23169,-0.84024
85.000000,4250,-0.22504,3.06669,0.49173,2.24804,0.24072,0.16633,-0.89114,-0.22714,3.04155,0.46614,2.20912,0.25501,0.19403,-0.90021,-0.18648,3.09038,0.41462,2.16475,0.31290,0.25131,-0.84220
85.100000,4255,-0.23076,3.09149,0.51195,2.23546,0.26018,0.18464,-0.89190,-0.23114,3.06221,0.48443,2.19414,0.27409,0.21338,-0.90091,-0.19048,3.11057,0.43831,2.15239,0.33195,0.27056,-0.84290
85.200000,4260,-0.23344,3.11018,0.52950,2.21982,0.27582,0.20295,-0.89419,-0.23666,3.08318,0.50173,2.17877,0.29339,0.23249,-0.90386,-0.19606,3.13106,0.46195,2.13988,0.35123,0.28961,-0.84585
85.300000,4265,-0.23878,3.13307,0.54552,2.19960,0.29680,0.22584,-0.89686,-0.24278,3.10346,0.51285,2.15377,0.31345,0.25142,-0.90725,-0.20220,3.15092,0.48596,2.12619,0.37124,0.30845,-0.84924
85.400000,4270,-0.24869,3.15710,0.55696,2.16526,0.32045,0.24454,-0.89800,-0.24877,3.12631,0.47509,2.07272,0.33443,0.27093,-0.90774,-0.20816,3.16950,0.51005,2.11087,0.39200,0.32668,-0.85190
85.500000,4275,-0.25213,3.19029,0.53217,2.08668,0.33990,0.26056,-0.89762,-0.24270,3.18118,0.43816,2.04482,0.35184,0.28091,-0.82305,-0.20169,3.18066,0.52153,2.09724,0.40910,0.33234,-0.84109
85.600000,4280,-0.24679,3.22806,0.50279,2.06532,0.35669,0.27009,-0.80797,-0.21944,3.18118,0.42803,2.03059,0.36433,0.27845,-0.75311,-0.17831,3.18118,0.51745,2.08370,0.42185,0.32218,-0.80939
85.700000,4285,-0.23115,3.23378,0.49135,2.05616,0.37157,0.26781,-0.74808,-0.19539,3.18118,0.42348,2.01697,0.37683,0.26597,-0.71868,-0.15409,3.18118,0.51263,2.07011,0.43442,0.31125,-0.77662
85.800000,4290,-0.20101,3.23378,0.48410,2.03938,0.38148,0.25941,-0.71299,-0.17146,3.18118,0.41899,2.00350,0.38931,0.25327,-0.68611,-0.13008,3.18118,0.50785,2.05663,0.44688,0.30041,-0.74412
85.900000,4295,-0.17660,3.23340,0.48067,2.02755,0.39560,0.24721,-0.67942,-0.14982,3.18118,0.41197,1.99318,0.39828,0.23906,-0.65702,-0.10839,3.17856,0.50107,2.04631,0.45589,0.28874,-0.71503
86.000000,4300,-0.15447,3.23340,0.47037,2.02183,0.39713,0.23004,-0.65500,-0.13978,3.18118,0.39276,2.00085,0.38845,0.21801,-0.64633,-0.09832,3.16198,0.48273,2.05398,0.44624,0.27147,-0.70434
86.100000,4305,-0.14684,3.23340,0.45206,2.02259,0.39255,0.21097,-0.64623,-0.13455,3.18118,0.37066,2.01563,0.37229,0.19797,-0.64423,-0.09308,3.14097,0.46055,2.06877,0.43013,0.25223,-0.70224
86.200000,4310,-0.14341,3.23340,0.42993,2.03327,0.38034,0.19075,-0.64241,-0.12941,3.16882,0.34945,2.02829,0.35746,0.17868,-0.64129,-0.08794,3.11907,0.43884,2.08142,0.41530,0.23315,-0.69930
86.300000,4315,-0.14264,3.21890,0.40781,2.04548,0.36317,0.17282,-0.63822,-0.12456,3.14659,0.32852,2.03972,0.34361,0.15944,-0.63838,-0.08308,3.09683,0.41762,2.09286,0.40148,0.21424,-0.69640
86.400000,4320,-0.13311,3.19372,0.38377,2.05693,0.34830,0.15451,-0.63440,-0.12079,3.12489,0.30796,2.05124,0.33012,0.14026,-0.63737,-0.07932,3.07514,0.39666,2.10438,0.38802,0.19525,-0.69538
86.500000,4325,-0.12739,3.16855,0.36050,2.06875,0.33609,0.13429,-0.63402,-0.11718,3.10250,0.28741,2.06159,0.31755,0.12133,-0.63604,-0.07570,3.05275,0.37597,2.11473,0.37545,0.17623,-0.69405
86.600000,4330,-0.12700,3.14413,0.33838,2.07753,0.32464,0.11636,-0.63097,-0.11311,3.07867,0.26726,2.07014,0.30619,0.10228,-0.63314,-0.07163,3.02896,0.35557,2.12327,0.36409,0.15725,-0.69115
86.700000,4335,-0.12204,3.11895,0.31663,2.08477,0.31091,0.09767,-0.63021,-0.10900,3.05399,0.24738,2.07767,0.29569,0.08335,-0.62971,-0.06752,3.00433,0.33537,2.13080,0.35360,0.13825,-0.68772
86.800000,4340,-0.11365,3.08882,0.29375,2.09317,0.30252,0.07783,-0.62716,-0.10480,3.02831,0.22764,2.08422,0.28606,0.06418,-0.62568,-0.06332,2.97886,0.31536,2.13736,0.34399,0.11925,-0.68370
86.900000,4345,-0.11060,3.06097,0.27124,2.09965,0.28802,0.06028,-0.62372,-0.10045,3.00190,0.20815,2.08980,0.27735,0.04526,-0.62093,-0.05896,2.95257,0.29553,2.14293,0.33527,0.10031,-0.67894
87.000000,4350,-0.10793,3.03121,0.24911,2.10347,0.28230,0.04197,-0.62143,-0.09587,2.97453,0.18884,2.09438,0.26953,0.02645,-0.61535,-0.05438,2.92548,0.27589,2.14752,0.32747,0.08153,-0.67336
87.100000,4355,-0.10450,3.00031,0.22699,2.11071,0.27620,0.02252,-0.61495,-0.09100,2.94633,0.16988,2.09799,0.26266,0.00784,-0.60883,-0.04950,2.89765,0.25643,2.15113,0.32059,0.06298,-0.66684
87.200000,4360,-0.09725,2.96789,0.20524,2.11262,0.26437,0.00268,-0.60465,-0.08578,2.91735,0.15090,2.10061,0.25673,-0.01035,-0.60130,-0.04428,2.86917,0.23716,2.15375,0.31466,0.04478,-0.65932
87.300000,4365,-0.09153,2.93737,0.18426,2.11453,0.25903,-0.01182,-0.59816,-0.08015,2.88734,0.13246,2.10224,0.25174,-0.02817,-0.59268,-0.03866,2.84011,0.21806,2.15538,0.30969,0.02703,-0.65069
87.400000,4370,-0.08809,2.90418,0.16328,2.11529,0.25751,-0.03013,-0.58977,-0.07407,2.85647,0.11398,2.10287,0.24772,-0.04530,-0.58291,-0.03258,2.81056,0.19912,2.15601,0.30566,0.00985,-0.64092
87.500000,4375,-0.07741,2.87099,0.14268,2.11644,0.25407,-0.04691,-0.57909,-0.06749,2.82125,0.09567,2.10252,0.24462,-0.06192,-0.57195,-0.02599,2.78065,0.18032,2.15565,0.30257,-0.00665,-0.62996
87.600000,4380,-0.07207,2.82445,0.12399,2.11644,0.24797,-0.06255,-0.57146,-0.06023,2.71278,0.07852,2.10117,0.24239,-0.07900,-0.55995,-0.01887,2.75046,0.16165,2.15431,0.30039,-0.02235,-0.61780
87.700000,4385,-0.06139,2.72260,0.10415,2.11644,0.24034,-0.08086,-0.55887,-0.05244,2.67088,0.06107,2.09880,0.24109,-0.09426,-0.54658,-0.01116,2.72011,0.14310,2.15193,0.29910,-0.03710,-0.60438
87.800000,4390,-0.05872,2.66843,0.07402,2.11605,0.23996,-0.08849,-0.54514,-0.04414,2.63997,0.04339,2.09533,0.24062,-0.10766,-0.53195,-0.00283,2.68970,0.12469,2.14847,0.29863,-0.05070,-0.58968
87.900000,4395,-0.04880,2.64096,0.06181,2.11605,0.23881,-0.10413,-0.52873,-0.03522,2.60964,0.02622,2.09085,0.24097,-0.12007,-0.51604,0.00612,2.65939,0.10636,2.14399,0.29898,-0.06317,-0.57378
88.000000,4400,-0.03583,2.60701,0.04045,2.11415,0.23881,-0.11634,-0.51462,-0.02567,2.57955,0.00874,2.08542,0.24208,-0.13143,-0.49908,0.01567,2.62931,0.08805,2.13856,0.30009,-0.07453,-0.55680
88.100000,4405,-0.02591,2.57421,0.01908,2.10957,0.23958,-0.12779,-0.49745,-0.01555,2.54981,-0.00880,2.07906,0.24388,-0.14159,-0.48110,0.02580,2.59956,0.06973,2.13219,0.30189,-0.08474,-0.53883
88.200000,4410,-0.01638,2.54178,-0.00075,2.10423,0.23958,-0.13541,-0.47914,-0.00485,2.52050,-0.02570,2.07176,0.24631,-0.15065,-0.46217,0.03652,2.57026,0.05140,2.12489,0.30432,-0.09377,-0.51991
88.300000,4415,-0.00608,2.51050,-0.01792,2.09431,0.24263,-0.14495,-0.46045,0.00641,2.49173,-0.04335,2.06353,0.24928,-0.15845,-0.44239,0.04779,2.54149,0.03304,2.11667,0.30729,-0.10156,-0.50012
88.400000,4420,0.00689,2.48074,-0.03738,2.08592,0.24568,-0.15373,-0.44099,0.01821,2.46360,-0.06070,2.05438,0.25272,-0.16496,-0.42183,0.05960,2.51335,0.01465,2.10751,0.31073,-0.10812,-0.47954
88.500000,4425,0.01948,2.44985,-0.05721,2.07485,0.25140,-0.15868,-0.42078,0.03049,2.43618,-0.07789,2.04432,0.25652,-0.17036,-0.40055,0.07189,2.48593,-0.00377,2.09745,0.31453,-0.11346,-0.45827
88.600000,4430,0.03016,2.42085,-0.07667,2.06150,0.25865,-0.16326,-0.39903,0.04320,2.40955,-0.09457,2.03336,0.26061,-0.17451,-0.37865,0.08463,2.45930,-0.02222,2.08650,0.31862,-0.11761,-0.43636
88.700000,4435,0.04428,2.39339,-0.09460,2.04968,0.26056,-0.16708,-0.37843,0.05632,2.38379,-0.11197,2.02152,0.26490,-0.17745,-0.35619,0.09776,2.43354,-0.04068,2.07466,0.32291,-0.12058,-0.41391
88.800000,4440,0.05916,2.36554,-0.11214,2.03709,0.26285,-0.17165,-0.35402,0.06978,2.35895,-0.12918,2.00881,0.26931,-0.17934,-0.33330,0.11123,2.40871,-0.05916,2.06195,0.32731,-0.12245,-0.39099
88.900000,4445,0.07289,2.33922,-0.13198,2.02412,0.26628,-0.17433,-0.33494,0.08350,2.33510,-0.14543,1.99526,0.27374,-0.18023,-0.30998,0.12496,2.38485,-0.07762,2.04839,0.33174,-0.12328,-0.36767
89.000000,4450,0.08624,2.31480,-0.14991,2.01039,0.26895,-0.17547,-0.30977,0.09739,2.31229,-0.16345,1.98083,0.27813,-0.18004,-0.28631,0.13886,2.36204,-0.09601,2.03397,0.33611,-0.12312,-0.34400
89.100000,4455,0.10074,2.28963,-0.16746,1.99360,0.27353,-0.17509,-0.28650,0.11129,2.29061,-0.17952,1.96544,0.28239,-0.17899,-0.26231,0.15277,2.34036,-0.11422,2.01857,0.34035,-0.12200,-0.31997
89.200000,4460,0.11409,2.27017,-0.18501,1.97605,0.28192,-0.17471,-0.26285,0.12510,2.27006,-0.19632,1.94914,0.28646,-0.17708,-0.23800,0.16659,2.31982,-0.13224,2.00227,0.34439,-0.12009,-0.29564
89.300000,4465,0.12859,2.24576,-0.20294,1.95812,0.28535,-0.17318,-0.23767,0.13875,2.25063,-0.21214,1.93201,0.29026,-0.17459,-0.21345,0.18024,2.30038,-0.15007,1.98515,0.34818,-0.11752,-0.27110
89.400000,4470,0.14232,2.22477,-0.22125,1.94019,0.28879,-0.16975,-0.21287,0.15211,2.23231,-0.22812,1.91406,0.29376,-0.17147,-0.18877,0.19361,2.28206,-0.16764,1.96720,0.35164,-0.11440,-0.24637
89.500000,4475,0.15605,2.20570,-0.23651,1.92188,0.28955,-0.16479,-0.18693,0.16510,2.21507,-0.24258,1.89532,0.29691,-0.16793,-0.16391,0.20659,2.26483,-0.18491,1.94845,0.35476,-0.11082,-0.22147
89.600000,4480,0.16864,2.18815,-0.25176,1.90166,0.29222,-0.16212,-0.16137,0.17758,2.19889,-0.25977,1.87579,0.29965,-0.16397,-0.13886,0.21908,2.24864,-0.20182,1.92892,0.35747,-0.10688,-0.19642
89.700000,4485,0.18123,2.17289,-0.26893,1.88221,0.29260,-0.15754,-0.14077,0.18948,2.18370,-0.27390,1.85549,0.30197,-0.15982,-0.11369,0.23098,2.23345,-0.21829,1.90862,0.35975,-0.10267,-0.17123
89.800000,4490,0.19420,2.15535,-0.28610,1.86008,0.29336,-0.15487,-0.11216,0.20070,2.16944,-0.28904,1.83443,0.30385,-0.15542,-0.08838,0.24220,2.21919,-0.23427,1.88757,0.36159,-0.09826,-0.14590
89.900000,4495,0.20488,2.13971,-0.30212,1.83948,0.29565,-0.15067,-0.08775,0.21116,2.15605,-0.30237,1.81262,0.30526,-0.15087,-0.06297,0.25265,2.20580,-0.24967,1.86575,0.36295,-0.09370,-0.12044
90.000000,4500,0.21404,2.12902,-0.31318,1.81507,0.29642,-0.14800,-0.06143,0.22082,2.14344,-0.31476,1.79011,0.30621,-0.14629,-0.03745,0.26232,2.19319,-0.26448,1.84324,0.36384,-0.08907,-0.09487
90.100000,4505,0.22510,2.11300,-0.32501,1.79371,0.29718,-0.14457,-0.03663,0.23123,2.13168,-0.32946,1.76822,0.30664,-0.14194,-0.01213,0.27273,2.18143,-0.28005,1.82135,0.36424,-0.08466,-0.06954
90.200000,4510,0.23616,2.10194,-0.34294,1.77082,0.29642,-0.13732,-0.00993,0.24110,2.12061,-0.34261,1.74593,0.30663,-0.13759,0.01316,0.28259,2.17036,-0.29521,1.79907,0.36416,-0.08029,-0.04420
90.300000,4515,0.24150,2.09240,-0.35667,1.74755,0.29794,-0.13160,0.01487,0.24716,2.10984,-0.34968,1.72091,0.30616,-0.13284,0.03879,0.28866,2.15960,-0.30694,1.77405,0.36359,-0.07555,-0.01843
90.400000,4520,0.25028,2.07676,-0.36277,1.72123,0.29718,-0.12817,0.04005,0.25018,2.09935,-0.35413,1.69414,0.30516,-0.12791,0.06449,0.29167,2.14910,-0.31576,1.74727,0.36254,-0.07058,0.00729
90.500000,4525,0.25256,2.06646,-0.36811,1.69452,0.29642,-0.12435,0.06827,0.25433,2.08913,-0.36279,1.66768,0.30369,-0.12315,0.09042,0.29582,2.13888,-0.32568,1.72081,0.36099,-0.06580,0.03327
90.600000,4530,0.25523,2.05578,-0.37727,1.66668,0.29603,-0.12054,0.09345,0.25813,2.07905,-0.37112,1.64072,0.30172,-0.11840,0.11659,0.29962,2.12880,-0.33524,1.69385,0.35892,-0.06104,0.05948
90.700000,4535,0.25829,2.05006,-0.38452,1.63883,0.29527,-0.11405,0.12016,0.26094,2.06896,-0.37732,1.61283,0.29922,-0.11355,0.14301,0.30243,2.11872,-0.34375,1.66596,0.35631,-0.05618,0.08594
90.800000,4540,0.26363,2.03556,-0.38948,1.61060,0.29222,-0.10680,0.14533,0.26264,2.05872,-0.38174,1.58384,0.29612,-0.10853,0.16974,0.30413,2.10848,-0.35100,1.63698,0.35313,-0.05113,0.11270
90.900000,4545,0.26630,2.02183,-0.39367,1.58123,0.28917,-0.10261,0.17394,0.26170,2.04833,-0.37938,1.55324,0.29248,-0.10299,0.19640,0.30319,2.09808,-0.35517,1.60635,0.34938,-0.04558,0.13950
91.000000,4550,0.26630,2.01153,-0.39367,1.54918,0.28802,-0.09879,0.19950,0.26075,2.03789,-0.37929,1.52196,0.28830,-0.09697,0.22355,0.30225,2.08764,-0.35872,1.57506,0.34513,-0.03958,0.16669
91.100000,4555,0.26630,2.00543,-0.39367,1.51866,0.28459,-0.09231,0.22773,0.26106,2.03183,-0.34674,1.49822,0.29302,-0.08290,0.24131,0.30256,2.08158,-0.35424,1.55094,0.34981,-0.02562,0.18523
91.200000,4560,0.26553,1.99627,-0.37498,1.49730,0.28955,-0.07247,0.23956,0.25658,2.03413,-0.27389,1.48386,0.31153,-0.05555,0.24388,0.29807,2.08388,-0.33027,1.53545,0.36863,0.00172,0.18997
91.300000,4565,0.26553,1.99246,-0.32386,1.48471,0.30557,-0.04615,0.24375,0.25160,2.03711,-0.23996,1.46911,0.33159,-0.02685,0.24670,0.29309,2.08686,-0.30448,1.52043,0.38870,0.03036,0.19369
91.400000,4570,0.26477,1.99360,-0.27847,1.46907,0.32541,-0.02059,0.24757,0.24661,2.04009,-0.21553,1.45408,0.35157,0.00177,0.25087,0.28811,2.08984,-0.27871,1.50542,0.40875,0.05898,0.19741
91.500000,4575,0.25714,1.99551,-0.25215,1.45229,0.34563,0.00955,0.25100,0.24173,2.04317,-0.19214,1.44003,0.37096,0.02941,0.25401,0.28322,2.09292,-0.25347,1.49134,0.42824,0.08671,0.20053
91.600000,4580,0.25142,1.99589,-0.23193,1.44313,0.36584,0.03358,0.25138,0.23893,2.04934,-0.18622,1.44689,0.38078,0.04126,0.24174,0.28043,2.09909,-0.23569,1.49801,0.43832,0.09887,0.18888
91.700000,4585,0.25142,2.00428,-0.22735,1.44885,0.37118,0.04235,0.24146,0.24299,2.05700,-0.20082,1.47652,0.38058,0.03638,0.21591,0.28448,2.10675,-0.23074,1.52802,0.43820,0.09410,0.16224
91.800000,4590,0.25218,2.01534,-0.22735,1.47708,0.37118,0.04197,0.21781,0.24836,2.06443,-0.20500,1.50725,0.37931,0.03100,0.18978,0.28985,2.11418,-0.22740,1.55885,0.43698,0.08872,0.13561
91.900000,4595,0.25218,2.02488,-0.22773,1.51142,0.37118,0.04006,0.19073,0.25089,2.07231,-0.19681,1.53659,0.37753,0.02594,0.16331,0.29238,2.12206,-0.22135,1.58816,0.43525,0.08364,0.10922
92.000000,4600,0.25256,2.03175,-0.22773,1.53964,0.37118,0.03396,0.16479,0.25422,2.07997,-0.19545,1.56524,0.37534,0.02119,0.13809,0.29571,2.12972,-0.21618,1.61693,0.43310,0.07888,0.08375
92.100000,4605,0.25256,2.04014,-0.22735,1.56826,0.37080,0.03053,0.14076,0.25493,2.08801,-0.18668,1.59263,0.37270,0.01656,0.11269,0.29642,2.13776,-0.20875,1.64431,0.43050,0.07423,0.05849
92.200000,4610,0.25523,2.04853,-0.22048,1.59343,0.37042,0.02633,0.11367,0.25347,2.09646,-0.17552,1.61881,0.36963,0.01205,0.08756,0.29496,2.14621,-0.19951,1.67048,0.42745,0.06970,0.03346
92.300000,4615,0.25485,2.06303,-0.21057,1.62281,0.36851,0.02290,0.08887,0.25079,2.10528,-0.16318,1.64412,0.36613,0.00769,0.06276,0.29228,2.15503,-0.18933,1.69576,0.42398,0.06532,0.00878
92.400000,4620,0.25447,2.07333,-0.19416,1.64913,0.36737,0.01679,0.06332,0.24693,2.11457,-0.15251,1.66853,0.36222,0.00350,0.03836,0.28842,2.16432,-0.17827,1.72021,0.42010,0.06110,-0.01560
92.500000,4625,0.25447,2.08210,-0.18119,1.67164,0.36546,0.01222,0.04119,0.24197,2.12440,-0.14237,1.69213,0.35792,-0.00053,0.01448,0.28346,2.17415,-0.16641,1.74386,0.41582,0.05705,-0.03968
92.600000,4630,0.25104,2.09545,-0.17242,1.69605,0.36317,0.00649,0.01601,0.23596,2.13485,-0.13191,1.71493,0.35322,-0.00435,-0.00931,0.27745,2.18460,-0.15380,1.76674,0.41115,0.05319,-0.06349
92.700000,4635,0.24494,2.10995,-0.16135,1.71932,0.35974,0.00306,-0.00916,0.22898,2.14598,-0.11764,1.73705,0.34817,-0.00798,-0.03291,0.27047,2.19573,-0.14051,1.78886,0.40611,0.04955,-0.08704
92.800000,4640,0.23654,2.11720,-0.14419,1.74106,0.35440,-0.00075,-0.03205,0.22110,2.15786,-0.10437,1.75842,0.34274,-0.01135,-0.05602,0.26258,2.20762,-0.12659,1.81022,0.40070,0.04617,-0.11031
92.900000,4645,0.23120,2.13169,-0.12931,1.76433,0.34448,-0.00304,-0.05761,0.21239,2.17055,-0.09077,1.77896,0.33697,-0.01439,-0.07885,0.25386,2.22031,-0.11210,1.83080,0.39494,0.04309,-0.13330
93.000000,4650,0.22014,2.15077,-0.11329,1.78531,0.34067,-0.00724,-0.07821,0.20297,2.18409,-0.07977,1.79863,0.33088,-0.01703,-0.10163,0.24442,2.23384,-0.09713,1.85061,0.38887,0.04038,-0.15602
93.100000,4655,0.21213,2.16412,-0.10032,1.80553,0.33685,-0.01029,-0.10339,0.19287,2.19851,-0.06779,1.81759,0.32450,-0.01931,-0.12374,0.23431,2.24826,-0.08170,1.86960,0.38251,0.03809,-0.17842
93.200000,4660,0.19801,2.18052,-0.08849,1.82499,0.33266,-0.01296,-0.12361,0.18112,2.21413,-0.05258,1.83445,0.31798,-0.02094,-0.14518,0.22255,2.26388,-0.06511,1.88654,0.37599,0.03640,-0.19989
93.300000,4665,0.18466,2.19807,-0.07171,1.84177,0.32464,-0.01487,-0.14459,0.16842,2.23085,-0.03624,1.84990,0.31130,-0.02195,-0.16587,0.20985,2.28060,-0.04783,1.90202,0.36931,0.03535,-0.22071
93.400000,4670,0.17360,2.21562,-0.05454,1.85665,0.31473,-0.01754,-0.16633,0.15721,2.24810,-0.02665,1.86636,0.30430,-0.02244,-0.18719,0.19861,2.29785,-0.03152,1.91861,0.36231,0.03483,-0.24209
93.500000,4675,0.16254,2.23546,-0.04272,1.87344,0.31015,-0.02021,-0.18579,0.14599,2.26617,-0.01641,1.88227,0.29716,-0.02221,-0.20803,0.18737,2.31593,-0.01515,1.93461,0.35517,0.03499,-0.26321
93.600000,4680,0.14995,2.25377,-0.03051,1.88946,0.30481,-0.02059,-0.20753,0.13460,2.28512,-0.00529,1.89738,0.28995,-0.02126,-0.22852,0.17596,2.33487,0.00141,1.94977,0.34796,0.03592,-0.28393
93.700000,4685,0.13736,2.27551,-0.01830,1.90586,0.29375,-0.02021,-0.22813,0.12313,2.30491,0.00713,1.91158,0.28272,-0.01942,-0.24871,0.16448,2.35467,0.01812,1.96407,0.34074,0.03767,-0.30422
93.800000,4690,0.12859,2.29764,-0.00457,1.92036,0.28726,-0.01983,-0.24682,0.11166,2.32552,0.01774,1.92493,0.27554,-0.01672,-0.26833,0.15298,2.37527,0.03498,1.97751,0.33356,0.04030,-0.32404
93.900000,4695,0.11523,2.31900,0.00955,1.93295,0.28306,-0.01868,-0.26704,0.10025,2.34692,0.02835,1.93742,0.26847,-0.01309,-0.28752,0.14155,2.39667,0.05195,1.99007,0.32648,0.04386,-0.34338
94.000000,4700,0.10188,2.34341,0.02213,1.94592,0.27696,-0.01487,-0.28726,0.08896,2.36906,0.03962,1.94903,0.26156,-0.00852,-0.30627,0.13022,2.41881,0.06903,2.00175,0.31957,0.04839,-0.36218
94.100000,4705,0.09311,2.36745,0.03472,1.95850,0.26590,-0.00953,-0.30290,0.07782,2.39190,0.05274,1.95976,0.25488,-0.00287,-0.32432,0.11908,2.44165,0.08620,2.01254,0.31289,0.05392,-0.38040
94.200000,4710,0.08205,2.39148,0.04884,1.96957,0.25941,-0.00419,-0.32045,0.06693,2.41538,0.06692,1.96963,0.24850,0.00370,-0.34182,0.10814,2.46514,0.10346,2.02244,0.30651,0.06047,-0.39799
94.300000,4715,0.06984,2.41704,0.06257,1.97949,0.25751,0.00230,-0.34067,0.05628,2.43945,0.07924,1.97855,0.24247,0.01138,-0.35872,0.09747,2.48920,0.12079,2.03143,0.30048,0.06805,-0.41491
94.400000,4720,0.05763,2.44260,0.07630,1.98940,0.25216,0.00878,-0.35402,0.04593,2.46402,0.09358,1.98659,0.23688,0.02003,-0.37485,0.08709,2.51378,0.13819,2.03950,0.29488,0.07665,-0.43111
94.500000,4725,0.04886,2.46930,0.09233,1.99703,0.24186,0.01679,-0.37118,0.03588,2.48904,0.10814,1.99371,0.23175,0.02974,-0.39011,0.07703,2.53880,0.15567,2.04665,0.28976,0.08625,-0.44654
94.600000,4730,0.03818,2.49753,0.11026,2.00085,0.23538,0.02671,-0.38721,0.02621,2.51444,0.12262,1.99988,0.22718,0.04040,-0.40477,0.06732,2.56419,0.17321,2.05287,0.28518,0.09685,-0.46115
94.700000,4735,0.02826,2.52347,0.12628,2.00695,0.23462,0.03587,-0.40170,0.01690,2.54013,0.13770,2.00514,0.22319,0.05201,-0.41840,0.05795,2.58989,0.19083,2.05815,0.28120,0.10840,-0.47491
94.800000,4740,0.01758,2.55132,0.14344,2.01229,0.23118,0.04884,-0.41353,0.00793,2.56604,0.15278,2.00945,0.21985,0.06453,-0.43121,0.04895,2.61579,0.20853,2.06249,0.27785,0.12083,-0.48779
94.900000,4745,0.00995,2.57993,0.16023,2.01725,0.22813,0.06066,-0.42459,-0.00071,2.59209,0.16763,2.01281,0.21720,0.07795,-0.44307,0.04030,2.64184,0.22630,2.06589,0.27519,0.13410,-0.49977
95.000000,4750,0.00079,2.60778,0.17816,2.01992,0.22775,0.07402,-0.43680,-0.00896,2.61820,0.18407,2.01523,0.21526,0.09205,-0.45410,0.03201,2.66795,0.24417,2.06833,0.27325,0.14816,-0.51083
95.100000,4755,-0.00684,2.63524,0.19494,2.02107,0.22432,0.08660,-0.45015,-0.01689,2.64429,0.19959,2.01669,0.21408,0.10691,-0.46418,0.02406,2.69404,0.26213,2.06982,0.27206,0.16291,-0.52097
95.200000,4760,-0.01714,2.66347,0.21287,2.02297,0.21974,0.10301,-0.45854,-0.02448,2.67029,0.21643,2.01722,0.21367,0.12234,-0.47338,0.01643,2.72005,0.28019,2.07036,0.27164,0.17829,-0.53021
95.300000,4765,-0.02401,2.69094,0.23080,2.02488,0.21707,0.11598,-0.46846,-0.03177,2.69613,0.23282,2.01681,0.21404,0.13836,-0.48169,0.00910,2.74589,0.29836,2.06995,0.27202,0.19422,-0.53857
95.400000,4770,-0.03240,2.71917,0.24949,2.02488,0.21631,0.13314,-0.47304,-0.03880,2.72175,0.24929,2.01544,0.21524,0.15489,-0.48911,0.00203,2.77150,0.31663,2.06857,0.27320,0.21063,-0.54606
95.500000,4775,-0.03469,2.74663,0.26742,2.02488,0.21631,0.14917,-0.47952,-0.04560,2.74707,0.26641,2.01312,0.21723,0.17171,-0.49570,-0.00479,2.79682,0.33501,2.06626,0.27519,0.22743,-0.55274
95.600000,4780,-0.04537,2.77486,0.28688,2.02488,0.21707,0.16595,-0.48830,-0.05218,2.77205,0.28375,2.00986,0.22003,0.18884,-0.50169,-0.01141,2.82181,0.35350,2.06300,0.27798,0.24454,-0.55866
95.700000,4785,-0.05109,2.80118,0.30481,2.02488,0.22088,0.18426,-0.49593,-0.05856,2.79664,0.30078,2.00565,0.22363,0.20640,-0.50680,-0.01786,2.84640,0.37209,2.05878,0.28159,0.26191,-0.56387
95.800000,4790,-0.05529,2.82751,0.32388,2.02450,0.22546,0.20143,-0.50241,-0.06484,2.82081,0.31847,2.00049,0.22804,0.22398,-0.51135,-0.02418,2.87056,0.39077,2.05363,0.28598,0.27946,-0.56844
95.900000,4795,-0.06749,2.85383,0.34257,2.02450,0.23309,0.21745,-0.50585,-0.07106,2.84453,0.33653,1.99441,0.23322,0.24177,-0.51532,-0.03041,2.89429,0.40955,2.04754,0.29114,0.29715,-0.57245
96.000000,4800,-0.07131,2.87939,0.36089,2.02107,0.23614,0.23691,-0.50966,-0.07720,2.86781,0.35400,1.98736,0.23916,0.25960,-0.51873,-0.03659,2.91756,0.42842,2.04050,0.29708,0.31493,-0.57596
96.100000,4805,-0.07932,2.90304,0.38034,2.01229,0.23958,0.25293,-0.51386,-0.08336,2.89067,0.37203,1.97934,0.24586,0.27764,-0.52182,-0.04278,2.94042,0.44741,2.03248,0.30376,0.33279,-0.57904
96.200000,4810,-0.08390,2.92936,0.39941,2.00504,0.24606,0.27086,-0.51729,-0.08946,2.91286,0.38970,1.96958,0.25357,0.29571,-0.52374,-0.04890,2.96261,0.46655,2.02272,0.31146,0.35067,-0.58104
96.300000,4815,-0.08809,2.95149,0.41963,1.99207,0.25903,0.28955,-0.51843,-0.09563,2.93466,0.40838,1.95836,0.26214,0.31358,-0.52510,-0.05514,2.98441,0.48590,2.01150,0.32003,0.36863,-0.58244
96.400000,4820,-0.09801,2.97514,0.43794,1.97949,0.26552,0.30824,-0.52110,-0.10228,2.95706,0.42766,1.94743,0.27104,0.33212,-0.52786,-0.06186,3.00681,0.50559,2.00057,0.32891,0.38702,-0.58519
96.500000,4825,-0.10564,2.99879,0.45778,1.96842,0.27391,0.32617,-0.52225,-0.10917,2.97965,0.44750,1.93540,0.28077,0.35107,-0.53070,-0.06888,3.02940,0.52580,1.98853,0.33865,0.40583,-0.58804
96.600000,4830,-0.11365,3.02397,0.47876,1.95622,0.28688,0.34601,-0.52454,-0.11634,3.00204,0.46694,1.92113,0.29172,0.37035,-0.53269,-0.07616,3.05179,0.54653,1.97426,0.34959,0.42498,-0.59012
96.700000,4835,-0.11861,3.04647,0.49936,1.94286,0.29375,0.36508,-0.52568,-0.12390,3.01431,0.48730,1.90729,0.30278,0.38921,-0.53633,-0.08406,3.06406,0.56815,1.96043,0.36069,0.44412,-0.59379
96.800000,4840,-0.12815,3.05601,0.52225,1.92761,0.30900,0.38377,-0.52912,-0.13178,2.99371,0.50823,1.89404,0.31311,0.40630,-0.54108,-0.09286,3.04346,0.59114,1.94718,0.37110,0.46166,-0.59855
96.900000,4845,-0.13540,3.04190,0.54323,1.91540,0.31892,0.40018,-0.53217,-0.14041,2.96625,0.53203,1.88004,0.32354,0.42375,-0.54616,-0.10245,3.01601,0.61538,1.93317,0.38155,0.47926,-0.60371
97.000000,4850,-0.14531,3.01252,0.56345,1.89747,0.32770,0.41963,-0.53980,-0.14920,2.93943,0.55702,1.86548,0.33397,0.44166,-0.55193,-0.11276,2.98919,0.64064,1.91861,0.39198,0.49722,-0.60952
97.100000,4855,-0.15371,2.98391,0.58481,1.88374,0.34181,0.43909,-0.54743,-0.15811,2.91371,0.58246,1.85057,0.34422,0.45984,-0.55822,-0.12362,2.96346,0.66651,1.90371,0.40223,0.51527,-0.61584
97.200000,4860,-0.16401,2.95568,0.60923,1.86886,0.34906,0.45778,-0.55429,-0.16421,2.88949,0.60844,1.83557,0.35410,0.47765,-0.56492,-0.13481,2.93924,0.69255,1.88870,0.41211,0.53307,-0.62253
97.300000,4865,-0.16630,2.93089,0.63250,1.85436,0.36432,0.47685,-0.56269,-0.13127,2.86691,0.63164,1.82095,0.36332,0.49478,-0.57200,-0.14599,2.91666,0.71801,1.87409,0.42133,0.55008,-0.62935
97.400000,4870,-0.14036,2.90723,0.65081,1.84292,0.37157,0.49364,-0.56764,-0.11158,2.83994,0.63954,1.81727,0.36572,0.49985,-0.57645,-0.15187,2.88970,0.72988,1.87035,0.42373,0.55580,-0.63345
97.500000,4875,-0.11251,2.87595,0.66378,1.83681,0.37004,0.49593,-0.57756,-0.10867,2.80692,0.63132,1.82997,0.35874,0.48993,-0.57767,-0.15008,2.85667,0.72281,1.88306,0.41675,0.54636,-0.63471
97.600000,4880,-0.11136,2.84086,0.66111,1.84101,0.36775,0.49326,-0.57718,-0.10614,2.77408,0.62288,1.84278,0.35160,0.47937,-0.57824,-0.14763,2.82383,0.71431,1.89584,0.40961,0.53587,-0.63524
97.700000,4885,-0.11098,2.80309,0.65844,1.85093,0.36356,0.48105,-0.57756,-0.10381,2.74182,0.61505,1.85372,0.34535,0.46938,-0.57812,-0.14530,2.79157,0.70635,1.90676,0.40336,0.52586,-0.63512
97.800000,4890,-0.11060,2.77105,0.64814,1.85856,0.36012,0.47266,-0.57718,-0.10149,2.71019,0.60769,1.86355,0.33975,0.45978,-0.57767,-0.14298,2.75994,0.69876,1.91656,0.39776,0.51623,-0.63468
97.900000,4895,-0.11060,2.73404,0.63822,1.87000,0.35249,0.46503,-0.57718,-0.09894,2.67950,0.60032,1.87376,0.33434,0.45044,-0.57768,-0.14043,2.72926,0.69113,1.92670,0.39235,0.50695,-0.63470
98.000000,4900,-0.10831,2.70276,0.62792,1.87954,0.34372,0.45397,-0.57718,-0.09637,2.64898,0.59306,1.88315,0.32938,0.44153,-0.57749,-0.13787,2.69873,0.68370,1.93608,0.38739,0.49790,-0.63448
98.100000,4905,-0.10793,2.67034,0.62220,1.88793,0.34067,0.44595,-0.57718,-0.09401,2.61783,0.58631,1.89045,0.32529,0.43269,-0.57620,-0.13551,2.66759,0.67678,1.94335,0.38330,0.48904,-0.63318
98.200000,4910,-0.10488,2.63639,0.61418,1.89480,0.33723,0.43985,-0.57718,-0.09164,2.58647,0.57997,1.89671,0.32180,0.42403,-0.57432,-0.13314,2.63623,0.67015,1.94955,0.37981,0.48041,-0.63134
98.300000,4915,-0.09916,2.60167,0.60427,1.90128,0.33380,0.43070,-0.57718,-0.08922,2.55496,0.57358,1.90205,0.31885,0.41565,-0.57197,-0.13071,2.60471,0.66377,1.95484,0.37686,0.47203,-0.62905
98.400000,4920,-0.09687,2.56696,0.59587,1.90472,0.33266,0.41963,-0.57642,-0.08672,2.52328,0.56771,1.90649,0.31648,0.40757,-0.56920,-0.12822,2.57304,0.65766,1.95923,0.37449,0.46393,-0.62626
98.500000,4925,-0.09687,2.53301,0.58786,1.90891,0.32884,0.41505,-0.57604,-0.08415,2.49149,0.56229,1.91003,0.31469,0.39982,-0.56595,-0.12564,2.54124,0.65182,1.96270,0.37270,0.45615,-0.62299
98.600000,4930,-0.09343,2.49753,0.58138,1.91311,0.32236,0.40704,-0.57337,-0.08149,2.45962,0.55694,1.91268,0.31347,0.39241,-0.56213,-0.12298,2.50938,0.64627,1.96528,0.37148,0.44873,-0.61923
98.700000,4935,-0.09076,2.46358,0.57451,1.91464,0.31854,0.39827,-0.57222,-0.07873,2.42773,0.55201,1.91439,0.31287,0.38544,-0.55788,-0.12023,2.47748,0.64102,1.96693,0.37088,0.44171,-0.61495
98.800000,4940,-0.08542,2.42848,0.56688,1.91616,0.31854,0.39255,-0.56764,-0.07587,2.39585,0.54716,1.91521,0.31286,0.37891,-0.55305,-0.11737,2.44560,0.63608,1.96768,0.37087,0.43513,-0.61017
98.900000,4945,-0.08008,2.39491,0.56040,1.91616,0.31816,0.38835,-0.56116,-0.07291,2.36406,0.54285,1.91516,0.31344,0.37278,-0.54778,-0.11441,2.41381,0.63146,1.96752,0.37145,0.42903,-0.60490
99.000000,4950,-0.08008,2.36020,0.55429,1.91616,0.31816,0.38225,-0.55506,-0.06984,2.33240,0.53884,1.91413,0.31464,0.36728,-0.54203,-0.11133,2.38215,0.62717,1.96643,0.37265,0.42346,-0.59914
99.100000,4955,-0.07589,2.32663,0.54857,1.91616,0.31854,0.37462,-0.54972,-0.06666,2.30094,0.53518,1.91224,0.31641,0.36231,-0.53575,-0.10816,2.35070,0.62321,1.96443,0.37443,0.41844,-0.59292
99.200000,4960,-0.07398,2.29344,0.54476,1.91616,0.31854,0.36966,-0.54514,-0.06339,2.26974,0.53183,1.90946,0.31877,0.35789,-0.52908,-0.10488,2.31949,0.61958,1.96153,0.37678,0.41401,-0.58624
99.300000,4965,-0.06864,2.26101,0.53980,1.91616,0.31892,0.36699,-0.53789,-0.06001,2.23886,0.52894,1.90577,0.32169,0.35412,-0.52193,-0.10150,2.28861,0.61630,1.95771,0.37970,0.41021,-0.57914
99.400000,4970,-0.06368,2.22821,0.53560,1.91578,0.32083,0.36356,-0.53064,-0.05655,2.20835,0.52629,1.90118,0.32516,0.35098,-0.51442,-0.09804,2.25810,0.61337,1.95298,0.38317,0.40706,-0.57162
99.500000,4975,-0.06330,2.19540,0.53369,1.91196,0.32579,0.36127,-0.52301,-0.05300,2.17828,0.52391,1.89567,0.32915,0.34857,-0.50650,-0.09450,2.22803,0.61078,1.94735,0.38717,0.40458,-0.56373
99.600000,4980,-0.06063,2.16565,0.52912,1.90662,0.33304,0.35974,-0.51615,-0.04939,2.14869,0.52202,1.88925,0.33365,0.34683,-0.49826,-0.09089,2.19844,0.60854,1.94082,0.39166,0.40279,-0.55547
99.700000,4985,-0.05758,2.13475,0.52568,1.89785,0.33762,0.35707,-0.50890,-0.04573,2.11963,0.52035,1.88199,0.33861,0.34574,-0.48961,-0.08723,2.16939,0.60666,1.93338,0.39662,0.40169,-0.54689
99.800000,4990,-0.05185,2.10461,0.52339,1.88984,0.34105,0.35593,-0.50051,-0.04204,2.09118,0.51928,1.87381,0.34403,0.34544,-0.48070,-0.08353,2.14093,0.60513,1.92503,0.40204,0.40131,-0.53799
99.900000,4995,-0.04689,2.07257,0.52263,1.87954,0.34219,0.35554,-0.49288,-0.03830,2.06334,0.51842,1.86490,0.34986,0.34572,-0.47153,-0.07980,2.11310,0.60393,1.91584,0.40787,0.40165,-0.52884
100.000000,5000,-0.04384,2.04396,0.52072,1.87000,0.34753,0.35593,-0.48258,-0.03402,2.03575,0.51760,1.85610,0.35586,0.34704,-0.46281,-0.07551,2.08550,0.60282,1.90690,0.41387,0.40286,-0.52011
100.100000,5005,-0.04117,2.01573,0.51843,1.86123,0.35287,0.35631,-0.47075,-0.02920,2.00844,0.51680,1.84760,0.36200,0.34919,-0.45449,-0.07069,2.05819,0.60181,1.89821,0.42001,0.40496,-0.51181
100.200000,5010,-0.03392,1.98521,0.51615,1.85093,0.36432,0.35821,-0.46427,-0.02510,1.98253,0.51693,1.83695,0.36871,0.35180,-0.44513,-0.06659,2.03228,0.60149,1.88724,0.42672,0.40757,-0.50251
100.300000,5015,-0.02782,1.95850,0.51615,1.83720,0.36851,0.35974,-0.45587,-0.02141,1.95778,0.51758,1.82462,0.37580,0.35500,-0.43527,-0.06290,2.00753,0.60167,1.87473,0.43382,0.41074,-0.49263
100.400000,5020,-0.02706,1.93295,0.51615,1.82384,0.37271,0.36356,-0.44710,-0.01784,1.93398,0.51841,1.81147,0.38313,0.35888,-0.42522,-0.05933,1.98374,0.60219,1.86136,0.44114,0.41454,-0.48258
100.500000,5025,-0.02439,1.90815,0.51576,1.80973,0.37958,0.36699,-0.44061,-0.01442,1.91118,0.51953,1.79752,0.39064,0.36331,-0.41498,-0.05591,1.96093,0.60300,1.84717,0.44865,0.41892,-0.47236
100.600000,5030,-0.01905,1.88412,0.51538,1.79447,0.39178,0.36966,-0.42535,-0.01117,1.88941,0.52052,1.78261,0.39831,0.36835,-0.40457,-0.05266,1.93916,0.60411,1.83214,0.45632,0.42385,-0.46198
100.700000,5035,-0.01409,1.86123,0.51500,1.77730,0.39598,0.37386,-0.41658,-0.00812,1.86870,0.52232,1.76712,0.40611,0.37377,-0.39399,-0.04962,1.91845,0.60549,1.81630,0.46412,0.42929,-0.45142
100.800000,5040,-0.01371,1.83910,0.51500,1.76014,0.40132,0.37614,-0.40590,-0.00530,1.84908,0.52409,1.75067,0.41402,0.37972,-0.38327,-0.04680,1.89884,0.60710,1.79964,0.47203,0.43519,-0.44068
100.900000,5045,-0.01104,1.82041,0.51500,1.74259,0.41353,0.38454,-0.39598,-0.00273,1.83059,0.52607,1.73338,0.42202,0.38613,-0.37232,-0.04423,1.88034,0.60893,1.78217,0.48003,0.44151,-0.42974
101.000000,5050,-0.00875,1.80057,0.51538,1.72542,0.42040,0.39217,-0.38721,-0.00044,1.81324,0.52853,1.71549,0.43010,0.39276,-0.36113,-0.04194,1.86299,0.61094,1.76389,0.48811,0.44821,-0.41859
101.100000,5055,-0.00836,1.78341,0.51500,1.70520,0.42421,0.39827,-0.37614,0.00156,1.79706,0.53078,1.69654,0.43824,0.39984,-0.34973,-0.03994,1.84681,0.61309,1.74482,0.49625,0.45523,-0.40720
101.200000,5060,-0.00379,1.76624,0.51538,1.68537,0.43451,0.40514,-0.36127,0.00324,1.78207,0.53300,1.67678,0.44644,0.40726,-0.33807,-0.03826,1.83182,0.61535,1.72493,0.50446,0.46254,-0.39556
101.300000,5065,0.00041,1.74984,0.51538,1.66439,0.44367,0.41391,-0.35097,0.00458,1.76828,0.53558,1.65632,0.45471,0.41482,-0.32612,-0.03691,1.81804,0.61767,1.70425,0.51272,0.47010,-0.38363
101.400000,5070,0.00232,1.73916,0.51538,1.64341,0.44901,0.42116,-0.33990,0.00558,1.75571,0.53796,1.63490,0.46303,0.42264,-0.31389,-0.03592,1.80546,0.62002,1.68277,0.52104,0.47787,-0.37140
101.500000,5075,0.00270,1.72390,0.51538,1.62242,0.45549,0.42802,-0.32846,0.00621,1.74436,0.54025,1.61298,0.47143,0.43049,-0.30129,-0.03529,1.79411,0.62233,1.66047,0.52944,0.48581,-0.35882
101.600000,5080,0.00270,1.70864,0.51538,1.59763,0.46999,0.43642,-0.31625,0.00646,1.73423,0.54236,1.58968,0.47992,0.43871,-0.28833,-0.03504,1.78398,0.62458,1.63735,0.53793,0.49390,-0.34587
101.700000,5085,0.00270,1.70635,0.51538,1.57398,0.47418,0.44405,-0.30137,0.00631,1.72533,0.54450,1.56547,0.48851,0.44705,-0.27494,-0.03519,1.77508,0.62670,1.61339,0.54653,0.50211,-0.33250
101.800000,5090,0.00270,1.69529,0.51729,1.54842,0.48181,0.45129,-0.28535,0.00574,1.71767,0.54638,1.54096,0.49725,0.45523,-0.26108,-0.03575,1.76742,0.62865,1.58853,0.55526,0.51042,-0.31867
101.900000,5095,0.00270,1.67926,0.51767,1.52324,0.49211,0.45892,-0.27543,0.00464,1.71141,0.54801,1.51535,0.50616,0.46347,-0.24666,-0.03685,1.76116,0.63036,1.56273,0.56418,0.51871,-0.30428
102.000000,5100,0.00232,1.67354,0.51767,1.49730,0.49936,0.46961,-0.26132,0.00222,1.70773,0.54940,1.48806,0.51528,0.47107,-0.23127,-0.03927,1.75748,0.63160,1.53586,0.57329,0.52612,-0.28890
102.100000,5105,0.00232,1.67316,0.51767,1.46678,0.50623,0.47571,-0.24454,-0.00059,1.70510,0.54986,1.45968,0.52470,0.47884,-0.21524,-0.04209,1.75485,0.63254,1.50792,0.58271,0.53373,-0.27290
102.200000,5110,0.00232,1.66858,0.51920,1.43894,0.51882,0.48296,-0.22699,-0.00280,1.70191,0.55053,1.43055,0.53451,0.48793,-0.19899,-0.04429,1.75166,0.63331,1.47885,0.59252,0.54280,-0.25666
102.300000,5115,0.00155,1.66286,0.51996,1.40994,0.52759,0.49364,-0.21135,-0.00602,1.70078,0.55081,1.40011,0.54474,0.49667,-0.18171,-0.04751,1.75054,0.63355,1.44846,0.60275,0.55155,-0.23940
102.400000,5120,-0.00035,1.66286,0.51996,1.37752,0.53484,0.50165,-0.19418,-0.00937,1.70032,0.55018,1.36794,0.55540,0.50631,-0.16378,-0.05086,1.75007,0.63338,1.41673,0.61341,0.56102,-0.22149
102.500000,5125,-0.00074,1.66286,0.51996,1.34776,0.54933,0.50890,-0.17663,-0.01395,1.70636,0.55457,1.33851,0.56660,0.51718,-0.14946,-0.05544,1.75612,0.63631,1.38621,0.62461,0.57181,-0.20710
102.600000,5130,-0.01218,1.66362,0.52912,1.31915,0.55620,0.52225,-0.16404,-0.02355,1.72953,0.56783,1.31495,0.57848,0.52688,-0.14288,-0.06505,1.77928,0.64649,1.36016,0.63649,0.58171,-0.20029
102.700000,5135,-0.02362,1.67850,0.53751,1.29321,0.57108,0.53217,-0.15680,-0.03416,1.75591,0.57865,1.28832,0.59064,0.53712,-0.13727,-0.07565,1.80566,0.65804,1.33454,0.64865,0.59158,-0.19467
102.800000,5140,-0.03278,1.70482,0.55124,1.26803,0.58214,0.54361,-0.15184,-0.04478,1.78233,0.58996,1.26186,0.60282,0.54708,-0.13158,-0.08628,1.83209,0.66962,1.30888,0.66083,0.60146,-0.18905
102.900000,5145,-0.04003,1.73458,0.56612,1.24209,0.59740,0.55086,-0.14535,-0.05423,1.80674,0.59909,1.24021,0.61329,0.55501,-0.12767,-0.09573,1.85649,0.68033,1.28752,0.67130,0.60981,-0.18507
103.000000,5150,-0.04804,1.76052,0.57566,1.22836,0.60350,0.55467,-0.14230,-0.05476,1.81669,0.60129,1.25554,0.61035,0.54989,-0.13739,-0.09626,1.86644,0.68482,1.30032,0.66836,0.60610,-0.19460
103.100000,5155,-0.04766,1.76586,0.58290,1.24553,0.60274,0.55353,-0.14802,-0.04942,1.81719,0.60198,1.29159,0.59984,0.54001,-0.15473,-0.09092,1.86694,0.68539,1.33218,0.65785,0.59670,-0.21177
103.200000,5160,-0.04766,1.76548,0.58329,1.27757,0.59816,0.54781,-0.16137,-0.04406,1.81760,0.60298,1.32574,0.58960,0.53138,-0.17156,-0.08555,1.86736,0.68555,1.36304,0.64761,0.58815,-0.22846
103.300000,5165,-0.04728,1.76815,0.58329,1.31305,0.59053,0.54018,-0.18007,-0.03991,1.81999,0.60396,1.35824,0.57976,0.52270,-0.18759,-0.08141,1.86974,0.68551,1.39257,0.63777,0.57948,-0.24430
103.400000,5170,-0.04422,1.77463,0.58329,1.34929,0.57642,0.53179,-0.19456,-0.03559,1.82214,0.60417,1.38865,0.57032,0.51520,-0.20310,-0.07708,1.87189,0.68525,1.42087,0.62833,0.57194,-0.25968
103.500000,5175,-0.03888,1.78112,0.58329,1.37904,0.57184,0.52263,-0.20791,-0.03153,1.82481,0.60351,1.41424,0.56122,0.50831,-0.21788,-0.07302,1.87456,0.68481,1.44806,0.61923,0.56499,-0.27452
103.600000,5180,-0.03431,1.78188,0.58329,1.40460,0.56459,0.51691,-0.22355,-0.02879,1.82976,0.60296,1.43912,0.55237,0.50089,-0.23191,-0.07028,1.87951,0.68425,1.47412,0.61039,0.55755,-0.28861
103.700000,5185,-0.03087,1.78799,0.58367,1.42711,0.55048,0.50966,-0.23652,-0.02669,1.83599,0.60205,1.46180,0.54376,0.49368,-0.24544,-0.06818,1.88574,0.68359,1.49918,0.60177,0.55023,-0.30217
103.800000,5190,-0.03011,1.80134,0.58367,1.45076,0.54666,0.50127,-0.24797,-0.02507,1.84326,0.60062,1.48203,0.53535,0.48674,-0.25836,-0.06656,1.89301,0.68285,1.52327,0.59336,0.54315,-0.31527
103.900000,5195,-0.02935,1.81049,0.58367,1.47327,0.53942,0.49516,-0.26246,-0.02388,1.85157,0.59999,1.50464,0.52712,0.47990,-0.27096,-0.06538,1.90133,0.68207,1.54645,0.58513,0.53631,-0.32796
104.000000,5200,-0.02782,1.81583,0.58367,1.49654,0.52645,0.48830,-0.27429,-0.02312,1.86093,0.59914,1.52653,0.51905,0.47334,-0.28329,-0.06461,1.91068,0.68127,1.56875,0.57706,0.52973,-0.34026
104.100000,5205,-0.02782,1.82842,0.58367,1.51904,0.52072,0.48181,-0.28764,-0.02273,1.87130,0.59831,1.54675,0.51113,0.46714,-0.29525,-0.06423,1.92105,0.68048,1.59019,0.56915,0.52340,-0.35220
104.200000,5210,-0.02782,1.84444,0.58367,1.53964,0.51653,0.47456,-0.29642,-0.02271,1.88268,0.59750,1.56616,0.50336,0.46117,-0.30681,-0.06420,1.93243,0.67974,1.61079,0.56137,0.51734,-0.36382
104.300000,5215,-0.02744,1.85512,0.58367,1.56063,0.50699,0.46808,-0.30900,-0.02303,1.89508,0.59698,1.58598,0.49571,0.45536,-0.31810,-0.06453,1.94483,0.67905,1.63054,0.55372,0.51158,-0.37512
104.400000,5220,-0.02744,1.86810,0.58367,1.58008,0.49745,0.46236,-0.31892,-0.02368,1.90849,0.59607,1.60408,0.48820,0.45002,-0.32912,-0.06517,1.95824,0.67846,1.64945,0.54621,0.50614,-0.38613
104.500000,5225,-0.02782,1.88526,0.58367,1.59801,0.49364,0.45702,-0.32884,-0.02462,1.92286,0.59550,1.62136,0.48082,0.44502,-0.33986,-0.06611,1.97262,0.67798,1.66754,0.53883,0.50104,-0.39687
104.600000,5230,-0.02744,1.90090,0.58367,1.61556,0.48906,0.44977,-0.33990,-0.02583,1.93818,0.59500,1.63818,0.47357,0.44031,-0.35029,-0.06732,1.98793,0.67764,1.68482,0.53158,0.49629,-0.40734
104.700000,5235,-0.02820,1.91616,0.58367,1.63425,0.47800,0.44672,-0.34982,-0.02730,1.95445,0.59494,1.65452,0.46647,0.43592,-0.36051,-0.06879,2.00421,0.67745,1.70125,0.52449,0.49194,-0.41756
104.800000,5240,-0.02782,1.93791,0.58367,1.65142,0.46961,0.44176,-0.35898,-0.02900,1.97163,0.59477,1.66932,0.45953,0.43213,-0.37051,-0.07049,2.02139,0.67744,1.71686,0.51754,0.48800,-0.42753
104.900000,5245,-0.02820,1.95507,0.58367,1.66782,0.46694,0.43909,-0.36775,-0.03091,1.98969,0.59472,1.68376,0.45275,0.42862,-0.38023,-0.07240,2.03944,0.67762,1.73165,0.51076,0.48448,-0.43727
105.000000,5250,-0.02858,1.97567,0.58367,1.68117,0.46045,0.43451,-0.37576,-0.03301,2.00864,0.59512,1.69719,0.44616,0.42568,-0.38974,-0.07450,2.05840,0.67802,1.74558,0.50417,0.48144,-0.44677
105.100000,5255,-0.02896,1.99551,0.58405,1.69529,0.45244,0.43146,-0.38759,-0.03528,2.02842,0.59575,1.70996,0.43977,0.42318,-0.39902,-0.07677,2.07818,0.67863,1.75868,0.49778,0.47887,-0.45604
105.200000,5260,-0.03087,2.01801,0.58405,1.70711,0.44481,0.42612,-0.39789,-0.03770,2.04900,0.59621,1.72172,0.43359,0.42125,-0.40810,-0.07919,2.09875,0.67947,1.77096,0.49160,0.47680,-0.46509
105.300000,5265,-0.03202,2.04090,0.58405,1.72123,0.44138,0.42459,-0.40361,-0.04025,2.07037,0.59728,1.73297,0.42765,0.41967,-0.41688,-0.08174,2.12012,0.68057,1.78238,0.48566,0.47525,-0.47390
105.400000,5270,-0.03431,2.06532,0.58443,1.73229,0.43794,0.42383,-0.41277,-0.04297,2.09252,0.59855,1.74303,0.42200,0.41871,-0.42540,-0.08447,2.14228,0.68195,1.79280,0.48001,0.47421,-0.48240
105.500000,5275,-0.03431,2.08821,0.58519,1.74259,0.43108,0.42078,-0.41963,-0.04630,2.11578,0.60024,1.75106,0.41686,0.41818,-0.43301,-0.08780,2.16553,0.68380,1.80119,0.47487,0.47357,-0.49006
105.600000,5280,-0.04270,2.11491,0.58863,1.75098,0.42192,0.42001,-0.42688,-0.04998,2.13990,0.60253,1.75769,0.41216,0.41807,-0.44019,-0.09147,2.18965,0.68606,1.80805,0.47017,0.47345,-0.49714
105.700000,5285,-0.04766,2.14009,0.59282,1.75937,0.41811,0.41925,-0.43298,-0.05308,2.16410,0.60436,1.76481,0.40752,0.41878,-0.44770,-0.09458,2.21385,0.68832,1.81544,0.46553,0.47404,-0.50466
105.800000,5290,-0.04804,2.16717,0.59893,1.76700,0.41544,0.41963,-0.44290,-0.05589,2.18855,0.60652,1.77189,0.40308,0.42010,-0.45531,-0.09739,2.23831,0.69071,1.82273,0.46109,0.47526,-0.51230
105.900000,5295,-0.05071,2.19388,0.60274,1.77425,0.41467,0.42001,-0.44977,-0.05872,2.21350,0.60895,1.77812,0.39901,0.42188,-0.46268,-0.10022,2.26325,0.69336,1.82916,0.45702,0.47703,-0.51964
106.000000,5300,-0.05071,2.21791,0.60312,1.77997,0.41086,0.42040,-0.45397,-0.06158,2.23891,0.61156,1.78348,0.39533,0.42424,-0.46966,-0.10307,2.28866,0.69628,1.83470,0.45334,0.47934,-0.52668
106.100000,5305,-0.05643,2.24614,0.60846,1.78531,0.40361,0.42192,-0.46198,-0.06444,2.26473,0.61469,1.78800,0.39205,0.42707,-0.47642,-0.10593,2.31448,0.69946,1.83938,0.45007,0.48217,-0.53339
106.200000,5310,-0.06444,2.27475,0.61533,1.79104,0.39636,0.42497,-0.46884,-0.06731,2.29093,0.61797,1.79160,0.38920,0.43053,-0.48283,-0.10880,2.34068,0.70290,1.84317,0.44721,0.48551,-0.53978
106.300000,5315,-0.06482,2.30221,0.61724,1.79409,0.39331,0.42726,-0.47304,-0.07017,2.31747,0.62123,1.79435,0.38677,0.43448,-0.48884,-0.11167,2.36722,0.70661,1.84609,0.44478,0.48934,-0.54585
106.400000,5320,-0.06673,2.33197,0.61953,1.79638,0.39255,0.42917,-0.47724,-0.07304,2.34431,0.62498,1.79626,0.38478,0.43883,-0.49458,-0.11453,2.39407,0.71058,1.84814,0.44279,0.49365,-0.55157
106.500000,5325,-0.06749,2.35944,0.62601,1.79867,0.39255,0.43489,-0.48334,-0.07589,2.37142,0.62908,1.79730,0.38325,0.44370,-0.49995,-0.11738,2.42117,0.71481,1.84930,0.44126,0.49842,-0.55694
106.600000,5330,-0.07016,2.38957,0.63440,1.80019,0.39217,0.43832,-0.49173,-0.07873,2.39874,0.63331,1.79744,0.38217,0.44901,-0.50499,-0.12022,2.44850,0.71928,1.84959,0.44018,0.50363,-0.56197
106.700000,5335,-0.07589,2.41818,0.63936,1.80057,0.39178,0.44443,-0.49631,-0.08156,2.42625,0.63773,1.79676,0.38156,0.45465,-0.50966,-0.12306,2.47600,0.72400,1.84900,0.43957,0.50925,-0.56664
106.800000,5340,-0.07856,2.44603,0.64280,1.80134,0.39178,0.45015,-0.49936,-0.08438,2.45389,0.64245,1.79518,0.38141,0.46079,-0.51395,-0.12588,2.50365,0.72896,1.84754,0.43942,0.51525,-0.57097
106.900000,5345,-0.08085,2.47617,0.65081,1.80134,0.39064,0.45397,-0.50546,-0.08720,2.48164,0.64741,1.79276,0.38172,0.46718,-0.51793,-0.12869,2.53140,0.73414,1.84520,0.43973,0.52161,-0.57494
107.000000,5350,-0.08390,2.50669,0.65653,1.80134,0.38988,0.45969,-0.50737,-0.09001,2.50946,0.65252,1.78946,0.38250,0.47400,-0.52154,-0.13150,2.55921,0.73955,1.84199,0.44051,0.52831,-0.57857
107.100000,5355,-0.08390,2.53377,0.66301,1.80134,0.39026,0.46961,-0.51309,-0.09282,2.53732,0.65801,1.78532,0.38373,0.48102,-0.52482,-0.13431,2.58707,0.74516,1.83791,0.44175,0.53533,-0.58186
107.200000,5360,-0.08657,2.56505,0.67064,1.80096,0.39026,0.47418,-0.51615,-0.09564,2.56520,0.66347,1.78027,0.38543,0.48841,-0.52779,-0.13713,2.61495,0.75098,1.83295,0.44344,0.54262,-0.58482
107.300000,5365,-0.09382,2.59709,0.67942,1.80019,0.39217,0.48105,-0.51843,-0.09847,2.59311,0.66915,1.77436,0.38757,0.49604,-0.53043,-0.13996,2.64286,0.75700,1.82711,0.44558,0.55019,-0.58747
107.400000,5370,-0.09763,2.62799,0.68628,1.79790,0.39331,0.49097,-0.52110,-0.10133,2.62107,0.67516,1.76756,0.39017,0.50400,-0.53274,-0.14283,2.67082,0.76321,1.82037,0.44818,0.55802,-0.58981
107.500000,5375,-0.09801,2.65699,0.69201,1.79104,0.39331,0.49822,-0.52187,-0.10431,2.64906,0.68122,1.75956,0.39327,0.51221,-0.53462,-0.14581,2.69881,0.76966,1.81244,0.45128,0.56609,-0.59174
107.600000,5380,-0.10144,2.68522,0.70078,1.78226,0.39445,0.50470,-0.52378,-0.10767,2.67686,0.68781,1.74950,0.39705,0.52045,-0.53575,-0.14916,2.72662,0.77644,1.80242,0.45506,0.57431,-0.59289
107.700000,5385,-0.10679,2.71688,0.70765,1.77044,0.39674,0.51424,-0.52492,-0.11098,2.70539,0.69462,1.73893,0.40119,0.52924,-0.53700,-0.15247,2.75514,0.78341,1.79190,0.45921,0.58295,-0.59410
107.800000,5390,-0.11174,2.74663,0.71451,1.75899,0.40056,0.52378,-0.52492,-0.11406,2.73518,0.70156,1.72840,0.40566,0.53861,-0.53856,-0.15555,2.78493,0.79059,1.78141,0.46367,0.59220,-0.59571
107.900000,5395,-0.11174,2.77906,0.72291,1.74793,0.40666,0.53179,-0.52721,-0.11736,2.76576,0.70887,1.71613,0.41083,0.54855,-0.53974,-0.15884,2.81551,0.79819,1.76919,0.46884,0.60194,-0.59693
108.000000,5400,-0.11480,2.81187,0.73359,1.73496,0.41658,0.54247,-0.52835,-0.12015,2.79593,0.71579,1.70156,0.41704,0.55837,-0.53940,-0.16160,2.84568,0.80545,1.75468,0.47505,0.61160,-0.59667
108.100000,5405,-0.11709,2.84391,0.73969,1.72046,0.42078,0.55124,-0.52759,-0.11614,2.81494,0.71499,1.68054,0.42683,0.56292,-0.52795,-0.15756,2.86470,0.80586,1.73367,0.48484,0.61623,-0.58549
108.200000,5410,-0.11594,2.86222,0.74198,1.69567,0.42841,0.55277,-0.51729,-0.10664,2.82376,0.70908,1.65278,0.43985,0.56293,-0.50666,-0.14805,2.87352,0.80064,1.70591,0.49787,0.61648,-0.56433
108.300000,5415,-0.11098,2.87061,0.74160,1.66629,0.44595,0.55506,-0.49783,-0.09678,2.83207,0.70346,1.62439,0.45317,0.56296,-0.48473,-0.13817,2.88183,0.79508,1.67752,0.51118,0.61647,-0.54243
108.400000,5420,-0.10221,2.87748,0.74160,1.63807,0.45397,0.55620,-0.47800,-0.08705,2.84027,0.69800,1.59637,0.46631,0.56280,-0.46312,-0.12842,2.89002,0.78960,1.64951,0.52432,0.61647,-0.52082
108.500000,5425,-0.09153,2.88206,0.73969,1.61212,0.47151,0.55696,-0.45664,-0.07825,2.84214,0.69155,1.57521,0.47617,0.56016,-0.44455,-0.11963,2.89190,0.78339,1.62835,0.53418,0.61473,-0.50218
108.600000,5430,-0.08085,2.88435,0.73549,1.59381,0.47609,0.55467,-0.44138,-0.07183,2.82210,0.68212,1.57874,0.47473,0.55093,-0.43628,-0.11323,2.87185,0.77419,1.63188,0.53274,0.60669,-0.49381
108.700000,5435,-0.07436,2.86947,0.72977,1.59381,0.47495,0.54705,-0.43375,-0.06634,2.79478,0.67220,1.59160,0.46927,0.54056,-0.43244,-0.10775,2.84453,0.76417,1.64474,0.52729,0.59671,-0.48991
108.800000,5440,-0.07322,2.84009,0.71528,1.59839,0.47266,0.53980,-0.42841,-0.06118,2.76827,0.66274,1.60277,0.46445,0.53105,-0.42843,-0.10260,2.81803,0.75454,1.65591,0.52247,0.58734,-0.48592
108.900000,5445,-0.06368,2.80767,0.70040,1.61022,0.47113,0.53179,-0.42307,-0.05590,2.74328,0.65389,1.61396,0.46001,0.52244,-0.42517,-0.09733,2.79303,0.74540,1.66707,0.51802,0.57871,-0.48266
109.000000,5450,-0.05910,2.78097,0.69162,1.61861,0.46770,0.52378,-0.42268,-0.05086,2.71894,0.64526,1.62386,0.45607,0.51430,-0.42183,-0.09229,2.76870,0.73653,1.67696,0.51408,0.57054,-0.47929
109.100000,5455,-0.05796,2.75617,0.68132,1.62891,0.46732,0.51615,-0.41734,-0.04620,2.69473,0.63667,1.63184,0.45268,0.50642,-0.41792,-0.08764,2.74448,0.72779,1.68492,0.51069,0.56263,-0.47535
109.200000,5460,-0.05300,2.72794,0.66874,1.63616,0.46350,0.50890,-0.41467,-0.04167,2.67076,0.62822,1.63879,0.44971,0.49880,-0.41373,-0.08311,2.72051,0.71920,1.69184,0.50772,0.55506,-0.47122
109.300000,5465,-0.04422,2.70086,0.65996,1.64150,0.45816,0.49974,-0.41162,-0.03722,2.64696,0.61992,1.64480,0.44713,0.49157,-0.40943,-0.07866,2.69671,0.71074,1.69784,0.50514,0.54779,-0.46691
109.400000,5470,-0.04079,2.67530,0.65348,1.64798,0.44939,0.49440,-0.40743,-0.03281,2.62328,0.61187,1.64994,0.44494,0.48460,-0.40495,-0.07426,2.67303,0.70238,1.70296,0.50295,0.54083,-0.46240
109.500000,5475,-0.03698,2.64859,0.64013,1.65485,0.44634,0.48792,-0.40208,-0.02845,2.59969,0.60381,1.65423,0.44312,0.47798,-0.40022,-0.06991,2.64945,0.69414,1.70723,0.50113,0.53418,-0.45767
109.600000,5480,-0.02935,2.62036,0.62983,1.65676,0.44557,0.48029,-0.39751,-0.02412,2.57619,0.59575,1.65768,0.44167,0.47166,-0.39526,-0.06558,2.62595,0.68599,1.71065,0.49968,0.52785,-0.45270
109.700000,5485,-0.02553,2.59748,0.62067,1.65943,0.44519,0.47304,-0.39331,-0.01983,2.55279,0.58800,1.66025,0.44060,0.46571,-0.39007,-0.06129,2.60255,0.67797,1.71321,0.49862,0.52186,-0.44749
109.800000,5490,-0.02477,2.57077,0.61228,1.66210,0.44519,0.46922,-0.38950,-0.01555,2.52951,0.58023,1.66200,0.43990,0.46003,-0.38459,-0.05702,2.57927,0.67007,1.71493,0.49791,0.51621,-0.44203
109.900000,5495,-0.02172,2.54445,0.60160,1.66286,0.44481,0.46388,-0.38416,-0.01130,2.50637,0.57259,1.66290,0.43957,0.45477,-0.37884,-0.05278,2.55612,0.66231,1.71579,0.49758,0.51095,-0.43630
110.000000,5500,-0.01294,2.52004,0.59244,1.66286,0.44405,0.45854,-0.38034,-0.00710,2.48338,0.56522,1.66292,0.43961,0.44991,-0.37284,-0.04857,2.53314,0.65469,1.71578,0.49762,0.50607,-0.43029
110.100000,5505,-0.00989,2.49524,0.58596,1.66286,0.44214,0.45244,-0.37309,-0.00290,2.46058,0.55795,1.66211,0.44000,0.44543,-0.36658,-0.04438,2.51033,0.64721,1.71494,0.49801,0.50159,-0.42401
110.200000,5510,-0.00722,2.47121,0.57642,1.66286,0.44214,0.44862,-0.36623,0.00127,2.43797,0.55080,1.66040,0.44076,0.44138,-0.35999,-0.04022,2.48772,0.63989,1.71321,0.49877,0.49755,-0.41744
110.300000,5515,-0.00226,2.44489,0.56764,1.66286,0.44214,0.44634,-0.36050,0.00541,2.41558,0.54390,1.65787,0.44185,0.43778,-0.35313,-0.03609,2.46533,0.63273,1.71064,0.49986,0.49392,-0.41058
110.400000,5520,0.00537,2.42009,0.55849,1.66286,0.44252,0.44252,-0.35402,0.00951,2.39344,0.53701,1.65442,0.44330,0.43467,-0.34595,-0.03199,2.44319,0.62573,1.70717,0.50131,0.49076,-0.40340
110.500000,5525,0.00880,2.39682,0.54895,1.66286,0.44290,0.44138,-0.34639,0.01371,2.37152,0.53037,1.65053,0.44499,0.43189,-0.33866,-0.02778,2.42127,0.61886,1.70322,0.50300,0.48805,-0.39611
110.600000,5530,0.01109,2.37202,0.54209,1.66248,0.44481,0.43909,-0.33876,0.01845,2.34969,0.52367,1.64716,0.44671,0.42971,-0.33176,-0.02304,2.39944,0.61199,1.69981,0.50472,0.48586,-0.38920
110.700000,5535,0.01910,2.34875,0.53255,1.66095,0.44557,0.43527,-0.33533,0.02328,2.32814,0.51707,1.64328,0.44865,0.42804,-0.32472,-0.01821,2.37790,0.60526,1.69590,0.50666,0.48414,-0.38218
110.800000,5540,0.02215,2.32434,0.52683,1.65676,0.44595,0.43375,-0.32770,0.02753,2.30720,0.51102,1.63721,0.45116,0.42681,-0.31680,-0.01397,2.35695,0.59890,1.68980,0.50917,0.48292,-0.37425
110.900000,5545,0.02330,2.30260,0.51920,1.64875,0.44595,0.43375,-0.31702,0.03145,2.28679,0.50509,1.62972,0.45405,0.42610,-0.30831,-0.01004,2.33654,0.59281,1.68229,0.51206,0.48216,-0.36577
111.000000,5550,0.02749,2.27971,0.51348,1.64112,0.44748,0.43337,-0.30977,0.03526,2.26688,0.49942,1.62137,0.45721,0.42582,-0.29953,-0.00624,2.31663,0.58696,1.67388,0.51522,0.48191,-0.35700
111.100000,5555,0.03436,2.25949,0.50775,1.63005,0.44901,0.43260,-0.30176,0.03894,2.24747,0.49389,1.61215,0.46060,0.42612,-0.29047,-0.00255,2.29722,0.58131,1.66464,0.51861,0.48214,-0.34796
111.200000,5560,0.03894,2.23927,0.50279,1.61975,0.45282,0.43108,-0.29108,0.04248,2.22862,0.48868,1.60208,0.46422,0.42686,-0.28117,0.00098,2.27838,0.57589,1.65454,0.52223,0.48287,-0.33863
111.300000,5565,0.03932,2.21982,0.49478,1.60755,0.45702,0.43146,-0.28383,0.04585,2.21034,0.48359,1.59117,0.46805,0.42809,-0.27156,0.00436,2.26009,0.57070,1.64361,0.52606,0.48406,-0.32903
111.400000,5570,0.04199,2.19807,0.48982,1.59572,0.46541,0.43184,-0.27772,0.04905,2.19265,0.47879,1.57943,0.47208,0.42975,-0.26167,0.00755,2.24241,0.56573,1.63183,0.53009,0.48572,-0.31914
111.500000,5575,0.04771,2.17976,0.48105,1.58237,0.46884,0.43413,-0.26666,0.05203,2.17559,0.47424,1.56684,0.47630,0.43186,-0.25145,0.01054,2.22534,0.56098,1.61919,0.53431,0.48783,-0.30896
111.600000,5580,0.05267,2.16183,0.47685,1.56864,0.47189,0.43527,-0.25712,0.05478,2.15917,0.46987,1.55342,0.48069,0.43438,-0.24098,0.01329,2.20892,0.55645,1.60571,0.53870,0.49038,-0.29849
111.700000,5585,0.05305,2.14276,0.47342,1.55414,0.47342,0.43565,-0.24492,0.05727,2.14343,0.46569,1.53910,0.48525,0.43740,-0.23020,0.01577,2.19318,0.55215,1.59138,0.54326,0.49337,-0.28770
111.800000,5590,0.05649,2.12788,0.46541,1.53774,0.47609,0.43871,-0.23385,0.05946,2.12837,0.46177,1.52394,0.48997,0.44084,-0.21909,0.01797,2.17813,0.54806,1.57620,0.54798,0.49676,-0.27661
111.900000,5595,0.05801,2.10881,0.46350,1.52133,0.48029,0.44290,-0.22317,0.06134,2.11406,0.45800,1.50795,0.49484,0.44459,-0.20768,0.01984,2.16381,0.54420,1.56015,0.55285,0.50055,-0.26519
112.000000,5600,0.05801,2.09469,0.45778,1.50340,0.48754,0.44634,-0.21211,0.06285,2.10049,0.45440,1.49108,0.49985,0.44876,-0.19591,0.02136,2.15024,0.54055,1.54326,0.55787,0.50472,-0.25343
112.100000,5605,0.05839,2.08134,0.45587,1.48738,0.49555,0.45053,-0.20067,0.06398,2.08768,0.45104,1.47334,0.50501,0.45335,-0.18381,0.02249,2.13743,0.53710,1.52551,0.56303,0.50925,-0.24133
112.200000,5610,0.06335,2.06608,0.44939,1.46755,0.49898,0.45473,-0.18922,0.06468,2.07569,0.44805,1.45476,0.51032,0.45823,-0.17131,0.02319,2.12544,0.53387,1.50689,0.56833,0.51412,-0.22886
112.300000,5615,0.06373,2.05540,0.44481,1.44733,0.50165,0.45931,-0.17740,0.06493,2.06449,0.44510,1.43527,0.51576,0.46347,-0.15850,0.02343,2.11425,0.53083,1.48742,0.57378,0.51932,-0.21602
112.400000,5620,0.06526,2.04434,0.44405,1.42825,0.50623,0.46541,-0.16290,0.06468,2.05411,0.44240,1.41499,0.52136,0.46896,-0.14525,0.02319,2.10387,0.52797,1.46708,0.57937,0.52482,-0.20279
112.500000,5625,0.06640,2.03022,0.44405,1.40689,0.51424,0.47228,-0.15222,0.06390,2.04458,0.43977,1.39380,0.52711,0.47473,-0.13161,0.02241,2.09434,0.52530,1.44585,0.58512,0.53062,-0.18915
112.600000,5630,0.06640,2.01954,0.44023,1.38438,0.52187,0.47762,-0.13696,0.06254,2.03593,0.43724,1.37163,0.53302,0.48089,-0.11750,0.02104,2.08568,0.52280,1.42373,0.59103,0.53670,-0.17506
112.700000,5635,0.06602,2.01039,0.43718,1.36073,0.52492,0.48219,-0.12513,0.06056,2.02813,0.43510,1.34864,0.53911,0.48725,-0.10296,0.01907,2.07788,0.52045,1.40070,0.59712,0.54307,-0.16052
112.800000,5640,0.06602,2.00543,0.43527,1.33823,0.52873,0.49059,-0.10759,0.05793,2.02119,0.43293,1.32466,0.54539,0.49392,-0.08792,0.01644,2.07095,0.51825,1.37673,0.60340,0.54971,-0.14548
112.900000,5645,0.06602,1.99742,0.43298,1.31457,0.53331,0.49669,-0.09576,0.05459,2.01514,0.43080,1.29974,0.55188,0.50080,-0.07232,0.01310,2.06489,0.51619,1.35177,0.60989,0.55663,-0.12991
113.000000,5650,0.06259,1.98635,0.43070,1.28711,0.54399,0.50356,-0.07897,0.05049,2.00998,0.42874,1.27369,0.55861,0.50806,-0.05619,0.00899,2.05973,0.51424,1.32577,0.61662,0.56384,-0.11377
113.100000,5655,0.05496,1.97834,0.42917,1.26155,0.55200,0.50928,-0.06219,0.04556,2.00569,0.42703,1.24654,0.56560,0.51564,-0.03942,0.00407,2.05545,0.51240,1.29865,0.62361,0.57137,-0.09698
113.200000,5660,0.05191,1.97720,0.42535,1.23408,0.55429,0.51843,-0.04655,0.03962,2.00246,0.42541,1.21823,0.57290,0.52345,-0.02191,-0.00188,2.05221,0.51071,1.27034,0.63092,0.57917,-0.07952
113.300000,5665,0.04886,1.97338,0.42535,1.20433,0.55963,0.52606,-0.02786,0.03189,2.00113,0.42426,1.18864,0.58061,0.53112,-0.00379,-0.00960,2.05088,0.50947,1.24074,0.63863,0.58684,-0.06139
113.400000,5670,0.03856,1.97300,0.42497,1.17190,0.57337,0.53255,-0.00993,0.02371,1.99997,0.42265,1.15758,0.58863,0.53958,0.01518,-0.01779,2.04972,0.50802,1.20977,0.64665,0.59527,-0.04239
113.500000,5675,0.02902,1.97300,0.42459,1.14215,0.57909,0.54247,0.01029,0.01499,1.99904,0.42118,1.12519,0.59698,0.54882,0.03513,-0.02650,2.04880,0.50636,1.17739,0.65499,0.60454,-0.02247
113.600000,5680,0.02063,1.97300,0.42421,1.10705,0.58367,0.55086,0.02936,0.00655,2.00084,0.41713,1.09263,0.60487,0.55774,0.05634,-0.03494,2.05059,0.50293,1.14494,0.66288,0.61350,-0.00130
113.700000,5685,0.01567,1.97338,0.41734,1.07501,0.59359,0.55696,0.05416,0.00388,2.01806,0.40213,1.06731,0.60806,0.56051,0.08067,-0.03755,2.06781,0.48904,1.11975,0.66608,0.61646,0.02296
113.800000,5690,0.01529,1.97987,0.39980,1.04983,0.59969,0.55887,0.07629,0.00301,2.04280,0.38348,1.04482,0.60943,0.56045,0.10678,-0.03836,2.09255,0.47045,1.09734,0.66741,0.61648,0.04906
113.900000,5695,0.00995,1.99665,0.37920,1.02809,0.60007,0.55925,0.10299,0.00149,2.06789,0.36442,1.02166,0.61105,0.56044,0.13369,-0.03982,2.11764,0.45139,1.07430,0.66897,0.61648,0.07601
114.000000,5700,0.00728,2.02564,0.36165,1.00596,0.60083,0.55963,0.13160,-0.00075,2.09301,0.34525,0.99806,0.61292,0.56046,0.16117,-0.04195,2.14277,0.43209,1.05079,0.67075,0.61648,0.10352
114.100000,5705,0.00689,2.05502,0.34524,0.98269,0.60312,0.55925,0.16174,-0.00366,2.11787,0.32600,0.97427,0.61493,0.56031,0.18892,-0.04477,2.16763,0.41274,1.02704,0.67272,0.61648,0.13129
114.200000,5710,0.00461,2.08172,0.32579,0.95942,0.60389,0.55963,0.18844,-0.00721,2.14220,0.30699,0.95045,0.61708,0.56019,0.21663,-0.04822,2.19195,0.39355,1.00325,0.67482,0.61648,0.15904
114.300000,5715,0.00194,2.10537,0.30633,0.93729,0.60427,0.55963,0.21552,-0.01106,2.16555,0.28840,0.92752,0.61917,0.55994,0.24344,-0.05201,2.21530,0.37492,0.98032,0.67687,0.61633,0.18593
114.400000,5720,-0.00035,2.12712,0.29031,0.91860,0.60503,0.55963,0.24108,-0.00738,2.17990,0.27958,0.93085,0.61543,0.55371,0.24888,-0.04846,2.22966,0.36539,0.98319,0.67327,0.61076,0.19192
114.500000,5725,0.00117,2.14238,0.28383,0.92394,0.60350,0.55467,0.24337,0.00590,2.18270,0.28063,0.96442,0.60523,0.54216,0.23035,-0.03523,2.23245,0.36569,1.01632,0.66315,0.59946,0.17376
114.600000,5730,0.00842,2.14772,0.28116,0.95637,0.59931,0.54705,0.23345,0.01910,2.18482,0.28164,0.99806,0.59503,0.53139,0.21176,-0.02202,2.23458,0.36618,1.04978,0.65299,0.58873,0.15519
114.700000,5735,0.02177,2.14772,0.28078,0.99146,0.59359,0.53865,0.21591,0.03166,2.18698,0.28239,1.03037,0.58513,0.52149,0.19405,-0.00944,2.23673,0.36652,1.08201,0.64312,0.57882,0.13738
114.800000,5740,0.03398,2.15115,0.28078,1.02580,0.57604,0.52721,0.19721,0.04249,2.19077,0.28389,1.06126,0.57535,0.51191,0.17667,0.00139,2.24052,0.36754,1.11290,0.63335,0.56922,0.12009
114.900000,5745,0.04390,2.16107,0.28078,1.05555,0.57299,0.51729,0.18043,0.05216,2.19540,0.28518,1.09074,0.56578,0.50291,0.15997,0.01107,2.24515,0.36882,1.14248,0.62379,0.56015,0.10345
115.000000,5750,0.05610,2.16412,0.28078,1.08683,0.56421,0.50852,0.16517,0.06083,2.20074,0.28693,1.11907,0.55644,0.49438,0.14403,0.01974,2.25049,0.37031,1.17078,0.61445,0.55163,0.08747
115.100000,5755,0.06145,2.16793,0.28078,1.11430,0.55010,0.50089,0.14953,0.06855,2.20678,0.28911,1.14616,0.54732,0.48640,0.12855,0.02748,2.25654,0.37202,1.19787,0.60533,0.54363,0.07212
115.200000,5760,0.06984,2.17938,0.28078,1.14215,0.54590,0.49402,0.13274,0.07540,2.21354,0.29094,1.17196,0.53839,0.47897,0.11374,0.03432,2.26330,0.37394,1.22380,0.59641,0.53611,0.05735
115.300000,5765,0.07518,2.19235,0.28078,1.16847,0.53865,0.48525,0.11749,0.08141,2.22101,0.29309,1.19677,0.52965,0.47192,0.09950,0.04035,2.27076,0.37610,1.24863,0.58766,0.52906,0.04313
115.400000,5770,0.08052,2.19769,0.28078,1.19403,0.52454,0.47685,0.10566,0.08666,2.22918,0.29583,1.22059,0.52108,0.46530,0.08585,0.04560,2.27893,0.37848,1.27241,0.57909,0.52245,0.02944
115.500000,5775,0.08853,2.20646,0.28078,1.21577,0.51996,0.47037,0.09078,0.09115,2.23804,0.29853,1.24329,0.51267,0.45917,0.07265,0.05012,2.28780,0.38109,1.29517,0.57068,0.51628,0.01625
115.600000,5780,0.09158,2.21753,0.28154,1.23942,0.51462,0.46350,0.07705,0.09500,2.24760,0.30141,1.26499,0.50441,0.45346,0.05985,0.05397,2.29736,0.38395,1.31694,0.56242,0.51053,0.00353
115.700000,5785,0.09196,2.23088,0.28154,1.26117,0.50165,0.45778,0.06637,0.09820,2.25784,0.30460,1.28576,0.49629,0.44815,0.04759,0.05718,2.30759,0.38704,1.33775,0.55430,0.50520,-0.00872
115.800000,5790,0.09845,2.24232,0.28230,1.28177,0.49516,0.45168,0.05340,0.10081,2.26874,0.30795,1.30559,0.48832,0.44327,0.03577,0.05980,2.31849,0.39037,1.35761,0.54633,0.50029,-0.02053
115.900000,5795,0.10303,2.25339,0.28612,1.30122,0.49021,0.44748,0.04348,0.10285,2.28032,0.31155,1.32445,0.48048,0.43882,0.02435,0.06185,2.33007,0.39395,1.37653,0.53850,0.49581,-0.03190
116.000000,5800,0.10303,2.26674,0.28955,1.32335,0.48258,0.44252,0.03203,0.10437,2.29254,0.31562,1.34242,0.47279,0.43479,0.01335,0.06338,2.34229,0.39777,1.39452,0.53080,0.49175,-0.04285
116.100000,5805,0.10493,2.28314,0.29222,1.34128,0.47151,0.44061,0.02059,0.10541,2.30537,0.31964,1.35942,0.46524,0.43124,0.00282,0.06444,2.35512,0.40182,1.41161,0.52325,0.48811,-0.05338
116.200000,5810,0.10570,2.29726,0.30061,1.35844,0.46732,0.43604,0.00915,0.10598,2.31883,0.32387,1.37554,0.45782,0.42808,-0.00738,0.06504,2.36858,0.40611,1.42778,0.51584,0.48492,-0.06350
116.300000,5815,0.10570,2.31251,0.30366,1.37523,0.46198,0.43337,-0.00115,0.10618,2.33285,0.32831,1.39079,0.45056,0.42532,-0.01704,0.06524,2.38260,0.41063,1.44306,0.50857,0.48216,-0.07322
116.400000,5820,0.10570,2.32892,0.30862,1.39049,0.45206,0.42726,-0.00802,0.10596,2.34746,0.33288,1.40510,0.44344,0.42307,-0.02640,0.06505,2.39721,0.41539,1.45744,0.50145,0.47984,-0.08254
116.500000,5825,0.10570,2.34380,0.31511,1.40460,0.44443,0.42497,-0.01641,0.10541,2.36261,0.33778,1.41856,0.43648,0.42123,-0.03533,0.06451,2.41236,0.42038,1.47095,0.49449,0.47798,-0.09147
116.600000,5830,0.10570,2.36058,0.32159,1.41605,0.44099,0.42307,-0.02633,0.10454,2.37828,0.34288,1.43113,0.42968,0.41986,-0.04390,0.06365,2.42804,0.42559,1.48357,0.48770,0.47656,-0.10001
116.700000,5835,0.10532,2.37889,0.32617,1.43054,0.43680,0.42192,-0.03549,0.10336,2.39447,0.34835,1.44284,0.42306,0.41890,-0.05204,0.06249,2.44423,0.43102,1.49530,0.48107,0.47560,-0.10815
116.800000,5840,0.10532,2.39606,0.33380,1.44389,0.42459,0.42001,-0.04502,0.10188,2.41113,0.35420,1.45368,0.41661,0.41843,-0.05979,0.06107,2.46088,0.43665,1.50617,0.47462,0.47510,-0.11592
116.900000,5845,0.10532,2.41475,0.34143,1.45458,0.41849,0.41925,-0.05303,0.10025,2.42822,0.35960,1.46363,0.41034,0.41844,-0.06718,0.05941,2.47798,0.44249,1.51619,0.46836,0.47504,-0.12330
117.000000,5850,0.10493,2.43306,0.34868,1.46564,0.41544,0.41887,-0.05761,0.09833,2.44577,0.36551,1.47269,0.40428,0.41893,-0.07422,0.05751,2.49553,0.44854,1.52530,0.46230,0.47547,-0.13029
117.100000,5855,0.10493,2.45366,0.35593,1.47479,0.41162,0.41887,-0.06372,0.09620,2.46372,0.37169,1.48091,0.39843,0.41983,-0.08081,0.05542,2.51348,0.45478,1.53356,0.45644,0.47634,-0.13690
117.200000,5860,0.10455,2.47350,0.36279,1.48204,0.40323,0.41925,-0.06906,0.09390,2.48205,0.37802,1.48830,0.39278,0.42117,-0.08700,0.05315,2.53180,0.46120,1.54097,0.45080,0.47767,-0.14314
117.300000,5865,0.10417,2.49257,0.37157,1.48929,0.39331,0.41963,-0.07707,0.09146,2.50073,0.38442,1.49482,0.38737,0.42298,-0.09286,0.05071,2.55048,0.46781,1.54753,0.44538,0.47944,-0.14898
117.400000,5870,0.09959,2.51393,0.38034,1.49577,0.39217,0.42001,-0.08279,0.08884,2.51977,0.39090,1.50044,0.38219,0.42528,-0.09837,0.04811,2.56952,0.47459,1.55320,0.44020,0.48168,-0.15444
117.500000,5875,0.09921,2.53339,0.38835,1.50302,0.38873,0.42078,-0.08737,0.08608,2.53912,0.39763,1.50524,0.37725,0.42800,-0.10341,0.04538,2.58887,0.48155,1.55803,0.43526,0.48436,-0.15952
117.600000,5880,0.09883,2.55628,0.39636,1.50836,0.38530,0.42345,-0.09194,0.08320,2.55878,0.40466,1.50919,0.37256,0.43115,-0.10810,0.04251,2.60853,0.48867,1.56202,0.43058,0.48746,-0.16424
117.700000,5885,0.09387,2.57840,0.40666,1.51065,0.37729,0.42650,-0.09843,0.08016,2.57873,0.41187,1.51227,0.36814,0.43472,-0.11252,0.03953,2.62848,0.49595,1.56514,0.42615,0.49101,-0.16856
117.800000,5890,0.08777,2.59938,0.41391,1.51523,0.37004,0.42841,-0.10301,0.07707,2.59895,0.41908,1.51448,0.36400,0.43873,-0.11639,0.03643,2.64870,0.50338,1.56737,0.42201,0.49499,-0.17250
117.900000,5895,0.08510,2.62113,0.42154,1.51828,0.36699,0.43298,-0.10606,0.07366,2.61934,0.42643,1.51535,0.36026,0.44321,-0.11975,0.03304,2.66909,0.51096,1.56828,0.41827,0.49937,-0.17588
118.000000,5900,0.08472,2.64440,0.42917,1.51904,0.36584,0.43642,-0.10987,0.06973,2.63977,0.43372,1.51427,0.35710,0.44809,-0.12226,0.02914,2.68953,0.51866,1.56724,0.41511,0.50417,-0.17842
118.100000,5905,0.07976,2.66500,0.43985,1.51904,0.36279,0.44290,-0.11064,0.06574,2.66036,0.44128,1.51240,0.35423,0.45325,-0.12444,0.02518,2.71011,0.52646,1.56539,0.41224,0.50935,-0.18062
118.200000,5910,0.07136,2.68827,0.44862,1.51904,0.36241,0.44672,-0.11331,0.06214,2.68121,0.44895,1.51092,0.35134,0.45880,-0.12687,0.02161,2.73096,0.53433,1.56394,0.40935,0.51486,-0.18298
118.300000,5915,0.06793,2.71154,0.45664,1.51904,0.36089,0.45168,-0.11369,0.05871,2.70222,0.45662,1.50916,0.34861,0.46465,-0.12901,0.01818,2.75197,0.54226,1.56219,0.40662,0.52071,-0.18521
118.400000,5920,0.06564,2.73328,0.46617,1.51904,0.35783,0.45702,-0.11674,0.05518,2.72329,0.46439,1.50654,0.34620,0.47089,-0.13087,0.01469,2.77304,0.55026,1.55960,0.40421,0.52689,-0.18710
118.500000,5925,0.06564,2.75693,0.47495,1.51904,0.35402,0.46388,-0.11750,0.05157,2.74443,0.47218,1.50311,0.34410,0.47745,-0.13240,0.01111,2.79418,0.55831,1.55619,0.40210,0.53337,-0.18865
118.600000,5930,0.06068,2.77982,0.48563,1.51866,0.34753,0.47189,-0.12056,0.04787,2.76562,0.48024,1.49882,0.34234,0.48420,-0.13367,0.00745,2.81537,0.56641,1.55191,0.40033,0.54017,-0.18985
118.700000,5935,0.05191,2.80309,0.49440,1.51790,0.34524,0.47724,-0.12094,0.04412,2.78691,0.48802,1.49368,0.34088,0.49137,-0.13457,0.00370,2.83666,0.57456,1.54681,0.39886,0.54727,-0.19075
118.800000,5940,0.04962,2.82674,0.50356,1.51485,0.34372,0.48372,-0.12132,0.04022,2.80835,0.49597,1.48767,0.33975,0.49892,-0.13509,-0.00015,2.85810,0.58279,1.54080,0.39770,0.55470,-0.19134
118.900000,5945,0.04886,2.84925,0.51271,1.50989,0.34296,0.49288,-0.12437,0.03621,2.83004,0.50412,1.48077,0.33890,0.50674,-0.13534,-0.00414,2.87980,0.59112,1.53390,0.39685,0.56247,-0.19164
119.000000,5950,0.04580,2.87252,0.52301,1.50035,0.34143,0.49936,-0.12475,0.03201,2.85214,0.51227,1.47281,0.33840,0.51495,-0.13530,-0.00830,2.90189,0.59959,1.52595,0.39633,0.57066,-0.19162
119.100000,5955,0.03779,2.89617,0.53217,1.49425,0.34105,0.50661,-0.12475,0.02744,2.87467,0.52069,1.46328,0.33833,0.52363,-0.13483,-0.01285,2.92443,0.60822,1.51642,0.39624,0.57930,-0.19114
119.200000,5960,0.03207,2.91944,0.54056,1.48509,0.34067,0.51538,-0.12475,0.02226,2.89777,0.52926,1.45163,0.33882,0.53294,-0.13365,-0.01798,2.94752,0.61703,1.50477,0.39670,0.58847,-0.19004
119.300000,5965,0.02978,2.94576,0.55124,1.47098,0.34067,0.52683,-0.12475,0.01695,2.92253,0.53850,1.43912,0.33950,0.54311,-0.13250,-0.02319,2.97227,0.62639,1.49226,0.39734,0.59853,-0.18891
119.400000,5970,0.02101,2.97247,0.56116,1.45801,0.34143,0.53369,-0.12437,0.01174,2.94860,0.54763,1.42525,0.34090,0.55385,-0.13092,-0.02833,2.99835,0.63584,1.47838,0.39870,0.60927,-0.18737
119.500000,5975,0.01567,3.00108,0.57108,1.44542,0.34372,0.54781,-0.12361,0.00962,2.96899,0.54818,1.40661,0.34993,0.56047,-0.12437,-0.03038,3.01874,0.63758,1.45975,0.40771,0.61575,-0.18115
119.600000,5980,0.01605,3.02282,0.57451,1.42291,0.35287,0.55048,-0.11483,0.01156,2.98049,0.53903,1.38064,0.36933,0.56009,-0.11096,-0.02833,3.03024,0.62946,1.43377,0.42708,0.61536,-0.16802
119.700000,5985,0.01605,3.03198,0.57375,1.39430,0.37271,0.55124,-0.10301,0.01425,2.99126,0.52936,1.35268,0.39083,0.55838,-0.09630,-0.02546,3.04101,0.62004,1.40582,0.44855,0.61368,-0.15346
119.800000,5990,0.01643,3.04228,0.56688,1.36150,0.39636,0.55124,-0.09004,0.01594,3.00238,0.51894,1.32410,0.41248,0.55821,-0.08160,-0.02360,3.05213,0.60975,1.37724,0.47015,0.61347,-0.13881
119.900000,5995,0.01643,3.05296,0.55735,1.33327,0.41696,0.55162,-0.07592,0.01656,3.01345,0.50817,1.29579,0.43358,0.55938,-0.06731,-0.02276,3.06320,0.59896,1.34893,0.49118,0.61467,-0.12453
120.000000,6000,0.01643,3.06288,0.54819,1.30427,0.43947,0.55315,-0.06066,0.01686,3.02379,0.49763,1.26883,0.45351,0.56058,-0.05372,-0.02220,3.07355,0.58841,1.32197,0.51111,0.61611,-0.11092
120.100000,6005,0.01681,3.07318,0.53598,1.28062,0.45511,0.55429,-0.04884,0.01915,3.02220,0.48708,1.25460,0.46528,0.55632,-0.04304,-0.01973,3.07195,0.57818,1.30774,0.52296,0.61257,-0.10013
120.200000,6010,0.01948,3.07241,0.52797,1.27337,0.46846,0.55124,-0.04083,0.02459,3.00188,0.47644,1.26325,0.46346,0.54577,-0.03830,-0.01446,3.05163,0.56775,1.31639,0.52124,0.60258,-0.09528
120.300000,6015,0.02330,3.05563,0.51615,1.27414,0.46846,0.54323,-0.03587,0.03075,2.97934,0.46692,1.27728,0.45901,0.53507,-0.03572,-0.00832,3.02909,0.55808,1.33041,0.51684,0.59201,-0.09273
120.400000,6020,0.02902,3.02816,0.50279,1.28139,0.46732,0.53408,-0.03167,0.03641,2.95809,0.45803,1.28946,0.45514,0.52542,-0.03307,-0.00271,3.00784,0.54885,1.34260,0.51300,0.58240,-0.09013
120.500000,6025,0.03589,3.00222,0.48906,1.29169,0.46350,0.52492,-0.02938,0.04118,2.93742,0.44914,1.29922,0.45187,0.51663,-0.02999,0.00211,2.98717,0.53974,1.35236,0.50972,0.57356,-0.08700
120.600000,6030,0.04046,2.97971,0.47876,1.30008,0.46007,0.51843,-0.02824,0.04556,2.91742,0.44050,1.30753,0.44901,0.50841,-0.02669,0.00650,2.96717,0.53085,1.36067,0.50687,0.56534,-0.08369
120.700000,6035,0.04199,2.95683,0.46999,1.31000,0.45282,0.50890,-0.02252,0.04966,2.89789,0.43199,1.31474,0.44651,0.50067,-0.02326,0.01062,2.94764,0.52211,1.36788,0.50436,0.55762,-0.08023
120.800000,6040,0.04695,2.93546,0.46007,1.31801,0.44786,0.50127,-0.02175,0.05359,2.87865,0.42352,1.32103,0.44428,0.49341,-0.01965,0.01454,2.92840,0.51347,1.37417,0.50215,0.55030,-0.07662
120.900000,6045,0.05534,2.91143,0.45015,1.32373,0.44557,0.49478,-0.01832,0.05775,2.85982,0.41522,1.32716,0.44223,0.48640,-0.01620,0.01856,2.90957,0.50500,1.38029,0.50012,0.54333,-0.07317
121.000000,6050,0.05801,2.89159,0.43947,1.32793,0.44557,0.48944,-0.01451,0.06200,2.84146,0.40712,1.33349,0.44031,0.47978,-0.01314,0.02283,2.89121,0.49672,1.38662,0.49820,0.53666,-0.07003
121.100000,6055,0.05801,2.87023,0.43070,1.33212,0.44481,0.48029,-0.00993,0.06599,2.82314,0.39899,1.33881,0.43866,0.47339,-0.00966,0.02687,2.87289,0.48844,1.39195,0.49655,0.53032,-0.06658
121.200000,6060,0.06488,2.84963,0.42040,1.33937,0.44214,0.47495,-0.00382,0.06957,2.80458,0.39082,1.34225,0.43741,0.46749,-0.00540,0.03035,2.85434,0.48004,1.39539,0.49532,0.52440,-0.06236
121.300000,6065,0.07098,2.82979,0.41124,1.34204,0.44138,0.46884,-0.00115,0.07274,2.78608,0.38254,1.34450,0.43649,0.46194,-0.00076,0.03354,2.83583,0.47166,1.39764,0.49440,0.51885,-0.05772
121.400000,6070,0.07213,2.80843,0.40094,1.34280,0.44099,0.46465,0.00152,0.07578,2.76775,0.37446,1.34587,0.43582,0.45678,0.00412,0.03654,2.81750,0.46336,1.39901,0.49373,0.51369,-0.05280
121.500000,6075,0.07251,2.78707,0.39064,1.34395,0.43947,0.45969,0.00419,0.07860,2.74960,0.36654,1.34636,0.43541,0.45199,0.00932,0.03937,2.79935,0.45516,1.39950,0.49332,0.50891,-0.04760
121.600000,6080,0.07518,2.76723,0.38110,1.34433,0.43871,0.45435,0.00838,0.08129,2.73165,0.35848,1.34598,0.43525,0.44763,0.01485,0.04200,2.78140,0.44707,1.39912,0.49316,0.50452,-0.04209
121.700000,6085,0.08090,2.74778,0.37271,1.34433,0.43832,0.44977,0.01411,0.08377,2.71390,0.35074,1.34473,0.43533,0.44364,0.02067,0.04445,2.76365,0.43909,1.39786,0.49323,0.50053,-0.03626
121.800000,6090,0.08586,2.72832,0.36356,1.34433,0.43832,0.44672,0.02135,0.08602,2.69635,0.34307,1.34259,0.43564,0.44005,0.02680,0.04670,2.74610,0.43122,1.39573,0.49354,0.49693,-0.03011
121.900000,6095,0.08624,2.70849,0.35440,1.34395,0.43871,0.44252,0.02708,0.08809,2.67902,0.33551,1.33957,0.43617,0.43684,0.03328,0.04875,2.72877,0.42349,1.39271,0.49408,0.49372,-0.02362
122.000000,6100,0.08815,2.68941,0.34563,1.34395,0.43871,0.44176,0.03127,0.08995,2.66192,0.32818,1.33568,0.43693,0.43404,0.04013,0.05059,2.71167,0.41588,1.38881,0.49484,0.49092,-0.01677
122.100000,6105,0.09006,2.66996,0.33723,1.34395,0.43832,0.43985,0.03852,0.09159,2.64506,0.32084,1.33090,0.43790,0.43164,0.04735,0.05221,2.69482,0.40842,1.38403,0.49580,0.48852,-0.00957
122.200000,6110,0.09158,2.65203,0.32770,1.34318,0.43871,0.43604,0.04920,0.09301,2.62847,0.31364,1.32523,0.43908,0.42965,0.05492,0.05360,2.67823,0.40110,1.37837,0.49697,0.48653,-0.00200
122.300000,6115,0.09120,2.63410,0.32007,1.34051,0.43871,0.43413,0.05607,0.09411,2.61217,0.30675,1.31868,0.44044,0.42808,0.06284,0.05474,2.66193,0.39395,1.37182,0.49834,0.48494,0.00594
122.400000,6120,0.09158,2.61693,0.31129,1.33365,0.43909,0.43413,0.06141,0.09501,2.59618,0.29990,1.31125,0.44201,0.42690,0.07115,0.05562,2.64594,0.38697,1.36439,0.49989,0.48375,0.01426
122.500000,6125,0.09158,2.59824,0.30443,1.32220,0.43947,0.43146,0.07133,0.09565,2.58053,0.29318,1.30293,0.44374,0.42609,0.07988,0.05623,2.63028,0.38017,1.35607,0.50162,0.48297,0.02296
122.600000,6130,0.09196,2.57878,0.29527,1.31190,0.44061,0.42802,0.07934,0.09601,2.56523,0.28675,1.29374,0.44564,0.42572,0.08897,0.05654,2.61499,0.37356,1.34687,0.50351,0.48259,0.03205
122.700000,6135,0.09196,2.56314,0.28955,1.30199,0.44214,0.42726,0.08659,0.09600,2.55031,0.28052,1.28367,0.44771,0.42576,0.09844,0.05654,2.60007,0.36715,1.33680,0.50557,0.48262,0.04152
122.800000,6140,0.09387,2.54674,0.28230,1.29169,0.44214,0.42726,0.09841,0.09584,2.53567,0.27444,1.27290,0.44990,0.42612,0.10827,0.05634,2.58542,0.36087,1.32603,0.50775,0.48300,0.05133
122.900000,6145,0.09616,2.53072,0.27429,1.27948,0.44290,0.42726,0.10680,0.09586,2.52085,0.26815,1.26212,0.45209,0.42673,0.11826,0.05638,2.57060,0.35449,1.31524,0.50993,0.48359,0.06131
123.000000,6150,0.09769,2.51508,0.26857,1.26880,0.44557,0.42726,0.11710,0.09593,2.50607,0.26197,1.25097,0.45432,0.42759,0.12849,0.05643,2.55583,0.34810,1.30408,0.51216,0.48448,0.07156
123.100000,6155,0.09997,2.49829,0.26170,1.25773,0.44595,0.42802,0.12779,0.09514,2.49214,0.25626,1.23823,0.45682,0.42904,0.13936,0.05565,2.54189,0.34216,1.29133,0.51464,0.48589,0.08243
123.200000,6160,0.09959,2.48303,0.25445,1.24286,0.44634,0.42841,0.13656,0.09344,2.47911,0.25093,1.22379,0.45959,0.43098,0.15093,0.05394,2.52886,0.33669,1.27688,0.51739,0.48786,0.09397
123.300000,6165,0.09959,2.46854,0.24911,1.22607,0.44901,0.43146,0.14724,0.09121,2.46659,0.24589,1.20826,0.46251,0.43336,0.16298,0.05169,2.51634,0.33147,1.26134,0.52029,0.49023,0.10603
123.400000,6170,0.09921,2.45366,0.24263,1.20967,0.45015,0.43527,0.16135,0.08852,2.45450,0.24096,1.19175,0.46557,0.43613,0.17552,0.04897,2.50425,0.32646,1.24483,0.52333,0.49299,0.11857
123.500000,6175,0.09921,2.44069,0.23652,1.19326,0.45397,0.43680,0.17471,0.08524,2.44290,0.23626,1.17420,0.46878,0.43934,0.18855,0.04569,2.49266,0.32169,1.22728,0.52650,0.49615,0.13163
123.600000,6180,0.09578,2.42925,0.23385,1.17381,0.45778,0.43985,0.18730,0.08131,2.43178,0.23201,1.15564,0.47212,0.44285,0.20210,0.04186,2.48154,0.31714,1.20871,0.52981,0.49969,0.14521
123.700000,6185,0.08815,2.41551,0.22851,1.15283,0.46655,0.44405,0.19988,0.07689,2.42116,0.22782,1.13602,0.47558,0.44676,0.21625,0.03742,2.47092,0.31283,1.18908,0.53325,0.50362,0.15932
123.800000,6190,0.08472,2.40445,0.22203,1.13337,0.46922,0.44862,0.21362,0.07179,2.41108,0.22387,1.11530,0.47920,0.45110,0.23095,0.03232,2.46083,0.30876,1.16836,0.53682,0.50794,0.17399
123.900000,6195,0.08205,2.39415,0.22165,1.11201,0.47189,0.45129,0.23193,0.06596,2.40154,0.22012,1.09348,0.48295,0.45581,0.24621,0.02653,2.45129,0.30494,1.14653,0.54053,0.51266,0.18924
124.000000,6200,0.07365,2.38309,0.21974,1.08760,0.47266,0.45435,0.24604,0.05941,2.39254,0.21654,1.07051,0.48686,0.46093,0.26204,0.01999,2.44229,0.30136,1.12356,0.54439,0.51779,0.20508
124.100000,6205,0.06526,2.36897,0.21402,1.06356,0.47533,0.46236,0.25901,0.05209,2.38411,0.21356,1.04636,0.49087,0.46644,0.27853,0.01266,2.43386,0.29803,1.09938,0.54838,0.52334,0.22156
124.200000,6210,0.05725,2.36020,0.20906,1.03839,0.47685,0.46922,0.27732,0.04388,2.37625,0.21053,1.02092,0.49514,0.47248,0.29565,0.00448,2.42600,0.29495,1.07397,0.55252,0.52931,0.23869
124.300000,6215,0.04924,2.35600,0.20791,1.01283,0.48219,0.47380,0.29602,0.03472,2.36896,0.20770,0.99422,0.49951,0.47892,0.31346,-0.00460,2.41871,0.29212,1.04726,0.55682,0.53573,0.25652
124.400000,6220,0.04199,2.34761,0.20486,0.98383,0.49173,0.47991,0.31166,0.02465,2.36227,0.20513,0.96620,0.50401,0.48578,0.33203,-0.01465,2.41202,0.28954,1.01924,0.56127,0.54261,0.27505
124.500000,6225,0.02940,2.33578,0.20067,0.95522,0.49631,0.48830,0.32882,0.01361,2.35619,0.20278,0.93688,0.50871,0.49313,0.35127,-0.02567,2.40594,0.28722,0.98992,0.56586,0.54995,0.29428
124.600000,6230,0.01605,2.32663,0.19990,0.92547,0.49860,0.49669,0.34866,0.00147,2.35075,0.20135,0.90640,0.51352,0.50086,0.37107,-0.03767,2.40050,0.28515,0.95942,0.57058,0.55773,0.31412
124.700000,6235,0.00461,2.32281,0.19723,0.89419,0.50279,0.50241,0.36964,-0.01149,2.34597,0.19926,0.87496,0.51845,0.50910,0.39143,-0.05056,2.39572,0.28335,0.92799,0.57537,0.56590,0.33442
124.800000,6240,-0.00760,2.32205,0.19609,0.86176,0.50546,0.50852,0.39062,-0.02516,2.34187,0.19778,0.84307,0.52344,0.51753,0.41187,-0.06414,2.39162,0.28181,0.89610,0.58015,0.57433,0.35488
124.900000,6245,-0.02248,2.32167,0.19571,0.82934,0.51004,0.51882,0.41275,-0.03935,2.33876,0.19708,0.81139,0.52825,0.52599,0.43189,-0.07826,2.38851,0.28070,0.86441,0.58486,0.58285,0.37496
125.000000,6250,-0.03621,2.31595,0.19571,0.79920,0.51882,0.52606,0.43106,-0.05354,2.33677,0.19621,0.78073,0.53283,0.53431,0.45096,-0.09257,2.38653,0.28010,0.83372,0.58937,0.59121,0.39404
125.100000,6255,-0.05071,2.30794,0.19532,0.76601,0.52225,0.53408,0.44975,-0.06705,2.33484,0.19544,0.75207,0.53707,0.54224,0.46900,-0.10604,2.38460,0.27941,0.80505,0.59349,0.59918,0.41204
125.200000,6260,-0.06520,2.30527,0.19532,0.73778,0.52568,0.54476,0.46921,-0.07952,2.33370,0.19496,0.72608,0.54089,0.54954,0.48505,-0.11866,2.38346,0.27906,0.77905,0.59718,0.60650,0.42815
125.300000,6265,-0.07817,2.30527,0.19532,0.71413,0.52835,0.55048,0.48294,-0.08939,2.33019,0.19380,0.70435,0.54325,0.55499,0.49832,-0.12858,2.37994,0.27805,0.75729,0.59966,0.61211,0.44153
125.400000,6270,-0.08695,2.30260,0.19532,0.69353,0.52912,0.55353,0.49667,-0.10914,2.31842,0.19449,0.69042,0.54118,0.55597,0.50444,-0.13287,2.36817,0.27609,0.74355,0.59849,0.61257,0.44691
125.500000,6275,-0.11518,2.29039,0.19571,0.67789,0.52873,0.55315,0.50125,-0.16710,2.30112,0.19716,0.68310,0.53874,0.55207,0.50338,-0.13306,2.35087,0.27392,0.73623,0.59456,0.60894,0.44548
125.600000,6280,-0.16897,2.26788,0.19532,0.67331,0.52530,0.55277,0.50087,-0.17326,2.28382,0.19898,0.67816,0.53483,0.54747,0.50025,-0.13213,2.33357,0.27189,0.73129,0.59020,0.60450,0.44228
125.700000,6285,-0.18270,2.24385,0.19532,0.67370,0.52492,0.55086,0.50087,-0.17266,2.26824,0.19682,0.67381,0.53067,0.54359,0.49734,-0.13125,2.31800,0.27008,0.72695,0.58626,0.60046,0.43933
125.800000,6290,-0.17736,2.22859,0.19532,0.66607,0.52263,0.54666,0.49667,-0.17184,2.25387,0.19501,0.66980,0.52707,0.53994,0.49462,-0.13044,2.30362,0.26840,0.72294,0.58263,0.59674,0.43661
125.900000,6295,-0.17736,2.22058,0.19532,0.66492,0.52072,0.54628,0.49629,-0.17106,2.24020,0.19409,0.66598,0.52362,0.53640,0.49203,-0.12966,2.28995,0.26681,0.71912,0.57917,0.59320,0.43402
126.000000,6300,-0.17736,2.20570,0.19532,0.66072,0.51958,0.54056,0.49362,-0.17029,2.22691,0.19234,0.66227,0.52018,0.53296,0.48951,-0.12891,2.27666,0.26526,0.71541,0.57581,0.58975,0.43150
126.100000,6305,-0.17736,2.18815,0.19380,0.65844,0.51538,0.53903,0.49209,-0.16953,2.21380,0.19100,0.65861,0.51683,0.52957,0.48703,-0.12817,2.26356,0.26374,0.71175,0.57249,0.58636,0.42901
126.200000,6310,-0.17736,2.17556,0.18960,0.65233,0.51195,0.53255,0.48904,-0.16878,2.20078,0.18942,0.65498,0.51346,0.52618,0.48456,-0.12743,2.25053,0.26222,0.70811,0.56920,0.58299,0.42655
126.300000,6315,-0.17698,2.16412,0.18960,0.64852,0.50508,0.52759,0.48561,-0.16802,2.18779,0.18766,0.65135,0.51015,0.52283,0.48209,-0.12670,2.23754,0.26070,0.70449,0.56591,0.57962,0.42408
126.400000,6320,-0.17698,2.14734,0.18884,0.64547,0.50089,0.52454,0.48179,-0.16726,2.17481,0.18634,0.64773,0.50684,0.51948,0.47964,-0.12596,2.22457,0.25919,0.70087,0.56263,0.57626,0.42162
126.500000,6325,-0.17660,2.13551,0.18693,0.64013,0.49783,0.52378,0.47798,-0.16650,2.16186,0.18472,0.64412,0.50349,0.51616,0.47718,-0.12523,2.21162,0.25768,0.69725,0.55936,0.57290,0.41917
126.600000,6330,-0.17431,2.12368,0.18350,0.63631,0.49745,0.52034,0.47455,-0.16575,2.14893,0.18306,0.64050,0.50017,0.51281,0.47473,-0.12450,2.19868,0.25618,0.69364,0.55609,0.56955,0.41672
126.700000,6335,-0.17431,2.10652,0.18274,0.63326,0.49440,0.51691,0.47340,-0.16499,2.13601,0.18165,0.63690,0.49689,0.50945,0.47228,-0.12376,2.18577,0.25467,0.69004,0.55282,0.56621,0.41427
126.800000,6340,-0.17431,2.09393,0.18235,0.62868,0.49326,0.51348,0.47035,-0.16424,2.12312,0.18010,0.63330,0.49359,0.50613,0.46984,-0.12303,2.17287,0.25317,0.68643,0.54956,0.56287,0.41183
126.900000,6345,-0.16935,2.08363,0.18121,0.62677,0.49059,0.50852,0.46997,-0.16348,2.11024,0.17860,0.62970,0.49028,0.50282,0.46740,-0.12230,2.15999,0.25167,0.68284,0.54630,0.55953,0.40939
127.000000,6350,-0.16591,2.06913,0.17778,0.62143,0.48677,0.50318,0.46692,-0.16274,2.09738,0.17740,0.62611,0.48697,0.49946,0.46496,-0.12158,2.14713,0.25017,0.67925,0.54305,0.55620,0.40695
127.100000,6355,-0.16363,2.05273,0.17587,0.61571,0.47800,0.50203,0.46348,-0.16199,2.08453,0.17602,0.62253,0.48373,0.49613,0.46253,-0.12085,2.13429,0.24867,0.67566,0.53980,0.55287,0.40451
127.200000,6360,-0.16363,2.04205,0.17587,0.61380,0.47342,0.49860,0.46310,-0.16122,2.07171,0.17419,0.61895,0.48054,0.49288,0.46009,-0.12012,2.12146,0.24718,0.67208,0.53656,0.54955,0.40208
127.300000,6365,-0.16363,2.02908,0.17549,0.60999,0.47189,0.49478,0.46234,-0.16045,2.05890,0.17224,0.61537,0.47721,0.48955,0.45767,-0.11940,2.10865,0.24569,0.66851,0.53332,0.54623,0.39966
127.400000,6370,-0.16324,2.01382,0.17015,0.60465,0.47037,0.49402,0.45738,-0.15969,2.04611,0.17099,0.61181,0.47385,0.48619,0.45524,-0.11867,2.09586,0.24420,0.66494,0.53008,0.54292,0.39723
127.500000,6375,-0.16324,2.00276,0.16786,0.60083,0.46808,0.49173,0.45509,-0.15893,2.03334,0.16929,0.60824,0.47067,0.48295,0.45282,-0.11795,2.08309,0.24271,0.66137,0.52685,0.53961,0.39481
127.600000,6380,-0.16248,1.98940,0.16748,0.59893,0.46732,0.48639,0.45128,-0.15818,2.02058,0.16826,0.60470,0.46735,0.47961,0.45040,-0.11723,2.07034,0.24122,0.65781,0.52363,0.53631,0.39239
127.700000,6385,-0.16057,1.97300,0.16710,0.59320,0.46427,0.48105,0.44784,-0.15742,2.00784,0.16636,0.60115,0.46413,0.47632,0.44799,-0.11651,2.05760,0.23974,0.65426,0.52040,0.53301,0.38998
127.800000,6390,-0.16057,1.96194,0.16328,0.58939,0.46045,0.47724,0.44708,-0.15665,1.99512,0.16501,0.59761,0.46092,0.47304,0.44558,-0.11579,2.04488,0.23826,0.65070,0.51719,0.52971,0.38757
127.900000,6395,-0.16057,1.95240,0.16328,0.58748,0.45549,0.47380,0.44479,-0.15590,1.98242,0.16356,0.59407,0.45770,0.46979,0.44317,-0.11507,2.03217,0.23678,0.64716,0.51397,0.52642,0.38516
128.000000,6400,-0.15828,1.93600,0.16252,0.58252,0.44862,0.47151,0.44136,-0.15513,1.96973,0.16213,0.59055,0.45438,0.46644,0.44077,-0.11435,2.01948,0.23530,0.64362,0.51076,0.52313,0.38275
128.100000,6405,-0.15790,1.92265,0.16214,0.57756,0.44557,0.46922,0.43945,-0.15435,1.95706,0.16046,0.58700,0.45122,0.46326,0.43836,-0.11363,2.00681,0.23382,0.64008,0.50756,0.51985,0.38035
128.200000,6410,-0.15790,1.91311,0.16099,0.57451,0.44519,0.46465,0.43678,-0.15357,1.94440,0.15884,0.58348,0.44796,0.45995,0.43597,-0.11291,1.99416,0.23235,0.63655,0.50436,0.51657,0.37795
128.300000,6415,-0.15752,1.90014,0.16061,0.57108,0.44252,0.46159,0.43297,-0.15282,1.93177,0.15740,0.57996,0.44477,0.45671,0.43357,-0.11220,1.98152,0.23087,0.63302,0.50116,0.51330,0.37556
128.400000,6420,-0.15752,1.88374,0.15603,0.56726,0.44099,0.45816,0.42915,-0.15201,1.91914,0.15582,0.57645,0.44148,0.45343,0.43118,-0.11148,1.96890,0.22940,0.62949,0.49797,0.51003,0.37317
128.500000,6425,-0.15485,1.87305,0.15603,0.56421,0.43832,0.45435,0.42534,-0.15127,1.90654,0.15456,0.57294,0.43834,0.45020,0.42879,-0.11077,1.95629,0.22794,0.62598,0.49478,0.50676,0.37078
128.600000,6430,-0.14913,1.86161,0.15603,0.55963,0.43794,0.44939,0.42457,-0.15046,1.89395,0.15280,0.56944,0.43508,0.44693,0.42640,-0.11006,1.94370,0.22647,0.62246,0.49160,0.50350,0.36839
128.700000,6435,-0.14913,1.84597,0.15413,0.55582,0.43298,0.44786,0.42152,-0.14967,1.88137,0.15155,0.56595,0.43187,0.44363,0.42402,-0.10935,1.93112,0.22500,0.61895,0.48842,0.50025,0.36601
128.800000,6440,-0.14913,1.83376,0.14955,0.55200,0.42345,0.44557,0.41809,-0.14891,1.86881,0.15011,0.56245,0.42871,0.44041,0.42164,-0.10863,1.91857,0.22354,0.61544,0.48524,0.49699,0.36363
128.900000,6445,-0.14684,1.82346,0.14955,0.54819,0.41963,0.44214,0.41732,-0.14809,1.85627,0.14840,0.55895,0.42550,0.43721,0.41926,-0.10792,1.90602,0.22208,0.61194,0.48207,0.49374,0.36125
129.000000,6450,-0.14684,1.81049,0.14955,0.54476,0.41925,0.43871,0.41504,-0.14729,1.84374,0.14693,0.55547,0.42228,0.43395,0.41689,-0.10722,1.89350,0.22062,0.60845,0.47890,0.49050,0.35888
129.100000,6455,-0.14684,1.79485,0.14955,0.54094,0.41734,0.43527,0.41389,-0.14648,1.83123,0.14527,0.55199,0.41912,0.43073,0.41452,-0.10651,1.88098,0.21916,0.60495,0.47573,0.48726,0.35650
129.200000,6460,-0.14646,1.78684,0.14421,0.53713,0.41544,0.43298,0.41084,-0.14567,1.81873,0.14384,0.54851,0.41592,0.42752,0.41215,-0.10580,1.86849,0.21770,0.60146,0.47257,0.48402,0.35414
129.300000,6465,-0.14417,1.77425,0.14383,0.53522,0.41467,0.42688,0.41046,-0.14486,1.80625,0.14230,0.54505,0.41270,0.42423,0.40978,-0.10509,1.85600,0.21625,0.59798,0.46942,0.48079,0.35177
129.400000,6470,-0.14417,1.75823,0.14344,0.53102,0.41162,0.42345,0.40664,-0.14404,1.79378,0.14088,0.54158,0.40954,0.42102,0.40742,-0.10439,1.84354,0.21480,0.59450,0.46626,0.47756,0.34941
129.500000,6475,-0.14379,1.74526,0.14306,0.52645,0.40704,0.42001,0.40321,-0.14324,1.78133,0.13945,0.53812,0.40638,0.41781,0.40506,-0.10368,1.83109,0.21335,0.59102,0.46311,0.47433,0.34705
129.600000,6480,-0.14379,1.73877,0.14192,0.52339,0.39903,0.41887,0.40245,-0.14242,1.76889,0.13821,0.53465,0.40327,0.41463,0.40270,-0.10298,1.81865,0.21190,0.58755,0.45997,0.47111,0.34469
129.700000,6485,-0.14112,1.72542,0.14116,0.52034,0.39560,0.41429,0.40054,-0.14159,1.75647,0.13673,0.53121,0.40004,0.41140,0.40035,-0.10227,1.80622,0.21045,0.58408,0.45683,0.46789,0.34234
129.800000,6490,-0.14150,1.70673,0.13658,0.51653,0.39255,0.41200,0.39520,-0.14063,1.74406,0.13507,0.52778,0.39683,0.40815,0.39800,-0.10157,1.79382,0.20900,0.58062,0.45369,0.46468,0.33998
129.900000,6495,-0.14112,1.69758,0.13467,0.51233,0.39217,0.40781,0.39444,-0.13979,1.73167,0.13335,0.52432,0.39372,0.40500,0.39565,-0.10087,1.78142,0.20756,0.57716,0.45055,0.46147,0.33763
130.000000,6500,-0.14112,1.68689,0.13429,0.50928,0.39026,0.40399,0.39215,-0.13897,1.71929,0.13212,0.52088,0.39058,0.40179,0.39330,-0.10017,1.76904,0.20612,0.57370,0.44742,0.45826,0.33529
130.100000,6505,-0.13807,1.67049,0.13238,0.50546,0.38873,0.40018,0.39024,-0.13801,1.70692,0.13045,0.51745,0.38738,0.39858,0.39096,-0.09947,1.75668,0.20468,0.57025,0.44430,0.45506,0.33294
130.200000,6510,-0.13578,1.65943,0.13047,0.50165,0.38530,0.39751,0.38757,-0.13713,1.69457,0.12918,0.51402,0.38427,0.39542,0.38862,-0.09877,1.74432,0.20324,0.56680,0.44117,0.45186,0.33060
130.300000,6515,-0.13234,1.65218,0.13009,0.49783,0.38416,0.39484,0.38490,-0.13621,1.68223,0.12767,0.51060,0.38110,0.39221,0.38628,-0.09807,1.73199,0.20180,0.56336,0.43805,0.44866,0.32827
130.400000,6520,-0.13044,1.63921,0.13009,0.49478,0.37805,0.39064,0.38376,-0.13525,1.66991,0.12625,0.50717,0.37802,0.38903,0.38394,-0.09737,1.71966,0.20036,0.55992,0.43493,0.44547,0.32593
130.500000,6525,-0.13044,1.62166,0.12857,0.49059,0.37042,0.38950,0.37956,-0.13414,1.65760,0.12467,0.50378,0.37482,0.38580,0.38161,-0.09668,1.70735,0.19893,0.55648,0.43182,0.44228,0.32360
130.600000,6530,-0.13006,1.61136,0.12399,0.48677,0.36813,0.38759,0.37689,-0.13303,1.64530,0.12286,0.50034,0.37170,0.38269,0.37928,-0.09598,1.69505,0.19750,0.55305,0.42871,0.43909,0.32127
130.700000,6535,-0.13006,1.60183,0.12361,0.48296,0.36661,0.38263,0.37307,-0.13214,1.63302,0.12141,0.49692,0.36860,0.37954,0.37695,-0.09528,1.68277,0.19607,0.54962,0.42560,0.43591,0.31894
130.800000,6540,-0.12739,1.58733,0.12323,0.47991,0.36508,0.38034,0.36926,-0.13100,1.62074,0.12023,0.49354,0.36544,0.37632,0.37462,-0.09459,1.67049,0.19464,0.54619,0.42250,0.43273,0.31661
130.900000,6545,-0.12700,1.57398,0.12132,0.47647,0.36279,0.37424,0.36621,-0.12971,1.60842,0.11840,0.49010,0.36230,0.37319,0.37229,-0.09389,1.65817,0.19320,0.54275,0.41938,0.42954,0.31427
131.000000,6550,-0.12471,1.57131,0.11789,0.47189,0.36241,0.37080,0.36583,-0.12838,1.59596,0.11667,0.48663,0.35914,0.37001,0.36993,-0.09319,1.64571,0.19175,0.53928,0.41623,0.42631,0.31191
131.100000,6555,-0.12471,1.55681,0.11750,0.46961,0.35898,0.36699,0.36506,-0.12681,1.58321,0.11537,0.48316,0.35585,0.36657,0.36751,-0.09246,1.63296,0.19026,0.53572,0.41300,0.42301,0.30950
131.200000,6560,-0.12433,1.53583,0.11674,0.46541,0.35326,0.36623,0.36163,-0.12468,1.56986,0.11358,0.47947,0.35242,0.36310,0.36498,-0.09171,1.61961,0.18871,0.53199,0.40963,0.41955,0.30697
131.300000,6565,-0.12319,1.52477,0.11521,0.46045,0.34563,0.36356,0.35896,-0.12197,1.55548,0.11141,0.47546,0.34875,0.35944,0.36225,-0.09089,1.60523,0.18703,0.52798,0.40599,0.41582,0.30424
131.400000,6570,-0.11327,1.51485,0.11483,0.45740,0.34219,0.35821,0.35858,-0.11417,1.53949,0.10814,0.47102,0.34459,0.35537,0.35922,-0.08999,1.58924,0.18517,0.52351,0.40195,0.41168,0.30121
131.500000,6575,-0.09382,1.49539,0.11026,0.45244,0.33914,0.35478,0.35476,-0.05827,1.52127,0.10151,0.46673,0.33947,0.35065,0.35559,-0.08896,1.57102,0.18305,0.51843,0.39734,0.40696,0.29776
131.600000,6580,-0.05071,1.47403,0.10377,0.44595,0.33609,0.34753,0.35057,-0.04676,1.50026,0.09681,0.46124,0.33402,0.34518,0.35145,-0.08777,1.55001,0.18060,0.51256,0.39203,0.40152,0.29378
131.700000,6585,-0.04155,1.46030,0.10186,0.44138,0.33342,0.34029,0.34637,-0.04494,1.47614,0.09366,0.45446,0.32791,0.33886,0.34681,-0.08640,1.52589,0.17779,0.50583,0.38593,0.39527,0.28920
131.800000,6590,-0.04117,1.43436,0.09614,0.43260,0.32541,0.33685,0.34065,-0.04337,1.44895,0.09023,0.44693,0.32104,0.33174,0.34167,-0.08486,1.49871,0.17462,0.49824,0.37905,0.38823,0.28405
131.900000,6595,-0.03774,1.40346,0.09118,0.42459,0.31435,0.32846,0.33569,-0.04168,1.41911,0.08628,0.43875,0.31349,0.32396,0.33604,-0.08317,1.46887,0.17114,0.48991,0.37150,0.38050,0.27840
132.000000,6600,-0.03202,1.37447,0.08889,0.41696,0.31015,0.31930,0.33416,-0.03988,1.38733,0.08246,0.43007,0.30545,0.31568,0.33003,-0.08137,1.43708,0.16744,0.48103,0.36346,0.37227,0.27237
132.100000,6605,-0.03049,1.34547,0.08584,0.40743,0.30328,0.31282,0.32463,-0.03802,1.35450,0.07866,0.42092,0.29715,0.30728,0.32377,-0.07951,1.40425,0.16362,0.47187,0.35516,0.36376,0.26615
132.200000,6610,-0.03049,1.31267,0.08393,0.39789,0.29108,0.30366,0.31547,-0.03616,1.32163,0.07489,0.41208,0.28884,0.29871,0.31756,-0.07765,1.37138,0.15979,0.46270,0.34685,0.35525,0.25992
132.300000,6615,-0.02973,1.27872,0.07897,0.38873,0.28535,0.29298,0.31166,-0.03435,1.28972,0.07111,0.40340,0.28076,0.29051,0.31151,-0.07584,1.33947,0.15607,0.45379,0.33878,0.34698,0.25387
132.400000,6620,-0.02744,1.24782,0.07745,0.38072,0.28078,0.28573,0.30555,-0.03265,1.25967,0.06791,0.39552,0.27317,0.28271,0.30580,-0.07414,1.30943,0.15257,0.44540,0.33118,0.33920,0.24818
132.500000,6625,-0.02744,1.21997,0.07554,0.37233,0.27086,0.27963,0.29792,-0.03110,1.23223,0.06562,0.38864,0.26623,0.27556,0.30060,-0.07259,1.28199,0.14937,0.43774,0.32424,0.33209,0.24298
132.600000,6630,-0.02515,1.19174,0.07135,0.36508,0.26094,0.26971,0.29335,-0.02972,1.20785,0.06287,0.38230,0.26006,0.26933,0.29597,-0.07121,1.25760,0.14653,0.43093,0.31807,0.32577,0.23835
132.700000,6635,-0.02515,1.16847,0.07058,0.35936,0.25789,0.26552,0.28991,-0.02851,1.18661,0.06084,0.37670,0.25469,0.26398,0.29189,-0.07001,1.23637,0.14405,0.42500,0.31270,0.32027,0.23433
132.800000,6640,-0.02477,1.14863,0.06906,0.35402,0.25598,0.25941,0.28686,-0.02747,1.16826,0.05907,0.37207,0.25005,0.25930,0.28841,-0.06897,1.21802,0.14192,0.41988,0.30806,0.31552,0.23085
132.900000,6645,-0.02362,1.13261,0.06562,0.35059,0.25026,0.25674,0.28305,-0.02657,1.15227,0.05772,0.36827,0.24600,0.25519,0.28536,-0.06806,1.20202,0.14005,0.41542,0.30401,0.31138,0.22782
133.000000,6650,-0.01943,1.12117,0.06524,0.34639,0.24263,0.25140,0.28228,-0.02576,1.13801,0.05629,0.36464,0.24239,0.25157,0.28263,-0.06725,1.18776,0.13839,0.41144,0.30041,0.30768,0.22512
133.100000,6655,-0.01676,1.10476,0.06524,0.34334,0.23652,0.24682,0.27923,-0.02502,1.12489,0.05492,0.36161,0.23908,0.24816,0.28016,-0.06651,1.17464,0.13686,0.40777,0.29709,0.30428,0.22263
133.200000,6660,-0.01638,1.09217,0.06448,0.33990,0.23538,0.24263,0.27542,-0.02431,1.11245,0.05364,0.35819,0.23593,0.24504,0.27775,-0.06581,1.16220,0.13541,0.40430,0.29394,0.30106,0.22027
133.300000,6665,-0.01638,1.08569,0.06448,0.33685,0.23500,0.23919,0.27427,-0.02363,1.10037,0.05228,0.35508,0.23288,0.24192,0.27545,-0.06512,1.15012,0.13401,0.40093,0.29089,0.29793,0.21798
133.400000,6670,-0.01599,1.07157,0.06448,0.33418,0.23233,0.23576,0.27084,-0.02296,1.08847,0.05113,0.35252,0.22986,0.23879,0.27319,-0.06445,1.13822,0.13262,0.39761,0.28788,0.29485,0.21573
133.500000,6675,-0.01409,1.05708,0.05876,0.33227,0.23118,0.23347,0.26741,-0.02229,1.07664,0.04968,0.34976,0.22687,0.23568,0.27095,-0.06378,1.12639,0.13124,0.39431,0.28489,0.29178,0.21349
133.600000,6680,-0.01409,1.04716,0.05799,0.32846,0.22813,0.23195,0.26435,-0.02162,1.06483,0.04847,0.34658,0.22389,0.23269,0.26868,-0.06311,1.11459,0.12987,0.39101,0.28190,0.28873,0.21125
133.700000,6685,-0.01409,1.04106,0.05799,0.32579,0.22699,0.23004,0.26321,-0.02095,1.05303,0.04714,0.34359,0.22090,0.22965,0.26644,-0.06244,1.10279,0.12849,0.38772,0.27891,0.28567,0.20901
133.800000,6690,-0.01371,1.02885,0.05799,0.32350,0.22050,0.22394,0.26054,-0.02028,1.04124,0.04581,0.34115,0.21792,0.22652,0.26421,-0.06178,1.09099,0.12712,0.38442,0.27593,0.28261,0.20678
133.900000,6695,-0.01371,1.01321,0.05265,0.32045,0.21325,0.22279,0.25978,-0.01961,1.02945,0.04462,0.33885,0.21494,0.22346,0.26193,-0.06111,1.07921,0.12574,0.38113,0.27295,0.27956,0.20454
134.000000,6700,-0.01332,1.00405,0.05151,0.31930,0.21173,0.21898,0.25672,-0.01895,1.01767,0.04324,0.33556,0.21196,0.22049,0.25968,-0.06044,1.06743,0.12437,0.37784,0.26997,0.27651,0.20231
134.100000,6705,-0.01104,0.99566,0.05151,0.31473,0.20944,0.21325,0.25596,-0.01828,1.00590,0.04183,0.33267,0.20898,0.21742,0.25746,-0.05977,1.05565,0.12300,0.37456,0.26699,0.27346,0.20008
134.200000,6710,-0.01104,0.98193,0.05151,0.31358,0.20829,0.20982,0.25291,-0.01761,0.99413,0.04072,0.33108,0.20601,0.21430,0.25518,-0.05911,1.04388,0.12163,0.37127,0.26402,0.27041,0.19785
134.300000,6715,-0.01104,0.96858,0.04922,0.31282,0.20562,0.20944,0.25176,-0.01695,0.98237,0.04015,0.33108,0.20303,0.21113,0.25286,-0.05844,1.03212,0.12026,0.36799,0.26104,0.26736,0.19562
134.400000,6720,-0.01104,0.96056,0.04579,0.31282,0.20524,0.20639,0.24795,-0.01628,0.97061,0.03894,0.32849,0.20006,0.20817,0.25056,-0.05778,1.02037,0.11889,0.36471,0.25807,0.26432,0.19339
134.500000,6725,-0.00989,0.95332,0.04579,0.30900,0.20257,0.20334,0.24604,-0.01562,0.95886,0.03754,0.32611,0.19709,0.20514,0.24832,-0.05711,1.00861,0.11752,0.36143,0.25510,0.26128,0.19116
134.600000,6730,-0.00875,0.93920,0.04502,0.30633,0.19914,0.20143,0.24490,-0.01495,0.94712,0.03688,0.32622,0.19411,0.20202,0.24600,-0.05645,0.99687,0.11615,0.35815,0.25213,0.25823,0.18894
134.700000,6735,-0.00875,0.92471,0.04464,0.30672,0.19380,0.19800,0.24108,-0.01429,0.93538,0.03837,0.34331,0.19115,0.19866,0.24300,-0.05578,0.98513,0.11478,0.35487,0.24916,0.25519,0.18671
134.800000,6740,-0.00951,0.91631,0.04502,0.33227,0.18693,0.19113,0.23040,-0.01362,0.92364,0.07010,0.39909,0.18818,0.19476,0.17787,-0.05512,0.97339,0.11341,0.35159,0.24619,0.25215,0.18449
134.900000,6745,-0.00264,0.90563,0.06867,0.37462,0.18579,0.18884,0.16097,-0.01296,0.91191,0.13717,0.40121,0.18523,0.19144,0.12648,-0.05445,0.96166,0.11205,0.34832,0.24322,0.24911,0.18227
135.000000,6750,-0.00035,0.89228,0.11521,0.37653,0.18312,0.18617,0.12550,-0.01229,0.90019,0.15270,0.39817,0.18225,0.18842,0.12213,-0.05379,0.94994,0.11068,0.34505,0.24026,0.24608,0.18004
135.100000,6755,-0.00035,0.88274,0.13429,0.37271,0.18274,0.18121,0.11634,-0.01163,0.88847,0.14733,0.39491,0.17928,0.18540,0.11981,-0.05312,0.93822,0.10932,0.34178,0.23729,0.24304,0.17782
135.200000,6760,-0.00035,0.87473,0.13620,0.37157,0.17968,0.18083,0.11367,-0.01097,0.87675,0.14292,0.39164,0.17632,0.18237,0.11759,-0.05246,0.92650,0.10795,0.33850,0.23433,0.24000,0.17560
135.300000,6765,-0.00035,0.86634,0.13620,0.36813,0.17892,0.17663,0.11062,-0.01030,0.86504,0.13961,0.38837,0.17336,0.17934,0.11537,-0.05180,0.91479,0.10659,0.33524,0.23137,0.23697,0.17338
135.400000,6770,-0.00035,0.84917,0.13620,0.36699,0.17587,0.17320,0.10986,-0.00964,0.85333,0.13753,0.38510,0.17039,0.17630,0.11315,-0.05114,0.90308,0.10522,0.33197,0.22841,0.23394,0.17116
135.500000,6775,-0.00035,0.83620,0.13581,0.36356,0.17473,0.17167,0.10680,-0.00898,0.84163,0.13611,0.38184,0.16743,0.17328,0.11093,-0.05047,0.89138,0.10386,0.32870,0.22545,0.23091,0.16894
135.600000,6780,-0.00035,0.82896,0.13620,0.35974,0.16824,0.16824,0.10642,-0.00832,0.82993,0.13483,0.37857,0.16448,0.17027,0.10872,-0.04981,0.87968,0.10250,0.32543,0.22249,0.22788,0.16673
135.700000,6785,-0.00035,0.82247,0.13581,0.35745,0.16366,0.16290,0.10375,-0.00765,0.81824,0.13352,0.37531,0.16152,0.16723,0.10650,-0.04915,0.86799,0.10113,0.32217,0.21953,0.22485,0.16451
135.800000,6790,0.00003,0.80797,0.13581,0.35440,0.15908,0.16061,0.10299,-0.00699,0.80654,0.13187,0.37204,0.15856,0.16421,0.10428,-0.04849,0.85630,0.09977,0.31891,0.21657,0.22182,0.16229
135.900000,6795,0.00003,0.79233,0.13581,0.35211,0.15680,0.15832,0.09956,-0.00633,0.79486,0.13057,0.36878,0.15561,0.16119,0.10207,-0.04782,0.84461,0.09841,0.31564,0.21362,0.21879,0.16008
136.000000,6800,0.00003,0.78547,0.13581,0.34791,0.15603,0.15527,0.09841,-0.00567,0.78317,0.12923,0.36552,0.15265,0.15816,0.09985,-0.04716,0.83292,0.09705,0.31238,0.21066,0.21576,0.15787
136.100000,6805,0.00003,0.77555,0.13581,0.34524,0.15336,0.15336,0.09574,-0.00501,0.77149,0.12817,0.36226,0.14970,0.15513,0.09764,-0.04650,0.82124,0.09569,0.30912,0.20771,0.21274,0.15565
136.200000,6810,0.00041,0.76182,0.13581,0.34257,0.15222,0.14955,0.09574,-0.00435,0.75981,0.12646,0.35900,0.14674,0.15208,0.09543,-0.04584,0.80957,0.09433,0.30586,0.20475,0.20971,0.15344
136.300000,6815,0.00041,0.74923,0.13505,0.33876,0.14955,0.14611,0.09193,-0.00369,0.74814,0.12504,0.35574,0.14379,0.14907,0.09321,-0.04518,0.79789,0.09297,0.30260,0.20180,0.20669,0.15122
136.400000,6820,0.00041,0.74198,0.13238,0.33571,0.14802,0.14383,0.08849,-0.00302,0.73646,0.12315,0.35248,0.14084,0.14608,0.09100,-0.04452,0.78622,0.09161,0.29934,0.19885,0.20366,0.14901
136.500000,6825,0.00270,0.73588,0.13200,0.33266,0.14497,0.13772,0.08811,-0.00236,0.72480,0.12108,0.34922,0.13789,0.14306,0.08879,-0.04386,0.77455,0.09025,0.29609,0.19590,0.20064,0.14680
136.600000,6830,0.00270,0.72024,0.13047,0.33037,0.13810,0.13543,0.08620,-0.00170,0.71313,0.11996,0.34596,0.13493,0.14002,0.08658,-0.04320,0.76288,0.08889,0.29283,0.19295,0.19762,0.14459
136.700000,6835,0.00270,0.70498,0.13009,0.32579,0.13124,0.13467,0.08086,-0.00104,0.70146,0.11968,0.34271,0.13198,0.13699,0.08437,-0.04254,0.75122,0.08753,0.28957,0.19000,0.19460,0.14238
136.800000,6840,0.00270,0.69658,0.13009,0.32312,0.13047,0.13162,0.08010,-0.00038,0.68980,0.11738,0.33945,0.12903,0.13400,0.08216,-0.04188,0.73955,0.08617,0.28632,0.18705,0.19158,0.14017
136.900000,6845,0.00308,0.69010,0.13009,0.32007,0.12971,0.12819,0.07743,0.00028,0.67814,0.11610,0.33620,0.12609,0.13098,0.07995,-0.04122,0.72789,0.08481,0.28306,0.18410,0.18856,0.13796
137.000000,6850,0.00308,0.67598,0.12971,0.31740,0.12704,0.12628,0.07667,0.00094,0.66648,0.11502,0.33294,0.12314,0.12793,0.07774,-0.04056,0.71623,0.08345,0.27981,0.18115,0.18554,0.13575
137.100000,6855,0.00537,0.66225,0.12361,0.31358,0.12628,0.12246,0.07362,0.00160,0.65482,0.11252,0.32969,0.12019,0.12495,0.07553,-0.03990,0.70458,0.08209,0.27655,0.17820,0.18252,0.13354
137.200000,6860,0.00575,0.65577,0.12361,0.31282,0.12323,0.11941,0.07323,0.00226,0.64317,0.11165,0.32643,0.11724,0.12193,0.07332,-0.03924,0.69292,0.08073,0.27330,0.17525,0.17950,0.13133
137.300000,6865,0.00575,0.64547,0.12361,0.30710,0.12284,0.11331,0.07095,0.00292,0.63151,0.10959,0.32318,0.11429,0.11891,0.07111,-0.03858,0.68127,0.07938,0.27005,0.17230,0.17648,0.12912
137.400000,6870,0.00575,0.63135,0.12170,0.30328,0.11712,0.11102,0.06866,0.00358,0.61986,0.10945,0.31993,0.11135,0.11586,0.06890,-0.03792,0.66961,0.07802,0.26679,0.16936,0.17346,0.12691
137.500000,6875,0.00613,0.61914,0.12132,0.30137,0.10835,0.10911,0.06599,0.00424,0.60821,0.10946,0.31668,0.10840,0.11286,0.06669,-0.03726,0.65796,0.07666,0.26354,0.16641,0.17044,0.12470
137.600000,6880,0.00804,0.61037,0.11789,0.29832,0.10568,0.10568,0.06560,0.00490,0.59656,0.10580,0.31342,0.10545,0.10987,0.06448,-0.03660,0.64631,0.07530,0.26029,0.16346,0.16742,0.12250
137.700000,6885,0.00804,0.60312,0.11712,0.29603,0.10415,0.10224,0.06408,0.00556,0.58491,0.10458,0.31017,0.10251,0.10685,0.06228,-0.03594,0.63466,0.07395,0.25704,0.16052,0.16440,0.12029
137.800000,6890,0.00804,0.58939,0.11712,0.29146,0.10263,0.10110,0.06026,0.00622,0.57326,0.10271,0.30692,0.09956,0.10383,0.06007,-0.03528,0.62301,0.07259,0.25378,0.15757,0.16139,0.11808
137.900000,6895,0.00842,0.57527,0.11369,0.28879,0.10110,0.09881,0.05759,0.00688,0.56161,0.10080,0.30367,0.09661,0.10080,0.05786,-0.03462,0.61136,0.07123,0.25053,0.15462,0.15837,0.11587
138.000000,6900,0.00842,0.56612,0.11140,0.28650,0.10034,0.09462,0.05492,0.00754,0.54996,0.10010,0.30042,0.09367,0.09780,0.05565,-0.03396,0.59971,0.06988,0.24728,0.15168,0.15535,0.11366
138.100000,6905,0.00956,0.55735,0.11102,0.28268,0.09767,0.09271,0.05378,0.00820,0.53831,0.09899,0.29716,0.09072,0.09479,0.05345,-0.03330,0.58807,0.06852,0.24403,0.14873,0.15233,0.11146
138.200000,6910,0.01147,0.54476,0.11026,0.28078,0.09614,0.08660,0.05149,0.00886,0.52666,0.09641,0.29391,0.08777,0.09177,0.05124,-0.03264,0.57642,0.06716,0.24078,0.14579,0.14932,0.10925
138.300000,6915,0.01414,0.53217,0.10987,0.27734,0.08889,0.08317,0.05073,0.00951,0.51502,0.09471,0.29066,0.08483,0.08878,0.04903,-0.03198,0.56477,0.06580,0.23752,0.14284,0.14630,0.10704
138.400000,6920,0.01376,0.52416,0.10453,0.27429,0.08165,0.08241,0.04768,0.01017,0.50337,0.09439,0.28741,0.08188,0.08575,0.04682,-0.03132,0.55312,0.06445,0.23427,0.13989,0.14328,0.10483
138.500000,6925,0.01414,0.51462,0.10453,0.26971,0.07897,0.07783,0.04691,0.01083,0.49172,0.09263,0.28416,0.07894,0.08273,0.04461,-0.03066,0.54147,0.06309,0.23102,0.13695,0.14026,0.10263
138.600000,6930,0.01414,0.50089,0.10377,0.26781,0.07821,0.07554,0.04539,0.01149,0.48007,0.09069,0.28090,0.07599,0.07973,0.04241,-0.03000,0.52982,0.06173,0.22777,0.13400,0.13725,0.10042
138.700000,6935,0.01681,0.48792,0.10377,0.26361,0.07707,0.07478,0.04348,0.01215,0.46842,0.08922,0.27765,0.07304,0.07671,0.04020,-0.02934,0.51817,0.06037,0.22452,0.13105,0.13423,0.09821
138.800000,6940,0.01719,0.47876,0.10377,0.26170,0.07478,0.07287,0.04310,0.01281,0.45677,0.08853,0.27440,0.07010,0.07369,0.03799,-0.02868,0.50652,0.05902,0.22126,0.12811,0.13121,0.09600
138.900000,6945,0.01872,0.47113,0.10377,0.25789,0.07402,0.06753,0.03928,0.01347,0.44511,0.08711,0.27115,0.06715,0.07068,0.03578,-0.02802,0.49487,0.05766,0.21801,0.12516,0.12819,0.09379
139.000000,6950,0.01910,0.45778,0.09805,0.25483,0.07096,0.06372,0.03585,0.01413,0.43346,0.08499,0.26789,0.06420,0.06763,0.03357,-0.02736,0.48321,0.05630,0.21476,0.12221,0.12517,0.09158
139.100000,6955,0.01910,0.44405,0.09690,0.25216,0.06715,0.05990,0.03165,0.01479,0.42180,0.08448,0.26464,0.06125,0.06460,0.03136,-0.02670,0.47156,0.05494,0.21150,0.11927,0.12215,0.08937
139.200000,6960,0.01910,0.43604,0.09538,0.24835,0.06028,0.05647,0.02860,0.01545,0.41015,0.08371,0.26139,0.05831,0.06161,0.02915,-0.02604,0.45990,0.05358,0.20825,0.11632,0.11913,0.08717
139.300000,6965,0.01948,0.42650,0.09233,0.24568,0.05570,0.05303,0.02746,0.01611,0.39849,0.08131,0.25813,0.05536,0.05860,0.02694,-0.02538,0.44824,0.05223,0.20500,0.11337,0.11611,0.08496
139.400000,6970,0.01986,0.41315,0.09118,0.24301,0.05265,0.05113,0.02517,0.01677,0.38683,0.08045,0.25488,0.05241,0.05555,0.02473,-0.02472,0.43658,0.05087,0.20174,0.11042,0.11309,0.08275
139.500000,6975,0.02025,0.40170,0.09080,0.23996,0.05227,0.04922,0.02250,0.01743,0.37517,0.07843,0.25162,0.04946,0.05257,0.02252,-0.02406,0.42492,0.04951,0.19849,0.10747,0.11007,0.08054
139.600000,6980,0.02215,0.39217,0.09042,0.23538,0.04960,0.04808,0.02135,0.01809,0.36350,0.07689,0.24836,0.04651,0.04955,0.02031,-0.02340,0.41325,0.04815,0.19523,0.10452,0.10705,0.07832
139.700000,6985,0.02215,0.38263,0.08889,0.23424,0.04884,0.04350,0.02097,0.01875,0.35184,0.07492,0.24511,0.04356,0.04654,0.01810,-0.02274,0.40159,0.04679,0.19197,0.10157,0.10403,0.07611
139.800000,6990,0.02215,0.37042,0.08470,0.22966,0.04769,0.04045,0.01868,0.01942,0.34017,0.07326,0.24185,0.04061,0.04350,0.01589,-0.02208,0.38992,0.04543,0.18871,0.09862,0.10101,0.07390
139.900000,6995,0.02215,0.35745,0.08393,0.22661,0.04502,0.03739,0.01639,0.02008,0.32849,0.07165,0.23859,0.03765,0.04050,0.01368,-0.02142,0.37825,0.04407,0.18546,0.09567,0.09798,0.07169
140.000000,7000,0.02253,0.34677,0.08393,0.22394,0.03968,0.03243,0.01296,0.02074,0.31682,0.07163,0.23533,0.03470,0.03745,0.01147,-0.02076,0.36657,0.04271,0.18220,0.09271,0.09496,0.06948
140.100000,7005,0.02253,0.33838,0.08241,0.22127,0.03243,0.02900,0.00991,0.02140,0.30514,0.07037,0.23207,0.03175,0.03445,0.00925,-0.02010,0.35489,0.04135,0.17894,0.08976,0.09193,0.06726
140.200000,7010,0.02482,0.32693,0.08203,0.21745,0.02900,0.02633,0.00609,0.02206,0.29346,0.06838,0.22881,0.02879,0.03142,0.00704,-0.01943,0.34321,0.03999,0.17568,0.08680,0.08891,0.06505
140.300000,7015,0.02482,0.31320,0.07783,0.21554,0.02633,0.02366,0.00495,0.02272,0.28178,0.06573,0.22555,0.02584,0.02842,0.00482,-0.01877,0.33153,0.03863,0.17241,0.08385,0.08588,0.06283
140.400000,7020,0.02482,0.30443,0.07783,0.21097,0.02557,0.02213,0.00266,0.02338,0.27009,0.06457,0.22229,0.02288,0.02539,0.00261,-0.01811,0.31984,0.03727,0.16915,0.08089,0.08285,0.06062
140.500000,7025,0.02482,0.29413,0.07745,0.20906,0.02290,0.01870,0.00152,0.02405,0.25840,0.06342,0.21902,0.01992,0.02236,0.00039,-0.01745,0.30815,0.03590,0.16589,0.07794,0.07982,0.05840
140.600000,7030,0.02482,0.28078,0.07745,0.20715,0.02213,0.01527,-0.00077,0.02471,0.24670,0.06257,0.21576,0.01697,0.01929,-0.00182,-0.01679,0.29645,0.03454,0.16262,0.07498,0.07679,0.05619
140.700000,7035,0.02597,0.26895,0.07402,0.20257,0.01946,0.01374,-0.00115,0.02537,0.23500,0.06048,0.21249,0.01401,0.01629,-0.00404,-0.01612,0.28476,0.03318,0.15936,0.07202,0.07376,0.05397
140.800000,7040,0.02940,0.26018,0.07096,0.20067,0.01832,0.00726,-0.00344,0.02603,0.22330,0.05824,0.20923,0.01105,0.01328,-0.00626,-0.01546,0.27305,0.03181,0.15609,0.06906,0.07073,0.05175
140.900000,7045,0.03322,0.24988,0.07096,0.19647,0.01451,0.00421,-0.00497,0.02670,0.21159,0.05734,0.20596,0.00809,0.01025,-0.00848,-0.01480,0.26134,0.03045,0.15282,0.06610,0.06770,0.04953
141.000000,7050,0.03322,0.23767,0.06867,0.19380,0.00726,0.00230,-0.00573,0.02736,0.19988,0.05608,0.20269,0.00513,0.00720,-0.01070,-0.01413,0.24963,0.02909,0.14955,0.06314,0.06467,0.04731
141.100000,7055,0.03322,0.22584,0.06524,0.19113,0.00192,0.00001,-0.00878,0.02802,0.18816,0.05461,0.19942,0.00216,0.00417,-0.01292,-0.01347,0.23792,0.02772,0.14628,0.06017,0.06163,0.04509
141.200000,7060,0.03322,0.21554,0.06524,0.18922,0.00001,-0.00266,-0.01031,0.02869,0.17644,0.05356,0.19615,-0.00080,0.00114,-0.01514,-0.01281,0.22620,0.02635,0.14301,0.05721,0.05859,0.04287
141.300000,7065,0.03360,0.20562,0.06448,0.18464,-0.00114,-0.00419,-0.01298,0.02935,0.16472,0.05234,0.19287,-0.00377,-0.00189,-0.01736,-0.01214,0.21447,0.02499,0.13974,0.05424,0.05556,0.04065
141.400000,7070,0.03360,0.19418,0.06448,0.18007,-0.00342,-0.00800,-0.01641,0.03001,0.15299,0.05015,0.18960,-0.00674,-0.00492,-0.01959,-0.01148,0.20274,0.02362,0.13646,0.05128,0.05252,0.03843
141.500000,7075,0.03398,0.18159,0.06295,0.17701,-0.00419,-0.01182,-0.01985,0.03068,0.14125,0.04865,0.18632,-0.00970,-0.00798,-0.02181,-0.01082,0.19100,0.02225,0.13319,0.04831,0.04948,0.03620
141.600000,7080,0.03589,0.17205,0.05876,0.17511,-0.00686,-0.01525,-0.02328,0.03134,0.12951,0.04720,0.18304,-0.01267,-0.01100,-0.02404,-0.01015,0.17926,0.02089,0.12991,0.04534,0.04644,0.03398
141.700000,7085,0.03589,0.16175,0.05799,0.17205,-0.00838,-0.02059,-0.02366,0.03201,0.11776,0.04510,0.17976,-0.01564,-0.01404,-0.02626,-0.00949,0.16751,0.01952,0.12663,0.04237,0.04339,0.03175
141.800000,7090,0.03589,0.14993,0.05303,0.16786,-0.01525,-0.02250,-0.02442,0.03267,0.10601,0.04396,0.17648,-0.01862,-0.01709,-0.02849,-0.00882,0.15576,0.01815,0.12335,0.03939,0.04035,0.02952
141.900000,7095,0.03589,0.13810,0.05227,0.16519,-0.02250,-0.02555,-0.02748,0.03334,0.09425,0.04370,0.17320,-0.02159,-0.02013,-0.03072,-0.00815,0.14400,0.01678,0.12006,0.03642,0.03730,0.02729
142.000000,7100,0.03589,0.12742,0.05227,0.16214,-0.02555,-0.02746,-0.03053,0.03401,0.08248,0.04200,0.16992,-0.02457,-0.02317,-0.03295,-0.00749,0.13224,0.01541,0.11678,0.03344,0.03425,0.02506
142.100000,7105,0.03627,0.11674,0.05151,0.15756,-0.02631,-0.03013,-0.03129,0.03467,0.07071,0.04012,0.16663,-0.02754,-0.02621,-0.03518,-0.00682,0.12046,0.01404,0.11349,0.03047,0.03120,0.02283
142.200000,7110,0.03665,0.10530,0.05151,0.15565,-0.02746,-0.03242,-0.03472,0.03534,0.05892,0.03908,0.16334,-0.03053,-0.02926,-0.03742,-0.00615,0.10867,0.01266,0.11020,0.02748,0.02815,0.02060
142.300000,7115,0.03894,0.09347,0.04922,0.15222,-0.02975,-0.03699,-0.03854,0.03601,0.04712,0.03743,0.16005,-0.03351,-0.03232,-0.03965,-0.00549,0.09687,0.01129,0.10691,0.02450,0.02509,0.01836
142.400000,7120,0.03932,0.08317,0.04540,0.14917,-0.03051,-0.03966,-0.03930,0.03668,0.03533,0.03475,0.15675,-0.03649,-0.03536,-0.04189,-0.00482,0.08509,0.00991,0.10362,0.02152,0.02204,0.01613
142.500000,7125,0.03932,0.07211,0.04464,0.14459,-0.03318,-0.04462,-0.04273,0.03734,0.02360,0.03330,0.15348,-0.03946,-0.03839,-0.04411,-0.00415,0.07335,0.00855,0.10034,0.01855,0.01900,0.01390
142.600000,7130,0.04008,0.06105,0.04312,0.14268,-0.03432,-0.04691,-0.04617,0.03800,0.01201,0.03288,0.15024,-0.04239,-0.04140,-0.04631,-0.00350,0.06176,0.00720,0.09711,0.01562,0.01600,0.01171
142.700000,7135,0.04161,0.04922,0.04312,0.14001,-0.04119,-0.04958,-0.04693,0.03864,0.00072,0.03236,0.14709,-0.04525,-0.04434,-0.04845,-0.00286,0.05047,0.00588,0.09396,0.01276,0.01307,0.00957
142.800000,7140,0.04161,0.03892,0.03930,0.13581,-0.04920,-0.05263,-0.04960,0.03924,-0.01001,0.03103,0.14410,-0.04796,-0.04709,-0.05048,-0.00225,0.03974,0.00463,0.09096,0.01005,0.01029,0.00753
142.900000,7145,0.04161,0.02938,0.03854,0.13314,-0.05187,-0.05530,-0.05189,0.03980,-0.01975,0.03068,0.14138,-0.05042,-0.04961,-0.05233,-0.00170,0.03000,0.00350,0.08824,0.00759,0.00777,0.00569
143.000000,7150,0.04161,0.01946,0.03854,0.13124,-0.05263,-0.05645,-0.05342,0.04025,-0.02784,0.03207,0.13912,-0.05247,-0.05169,-0.05386,-0.00124,0.02192,0.00255,0.08598,0.00554,0.00568,0.00415
143.100000,7155,0.04161,0.01145,0.03854,0.12971,-0.05302,-0.05798,-0.05342,0.04059,-0.03385,0.03398,0.13744,-0.05399,-0.05321,-0.05500,-0.00090,0.01590,0.00185,0.08430,0.00402,0.00412,0.00301
143.200000,7160,0.04199,0.00611,0.03854,0.12857,-0.05492,-0.05988,-0.05380,0.04083,-0.03810,0.03615,0.13626,-0.05506,-0.05431,-0.05580,-0.00066,0.01165,0.00136,0.08312,0.00295,0.00302,0.00221
143.300000,7165,0.04428,0.00230,0.03854,0.12551,-0.05530,-0.06103,-0.05456,0.04097,-0.04046,0.03756,0.13560,-0.05566,-0.05491,-0.05625,-0.00053,0.00929,0.00108,0.08246,0.00235,0.00241,0.00176
143.400000,7170,0.04695,0.00001,0.03854,0.12437,-0.05530,-0.06179,-0.05570,0.04106,-0.04201,0.03913,0.13516,-0.05605,-0.05530,-0.05654,-0.00044,0.00774,0.00090,0.08203,0.00196,0.00201,0.00147
143.500000,7175,0.04695,0.00001,0.03892,0.12437,-0.05569,-0.06293,-0.05723,0.04111,-0.04294,0.04008,0.13490,-0.05629,-0.05554,-0.05672,-0.00039,0.00681,0.00079,0.08177,0.00172,0.00176,0.00129
