t,idx,q1,q2,q3,q4,q5,q6,q7,cmd1,cmd2,cmd3,cmd4,cmd5,cmd6,cmd7,qref1,qref2,qref3,qref4,qref5,qref6,qref7,ff1,ff2,ff3,ff4,ff5,ff6,ff7
0.000000,0,-0.00035,0.00001,0.00001,0.07936,-0.00037,0.00001,0.00037,0.00160,0.00310,-0.00458,0.09732,-0.00416,-0.00253,-0.00243,0.00160,0.00310,-0.00458,0.08181,-0.00416,-0.00253,-0.00243,0.000,0.000,-0.000,0.000,-0.000,-0.000,0.000
0.100000,5,-0.00035,0.00001,0.00001,0.07936,-0.00037,0.00001,0.00037,0.00135,0.00475,-0.00579,0.09732,-0.00427,-0.00231,-0.00130,0.00181,0.00350,-0.00517,0.08206,-0.00471,-0.00286,-0.00275,0.026,0.015,-0.005,0.032,-0.005,-0.009,0.002
0.200000,10,-0.00035,0.00039,-0.00075,0.08851,-0.00228,-0.00037,0.00037,0.00153,0.00744,-0.00813,0.09732,-0.00508,-0.00220,-0.00027,0.00218,0.00423,-0.00624,0.08251,-0.00568,-0.00345,-0.00332,0.055,0.036,-0.016,0.067,-0.016,-0.022,0.000
0.300000,15,0.00003,0.00077,-0.00114,0.09347,-0.00342,-0.00114,0.00037,0.00203,0.01059,-0.01128,0.09732,-0.00669,-0.00248,0.00017,0.00285,0.00552,-0.00816,0.08333,-0.00742,-0.00451,-0.00434,0.095,0.074,-0.047,0.113,-0.046,-0.047,-0.013
0.400000,20,0.00003,0.00306,-0.00876,0.09385,-0.00419,-0.00190,-0.00001,0.00301,0.01471,-0.01572,0.09732,-0.00947,-0.00354,-0.00023,0.00404,0.00783,-0.01157,0.08477,-0.01052,-0.00639,-0.00615,0.146,0.128,-0.086,0.169,-0.084,-0.081,-0.033
0.500000,25,0.00232,0.00840,-0.01716,0.09538,-0.01029,-0.00419,-0.00039,0.00474,0.02020,-0.02202,0.09732,-0.01379,-0.00572,-0.00170,0.00594,0.01152,-0.01701,0.08708,-0.01548,-0.00939,-0.00904,0.218,0.209,-0.135,0.243,-0.134,-0.130,-0.068
0.600000,30,0.00232,0.01718,-0.02784,0.09652,-0.02402,-0.01029,-0.00382,0.00728,0.02716,-0.03032,0.09732,-0.01986,-0.00899,-0.00431,0.00859,0.01666,-0.02461,0.09030,-0.02239,-0.01359,-0.01308,0.306,0.303,-0.176,0.327,-0.178,-0.181,-0.103
0.700000,35,0.00308,0.02481,-0.04043,0.09843,-0.02975,-0.01830,-0.00802,0.01033,0.03518,-0.04018,0.09732,-0.02738,-0.01348,-0.00767,0.01182,0.02292,-0.03385,0.09423,-0.03080,-0.01870,-0.01800,0.406,0.411,-0.212,0.415,-0.217,-0.230,-0.133
0.800000,40,0.00842,0.03358,-0.05302,0.10034,-0.03699,-0.02441,-0.01527,0.01374,0.04406,-0.05116,0.10208,-0.03600,-0.01861,-0.01164,0.01549,0.03002,-0.04435,0.09868,-0.04035,-0.02449,-0.02358,0.521,0.536,-0.245,0.509,-0.254,-0.277,-0.161
0.900000,45,0.01414,0.04350,-0.06637,0.10606,-0.05225,-0.02936,-0.02175,0.01755,0.05348,-0.06311,0.10735,-0.04548,-0.02417,-0.01635,0.01947,0.03774,-0.05576,0.10352,-0.05072,-0.03079,-0.02964,0.650,0.678,-0.276,0.609,-0.290,-0.325,-0.185
1.000000,50,0.01986,0.05456,-0.07972,0.11254,-0.05950,-0.03776,-0.02633,0.02149,0.06334,-0.07561,0.11273,-0.05550,-0.03034,-0.02100,0.02365,0.04586,-0.06774,0.10860,-0.06163,-0.03741,-0.03601,0.792,0.837,-0.304,0.713,-0.325,-0.371,-0.207
1.100000,55,0.02253,0.06639,-0.09269,0.11903,-0.07629,-0.04653,-0.03053,0.02569,0.07330,-0.08847,0.11832,-0.06581,-0.03639,-0.02621,0.02796,0.05420,-0.08006,0.11382,-0.07283,-0.04421,-0.04256,0.860,0.921,-0.301,0.747,-0.327,-0.380,-0.207
1.200000,60,0.02521,0.07554,-0.10604,0.12437,-0.08277,-0.05225,-0.03854,0.02974,0.08346,-0.10146,0.12391,-0.07655,-0.04268,-0.03125,0.03231,0.06264,-0.09254,0.11912,-0.08419,-0.05111,-0.04920,0.928,1.005,-0.297,0.780,-0.329,-0.388,-0.205
1.300000,65,0.03207,0.08660,-0.11901,0.12971,-0.09269,-0.05721,-0.04426,0.03374,0.09359,-0.11437,0.12944,-0.08693,-0.04918,-0.03626,0.03670,0.07114,-0.10509,0.12444,-0.09560,-0.05804,-0.05587,0.995,1.088,-0.292,0.811,-0.330,-0.396,-0.203
1.400000,70,0.03665,0.09729,-0.13198,0.13658,-0.10528,-0.06370,-0.04922,0.03796,0.10371,-0.12755,0.13512,-0.09780,-0.05556,-0.04173,0.04108,0.07965,-0.11766,0.12977,-0.10704,-0.06498,-0.06255,1.062,1.170,-0.287,0.841,-0.331,-0.403,-0.201
1.500000,75,0.03970,0.10682,-0.14495,0.14154,-0.11291,-0.07285,-0.05303,0.04199,0.11380,-0.14043,0.14054,-0.10840,-0.06211,-0.04662,0.04547,0.08816,-0.13023,0.13510,-0.11847,-0.07192,-0.06923,1.129,1.252,-0.281,0.869,-0.332,-0.410,-0.199
1.600000,80,0.04313,0.11712,-0.15792,0.14726,-0.12779,-0.07819,-0.05723,0.04637,0.12227,-0.15280,0.14574,-0.11972,-0.06912,-0.05320,0.04986,0.09666,-0.14279,0.14043,-0.12990,-0.07886,-0.07591,1.190,1.339,-0.266,0.915,-0.330,-0.410,-0.195
1.700000,85,0.05000,0.12551,-0.16975,0.15298,-0.13541,-0.08315,-0.06219,0.05068,0.13068,-0.16525,0.15098,-0.13130,-0.07627,-0.05992,0.05424,0.10516,-0.15534,0.14576,-0.14132,-0.08579,-0.08259,1.250,1.425,-0.251,0.958,-0.327,-0.410,-0.192
1.800000,90,0.05534,0.13620,-0.18119,0.15832,-0.14877,-0.09002,-0.06867,0.05491,0.13884,-0.17724,0.15603,-0.14220,-0.08365,-0.06656,0.05863,0.11366,-0.16790,0.15108,-0.15274,-0.09273,-0.08926,1.308,1.508,-0.234,0.997,-0.325,-0.409,-0.188
1.900000,95,0.05572,0.14383,-0.19302,0.16328,-0.15983,-0.09879,-0.07630,0.05937,0.14723,-0.18962,0.16117,-0.15348,-0.09081,-0.07310,0.06301,0.12216,-0.18046,0.15641,-0.16417,-0.09966,-0.09594,1.364,1.590,-0.217,1.032,-0.322,-0.408,-0.185
2.000000,100,0.06106,0.15260,-0.20522,0.16824,-0.16860,-0.10528,-0.08317,0.06352,0.15562,-0.20188,0.16637,-0.16501,-0.09775,-0.07989,0.06740,0.13067,-0.19302,0.16174,-0.17560,-0.10660,-0.10262,1.419,1.669,-0.198,1.064,-0.319,-0.406,-0.181
2.100000,105,0.06869,0.15985,-0.21743,0.17434,-0.18348,-0.11100,-0.09004,0.06782,0.16415,-0.21438,0.17159,-0.17640,-0.10486,-0.08646,0.07179,0.13918,-0.20560,0.16707,-0.18704,-0.11355,-0.10930,1.472,1.747,-0.179,1.092,-0.316,-0.404,-0.178
2.200000,110,0.07175,0.16977,-0.23002,0.17930,-0.19073,-0.11863,-0.09576,0.07219,0.17236,-0.22654,0.17667,-0.18762,-0.11219,-0.09316,0.07619,0.14770,-0.21818,0.17241,-0.19849,-0.12050,-0.11599,1.523,1.823,-0.159,1.117,-0.313,-0.401,-0.174
2.300000,115,0.07403,0.17740,-0.23956,0.18350,-0.20217,-0.12626,-0.10301,0.07654,0.18055,-0.23863,0.18180,-0.19863,-0.11944,-0.09994,0.08059,0.15623,-0.23078,0.17775,-0.20995,-0.12745,-0.12269,1.573,1.897,-0.138,1.139,-0.309,-0.398,-0.170
2.400000,120,0.08014,0.18655,-0.25138,0.18922,-0.21324,-0.13313,-0.10949,0.08069,0.18906,-0.25089,0.18686,-0.21012,-0.12678,-0.10626,0.08499,0.16477,-0.24340,0.18310,-0.22143,-0.13442,-0.12940,1.621,1.969,-0.116,1.158,-0.306,-0.395,-0.167
2.500000,125,0.08624,0.19456,-0.26473,0.19456,-0.22163,-0.13808,-0.11369,0.08502,0.19743,-0.26330,0.19213,-0.22148,-0.13390,-0.11320,0.08940,0.17332,-0.25603,0.18846,-0.23292,-0.14140,-0.13611,1.667,2.039,-0.094,1.174,-0.302,-0.391,-0.163
2.600000,130,0.08929,0.20372,-0.27694,0.19952,-0.23612,-0.14610,-0.12094,0.08943,0.20579,-0.27557,0.19728,-0.23285,-0.14110,-0.11986,0.09382,0.18189,-0.26869,0.19383,-0.24444,-0.14839,-0.14284,1.711,2.107,-0.071,1.188,-0.298,-0.387,-0.159
2.700000,135,0.09082,0.21097,-0.28953,0.20448,-0.24490,-0.15334,-0.12857,0.09372,0.21421,-0.28804,0.20248,-0.24435,-0.14844,-0.12655,0.09825,0.19048,-0.28137,0.19921,-0.25598,-0.15540,-0.14959,1.754,2.174,-0.047,1.198,-0.294,-0.382,-0.155
2.800000,140,0.09692,0.22127,-0.30174,0.21058,-0.26016,-0.16021,-0.13581,0.09795,0.22241,-0.30008,0.20759,-0.25539,-0.15575,-0.13335,0.10269,0.19908,-0.29408,0.20460,-0.26754,-0.16242,-0.15635,1.794,2.238,-0.023,1.206,-0.291,-0.377,-0.152
2.900000,145,0.10417,0.22851,-0.31356,0.21669,-0.26741,-0.16708,-0.13925,0.10220,0.23092,-0.31248,0.21276,-0.26688,-0.16335,-0.13993,0.10714,0.20771,-0.30683,0.21001,-0.27914,-0.16946,-0.16312,1.833,2.301,0.001,1.211,-0.287,-0.372,-0.148
3.000000,150,0.10570,0.23843,-0.32424,0.22088,-0.28076,-0.17547,-0.14764,0.10679,0.23925,-0.32492,0.21800,-0.27828,-0.17034,-0.14671,0.11160,0.21636,-0.31961,0.21543,-0.29076,-0.17651,-0.16992,1.870,2.362,0.026,1.213,-0.283,-0.366,-0.144
3.100000,155,0.10875,0.24568,-0.33722,0.22622,-0.29182,-0.18081,-0.15641,0.11123,0.24810,-0.33776,0.22344,-0.29016,-0.17727,-0.15370,0.11608,0.22504,-0.33243,0.22087,-0.30243,-0.18359,-0.17673,1.905,2.422,0.052,1.214,-0.279,-0.360,-0.140
3.200000,160,0.11638,0.25522,-0.34980,0.23156,-0.30097,-0.18691,-0.16175,0.11541,0.25649,-0.35003,0.22855,-0.30146,-0.18504,-0.16040,0.12057,0.23375,-0.34530,0.22632,-0.31413,-0.19070,-0.18357,1.938,2.479,0.078,1.212,-0.275,-0.354,-0.136
3.300000,165,0.12134,0.26361,-0.36201,0.23729,-0.31585,-0.19454,-0.16671,0.11990,0.26506,-0.36262,0.23386,-0.31308,-0.19234,-0.16720,0.12508,0.24249,-0.35821,0.23180,-0.32588,-0.19783,-0.19043,1.969,2.535,0.104,1.208,-0.272,-0.347,-0.132
3.400000,170,0.12286,0.27200,-0.37460,0.24186,-0.32386,-0.20294,-0.17434,0.12434,0.27342,-0.37510,0.23908,-0.32465,-0.19982,-0.17403,0.12961,0.25126,-0.37117,0.23730,-0.33767,-0.20499,-0.19733,1.998,2.590,0.130,1.201,-0.268,-0.340,-0.129
3.500000,175,0.12668,0.28154,-0.38757,0.24682,-0.33950,-0.20942,-0.18121,0.12888,0.28230,-0.38792,0.24459,-0.33635,-0.20663,-0.18121,0.13415,0.26007,-0.38418,0.24282,-0.34951,-0.21218,-0.20424,2.025,2.642,0.157,1.193,-0.265,-0.333,-0.125
3.600000,180,0.13393,0.28879,-0.40016,0.25064,-0.34751,-0.21591,-0.18770,0.13320,0.29109,-0.40083,0.24988,-0.34827,-0.21458,-0.18781,0.13872,0.26893,-0.39726,0.24836,-0.36140,-0.21940,-0.21120,2.070,2.698,0.172,1.186,-0.266,-0.337,-0.125
3.700000,185,0.13850,0.29794,-0.41275,0.25751,-0.36239,-0.22392,-0.19227,0.13775,0.29949,-0.41335,0.25518,-0.35967,-0.22200,-0.19492,0.14331,0.27782,-0.41040,0.25394,-0.37335,-0.22665,-0.21818,2.115,2.753,0.188,1.179,-0.266,-0.341,-0.126
3.800000,190,0.14117,0.30557,-0.42495,0.26170,-0.37078,-0.23193,-0.20219,0.14226,0.30822,-0.42618,0.26054,-0.37170,-0.22972,-0.20177,0.14792,0.28676,-0.42360,0.25954,-0.38537,-0.23395,-0.22520,2.159,2.808,0.204,1.172,-0.267,-0.345,-0.127
3.900000,195,0.14613,0.31702,-0.43716,0.26819,-0.38490,-0.23879,-0.21097,0.14668,0.31690,-0.43892,0.26591,-0.38332,-0.23735,-0.20882,0.15255,0.29575,-0.43688,0.26517,-0.39745,-0.24128,-0.23226,2.202,2.862,0.220,1.164,-0.268,-0.349,-0.128
4.000000,200,0.15262,0.32274,-0.45013,0.27353,-0.39596,-0.24604,-0.21707,0.15127,0.32585,-0.45192,0.27141,-0.39545,-0.24492,-0.21575,0.15722,0.30479,-0.45024,0.27084,-0.40960,-0.24866,-0.23936,2.246,2.915,0.236,1.156,-0.269,-0.353,-0.130
4.100000,205,0.15567,0.33342,-0.46310,0.27925,-0.40550,-0.25520,-0.22317,0.15596,0.33455,-0.46499,0.27689,-0.40729,-0.25272,-0.22304,0.16191,0.31389,-0.46368,0.27654,-0.42183,-0.25608,-0.24651,2.288,2.968,0.253,1.148,-0.270,-0.357,-0.132
4.200000,210,0.15872,0.34105,-0.47531,0.28459,-0.42076,-0.26206,-0.23233,0.16059,0.34361,-0.47812,0.28246,-0.41954,-0.26022,-0.23018,0.16663,0.32305,-0.47720,0.28227,-0.43413,-0.26355,-0.25370,2.331,3.021,0.269,1.139,-0.271,-0.361,-0.134
4.300000,215,0.16254,0.35173,-0.48981,0.29031,-0.43068,-0.26855,-0.23691,0.16508,0.35247,-0.49122,0.28800,-0.43169,-0.26828,-0.23756,0.17139,0.33227,-0.49083,0.28805,-0.44653,-0.27107,-0.26094,2.373,3.073,0.286,1.130,-0.272,-0.365,-0.136
4.400000,220,0.17131,0.36012,-0.50239,0.29642,-0.44517,-0.27732,-0.24301,0.16963,0.36152,-0.50441,0.29348,-0.44385,-0.27633,-0.24454,0.17618,0.34156,-0.50455,0.29387,-0.45901,-0.27865,-0.26824,2.414,3.125,0.303,1.120,-0.273,-0.369,-0.139
4.500000,225,0.17436,0.36928,-0.51498,0.30137,-0.45547,-0.28648,-0.25064,0.17455,0.37061,-0.51789,0.29917,-0.45625,-0.28401,-0.25190,0.18101,0.35092,-0.51838,0.29974,-0.47159,-0.28629,-0.27559,2.455,3.176,0.321,1.109,-0.274,-0.373,-0.142
4.600000,230,0.17818,0.37767,-0.52948,0.30633,-0.47226,-0.29220,-0.26132,0.17938,0.37997,-0.53155,0.30495,-0.46892,-0.29168,-0.25933,0.18588,0.36036,-0.53232,0.30565,-0.48428,-0.29399,-0.28300,2.495,3.227,0.338,1.098,-0.276,-0.377,-0.145
4.700000,235,0.18619,0.38759,-0.54321,0.31206,-0.47989,-0.30021,-0.26704,0.18412,0.38908,-0.54509,0.31060,-0.48127,-0.30002,-0.26671,0.19079,0.36988,-0.54639,0.31162,-0.49707,-0.30176,-0.29048,2.535,3.277,0.356,1.087,-0.277,-0.381,-0.149
4.800000,240,0.18886,0.39713,-0.55695,0.31854,-0.49629,-0.31051,-0.27429,0.18905,0.39832,-0.55872,0.31640,-0.49380,-0.30794,-0.27431,0.19575,0.37949,-0.56058,0.31764,-0.50998,-0.30960,-0.29802,2.574,3.327,0.374,1.075,-0.278,-0.386,-0.153
4.900000,245,0.19153,0.40590,-0.57068,0.32312,-0.50506,-0.31662,-0.28535,0.19391,0.40797,-0.57288,0.32237,-0.50704,-0.31600,-0.28200,0.20075,0.38919,-0.57491,0.32372,-0.52302,-0.31751,-0.30564,2.613,3.377,0.393,1.062,-0.279,-0.390,-0.157
5.000000,250,0.19954,0.41658,-0.58479,0.32960,-0.52261,-0.32501,-0.28993,0.19881,0.41767,-0.58685,0.32827,-0.51985,-0.32424,-0.28954,0.20581,0.39899,-0.58939,0.32986,-0.53619,-0.32550,-0.31334,2.652,3.426,0.411,1.049,-0.281,-0.394,-0.161
5.100000,255,0.20488,0.42459,-0.59853,0.33647,-0.53100,-0.33569,-0.29565,0.20378,0.42705,-0.60082,0.33410,-0.53275,-0.33305,-0.29707,0.21092,0.40889,-0.60402,0.33606,-0.54950,-0.33359,-0.32112,2.689,3.475,0.430,1.035,-0.282,-0.398,-0.166
5.200000,260,0.20755,0.43604,-0.61188,0.34105,-0.54893,-0.34408,-0.30366,0.20882,0.43643,-0.61486,0.34005,-0.54576,-0.34149,-0.30516,0.21608,0.41891,-0.61882,0.34234,-0.56297,-0.34176,-0.32899,2.726,3.523,0.449,1.020,-0.283,-0.402,-0.171
5.300000,265,0.21137,0.44672,-0.62714,0.34791,-0.55695,-0.35247,-0.31511,0.21389,0.44627,-0.62934,0.34611,-0.55914,-0.35021,-0.31286,0.22131,0.42905,-0.63379,0.34869,-0.57659,-0.35003,-0.33695,2.763,3.571,0.468,1.004,-0.285,-0.406,-0.176
5.400000,270,0.22014,0.45549,-0.64163,0.35402,-0.57373,-0.36201,-0.32083,0.21903,0.45638,-0.64399,0.35233,-0.57262,-0.35870,-0.32083,0.22661,0.43931,-0.64896,0.35512,-0.59039,-0.35841,-0.34501,2.799,3.619,0.488,0.988,-0.286,-0.410,-0.182
5.500000,275,0.22472,0.46579,-0.65651,0.36050,-0.58403,-0.36926,-0.33113,0.22439,0.46638,-0.65903,0.35874,-0.58651,-0.36731,-0.32934,0.23197,0.44972,-0.66433,0.36164,-0.60437,-0.36689,-0.35318,2.834,3.667,0.508,0.971,-0.287,-0.414,-0.188
5.600000,280,0.22739,0.47495,-0.67139,0.36661,-0.60272,-0.37765,-0.34067,0.22979,0.47679,-0.67411,0.36513,-0.60041,-0.37586,-0.33752,0.23742,0.46027,-0.67991,0.36825,-0.61854,-0.37550,-0.36146,2.868,3.714,0.528,0.953,-0.289,-0.418,-0.194
5.700000,285,0.23845,0.48677,-0.68665,0.37386,-0.61302,-0.38871,-0.34639,0.23493,0.48703,-0.68914,0.37143,-0.61423,-0.38547,-0.34575,0.24294,0.47097,-0.69572,0.37496,-0.63293,-0.38423,-0.36987,2.902,3.762,0.549,0.934,-0.290,-0.422,-0.200
5.800000,290,0.24112,0.49745,-0.70191,0.38034,-0.62981,-0.39634,-0.35593,0.24067,0.49754,-0.70474,0.37808,-0.62870,-0.39420,-0.35437,0.24855,0.48185,-0.71179,0.38177,-0.64754,-0.39310,-0.37841,2.935,3.809,0.570,0.914,-0.291,-0.426,-0.207
5.900000,295,0.24455,0.50508,-0.71755,0.38530,-0.64049,-0.40435,-0.36470,0.24632,0.50853,-0.72078,0.38486,-0.64350,-0.40330,-0.36304,0.25425,0.49290,-0.72812,0.38870,-0.66240,-0.40212,-0.38709,2.968,3.856,0.591,0.893,-0.292,-0.429,-0.214
6.000000,300,0.25333,0.51729,-0.73433,0.39369,-0.65804,-0.41618,-0.37233,0.25190,0.51947,-0.73669,0.39154,-0.65789,-0.41323,-0.37159,0.26006,0.50416,-0.74475,0.39575,-0.67753,-0.41131,-0.39594,3.000,3.903,0.612,0.871,-0.293,-0.433,-0.222
6.100000,305,0.25791,0.52950,-0.74997,0.40056,-0.67444,-0.42381,-0.38263,0.25769,0.53028,-0.75292,0.39848,-0.67307,-0.42273,-0.38091,0.26599,0.51565,-0.76173,0.40295,-0.69297,-0.42068,-0.40496,3.031,3.950,0.634,0.848,-0.294,-0.436,-0.230
6.200000,310,0.26363,0.53942,-0.76714,0.40628,-0.68703,-0.43411,-0.39445,0.26374,0.54189,-0.76972,0.40565,-0.68853,-0.43238,-0.39003,0.27206,0.52742,-0.77911,0.41033,-0.70879,-0.43028,-0.41420,3.062,3.997,0.656,0.823,-0.295,-0.440,-0.238
6.300000,315,0.27202,0.55200,-0.78392,0.41391,-0.70648,-0.44555,-0.40170,0.26983,0.55376,-0.78689,0.41298,-0.70438,-0.44240,-0.39952,0.27830,0.53953,-0.79700,0.41792,-0.72507,-0.44017,-0.42371,3.092,4.045,0.679,0.798,-0.297,-0.444,-0.247
6.400000,320,0.27545,0.56345,-0.80185,0.42230,-0.72060,-0.45357,-0.41353,0.27629,0.56604,-0.80508,0.42067,-0.72109,-0.45283,-0.40937,0.28478,0.55208,-0.81554,0.42578,-0.74193,-0.45041,-0.43357,3.123,4.094,0.701,0.771,-0.298,-0.448,-0.257
6.500000,325,0.28385,0.57756,-0.82131,0.42917,-0.73700,-0.46615,-0.42116,0.28299,0.57904,-0.82365,0.42868,-0.73810,-0.46363,-0.41971,0.29154,0.56520,-0.83491,0.43400,-0.75956,-0.46110,-0.44387,3.154,4.145,0.725,0.743,-0.299,-0.451,-0.268
6.600000,330,0.28957,0.58863,-0.83886,0.43718,-0.75531,-0.47569,-0.42955,0.29009,0.59245,-0.84314,0.43706,-0.75592,-0.47505,-0.43039,0.29866,0.57901,-0.85531,0.44265,-0.77811,-0.47237,-0.45471,3.184,4.197,0.749,0.712,-0.300,-0.455,-0.279
6.700000,335,0.29605,0.60389,-0.86174,0.44710,-0.77439,-0.49057,-0.44748,0.29762,0.60703,-0.86415,0.44613,-0.77516,-0.48702,-0.44195,0.30621,0.59363,-0.87691,0.45181,-0.79776,-0.48430,-0.46620,3.214,4.252,0.774,0.678,-0.301,-0.458,-0.291
6.800000,340,0.30712,0.62029,-0.88425,0.45664,-0.79384,-0.50087,-0.45816,0.30542,0.62202,-0.88581,0.45544,-0.79502,-0.50049,-0.45388,0.31421,0.60913,-0.89982,0.46153,-0.81860,-0.49695,-0.47837,3.243,4.308,0.801,0.640,-0.302,-0.461,-0.303
6.900000,345,0.31322,0.63517,-0.90752,0.46541,-0.81673,-0.51651,-0.47151,0.31396,0.63794,-0.90913,0.46548,-0.81639,-0.51369,-0.46681,0.32266,0.62552,-0.92402,0.47179,-0.84062,-0.51032,-0.49124,3.269,4.366,0.828,0.597,-0.302,-0.462,-0.315
7.000000,350,0.32428,0.65195,-0.93232,0.47724,-0.84076,-0.53062,-0.48105,0.32263,0.65470,-0.93342,0.47588,-0.83864,-0.52827,-0.48023,0.33152,0.64270,-0.94940,0.48256,-0.86371,-0.52433,-0.50473,3.292,4.425,0.857,0.551,-0.301,-0.463,-0.327
7.100000,355,0.33000,0.66950,-0.95788,0.48677,-0.86289,-0.54474,-0.49974,0.33170,0.67190,-0.95865,0.48665,-0.86198,-0.54316,-0.49417,0.34071,0.66053,-0.97574,0.49373,-0.88767,-0.53888,-0.51873,3.311,4.484,0.886,0.500,-0.300,-0.463,-0.339
7.200000,360,0.34069,0.68667,-0.98382,0.49783,-0.88768,-0.55885,-0.51538,0.34098,0.68983,-0.98500,0.49783,-0.88639,-0.55831,-0.50866,0.35016,0.67884,-1.00278,0.50520,-0.91228,-0.55381,-0.53311,3.326,4.543,0.916,0.447,-0.298,-0.461,-0.350
7.300000,365,0.34755,0.70231,-1.00823,0.50852,-0.90981,-0.57297,-0.52721,0.35047,0.70786,-1.01169,0.50916,-0.91094,-0.57368,-0.52337,0.35977,0.69747,-1.03030,0.51687,-0.93731,-0.56901,-0.54774,3.336,4.601,0.944,0.391,-0.296,-0.459,-0.360
7.400000,370,0.36052,0.72443,-1.03760,0.52072,-0.93384,-0.58823,-0.54170,0.35991,0.72590,-1.03860,0.52047,-0.93583,-0.58961,-0.53818,0.36948,0.71629,-1.05810,0.52866,-0.96260,-0.58437,-0.56253,3.341,4.658,0.971,0.333,-0.293,-0.457,-0.370
7.500000,375,0.36853,0.74160,-1.06469,0.53217,-0.95940,-0.60616,-0.55773,0.36955,0.74450,-1.06593,0.53193,-0.96111,-0.60518,-0.55277,0.37924,0.73521,-1.08606,0.54052,-0.98804,-0.59981,-0.57739,3.341,4.713,0.997,0.274,-0.290,-0.454,-0.380
7.600000,380,0.37693,0.76105,-1.09177,0.54399,-0.98611,-0.62180,-0.57489,0.37924,0.76280,-1.09328,0.54342,-0.98642,-0.62109,-0.56776,0.38903,0.75418,-1.11409,0.55241,-1.01353,-0.61528,-0.59229,3.336,4.767,1.020,0.214,-0.288,-0.450,-0.389
7.700000,385,0.38837,0.77860,-1.11886,0.55506,-1.00976,-0.63629,-0.58710,0.38878,0.78138,-1.12069,0.55491,-1.01186,-0.63685,-0.58264,0.39882,0.77318,-1.14214,0.56431,-1.03906,-0.63078,-0.60720,3.325,4.819,1.040,0.153,-0.285,-0.447,-0.397
7.800000,390,0.39638,0.79767,-1.14632,0.56612,-1.03455,-0.65270,-0.60274,0.39837,0.79927,-1.14774,0.56627,-1.03680,-0.65313,-0.59756,0.40862,0.79217,-1.17020,0.57621,-1.06458,-0.64627,-0.62212,3.310,4.870,1.058,0.092,-0.283,-0.443,-0.405
7.900000,395,0.40706,0.81560,-1.17265,0.57718,-1.05897,-0.66757,-0.61571,0.40779,0.81706,-1.17469,0.57751,-1.06214,-0.66938,-0.61232,0.41841,0.81115,-1.19823,0.58810,-1.09008,-0.66175,-0.63702,3.289,4.919,1.073,0.031,-0.282,-0.440,-0.412
8.000000,400,0.41698,0.83201,-1.20049,0.58824,-1.08376,-0.68436,-0.63364,0.41733,0.83522,-1.20194,0.58892,-1.08736,-0.68525,-0.62717,0.42818,0.83009,-1.22621,0.59997,-1.11554,-0.67721,-0.65190,3.263,4.967,1.085,-0.029,-0.281,-0.436,-0.418
8.100000,405,0.42461,0.85146,-1.22643,0.59854,-1.11085,-0.70114,-0.64661,0.42688,0.85292,-1.22892,0.60022,-1.11248,-0.70115,-0.64207,0.43792,0.84897,-1.25411,0.61180,-1.14092,-0.69262,-0.66673,3.232,5.014,1.094,-0.090,-0.280,-0.432,-0.423
8.200000,410,0.43453,0.86787,-1.25428,0.60961,-1.13450,-0.71373,-0.65958,0.43607,0.87059,-1.25565,0.61127,-1.13754,-0.71735,-0.65655,0.44760,0.86775,-1.28184,0.62356,-1.16615,-0.70793,-0.68147,3.196,5.059,1.099,-0.150,-0.279,-0.429,-0.428
8.300000,415,0.44368,0.88503,-1.27984,0.62029,-1.15929,-0.72937,-0.67751,0.44531,0.88749,-1.28263,0.62203,-1.16273,-0.73333,-0.67071,0.45720,0.88635,-1.30932,0.63522,-1.19114,-0.72311,-0.69608,3.155,5.102,1.102,-0.209,-0.279,-0.425,-0.431
8.400000,420,0.45398,0.90144,-1.30654,0.63059,-1.18562,-0.74501,-0.69010,0.45388,0.90365,-1.30890,0.63241,-1.18780,-0.74798,-0.68432,0.46660,0.90464,-1.33630,0.64684,-1.21564,-0.73795,-0.71044,3.105,5.141,1.105,-0.261,-0.276,-0.418,-0.432
8.500000,425,0.45704,0.91670,-1.32486,0.64737,-1.20393,-0.75073,-0.70040,0.45820,0.89814,-1.33641,0.64604,-1.21666,-0.74798,-0.69570,0.47056,0.91783,-1.35226,0.66934,-1.22558,-0.74177,-0.71981,2.658,5.100,1.270,-0.210,0.319,0.196,-0.318
8.600000,430,0.45627,0.91364,-1.32753,0.68132,-1.19973,-0.72594,-0.70040,0.44992,0.89314,-1.34010,0.67944,-1.22143,-0.74798,-0.69696,0.46602,0.92592,-1.35123,0.70888,-1.21405,-0.72930,-0.72177,2.506,5.044,1.665,-0.116,0.377,0.217,-0.200
8.700000,435,0.45093,0.91059,-1.32638,0.72024,-1.19325,-0.72365,-0.70040,0.44415,0.89937,-1.33772,0.71882,-1.20995,-0.74505,-0.69837,0.46095,0.93349,-1.34892,0.74875,-1.20113,-0.71632,-0.72348,2.480,4.966,1.712,-0.031,0.367,0.206,-0.217
8.800000,440,0.44826,0.91212,-1.32638,0.75800,-1.17761,-0.71716,-0.70078,0.43905,0.90614,-1.33467,0.75762,-1.19688,-0.73290,-0.70075,0.45606,0.94034,-1.34665,0.78735,-1.18837,-0.70411,-0.72555,2.454,4.892,1.755,0.052,0.357,0.194,-0.231
8.900000,445,0.44483,0.91250,-1.32066,0.79577,-1.16998,-0.70610,-0.70116,0.43447,0.91155,-1.33215,0.79514,-1.18394,-0.72096,-0.70345,0.45140,0.94554,-1.34440,0.82449,-1.17551,-0.69253,-0.72791,2.435,4.774,1.795,0.137,0.348,0.182,-0.243
9.000000,450,0.43453,0.91555,-1.31990,0.83124,-1.15357,-0.69809,-0.70459,0.43002,0.91531,-1.32919,0.83100,-1.17071,-0.71015,-0.70644,0.44699,0.94928,-1.34217,0.86007,-1.16269,-0.68165,-0.73055,2.417,4.654,1.831,0.222,0.337,0.169,-0.253
9.100000,455,0.43415,0.91555,-1.31837,0.86634,-1.14632,-0.68703,-0.70765,0.42580,0.91819,-1.32637,0.86531,-1.15746,-0.69969,-0.70944,0.44280,0.95190,-1.33996,0.89402,-1.15009,-0.67153,-0.73344,2.402,4.522,1.862,0.306,0.327,0.156,-0.261
9.200000,460,0.43071,0.91555,-1.31532,0.89915,-1.13107,-0.67940,-0.71108,0.42178,0.91978,-1.32352,0.89787,-1.14460,-0.69050,-0.71278,0.43883,0.95341,-1.33776,0.92632,-1.13774,-0.66217,-0.73655,2.389,4.377,1.889,0.390,0.317,0.142,-0.268
9.300000,465,0.42270,0.91670,-1.31341,0.93005,-1.12153,-0.67215,-0.71261,0.41820,0.92037,-1.32079,0.92892,-1.13184,-0.68140,-0.71656,0.43507,0.95385,-1.33558,0.95699,-1.12567,-0.65354,-0.73986,2.378,4.231,1.913,0.472,0.307,0.127,-0.272
9.400000,470,0.41965,0.91746,-1.31303,0.95866,-1.10703,-0.66376,-0.71642,0.41444,0.91993,-1.31777,0.95829,-1.11943,-0.67363,-0.72018,0.43151,0.95327,-1.33341,0.98609,-1.11387,-0.64561,-0.74334,2.368,4.081,1.934,0.553,0.298,0.112,-0.276
9.500000,475,0.41660,0.91708,-1.30845,0.98765,-1.09750,-0.65651,-0.72024,0.41119,0.91850,-1.31517,0.98620,-1.10721,-0.66604,-0.72409,0.42814,0.95171,-1.33125,1.01367,-1.10237,-0.63833,-0.74697,2.360,3.939,1.952,0.633,0.289,0.096,-0.279
9.600000,480,0.41507,0.91708,-1.30654,1.01397,-1.08529,-0.65193,-0.72825,0.40790,0.91607,-1.31224,1.01256,-1.09512,-0.65949,-0.72790,0.42494,0.94921,-1.32910,1.03982,-1.09114,-0.63169,-0.75074,2.353,3.805,1.967,0.712,0.280,0.078,-0.281
9.700000,485,0.41431,0.91555,-1.30197,1.03877,-1.07232,-0.64774,-0.73321,0.40480,0.91277,-1.30951,1.03758,-1.08350,-0.65339,-0.73189,0.42190,0.94581,-1.32695,1.06458,-1.08020,-0.62565,-0.75463,2.348,3.678,1.979,0.789,0.271,0.060,-0.282
9.800000,490,0.40897,0.91441,-1.30082,1.06318,-1.06507,-0.64316,-0.73664,0.40207,0.90864,-1.30708,1.06141,-1.07252,-0.64746,-0.73649,0.41900,0.94155,-1.32482,1.08803,-1.06953,-0.62018,-0.75863,2.344,3.558,1.989,0.866,0.262,0.041,-0.282
9.900000,495,0.40325,0.91212,-1.30006,1.08416,-1.05248,-0.63744,-0.74045,0.39920,0.90375,-1.30460,1.08385,-1.06172,-0.64240,-0.74077,0.41625,0.93646,-1.32270,1.11021,-1.05915,-0.61525,-0.76273,2.341,3.442,1.996,0.941,0.254,0.020,-0.283
10.000000,500,0.40287,0.90449,-1.29586,1.10629,-1.04294,-0.63248,-0.74274,0.39664,0.89815,-1.30229,1.10510,-1.05123,-0.63769,-0.74490,0.41364,0.93056,-1.32060,1.13116,-1.04904,-0.61085,-0.76692,2.340,3.332,2.002,1.015,0.246,-0.002,-0.283
10.100000,505,0.39829,0.89419,-1.29434,1.12651,-1.03608,-0.62866,-0.74885,0.39416,0.89161,-1.29990,1.12516,-1.04101,-0.63358,-0.74952,0.41115,0.92391,-1.31851,1.15094,-1.03922,-0.60694,-0.77118,2.339,3.223,2.005,1.087,0.238,-0.025,-0.282
10.200000,510,0.39829,0.89190,-1.29243,1.14558,-1.02120,-0.62714,-0.75533,0.39163,0.88383,-1.29710,1.14382,-1.03040,-0.63049,-0.75425,0.40880,0.91633,-1.31645,1.16943,-1.02967,-0.60353,-0.77550,2.345,3.110,2.006,1.157,0.231,-0.052,-0.280
10.300000,515,0.39791,0.88122,-1.28862,1.16122,-1.01624,-0.62637,-0.75838,0.38958,0.87508,-1.29485,1.16082,-1.02068,-0.62695,-0.75836,0.40668,0.90710,-1.31442,1.18612,-1.02035,-0.60067,-0.77983,2.355,2.994,2.004,1.227,0.223,-0.081,-0.278
10.400000,520,0.39524,0.87015,-1.28709,1.17801,-1.00747,-0.62370,-0.76182,0.38763,0.86477,-1.29274,1.17647,-1.01141,-0.62449,-0.76330,0.40471,0.89678,-1.31242,1.20147,-1.01128,-0.59829,-0.78419,2.361,2.886,2.002,1.297,0.216,-0.105,-0.277
10.500000,525,0.38799,0.85871,-1.28442,1.19212,-0.99488,-0.62294,-0.76449,0.38566,0.85449,-1.29058,1.19157,-1.00230,-0.62227,-0.76792,0.40275,0.88645,-1.31043,1.21638,-1.00249,-0.59626,-0.78864,2.359,2.784,1.998,1.367,0.209,-0.126,-0.277
10.600000,530,0.38684,0.84612,-1.28213,1.20662,-0.98992,-0.62256,-0.76906,0.38357,0.84436,-1.28834,1.20631,-0.99333,-0.62042,-0.77255,0.40078,0.87615,-1.30846,1.23092,-0.99398,-0.59458,-0.79320,2.361,2.681,1.994,1.433,0.201,-0.150,-0.277
10.700000,535,0.38608,0.83773,-1.28137,1.22035,-0.98153,-0.62180,-0.77555,0.38162,0.83345,-1.28607,1.22027,-0.98453,-0.61895,-0.77781,0.39889,0.86529,-1.30651,1.24463,-0.98572,-0.59329,-0.79781,2.367,2.575,1.988,1.498,0.195,-0.176,-0.276
10.800000,540,0.38341,0.82667,-1.27946,1.23294,-0.97046,-0.62065,-0.78318,0.37974,0.82199,-1.28398,1.23327,-0.97619,-0.61790,-0.78269,0.39708,0.85374,-1.30460,1.25742,-0.97771,-0.59239,-0.80247,2.373,2.468,1.980,1.561,0.188,-0.202,-0.274
10.900000,545,0.38303,0.81370,-1.27564,1.24438,-0.96512,-0.62065,-0.78661,0.37802,0.80987,-1.28189,1.24536,-0.96796,-0.61724,-0.78754,0.39535,0.84153,-1.30272,1.26929,-0.96996,-0.59187,-0.80715,2.380,2.360,1.970,1.622,0.181,-0.227,-0.272
11.000000,550,0.38150,0.79958,-1.27488,1.25621,-0.95978,-0.62065,-0.79081,0.37630,0.79711,-1.27992,1.25654,-0.96021,-0.61689,-0.79247,0.39371,0.82866,-1.30089,1.28024,-0.96248,-0.59172,-0.81186,2.389,2.251,1.959,1.681,0.174,-0.253,-0.270
11.100000,555,0.38112,0.78776,-1.27374,1.26651,-0.94758,-0.62103,-0.79500,0.37460,0.78363,-1.27790,1.26672,-0.95265,-0.61714,-0.79745,0.39215,0.81518,-1.29910,1.29027,-0.95528,-0.59194,-0.81657,2.399,2.141,1.946,1.737,0.166,-0.279,-0.268
11.200000,560,0.37616,0.77326,-1.27297,1.27604,-0.94109,-0.62103,-0.80225,0.37320,0.76971,-1.27611,1.27607,-0.94537,-0.61725,-0.80229,0.39068,0.80110,-1.29737,1.29937,-0.94838,-0.59250,-0.82127,2.410,2.030,1.932,1.789,0.158,-0.302,-0.265
11.300000,565,0.37502,0.75648,-1.27030,1.28367,-0.93766,-0.62180,-0.80874,0.37182,0.75527,-1.27441,1.28453,-0.93840,-0.61778,-0.80719,0.38930,0.78644,-1.29570,1.30756,-0.94177,-0.59341,-0.82596,2.422,1.918,1.916,1.839,0.150,-0.323,-0.262
11.400000,570,0.37082,0.74236,-1.26802,1.29169,-0.93232,-0.62294,-0.81026,0.37042,0.73996,-1.27260,1.29199,-0.93177,-0.61915,-0.81251,0.38800,0.77124,-1.29409,1.31483,-0.93547,-0.59465,-0.83063,2.434,1.805,1.899,1.883,0.142,-0.343,-0.259
11.500000,575,0.37044,0.72786,-1.26763,1.29664,-0.92202,-0.62408,-0.81637,0.36898,0.72422,-1.27071,1.29842,-0.92527,-0.62078,-0.81710,0.38678,0.75549,-1.29255,1.32119,-0.92948,-0.59621,-0.83527,2.447,1.690,1.881,1.923,0.133,-0.361,-0.256
11.600000,580,0.37044,0.70879,-1.26725,1.30313,-0.91630,-0.62561,-0.82018,0.36786,0.70819,-1.26927,1.30410,-0.91934,-0.62213,-0.82176,0.38566,0.73922,-1.29108,1.32662,-0.92381,-0.59808,-0.83987,2.461,1.575,1.861,1.955,0.124,-0.377,-0.252
11.700000,585,0.37044,0.69391,-1.26725,1.30656,-0.91362,-0.62752,-0.82400,0.36679,0.69145,-1.26779,1.30887,-0.91361,-0.62405,-0.82702,0.38462,0.72245,-1.28969,1.33116,-0.91845,-0.60024,-0.84442,2.476,1.458,1.840,1.981,0.114,-0.392,-0.249
11.800000,590,0.37006,0.67598,-1.26687,1.31000,-0.91057,-0.62904,-0.82896,0.36581,0.67439,-1.26655,1.31271,-0.90839,-0.62612,-0.83159,0.38367,0.70521,-1.28838,1.33481,-0.91341,-0.60267,-0.84891,2.492,1.341,1.818,1.997,0.104,-0.406,-0.245
11.900000,595,0.37006,0.65805,-1.26611,1.31381,-0.90676,-0.63095,-0.83506,0.36487,0.65665,-1.26524,1.31563,-0.90327,-0.62877,-0.83638,0.38280,0.68750,-1.28715,1.33757,-0.90868,-0.60538,-0.85335,2.509,1.222,1.794,2.005,0.093,-0.418,-0.242
12.000000,600,0.36739,0.64089,-1.26191,1.31534,-0.89875,-0.63362,-0.83887,0.36402,0.63848,-1.26406,1.31761,-0.89861,-0.63183,-0.84093,0.38202,0.66934,-1.28600,1.33944,-0.90427,-0.60833,-0.85773,2.526,1.102,1.769,2.004,0.081,-0.429,-0.238
12.100000,605,0.36739,0.62067,-1.26153,1.31572,-0.89188,-0.63820,-0.84307,0.36324,0.61997,-1.26288,1.31876,-0.89402,-0.63476,-0.84536,0.38133,0.65073,-1.28494,1.34044,-0.90017,-0.61154,-0.86204,2.544,0.980,1.743,1.996,0.069,-0.439,-0.234
12.200000,610,0.36586,0.60312,-1.26153,1.31572,-0.88883,-0.64163,-0.84765,0.36261,0.60086,-1.26188,1.31905,-0.88985,-0.63800,-0.85019,0.38073,0.63168,-1.28397,1.34056,-0.89639,-0.61497,-0.86628,2.563,0.857,1.716,1.986,0.057,-0.447,-0.230
12.300000,615,0.36510,0.58252,-1.26077,1.31572,-0.88807,-0.64659,-0.85375,0.36207,0.58158,-1.26112,1.31844,-0.88618,-0.64128,-0.85431,0.38021,0.61218,-1.28308,1.33979,-0.89291,-0.61863,-0.87045,2.582,0.732,1.687,1.975,0.043,-0.455,-0.226
12.400000,620,0.36510,0.56230,-1.26077,1.31572,-0.88578,-0.65041,-0.85795,0.36158,0.56174,-1.26037,1.31696,-0.88293,-0.64492,-0.85872,0.37979,0.59226,-1.28229,1.33814,-0.88973,-0.62250,-0.87454,2.602,0.606,1.657,1.965,0.029,-0.462,-0.222
12.500000,625,0.36472,0.54247,-1.26077,1.31572,-0.88501,-0.65422,-0.86214,0.36120,0.54139,-1.25964,1.31451,-0.87964,-0.64879,-0.86306,0.37947,0.57191,-1.28159,1.33558,-0.88687,-0.62657,-0.87855,2.625,0.478,1.625,1.953,0.012,-0.466,-0.216
12.600000,630,0.36510,0.52187,-1.26077,1.31534,-0.88425,-0.65689,-0.86520,0.36104,0.52080,-1.25910,1.31071,-0.87690,-0.65286,-0.86721,0.37936,0.55130,-1.28106,1.33160,-0.88445,-0.63076,-0.88230,2.658,0.350,1.585,1.926,-0.015,-0.467,-0.201
12.700000,635,0.36510,0.50165,-1.26077,1.31190,-0.88158,-0.65918,-0.86863,0.36115,0.50010,-1.25884,1.30515,-0.87479,-0.65677,-0.87106,0.37952,0.53055,-1.28074,1.32585,-0.88255,-0.63500,-0.88567,2.689,0.225,1.548,1.927,-0.039,-0.469,-0.189
12.800000,640,0.36510,0.47914,-1.26077,1.30618,-0.88120,-0.66490,-0.86939,0.36133,0.47913,-1.25872,1.29883,-0.87290,-0.66104,-0.87431,0.37974,0.50943,-1.28048,1.31945,-0.88088,-0.63941,-0.88901,2.703,0.097,1.522,1.959,-0.042,-0.475,-0.197
12.900000,645,0.36510,0.45854,-1.26077,1.30008,-0.87738,-0.66872,-0.87359,0.36131,0.45741,-1.25851,1.29272,-0.87120,-0.66572,-0.87810,0.37983,0.48773,-1.28017,1.31329,-0.87921,-0.64409,-0.89262,2.713,-0.037,1.495,1.993,-0.045,-0.481,-0.205
13.000000,650,0.36510,0.43604,-1.26077,1.29550,-0.87281,-0.67482,-0.87931,0.36137,0.43523,-1.25829,1.28617,-0.86945,-0.67052,-0.88165,0.37994,0.46554,-1.27989,1.30669,-0.87773,-0.64899,-0.89631,2.734,-0.175,1.460,2.012,-0.061,-0.484,-0.203
13.100000,655,0.36510,0.41391,-1.26077,1.28673,-0.86937,-0.67940,-0.88122,0.36152,0.41257,-1.25825,1.27878,-0.86805,-0.67524,-0.88589,0.38014,0.44283,-1.27970,1.29913,-0.87651,-0.65405,-0.89994,2.757,-0.315,1.423,2.031,-0.077,-0.487,-0.200
13.200000,660,0.36510,0.38988,-1.26077,1.27833,-0.86747,-0.68398,-0.88732,0.36180,0.38912,-1.25822,1.27022,-0.86679,-0.68031,-0.88988,0.38047,0.41940,-1.27960,1.29047,-0.87558,-0.65933,-0.90352,2.782,-0.461,1.384,2.051,-0.095,-0.491,-0.197
13.300000,665,0.36510,0.36546,-1.26077,1.26765,-0.86670,-0.68855,-0.89075,0.36230,0.36491,-1.25844,1.26013,-0.86605,-0.68550,-0.89354,0.38099,0.39510,-1.27965,1.28024,-0.87500,-0.66480,-0.90697,2.818,-0.612,1.336,2.068,-0.122,-0.493,-0.186
13.400000,670,0.36510,0.34029,-1.26077,1.25545,-0.86632,-0.69466,-0.89228,0.36308,0.33989,-1.25906,1.24758,-0.86617,-0.69091,-0.89628,0.38184,0.36989,-1.27992,1.26773,-0.87489,-0.67043,-0.91015,2.853,-0.767,1.288,2.087,-0.149,-0.497,-0.179
13.500000,675,0.36510,0.31396,-1.26077,1.24095,-0.86670,-0.70191,-0.89495,0.36383,0.31291,-1.25967,1.23353,-0.86662,-0.69726,-0.89915,0.38275,0.34319,-1.28024,1.25396,-0.87503,-0.67649,-0.91348,2.862,-0.932,1.266,2.116,-0.139,-0.502,-0.196
13.600000,680,0.36510,0.28802,-1.26077,1.23218,-0.86632,-0.70648,-0.89838,0.36386,0.29017,-1.25954,1.22755,-0.86733,-0.70274,-0.90183,0.38317,0.32124,-1.27883,1.24881,-0.87320,-0.68100,-0.91692,2.825,-1.034,1.440,2.747,0.083,-0.321,-0.163
13.700000,685,0.36510,0.27772,-1.25543,1.24820,-0.86136,-0.70000,-0.89838,0.36282,0.28785,-1.25607,1.24712,-0.86530,-0.70210,-0.90321,0.38276,0.32051,-1.27243,1.26959,-0.86554,-0.67863,-0.91865,2.792,-0.440,1.539,2.859,0.162,0.015,-0.048
13.800000,690,0.36510,0.28383,-1.24436,1.28215,-0.85488,-0.68855,-0.89800,0.36157,0.29683,-1.24837,1.27934,-0.85738,-0.69701,-0.90460,0.38208,0.33051,-1.26366,1.30231,-0.85518,-0.67274,-0.91922,2.791,-0.383,1.563,2.895,0.166,0.036,-0.033
13.900000,695,0.36510,0.29375,-1.23521,1.31534,-0.84229,-0.68207,-0.89800,0.36064,0.30699,-1.23925,1.31307,-0.84712,-0.69132,-0.90543,0.38139,0.34092,-1.25465,1.33601,-0.84452,-0.66666,-0.91978,2.792,-0.338,1.583,2.924,0.166,0.041,-0.031
14.000000,700,0.36472,0.30519,-1.22643,1.34891,-0.83466,-0.67711,-0.89838,0.35991,0.31740,-1.22978,1.34699,-0.83617,-0.68498,-0.90653,0.38069,0.35133,-1.24564,1.36968,-0.83387,-0.66058,-0.92035,2.792,-0.295,1.598,2.949,0.164,0.043,-0.028
14.100000,705,0.36472,0.31587,-1.21652,1.38324,-0.82474,-0.67177,-0.89838,0.35920,0.32831,-1.22047,1.37921,-0.82520,-0.67916,-0.90806,0.38004,0.36239,-1.23721,1.40161,-0.82381,-0.65462,-0.92058,2.799,-0.233,1.595,2.961,0.153,0.045,0.051
14.200000,710,0.36472,0.32884,-1.21194,1.40842,-0.81368,-0.66605,-0.89762,0.35859,0.34831,-1.21351,1.40189,-0.81555,-0.67338,-0.90810,0.37949,0.38267,-1.23267,1.42384,-0.81741,-0.64864,-0.91788,2.798,-0.083,1.456,2.934,0.063,0.045,0.226
14.300000,715,0.36472,0.35936,-1.21194,1.42062,-0.81063,-0.66032,-0.89457,0.35772,0.37616,-1.20978,1.41627,-0.80900,-0.66822,-0.90649,0.37882,0.41101,-1.23162,1.43805,-0.81439,-0.64277,-0.91305,2.792,0.112,1.403,2.898,0.003,0.036,0.238
14.400000,720,0.36434,0.38950,-1.21194,1.43054,-0.80986,-0.65537,-0.89381,0.35706,0.40402,-1.20803,1.42864,-0.80535,-0.66289,-0.90166,0.37815,0.43877,-1.23104,1.45044,-0.81212,-0.63729,-0.90829,2.782,0.295,1.424,2.865,-0.012,0.021,0.219
14.500000,725,0.36243,0.41658,-1.21003,1.44237,-0.80910,-0.65270,-0.89037,0.35651,0.43015,-1.20705,1.44048,-0.80287,-0.65799,-0.89699,0.37741,0.46481,-1.23049,1.46223,-0.81019,-0.63228,-0.90401,2.779,0.466,1.440,2.833,-0.027,0.009,0.207
14.600000,730,0.35900,0.44176,-1.21003,1.45191,-0.80681,-0.64850,-0.88694,0.35616,0.45546,-1.20632,1.45052,-0.80099,-0.65301,-0.89232,0.37695,0.48992,-1.23017,1.47216,-0.80871,-0.62743,-0.89953,2.796,0.632,1.443,2.789,-0.051,0.003,0.215
14.700000,735,0.35900,0.46617,-1.20927,1.46068,-0.80643,-0.64545,-0.88274,0.35602,0.47994,-1.20566,1.45873,-0.79935,-0.64853,-0.88768,0.37676,0.51439,-1.23009,1.48034,-0.80767,-0.62271,-0.89479,2.802,0.794,1.453,2.745,-0.068,-0.005,0.213
14.800000,740,0.35938,0.49173,-1.20927,1.46755,-0.80643,-0.64049,-0.87511,0.35601,0.50381,-1.20527,1.46589,-0.79830,-0.64405,-0.88304,0.37669,0.53820,-1.23014,1.48750,-0.80698,-0.61816,-0.88999,2.805,0.952,1.463,2.700,-0.083,-0.013,0.209
14.900000,745,0.35938,0.51576,-1.20927,1.47327,-0.80643,-0.63477,-0.87168,0.35615,0.52713,-1.20513,1.47217,-0.79759,-0.63973,-0.87825,0.37674,0.56153,-1.23032,1.49373,-0.80662,-0.61377,-0.88512,2.807,1.106,1.473,2.650,-0.099,-0.021,0.207
15.000000,750,0.35938,0.53903,-1.20927,1.47823,-0.80643,-0.63057,-0.86748,0.35640,0.55015,-1.20517,1.47751,-0.79732,-0.63549,-0.87318,0.37689,0.58445,-1.23063,1.49907,-0.80660,-0.60953,-0.88016,2.810,1.257,1.482,2.594,-0.114,-0.029,0.204
15.100000,755,0.35938,0.56154,-1.20927,1.48242,-0.80605,-0.62714,-0.86367,0.35680,0.57280,-1.20527,1.48201,-0.79720,-0.63152,-0.86787,0.37714,0.60704,-1.23107,1.50355,-0.80690,-0.60543,-0.87508,2.812,1.405,1.490,2.531,-0.130,-0.037,0.202
15.200000,760,0.35938,0.58519,-1.20889,1.48548,-0.80643,-0.62523,-0.85986,0.35721,0.59502,-1.20532,1.48563,-0.79726,-0.62777,-0.86279,0.37750,0.62932,-1.23163,1.50721,-0.80754,-0.60149,-0.86990,2.814,1.550,1.496,2.461,-0.146,-0.045,0.200
15.300000,765,0.35938,0.60732,-1.20927,1.48815,-0.80643,-0.62180,-0.85223,0.35779,0.61705,-1.20571,1.48840,-0.79793,-0.62413,-0.85735,0.37795,0.65129,-1.23232,1.51001,-0.80852,-0.59772,-0.86458,2.816,1.694,1.503,2.383,-0.162,-0.054,0.198
15.400000,770,0.35938,0.63059,-1.20927,1.48853,-0.80681,-0.61989,-0.84841,0.35842,0.63871,-1.20612,1.49029,-0.79872,-0.62071,-0.85173,0.37850,0.67295,-1.23314,1.51198,-0.80985,-0.59412,-0.85913,2.817,1.835,1.508,2.299,-0.177,-0.063,0.196
15.500000,775,0.35938,0.65195,-1.20889,1.48929,-0.80681,-0.61913,-0.84193,0.35917,0.66006,-1.20672,1.49140,-0.79997,-0.61742,-0.84602,0.37914,0.69431,-1.23407,1.51312,-0.81153,-0.59072,-0.85356,2.818,1.974,1.513,2.206,-0.193,-0.073,0.194
15.600000,780,0.35938,0.67408,-1.20927,1.49005,-0.80719,-0.61531,-0.83697,0.36006,0.68119,-1.20763,1.49172,-0.80198,-0.61417,-0.84030,0.37987,0.71534,-1.23514,1.51341,-0.81356,-0.58751,-0.84786,2.819,2.110,1.518,2.110,-0.208,-0.084,0.192
15.700000,785,0.35976,0.69391,-1.20927,1.49005,-0.80986,-0.61111,-0.83048,0.36096,0.70201,-1.20864,1.49129,-0.80410,-0.61121,-0.83426,0.38066,0.73605,-1.23630,1.51302,-0.81592,-0.58453,-0.84209,2.812,2.245,1.525,2.047,-0.216,-0.096,0.186
15.800000,790,0.35976,0.71566,-1.20927,1.49005,-0.81063,-0.60768,-0.82552,0.36174,0.72240,-1.20952,1.49102,-0.80634,-0.60869,-0.82867,0.38133,0.75649,-1.23745,1.51280,-0.81841,-0.58181,-0.83654,2.795,2.375,1.537,2.027,-0.216,-0.110,0.173
15.900000,795,0.35976,0.73549,-1.20927,1.49005,-0.81101,-0.60425,-0.81827,0.36245,0.74260,-1.21045,1.49073,-0.80872,-0.60636,-0.82296,0.38192,0.77663,-1.23861,1.51258,-0.82107,-0.57934,-0.83116,2.789,2.502,1.541,1.944,-0.225,-0.123,0.170
16.000000,800,0.35976,0.75686,-1.20927,1.48967,-0.81253,-0.60387,-0.81408,0.36338,0.76226,-1.21142,1.48914,-0.81125,-0.60417,-0.81722,0.38270,0.79628,-1.23994,1.51101,-0.82418,-0.57712,-0.82550,2.798,2.627,1.535,1.790,-0.246,-0.136,0.175
16.100000,805,0.36014,0.77555,-1.20927,1.48967,-0.81482,-0.60349,-0.80797,0.36455,0.78148,-1.21271,1.48569,-0.81463,-0.60225,-0.81095,0.38376,0.81537,-1.24150,1.50757,-0.82785,-0.57515,-0.81941,2.805,2.750,1.532,1.672,-0.262,-0.152,0.177
16.200000,810,0.36243,0.79539,-1.20927,1.48662,-0.81787,-0.60234,-0.80416,0.36586,0.80005,-1.21410,1.48107,-0.81827,-0.60063,-0.80480,0.38496,0.83390,-1.24319,1.50296,-0.83192,-0.57348,-0.81313,2.804,2.872,1.534,1.591,-0.270,-0.169,0.174
16.300000,815,0.36548,0.81255,-1.20927,1.48090,-0.82016,-0.60120,-0.79729,0.36728,0.81809,-1.21572,1.47555,-0.82242,-0.59935,-0.79824,0.38623,0.85189,-1.24497,1.49748,-0.83632,-0.57212,-0.80677,2.803,2.991,1.535,1.516,-0.277,-0.187,0.170
16.400000,820,0.36548,0.83010,-1.20965,1.47518,-0.83161,-0.60081,-0.78928,0.36881,0.83561,-1.21735,1.46919,-0.82675,-0.59806,-0.79194,0.38758,0.86932,-1.24683,1.49114,-0.84105,-0.57108,-0.80033,2.801,3.106,1.536,1.444,-0.283,-0.207,0.166
16.500000,825,0.36815,0.84879,-1.21041,1.46755,-0.83695,-0.60043,-0.78470,0.37030,0.85249,-1.21907,1.46187,-0.83160,-0.59759,-0.78497,0.38900,0.88618,-1.24876,1.48394,-0.84610,-0.57037,-0.79383,2.799,3.220,1.536,1.374,-0.288,-0.227,0.163
16.600000,830,0.36815,0.86405,-1.21079,1.45915,-0.84000,-0.60081,-0.77784,0.37198,0.86883,-1.22096,1.45374,-0.83674,-0.59741,-0.77800,0.39049,0.90246,-1.25075,1.47587,-0.85147,-0.57001,-0.78727,2.797,3.331,1.537,1.306,-0.292,-0.248,0.159
16.700000,835,0.36815,0.88084,-1.21156,1.45038,-0.84153,-0.60081,-0.76983,0.37356,0.88441,-1.22269,1.44467,-0.84200,-0.59764,-0.77153,0.39205,0.91814,-1.25281,1.46694,-0.85715,-0.56999,-0.78065,2.795,3.439,1.536,1.239,-0.295,-0.269,0.155
16.800000,840,0.37120,0.89610,-1.21232,1.43970,-0.84763,-0.60120,-0.76220,0.37539,0.89972,-1.22484,1.43484,-0.84786,-0.59767,-0.76434,0.39369,0.93322,-1.25492,1.45713,-0.86312,-0.57034,-0.77398,2.793,3.545,1.536,1.172,-0.298,-0.290,0.151
16.900000,845,0.37158,0.91021,-1.21423,1.42864,-0.85946,-0.60158,-0.75571,0.37732,0.91433,-1.22708,1.42414,-0.85409,-0.59818,-0.75747,0.39540,0.94767,-1.25708,1.44644,-0.86939,-0.57106,-0.76727,2.790,3.648,1.535,1.105,-0.300,-0.312,0.147
17.000000,850,0.37349,0.92585,-1.21728,1.41605,-0.86365,-0.60234,-0.75113,0.37908,0.92788,-1.22882,1.41236,-0.86011,-0.59998,-0.75089,0.39718,0.96148,-1.25928,1.43487,-0.87594,-0.57215,-0.76052,2.788,3.749,1.534,1.038,-0.302,-0.333,0.143
17.100000,855,0.37387,0.93882,-1.21804,1.40231,-0.86785,-0.60425,-0.74274,0.38109,0.94112,-1.23100,1.39980,-0.86676,-0.60143,-0.74364,0.39904,0.97464,-1.26152,1.42241,-0.88277,-0.57364,-0.75375,2.786,3.848,1.533,0.970,-0.303,-0.354,0.138
17.200000,860,0.37883,0.95179,-1.21995,1.38858,-0.87510,-0.60501,-0.73588,0.38309,0.95376,-1.23319,1.38636,-0.87364,-0.60330,-0.73639,0.40096,0.98713,-1.26378,1.40907,-0.88986,-0.57552,-0.74695,2.784,3.944,1.531,0.902,-0.304,-0.373,0.134
17.300000,865,0.38341,0.96438,-1.22415,1.37447,-0.88578,-0.60654,-0.72901,0.38528,0.96557,-1.23536,1.37205,-0.88070,-0.60569,-0.72954,0.40297,0.99894,-1.26605,1.39483,-0.89721,-0.57781,-0.74015,2.782,4.038,1.529,0.832,-0.304,-0.392,0.130
17.400000,870,0.38494,0.97621,-1.22491,1.35883,-0.89074,-0.61188,-0.72481,0.38751,0.97667,-1.23762,1.35674,-0.88804,-0.60853,-0.72232,0.40505,1.01005,-1.26834,1.37969,-0.90481,-0.58050,-0.73333,2.780,4.129,1.526,0.762,-0.304,-0.408,0.126
17.500000,875,0.38494,0.98536,-1.23063,1.34128,-0.89493,-0.61378,-0.71337,0.38976,0.98724,-1.23990,1.34062,-0.89591,-0.61152,-0.71533,0.40720,1.02047,-1.27064,1.36365,-0.91264,-0.58361,-0.72652,2.778,4.217,1.523,0.691,-0.304,-0.424,0.121
17.600000,880,0.38761,0.99528,-1.23139,1.32526,-0.90600,-0.62065,-0.70841,0.39221,0.99695,-1.24227,1.32351,-0.90359,-0.61511,-0.70783,0.40944,1.03015,-1.27293,1.34668,-0.92071,-0.58715,-0.71971,2.777,4.303,1.520,0.620,-0.304,-0.438,0.117
17.700000,885,0.39028,1.00443,-1.23139,1.30733,-0.91668,-0.62408,-0.70192,0.39469,1.00595,-1.24458,1.30554,-0.91179,-0.61904,-0.70093,0.41177,1.03909,-1.27521,1.32877,-0.92899,-0.59113,-0.71292,2.776,4.385,1.516,0.547,-0.303,-0.451,0.112
17.800000,890,0.39066,1.01626,-1.23712,1.28749,-0.92202,-0.62790,-0.69391,0.39712,1.01416,-1.24678,1.28654,-0.92023,-0.62364,-0.69402,0.41418,1.04730,-1.27748,1.30992,-0.93750,-0.59555,-0.70615,2.775,4.464,1.511,0.474,-0.302,-0.462,0.108
17.900000,895,0.39524,1.02084,-1.23979,1.26803,-0.92850,-0.63133,-0.68743,0.39976,1.02179,-1.24921,1.26661,-0.92882,-0.62835,-0.68674,0.41669,1.05474,-1.27973,1.29010,-0.94621,-0.60043,-0.69940,2.775,4.539,1.505,0.399,-0.301,-0.471,0.104
18.000000,900,0.40134,1.02961,-1.24284,1.24705,-0.94185,-0.63782,-0.68018,0.40253,1.02837,-1.25132,1.24566,-0.93724,-0.63390,-0.67997,0.41930,1.06142,-1.28196,1.26930,-0.95513,-0.60577,-0.69267,2.776,4.609,1.499,0.324,-0.300,-0.479,0.099
18.100000,905,0.40172,1.03419,-1.24475,1.22416,-0.94643,-0.64468,-0.67598,0.40542,1.03433,-1.25365,1.22367,-0.94636,-0.63975,-0.67264,0.42201,1.06731,-1.28415,1.24748,-0.96425,-0.61160,-0.68598,2.777,4.674,1.492,0.248,-0.299,-0.485,0.095
18.200000,910,0.40439,1.03495,-1.24703,1.20128,-0.95368,-0.65079,-0.66874,0.40828,1.03953,-1.25593,1.20070,-0.95567,-0.64611,-0.66569,0.42484,1.07241,-1.28631,1.22461,-0.97357,-0.61791,-0.67931,2.778,4.733,1.483,0.172,-0.298,-0.490,0.091
18.300000,915,0.40706,1.04525,-1.25047,1.17762,-0.96856,-0.65765,-0.65996,0.41139,1.04373,-1.25806,1.17661,-0.96475,-0.65291,-0.65930,0.42779,1.07671,-1.28844,1.20065,-0.98310,-0.62473,-0.67268,2.781,4.784,1.473,0.094,-0.296,-0.494,0.086
18.400000,920,0.40973,1.05059,-1.25161,1.15092,-0.97542,-0.66452,-0.65310,0.41455,1.04723,-1.26030,1.15133,-0.97447,-0.66032,-0.65228,0.43087,1.08017,-1.29052,1.17555,-0.99284,-0.63209,-0.66608,2.784,4.826,1.462,0.015,-0.295,-0.497,0.082
18.500000,925,0.41660,1.05059,-1.25314,1.12498,-0.98611,-0.67253,-0.64814,0.41794,1.04996,-1.26243,1.12487,-0.98404,-0.66817,-0.64493,0.43410,1.08278,-1.29257,1.14924,-1.00279,-0.64002,-0.65951,2.789,4.860,1.449,-0.064,-0.293,-0.499,0.078
18.600000,930,0.41851,1.05097,-1.25733,1.09675,-0.99602,-0.68131,-0.63974,0.42151,1.05177,-1.26461,1.09715,-0.99420,-0.67664,-0.63835,0.43750,1.08453,-1.29456,1.12163,-1.01297,-0.64854,-0.65296,2.794,4.885,1.434,-0.145,-0.291,-0.500,0.074
18.700000,935,0.42156,1.05097,-1.25772,1.06623,-1.00251,-0.68894,-0.63135,0.42513,1.05259,-1.26666,1.06796,-1.00436,-0.68602,-0.63150,0.44108,1.08537,-1.29652,1.09263,-1.02339,-0.65770,-0.64644,2.801,4.902,1.417,-0.227,-0.289,-0.500,0.071
18.800000,940,0.42385,1.05097,-1.25772,1.03533,-1.01815,-0.69962,-0.62716,0.42913,1.05245,-1.26868,1.03733,-1.01455,-0.69565,-0.62469,0.44487,1.08525,-1.29842,1.06214,-1.03407,-0.66754,-0.63993,2.810,4.900,1.398,-0.311,-0.287,-0.499,0.066
18.900000,945,0.42842,1.05097,-1.26344,1.00253,-1.02463,-0.70954,-0.62372,0.43312,1.05068,-1.27058,1.00500,-1.02526,-0.70619,-0.61809,0.44896,1.08344,-1.30026,1.02999,-1.04486,-0.67794,-0.63349,2.825,4.853,1.377,-0.394,-0.283,-0.497,0.062
19.000000,950,0.43529,1.05059,-1.26420,0.96858,-1.03532,-0.71907,-0.61609,0.43761,1.04768,-1.27276,0.97088,-1.03624,-0.71734,-0.61123,0.45332,1.08045,-1.30205,0.99614,-1.05590,-0.68908,-0.62707,2.836,4.920,1.348,-0.477,-0.282,-0.496,0.059
19.100000,955,0.43872,1.05059,-1.26420,0.93195,-1.04867,-0.73281,-0.60656,0.44213,1.04461,-1.27493,0.93487,-1.04816,-0.73005,-0.60392,0.45784,1.07759,-1.30384,0.96065,-1.06747,-0.70133,-0.62064,2.846,4.952,1.317,-0.565,-0.279,-0.494,0.054
19.200000,960,0.44292,1.04983,-1.27069,0.89419,-1.05897,-0.74387,-0.60007,0.44661,1.04075,-1.27760,0.89817,-1.06112,-0.74329,-0.59650,0.46259,1.07412,-1.30549,0.92463,-1.07888,-0.71404,-0.61426,2.847,5.156,1.317,-0.637,-0.263,-0.481,0.053
19.300000,965,0.44941,1.05136,-1.27069,0.87626,-1.06583,-0.75112,-0.59244,0.44961,1.04825,-1.28118,0.89026,-1.07004,-0.74798,-0.58679,0.46642,1.08285,-1.30481,0.91860,-1.08008,-0.71711,-0.60723,2.770,5.581,1.556,0.030,0.340,0.106,0.069
19.400000,970,0.45131,1.06929,-1.27030,0.91708,-1.04790,-0.72899,-0.57909,0.45123,1.06991,-1.28325,0.92084,-1.06812,-0.73953,-0.57795,0.46906,1.10567,-1.30125,0.95030,-1.06824,-0.70739,-0.59937,2.725,5.605,1.663,0.075,0.360,0.147,0.076
19.500000,975,0.45169,1.09217,-1.27030,0.95408,-1.04256,-0.71640,-0.57222,0.45386,1.09366,-1.28074,0.95513,-1.05724,-0.72857,-0.57039,0.47168,1.12953,-1.29749,0.98445,-1.05554,-0.69684,-0.59136,2.693,5.617,1.736,0.097,0.356,0.145,0.080
19.600000,980,0.45246,1.11773,-1.27030,0.98841,-1.02845,-0.70572,-0.56574,0.45645,1.11765,-1.27672,0.98933,-1.04459,-0.71822,-0.56216,0.47429,1.15335,-1.29374,1.01855,-1.04285,-0.68631,-0.58336,2.656,5.625,1.804,0.117,0.350,0.143,0.082
19.700000,985,0.45665,1.14024,-1.26954,1.02236,-1.01891,-0.69847,-0.55620,0.45917,1.14122,-1.27264,1.02302,-1.03156,-0.70787,-0.55387,0.47686,1.17675,-1.29005,1.05205,-1.03039,-0.67596,-0.57551,2.615,5.629,1.867,0.133,0.345,0.140,0.082
19.800000,990,0.45704,1.16313,-1.26954,1.05517,-1.00976,-0.68703,-0.54933,0.46095,1.16114,-1.26960,1.05644,-1.01962,-0.69704,-0.54788,0.47840,1.19629,-1.28684,1.08522,-1.01811,-0.66541,-0.57028,2.417,5.596,1.876,0.160,0.340,0.143,-0.177
19.900000,995,0.45665,1.17495,-1.26954,1.08950,-0.99412,-0.67482,-0.55925,0.45878,1.16770,-1.26874,1.09154,-1.00765,-0.68429,-0.55041,0.47595,1.20204,-1.28523,1.12008,-1.00540,-0.65319,-0.57524,2.228,5.310,1.848,0.233,0.332,0.141,-0.487
20.000000,1000,0.45627,1.17572,-1.26954,1.12574,-0.98611,-0.66300,-0.57337,0.45548,1.17042,-1.26783,1.12635,-0.99564,-0.67189,-0.55817,0.47224,1.20417,-1.28410,1.15434,-0.99315,-0.64151,-0.58343,2.213,5.232,1.883,0.312,0.320,0.129,-0.479
20.100000,1005,0.45551,1.17610,-1.26954,1.15855,-0.97123,-0.65270,-0.58062,0.45205,1.17183,-1.26602,1.15907,-0.98320,-0.66110,-0.56656,0.46878,1.20544,-1.28290,1.18675,-0.98129,-0.63075,-0.59154,2.212,5.029,1.920,0.387,0.311,0.119,-0.469
20.200000,1010,0.45360,1.17801,-1.26916,1.18869,-0.96360,-0.64392,-0.58405,0.44891,1.17167,-1.26388,1.18997,-0.97067,-0.65092,-0.57495,0.46562,1.20512,-1.28159,1.21734,-0.96962,-0.62069,-0.59962,2.211,4.863,1.953,0.464,0.301,0.109,-0.459
20.300000,1015,0.45360,1.17762,-1.26763,1.21806,-0.94834,-0.63400,-0.59091,0.44588,1.17053,-1.26180,1.21928,-0.95881,-0.64176,-0.58317,0.46266,1.20390,-1.28019,1.24638,-0.95823,-0.61137,-0.60764,2.209,4.717,1.982,0.540,0.292,0.098,-0.449
20.400000,1020,0.45017,1.17762,-1.26725,1.24591,-0.93842,-0.62637,-0.59969,0.44317,1.16856,-1.25976,1.24733,-0.94690,-0.63271,-0.59158,0.45987,1.20181,-1.27872,1.27409,-0.94706,-0.60271,-0.61566,2.207,4.576,2.009,0.615,0.283,0.087,-0.440
20.500000,1025,0.44826,1.17762,-1.26267,1.27261,-0.92965,-0.61951,-0.60656,0.44051,1.16572,-1.25754,1.27412,-0.93518,-0.62468,-0.59979,0.45723,1.19889,-1.27716,1.30064,-0.93608,-0.59466,-0.62371,2.205,4.442,2.034,0.690,0.274,0.075,-0.432
20.600000,1030,0.44788,1.17648,-1.26077,1.29779,-0.91515,-0.61188,-0.61495,0.43788,1.16254,-1.25530,1.30002,-0.92387,-0.61719,-0.60809,0.45464,1.19565,-1.27554,1.32627,-0.92535,-0.58725,-0.63179,2.197,4.361,2.053,0.764,0.265,0.061,-0.423
20.700000,1035,0.43949,1.17038,-1.25619,1.32297,-0.90828,-0.60387,-0.62601,0.43549,1.15999,-1.25360,1.32536,-0.91347,-0.60998,-0.61656,0.45204,1.19282,-1.27392,1.35121,-0.91502,-0.58057,-0.63989,2.187,4.265,2.071,0.834,0.257,0.047,-0.415
20.800000,1040,0.43682,1.16313,-1.25619,1.34814,-0.89493,-0.60005,-0.63250,0.43285,1.15600,-1.25133,1.34943,-0.90261,-0.60387,-0.62481,0.44959,1.18877,-1.27220,1.37508,-0.90476,-0.57433,-0.64804,2.191,4.101,2.093,0.904,0.251,0.036,-0.408
20.900000,1045,0.43682,1.16122,-1.25199,1.36989,-0.88578,-0.59547,-0.64089,0.43051,1.15014,-1.24888,1.37232,-0.89152,-0.59795,-0.63335,0.44734,1.18293,-1.27036,1.39774,-0.89446,-0.56845,-0.65626,2.195,3.975,2.111,0.976,0.244,0.023,-0.400
21.000000,1050,0.43453,1.15092,-1.24856,1.39278,-0.87815,-0.59128,-0.64814,0.42838,1.14368,-1.24679,1.39424,-0.88135,-0.59226,-0.64153,0.44520,1.17614,-1.26846,1.41937,-0.88432,-0.56307,-0.66452,2.198,3.863,2.126,1.048,0.237,0.007,-0.392
21.100000,1055,0.43148,1.14405,-1.24780,1.41528,-0.86327,-0.58479,-0.65500,0.42628,1.13608,-1.24458,1.41522,-0.87105,-0.58725,-0.65057,0.44314,1.16856,-1.26650,1.44002,-0.87437,-0.55820,-0.67280,2.201,3.754,2.138,1.119,0.229,-0.011,-0.384
21.200000,1060,0.43148,1.13910,-1.24551,1.43398,-0.85831,-0.57983,-0.66263,0.42424,1.12789,-1.24205,1.43517,-0.86056,-0.58261,-0.65903,0.44116,1.16023,-1.26450,1.45973,-0.86462,-0.55383,-0.68110,2.205,3.647,2.149,1.189,0.222,-0.030,-0.376
21.300000,1065,0.43110,1.12613,-1.24208,1.45381,-0.84534,-0.57602,-0.67293,0.42235,1.11897,-1.23989,1.45421,-0.85085,-0.57857,-0.66724,0.43925,1.15111,-1.26245,1.47849,-0.85508,-0.54996,-0.68943,2.211,3.541,2.158,1.259,0.216,-0.051,-0.369
21.400000,1070,0.42537,1.11735,-1.23979,1.47174,-0.83657,-0.57487,-0.68171,0.42055,1.10906,-1.23740,1.47235,-0.84090,-0.57494,-0.67618,0.43741,1.14124,-1.26038,1.49636,-0.84575,-0.54656,-0.69778,2.217,3.436,2.165,1.327,0.209,-0.073,-0.361
21.500000,1075,0.42041,1.10438,-1.23635,1.48967,-0.83123,-0.57373,-0.68895,0.41872,1.09867,-1.23517,1.48961,-0.83149,-0.57178,-0.68474,0.43563,1.13062,-1.25827,1.51333,-0.83663,-0.54364,-0.70615,2.224,3.331,2.171,1.395,0.202,-0.097,-0.354
21.600000,1080,0.42003,1.09332,-1.23483,1.50569,-0.81711,-0.57144,-0.69697,0.41677,1.08721,-1.23253,1.50586,-0.82209,-0.56962,-0.69335,0.43390,1.11924,-1.25615,1.52943,-0.82775,-0.54119,-0.71454,2.232,3.227,2.175,1.461,0.196,-0.121,-0.347
21.700000,1085,0.41965,1.08264,-1.23368,1.52095,-0.80986,-0.57030,-0.70498,0.41505,1.07518,-1.23000,1.52139,-0.81280,-0.56717,-0.70226,0.43223,1.10715,-1.25401,1.54467,-0.81910,-0.53920,-0.72293,2.242,3.122,2.177,1.526,0.189,-0.148,-0.340
21.800000,1090,0.41736,1.06814,-1.22987,1.53621,-0.80414,-0.56953,-0.71261,0.41349,1.06261,-1.22792,1.53605,-0.80426,-0.56534,-0.71067,0.43061,1.09431,-1.25186,1.55904,-0.81072,-0.53768,-0.73133,2.252,3.017,2.178,1.591,0.182,-0.175,-0.333
21.900000,1095,0.41698,1.05479,-1.22834,1.55071,-0.79155,-0.56839,-0.72024,0.41180,1.04906,-1.22551,1.54974,-0.79581,-0.56431,-0.71930,0.42904,1.08072,-1.24971,1.57251,-0.80260,-0.53661,-0.73972,2.265,2.911,2.177,1.653,0.175,-0.204,-0.326
22.000000,1100,0.41469,1.04144,-1.22682,1.56330,-0.78430,-0.56801,-0.73168,0.41031,1.03431,-1.22296,1.56207,-0.78723,-0.56333,-0.72846,0.42762,1.06605,-1.24761,1.58454,-0.79485,-0.53600,-0.74793,2.288,2.802,2.172,1.710,0.166,-0.233,-0.317
22.100000,1105,0.41507,1.02427,-1.22224,1.57360,-0.78011,-0.56801,-0.73855,0.40905,1.01860,-1.22081,1.57252,-0.77964,-0.56284,-0.73637,0.42641,1.05001,-1.24559,1.59473,-0.78754,-0.53586,-0.75587,2.312,2.693,2.165,1.763,0.157,-0.262,-0.309
22.200000,1110,0.41469,1.00596,-1.22148,1.58390,-0.77439,-0.56839,-0.74579,0.40780,1.00206,-1.21886,1.58219,-0.77252,-0.56299,-0.74440,0.42523,1.03338,-1.24359,1.60417,-0.78052,-0.53615,-0.76381,2.322,2.585,2.162,1.824,0.151,-0.286,-0.305
22.300000,1115,0.41202,0.99146,-1.21995,1.59305,-0.76142,-0.56839,-0.75686,0.40651,0.98552,-1.21681,1.59207,-0.76550,-0.56339,-0.75287,0.42391,1.01683,-1.24157,1.61383,-0.77366,-0.53682,-0.77197,2.329,2.478,2.158,1.885,0.145,-0.310,-0.302
22.400000,1120,0.40668,0.97239,-1.21652,1.60335,-0.75760,-0.56992,-0.76372,0.40508,0.96873,-1.21477,1.60163,-0.75857,-0.56421,-0.76148,0.42255,0.99997,-1.23955,1.62313,-0.76707,-0.53788,-0.78020,2.343,2.370,2.150,1.939,0.136,-0.333,-0.296
22.500000,1125,0.40401,0.95599,-1.21575,1.61174,-0.75417,-0.57106,-0.76868,0.40361,0.95136,-1.21250,1.61030,-0.75188,-0.56553,-0.76999,0.42123,0.98251,-1.23758,1.63162,-0.76082,-0.53935,-0.78838,2.360,2.260,2.139,1.988,0.127,-0.355,-0.290
22.600000,1130,0.40363,0.93729,-1.21461,1.61899,-0.74921,-0.57182,-0.77936,0.40221,0.93341,-1.21042,1.61819,-0.74569,-0.56725,-0.77833,0.41996,0.96445,-1.23566,1.63928,-0.75492,-0.54120,-0.79648,2.377,2.150,2.127,2.034,0.116,-0.375,-0.285
22.700000,1135,0.40325,0.91937,-1.21003,1.62662,-0.73853,-0.57487,-0.78661,0.40085,0.91454,-1.20833,1.62508,-0.73958,-0.56973,-0.78664,0.41873,0.94578,-1.23382,1.64606,-0.74940,-0.54344,-0.80448,2.396,2.038,2.114,2.075,0.105,-0.394,-0.279
22.800000,1140,0.40325,0.89877,-1.20889,1.63196,-0.73357,-0.57678,-0.79386,0.39959,0.89555,-1.20645,1.63129,-0.73419,-0.57175,-0.79483,0.41755,0.92655,-1.23204,1.65200,-0.74426,-0.54605,-0.81239,2.415,1.925,2.098,2.111,0.092,-0.409,-0.274
22.900000,1145,0.40058,0.87740,-1.20736,1.63768,-0.73128,-0.57831,-0.80263,0.39850,0.87596,-1.20493,1.63674,-0.72935,-0.57414,-0.80314,0.41642,0.90679,-1.23034,1.65711,-0.73950,-0.54900,-0.82020,2.435,1.811,2.081,2.140,0.079,-0.423,-0.268
23.000000,1150,0.39867,0.85986,-1.20431,1.64035,-0.72823,-0.58022,-0.81103,0.39731,0.85566,-1.20327,1.64120,-0.72469,-0.57730,-0.81141,0.41533,0.88651,-1.22873,1.66139,-0.73513,-0.55229,-0.82788,2.455,1.697,2.062,2.162,0.064,-0.435,-0.263
23.100000,1155,0.39829,0.83773,-1.20355,1.64531,-0.72670,-0.58365,-0.81675,0.39618,0.83505,-1.20180,1.64482,-0.72058,-0.58063,-0.81905,0.41431,0.86572,-1.22722,1.66478,-0.73118,-0.55591,-0.83543,2.477,1.580,2.041,2.175,0.047,-0.445,-0.258
23.200000,1160,0.39829,0.81637,-1.20355,1.64722,-0.72403,-0.58937,-0.82438,0.39511,0.81371,-1.20020,1.64749,-0.71648,-0.58453,-0.82671,0.41334,0.84446,-1.22581,1.66735,-0.72763,-0.55983,-0.84284,2.499,1.463,2.019,2.181,0.029,-0.453,-0.253
23.300000,1165,0.39829,0.79386,-1.20164,1.64913,-0.71907,-0.59586,-0.83239,0.39406,0.79198,-1.19879,1.64936,-0.71305,-0.58869,-0.83427,0.41243,0.82275,-1.22451,1.66909,-0.72449,-0.56402,-0.85011,2.522,1.344,1.995,2.179,0.009,-0.460,-0.248
23.400000,1170,0.39829,0.77288,-1.20164,1.64989,-0.71144,-0.59814,-0.83964,0.39311,0.76993,-1.19768,1.65045,-0.71025,-0.59280,-0.84179,0.41158,0.80062,-1.22333,1.66996,-0.72177,-0.56850,-0.85721,2.545,1.224,1.969,2.172,-0.012,-0.466,-0.243
23.500000,1175,0.39829,0.74999,-1.20088,1.64989,-0.70877,-0.60272,-0.84727,0.39230,0.74753,-1.19681,1.65072,-0.70777,-0.59715,-0.84902,0.41080,0.77808,-1.22228,1.67001,-0.71945,-0.57321,-0.86417,2.570,1.103,1.942,2.162,-0.035,-0.470,-0.238
23.600000,1180,0.39791,0.72786,-1.20049,1.64989,-0.70839,-0.60539,-0.85566,0.39151,0.72463,-1.19583,1.65009,-0.70566,-0.60183,-0.85624,0.41009,0.75516,-1.22135,1.66921,-0.71756,-0.57816,-0.87095,2.594,0.980,1.912,2.151,-0.058,-0.473,-0.234
23.700000,1185,0.39791,0.70307,-1.19706,1.64989,-0.70801,-0.61111,-0.86443,0.39080,0.70142,-1.19520,1.64857,-0.70395,-0.60683,-0.86297,0.40945,0.73189,-1.22056,1.66757,-0.71607,-0.58332,-0.87757,2.620,0.856,1.882,2.142,-0.083,-0.475,-0.229
23.800000,1190,0.39753,0.68056,-1.19706,1.64951,-0.70610,-0.61684,-0.86825,0.39013,0.67785,-1.19458,1.64624,-0.70273,-0.61200,-0.86976,0.40890,0.70827,-1.21992,1.66508,-0.71500,-0.58867,-0.88401,2.646,0.730,1.850,2.137,-0.108,-0.476,-0.225
23.900000,1195,0.39524,0.65577,-1.19706,1.64951,-0.70610,-0.62332,-0.87283,0.38960,0.65393,-1.19417,1.64309,-0.70202,-0.61719,-0.87649,0.40843,0.68434,-1.21941,1.66176,-0.71433,-0.59419,-0.89028,2.672,0.603,1.816,2.137,-0.134,-0.477,-0.220
24.000000,1200,0.39028,0.63288,-1.19668,1.64531,-0.70610,-0.62790,-0.87931,0.38915,0.62971,-1.19390,1.63911,-0.70158,-0.62263,-0.88316,0.40804,0.66011,-1.21906,1.65759,-0.71406,-0.59987,-0.89638,2.699,0.474,1.781,2.143,-0.159,-0.476,-0.216
24.100000,1205,0.38951,0.60732,-1.19630,1.64150,-0.70610,-0.63171,-0.88732,0.38871,0.60525,-1.19380,1.63423,-0.70161,-0.62817,-0.88934,0.40775,0.63558,-1.21885,1.65258,-0.71417,-0.60569,-0.90231,2.727,0.344,1.745,2.152,-0.185,-0.476,-0.212
24.200000,1210,0.38951,0.58290,-1.19630,1.63539,-0.70648,-0.63591,-0.89266,0.38841,0.58045,-1.19381,1.62848,-0.70196,-0.63402,-0.89544,0.40755,0.61073,-1.21879,1.64671,-0.71467,-0.61164,-0.90808,2.754,0.211,1.707,2.164,-0.209,-0.475,-0.208
24.300000,1215,0.38951,0.55773,-1.19630,1.62853,-0.70686,-0.64316,-0.89800,0.38830,0.55541,-1.19415,1.62187,-0.70281,-0.63979,-0.90101,0.40746,0.58552,-1.21889,1.63995,-0.71556,-0.61772,-0.91370,2.783,0.076,1.668,2.179,-0.233,-0.474,-0.204
24.400000,1220,0.38951,0.53140,-1.19630,1.62166,-0.70877,-0.65003,-0.90296,0.38824,0.52972,-1.19452,1.61424,-0.70389,-0.64579,-0.90698,0.40749,0.55987,-1.21916,1.63220,-0.71683,-0.62393,-0.91917,2.815,-0.062,1.625,2.194,-0.257,-0.472,-0.199
24.500000,1225,0.38951,0.50585,-1.19630,1.61174,-0.70954,-0.65498,-0.91326,0.38846,0.50368,-1.19513,1.60487,-0.70541,-0.65181,-0.91246,0.40779,0.53384,-1.21972,1.62270,-0.71858,-0.63013,-0.92420,2.861,-0.202,1.572,2.205,-0.287,-0.467,-0.184
24.600000,1230,0.38951,0.47838,-1.19630,1.59992,-0.71068,-0.65842,-0.91670,0.38885,0.47712,-1.19616,1.59399,-0.70777,-0.65777,-0.91750,0.40830,0.50711,-1.22051,1.61171,-0.72078,-0.63646,-0.92901,2.885,-0.347,1.537,2.228,-0.304,-0.470,-0.193
24.700000,1235,0.38951,0.45206,-1.19630,1.58885,-0.71335,-0.66643,-0.92089,0.38910,0.44873,-1.19716,1.58285,-0.71026,-0.66488,-0.92259,0.40867,0.47892,-1.22126,1.60078,-0.72325,-0.64331,-0.93445,2.901,-0.505,1.501,2.254,-0.322,-0.475,-0.206
24.800000,1240,0.38951,0.42154,-1.19630,1.57665,-0.71716,-0.67520,-0.92471,0.38936,0.41910,-1.19843,1.57022,-0.71372,-0.67230,-0.92762,0.40914,0.44956,-1.22222,1.58844,-0.72623,-0.65047,-0.93991,2.937,-0.668,1.458,2.275,-0.339,-0.470,-0.201
24.900000,1245,0.38951,0.39369,-1.19630,1.56635,-0.72518,-0.68016,-0.93157,0.38967,0.39346,-1.19884,1.56327,-0.71764,-0.67787,-0.93197,0.40972,0.42453,-1.22099,1.58230,-0.72722,-0.65539,-0.94544,2.956,-0.776,1.714,2.852,-0.021,-0.254,-0.205
25.000000,1250,0.38951,0.37881,-1.19286,1.58161,-0.71221,-0.67139,-0.93653,0.38941,0.38659,-1.19249,1.58127,-0.71707,-0.67603,-0.93674,0.41041,0.41965,-1.21131,1.60193,-0.71961,-0.65103,-0.95050,2.977,-0.274,1.796,2.988,0.143,0.115,-0.178
25.100000,1255,0.38951,0.38034,-1.17684,1.61480,-0.70458,-0.65689,-0.93997,0.38979,0.39081,-1.18072,1.61229,-0.70878,-0.66742,-0.94153,0.41125,0.42477,-1.19760,1.63350,-0.70787,-0.64202,-0.95502,2.986,-0.191,1.807,3.000,0.147,0.129,-0.177
25.200000,1260,0.38951,0.38263,-1.16311,1.64837,-0.69809,-0.64812,-0.94340,0.39050,0.39596,-1.16667,1.64457,-0.69726,-0.65827,-0.94663,0.41211,0.43012,-1.18364,1.66566,-0.69592,-0.63282,-0.95958,2.991,-0.159,1.813,3.003,0.148,0.135,-0.177
25.300000,1265,0.38990,0.38950,-1.14900,1.67965,-0.68207,-0.63858,-0.94683,0.39108,0.40259,-1.15247,1.67554,-0.68498,-0.64957,-0.95175,0.41287,0.43702,-1.17047,1.69642,-0.68443,-0.62371,-0.96340,2.974,-0.049,1.808,2.992,0.140,0.138,-0.052
25.400000,1270,0.38990,0.40399,-1.14137,1.70215,-0.67558,-0.62866,-0.94264,0.39088,0.42276,-1.14274,1.69686,-0.67344,-0.64094,-0.95431,0.41280,0.45762,-1.16339,1.71718,-0.67643,-0.61501,-0.96138,2.906,0.114,1.712,2.957,0.096,0.131,0.284
25.500000,1275,0.38951,0.43604,-1.14022,1.71436,-0.66986,-0.62294,-0.93920,0.38977,0.45269,-1.13747,1.71066,-0.66459,-0.63381,-0.95197,0.41201,0.48819,-1.16089,1.73096,-0.67116,-0.60687,-0.95553,2.889,0.308,1.668,2.925,0.071,0.121,0.305
25.600000,1280,0.38951,0.46808,-1.13831,1.72466,-0.65689,-0.61913,-0.93539,0.38910,0.48302,-1.13420,1.72215,-0.65831,-0.62619,-0.94594,0.41139,0.51860,-1.15905,1.74254,-0.66671,-0.59891,-0.94916,2.894,0.493,1.674,2.891,0.054,0.113,0.306
25.700000,1285,0.38951,0.49783,-1.13831,1.73420,-0.65346,-0.60997,-0.93043,0.38877,0.51265,-1.13213,1.73249,-0.65393,-0.61836,-0.93938,0.41090,0.54804,-1.15750,1.75275,-0.66286,-0.59118,-0.94275,2.885,0.670,1.695,2.861,0.041,0.102,0.294
25.800000,1290,0.38951,0.52683,-1.13602,1.74373,-0.65270,-0.60234,-0.92204,0.38839,0.54112,-1.13040,1.74301,-0.65020,-0.61098,-0.93315,0.41030,0.57632,-1.15593,1.76317,-0.65934,-0.58391,-0.93701,2.864,0.837,1.722,2.836,0.034,0.091,0.274
25.900000,1295,0.38951,0.55582,-1.13183,1.75365,-0.65155,-0.59662,-0.91898,0.38796,0.56868,-1.12842,1.75272,-0.64653,-0.60411,-0.92768,0.40977,0.60392,-1.15451,1.77286,-0.65625,-0.57684,-0.93132,2.870,1.001,1.723,2.796,0.013,0.086,0.281
26.000000,1300,0.38951,0.58405,-1.13183,1.76128,-0.64964,-0.59242,-0.91288,0.38783,0.59617,-1.12685,1.76041,-0.64341,-0.59708,-0.92141,0.40956,0.63137,-1.15351,1.78053,-0.65376,-0.56970,-0.92494,2.874,1.163,1.726,2.749,-0.009,0.080,0.285
26.100000,1305,0.38951,0.61151,-1.13183,1.76739,-0.64888,-0.58250,-0.90868,0.38786,0.62337,-1.12563,1.76704,-0.64104,-0.59009,-0.91506,0.40951,0.65854,-1.15276,1.78710,-0.65178,-0.56264,-0.91827,2.870,1.321,1.736,2.703,-0.029,0.073,0.282
26.200000,1310,0.38951,0.63860,-1.13183,1.77196,-0.64812,-0.57602,-0.89991,0.38801,0.65035,-1.12465,1.77268,-0.63903,-0.58330,-0.90807,0.40955,0.68543,-1.15221,1.79278,-0.65026,-0.55570,-0.91140,2.865,1.476,1.745,2.652,-0.051,0.066,0.280
26.300000,1315,0.38951,0.66607,-1.13183,1.77616,-0.64545,-0.57106,-0.89266,0.38830,0.67696,-1.12379,1.77751,-0.63737,-0.57665,-0.90092,0.40969,0.71207,-1.15186,1.79759,-0.64923,-0.54889,-0.90432,2.859,1.629,1.753,2.593,-0.075,0.058,0.277
26.400000,1320,0.38951,0.69277,-1.13145,1.78074,-0.64545,-0.56686,-0.88618,0.38866,0.70341,-1.12329,1.78145,-0.63641,-0.57009,-0.89350,0.40991,0.73846,-1.15171,1.80154,-0.64868,-0.54223,-0.89701,2.852,1.779,1.760,2.527,-0.101,0.050,0.275
26.500000,1325,0.38951,0.71947,-1.13107,1.78264,-0.64545,-0.56000,-0.87740,0.38911,0.72965,-1.12294,1.78455,-0.63600,-0.56364,-0.88578,0.41022,0.76457,-1.15175,1.80464,-0.64862,-0.53575,-0.88947,2.845,1.925,1.767,2.454,-0.126,0.043,0.271
26.600000,1330,0.38990,0.74656,-1.12992,1.78531,-0.64545,-0.55237,-0.86939,0.38964,0.75548,-1.12284,1.78678,-0.63604,-0.55751,-0.87790,0.41060,0.79038,-1.15197,1.80689,-0.64906,-0.52947,-0.88171,2.837,2.069,1.773,2.371,-0.152,0.034,0.268
26.700000,1335,0.38990,0.77212,-1.12992,1.78531,-0.64545,-0.54817,-0.86329,0.39024,0.78105,-1.12284,1.78814,-0.63656,-0.55152,-0.86966,0.41105,0.81587,-1.15238,1.80827,-0.65001,-0.52341,-0.87373,2.828,2.210,1.778,2.280,-0.178,0.025,0.265
26.800000,1340,0.38990,0.79844,-1.12992,1.78531,-0.64583,-0.54321,-0.85604,0.39090,0.80614,-1.12307,1.78862,-0.63756,-0.54591,-0.86161,0.41156,0.84099,-1.15297,1.80877,-0.65149,-0.51760,-0.86552,2.819,2.348,1.783,2.185,-0.203,0.016,0.261
26.900000,1345,0.38990,0.82209,-1.12992,1.78531,-0.64621,-0.53902,-0.84841,0.39159,0.83093,-1.12338,1.78820,-0.63902,-0.54055,-0.85294,0.41213,0.86573,-1.15372,1.80842,-0.65347,-0.51207,-0.85709,2.809,2.484,1.787,2.090,-0.225,0.005,0.257
27.000000,1350,0.38990,0.84879,-1.12992,1.78531,-0.64774,-0.53253,-0.83887,0.39234,0.85530,-1.12402,1.78701,-0.64125,-0.53540,-0.84444,0.41275,0.89005,-1.15463,1.80722,-0.65596,-0.50684,-0.84847,2.798,2.616,1.791,1.994,-0.246,-0.006,0.252
27.100000,1355,0.38990,0.87168,-1.12992,1.78493,-0.65041,-0.52833,-0.83048,0.39321,0.87921,-1.12471,1.78488,-0.64374,-0.53056,-0.83520,0.41341,0.91392,-1.15570,1.80515,-0.65896,-0.50193,-0.83964,2.787,2.745,1.795,1.901,-0.264,-0.018,0.248
27.200000,1360,0.38990,0.89610,-1.12992,1.78493,-0.65308,-0.52452,-0.82133,0.39409,0.90271,-1.12558,1.78194,-0.64689,-0.52604,-0.82602,0.41412,0.93731,-1.15690,1.80223,-0.66247,-0.49737,-0.83063,2.775,2.872,1.799,1.813,-0.279,-0.031,0.243
27.300000,1365,0.39028,0.91937,-1.12992,1.78341,-0.65460,-0.52185,-0.81141,0.39501,0.92566,-1.12668,1.77812,-0.65057,-0.52197,-0.81646,0.41487,0.96018,-1.15824,1.79843,-0.66647,-0.49318,-0.82143,2.763,2.995,1.802,1.731,-0.292,-0.046,0.238
27.400000,1370,0.39028,0.94225,-1.12992,1.77921,-0.65727,-0.51842,-0.80378,0.39597,0.94810,-1.12788,1.77346,-0.65483,-0.51818,-0.80693,0.41565,0.98251,-1.15969,1.79379,-0.67097,-0.48938,-0.81208,2.750,3.116,1.805,1.653,-0.303,-0.063,0.233
27.500000,1375,0.39028,0.96400,-1.12992,1.77311,-0.66071,-0.51651,-0.79539,0.39695,0.96991,-1.12914,1.76790,-0.65930,-0.51488,-0.79726,0.41646,1.00428,-1.16126,1.78828,-0.67593,-0.48598,-0.80258,2.737,3.234,1.808,1.579,-0.311,-0.081,0.228
27.600000,1380,0.39028,0.98612,-1.12992,1.76586,-0.66490,-0.51460,-0.78432,0.39795,0.99113,-1.13056,1.76146,-0.66444,-0.51193,-0.78743,0.41730,1.02544,-1.16293,1.78191,-0.68137,-0.48302,-0.79294,2.724,3.349,1.811,1.509,-0.318,-0.102,0.222
27.700000,1385,0.39066,1.00596,-1.12992,1.75823,-0.67711,-0.51346,-0.77593,0.39905,1.01183,-1.13219,1.75420,-0.67014,-0.50943,-0.77722,0.41816,1.04598,-1.16469,1.77470,-0.68724,-0.48049,-0.78319,2.711,3.462,1.814,1.440,-0.323,-0.124,0.217
27.800000,1390,0.39600,1.02694,-1.12992,1.74984,-0.68092,-0.51079,-0.76220,0.39996,1.03181,-1.13378,1.74601,-0.67625,-0.50765,-0.76707,0.41906,1.06588,-1.16652,1.76663,-0.69355,-0.47842,-0.77333,2.697,3.572,1.817,1.374,-0.326,-0.149,0.211
27.900000,1395,0.39905,1.04716,-1.12992,1.74106,-0.68436,-0.50888,-0.75495,0.40111,1.05104,-1.13554,1.73702,-0.68275,-0.50611,-0.75662,0.41997,1.08510,-1.16842,1.75771,-0.70026,-0.47683,-0.76338,2.684,3.679,1.820,1.307,-0.329,-0.175,0.206
28.000000,1400,0.39905,1.06738,-1.12992,1.73000,-0.68970,-0.50735,-0.74351,0.40226,1.06963,-1.13736,1.72720,-0.68958,-0.50500,-0.74650,0.42091,1.10364,-1.17038,1.74796,-0.70737,-0.47570,-0.75336,2.670,3.784,1.823,1.242,-0.330,-0.203,0.200
28.100000,1405,0.40020,1.08226,-1.13030,1.71894,-0.70343,-0.50735,-0.73359,0.40343,1.08773,-1.13935,1.71655,-0.69702,-0.50417,-0.73594,0.42188,1.12145,-1.17238,1.73734,-0.71485,-0.47507,-0.74328,2.657,3.887,1.826,1.176,-0.331,-0.232,0.194
28.200000,1410,0.40134,1.10171,-1.13068,1.70635,-0.70725,-0.50735,-0.72481,0.40451,1.10471,-1.14113,1.70497,-0.70458,-0.50442,-0.72576,0.42287,1.13856,-1.17442,1.72592,-0.72267,-0.47492,-0.73316,2.644,3.987,1.829,1.110,-0.331,-0.262,0.189
28.300000,1415,0.40172,1.11773,-1.13221,1.69376,-0.71335,-0.50735,-0.71299,0.40569,1.12118,-1.14312,1.69258,-0.71258,-0.50476,-0.71505,0.42389,1.15490,-1.17648,1.71363,-0.73083,-0.47530,-0.72300,2.631,4.085,1.832,1.043,-0.331,-0.291,0.183
28.400000,1420,0.40210,1.13375,-1.13297,1.68079,-0.72632,-0.50850,-0.70307,0.40703,1.13688,-1.14526,1.67948,-0.72082,-0.50549,-0.70455,0.42494,1.17050,-1.17856,1.70054,-0.73928,-0.47616,-0.71283,2.618,4.181,1.836,0.976,-0.330,-0.319,0.177
28.500000,1425,0.40439,1.15092,-1.13488,1.66591,-0.73319,-0.51079,-0.69162,0.40810,1.15177,-1.14719,1.66535,-0.72955,-0.50722,-0.69395,0.42603,1.18531,-1.18064,1.68660,-0.74803,-0.47754,-0.70266,2.606,4.275,1.839,0.909,-0.328,-0.347,0.172
28.600000,1430,0.40554,1.16465,-1.13755,1.65104,-0.73967,-0.51460,-0.68361,0.40938,1.16581,-1.14916,1.65046,-0.73834,-0.50910,-0.68328,0.42714,1.19934,-1.18272,1.67184,-0.75704,-0.47943,-0.69249,2.595,4.366,1.842,0.841,-0.327,-0.371,0.166
28.700000,1435,0.40706,1.17801,-1.13946,1.63539,-0.74921,-0.51803,-0.67331,0.41081,1.17917,-1.15134,1.63481,-0.74750,-0.51145,-0.67282,0.42830,1.21257,-1.18479,1.65625,-0.76628,-0.48183,-0.68234,2.583,4.455,1.846,0.772,-0.325,-0.394,0.160
28.800000,1440,0.40706,1.19212,-1.13946,1.61899,-0.75951,-0.51956,-0.66378,0.41219,1.19166,-1.15342,1.61829,-0.75690,-0.51444,-0.66231,0.42949,1.22501,-1.18683,1.63985,-0.77575,-0.48473,-0.67221,2.573,4.543,1.850,0.703,-0.323,-0.414,0.155
28.900000,1445,0.40859,1.20242,-1.14137,1.60068,-0.76676,-0.52338,-0.64966,0.41349,1.20336,-1.15534,1.60089,-0.76649,-0.51801,-0.65162,0.43074,1.23665,-1.18883,1.62263,-0.78542,-0.48815,-0.66211,2.563,4.628,1.853,0.633,-0.321,-0.431,0.150
29.000000,1450,0.41278,1.21425,-1.14594,1.58237,-0.78163,-0.52719,-0.64127,0.41502,1.21430,-1.15745,1.58282,-0.77615,-0.52174,-0.64120,0.43203,1.24748,-1.19080,1.60460,-0.79527,-0.49206,-0.65205,2.553,4.710,1.857,0.563,-0.319,-0.446,0.144
29.100000,1455,0.41317,1.22455,-1.14632,1.56368,-0.78888,-0.53139,-0.62983,0.41649,1.22431,-1.15942,1.56378,-0.78624,-0.52640,-0.63079,0.43338,1.25748,-1.19272,1.58574,-0.80528,-0.49649,-0.64203,2.544,4.791,1.861,0.493,-0.316,-0.458,0.139
29.200000,1460,0.41812,1.23408,-1.15014,1.54270,-0.79575,-0.53711,-0.62296,0.41795,1.23360,-1.16125,1.54392,-0.79615,-0.53136,-0.62014,0.43479,1.26668,-1.19458,1.56607,-0.81544,-0.50142,-0.63205,2.536,4.868,1.865,0.423,-0.314,-0.467,0.134
29.300000,1465,0.41812,1.24248,-1.15281,1.52439,-0.80872,-0.54359,-0.61228,0.41968,1.24198,-1.16316,1.52329,-0.80635,-0.53687,-0.61009,0.43627,1.27504,-1.19637,1.54556,-0.82573,-0.50685,-0.62212,2.529,4.942,1.869,0.352,-0.311,-0.475,0.129
29.400000,1470,0.41812,1.25049,-1.15281,1.49997,-0.81711,-0.54970,-0.60083,0.42135,1.24964,-1.16513,1.50181,-0.81704,-0.54281,-0.59957,0.43782,1.28258,-1.19809,1.52421,-0.83614,-0.51279,-0.61223,2.523,5.013,1.872,0.281,-0.308,-0.481,0.125
29.500000,1475,0.41851,1.25125,-1.15281,1.47823,-0.82856,-0.55351,-0.58977,0.42320,1.25657,-1.16715,1.47959,-0.82778,-0.54894,-0.58938,0.43946,1.28930,-1.19973,1.50202,-0.84667,-0.51922,-0.60238,2.518,5.080,1.876,0.209,-0.305,-0.485,0.120
29.600000,1480,0.42118,1.26346,-1.15739,1.45763,-0.84000,-0.56152,-0.57985,0.42487,1.26219,-1.16850,1.45631,-0.83786,-0.55627,-0.57999,0.44119,1.29522,-1.20127,1.47897,-0.85730,-0.52616,-0.59255,2.514,5.142,1.879,0.138,-0.302,-0.488,0.116
29.700000,1485,0.42270,1.27032,-1.15929,1.43054,-0.84534,-0.57144,-0.57184,0.42680,1.26743,-1.17016,1.43213,-0.84871,-0.56372,-0.56924,0.44302,1.30030,-1.20273,1.45500,-0.86804,-0.53362,-0.58275,2.510,5.198,1.882,0.066,-0.299,-0.490,0.111
29.800000,1490,0.42385,1.27757,-1.16044,1.40613,-0.86098,-0.57754,-0.56002,0.42895,1.27174,-1.17176,1.40708,-0.85961,-0.57173,-0.55906,0.44497,1.30457,-1.20408,1.43006,-0.87890,-0.54161,-0.57293,2.509,5.248,1.884,-0.006,-0.296,-0.491,0.108
29.900000,1495,0.42652,1.28100,-1.16425,1.37904,-0.86975,-0.58479,-0.55048,0.43105,1.27533,-1.17308,1.38091,-0.87054,-0.58033,-0.54868,0.44706,1.30802,-1.20532,1.40406,-0.88991,-0.55018,-0.56308,2.509,5.291,1.886,-0.079,-0.293,-0.491,0.104
30.000000,1500,0.43224,1.28139,-1.16540,1.35234,-0.88311,-0.59471,-0.54132,0.43352,1.27800,-1.17448,1.35358,-0.88151,-0.58942,-0.53816,0.44930,1.31064,-1.20646,1.37688,-0.90110,-0.55935,-0.55316,2.510,5.325,1.887,-0.153,-0.290,-0.490,0.101
30.100000,1505,0.43491,1.28329,-1.16578,1.32411,-0.89379,-0.60463,-0.52873,0.43605,1.27970,-1.17568,1.32489,-0.89299,-0.59941,-0.52800,0.45173,1.31233,-1.20746,1.34834,-0.91249,-0.56917,-0.54311,2.516,5.333,1.888,-0.227,-0.287,-0.488,0.097
30.200000,1510,0.43529,1.28329,-1.16578,1.29359,-0.90218,-0.61340,-0.51920,0.43892,1.27945,-1.17687,1.29441,-0.90457,-0.60985,-0.51714,0.45452,1.31217,-1.20829,1.31819,-0.92395,-0.57947,-0.53293,2.532,5.280,1.891,-0.300,-0.283,-0.485,0.094
30.300000,1515,0.43834,1.28291,-1.16616,1.26117,-0.91782,-0.62523,-0.50890,0.44188,1.27823,-1.17821,1.26218,-0.91687,-0.62112,-0.50603,0.45752,1.31107,-1.20899,1.28643,-0.93569,-0.59058,-0.52262,2.532,5.349,1.883,-0.374,-0.280,-0.485,0.091
30.400000,1520,0.44025,1.28291,-1.16769,1.22722,-0.92659,-0.63591,-0.49783,0.44487,1.27762,-1.17975,1.22987,-0.93020,-0.63331,-0.49459,0.46066,1.31087,-1.20954,1.25488,-0.94745,-0.60215,-0.51233,2.557,5.660,1.904,-0.433,-0.268,-0.464,0.085
30.500000,1525,0.44597,1.28634,-1.16807,1.21272,-0.93880,-0.63362,-0.48982,0.44950,1.28845,-1.18246,1.22283,-0.94217,-0.63485,-0.48404,0.46611,1.32278,-1.20851,1.24958,-0.95209,-0.60208,-0.50409,2.621,5.862,2.059,0.206,0.135,0.155,0.042
30.600000,1530,0.45475,1.31000,-1.16998,1.24324,-0.93384,-0.60997,-0.48181,0.45673,1.31095,-1.18399,1.24745,-0.94597,-0.62102,-0.47764,0.47426,1.34628,-1.20575,1.27529,-0.94779,-0.58741,-0.49873,2.599,5.855,2.145,0.225,0.282,0.178,0.018
30.700000,1535,0.46047,1.33441,-1.16998,1.27223,-0.93003,-0.59319,-0.47418,0.46520,1.33563,-1.18217,1.27603,-0.94305,-0.60483,-0.47213,0.48273,1.37091,-1.20282,1.30386,-0.94269,-0.57134,-0.49355,2.563,5.831,2.202,0.218,0.279,0.180,0.020
30.800000,1540,0.47153,1.35959,-1.16998,1.30046,-0.92316,-0.57716,-0.46846,0.47375,1.36027,-1.17931,1.30464,-0.93829,-0.58891,-0.46646,0.49114,1.39538,-1.19990,1.33234,-0.93758,-0.55533,-0.48844,2.519,5.802,2.251,0.209,0.280,0.182,0.005
30.900000,1545,0.47687,1.38286,-1.16959,1.32907,-0.91706,-0.56229,-0.46846,0.47952,1.37761,-1.17766,1.33426,-0.93199,-0.57316,-0.46456,0.49659,1.41217,-1.19766,1.36178,-0.93014,-0.53998,-0.48804,2.307,5.700,2.224,0.228,0.339,0.178,-0.467
31.000000,1550,0.47878,1.38629,-1.16959,1.36264,-0.90905,-0.54817,-0.48486,0.47908,1.38130,-1.17845,1.36696,-0.92181,-0.55881,-0.47135,0.49565,1.41485,-1.19679,1.39422,-0.91787,-0.52631,-0.49764,2.067,5.361,2.200,0.297,0.342,0.168,-0.525
31.100000,1555,0.47878,1.38591,-1.16959,1.39659,-0.89379,-0.53673,-0.49822,0.47720,1.38225,-1.17777,1.39940,-0.90923,-0.54628,-0.48250,0.49355,1.41550,-1.19612,1.42626,-0.90509,-0.51397,-0.50895,2.052,5.242,2.217,0.367,0.331,0.157,-0.515
31.200000,1560,0.47878,1.38591,-1.16959,1.42825,-0.88540,-0.52528,-0.51004,0.47528,1.38262,-1.17658,1.43035,-0.89620,-0.53461,-0.49428,0.49151,1.41569,-1.19538,1.45678,-0.89263,-0.50273,-0.52020,2.052,5.065,2.242,0.434,0.322,0.148,-0.504
31.300000,1565,0.47840,1.38591,-1.16959,1.45763,-0.87166,-0.51651,-0.52072,0.47347,1.38105,-1.17477,1.45940,-0.88297,-0.52410,-0.50548,0.48976,1.41404,-1.19441,1.48561,-0.88019,-0.49202,-0.53128,2.058,4.872,2.266,0.503,0.313,0.140,-0.493
31.400000,1570,0.47840,1.38553,-1.16959,1.48586,-0.86022,-0.50697,-0.52835,0.47190,1.37827,-1.17286,1.48707,-0.86974,-0.51398,-0.51670,0.48821,1.41124,-1.19327,1.51302,-0.86787,-0.48197,-0.54224,2.061,4.728,2.285,0.573,0.305,0.131,-0.482
31.500000,1575,0.47573,1.38477,-1.16959,1.51218,-0.84954,-0.49667,-0.53827,0.47050,1.37480,-1.17102,1.51365,-0.85707,-0.50437,-0.52799,0.48679,1.40759,-1.19200,1.53923,-0.85567,-0.47257,-0.55313,2.064,4.595,2.302,0.642,0.296,0.121,-0.472
31.600000,1580,0.47535,1.37828,-1.16959,1.53812,-0.83580,-0.48981,-0.54933,0.46921,1.37049,-1.16913,1.53906,-0.84424,-0.49539,-0.53882,0.48548,1.40309,-1.19060,1.56439,-0.84355,-0.46378,-0.56401,2.066,4.469,2.317,0.712,0.289,0.111,-0.462
31.700000,1585,0.47229,1.37675,-1.16959,1.56253,-0.82474,-0.48141,-0.55849,0.46799,1.36517,-1.16707,1.56363,-0.83179,-0.48707,-0.55045,0.48426,1.39772,-1.18908,1.58860,-0.83149,-0.45557,-0.57493,2.070,4.348,2.331,0.781,0.281,0.101,-0.452
31.800000,1590,0.47039,1.37141,-1.16959,1.58580,-0.81063,-0.47340,-0.57184,0.46683,1.35904,-1.16501,1.58720,-0.81912,-0.47928,-0.56144,0.48313,1.39151,-1.18744,1.61195,-0.81946,-0.44791,-0.58592,2.074,4.232,2.343,0.850,0.274,0.090,-0.443
31.900000,1595,0.47039,1.35959,-1.16921,1.60907,-0.80223,-0.46730,-0.58138,0.46581,1.35233,-1.16303,1.61005,-0.80684,-0.47194,-0.57247,0.48206,1.38443,-1.18569,1.63446,-0.80746,-0.44080,-0.59700,2.078,4.120,2.354,0.920,0.268,0.078,-0.433
32.000000,1600,0.47001,1.35730,-1.16769,1.63158,-0.78621,-0.46272,-0.59206,0.46470,1.34414,-1.16047,1.63196,-0.79385,-0.46547,-0.58426,0.48106,1.37649,-1.18384,1.65618,-0.79550,-0.43424,-0.60818,2.084,4.011,2.363,0.989,0.261,0.065,-0.424
32.100000,1605,0.47001,1.34776,-1.16464,1.65027,-0.77896,-0.45814,-0.60274,0.46377,1.33561,-1.15818,1.65317,-0.78160,-0.45905,-0.59546,0.48011,1.36767,-1.18189,1.67709,-0.78360,-0.42822,-0.61948,2.091,3.904,2.371,1.059,0.255,0.050,-0.415
32.200000,1610,0.46734,1.33594,-1.16235,1.67316,-0.76065,-0.44937,-0.61228,0.46286,1.32592,-1.15591,1.67360,-0.76953,-0.45361,-0.60739,0.47920,1.35795,-1.17986,1.69720,-0.77177,-0.42278,-0.63090,2.099,3.799,2.377,1.128,0.249,0.033,-0.406
32.300000,1615,0.46734,1.32182,-1.15777,1.69262,-0.75340,-0.44594,-0.62677,0.46199,1.31550,-1.15354,1.69321,-0.75713,-0.44839,-0.61901,0.47833,1.34735,-1.17774,1.71652,-0.76003,-0.41790,-0.64243,2.108,3.695,2.382,1.197,0.243,0.014,-0.398
32.400000,1620,0.46543,1.31114,-1.15624,1.71169,-0.73891,-0.44288,-0.63707,0.46099,1.30395,-1.15071,1.71196,-0.74487,-0.44433,-0.63113,0.47749,1.33589,-1.17556,1.73506,-0.74842,-0.41359,-0.65408,2.118,3.591,2.386,1.266,0.237,-0.008,-0.389
32.500000,1625,0.46467,1.30160,-1.15357,1.72962,-0.72785,-0.43945,-0.64966,0.46014,1.29173,-1.14815,1.73001,-0.73271,-0.44018,-0.64314,0.47667,1.32354,-1.17331,1.75280,-0.73696,-0.40986,-0.66584,2.129,3.488,2.388,1.334,0.231,-0.033,-0.380
32.600000,1630,0.46467,1.28558,-1.15052,1.74679,-0.71907,-0.43869,-0.65958,0.45937,1.27864,-1.14565,1.74725,-0.72099,-0.43683,-0.65519,0.47587,1.31029,-1.17101,1.76973,-0.72567,-0.40673,-0.67772,2.141,3.386,2.389,1.402,0.226,-0.061,-0.372
32.700000,1635,0.46467,1.27223,-1.14938,1.76395,-0.70458,-0.43716,-0.67102,0.45844,1.26455,-1.14292,1.76361,-0.70936,-0.43411,-0.66756,0.47509,1.29616,-1.16866,1.78585,-0.71459,-0.40420,-0.68969,2.154,3.283,2.389,1.469,0.220,-0.092,-0.364
32.800000,1640,0.46467,1.25735,-1.14823,1.77921,-0.69809,-0.43640,-0.68590,0.45765,1.24973,-1.14030,1.77923,-0.69789,-0.43190,-0.67983,0.47432,1.28116,-1.16628,1.80117,-0.70375,-0.40227,-0.70175,2.169,3.180,2.387,1.535,0.215,-0.126,-0.356
32.900000,1645,0.46428,1.24057,-1.14365,1.79447,-0.68245,-0.43602,-0.69658,0.45677,1.23388,-1.13754,1.79395,-0.68678,-0.43057,-0.69212,0.47355,1.26530,-1.16388,1.81568,-0.69317,-0.40094,-0.71389,2.185,3.077,2.384,1.601,0.209,-0.163,-0.348
33.000000,1650,0.45932,1.22416,-1.13870,1.80820,-0.67482,-0.43602,-0.70803,0.45615,1.21731,-1.13510,1.80804,-0.67609,-0.42932,-0.70489,0.47278,1.24857,-1.16146,1.82936,-0.68290,-0.40023,-0.72609,2.202,2.974,2.380,1.665,0.203,-0.201,-0.340
33.100000,1655,0.45894,1.20700,-1.13793,1.82079,-0.65994,-0.43602,-0.71985,0.45505,1.19978,-1.13221,1.82109,-0.66563,-0.42928,-0.71747,0.47200,1.23099,-1.15903,1.84221,-0.67296,-0.40012,-0.73834,2.220,2.870,2.374,1.728,0.197,-0.239,-0.332
33.200000,1660,0.45589,1.18640,-1.13412,1.83300,-0.65270,-0.43640,-0.73282,0.45437,1.18152,-1.12981,1.83349,-0.65554,-0.42915,-0.72996,0.47122,1.21257,-1.15662,1.85423,-0.66339,-0.40062,-0.75062,2.239,2.766,2.366,1.790,0.191,-0.277,-0.325
33.300000,1665,0.45589,1.16999,-1.13183,1.84444,-0.64735,-0.43678,-0.74351,0.45345,1.16238,-1.12708,1.84493,-0.64583,-0.43006,-0.74285,0.47043,1.19332,-1.15422,1.86539,-0.65424,-0.40174,-0.76291,2.259,2.661,2.357,1.850,0.184,-0.312,-0.318
33.400000,1670,0.45360,1.14711,-1.13068,1.85512,-0.63324,-0.43792,-0.75724,0.45258,1.14246,-1.12467,1.85555,-0.63677,-0.43154,-0.75532,0.46962,1.17326,-1.15185,1.87570,-0.64552,-0.40346,-0.77518,2.281,2.555,2.347,1.908,0.177,-0.344,-0.311
33.500000,1675,0.45360,1.12765,-1.12649,1.86504,-0.62637,-0.44021,-0.76792,0.45165,1.12174,-1.12210,1.86526,-0.62788,-0.43362,-0.76783,0.46880,1.15243,-1.14953,1.88518,-0.63726,-0.40575,-0.78741,2.304,2.449,2.335,1.963,0.170,-0.373,-0.304
33.600000,1680,0.45360,1.10438,-1.12305,1.87496,-0.62141,-0.44136,-0.78165,0.45078,1.10024,-1.11976,1.87421,-0.61974,-0.43610,-0.78038,0.46797,1.13084,-1.14726,1.89380,-0.62950,-0.40863,-0.79959,2.327,2.342,2.320,2.014,0.161,-0.398,-0.297
33.700000,1685,0.45360,1.08302,-1.12229,1.88259,-0.61111,-0.44479,-0.79424,0.44976,1.07794,-1.11732,1.88216,-0.61198,-0.43950,-0.79290,0.46713,1.10850,-1.14506,1.90152,-0.62229,-0.41208,-0.81168,2.352,2.233,2.305,2.062,0.150,-0.420,-0.291
33.800000,1690,0.45360,1.06013,-1.11771,1.88831,-0.60196,-0.44822,-0.80683,0.44880,1.05480,-1.11490,1.88923,-0.60459,-0.44340,-0.80526,0.46628,1.08544,-1.14295,1.90838,-0.61564,-0.41609,-0.82366,2.379,2.123,2.287,2.105,0.138,-0.437,-0.285
33.900000,1695,0.45093,1.03648,-1.11657,1.89518,-0.60005,-0.45166,-0.81713,0.44792,1.03126,-1.11288,1.89558,-0.59812,-0.44731,-0.81772,0.46542,1.06172,-1.14093,1.91437,-0.60956,-0.42061,-0.83550,2.406,2.013,2.267,2.143,0.125,-0.450,-0.280
34.000000,1700,0.45093,1.01092,-1.11581,1.89938,-0.59547,-0.45738,-0.82819,0.44687,1.00687,-1.11073,1.90085,-0.59206,-0.45235,-0.82968,0.46455,1.03734,-1.13903,1.91948,-0.60409,-0.42565,-0.84719,2.434,1.901,2.245,2.173,0.108,-0.461,-0.274
34.100000,1705,0.45055,0.98727,-1.11428,1.90510,-0.58975,-0.46615,-0.84231,0.44590,0.98195,-1.10876,1.90527,-0.58668,-0.45757,-0.84141,0.46368,1.01234,-1.13725,1.92370,-0.59925,-0.43116,-0.85870,2.463,1.787,2.221,2.196,0.087,-0.469,-0.269
34.200000,1710,0.45017,0.96018,-1.11199,1.90777,-0.58136,-0.47073,-0.85375,0.44493,0.95655,-1.10728,1.90893,-0.58245,-0.46317,-0.85316,0.46282,0.98677,-1.13562,1.92704,-0.59504,-0.43713,-0.87000,2.493,1.672,2.195,2.209,0.063,-0.474,-0.264
34.300000,1715,0.44826,0.93424,-1.11085,1.90968,-0.57793,-0.47455,-0.86520,0.44401,0.93068,-1.10599,1.91174,-0.57878,-0.46890,-0.86476,0.46196,0.96066,-1.13414,1.92949,-0.59150,-0.44352,-0.88108,2.524,1.556,2.167,2.212,0.035,-0.478,-0.260
34.400000,1720,0.44826,0.90868,-1.11008,1.91082,-0.57754,-0.48179,-0.87511,0.44302,0.90384,-1.10452,1.91346,-0.57526,-0.47562,-0.87644,0.46113,0.93404,-1.13283,1.93104,-0.58863,-0.45031,-0.89191,2.556,1.438,2.136,2.208,0.003,-0.480,-0.255
34.500000,1725,0.44826,0.88122,-1.11008,1.91196,-0.57526,-0.49019,-0.88656,0.44205,0.87678,-1.10332,1.91426,-0.57265,-0.48260,-0.88711,0.46031,0.90696,-1.13171,1.93170,-0.58643,-0.45745,-0.90248,2.589,1.318,2.103,2.198,-0.034,-0.481,-0.251
34.600000,1730,0.44826,0.85413,-1.11008,1.91311,-0.57487,-0.49591,-0.89571,0.44114,0.84932,-1.10232,1.91425,-0.57081,-0.48973,-0.89806,0.45954,0.87947,-1.13078,1.93147,-0.58490,-0.46492,-0.91277,2.623,1.197,2.068,2.186,-0.073,-0.480,-0.248
34.700000,1735,0.44788,0.82476,-1.11008,1.91311,-0.57487,-0.50125,-0.90640,0.44030,0.82159,-1.10177,1.91340,-0.56993,-0.49705,-0.90847,0.45880,0.85159,-1.13007,1.93034,-0.58405,-0.47267,-0.92277,2.657,1.074,2.031,2.174,-0.115,-0.479,-0.244
34.800000,1740,0.44445,0.79729,-1.10932,1.91311,-0.57526,-0.50888,-0.91860,0.43958,0.79336,-1.10138,1.91157,-0.56947,-0.50480,-0.91872,0.45811,0.82338,-1.12957,1.92832,-0.58386,-0.48067,-0.93248,2.693,0.950,1.992,2.166,-0.156,-0.476,-0.241
34.900000,1745,0.43987,0.76945,-1.10627,1.91311,-0.57526,-0.51918,-0.92547,0.43878,0.76487,-1.10120,1.90885,-0.56983,-0.51277,-0.92872,0.45749,0.79488,-1.12932,1.92541,-0.58433,-0.48889,-0.94187,2.728,0.823,1.951,2.163,-0.197,-0.473,-0.237
35.000000,1750,0.43987,0.73931,-1.10551,1.91120,-0.57602,-0.52605,-0.93691,0.43806,0.73622,-1.10119,1.90521,-0.57069,-0.52074,-0.93799,0.45694,0.76612,-1.12930,1.92161,-0.58544,-0.49727,-0.95096,2.765,0.695,1.907,2.164,-0.236,-0.470,-0.234
35.100000,1755,0.43949,0.71108,-1.10551,1.90662,-0.57831,-0.53329,-0.94378,0.43754,0.70763,-1.10183,1.90082,-0.57269,-0.52881,-0.94680,0.45647,0.73714,-1.12953,1.91693,-0.58718,-0.50579,-0.95975,2.802,0.565,1.863,2.170,-0.272,-0.466,-0.231
35.200000,1760,0.43949,0.68171,-1.10551,1.90243,-0.57907,-0.54169,-0.95179,0.43701,0.67834,-1.10236,1.89534,-0.57482,-0.53734,-0.95578,0.45609,0.70797,-1.13001,1.91137,-0.58953,-0.51442,-0.96822,2.840,0.434,1.817,2.182,-0.303,-0.461,-0.228
35.300000,1765,0.43949,0.65310,-1.10551,1.89556,-0.58212,-0.54970,-0.96324,0.43661,0.64886,-1.10317,1.88905,-0.57754,-0.54579,-0.96477,0.45581,0.67861,-1.13076,1.90491,-0.59248,-0.52313,-0.97641,2.878,0.300,1.770,2.196,-0.330,-0.457,-0.226
35.400000,1770,0.43758,0.62448,-1.10551,1.88831,-0.58594,-0.55695,-0.97048,0.43619,0.61903,-1.10410,1.88166,-0.58081,-0.55461,-0.97366,0.45565,0.64904,-1.13177,1.89751,-0.59601,-0.53190,-0.98430,2.918,0.164,1.721,2.211,-0.354,-0.452,-0.223
35.500000,1775,0.43720,0.59282,-1.10551,1.87916,-0.59547,-0.56534,-0.97811,0.43631,0.58990,-1.10605,1.87295,-0.58523,-0.56244,-0.98058,0.45571,0.61936,-1.13323,1.88852,-0.60023,-0.54060,-0.99159,2.969,0.027,1.655,2.220,-0.381,-0.445,-0.211
35.600000,1780,0.43720,0.56459,-1.10589,1.86810,-0.60196,-0.57526,-0.98574,0.43635,0.55942,-1.10774,1.86236,-0.58961,-0.57145,-0.98867,0.45599,0.58942,-1.13512,1.87792,-0.60512,-0.54926,-0.99832,3.007,-0.114,1.615,2.244,-0.394,-0.442,-0.215
35.700000,1785,0.43720,0.53140,-1.10589,1.85703,-0.60501,-0.58136,-0.99566,0.43649,0.52893,-1.10999,1.85206,-0.59526,-0.57998,-0.99541,0.45624,0.55860,-1.13696,1.86757,-0.61034,-0.55826,-1.00570,3.037,-0.262,1.581,2.270,-0.404,-0.439,-0.225
35.800000,1790,0.43720,0.50051,-1.10665,1.84750,-0.60844,-0.58975,-1.00024,0.43678,0.49738,-1.11246,1.84099,-0.60144,-0.58899,-1.00254,0.45659,0.52690,-1.13901,1.85646,-0.61614,-0.56747,-1.01324,3.078,-0.418,1.523,2.288,-0.420,-0.435,-0.224
35.900000,1795,0.43720,0.46732,-1.10780,1.83414,-0.61455,-0.59891,-1.00749,0.43713,0.46484,-1.11520,1.82778,-0.60831,-0.59815,-1.00948,0.45715,0.49448,-1.14160,1.84337,-0.62279,-0.57677,-1.02036,3.127,-0.578,1.463,2.306,-0.431,-0.430,-0.221
36.000000,1800,0.43720,0.43642,-1.11275,1.82270,-0.62408,-0.60692,-1.01512,0.43897,0.43598,-1.11690,1.81981,-0.61325,-0.60812,-1.01660,0.45948,0.46645,-1.14216,1.83628,-0.62491,-0.58581,-1.02822,3.357,-0.678,1.774,2.887,0.127,-0.415,-0.244
36.100000,1805,0.43911,0.42040,-1.11199,1.83567,-0.59814,-0.61646,-1.02503,0.44663,0.42664,-1.11233,1.83624,-0.60279,-0.61853,-1.02468,0.46827,0.45970,-1.13433,1.85485,-0.60744,-0.59321,-1.03763,3.453,-0.343,1.891,2.965,0.192,-0.386,-0.249
36.200000,1810,0.45131,0.42116,-1.10360,1.86428,-0.57373,-0.62599,-1.03419,0.45709,0.42618,-1.10282,1.86259,-0.58029,-0.62627,-1.03456,0.47947,0.46053,-1.12363,1.88214,-0.58295,-0.60007,-1.04736,3.491,-0.278,1.902,2.925,0.193,-0.376,-0.251
36.300000,1815,0.46047,0.42116,-1.09254,1.89137,-0.54932,-0.63133,-1.04602,0.46818,0.42673,-1.09234,1.89005,-0.55572,-0.63310,-1.04551,0.49073,0.46154,-1.11283,1.90966,-0.55826,-0.60693,-1.05711,3.522,-0.179,1.907,2.876,0.191,-0.353,-0.247
36.400000,1820,0.47115,0.42230,-1.08338,1.91654,-0.52566,-0.63095,-1.05174,0.47561,0.43680,-1.08265,1.91326,-0.53333,-0.63531,-1.05359,0.49851,0.47224,-1.10423,1.93285,-0.53810,-0.60842,-1.06150,3.416,0.111,1.871,2.819,0.170,0.165,0.179
36.500000,1825,0.47306,0.44710,-1.07995,1.93142,-0.51880,-0.61340,-1.04029,0.47567,0.46680,-1.07624,1.92870,-0.51971,-0.62632,-1.05424,0.49896,0.50307,-1.09974,1.94816,-0.52734,-0.59861,-1.05555,3.186,0.304,1.844,2.791,0.150,0.228,0.334
36.600000,1830,0.47306,0.48372,-1.07728,1.94363,-0.50964,-0.60043,-1.03533,0.47481,0.50021,-1.07114,1.94177,-0.50912,-0.61520,-1.04883,0.49835,0.53686,-1.09615,1.96141,-0.51868,-0.58684,-1.04791,3.181,0.488,1.845,2.764,0.145,0.219,0.338
36.700000,1835,0.47306,0.51653,-1.07461,1.95469,-0.49629,-0.59166,-1.02770,0.47446,0.53363,-1.06724,1.95318,-0.50006,-0.60372,-1.04046,0.49790,0.57028,-1.09320,1.97285,-0.51093,-0.57499,-1.03971,3.177,0.666,1.855,2.737,0.141,0.209,0.336
36.800000,1840,0.47306,0.55086,-1.07079,1.96461,-0.49209,-0.57831,-1.02084,0.47431,0.56644,-1.06381,1.96389,-0.49203,-0.59209,-1.03253,0.49762,0.60309,-1.09051,1.98352,-0.50378,-0.56323,-1.03156,3.170,0.837,1.884,2.715,0.141,0.198,0.326
36.900000,1845,0.47306,0.58481,-1.06660,1.97529,-0.48370,-0.56877,-1.01588,0.47437,0.59866,-1.06064,1.97481,-0.48473,-0.58071,-1.02463,0.49749,0.63526,-1.08771,1.99442,-0.49690,-0.55170,-1.02399,3.161,1.002,1.901,2.688,0.137,0.188,0.321
37.000000,1850,0.47306,0.61762,-1.06507,1.98445,-0.47378,-0.55809,-1.00558,0.47451,0.63090,-1.05795,1.98411,-0.47843,-0.56890,-1.01666,0.49752,0.66736,-1.08552,2.00354,-0.49091,-0.54001,-1.01564,3.154,1.166,1.889,2.646,0.121,0.179,0.327
37.100000,1855,0.47306,0.64966,-1.06469,1.99131,-0.47035,-0.54703,-0.99528,0.47487,0.66307,-1.05585,1.99184,-0.47266,-0.55706,-1.00776,0.49770,0.69941,-1.08385,2.01121,-0.48575,-0.52819,-1.00661,3.144,1.326,1.895,2.608,0.107,0.170,0.325
37.200000,1860,0.47306,0.68209,-1.06393,1.99818,-0.46921,-0.53635,-0.98689,0.47535,0.69507,-1.05386,1.99857,-0.46739,-0.54536,-0.99818,0.49798,0.73136,-1.08251,2.01795,-0.48130,-0.51635,-0.99719,3.131,1.483,1.901,2.566,0.090,0.160,0.323
37.300000,1865,0.47306,0.71451,-1.05973,2.00237,-0.46615,-0.52376,-0.97888,0.47589,0.72691,-1.05226,2.00433,-0.46299,-0.53383,-0.98829,0.49837,0.76322,-1.08150,2.02375,-0.47760,-0.50454,-0.98736,3.117,1.636,1.905,2.516,0.065,0.151,0.320
37.400000,1870,0.47306,0.74656,-1.05859,2.00810,-0.46539,-0.51498,-0.96819,0.47650,0.75866,-1.05093,2.00923,-0.45932,-0.52227,-0.97807,0.49883,0.79495,-1.08080,2.02864,-0.47465,-0.49278,-0.97709,3.100,1.787,1.910,2.460,0.036,0.141,0.317
37.500000,1875,0.47306,0.77860,-1.05782,2.01077,-0.46234,-0.50278,-0.96056,0.47718,0.79028,-1.05007,2.01328,-0.45682,-0.51069,-0.96783,0.49935,0.82653,-1.08041,2.03261,-0.47251,-0.48113,-0.96639,3.082,1.934,1.913,2.392,-0.003,0.131,0.314
37.600000,1880,0.47344,0.81026,-1.05782,2.01306,-0.45929,-0.49171,-0.94569,0.47786,0.82169,-1.04932,2.01621,-0.45482,-0.49953,-0.95665,0.49993,0.85790,-1.08032,2.03564,-0.47120,-0.46965,-0.95524,3.062,2.078,1.916,2.317,-0.046,0.122,0.310
37.700000,1885,0.47344,0.84116,-1.05782,2.01611,-0.45891,-0.48179,-0.93691,0.47873,0.85299,-1.04909,2.01837,-0.45392,-0.48814,-0.94448,0.50053,0.88901,-1.08050,2.03775,-0.47074,-0.45837,-0.94367,3.040,2.218,1.919,2.230,-0.094,0.113,0.306
37.800000,1890,0.47382,0.87321,-1.05782,2.01649,-0.45929,-0.47073,-0.92318,0.47955,0.88381,-1.04913,2.01960,-0.45387,-0.47726,-0.93278,0.50114,0.91979,-1.08096,2.03893,-0.47115,-0.44738,-0.93167,3.016,2.355,1.923,2.138,-0.142,0.104,0.302
37.900000,1895,0.47382,0.90334,-1.05782,2.01649,-0.45929,-0.46234,-0.91212,0.48035,0.91421,-1.04917,2.01973,-0.45437,-0.46691,-0.92011,0.50176,0.95019,-1.08166,2.03917,-0.47243,-0.43671,-0.91927,2.991,2.488,1.925,2.037,-0.190,0.094,0.297
38.000000,1900,0.47382,0.93462,-1.05782,2.01649,-0.46005,-0.45128,-0.89953,0.48120,0.94438,-1.04966,2.01906,-0.45618,-0.45661,-0.90705,0.50237,0.98016,-1.08259,2.03847,-0.47462,-0.42643,-0.90649,2.965,2.618,1.929,1.940,-0.229,0.085,0.292
38.100000,1905,0.47420,0.96438,-1.05782,2.01649,-0.46654,-0.44212,-0.88580,0.48200,0.97392,-1.05036,2.01743,-0.45869,-0.44687,-0.89378,0.50295,1.00964,-1.08373,2.03684,-0.47768,-0.41659,-0.89334,2.937,2.745,1.933,1.841,-0.265,0.076,0.286
38.200000,1910,0.47687,0.99375,-1.05782,2.01611,-0.47035,-0.43564,-0.87397,0.48280,1.00292,-1.05123,2.01484,-0.46206,-0.43777,-0.87973,0.50350,1.03857,-1.08507,2.03429,-0.48162,-0.40724,-0.87987,2.909,2.868,1.937,1.750,-0.291,0.067,0.281
38.300000,1915,0.47954,1.02313,-1.05782,2.01534,-0.47264,-0.42534,-0.85986,0.48359,1.03140,-1.05238,2.01138,-0.46661,-0.42894,-0.86565,0.50400,1.06690,-1.08659,2.03079,-0.48643,-0.39844,-0.86608,2.879,2.988,1.942,1.665,-0.310,0.057,0.275
38.400000,1920,0.47992,1.05174,-1.05782,2.01077,-0.47531,-0.41732,-0.84727,0.48427,1.05918,-1.05365,2.00694,-0.47185,-0.42093,-0.85145,0.50445,1.09459,-1.08825,2.02638,-0.49209,-0.39021,-0.85204,2.850,3.104,1.946,1.584,-0.325,0.046,0.268
38.500000,1925,0.48259,1.07806,-1.05782,2.00543,-0.47989,-0.41237,-0.83239,0.48485,1.08630,-1.05502,2.00152,-0.47780,-0.41340,-0.83667,0.50485,1.12159,-1.09006,2.02105,-0.49856,-0.38261,-0.83776,2.819,3.218,1.952,1.510,-0.335,0.035,0.262
38.600000,1930,0.48450,1.10553,-1.05782,1.99932,-0.49324,-0.40512,-0.81560,0.48556,1.11276,-1.05677,1.99534,-0.48483,-0.40624,-0.82192,0.50518,1.14785,-1.09198,2.01479,-0.50583,-0.37567,-0.82329,2.789,3.328,1.957,1.440,-0.341,0.022,0.255
38.700000,1935,0.48450,1.13185,-1.05782,1.99131,-0.50049,-0.39787,-0.80378,0.48608,1.13842,-1.05868,1.98816,-0.49289,-0.40004,-0.80684,0.50545,1.17334,-1.09400,2.00763,-0.51385,-0.36943,-0.80865,2.759,3.435,1.963,1.372,-0.344,0.006,0.248
38.800000,1940,0.48450,1.15702,-1.05782,1.98254,-0.50468,-0.39367,-0.78776,0.48651,1.16312,-1.06034,1.97997,-0.50116,-0.39494,-0.79142,0.50565,1.19802,-1.09611,1.99957,-0.52259,-0.36390,-0.79391,2.730,3.539,1.969,1.306,-0.347,-0.013,0.241
38.900000,1945,0.48488,1.18182,-1.05782,1.97376,-0.51575,-0.39100,-0.77250,0.48691,1.18710,-1.06224,1.97096,-0.51020,-0.39013,-0.77611,0.50578,1.22185,-1.09829,1.99062,-0.53200,-0.35912,-0.77908,2.700,3.641,1.976,1.241,-0.347,-0.036,0.234
39.000000,1950,0.48488,1.20471,-1.05820,1.96308,-0.52643,-0.38719,-0.75762,0.48722,1.21023,-1.06430,1.96106,-0.52024,-0.38625,-0.76054,0.50585,1.24481,-1.10052,1.98078,-0.54204,-0.35509,-0.76421,2.672,3.740,1.982,1.176,-0.347,-0.063,0.226
39.100000,1955,0.48488,1.22722,-1.05820,1.95240,-0.53177,-0.38643,-0.74274,0.48746,1.23239,-1.06638,1.95025,-0.53066,-0.38314,-0.74516,0.50586,1.26688,-1.10280,1.97007,-0.55265,-0.35183,-0.74933,2.645,3.837,1.990,1.112,-0.346,-0.096,0.219
39.200000,1960,0.48526,1.25010,-1.06011,1.93981,-0.54932,-0.38452,-0.72901,0.48764,1.25367,-1.06854,1.93863,-0.54167,-0.38062,-0.72993,0.50582,1.28803,-1.10510,1.95849,-0.56379,-0.34936,-0.73448,2.618,3.931,1.997,1.048,-0.345,-0.133,0.212
39.300000,1965,0.48488,1.27032,-1.06011,1.92646,-0.55695,-0.38452,-0.71146,0.48779,1.27399,-1.07067,1.92608,-0.55316,-0.37915,-0.71437,0.50572,1.30824,-1.10741,1.94605,-0.57541,-0.34766,-0.71968,2.593,4.023,2.005,0.983,-0.343,-0.175,0.204
39.400000,1970,0.48488,1.29016,-1.06087,1.91349,-0.57030,-0.38414,-0.69773,0.48795,1.29348,-1.07299,1.91275,-0.56519,-0.37809,-0.69910,0.50557,1.32750,-1.10973,1.93277,-0.58746,-0.34674,-0.70498,2.569,4.113,2.013,0.918,-0.342,-0.220,0.197
39.500000,1975,0.48526,1.30923,-1.06164,1.89899,-0.58022,-0.38452,-0.68399,0.48798,1.31194,-1.07535,1.89854,-0.57780,-0.37808,-0.68366,0.50539,1.34580,-1.11204,1.91865,-0.59988,-0.34661,-0.69038,2.547,4.202,2.022,0.853,-0.340,-0.265,0.189
39.600000,1980,0.48488,1.32793,-1.06698,1.88374,-0.59471,-0.38490,-0.66912,0.48799,1.32931,-1.07750,1.88352,-0.59034,-0.37868,-0.66894,0.50517,1.36312,-1.11433,1.90371,-0.61263,-0.34724,-0.67591,2.526,4.288,2.030,0.788,-0.337,-0.309,0.182
39.700000,1985,0.48526,1.34242,-1.06736,1.86771,-0.60730,-0.38719,-0.65157,0.48800,1.34595,-1.07988,1.86763,-0.60359,-0.38016,-0.65344,0.50493,1.37946,-1.11659,1.88795,-0.62565,-0.34862,-0.66160,2.507,4.373,2.040,0.722,-0.335,-0.349,0.175
39.800000,1990,0.48526,1.35921,-1.06927,1.85055,-0.62103,-0.38833,-0.63707,0.48793,1.36125,-1.08200,1.85099,-0.61668,-0.38231,-0.63932,0.50468,1.39482,-1.11881,1.87138,-0.63890,-0.35076,-0.64746,2.489,4.456,2.050,0.656,-0.333,-0.384,0.168
39.900000,1995,0.48565,1.37523,-1.07346,1.83300,-0.63248,-0.39215,-0.62448,0.48786,1.37590,-1.08436,1.83348,-0.63036,-0.38526,-0.62424,0.50441,1.40920,-1.12099,1.85402,-0.65232,-0.35363,-0.63350,2.474,4.537,2.060,0.589,-0.330,-0.413,0.161
40.000000,2000,0.48755,1.38744,-1.07423,1.81431,-0.64774,-0.39520,-0.61151,0.48789,1.38944,-1.08657,1.81527,-0.64392,-0.38874,-0.60990,0.50416,1.42259,-1.12310,1.83587,-0.66589,-0.35721,-0.61972,2.459,4.617,2.070,0.523,-0.328,-0.436,0.154
40.100000,2005,0.48755,1.40269,-1.07423,1.79485,-0.65956,-0.39901,-0.59778,0.48781,1.40178,-1.08868,1.79619,-0.65759,-0.39325,-0.59610,0.50391,1.43501,-1.12515,1.81693,-0.67955,-0.36149,-0.60614,2.447,4.695,2.081,0.456,-0.325,-0.454,0.148
40.200000,2010,0.48755,1.41452,-1.08071,1.77463,-0.67444,-0.40359,-0.58176,0.48766,1.41338,-1.09064,1.77633,-0.67137,-0.39809,-0.58214,0.50368,1.44645,-1.12712,1.79722,-0.69327,-0.36645,-0.59275,2.436,4.771,2.093,0.390,-0.322,-0.468,0.142
40.300000,2015,0.48755,1.42368,-1.08109,1.75442,-0.68512,-0.41275,-0.57108,0.48769,1.42395,-1.09276,1.75564,-0.68528,-0.40400,-0.56791,0.50348,1.45692,-1.12901,1.77674,-0.70701,-0.37207,-0.57955,2.428,4.846,2.104,0.324,-0.319,-0.478,0.136
40.400000,2020,0.48794,1.43359,-1.08491,1.73229,-0.70114,-0.41847,-0.55544,0.48774,1.43361,-1.09471,1.73428,-0.69908,-0.41004,-0.55437,0.50333,1.46643,-1.13080,1.75548,-0.72074,-0.37834,-0.56654,2.421,4.918,2.117,0.258,-0.316,-0.484,0.130
40.500000,2025,0.48794,1.44428,-1.08720,1.71016,-0.71335,-0.42419,-0.54399,0.48773,1.44217,-1.09659,1.71206,-0.71297,-0.41723,-0.54092,0.50322,1.47499,-1.13248,1.73346,-0.73444,-0.38523,-0.55370,2.415,4.987,2.129,0.192,-0.313,-0.488,0.124
40.600000,2030,0.48755,1.45191,-1.08758,1.68689,-0.73090,-0.43182,-0.52835,0.48789,1.44997,-1.09842,1.68913,-0.72672,-0.42460,-0.52771,0.50317,1.48260,-1.13405,1.71067,-0.74808,-0.39273,-0.54102,2.412,5.053,2.142,0.126,-0.310,-0.490,0.119
40.700000,2035,0.48794,1.46068,-1.08834,1.66324,-0.74082,-0.44098,-0.51500,0.48796,1.45661,-1.09999,1.66534,-0.74047,-0.43297,-0.51473,0.50319,1.48929,-1.13550,1.68708,-0.76164,-0.40083,-0.52848,2.410,5.114,2.155,0.061,-0.306,-0.491,0.114
40.800000,2040,0.48794,1.46411,-1.09139,1.63730,-0.75722,-0.44822,-0.50356,0.48820,1.46263,-1.10165,1.64084,-0.75424,-0.44142,-0.50176,0.50329,1.49506,-1.13682,1.66268,-0.77513,-0.40952,-0.51605,2.411,5.170,2.169,-0.004,-0.303,-0.490,0.110
40.900000,2045,0.48794,1.46564,-1.09330,1.61289,-0.76638,-0.45624,-0.49288,0.48851,1.46750,-1.10314,1.61537,-0.76778,-0.45098,-0.48872,0.50348,1.49992,-1.13800,1.63741,-0.78854,-0.41881,-0.50369,2.413,5.221,2.182,-0.070,-0.299,-0.489,0.105
41.000000,2050,0.48794,1.47403,-1.09406,1.58618,-0.78392,-0.46768,-0.47914,0.48887,1.47129,-1.10415,1.58896,-0.78088,-0.46103,-0.47640,0.50377,1.50387,-1.13902,1.61120,-0.80189,-0.42871,-0.49138,2.417,5.264,2.195,-0.135,-0.296,-0.486,0.101
41.100000,2055,0.48794,1.47975,-1.09406,1.55796,-0.79270,-0.47645,-0.46694,0.48936,1.47430,-1.10531,1.56151,-0.79446,-0.47148,-0.46347,0.50420,1.50680,-1.13988,1.58392,-0.81519,-0.43921,-0.47903,2.428,5.271,2.213,-0.200,-0.292,-0.483,0.098
41.200000,2060,0.48794,1.47975,-1.09406,1.52934,-0.81024,-0.48828,-0.45206,0.49024,1.47538,-1.10642,1.53269,-0.80776,-0.48213,-0.45038,0.50491,1.50764,-1.14044,1.55525,-0.82820,-0.45006,-0.46660,2.449,5.227,2.233,-0.262,-0.288,-0.478,0.095
41.300000,2065,0.48832,1.47975,-1.09406,1.49883,-0.81902,-0.49934,-0.44099,0.49103,1.47563,-1.10735,1.50246,-0.82141,-0.49418,-0.43707,0.50573,1.50809,-1.14087,1.52543,-0.84139,-0.46174,-0.45402,2.450,5.360,2.235,-0.325,-0.285,-0.477,0.092
41.400000,2070,0.49022,1.48013,-1.09521,1.46755,-0.83619,-0.51155,-0.42612,0.49176,1.47582,-1.10848,1.47089,-0.83561,-0.50723,-0.42348,0.50653,1.50845,-1.14126,1.49446,-0.85482,-0.47454,-0.44145,2.456,5.349,2.244,-0.391,-0.281,-0.473,0.088
41.500000,2075,0.49061,1.48013,-1.09597,1.43665,-0.84572,-0.52414,-0.41238,0.49259,1.47732,-1.10886,1.44252,-0.85076,-0.51906,-0.40937,0.50771,1.51066,-1.14005,1.46719,-0.86693,-0.48525,-0.42884,2.508,5.745,2.507,-0.417,-0.251,-0.330,0.083
41.600000,2080,0.49099,1.48929,-1.09444,1.43512,-0.85602,-0.50926,-0.39903,0.49416,1.49260,-1.10322,1.44514,-0.86404,-0.51222,-0.39623,0.51036,1.52724,-1.12905,1.47155,-0.86956,-0.47695,-0.41719,2.553,5.800,2.627,0.212,0.158,0.196,0.076
41.700000,2085,0.49900,1.51523,-1.08453,1.46259,-0.85564,-0.48332,-0.38911,0.49686,1.51505,-1.09075,1.46546,-0.86781,-0.49394,-0.38396,0.51374,1.55024,-1.11283,1.49257,-0.86692,-0.45824,-0.40623,2.527,5.782,2.677,0.191,0.197,0.204,0.076
41.800000,2090,0.50167,1.53888,-1.07117,1.48433,-0.85602,-0.46387,-0.37691,0.50059,1.53844,-1.07552,1.48698,-0.86702,-0.47473,-0.37239,0.51715,1.57341,-1.09647,1.51395,-0.86418,-0.43930,-0.39525,2.490,5.757,2.722,0.160,0.201,0.208,0.073
41.900000,2095,0.50205,1.56024,-1.05897,1.50646,-0.85411,-0.44365,-0.36813,0.50364,1.55657,-1.06361,1.51058,-0.86389,-0.45601,-0.36525,0.51999,1.59096,-1.08377,1.53738,-0.85909,-0.42101,-0.38965,2.399,5.673,2.708,0.155,0.333,0.208,-0.395
42.000000,2100,0.50472,1.56597,-1.05782,1.53621,-0.83733,-0.42801,-0.38568,0.50519,1.56103,-1.06296,1.54095,-0.85474,-0.43888,-0.37204,0.52127,1.59430,-1.08157,1.56750,-0.84735,-0.40479,-0.39941,2.342,5.322,2.424,0.210,0.347,0.199,-0.554
42.100000,2105,0.50472,1.56597,-1.05782,1.57054,-0.83008,-0.41313,-0.40132,0.50659,1.56152,-1.06373,1.57260,-0.84173,-0.42343,-0.38505,0.52232,1.59435,-1.08189,1.59876,-0.83388,-0.38977,-0.41286,2.349,5.103,2.428,0.267,0.339,0.191,-0.544
42.200000,2110,0.50472,1.56558,-1.05782,1.60106,-0.81368,-0.39901,-0.41429,0.50767,1.56091,-1.06348,1.60308,-0.82778,-0.40924,-0.39903,0.52339,1.59365,-1.08218,1.62887,-0.82030,-0.37574,-0.42643,2.345,5.038,2.432,0.325,0.329,0.182,-0.533
42.300000,2115,0.50701,1.56558,-1.05782,1.63082,-0.80414,-0.38719,-0.42650,0.50879,1.56037,-1.06273,1.63240,-0.81316,-0.39632,-0.41253,0.52450,1.59300,-1.08235,1.65801,-0.80681,-0.36268,-0.43986,2.356,4.841,2.450,0.379,0.322,0.175,-0.522
42.400000,2120,0.50739,1.56558,-1.05782,1.65866,-0.78545,-0.37536,-0.44214,0.51019,1.55759,-1.06193,1.66040,-0.79863,-0.38360,-0.42612,0.52590,1.59021,-1.08221,1.68574,-0.79286,-0.34996,-0.45317,2.374,4.646,2.468,0.437,0.314,0.167,-0.511
42.500000,2125,0.50777,1.56406,-1.05782,1.68537,-0.77667,-0.36316,-0.45282,0.51183,1.55383,-1.06111,1.68742,-0.78388,-0.37110,-0.43977,0.52746,1.58624,-1.08187,1.71239,-0.77863,-0.33783,-0.46648,2.386,4.505,2.478,0.496,0.307,0.160,-0.501
42.600000,2130,0.51578,1.55910,-1.05782,1.71207,-0.75722,-0.35247,-0.46503,0.51335,1.54906,-1.05998,1.71338,-0.76884,-0.35974,-0.45312,0.52913,1.58132,-1.08136,1.73813,-0.76417,-0.32633,-0.47985,2.399,4.371,2.488,0.556,0.300,0.152,-0.490
42.700000,2135,0.51616,1.55490,-1.05782,1.73687,-0.74539,-0.34141,-0.47609,0.51522,1.54326,-1.05881,1.73860,-0.75361,-0.34859,-0.46707,0.53090,1.57542,-1.08070,1.76302,-0.74943,-0.31546,-0.49337,2.412,4.246,2.495,0.616,0.294,0.143,-0.480
42.800000,2140,0.51807,1.54460,-1.05782,1.76128,-0.72937,-0.33302,-0.49211,0.51711,1.53646,-1.05758,1.76292,-0.73793,-0.33835,-0.48066,0.53275,1.56854,-1.07991,1.78712,-0.73443,-0.30521,-0.50707,2.426,4.125,2.501,0.677,0.287,0.134,-0.470
42.900000,2145,0.51845,1.53926,-1.05782,1.78531,-0.71602,-0.32310,-0.50623,0.51908,1.52859,-1.05606,1.78660,-0.72184,-0.32858,-0.49517,0.53468,1.56067,-1.07899,1.81046,-0.71917,-0.29560,-0.52101,2.440,4.009,2.506,0.739,0.281,0.125,-0.460
43.000000,2150,0.52112,1.52896,-1.05782,1.80820,-0.69962,-0.31318,-0.52187,0.52103,1.51992,-1.05463,1.80947,-0.70581,-0.31942,-0.50948,0.53667,1.55177,-1.07794,1.83303,-0.70366,-0.28666,-0.53522,2.456,3.897,2.509,0.801,0.276,0.115,-0.450
43.100000,2155,0.52112,1.52210,-1.05782,1.83033,-0.67978,-0.30670,-0.53217,0.52303,1.51000,-1.05287,1.83156,-0.68933,-0.31126,-0.52437,0.53871,1.54184,-1.07680,1.85487,-0.68796,-0.27840,-0.54973,2.472,3.787,2.511,0.863,0.270,0.103,-0.441
43.200000,2160,0.52379,1.50722,-1.05782,1.85169,-0.66681,-0.30097,-0.54819,0.52510,1.49925,-1.05118,1.85292,-0.67260,-0.30347,-0.53908,0.54078,1.53088,-1.07555,1.87596,-0.67208,-0.27086,-0.56456,2.489,3.680,2.511,0.926,0.265,0.089,-0.431
43.300000,2165,0.52379,1.49501,-1.05782,1.87229,-0.64964,-0.29258,-0.56230,0.52719,1.48719,-1.04936,1.87358,-0.65581,-0.29653,-0.55482,0.54288,1.51884,-1.07422,1.89629,-0.65608,-0.26408,-0.57974,2.507,3.574,2.510,0.988,0.260,0.073,-0.421
43.400000,2170,0.52761,1.48357,-1.05744,1.89251,-0.63057,-0.28686,-0.57794,0.52919,1.47429,-1.04752,1.89341,-0.63906,-0.29053,-0.57045,0.54498,1.50575,-1.07281,1.91585,-0.64001,-0.25808,-0.59527,2.526,3.469,2.509,1.051,0.255,0.052,-0.411
43.500000,2175,0.53257,1.46869,-1.05286,1.91158,-0.61913,-0.28305,-0.59320,0.53138,1.46025,-1.04563,1.91255,-0.62187,-0.28490,-0.58649,0.54707,1.49159,-1.07133,1.93465,-0.62391,-0.25289,-0.61116,2.546,3.365,2.505,1.114,0.251,0.027,-0.401
43.600000,2180,0.53486,1.45114,-1.05134,1.92989,-0.60043,-0.28114,-0.60694,0.53342,1.44518,-1.04369,1.93080,-0.60520,-0.28051,-0.60278,0.54914,1.47634,-1.06979,1.95266,-0.60787,-0.24856,-0.62741,2.567,3.261,2.501,1.177,0.246,-0.003,-0.392
43.700000,2185,0.53486,1.43741,-1.05096,1.94782,-0.58479,-0.27885,-0.62677,0.53552,1.42876,-1.04166,1.94842,-0.58807,-0.27665,-0.62011,0.55118,1.46000,-1.06819,1.96987,-0.59193,-0.24510,-0.64402,2.589,3.159,2.496,1.240,0.242,-0.044,-0.382
43.800000,2190,0.53524,1.41986,-1.04829,1.96308,-0.57030,-0.27809,-0.63974,0.53742,1.41150,-1.03950,1.96508,-0.57139,-0.27397,-0.63708,0.55316,1.44258,-1.06655,1.98630,-0.57616,-0.24253,-0.66097,2.611,3.056,2.489,1.302,0.238,-0.090,-0.372
43.900000,2195,0.53791,1.40079,-1.04523,1.98025,-0.54779,-0.27732,-0.65767,0.53928,1.39297,-1.03747,1.98103,-0.55500,-0.27240,-0.65480,0.55508,1.42406,-1.06488,2.00189,-0.56064,-0.24090,-0.67826,2.635,2.954,2.482,1.364,0.233,-0.144,-0.363
44.000000,2200,0.53982,1.38057,-1.04294,1.99474,-0.53787,-0.27732,-0.67713,0.54104,1.37358,-1.03533,1.99611,-0.53886,-0.27125,-0.67268,0.55693,1.40445,-1.06318,2.01666,-0.54544,-0.24022,-0.69585,2.659,2.852,2.473,1.425,0.229,-0.206,-0.354
44.100000,2205,0.54020,1.35883,-1.03875,2.01000,-0.52032,-0.27847,-0.69506,0.54283,1.35303,-1.03333,2.01038,-0.52303,-0.27119,-0.69079,0.55868,1.38377,-1.06146,2.03059,-0.53063,-0.24050,-0.71373,2.684,2.750,2.463,1.485,0.225,-0.266,-0.345
44.200000,2210,0.54096,1.33746,-1.03760,2.02336,-0.50468,-0.27961,-0.71184,0.54439,1.33134,-1.03117,2.02379,-0.50778,-0.27220,-0.70941,0.56033,1.36200,-1.05974,2.04365,-0.51630,-0.24178,-0.73186,2.710,2.648,2.451,1.544,0.221,-0.327,-0.336
44.300000,2215,0.54363,1.31381,-1.03532,2.03556,-0.49248,-0.28228,-0.73206,0.54589,1.30858,-1.02911,2.03630,-0.49278,-0.27412,-0.72805,0.56187,1.33915,-1.05805,2.05580,-0.50250,-0.24408,-0.75017,2.737,2.546,2.437,1.602,0.217,-0.379,-0.328
44.400000,2220,0.54821,1.29054,-1.03341,2.04663,-0.47416,-0.28381,-0.74923,0.54719,1.28484,-1.02701,2.04788,-0.47871,-0.27717,-0.74697,0.56329,1.31523,-1.05640,2.06703,-0.48935,-0.24741,-0.76864,2.765,2.443,2.422,1.659,0.212,-0.421,-0.319
44.500000,2225,0.54897,1.26575,-1.03226,2.05769,-0.46539,-0.28953,-0.76754,0.54849,1.26004,-1.02521,2.05859,-0.46530,-0.28106,-0.76590,0.56458,1.29031,-1.05477,2.07739,-0.47690,-0.25171,-0.78722,2.793,2.340,2.407,1.713,0.207,-0.452,-0.311
44.600000,2230,0.54973,1.24019,-1.03150,2.06723,-0.45013,-0.29296,-0.78776,0.54952,1.23434,-1.02335,2.06844,-0.45290,-0.28595,-0.78502,0.56573,1.26443,-1.05316,2.08687,-0.46526,-0.25697,-0.80589,2.822,2.236,2.391,1.765,0.202,-0.475,-0.304
44.700000,2235,0.55126,1.21386,-1.03150,2.07714,-0.43983,-0.29945,-0.80607,0.55050,1.20765,-1.02157,2.07743,-0.44113,-0.29168,-0.80421,0.56674,1.23761,-1.05159,2.09548,-0.45447,-0.26314,-0.82459,2.853,2.132,2.373,1.814,0.195,-0.490,-0.297
44.800000,2240,0.55126,1.18564,-1.02692,2.08515,-0.43030,-0.30937,-0.82361,0.55127,1.17987,-1.01981,2.08538,-0.43039,-0.29872,-0.82310,0.56761,1.20988,-1.05008,2.10321,-0.44460,-0.27019,-0.84327,2.883,2.027,2.353,1.859,0.187,-0.501,-0.290
44.900000,2245,0.55126,1.15741,-1.02502,2.09126,-0.41771,-0.31471,-0.84383,0.55175,1.15116,-1.01783,2.09253,-0.42056,-0.30629,-0.84276,0.56833,1.18129,-1.04865,2.11001,-0.43574,-0.27812,-0.86187,2.915,1.920,2.330,1.898,0.176,-0.508,-0.284
45.000000,2250,0.55126,1.12803,-1.02425,2.09851,-0.41351,-0.32272,-0.86253,0.55222,1.12193,-1.01626,2.09866,-0.41176,-0.31451,-0.86155,0.56893,1.15185,-1.04734,2.11586,-0.42793,-0.28689,-0.88031,2.947,1.813,2.304,1.930,0.163,-0.512,-0.279
45.100000,2255,0.55126,1.09713,-1.02044,2.10270,-0.40741,-0.33340,-0.87931,0.55268,1.09191,-1.01527,2.10388,-0.40456,-0.32369,-0.87994,0.56939,1.12162,-1.04621,2.12070,-0.42123,-0.29652,-0.89850,2.981,1.704,2.274,1.951,0.142,-0.514,-0.273
45.200000,2260,0.55164,1.06814,-1.02044,2.10766,-0.39596,-0.34294,-0.89610,0.55270,1.06067,-1.01388,2.10795,-0.39819,-0.33412,-0.89901,0.56973,1.09065,-1.04525,2.12454,-0.41568,-0.30692,-0.91641,3.015,1.594,2.242,1.964,0.113,-0.514,-0.269
45.300000,2265,0.55126,1.03572,-1.02044,2.10957,-0.39177,-0.35247,-0.91746,0.55283,1.02926,-1.01306,2.11117,-0.39320,-0.34450,-0.91705,0.56997,1.05902,-1.04448,2.12741,-0.41133,-0.31800,-0.93400,3.050,1.482,2.209,1.966,0.072,-0.512,-0.265
45.400000,2270,0.55126,1.00253,-1.02044,2.11071,-0.39138,-0.36430,-0.93577,0.55283,0.99712,-1.01240,2.11337,-0.38943,-0.35564,-0.93487,0.57010,1.02679,-1.04394,2.12930,-0.40818,-0.32968,-0.95122,3.086,1.369,2.172,1.959,0.019,-0.509,-0.261
45.500000,2275,0.55126,0.96934,-1.02044,2.11148,-0.39138,-0.37384,-0.95103,0.55274,0.96461,-1.01232,2.11465,-0.38734,-0.36728,-0.95230,0.57016,0.99404,-1.04364,2.13021,-0.40625,-0.34189,-0.96803,3.123,1.254,2.133,1.945,-0.048,-0.506,-0.258
45.600000,2280,0.55126,0.93691,-1.02044,2.11224,-0.39177,-0.38757,-0.96705,0.55251,0.93138,-1.01221,2.11476,-0.38616,-0.37967,-0.96932,0.57016,0.96084,-1.04361,2.13014,-0.40555,-0.35454,-0.98439,3.161,1.138,2.091,1.926,-0.122,-0.501,-0.256
45.700000,2285,0.55126,0.90372,-1.02044,2.11224,-0.39177,-0.39787,-0.98612,0.55236,0.89796,-1.01268,2.11405,-0.38654,-0.39213,-0.98566,0.57012,0.92726,-1.04388,2.12909,-0.40607,-0.36756,-1.00028,3.199,1.020,2.046,1.908,-0.196,-0.496,-0.254
45.800000,2290,0.55126,0.86939,-1.02044,2.11224,-0.39291,-0.41198,-0.99986,0.55214,0.86419,-1.01336,2.11224,-0.38787,-0.40507,-1.00160,0.57006,0.89338,-1.04448,2.12706,-0.40777,-0.38086,-1.01566,3.238,0.900,1.999,1.894,-0.262,-0.490,-0.253
45.900000,2295,0.55126,0.83468,-1.02044,2.11224,-0.39558,-0.42305,-1.01664,0.55189,0.83007,-1.01440,2.10949,-0.39056,-0.41813,-1.01709,0.57001,0.85928,-1.04542,2.12406,-0.41065,-0.39435,-1.03052,3.278,0.778,1.949,1.886,-0.316,-0.483,-0.252
46.000000,2300,0.55126,0.79958,-1.02044,2.10919,-0.39978,-0.43678,-1.03114,0.55167,0.79562,-1.01561,2.10561,-0.39398,-0.43151,-1.03233,0.56999,0.82503,-1.04674,2.12008,-0.41467,-0.40796,-1.04485,3.318,0.655,1.899,1.885,-0.356,-0.476,-0.252
46.100000,2305,0.55126,0.76525,-1.02044,2.10575,-0.40779,-0.44861,-1.04525,0.55152,0.76135,-1.01737,2.10086,-0.39901,-0.44478,-1.04658,0.57004,0.79070,-1.04845,2.11512,-0.41976,-0.42159,-1.05865,3.359,0.530,1.847,1.890,-0.384,-0.469,-0.253
46.200000,2310,0.55126,0.73092,-1.02044,2.10041,-0.41771,-0.46196,-1.05708,0.55148,0.72708,-1.01982,2.09515,-0.40518,-0.45795,-1.06049,0.57017,0.75636,-1.05057,2.10921,-0.42587,-0.43517,-1.07192,3.400,0.403,1.796,1.900,-0.404,-0.462,-0.253
46.300000,2315,0.55126,0.69697,-1.02082,2.09355,-0.42228,-0.47416,-1.07234,0.55145,0.69250,-1.02232,2.08834,-0.41213,-0.47129,-1.07416,0.57041,0.72205,-1.05310,2.10235,-0.43295,-0.44864,-1.08469,3.442,0.274,1.745,1.914,-0.417,-0.455,-0.254
46.400000,2320,0.55126,0.66149,-1.02082,2.08515,-0.42991,-0.48675,-1.08454,0.55164,0.65839,-1.02551,2.08058,-0.42010,-0.48422,-1.08669,0.57079,0.68780,-1.05606,2.09451,-0.44095,-0.46193,-1.09697,3.484,0.144,1.694,1.929,-0.427,-0.447,-0.256
46.500000,2325,0.55126,0.62830,-1.02158,2.07753,-0.44098,-0.50049,-1.09904,0.55198,0.62413,-1.02923,2.07175,-0.42917,-0.49700,-1.09923,0.57130,0.65366,-1.05957,2.08550,-0.44991,-0.47499,-1.10866,3.518,0.012,1.632,1.942,-0.436,-0.439,-0.256
46.600000,2330,0.55126,0.59626,-1.02845,2.06608,-0.44899,-0.51193,-1.10858,0.55212,0.58995,-1.03344,2.06087,-0.43914,-0.50971,-1.11137,0.57180,0.61974,-1.06399,2.07457,-0.46020,-0.48772,-1.11926,3.558,-0.121,1.582,1.961,-0.441,-0.432,-0.257
46.700000,2335,0.55126,0.56040,-1.03379,2.05387,-0.45814,-0.52452,-1.12155,0.55288,0.55564,-1.03808,2.04973,-0.44977,-0.52188,-1.12226,0.57274,0.58544,-1.06840,2.06348,-0.47074,-0.50030,-1.13029,3.621,-0.260,1.558,1.985,-0.441,-0.426,-0.265
46.800000,2340,0.55164,0.52454,-1.03493,2.04319,-0.47302,-0.53482,-1.13147,0.55420,0.52115,-1.04315,2.03819,-0.46128,-0.53396,-1.13320,0.57407,0.55067,-1.07302,2.05181,-0.48178,-0.51274,-1.14159,3.666,-0.403,1.510,2.002,-0.444,-0.419,-0.269
46.900000,2345,0.55202,0.49021,-1.04409,2.02984,-0.48179,-0.54626,-1.14596,0.55541,0.48575,-1.04801,2.02492,-0.47288,-0.54615,-1.14465,0.57562,0.51558,-1.07835,2.03856,-0.49385,-0.52494,-1.15250,3.700,-0.551,1.454,2.016,-0.447,-0.412,-0.270
47.000000,2350,0.55431,0.45397,-1.05172,2.01420,-0.49782,-0.55733,-1.15550,0.55738,0.45129,-1.05363,2.01095,-0.48494,-0.55838,-1.15521,0.57786,0.48116,-1.08398,2.02464,-0.50558,-0.53747,-1.16301,3.851,-0.684,1.488,2.051,-0.390,-0.416,-0.277
47.100000,2355,0.55775,0.42650,-1.05401,2.01000,-0.48485,-0.57831,-1.16427,0.56599,0.43164,-1.05450,2.01002,-0.48078,-0.58281,-1.16365,0.58725,0.46332,-1.08319,2.02516,-0.49701,-0.55974,-1.17235,3.982,-0.631,1.902,2.633,0.221,-0.434,-0.254
47.200000,2360,0.57720,0.42421,-1.05248,2.02259,-0.44861,-0.61340,-1.16885,0.58012,0.42683,-1.04929,2.02055,-0.45564,-0.61572,-1.17050,0.60247,0.46059,-1.07741,2.03722,-0.47093,-0.59076,-1.17934,4.021,-0.483,1.934,2.582,0.227,-0.424,-0.249
47.300000,2365,0.59055,0.42040,-1.04676,2.03366,-0.42152,-0.64850,-1.17648,0.59556,0.42391,-1.04342,2.03280,-0.42728,-0.64742,-1.17768,0.61812,0.45828,-1.07138,2.04983,-0.44388,-0.62259,-1.18637,4.055,-0.458,1.937,2.515,0.226,-0.409,-0.254
47.400000,2370,0.60581,0.41620,-1.04218,2.04548,-0.39215,-0.67711,-1.18335,0.61087,0.42097,-1.03801,2.04508,-0.39974,-0.68007,-1.18555,0.63393,0.45595,-1.06529,2.06256,-0.41655,-0.65473,-1.19347,4.087,-0.431,1.937,2.445,0.224,-0.393,-0.257
47.500000,2375,0.62298,0.41544,-1.03722,2.05693,-0.36506,-0.70992,-1.19059,0.62623,0.41795,-1.03261,2.05716,-0.37216,-0.71281,-1.19373,0.64976,0.45365,-1.05919,2.07532,-0.38918,-0.68689,-1.20057,4.115,-0.367,1.933,2.374,0.222,-0.375,-0.255
47.600000,2380,0.63709,0.41582,-1.03265,2.06875,-0.33912,-0.73281,-1.19441,0.63661,0.42537,-1.02815,2.06902,-0.34863,-0.73319,-1.19904,0.66082,0.46232,-1.05372,2.08829,-0.36523,-0.70527,-1.20251,4.017,0.145,1.910,2.325,0.205,0.092,0.265
47.700000,2385,0.63671,0.43794,-1.03074,2.08287,-0.33035,-0.70763,-1.18106,0.63655,0.45776,-1.02474,2.08296,-0.33433,-0.72129,-1.19753,0.66157,0.49597,-1.04854,2.10297,-0.34841,-0.69201,-1.19396,3.768,0.328,1.950,2.314,0.200,0.318,0.321
47.800000,2390,0.63671,0.47838,-1.02502,2.09736,-0.31204,-0.68398,-1.17457,0.63622,0.49396,-1.02004,2.09689,-0.31889,-0.70434,-1.19037,0.66154,0.53249,-1.04364,2.11714,-0.33283,-0.67463,-1.18422,3.733,0.498,1.937,2.289,0.200,0.305,0.327
47.900000,2395,0.63709,0.51462,-1.02387,2.10995,-0.29983,-0.66872,-1.16618,0.63644,0.53070,-1.01516,2.10948,-0.30330,-0.68653,-1.18004,0.66166,0.56918,-1.03976,2.12969,-0.31827,-0.65657,-1.17363,3.718,0.663,1.946,2.268,0.201,0.292,0.326
48.000000,2400,0.63709,0.55239,-1.01853,2.12101,-0.28533,-0.65155,-1.15626,0.63745,0.56713,-1.01062,2.12153,-0.28796,-0.66838,-1.16934,0.66250,0.60562,-1.03573,2.14179,-0.30367,-0.63822,-1.16324,3.726,0.823,1.982,2.246,0.205,0.278,0.322
48.100000,2405,0.63709,0.58901,-1.01319,2.13169,-0.27008,-0.63210,-1.14711,0.63872,0.60376,-1.00644,2.13267,-0.27334,-0.64959,-1.15879,0.66358,0.64221,-1.03229,2.15281,-0.28986,-0.61934,-1.15231,3.674,0.981,1.954,2.215,0.203,0.265,0.326
48.200000,2410,0.63709,0.62601,-1.01128,2.14161,-0.25711,-0.61722,-1.13566,0.63993,0.64077,-1.00320,2.14234,-0.25990,-0.63006,-1.14753,0.66466,0.67918,-1.02985,2.16241,-0.27737,-0.59979,-1.14038,3.640,1.136,1.948,2.186,0.204,0.251,0.326
48.300000,2415,0.63747,0.66378,-1.00747,2.14924,-0.24528,-0.59586,-1.12155,0.64137,0.67796,-1.00070,2.15096,-0.24771,-0.61038,-1.13522,0.66593,0.71638,-1.02797,2.17101,-0.26581,-0.57976,-1.12777,3.604,1.287,1.942,2.154,0.203,0.236,0.326
48.400000,2420,0.63747,0.70154,-1.00709,2.15687,-0.23345,-0.57678,-1.11010,0.64297,0.71539,-0.99859,2.15862,-0.23629,-0.59000,-1.12214,0.66736,0.75377,-1.02664,2.17862,-0.25527,-0.55930,-1.11445,3.563,1.435,1.936,2.117,0.202,0.222,0.326
48.500000,2425,0.63976,0.73931,-1.00632,2.16412,-0.22659,-0.55923,-1.09523,0.64472,0.75295,-0.99699,2.16516,-0.22577,-0.56957,-1.10793,0.66892,0.79131,-1.02584,2.18524,-0.24585,-0.53849,-1.10037,3.519,1.579,1.928,2.074,0.197,0.208,0.325
48.600000,2430,0.64014,0.77707,-1.00518,2.16870,-0.21171,-0.53863,-1.08378,0.64661,0.79057,-0.99586,2.17082,-0.21676,-0.54874,-1.09315,0.67057,0.82892,-1.02554,2.19086,-0.23766,-0.51742,-1.08550,3.470,1.719,1.920,2.023,0.189,0.193,0.324
48.700000,2435,0.64320,0.81522,-1.00480,2.17404,-0.20713,-0.51842,-1.06852,0.64852,0.82835,-0.99532,2.17553,-0.20919,-0.52752,-1.07758,0.67226,0.86652,-1.02572,2.19549,-0.23076,-0.49622,-1.06984,3.416,1.856,1.914,1.963,0.173,0.179,0.323
48.800000,2440,0.64930,0.85299,-1.00480,2.17671,-0.20408,-0.49782,-1.04945,0.65043,0.86593,-0.99513,2.17915,-0.20293,-0.50653,-1.06118,0.67396,0.90401,-1.02634,2.19908,-0.22528,-0.47498,-1.05338,3.359,1.988,1.908,1.891,0.143,0.165,0.321
48.900000,2445,0.65083,0.89075,-1.00480,2.17823,-0.20103,-0.47874,-1.03228,0.65249,0.90326,-0.99550,2.18173,-0.19814,-0.48552,-1.04380,0.67564,0.94129,-1.02738,2.20166,-0.22128,-0.45383,-1.03614,3.298,2.117,1.905,1.809,0.095,0.151,0.319
49.000000,2450,0.65083,0.92890,-1.00480,2.17938,-0.20027,-0.45891,-1.01740,0.65441,0.94036,-0.99628,2.18334,-0.19505,-0.46470,-1.02579,0.67725,0.97827,-1.02877,2.20321,-0.21881,-0.43291,-1.01815,3.234,2.241,1.904,1.717,0.023,0.137,0.317
49.100000,2455,0.65121,0.96591,-1.00480,2.17976,-0.20065,-0.43831,-0.99680,0.65622,0.97708,-0.99736,2.18385,-0.19351,-0.44434,-1.00674,0.67877,1.01484,-1.03050,2.20373,-0.21795,-0.41233,-0.99941,3.167,2.362,1.904,1.617,-0.069,0.124,0.314
49.200000,2460,0.65426,1.00138,-1.00480,2.17976,-0.20103,-0.41771,-0.97964,0.65791,1.01332,-0.99866,2.18340,-0.19366,-0.42431,-0.98690,0.68016,1.05092,-1.03251,2.20321,-0.21869,-0.39223,-0.97999,3.097,2.478,1.906,1.516,-0.160,0.112,0.310
49.300000,2465,0.65617,1.03762,-1.00480,2.17976,-0.20446,-0.40016,-0.95942,0.65952,1.04890,-1.00022,2.18186,-0.19540,-0.40504,-0.96671,0.68139,1.08641,-1.03482,2.20160,-0.22106,-0.37281,-0.95986,3.023,2.591,1.905,1.411,-0.237,0.100,0.306
49.400000,2470,0.65617,1.07348,-1.00480,2.17938,-0.20828,-0.38261,-0.93729,0.66094,1.08396,-1.00230,2.17914,-0.19887,-0.38656,-0.94538,0.68241,1.12125,-1.03743,2.19883,-0.22504,-0.35432,-0.93899,2.949,2.700,1.908,1.319,-0.289,0.088,0.302
49.500000,2475,0.65655,1.10858,-1.00480,2.17709,-0.21171,-0.36544,-0.91670,0.66219,1.11816,-1.00454,2.17549,-0.20406,-0.36894,-0.92398,0.68334,1.15535,-1.04014,2.19511,-0.23047,-0.33658,-0.91762,2.901,2.805,1.936,1.252,-0.303,0.079,0.296
49.600000,2480,0.65693,1.14177,-1.00480,2.17404,-0.21247,-0.34904,-0.89266,0.66410,1.15184,-1.00610,2.17147,-0.20926,-0.35165,-0.90178,0.68495,1.18888,-1.04208,2.19119,-0.23569,-0.31902,-0.89609,2.868,2.906,1.981,1.193,-0.300,0.071,0.290
49.700000,2485,0.66341,1.17572,-1.00518,2.16984,-0.22087,-0.33302,-0.87359,0.66552,1.18472,-1.00795,2.16644,-0.21609,-0.33506,-0.87902,0.68594,1.22141,-1.04453,2.18598,-0.24331,-0.30269,-0.87411,2.734,3.003,1.939,1.097,-0.345,0.060,0.284
49.800000,2490,0.66494,1.20776,-1.00594,2.16259,-0.23460,-0.31814,-0.85223,0.66639,1.21636,-1.01046,2.15992,-0.22564,-0.32014,-0.85617,0.68622,1.25285,-1.04754,2.17938,-0.25343,-0.28774,-0.85171,2.655,3.098,1.946,1.033,-0.350,0.052,0.278
49.900000,2495,0.66570,1.23904,-1.00670,2.15382,-0.24223,-0.30593,-0.82934,0.66675,1.24687,-1.01286,2.15226,-0.23674,-0.30671,-0.83279,0.68626,1.28326,-1.05059,2.17178,-0.26502,-0.27392,-0.82909,2.580,3.190,1.957,0.973,-0.352,0.044,0.270
50.000000,2500,0.66723,1.26918,-1.00785,2.14543,-0.25863,-0.29220,-0.80378,0.66700,1.27654,-1.01558,2.14378,-0.24957,-0.29402,-0.80922,0.68606,1.31261,-1.05366,2.16322,-0.27796,-0.26130,-0.80634,2.505,3.280,1.967,0.916,-0.352,0.036,0.262
50.100000,2505,0.66723,1.29855,-1.00861,2.13589,-0.26893,-0.28266,-0.78318,0.66656,1.30454,-1.01851,2.13388,-0.26398,-0.28329,-0.78579,0.68522,1.34040,-1.05708,2.15329,-0.29282,-0.25046,-0.78363,2.379,3.366,1.945,0.856,-0.355,0.021,0.253
50.200000,2510,0.66723,1.32602,-1.01510,2.12330,-0.28839,-0.27580,-0.75762,0.66543,1.33097,-1.02195,2.12252,-0.28059,-0.27427,-0.76247,0.68358,1.36642,-1.06099,2.14183,-0.30974,-0.24167,-0.76106,2.338,3.453,1.972,0.809,-0.352,0.013,0.245
50.300000,2515,0.66723,1.35158,-1.01510,2.11148,-0.30365,-0.26473,-0.73588,0.66477,1.35690,-1.02507,2.11088,-0.29744,-0.26596,-0.73897,0.68262,1.39224,-1.06408,2.13034,-0.32616,-0.23308,-0.73841,2.309,3.537,2.008,0.758,-0.348,0.007,0.236
50.400000,2520,0.66723,1.37752,-1.01777,2.09927,-0.31967,-0.25939,-0.71337,0.66420,1.38194,-1.02778,2.09862,-0.31443,-0.25858,-0.71517,0.68165,1.41706,-1.06696,2.11814,-0.34319,-0.22561,-0.71588,2.247,3.619,2.022,0.702,-0.347,-0.010,0.227
50.500000,2525,0.66723,1.40155,-1.02158,2.08592,-0.33989,-0.25443,-0.69086,0.66346,1.40576,-1.03038,2.08553,-0.33221,-0.25260,-0.69196,0.68050,1.44070,-1.06980,2.10508,-0.36098,-0.21948,-0.69357,2.189,3.698,2.034,0.647,-0.345,-0.036,0.217
50.600000,2530,0.66685,1.42520,-1.02158,2.07142,-0.35591,-0.25253,-0.66835,0.66256,1.42835,-1.03303,2.07146,-0.35054,-0.24801,-0.66874,0.67921,1.46309,-1.07264,2.09111,-0.37940,-0.21476,-0.67152,2.134,3.776,2.045,0.591,-0.343,-0.076,0.208
50.700000,2535,0.66685,1.44771,-1.02692,2.05693,-0.37422,-0.24948,-0.64470,0.66150,1.44968,-1.03565,2.05660,-0.36953,-0.24465,-0.64635,0.67779,1.48424,-1.07546,2.07626,-0.39835,-0.21144,-0.64977,2.084,3.853,2.059,0.536,-0.342,-0.128,0.198
50.800000,2540,0.66685,1.46640,-1.02845,2.04014,-0.39444,-0.24833,-0.62334,0.66032,1.46992,-1.03842,2.04080,-0.38911,-0.24281,-0.62357,0.67626,1.50420,-1.07822,2.06059,-0.41772,-0.20939,-0.62841,2.037,3.928,2.074,0.481,-0.340,-0.191,0.189
50.900000,2545,0.66456,1.48624,-1.03036,2.02297,-0.41618,-0.24833,-0.60198,0.65914,1.48899,-1.04116,2.02432,-0.40891,-0.24185,-0.60184,0.67465,1.52296,-1.08094,2.04412,-0.43741,-0.20861,-0.60745,1.994,4.003,2.087,0.425,-0.338,-0.264,0.180
51.000000,2550,0.66456,1.50493,-1.03455,2.00543,-0.43449,-0.24909,-0.57947,0.65760,1.50655,-1.04365,2.00676,-0.42887,-0.24287,-0.58029,0.67297,1.54045,-1.08365,2.02676,-0.45729,-0.20915,-0.58691,1.955,4.075,2.100,0.370,-0.336,-0.340,0.171
51.100000,2555,0.66418,1.52172,-1.03493,1.98750,-0.45357,-0.25367,-0.56078,0.65633,1.52312,-1.04652,1.98851,-0.44920,-0.24456,-0.55890,0.67125,1.55669,-1.08632,2.00856,-0.47726,-0.21094,-0.56682,1.921,4.147,2.115,0.315,-0.334,-0.401,0.162
51.200000,2560,0.66341,1.53850,-1.04104,1.96804,-0.47455,-0.25711,-0.53903,0.65477,1.53816,-1.04906,1.96936,-0.46927,-0.24777,-0.53865,0.66950,1.57173,-1.08893,1.98957,-0.49725,-0.21387,-0.54721,1.890,4.218,2.130,0.261,-0.331,-0.446,0.153
51.300000,2565,0.66112,1.55147,-1.04180,1.94782,-0.49553,-0.26168,-0.51958,0.65335,1.55226,-1.05178,1.94948,-0.48941,-0.25176,-0.51849,0.66774,1.58561,-1.09148,1.96982,-0.51716,-0.21791,-0.52808,1.862,4.288,2.146,0.207,-0.329,-0.477,0.145
51.400000,2570,0.65807,1.56558,-1.04714,1.92722,-0.51155,-0.26550,-0.50127,0.65174,1.56503,-1.05429,1.92884,-0.50938,-0.25697,-0.49929,0.66600,1.59834,-1.09395,1.94931,-0.53692,-0.22299,-0.50942,1.839,4.357,2.163,0.153,-0.326,-0.499,0.137
51.500000,2575,0.65426,1.57894,-1.04790,1.90548,-0.53024,-0.27236,-0.48219,0.65034,1.57674,-1.05689,1.90741,-0.52911,-0.26319,-0.48013,0.66429,1.60993,-1.09634,1.92804,-0.55644,-0.22908,-0.49124,1.819,4.424,2.180,0.099,-0.323,-0.512,0.130
51.600000,2580,0.65311,1.58809,-1.04943,1.88335,-0.55160,-0.28228,-0.46236,0.64894,1.58762,-1.05949,1.88530,-0.54881,-0.27015,-0.46113,0.66263,1.62040,-1.09865,1.90605,-0.57565,-0.23613,-0.47350,1.802,4.489,2.197,0.046,-0.320,-0.519,0.123
51.700000,2585,0.65311,1.59839,-1.05401,1.85970,-0.57259,-0.28839,-0.44481,0.64752,1.59722,-1.06205,1.86249,-0.56804,-0.27780,-0.44325,0.66103,1.62978,-1.10087,1.88331,-0.59450,-0.24408,-0.45619,1.789,4.552,2.214,-0.006,-0.316,-0.522,0.116
51.800000,2590,0.65273,1.60183,-1.05477,1.83643,-0.58861,-0.29525,-0.42917,0.64625,1.60563,-1.06458,1.83886,-0.58689,-0.28683,-0.42528,0.65952,1.63807,-1.10299,1.85984,-0.61292,-0.25291,-0.43929,1.780,4.611,2.232,-0.058,-0.313,-0.522,0.110
51.900000,2595,0.65273,1.61556,-1.05477,1.81164,-0.60654,-0.30632,-0.41010,0.64491,1.61286,-1.06664,1.81436,-0.60494,-0.29685,-0.40810,0.65810,1.64530,-1.10502,1.83563,-0.63087,-0.26255,-0.42275,1.774,4.667,2.249,-0.110,-0.309,-0.520,0.105
52.000000,2600,0.65006,1.61632,-1.05859,1.78684,-0.62637,-0.31585,-0.39407,0.64381,1.61933,-1.06907,1.78932,-0.62289,-0.30685,-0.39120,0.65679,1.65151,-1.10693,1.81067,-0.64832,-0.27298,-0.40651,1.771,4.717,2.267,-0.160,-0.305,-0.518,0.099
52.100000,2605,0.65006,1.62815,-1.06126,1.76052,-0.64011,-0.32615,-0.37958,0.64259,1.62422,-1.07090,1.76322,-0.63975,-0.31870,-0.37482,0.65562,1.65669,-1.10874,1.78492,-0.66525,-0.28416,-0.39054,1.772,4.760,2.285,-0.211,-0.301,-0.514,0.095
52.200000,2610,0.65006,1.63234,-1.06126,1.73343,-0.65804,-0.33989,-0.36089,0.64176,1.62867,-1.07304,1.73650,-0.65656,-0.33036,-0.35806,0.65459,1.66089,-1.11043,1.75834,-0.68167,-0.29607,-0.37475,1.776,4.796,2.302,-0.260,-0.297,-0.509,0.091
52.300000,2615,0.65006,1.63234,-1.06126,1.70559,-0.67482,-0.35095,-0.34334,0.64091,1.63144,-1.07509,1.70865,-0.67273,-0.34303,-0.34190,0.65369,1.66351,-1.11200,1.73067,-0.69741,-0.30866,-0.35917,1.781,4.747,2.321,-0.309,-0.291,-0.504,0.087
52.400000,2620,0.64968,1.63234,-1.06469,1.67621,-0.68588,-0.36354,-0.33151,0.64019,1.63204,-1.07680,1.67948,-0.68796,-0.35632,-0.32605,0.65293,1.66414,-1.11340,1.70169,-0.71237,-0.32189,-0.34377,1.802,4.791,2.340,-0.354,-0.287,-0.500,0.085
52.500000,2625,0.64777,1.63272,-1.06774,1.64646,-0.70572,-0.37765,-0.31282,0.63985,1.63343,-1.07871,1.64957,-0.70346,-0.37038,-0.30980,0.65251,1.66556,-1.11470,1.67209,-0.72743,-0.33595,-0.32793,1.824,4.897,2.353,-0.403,-0.284,-0.495,0.083
52.600000,2630,0.64777,1.63272,-1.06774,1.61480,-0.71526,-0.39329,-0.29680,0.63941,1.63371,-1.08073,1.61813,-0.71911,-0.38596,-0.29281,0.65231,1.66615,-1.11599,1.64129,-0.74214,-0.35093,-0.31204,1.830,4.838,2.357,-0.453,-0.278,-0.490,0.080
52.700000,2635,0.64777,1.63272,-1.06850,1.58199,-0.73395,-0.40703,-0.27963,0.63916,1.63306,-1.08244,1.58641,-0.73449,-0.40139,-0.27564,0.65222,1.66593,-1.11646,1.61038,-0.75582,-0.36582,-0.29612,1.833,5.110,2.624,-0.487,-0.264,-0.468,0.079
52.800000,2640,0.64739,1.63845,-1.06698,1.56597,-0.73967,-0.40245,-0.26094,0.63636,1.64133,-1.07286,1.57474,-0.74846,-0.40165,-0.25677,0.65056,1.67563,-1.10199,1.60067,-0.76030,-0.36409,-0.27913,1.657,5.307,2.818,0.070,0.192,0.178,0.079
52.900000,2645,0.63633,1.66019,-1.04256,1.58008,-0.73471,-0.37422,-0.24225,0.63197,1.65723,-1.05012,1.58379,-0.75329,-0.38448,-0.23869,0.64679,1.69242,-1.07359,1.61067,-0.75564,-0.34646,-0.26209,1.605,5.311,2.859,0.101,0.289,0.195,0.080
53.000000,2650,0.63366,1.67659,-1.01510,1.59229,-0.73319,-0.35514,-0.22355,0.62812,1.67479,-1.02291,1.59487,-0.75150,-0.36560,-0.22043,0.64288,1.70966,-1.04428,1.62167,-0.75050,-0.32793,-0.24492,1.578,5.308,2.891,0.059,0.285,0.200,0.081
53.100000,2655,0.63099,1.69262,-0.98801,1.60373,-0.73242,-0.33531,-0.20829,0.62494,1.69078,-0.99757,1.60781,-0.74804,-0.34662,-0.20509,0.63951,1.72512,-1.01766,1.63444,-0.74461,-0.30944,-0.23089,1.648,5.271,2.896,0.039,0.329,0.204,-0.002
53.200000,2660,0.63137,1.70253,-0.97924,1.62738,-0.72823,-0.31623,-0.21783,0.62567,1.69651,-0.99046,1.63344,-0.73959,-0.32721,-0.20896,0.64018,1.72980,-1.00921,1.66005,-0.73366,-0.29098,-0.23798,1.914,4.958,2.617,0.081,0.350,0.202,-0.575
53.300000,2665,0.63137,1.70215,-0.98191,1.66362,-0.71335,-0.29754,-0.24034,0.62905,1.69803,-0.99101,1.66562,-0.72739,-0.30861,-0.22438,0.64339,1.73078,-1.00916,1.69194,-0.72022,-0.27274,-0.25434,1.944,4.763,2.554,0.120,0.344,0.196,-0.566
53.400000,2670,0.63213,1.70215,-0.98229,1.69491,-0.70229,-0.28114,-0.25789,0.63260,1.69715,-0.99078,1.69651,-0.71249,-0.29102,-0.24132,0.64685,1.72972,-1.00939,1.72252,-0.70569,-0.25530,-0.27107,1.961,4.542,2.541,0.161,0.337,0.189,-0.555
53.500000,2675,0.63442,1.70177,-0.98229,1.72466,-0.68321,-0.26512,-0.27543,0.63632,1.69509,-0.99035,1.72621,-0.69680,-0.27442,-0.25827,0.65059,1.72758,-1.00961,1.75194,-0.69034,-0.23866,-0.28775,1.982,4.396,2.543,0.203,0.329,0.182,-0.543
53.600000,2680,0.63747,1.70177,-0.98229,1.75327,-0.67177,-0.25138,-0.29146,0.64040,1.69342,-0.98923,1.75526,-0.68000,-0.25840,-0.27468,0.65471,1.72589,-1.00944,1.78077,-0.67461,-0.22257,-0.30391,2.003,4.334,2.568,0.243,0.321,0.177,-0.530
53.700000,2685,0.64014,1.70139,-0.98229,1.78226,-0.65308,-0.23422,-0.30595,0.64484,1.69111,-0.98829,1.78357,-0.66316,-0.24273,-0.29109,0.65915,1.72352,-1.00904,1.80878,-0.65812,-0.20704,-0.31997,2.015,4.100,2.553,0.281,0.316,0.170,-0.520
53.800000,2690,0.64854,1.69758,-0.98229,1.80858,-0.63553,-0.22087,-0.32045,0.64944,1.68655,-0.98742,1.81051,-0.64475,-0.22798,-0.30751,0.66375,1.71879,-1.00876,1.83550,-0.64034,-0.19230,-0.33658,2.034,3.940,2.545,0.324,0.310,0.163,-0.509
53.900000,2695,0.65159,1.69033,-0.98229,1.83529,-0.61646,-0.20713,-0.33876,0.65436,1.68066,-0.98656,1.83669,-0.62519,-0.21389,-0.32481,0.66855,1.71288,-1.00842,1.86140,-0.62160,-0.17831,-0.35353,2.055,3.805,2.540,0.368,0.304,0.155,-0.497
54.000000,2700,0.65655,1.68575,-0.98229,1.86047,-0.59700,-0.19492,-0.35516,0.65928,1.67386,-0.98560,1.86211,-0.60509,-0.20050,-0.34235,0.67354,1.70586,-1.00801,1.88654,-0.60196,-0.16511,-0.37089,2.078,3.676,2.533,0.413,0.299,0.148,-0.486
54.100000,2705,0.65998,1.67278,-0.98229,1.88564,-0.57487,-0.18195,-0.37233,0.66448,1.66583,-0.98487,1.88681,-0.58397,-0.18803,-0.36027,0.67871,1.69772,-1.00755,1.91093,-0.58146,-0.15276,-0.38876,2.102,3.553,2.526,0.459,0.294,0.139,-0.474
54.200000,2710,0.66799,1.66515,-0.98229,1.90929,-0.55275,-0.17242,-0.39064,0.66977,1.65648,-0.98346,1.91069,-0.56130,-0.17664,-0.37910,0.68401,1.68843,-1.00703,1.93459,-0.56013,-0.14132,-0.40722,2.127,3.434,2.518,0.505,0.289,0.130,-0.462
54.300000,2715,0.67295,1.65599,-0.98229,1.93256,-0.53024,-0.16135,-0.40704,0.67525,1.64605,-0.98215,1.93389,-0.53822,-0.16617,-0.39841,0.68943,1.67797,-1.00648,1.95751,-0.53805,-0.13088,-0.42631,2.154,3.318,2.508,0.552,0.284,0.119,-0.450
54.400000,2720,0.67677,1.64264,-0.98229,1.95545,-0.50812,-0.15220,-0.42688,0.68075,1.63448,-0.98097,1.95635,-0.51427,-0.15668,-0.41841,0.69494,1.66627,-1.00589,1.97967,-0.51531,-0.12152,-0.44612,2.183,3.204,2.496,0.600,0.280,0.106,-0.437
54.500000,2725,0.68554,1.62891,-0.98229,1.97643,-0.48485,-0.14724,-0.44862,0.68631,1.62147,-0.97984,1.97797,-0.48961,-0.14830,-0.43921,0.70045,1.65314,-1.00533,2.00095,-0.49199,-0.11340,-0.46672,2.213,3.091,2.481,0.648,0.276,0.087,-0.425
54.600000,2730,0.68935,1.61632,-0.98191,1.99742,-0.46005,-0.13885,-0.47037,0.69192,1.60704,-0.97865,1.99876,-0.46445,-0.14126,-0.46084,0.70599,1.63866,-1.00481,2.02142,-0.46820,-0.10660,-0.48813,2.248,2.980,2.465,0.697,0.272,0.061,-0.412
54.700000,2735,0.69317,1.59877,-0.98191,2.01763,-0.43602,-0.13236,-0.49059,0.69751,1.59147,-0.97764,2.01887,-0.43902,-0.13551,-0.48334,0.71155,1.62298,-1.00433,2.04117,-0.44407,-0.10112,-0.51034,2.284,2.871,2.451,0.747,0.268,0.025,-0.399
54.800000,2740,0.70118,1.58084,-0.98153,2.03671,-0.41008,-0.13046,-0.51386,0.70299,1.57464,-0.97630,2.03814,-0.41301,-0.13146,-0.50650,0.71711,1.60607,-1.00385,2.06020,-0.41971,-0.09705,-0.53337,2.323,2.762,2.437,0.796,0.265,-0.028,-0.386
54.900000,2745,0.70652,1.56444,-0.98115,2.05540,-0.38337,-0.12931,-0.53636,0.70877,1.55686,-0.97481,2.05685,-0.38674,-0.12816,-0.53040,0.72295,1.58831,-1.00301,2.07862,-0.39491,-0.09389,-0.55683,2.381,2.656,2.483,0.844,0.263,-0.026,-0.371
55.000000,2750,0.71339,1.54422,-0.98076,2.07371,-0.35629,-0.12664,-0.55925,0.71535,1.53903,-0.97263,2.07527,-0.36006,-0.12457,-0.55412,0.72963,1.57036,-1.00120,2.09668,-0.36925,-0.09072,-0.58013,2.419,2.547,2.466,0.886,0.260,-0.112,-0.359
55.100000,2755,0.72025,1.52553,-0.98000,2.09164,-0.33111,-0.12702,-0.58290,0.72122,1.51892,-0.97094,2.09254,-0.33321,-0.12418,-0.57939,0.73533,1.55013,-1.00027,2.11350,-0.34448,-0.09067,-0.60505,2.446,2.439,2.409,0.931,0.255,-0.287,-0.347
55.200000,2760,0.72292,1.50340,-0.97962,2.10804,-0.30517,-0.13160,-0.60732,0.72658,1.49734,-0.96940,2.10878,-0.30705,-0.12592,-0.60513,0.74063,1.52837,-0.99951,2.12941,-0.32022,-0.09266,-0.63086,2.490,2.334,2.397,0.979,0.252,-0.380,-0.334
55.300000,2765,0.72712,1.48052,-0.97924,2.12292,-0.27999,-0.13503,-0.63593,0.73158,1.47432,-0.96789,2.12430,-0.28142,-0.12938,-0.63225,0.74572,1.50532,-0.99870,2.14447,-0.29645,-0.09640,-0.65728,2.535,2.229,2.385,1.025,0.248,-0.447,-0.321
55.400000,2770,0.73399,1.45648,-0.97542,2.13704,-0.25405,-0.14343,-0.66072,0.73644,1.45000,-0.96651,2.13887,-0.25663,-0.13443,-0.65953,0.75054,1.48098,-0.99782,2.15869,-0.27336,-0.10188,-0.68424,2.582,2.126,2.373,1.071,0.244,-0.489,-0.309
55.500000,2775,0.73704,1.43054,-0.97466,2.15153,-0.23193,-0.15258,-0.68857,0.74087,1.42447,-0.96502,2.15257,-0.23288,-0.14134,-0.68733,0.75507,1.45533,-0.99687,2.17200,-0.25114,-0.10917,-0.71166,2.630,2.023,2.361,1.117,0.240,-0.513,-0.296
55.600000,2780,0.73971,1.40346,-0.97390,2.16450,-0.20637,-0.16021,-0.71566,0.74500,1.39761,-0.96348,2.16544,-0.21025,-0.15004,-0.71586,0.75929,1.42841,-0.99586,2.18443,-0.22995,-0.11823,-0.73944,2.678,1.921,2.349,1.161,0.236,-0.526,-0.284
55.700000,2785,0.74772,1.37599,-0.97199,2.17633,-0.18577,-0.17127,-0.74618,0.74864,1.36957,-0.96184,2.17731,-0.18870,-0.16044,-0.74423,0.76317,1.40022,-0.99477,2.19595,-0.20997,-0.12904,-0.76749,2.728,1.819,2.336,1.204,0.231,-0.533,-0.273
55.800000,2790,0.75077,1.34662,-0.96970,2.18739,-0.16708,-0.18310,-0.77364,0.75219,1.34023,-0.96046,2.18835,-0.16881,-0.17240,-0.77309,0.76668,1.37079,-0.99364,2.20650,-0.19139,-0.14163,-0.79567,2.778,1.718,2.319,1.245,0.225,-0.536,-0.261
55.900000,2795,0.75115,1.31496,-0.96818,2.19693,-0.15144,-0.19607,-0.79996,0.75528,1.30986,-0.95920,2.19839,-0.15055,-0.18597,-0.80183,0.76983,1.34019,-0.99252,2.21606,-0.17431,-0.15603,-0.82385,2.828,1.617,2.303,1.283,0.219,-0.536,-0.251
56.000000,2800,0.75382,1.28482,-0.96818,2.20608,-0.13198,-0.21285,-0.83010,0.75787,1.27809,-0.95788,2.20739,-0.13406,-0.20158,-0.83068,0.77259,1.30846,-0.99138,2.22463,-0.15893,-0.17206,-0.85192,2.877,1.516,2.287,1.319,0.212,-0.535,-0.241
56.100000,2805,0.75611,1.25163,-0.96703,2.21409,-0.12130,-0.22964,-0.85871,0.76010,1.24545,-0.95646,2.21539,-0.11932,-0.21840,-0.85912,0.77496,1.27568,-0.99022,2.23219,-0.14541,-0.18960,-0.87977,2.927,1.415,2.269,1.350,0.204,-0.532,-0.232
56.200000,2810,0.75649,1.21806,-0.96589,2.22134,-0.10490,-0.24604,-0.88503,0.76184,1.21175,-0.95503,2.22227,-0.10670,-0.23689,-0.88730,0.77693,1.24195,-0.98909,2.23873,-0.13388,-0.20853,-0.90727,2.977,1.315,2.248,1.374,0.193,-0.528,-0.223
56.300000,2815,0.75955,1.18258,-0.96512,2.22630,-0.09879,-0.26550,-0.91555,0.76318,1.17732,-0.95385,2.22820,-0.09632,-0.25640,-0.91526,0.77853,1.20738,-0.98803,2.24423,-0.12439,-0.22876,-0.93427,3.027,1.214,2.225,1.391,0.174,-0.523,-0.215
56.400000,2820,0.76222,1.14749,-0.96131,2.23164,-0.09193,-0.28572,-0.94187,0.76415,1.14195,-0.95283,2.23305,-0.08832,-0.27706,-0.94253,0.77976,1.17209,-0.98706,2.24869,-0.11706,-0.25003,-0.96070,3.078,1.114,2.200,1.399,0.141,-0.517,-0.208
56.500000,2825,0.76222,1.11239,-0.96016,2.23393,-0.08125,-0.30708,-0.96667,0.76470,1.10597,-0.95185,2.23677,-0.08258,-0.29882,-0.96925,0.78067,1.13617,-0.98623,2.25212,-0.11194,-0.27214,-0.98650,3.131,1.013,2.171,1.396,0.080,-0.509,-0.202
56.600000,2830,0.76222,1.07463,-0.95978,2.23622,-0.08010,-0.32806,-0.99375,0.76518,1.06963,-0.95133,2.23952,-0.07892,-0.32065,-0.99492,0.78130,1.09973,-0.98559,2.25452,-0.10903,-0.29493,-1.01160,3.186,0.911,2.139,1.383,-0.022,-0.500,-0.197
56.700000,2835,0.76222,1.03762,-0.95978,2.23889,-0.08086,-0.35095,-1.01931,0.76532,1.03294,-0.95124,2.24136,-0.07796,-0.34314,-1.02039,0.78168,1.06288,-0.98519,2.25592,-0.10830,-0.31821,-1.03595,3.242,0.808,2.102,1.362,-0.154,-0.491,-0.193
56.800000,2840,0.76222,1.00062,-0.95978,2.23965,-0.08239,-0.37117,-1.04182,0.76514,0.99571,-0.95114,2.24203,-0.07905,-0.36624,-1.04530,0.78188,1.02571,-0.98509,2.25631,-0.10971,-0.34184,-1.05954,3.301,0.705,2.061,1.335,-0.277,-0.480,-0.190
56.900000,2845,0.76222,0.96324,-0.95978,2.23965,-0.08964,-0.39558,-1.06661,0.76492,0.95815,-0.95148,2.24164,-0.08199,-0.38945,-1.06889,0.78193,0.98831,-0.98534,2.25570,-0.11321,-0.36565,-1.08234,3.360,0.600,2.017,1.308,-0.361,-0.469,-0.188
57.000000,2850,0.76183,0.92509,-0.95978,2.23965,-0.10146,-0.41885,-1.08721,0.76434,0.92097,-0.95260,2.24040,-0.08782,-0.41252,-1.09180,0.78161,0.95086,-0.98627,2.25414,-0.11921,-0.38956,-1.10431,3.371,0.495,1.923,1.291,-0.431,-0.458,-0.186
57.100000,2855,0.76183,0.88808,-0.95978,2.23927,-0.10871,-0.44021,-1.11125,0.76295,0.88372,-0.95473,2.23818,-0.09662,-0.43618,-1.11367,0.78056,0.91365,-0.98826,2.25168,-0.12825,-0.41361,-1.12533,3.446,0.389,1.896,1.278,-0.441,-0.446,-0.186
57.200000,2860,0.76183,0.85070,-0.95978,2.23851,-0.11787,-0.46348,-1.13070,0.76228,0.84594,-0.95660,2.23473,-0.10562,-0.46004,-1.13486,0.78032,0.87607,-0.98981,2.24817,-0.13719,-0.43772,-1.14561,3.542,0.279,1.880,1.266,-0.446,-0.434,-0.186
57.300000,2865,0.76183,0.81293,-0.95978,2.23355,-0.13084,-0.48408,-1.15092,0.76194,0.80835,-0.95880,2.23055,-0.11620,-0.48317,-1.15550,0.78023,0.83843,-0.99171,2.24369,-0.14753,-0.46161,-1.16516,3.605,0.168,1.829,1.264,-0.457,-0.421,-0.187
57.400000,2870,0.76183,0.77479,-0.96016,2.22935,-0.13847,-0.50888,-1.17267,0.76150,0.77059,-0.96156,2.22513,-0.12819,-0.50655,-1.17509,0.78021,0.80086,-0.99415,2.23823,-0.15947,-0.48517,-1.18399,3.669,0.056,1.779,1.267,-0.463,-0.408,-0.188
57.500000,2875,0.76145,0.73664,-0.96169,2.22249,-0.15716,-0.52948,-1.18945,0.76135,0.73309,-0.96482,2.21883,-0.14160,-0.52889,-1.19403,0.78031,0.76340,-0.99718,2.23179,-0.17290,-0.50827,-1.20215,3.735,-0.059,1.730,1.275,-0.468,-0.394,-0.190
57.600000,2880,0.76145,0.69849,-0.96284,2.21524,-0.16784,-0.55199,-1.21081,0.76124,0.69552,-0.96852,2.21130,-0.15632,-0.55146,-1.21198,0.78059,0.72610,-1.00083,2.22439,-0.18771,-0.53084,-1.21968,3.801,-0.176,1.683,1.286,-0.471,-0.381,-0.192
57.700000,2885,0.76145,0.66111,-0.96932,2.20646,-0.18577,-0.57335,-1.22760,0.76147,0.65842,-0.97304,2.20299,-0.17241,-0.57279,-1.22990,0.78109,0.68900,-1.00512,2.21599,-0.20377,-0.55275,-1.23663,3.868,-0.295,1.640,1.299,-0.473,-0.367,-0.195
57.800000,2890,0.76183,0.62487,-0.97390,2.19655,-0.20408,-0.59204,-1.24362,0.76194,0.62139,-0.97833,2.19365,-0.18987,-0.59361,-1.24717,0.78187,0.65215,-1.01010,2.20659,-0.22097,-0.57393,-1.25305,3.937,-0.416,1.601,1.313,-0.475,-0.354,-0.198
57.900000,2895,0.76183,0.58786,-0.98191,2.18625,-0.21705,-0.61150,-1.26155,0.76272,0.58469,-0.98419,2.18317,-0.20833,-0.61410,-1.26376,0.78298,0.61561,-1.01576,2.19617,-0.23919,-0.59428,-1.26899,4.005,-0.539,1.565,1.328,-0.476,-0.341,-0.202
58.000000,2900,0.76222,0.55086,-0.98801,2.17442,-0.23956,-0.62904,-1.27948,0.76367,0.54856,-0.99106,2.17165,-0.22805,-0.63305,-1.27983,0.78422,0.57954,-1.02238,2.18465,-0.25863,-0.61359,-1.28434,4.037,-0.663,1.526,1.343,-0.478,-0.328,-0.205
58.100000,2905,0.76183,0.51500,-0.99717,2.16145,-0.26016,-0.64735,-1.29207,0.76477,0.51270,-0.99854,2.15873,-0.24852,-0.65146,-1.29477,0.78563,0.54395,-1.02991,2.17203,-0.27915,-0.63183,-1.29916,4.138,-0.790,1.509,1.361,-0.475,-0.317,-0.211
58.200000,2910,0.76603,0.47876,-1.00518,2.14810,-0.28038,-0.66414,-1.30809,0.76694,0.47699,-1.00641,2.14491,-0.26924,-0.66904,-1.30957,0.78819,0.50837,-1.03749,2.15843,-0.29932,-0.64932,-1.31409,4.207,-0.918,1.485,1.374,-0.474,-0.306,-0.215
58.300000,2915,0.76718,0.44367,-1.01586,2.13246,-0.29869,-0.68092,-1.32258,0.76939,0.44153,-1.01528,2.12957,-0.29055,-0.68546,-1.32411,0.79097,0.47340,-1.04621,2.14335,-0.32031,-0.66552,-1.32818,4.308,-1.046,1.483,1.392,-0.469,-0.296,-0.222
58.400000,2920,0.77023,0.40971,-1.02082,2.12101,-0.31395,-0.69733,-1.33937,0.77933,0.41262,-1.01501,2.12109,-0.30183,-0.70437,-1.33937,0.80150,0.44565,-1.04348,2.13644,-0.32677,-0.68259,-1.34586,4.476,-1.096,2.086,1.832,0.185,-0.289,-0.240
58.500000,2925,0.79006,0.39331,-1.00213,2.12483,-0.28724,-0.71564,-1.35844,0.79989,0.39584,-0.99650,2.12554,-0.28893,-0.72684,-1.35815,0.82325,0.43122,-1.02200,2.14322,-0.30895,-0.70143,-1.36695,4.537,-1.095,2.083,1.853,0.215,-0.273,-0.250
58.600000,2930,0.81600,0.37843,-0.97237,2.13284,-0.26245,-0.73776,-1.37790,0.82190,0.38132,-0.97438,2.13233,-0.27002,-0.74686,-1.37946,0.84580,0.41773,-0.99918,2.15098,-0.28939,-0.72043,-1.38828,4.587,-1.100,2.061,1.725,0.220,-0.254,-0.258
58.700000,2935,0.83775,0.36508,-0.95101,2.13971,-0.24223,-0.75188,-1.39926,0.84108,0.37233,-0.95410,2.13991,-0.25043,-0.74798,-1.39929,0.86564,0.40978,-0.97842,2.15934,-0.26926,-0.73540,-1.40544,4.601,-0.487,2.025,1.623,0.228,-0.109,-0.182
58.800000,2940,0.84805,0.37347,-0.94224,2.15077,-0.22125,-0.72708,-1.38553,0.84345,0.39605,-0.94662,2.15182,-0.23051,-0.74798,-1.40358,0.86938,0.43505,-0.96919,2.17200,-0.24555,-0.72631,-1.39840,4.256,-0.305,1.991,1.604,0.234,0.423,0.399
58.900000,2945,0.84767,0.41200,-0.94185,2.16565,-0.19950,-0.71297,-1.37828,0.84297,0.42988,-0.94016,2.16547,-0.20510,-0.74066,-1.39462,0.86938,0.46956,-0.96210,2.18639,-0.22046,-0.71039,-1.38595,4.245,-0.181,1.990,1.574,0.231,0.415,0.405
59.000000,2950,0.84767,0.44481,-0.94185,2.17747,-0.17585,-0.70152,-1.36455,0.84332,0.46484,-0.93405,2.17804,-0.17960,-0.72380,-1.38115,0.86974,0.50455,-0.95673,2.19910,-0.19609,-0.69305,-1.37232,4.244,-0.062,1.993,1.546,0.228,0.405,0.410
59.100000,2955,0.84767,0.48143,-0.93537,2.18853,-0.14991,-0.68474,-1.35348,0.84454,0.49952,-0.92812,2.19002,-0.15436,-0.70609,-1.36842,0.87083,0.53933,-0.95114,2.21096,-0.17141,-0.67523,-1.35859,4.250,0.053,2.022,1.516,0.226,0.394,0.414
59.200000,2960,0.84805,0.51576,-0.93003,2.19883,-0.12435,-0.67024,-1.33861,0.84616,0.53466,-0.92309,2.20087,-0.12952,-0.68729,-1.35436,0.87233,0.57442,-0.94667,2.22179,-0.14758,-0.65635,-1.34436,4.226,0.167,1.988,1.483,0.221,0.384,0.420
59.300000,2965,0.84805,0.55162,-0.92774,2.20875,-0.10032,-0.64926,-1.32373,0.84811,0.57011,-0.91917,2.21072,-0.10566,-0.66745,-1.33998,0.87415,0.60986,-0.94352,2.23158,-0.12488,-0.63636,-1.32952,4.207,0.277,1.977,1.452,0.218,0.372,0.425
59.400000,2970,0.84843,0.58672,-0.92583,2.21715,-0.07667,-0.62904,-1.30809,0.85044,0.60576,-0.91596,2.21966,-0.08279,-0.64691,-1.32482,0.87636,0.64545,-0.94120,2.24048,-0.10307,-0.61556,-1.31418,4.184,0.383,1.962,1.418,0.215,0.359,0.429
59.500000,2975,0.85110,0.62410,-0.92202,2.22516,-0.05454,-0.61150,-1.29321,0.85313,0.64143,-0.91374,2.22772,-0.06080,-0.62568,-1.30943,0.87891,0.68118,-0.93970,2.24852,-0.08223,-0.59402,-1.29830,4.155,0.484,1.944,1.382,0.212,0.346,0.435
59.600000,2980,0.85148,0.65958,-0.92125,2.23317,-0.03661,-0.58975,-1.27910,0.85626,0.67731,-0.91240,2.23500,-0.03995,-0.60344,-1.29300,0.88177,0.71703,-0.93898,2.25573,-0.06248,-0.57181,-1.28183,4.122,0.583,1.929,1.342,0.209,0.333,0.440
59.700000,2985,0.85568,0.69582,-0.92125,2.23851,-0.01906,-0.56763,-1.26117,0.85959,0.71303,-0.91107,2.24121,-0.01984,-0.58109,-1.27610,0.88496,0.75272,-0.93846,2.26194,-0.04327,-0.54921,-1.26459,4.091,0.677,1.983,1.291,0.209,0.319,0.445
59.800000,2990,0.85682,0.73130,-0.92049,2.24385,0.00306,-0.54512,-1.24515,0.86338,0.74863,-0.91016,2.24657,-0.00041,-0.55814,-1.25823,0.88845,0.78824,-0.93809,2.26722,-0.02465,-0.52628,-1.24660,4.049,0.769,1.929,1.247,0.205,0.306,0.449
59.900000,2995,0.86521,0.76754,-0.92049,2.24728,0.02290,-0.52299,-1.22645,0.86707,0.78462,-0.91033,2.25136,0.01701,-0.53496,-1.23993,0.89209,0.82420,-0.93927,2.27203,-0.00830,-0.50256,-1.22819,4.003,0.859,1.893,1.199,0.201,0.293,0.453
