t,idx,q1,q2,q3,q4,q5,q6,q7,cmd1,cmd2,cmd3,cmd4,cmd5,cmd6,cmd7,qref1,qref2,qref3,qref4,qref5,qref6,qref7,ff1,ff2,ff3,ff4,ff5,ff6,ff7
0.000000,0,0.00003,0.00001,-0.00037,0.07974,0.00001,0.00001,-0.00001,0.00160,0.00310,-0.00458,0.09732,-0.00416,-0.00253,-0.00243,0.00160,0.00310,-0.00458,0.08181,-0.00416,-0.00253,-0.00243,0.000,0.000,-0.000,0.000,-0.000,-0.000,0.000
0.100000,5,0.00079,0.00039,-0.00037,0.09462,-0.00228,-0.00075,-0.00001,0.00135,0.00476,-0.00581,0.09732,-0.00428,-0.00230,-0.00128,0.00181,0.00350,-0.00517,0.08206,-0.00471,-0.00286,-0.00275,0.026,0.015,-0.005,0.032,-0.005,-0.009,0.002
0.200000,10,0.00270,0.00039,-0.00037,0.09919,-0.00266,-0.00075,-0.00001,0.00155,0.00746,-0.00813,0.09732,-0.00508,-0.00220,-0.00027,0.00218,0.00423,-0.00624,0.08251,-0.00568,-0.00345,-0.00332,0.055,0.036,-0.016,0.067,-0.016,-0.022,0.000
0.300000,15,0.00232,0.00115,-0.00304,0.09919,-0.00304,-0.00152,-0.00001,0.00204,0.01061,-0.01127,0.09732,-0.00668,-0.00246,0.00014,0.00285,0.00552,-0.00816,0.08333,-0.00742,-0.00451,-0.00434,0.095,0.074,-0.047,0.113,-0.046,-0.047,-0.013
0.400000,20,0.00232,0.00382,-0.00915,0.09957,-0.00648,-0.00228,-0.00001,0.00305,0.01473,-0.01574,0.09732,-0.00947,-0.00350,-0.00025,0.00404,0.00783,-0.01157,0.08477,-0.01052,-0.00639,-0.00615,0.146,0.128,-0.086,0.169,-0.084,-0.081,-0.033
0.500000,25,0.00308,0.00955,-0.01639,0.10034,-0.01449,-0.00571,-0.00039,0.00478,0.02021,-0.02204,0.09732,-0.01376,-0.00566,-0.00170,0.00594,0.01152,-0.01701,0.08708,-0.01548,-0.00939,-0.00904,0.218,0.209,-0.135,0.243,-0.134,-0.130,-0.068
0.600000,30,0.00308,0.01794,-0.02746,0.10034,-0.02555,-0.01105,-0.00344,0.00726,0.02709,-0.03024,0.09732,-0.01980,-0.00914,-0.00432,0.00859,0.01666,-0.02461,0.09030,-0.02239,-0.01359,-0.01308,0.306,0.303,-0.176,0.327,-0.178,-0.181,-0.103
0.700000,35,0.00804,0.02519,-0.04043,0.10224,-0.03051,-0.01906,-0.00535,0.01029,0.03519,-0.04013,0.09732,-0.02735,-0.01357,-0.00755,0.01182,0.02292,-0.03385,0.09423,-0.03080,-0.01870,-0.01800,0.406,0.411,-0.212,0.415,-0.217,-0.230,-0.133
0.800000,40,0.01376,0.03434,-0.05225,0.10339,-0.03928,-0.02479,-0.01184,0.01377,0.04402,-0.05116,0.10212,-0.03599,-0.01858,-0.01172,0.01549,0.03002,-0.04435,0.09868,-0.04035,-0.02449,-0.02358,0.521,0.536,-0.245,0.509,-0.254,-0.277,-0.161
0.900000,45,0.01872,0.04502,-0.06560,0.11026,-0.05378,-0.02975,-0.01756,0.01765,0.05361,-0.06332,0.10743,-0.04571,-0.02398,-0.01635,0.01947,0.03774,-0.05576,0.10352,-0.05072,-0.03079,-0.02964,0.650,0.678,-0.276,0.609,-0.290,-0.325,-0.185
1.000000,50,0.02253,0.05570,-0.07934,0.11674,-0.05988,-0.03738,-0.02328,0.02155,0.06329,-0.07563,0.11279,-0.05561,-0.03021,-0.02120,0.02365,0.04586,-0.06774,0.10860,-0.06163,-0.03741,-0.03601,0.792,0.837,-0.304,0.713,-0.325,-0.371,-0.207
1.100000,55,0.02444,0.06715,-0.09269,0.12208,-0.07705,-0.04729,-0.02900,0.02577,0.07346,-0.08866,0.11845,-0.06603,-0.03597,-0.02627,0.02796,0.05420,-0.08006,0.11382,-0.07283,-0.04421,-0.04256,0.860,0.921,-0.301,0.747,-0.327,-0.380,-0.207
1.200000,60,0.03093,0.07592,-0.10604,0.12780,-0.08392,-0.05263,-0.03472,0.02971,0.08363,-0.10162,0.12397,-0.07666,-0.04260,-0.03123,0.03231,0.06264,-0.09254,0.11912,-0.08419,-0.05111,-0.04920,0.928,1.005,-0.297,0.780,-0.329,-0.388,-0.205
1.300000,65,0.03627,0.08699,-0.11901,0.13505,-0.09727,-0.05836,-0.04197,0.03387,0.09358,-0.11450,0.12951,-0.08698,-0.04904,-0.03639,0.03670,0.07114,-0.10509,0.12444,-0.09560,-0.05804,-0.05587,0.995,1.088,-0.292,0.811,-0.330,-0.396,-0.203
1.400000,70,0.03894,0.09767,-0.13198,0.14001,-0.10757,-0.06370,-0.04693,0.03801,0.10376,-0.12758,0.13511,-0.09777,-0.05554,-0.04157,0.04108,0.07965,-0.11766,0.12977,-0.10704,-0.06498,-0.06255,1.062,1.170,-0.287,0.841,-0.331,-0.403,-0.201
1.500000,75,0.04199,0.10720,-0.14457,0.14611,-0.11367,-0.07285,-0.05189,0.04199,0.11372,-0.14029,0.14051,-0.10823,-0.06225,-0.04656,0.04547,0.08816,-0.13023,0.13510,-0.11847,-0.07192,-0.06923,1.129,1.252,-0.281,0.869,-0.332,-0.410,-0.199
1.600000,80,0.04771,0.11750,-0.15716,0.14993,-0.12855,-0.07896,-0.05647,0.04633,0.12229,-0.15274,0.14581,-0.11968,-0.06895,-0.05336,0.04986,0.09666,-0.14279,0.14043,-0.12990,-0.07886,-0.07591,1.195,1.332,-0.274,0.897,-0.333,-0.417,-0.197
1.700000,85,0.05496,0.12551,-0.16937,0.15756,-0.13808,-0.08353,-0.06066,0.05061,0.13057,-0.16512,0.15091,-0.13118,-0.07648,-0.05994,0.05424,0.10516,-0.15534,0.14576,-0.14132,-0.08579,-0.08259,1.261,1.412,-0.267,0.924,-0.333,-0.425,-0.196
1.800000,90,0.05572,0.13620,-0.18157,0.16023,-0.15067,-0.09078,-0.06829,0.05501,0.13887,-0.17740,0.15612,-0.14241,-0.08338,-0.06676,0.05863,0.11366,-0.16790,0.15108,-0.15274,-0.09273,-0.08926,1.327,1.491,-0.260,0.950,-0.334,-0.432,-0.194
1.900000,95,0.05878,0.14459,-0.19302,0.16633,-0.16059,-0.10032,-0.07516,0.05931,0.14735,-0.18969,0.16124,-0.15373,-0.09063,-0.07321,0.06301,0.12216,-0.18046,0.15641,-0.16417,-0.09966,-0.09594,1.393,1.570,-0.253,0.975,-0.335,-0.439,-0.193
2.000000,100,0.06755,0.15260,-0.20561,0.17167,-0.16822,-0.10642,-0.08279,0.06343,0.15566,-0.20184,0.16629,-0.16489,-0.09808,-0.07958,0.06740,0.13067,-0.19302,0.16174,-0.17560,-0.10660,-0.10262,1.459,1.647,-0.244,0.999,-0.336,-0.446,-0.192
2.100000,105,0.07136,0.15947,-0.21781,0.17778,-0.18386,-0.11253,-0.08699,0.06801,0.16421,-0.21439,0.17164,-0.17641,-0.10456,-0.08649,0.07179,0.13918,-0.20560,0.16707,-0.18704,-0.11355,-0.10930,1.524,1.724,-0.236,1.022,-0.337,-0.454,-0.192
2.200000,110,0.07442,0.16977,-0.23040,0.18197,-0.19111,-0.12016,-0.09500,0.07219,0.17232,-0.22647,0.17664,-0.18748,-0.11235,-0.09307,0.07619,0.14770,-0.21818,0.17241,-0.19849,-0.12050,-0.11599,1.589,1.800,-0.227,1.045,-0.337,-0.461,-0.191
2.300000,115,0.07556,0.17816,-0.24261,0.18808,-0.20637,-0.12855,-0.10263,0.07654,0.18064,-0.23862,0.18178,-0.19877,-0.11931,-0.09982,0.08059,0.15623,-0.23078,0.17775,-0.20995,-0.12745,-0.12269,1.654,1.875,-0.217,1.066,-0.338,-0.468,-0.191
2.400000,120,0.08395,0.18655,-0.25405,0.19227,-0.21362,-0.13427,-0.10911,0.08058,0.18898,-0.25071,0.18686,-0.21005,-0.12691,-0.10635,0.08499,0.16477,-0.24340,0.18310,-0.22143,-0.13442,-0.12940,1.718,1.950,-0.207,1.087,-0.339,-0.476,-0.191
2.500000,125,0.08967,0.19456,-0.26588,0.19952,-0.22773,-0.14152,-0.11331,0.08506,0.19738,-0.26324,0.19205,-0.22136,-0.13387,-0.11297,0.08940,0.17332,-0.25603,0.18846,-0.23292,-0.14140,-0.13611,1.782,2.024,-0.197,1.106,-0.339,-0.483,-0.192
2.600000,130,0.09158,0.20334,-0.27770,0.20334,-0.23879,-0.15029,-0.12017,0.08940,0.20570,-0.27549,0.19720,-0.23282,-0.14129,-0.11967,0.09382,0.18189,-0.26869,0.19383,-0.24444,-0.14839,-0.14284,1.846,2.097,-0.186,1.125,-0.340,-0.490,-0.192
2.700000,135,0.09425,0.21097,-0.29029,0.20791,-0.24795,-0.15716,-0.12857,0.09370,0.21411,-0.28794,0.20246,-0.24433,-0.14844,-0.12654,0.09825,0.19048,-0.28137,0.19921,-0.25598,-0.15540,-0.14959,1.910,2.170,-0.175,1.142,-0.340,-0.497,-0.193
2.800000,140,0.10341,0.22203,-0.30288,0.21440,-0.26206,-0.16326,-0.13543,0.09797,0.22247,-0.30018,0.20758,-0.25539,-0.15569,-0.13329,0.10269,0.19908,-0.29408,0.20460,-0.26754,-0.16242,-0.15635,1.973,2.242,-0.163,1.159,-0.341,-0.504,-0.194
2.900000,145,0.10608,0.22889,-0.31547,0.22012,-0.26931,-0.17127,-0.13925,0.10236,0.23083,-0.31256,0.21278,-0.26699,-0.16323,-0.14005,0.10714,0.20771,-0.30683,0.21001,-0.27914,-0.16946,-0.16312,2.036,2.313,-0.151,1.175,-0.341,-0.511,-0.196
3.000000,150,0.10951,0.23881,-0.32692,0.22470,-0.28533,-0.17928,-0.14840,0.10675,0.23939,-0.32496,0.21800,-0.27830,-0.17018,-0.14667,0.11160,0.21636,-0.31961,0.21543,-0.29076,-0.17651,-0.16992,2.099,2.383,-0.138,1.190,-0.341,-0.518,-0.197
3.100000,155,0.11638,0.24606,-0.34027,0.22966,-0.29335,-0.18577,-0.15718,0.11121,0.24801,-0.33768,0.22339,-0.28999,-0.17739,-0.15365,0.11608,0.22504,-0.33243,0.22087,-0.30243,-0.18359,-0.17673,2.161,2.453,-0.125,1.204,-0.342,-0.525,-0.199
3.200000,160,0.12210,0.25522,-0.35133,0.23385,-0.30593,-0.19302,-0.16175,0.11559,0.25657,-0.35022,0.22856,-0.30149,-0.18470,-0.16025,0.12057,0.23375,-0.34530,0.22632,-0.31413,-0.19070,-0.18357,2.223,2.522,-0.111,1.216,-0.342,-0.532,-0.201
3.300000,165,0.12286,0.26361,-0.36354,0.23881,-0.31776,-0.20103,-0.16748,0.12009,0.26510,-0.36285,0.23387,-0.31311,-0.19223,-0.16710,0.12508,0.24249,-0.35821,0.23180,-0.32588,-0.19783,-0.19043,2.285,2.591,-0.097,1.228,-0.342,-0.539,-0.204
3.400000,170,0.12782,0.27276,-0.37651,0.24454,-0.32577,-0.20866,-0.17701,0.12430,0.27341,-0.37512,0.23903,-0.32446,-0.19992,-0.17396,0.12961,0.25126,-0.37117,0.23730,-0.33767,-0.20499,-0.19733,2.346,2.659,-0.082,1.239,-0.342,-0.545,-0.206
3.500000,175,0.13545,0.28230,-0.38910,0.25026,-0.34065,-0.21476,-0.18159,0.12876,0.28217,-0.38774,0.24445,-0.33618,-0.20707,-0.18098,0.13415,0.26007,-0.38418,0.24282,-0.34951,-0.21218,-0.20424,2.407,2.726,-0.067,1.249,-0.341,-0.552,-0.209
3.600000,180,0.13888,0.28879,-0.40168,0.25598,-0.34828,-0.22163,-0.18808,0.13320,0.29076,-0.40051,0.24969,-0.34804,-0.21491,-0.18760,0.13872,0.26893,-0.39726,0.24836,-0.36140,-0.21940,-0.21120,2.467,2.792,-0.051,1.259,-0.341,-0.558,-0.212
3.700000,185,0.14194,0.29909,-0.41427,0.26094,-0.36506,-0.23116,-0.19380,0.13778,0.29923,-0.41322,0.25511,-0.35962,-0.22222,-0.19492,0.14331,0.27782,-0.41040,0.25394,-0.37335,-0.22665,-0.21818,2.528,2.858,-0.035,1.267,-0.341,-0.565,-0.216
3.800000,190,0.14804,0.30672,-0.42762,0.26666,-0.37307,-0.23803,-0.20372,0.14211,0.30804,-0.42598,0.26044,-0.37154,-0.22988,-0.20170,0.14792,0.28676,-0.42360,0.25954,-0.38537,-0.23395,-0.22520,2.587,2.924,-0.018,1.274,-0.340,-0.571,-0.219
3.900000,195,0.15491,0.31740,-0.44021,0.27162,-0.38719,-0.24337,-0.21097,0.14676,0.31686,-0.43897,0.26596,-0.38333,-0.23711,-0.20894,0.15255,0.29575,-0.43688,0.26517,-0.39745,-0.24128,-0.23226,2.647,2.988,-0.001,1.280,-0.340,-0.577,-0.223
4.000000,200,0.15567,0.32426,-0.45280,0.27734,-0.39673,-0.25215,-0.21783,0.15146,0.32585,-0.45219,0.27143,-0.39557,-0.24475,-0.21579,0.15722,0.30479,-0.45024,0.27084,-0.40960,-0.24866,-0.23936,2.706,3.052,0.017,1.285,-0.339,-0.583,-0.227
4.100000,205,0.16101,0.33494,-0.46577,0.28345,-0.41122,-0.26092,-0.22508,0.15587,0.33458,-0.46494,0.27687,-0.40729,-0.25261,-0.22311,0.16191,0.31389,-0.46368,0.27654,-0.42183,-0.25608,-0.24651,2.764,3.116,0.035,1.289,-0.338,-0.589,-0.232
4.200000,210,0.16711,0.34219,-0.47874,0.28917,-0.42228,-0.26664,-0.23309,0.16038,0.34346,-0.47797,0.28230,-0.41941,-0.26066,-0.22999,0.16663,0.32305,-0.47720,0.28227,-0.43413,-0.26355,-0.25370,2.822,3.179,0.054,1.292,-0.337,-0.595,-0.236
4.300000,215,0.17207,0.35287,-0.49171,0.29375,-0.43182,-0.27503,-0.23805,0.16507,0.35225,-0.49095,0.28782,-0.43130,-0.26840,-0.23728,0.17139,0.33227,-0.49083,0.28805,-0.44653,-0.27107,-0.26094,2.880,3.242,0.073,1.294,-0.336,-0.601,-0.241
4.400000,220,0.17322,0.36127,-0.50468,0.30061,-0.44670,-0.28419,-0.24415,0.16989,0.36142,-0.50440,0.29348,-0.44381,-0.27598,-0.24451,0.17618,0.34156,-0.50455,0.29387,-0.45901,-0.27865,-0.26824,2.937,3.303,0.093,1.295,-0.335,-0.606,-0.246
4.500000,225,0.18123,0.37118,-0.51803,0.30519,-0.45814,-0.29106,-0.25140,0.17447,0.37063,-0.51788,0.29909,-0.45619,-0.28410,-0.25167,0.18101,0.35092,-0.51838,0.29974,-0.47159,-0.28629,-0.27559,2.994,3.365,0.113,1.295,-0.334,-0.612,-0.251
4.600000,230,0.18810,0.38034,-0.53139,0.31244,-0.47264,-0.29830,-0.26285,0.17938,0.37980,-0.53150,0.30486,-0.46867,-0.29189,-0.25920,0.18588,0.36036,-0.53232,0.30565,-0.48428,-0.29399,-0.28300,3.051,3.426,0.134,1.294,-0.332,-0.617,-0.257
4.700000,235,0.18886,0.38835,-0.54512,0.31663,-0.48218,-0.30784,-0.27009,0.18418,0.38885,-0.54495,0.31049,-0.48111,-0.30007,-0.26653,0.19079,0.36988,-0.54639,0.31162,-0.49707,-0.30176,-0.29048,3.107,3.486,0.155,1.292,-0.331,-0.622,-0.263
4.800000,240,0.19458,0.39941,-0.55847,0.32312,-0.49820,-0.31433,-0.27658,0.18903,0.39826,-0.55873,0.31643,-0.49382,-0.30788,-0.27435,0.19575,0.37949,-0.56058,0.31764,-0.50998,-0.30960,-0.29802,3.162,3.546,0.177,1.288,-0.329,-0.627,-0.269
4.900000,245,0.20221,0.40857,-0.57182,0.32846,-0.50545,-0.32157,-0.28535,0.19375,0.40771,-0.57250,0.32216,-0.50671,-0.31648,-0.28182,0.20075,0.38919,-0.57491,0.32372,-0.52302,-0.31751,-0.30564,3.217,3.605,0.199,1.284,-0.327,-0.631,-0.275
5.000000,250,0.20564,0.41849,-0.58556,0.33494,-0.52261,-0.33302,-0.29260,0.19893,0.41724,-0.58663,0.32810,-0.51940,-0.32437,-0.28942,0.20581,0.39899,-0.58939,0.32986,-0.53619,-0.32550,-0.31334,3.271,3.664,0.222,1.278,-0.325,-0.636,-0.282
5.100000,255,0.20755,0.42497,-0.59967,0.34029,-0.53100,-0.33989,-0.29642,0.20385,0.42703,-0.60089,0.33411,-0.53285,-0.33291,-0.29705,0.21092,0.40889,-0.60402,0.33606,-0.54950,-0.33359,-0.32112,3.325,3.723,0.245,1.272,-0.323,-0.640,-0.288
5.200000,260,0.21671,0.43832,-0.61378,0.34639,-0.54855,-0.34751,-0.30710,0.20890,0.43695,-0.61528,0.34020,-0.54596,-0.34113,-0.30483,0.21608,0.41891,-0.61882,0.34234,-0.56297,-0.34176,-0.32899,3.378,3.781,0.269,1.264,-0.320,-0.644,-0.295
5.300000,265,0.22243,0.44977,-0.62866,0.35287,-0.55733,-0.35705,-0.31549,0.21393,0.44622,-0.62933,0.34610,-0.55892,-0.35020,-0.31284,0.22131,0.42905,-0.63379,0.34869,-0.57659,-0.35003,-0.33695,3.431,3.839,0.294,1.255,-0.318,-0.648,-0.303
5.400000,270,0.22472,0.45702,-0.64278,0.35936,-0.57373,-0.36583,-0.32312,0.21933,0.45654,-0.64433,0.35249,-0.57280,-0.35807,-0.32095,0.22661,0.43931,-0.64896,0.35512,-0.59039,-0.35841,-0.34501,3.483,3.896,0.319,1.245,-0.315,-0.652,-0.310
5.500000,275,0.23006,0.46770,-0.65765,0.36432,-0.58479,-0.37384,-0.33456,0.22450,0.46643,-0.65912,0.35878,-0.58637,-0.36720,-0.32941,0.23197,0.44972,-0.66433,0.36164,-0.60437,-0.36689,-0.35318,3.535,3.953,0.344,1.233,-0.312,-0.655,-0.318
5.600000,280,0.23883,0.47876,-0.67215,0.37195,-0.60272,-0.38223,-0.34143,0.22971,0.47655,-0.67382,0.36496,-0.59996,-0.37635,-0.33730,0.23742,0.46027,-0.67991,0.36825,-0.61854,-0.37550,-0.36146,3.585,4.010,0.370,1.221,-0.309,-0.659,-0.326
5.700000,285,0.24150,0.48906,-0.68741,0.37843,-0.61302,-0.39253,-0.34906,0.23519,0.48694,-0.68921,0.37145,-0.61429,-0.38521,-0.34575,0.24294,0.47097,-0.69572,0.37496,-0.63293,-0.38423,-0.36987,3.636,4.066,0.396,1.207,-0.306,-0.662,-0.334
5.800000,290,0.24799,0.49974,-0.70305,0.38377,-0.62981,-0.39940,-0.35745,0.24067,0.49766,-0.70482,0.37810,-0.62859,-0.39415,-0.35426,0.24855,0.48185,-0.71179,0.38177,-0.64754,-0.39310,-0.37841,3.685,4.123,0.423,1.191,-0.303,-0.664,-0.342
5.900000,295,0.25523,0.50813,-0.71831,0.39140,-0.64011,-0.40855,-0.36699,0.24622,0.50835,-0.72059,0.38472,-0.64315,-0.40364,-0.36276,0.25425,0.49290,-0.72812,0.38870,-0.66240,-0.40212,-0.38709,3.734,4.179,0.451,1.175,-0.299,-0.667,-0.351
6.000000,300,0.25829,0.51996,-0.73471,0.39636,-0.65842,-0.41923,-0.37500,0.25202,0.51935,-0.73671,0.39158,-0.65804,-0.41291,-0.37176,0.26006,0.50416,-0.74475,0.39575,-0.67753,-0.41131,-0.39594,3.782,4.234,0.478,1.157,-0.295,-0.669,-0.360
6.100000,305,0.26706,0.53255,-0.75073,0.40475,-0.67253,-0.42686,-0.38416,0.25772,0.53041,-0.75304,0.39850,-0.67311,-0.42258,-0.38078,0.26599,0.51565,-0.76173,0.40295,-0.69297,-0.42068,-0.40496,3.829,4.290,0.507,1.137,-0.292,-0.671,-0.369
6.200000,310,0.27278,0.54399,-0.76714,0.41162,-0.68665,-0.43831,-0.39522,0.26376,0.54161,-0.76961,0.40552,-0.68827,-0.43284,-0.38991,0.27206,0.52742,-0.77911,0.41033,-0.70879,-0.43028,-0.41420,3.876,4.346,0.535,1.116,-0.288,-0.673,-0.379
6.300000,315,0.27736,0.55315,-0.78469,0.41734,-0.70534,-0.44784,-0.40475,0.26988,0.55370,-0.78690,0.41296,-0.70433,-0.44225,-0.39937,0.27830,0.53953,-0.79700,0.41792,-0.72507,-0.44017,-0.42371,3.923,4.403,0.565,1.094,-0.284,-0.676,-0.389
6.400000,320,0.28575,0.56612,-0.80262,0.42764,-0.71831,-0.45700,-0.41467,0.27635,0.56610,-0.80508,0.42064,-0.72086,-0.45284,-0.40911,0.28478,0.55208,-0.81554,0.42578,-0.74193,-0.45041,-0.43357,3.970,4.461,0.595,1.071,-0.280,-0.677,-0.400
6.500000,325,0.28919,0.58100,-0.82131,0.43451,-0.73776,-0.46882,-0.42421,0.28315,0.57908,-0.82378,0.42870,-0.73815,-0.46376,-0.41945,0.29154,0.56520,-0.83491,0.43400,-0.75956,-0.46110,-0.44387,4.018,4.519,0.625,1.045,-0.276,-0.679,-0.411
6.600000,330,0.29682,0.59168,-0.84114,0.44252,-0.75684,-0.47874,-0.43298,0.29020,0.59282,-0.84351,0.43721,-0.75612,-0.47480,-0.43023,0.29866,0.57901,-0.85531,0.44265,-0.77811,-0.47237,-0.45471,4.065,4.580,0.657,1.017,-0.272,-0.681,-0.423
6.700000,335,0.30559,0.60694,-0.86136,0.45244,-0.77324,-0.49362,-0.44748,0.29764,0.60679,-0.86400,0.44600,-0.77480,-0.48752,-0.44167,0.30621,0.59363,-0.87691,0.45181,-0.79776,-0.48430,-0.46620,4.111,4.643,0.690,0.985,-0.267,-0.682,-0.436
6.800000,340,0.31322,0.62296,-0.88387,0.46045,-0.79270,-0.50430,-0.45816,0.30543,0.62188,-0.88561,0.45536,-0.79485,-0.50035,-0.45380,0.31421,0.60913,-0.89982,0.46153,-0.81860,-0.49695,-0.47837,4.156,4.707,0.724,0.949,-0.262,-0.682,-0.448
6.900000,345,0.32390,0.63822,-0.90676,0.47113,-0.81520,-0.51842,-0.47189,0.31387,0.63783,-0.90883,0.46534,-0.81605,-0.51385,-0.46668,0.32266,0.62552,-0.92402,0.47179,-0.84062,-0.51032,-0.49124,4.198,4.773,0.759,0.909,-0.257,-0.682,-0.460
7.000000,350,0.32962,0.65500,-0.93194,0.48143,-0.83809,-0.53139,-0.48486,0.32282,0.65524,-0.93392,0.47613,-0.83903,-0.52756,-0.48041,0.33152,0.64270,-0.94940,0.48256,-0.86371,-0.52433,-0.50473,4.238,4.840,0.796,0.864,-0.251,-0.680,-0.473
7.100000,355,0.34030,0.67446,-0.95749,0.49249,-0.86174,-0.54665,-0.50051,0.33192,0.67256,-0.95933,0.48703,-0.86238,-0.54222,-0.49458,0.34071,0.66053,-0.97574,0.49373,-0.88767,-0.53888,-0.51873,4.273,4.906,0.833,0.816,-0.244,-0.677,-0.484
7.200000,360,0.34831,0.69010,-0.98420,0.50279,-0.88692,-0.56076,-0.51653,0.34118,0.69032,-0.98543,0.49801,-0.88632,-0.55789,-0.50856,0.35016,0.67884,-1.00278,0.50520,-0.91228,-0.55381,-0.53311,4.304,4.973,0.870,0.764,-0.236,-0.673,-0.495
7.300000,365,0.35823,0.70841,-1.01014,0.51538,-0.90867,-0.57640,-0.52912,0.35054,0.70842,-1.01209,0.50933,-0.91119,-0.57348,-0.52334,0.35977,0.69747,-1.03030,0.51687,-0.93731,-0.56901,-0.54774,4.331,5.038,0.907,0.709,-0.228,-0.668,-0.506
7.400000,370,0.36815,0.72825,-1.03760,0.52568,-0.93422,-0.59128,-0.54514,0.36006,0.72638,-1.03904,0.52059,-0.93609,-0.58949,-0.53805,0.36948,0.71629,-1.05810,0.52866,-0.96260,-0.58437,-0.56253,4.352,5.101,0.942,0.653,-0.220,-0.663,-0.515
7.500000,375,0.37616,0.74618,-1.06393,0.53789,-0.95521,-0.60692,-0.55887,0.36962,0.74456,-1.06601,0.53188,-0.96116,-0.60552,-0.55258,0.37924,0.73521,-1.08606,0.54052,-0.98804,-0.59981,-0.57739,4.368,5.163,0.976,0.596,-0.211,-0.657,-0.524
7.600000,380,0.38608,0.76487,-1.09101,0.54819,-0.98115,-0.62370,-0.57604,0.37918,0.76284,-1.09325,0.54336,-0.98624,-0.62138,-0.56752,0.38903,0.75418,-1.11409,0.55241,-1.01353,-0.61528,-0.59229,4.379,5.223,1.007,0.537,-0.203,-0.651,-0.532
7.700000,385,0.39600,0.78203,-1.11771,0.55963,-1.00632,-0.63782,-0.58901,0.38873,0.78108,-1.12054,0.55480,-1.01169,-0.63722,-0.58244,0.39882,0.77318,-1.14214,0.56431,-1.03906,-0.63078,-0.60720,4.384,5.282,1.036,0.478,-0.196,-0.645,-0.540
7.800000,390,0.40668,0.80187,-1.14404,0.57108,-1.02959,-0.65460,-0.60427,0.39825,0.79907,-1.14765,0.56613,-1.03683,-0.65355,-0.59737,0.40862,0.79217,-1.17020,0.57621,-1.06458,-0.64627,-0.62212,4.384,5.338,1.062,0.419,-0.188,-0.638,-0.546
7.900000,395,0.41545,0.81827,-1.17150,0.58138,-1.05630,-0.66948,-0.61838,0.40773,0.81714,-1.17472,0.57751,-1.06209,-0.66919,-0.61210,0.41841,0.81115,-1.19823,0.58810,-1.09008,-0.66175,-0.63702,4.379,5.393,1.085,0.359,-0.181,-0.632,-0.552
8.000000,400,0.42423,0.83582,-1.19821,0.59282,-1.08224,-0.68436,-0.63364,0.41741,0.83519,-1.20190,0.58898,-1.08743,-0.68504,-0.62723,0.42818,0.83009,-1.22621,0.59997,-1.11554,-0.67721,-0.65190,4.368,5.447,1.105,0.300,-0.175,-0.625,-0.557
8.100000,405,0.43377,0.85490,-1.22567,0.60312,-1.10551,-0.70152,-0.65004,0.42682,0.85302,-1.22881,0.60021,-1.11238,-0.70099,-0.64194,0.43792,0.84897,-1.25411,0.61180,-1.14092,-0.69262,-0.66673,4.353,5.498,1.122,0.240,-0.169,-0.619,-0.560
8.200000,410,0.44330,0.87130,-1.25237,0.61457,-1.13145,-0.71411,-0.66225,0.43625,0.87071,-1.25581,0.61127,-1.13757,-0.71696,-0.65630,0.44760,0.86775,-1.28184,0.62356,-1.16615,-0.70793,-0.68147,4.332,5.548,1.136,0.182,-0.163,-0.613,-0.563
8.300000,415,0.45360,0.89037,-1.27870,0.62525,-1.15624,-0.73090,-0.67942,0.44517,0.88729,-1.28243,0.62192,-1.16255,-0.73383,-0.67064,0.45720,0.88635,-1.30932,0.63522,-1.19114,-0.72311,-0.69608,4.306,5.595,1.147,0.124,-0.159,-0.607,-0.565
8.400000,420,0.46009,0.90449,-1.30464,0.63555,-1.18142,-0.74578,-0.69201,0.45399,0.90347,-1.30889,0.63233,-1.18767,-0.74798,-0.68417,0.46660,0.90464,-1.33630,0.64684,-1.21564,-0.73795,-0.71044,4.270,5.638,1.158,0.074,-0.150,-0.597,-0.564
8.500000,425,0.46810,0.92051,-1.32333,0.65081,-1.20049,-0.75035,-0.70078,0.45798,0.89786,-1.33597,0.64594,-1.21641,-0.74798,-0.69570,0.47056,0.91783,-1.35226,0.66934,-1.22558,-0.74177,-0.71981,3.838,5.600,1.331,0.126,0.449,0.020,-0.447
8.600000,430,0.46619,0.91708,-1.32409,0.68590,-1.19554,-0.72556,-0.70040,0.44995,0.89306,-1.34000,0.67943,-1.22128,-0.74798,-0.69701,0.46602,0.92592,-1.35123,0.70888,-1.21405,-0.72930,-0.72177,3.700,5.547,1.734,0.223,0.511,0.044,-0.326
8.700000,435,0.46199,0.91402,-1.32371,0.72481,-1.18409,-0.72365,-0.70040,0.44412,0.89935,-1.33767,0.71882,-1.20984,-0.74510,-0.69837,0.46095,0.93349,-1.34892,0.74875,-1.20113,-0.71632,-0.72348,3.688,5.472,1.789,0.309,0.506,0.034,-0.342
8.800000,440,0.45360,0.91479,-1.32180,0.76258,-1.17646,-0.71678,-0.70078,0.43922,0.90617,-1.33485,0.75768,-1.19691,-0.73264,-0.70084,0.45606,0.94034,-1.34665,0.78735,-1.18837,-0.70411,-0.72555,3.676,5.400,1.839,0.394,0.499,0.025,-0.353
8.900000,445,0.45017,0.91517,-1.31990,0.80034,-1.16540,-0.70534,-0.70116,0.43445,0.91154,-1.33200,0.79512,-1.18384,-0.72108,-0.70335,0.45140,0.94554,-1.34440,0.82449,-1.17551,-0.69253,-0.72791,3.669,5.283,1.887,0.480,0.493,0.015,-0.362
9.000000,450,0.44788,0.91593,-1.31913,0.83620,-1.15128,-0.69771,-0.70459,0.42993,0.91535,-1.32906,0.83097,-1.17048,-0.71023,-0.70619,0.44699,0.94928,-1.34217,0.86007,-1.16269,-0.68165,-0.73055,3.665,5.164,1.930,0.567,0.487,0.004,-0.370
9.100000,455,0.44292,0.91784,-1.31494,0.87015,-1.14327,-0.68741,-0.70726,0.42588,0.91807,-1.32632,0.86528,-1.15742,-0.69988,-0.70953,0.44280,0.95190,-1.33996,0.89402,-1.15009,-0.67153,-0.73344,3.662,5.033,1.968,0.654,0.480,-0.007,-0.374
9.200000,460,0.43605,0.91784,-1.31341,0.90296,-1.12611,-0.67864,-0.71108,0.42186,0.91981,-1.32353,0.89792,-1.14463,-0.69030,-0.71288,0.43883,0.95341,-1.33776,0.92632,-1.13774,-0.66217,-0.73655,3.661,4.887,2.002,0.739,0.473,-0.020,-0.378
9.300000,465,0.43377,0.91822,-1.31341,0.93424,-1.11848,-0.67139,-0.71261,0.41809,0.92042,-1.32060,0.92890,-1.13169,-0.68153,-0.71636,0.43507,0.95385,-1.33558,0.95699,-1.12567,-0.65354,-0.73986,3.661,4.740,2.033,0.823,0.466,-0.033,-0.379
9.400000,470,0.43110,0.91784,-1.30845,0.96400,-1.10207,-0.66376,-0.71604,0.41451,0.91988,-1.31783,0.95824,-1.11920,-0.67370,-0.71997,0.43151,0.95327,-1.33341,0.98609,-1.11387,-0.64561,-0.74334,3.663,4.589,2.060,0.906,0.459,-0.047,-0.379
9.500000,475,0.43071,0.91746,-1.30654,0.99185,-1.09483,-0.65613,-0.71985,0.41115,0.91852,-1.31504,0.98619,-1.10707,-0.66606,-0.72403,0.42814,0.95171,-1.33125,1.01367,-1.10237,-0.63833,-0.74697,3.665,4.445,2.085,0.988,0.451,-0.062,-0.379
9.600000,480,0.42156,0.91746,-1.30197,1.01817,-1.07995,-0.65079,-0.72825,0.40803,0.91605,-1.31242,1.01261,-1.09533,-0.65939,-0.72809,0.42494,0.94921,-1.32910,1.03982,-1.09114,-0.63169,-0.75074,3.669,4.308,2.106,1.070,0.444,-0.078,-0.377
9.700000,485,0.41927,0.91708,-1.30159,1.04334,-1.07117,-0.64697,-0.73206,0.40486,0.91280,-1.30958,1.03763,-1.08351,-0.65318,-0.73214,0.42190,0.94581,-1.32695,1.06458,-1.08020,-0.62565,-0.75463,3.673,4.178,2.124,1.150,0.437,-0.095,-0.375
9.800000,490,0.41698,0.91479,-1.30006,1.06661,-1.06202,-0.64240,-0.73549,0.40196,0.90872,-1.30701,1.06137,-1.07237,-0.64755,-0.73631,0.41900,0.94155,-1.32482,1.08803,-1.06953,-0.62018,-0.75863,3.678,4.054,2.140,1.228,0.430,-0.113,-0.371
9.900000,495,0.41507,0.91441,-1.29624,1.08988,-1.04829,-0.63705,-0.73893,0.39921,0.90367,-1.30454,1.08382,-1.06154,-0.64260,-0.74073,0.41625,0.93646,-1.32270,1.11021,-1.05915,-0.61525,-0.76273,3.684,3.934,2.154,1.306,0.423,-0.133,-0.368
10.000000,500,0.41469,0.90907,-1.29510,1.11048,-1.04180,-0.63171,-0.74236,0.39657,0.89804,-1.30201,1.10507,-1.05087,-0.63775,-0.74505,0.41364,0.93056,-1.32060,1.13116,-1.04904,-0.61085,-0.76692,3.691,3.818,2.165,1.383,0.416,-0.154,-0.364
10.100000,505,0.40897,0.89915,-1.29167,1.12994,-1.02883,-0.62790,-0.74656,0.39427,0.89165,-1.29993,1.12519,-1.04100,-0.63352,-0.74936,0.41115,0.92391,-1.31851,1.15094,-1.03922,-0.60694,-0.77118,3.698,3.705,2.174,1.458,0.408,-0.177,-0.359
10.200000,510,0.40363,0.89152,-1.28900,1.14978,-1.01967,-0.62676,-0.75342,0.39183,0.88406,-1.29753,1.14393,-1.03077,-0.62995,-0.75419,0.40880,0.91633,-1.31645,1.16943,-1.02967,-0.60353,-0.77550,3.711,3.585,2.180,1.531,0.401,-0.203,-0.353
10.300000,515,0.40363,0.88274,-1.28862,1.16542,-1.01472,-0.62599,-0.75762,0.38959,0.87504,-1.29488,1.16085,-1.02067,-0.62694,-0.75862,0.40668,0.90710,-1.31442,1.18612,-1.02035,-0.60067,-0.77983,3.728,3.463,2.184,1.603,0.394,-0.231,-0.347
10.400000,520,0.40096,0.87321,-1.28366,1.18182,-1.00136,-0.62294,-0.76105,0.38760,0.86466,-1.29267,1.17641,-1.01134,-0.62471,-0.76331,0.40471,0.89678,-1.31242,1.20147,-1.01128,-0.59829,-0.78419,3.739,3.347,2.186,1.676,0.386,-0.255,-0.342
10.500000,525,0.39867,0.86214,-1.28213,1.19555,-0.99335,-0.62256,-0.76449,0.38555,0.85453,-1.29035,1.19152,-1.00205,-0.62235,-0.76776,0.40275,0.88645,-1.31043,1.21638,-1.00249,-0.59626,-0.78864,3.744,3.237,2.188,1.749,0.379,-0.276,-0.338
10.600000,530,0.39829,0.84879,-1.28060,1.21119,-0.98878,-0.62218,-0.76792,0.38362,0.84435,-1.28833,1.20632,-0.99321,-0.62042,-0.77248,0.40078,0.87615,-1.30846,1.23092,-0.99398,-0.59458,-0.79320,3.751,3.125,2.188,1.819,0.371,-0.299,-0.334
10.700000,535,0.39791,0.83964,-1.27984,1.22531,-0.97466,-0.62065,-0.77440,0.38155,0.83338,-1.28601,1.22021,-0.98457,-0.61928,-0.77763,0.39889,0.86529,-1.30651,1.24463,-0.98572,-0.59329,-0.79781,3.761,3.010,2.187,1.887,0.363,-0.325,-0.328
10.800000,540,0.39562,0.82857,-1.27488,1.23713,-0.96779,-0.62027,-0.78051,0.37977,0.82191,-1.28393,1.23325,-0.97604,-0.61801,-0.78257,0.39708,0.85374,-1.30460,1.25742,-0.97771,-0.59239,-0.80247,3.772,2.893,2.183,1.953,0.355,-0.351,-0.322
10.900000,545,0.38951,0.81637,-1.27336,1.24858,-0.96360,-0.62027,-0.78585,0.37807,0.80981,-1.28188,1.24539,-0.96798,-0.61715,-0.78776,0.39535,0.84153,-1.30272,1.26929,-0.96996,-0.59187,-0.80715,3.783,2.775,2.179,2.018,0.347,-0.376,-0.316
11.000000,550,0.38723,0.80225,-1.27297,1.26040,-0.95826,-0.62027,-0.79043,0.37628,0.79710,-1.27992,1.25654,-0.96017,-0.61686,-0.79251,0.39371,0.82866,-1.30089,1.28024,-0.96248,-0.59172,-0.81186,3.795,2.655,2.172,2.080,0.339,-0.402,-0.309
11.100000,555,0.38684,0.78928,-1.26916,1.27109,-0.94529,-0.62065,-0.79424,0.37466,0.78362,-1.27790,1.26672,-0.95244,-0.61714,-0.79727,0.39215,0.81518,-1.29910,1.29027,-0.95528,-0.59194,-0.81657,3.807,2.533,2.164,2.140,0.329,-0.427,-0.302
11.200000,560,0.38646,0.77555,-1.26878,1.28024,-0.94033,-0.62065,-0.79882,0.37314,0.76968,-1.27599,1.27609,-0.94525,-0.61736,-0.80241,0.39068,0.80110,-1.29737,1.29937,-0.94838,-0.59250,-0.82127,3.820,2.410,2.154,2.196,0.320,-0.451,-0.295
11.300000,565,0.38227,0.75876,-1.26725,1.28825,-0.93651,-0.62141,-0.80645,0.37184,0.75521,-1.27451,1.28455,-0.93859,-0.61768,-0.80734,0.38930,0.78644,-1.29570,1.30756,-0.94177,-0.59341,-0.82596,3.833,2.286,2.143,2.249,0.310,-0.472,-0.288
11.400000,570,0.38150,0.74274,-1.26725,1.29474,-0.92965,-0.62256,-0.80950,0.37036,0.74013,-1.27261,1.29198,-0.93183,-0.61895,-0.81224,0.38800,0.77124,-1.29409,1.31483,-0.93547,-0.59465,-0.83063,3.847,2.160,2.130,2.297,0.299,-0.491,-0.280
11.500000,575,0.38150,0.73053,-1.26725,1.30160,-0.91897,-0.62332,-0.81293,0.36902,0.72418,-1.27070,1.29846,-0.92517,-0.62076,-0.81733,0.38678,0.75549,-1.29255,1.32119,-0.92948,-0.59621,-0.83527,3.861,2.033,2.117,2.341,0.288,-0.509,-0.272
11.600000,580,0.38150,0.71108,-1.26649,1.30580,-0.91515,-0.62485,-0.81675,0.36789,0.70818,-1.26932,1.30414,-0.91932,-0.62217,-0.82197,0.38566,0.73922,-1.29108,1.32662,-0.92381,-0.59808,-0.83987,3.876,1.904,2.101,2.377,0.277,-0.526,-0.265
11.700000,585,0.38150,0.69468,-1.26267,1.31190,-0.91134,-0.62714,-0.82056,0.36684,0.69159,-1.26800,1.30889,-0.91379,-0.62395,-0.82673,0.38462,0.72245,-1.28969,1.33116,-0.91845,-0.60024,-0.84442,3.890,1.773,2.085,2.406,0.264,-0.541,-0.257
11.800000,590,0.37960,0.67675,-1.26229,1.31419,-0.90905,-0.62904,-0.82629,0.36584,0.67432,-1.26659,1.31272,-0.90841,-0.62621,-0.83167,0.38367,0.70521,-1.28838,1.33481,-0.91341,-0.60267,-0.84891,3.906,1.641,2.067,2.427,0.251,-0.555,-0.249
11.900000,595,0.37578,0.65920,-1.26153,1.31877,-0.90409,-0.63095,-0.83163,0.36494,0.65659,-1.26531,1.31564,-0.90336,-0.62886,-0.83648,0.38280,0.68750,-1.28715,1.33757,-0.90868,-0.60538,-0.85335,3.921,1.507,2.048,2.439,0.238,-0.567,-0.241
12.000000,600,0.37578,0.64165,-1.26039,1.32068,-0.89531,-0.63438,-0.83582,0.36393,0.63844,-1.26392,1.31759,-0.89850,-0.63184,-0.84102,0.38202,0.66934,-1.28600,1.33944,-0.90427,-0.60833,-0.85773,3.937,1.372,2.027,2.441,0.223,-0.578,-0.232
12.100000,605,0.37387,0.62181,-1.25962,1.32068,-0.89150,-0.63820,-0.83964,0.36333,0.61992,-1.26292,1.31882,-0.89400,-0.63459,-0.84564,0.38133,0.65073,-1.28494,1.34044,-0.90017,-0.61154,-0.86204,3.953,1.236,2.006,2.438,0.208,-0.587,-0.224
12.200000,610,0.37082,0.60350,-1.25619,1.32144,-0.88845,-0.64125,-0.84498,0.36268,0.60096,-1.26210,1.31910,-0.89009,-0.63781,-0.85005,0.38073,0.63168,-1.28397,1.34056,-0.89639,-0.61497,-0.86628,3.969,1.097,1.983,2.432,0.192,-0.596,-0.216
12.300000,615,0.37082,0.58252,-1.25619,1.32144,-0.88768,-0.64621,-0.85070,0.36205,0.58155,-1.26111,1.31846,-0.88622,-0.64120,-0.85442,0.38021,0.61218,-1.28308,1.33979,-0.89291,-0.61863,-0.87045,3.986,0.957,1.960,2.424,0.176,-0.603,-0.208
12.400000,620,0.37044,0.56230,-1.25619,1.32144,-0.88540,-0.65003,-0.85413,0.36159,0.56170,-1.26035,1.31699,-0.88291,-0.64487,-0.85884,0.37979,0.59226,-1.28229,1.33814,-0.88973,-0.62250,-0.87454,4.002,0.815,1.935,2.418,0.158,-0.610,-0.200
12.500000,625,0.37044,0.54247,-1.25619,1.32144,-0.88463,-0.65346,-0.86062,0.36121,0.54142,-1.25975,1.31456,-0.87981,-0.64866,-0.86320,0.37947,0.57191,-1.28159,1.33558,-0.88687,-0.62657,-0.87855,4.022,0.671,1.908,2.409,0.138,-0.614,-0.189
12.600000,630,0.37082,0.52187,-1.25619,1.32106,-0.88273,-0.65689,-0.86405,0.36102,0.52079,-1.25921,1.31074,-0.87706,-0.65282,-0.86732,0.37936,0.55130,-1.28106,1.33160,-0.88445,-0.63076,-0.88230,4.051,0.528,1.874,2.386,0.108,-0.615,-0.170
12.700000,635,0.37044,0.50089,-1.25619,1.31648,-0.88120,-0.65880,-0.86520,0.36111,0.50012,-1.25881,1.30516,-0.87483,-0.65678,-0.87122,0.37952,0.53055,-1.28074,1.32585,-0.88255,-0.63500,-0.88567,4.078,0.387,1.842,2.390,0.081,-0.616,-0.154
12.800000,640,0.37044,0.47876,-1.25619,1.31000,-0.88082,-0.66452,-0.86863,0.36127,0.47895,-1.25853,1.29878,-0.87266,-0.66118,-0.87459,0.37974,0.50943,-1.28048,1.31945,-0.88088,-0.63941,-0.88901,4.086,0.243,1.821,2.425,0.074,-0.622,-0.158
12.900000,645,0.37044,0.45778,-1.25619,1.30504,-0.87700,-0.66872,-0.87054,0.36128,0.45735,-1.25843,1.29270,-0.87112,-0.66578,-0.87810,0.37983,0.48773,-1.28017,1.31329,-0.87921,-0.64409,-0.89262,4.092,0.094,1.800,2.462,0.068,-0.628,-0.163
13.000000,650,0.37044,0.43527,-1.25619,1.29855,-0.87243,-0.67482,-0.87588,0.36131,0.43504,-1.25814,1.28612,-0.86927,-0.67066,-0.88199,0.37994,0.46554,-1.27989,1.30669,-0.87773,-0.64899,-0.89631,4.108,-0.059,1.771,2.484,0.049,-0.631,-0.156
13.100000,655,0.37044,0.41200,-1.25619,1.29016,-0.86899,-0.67940,-0.87702,0.36150,0.41267,-1.25819,1.27874,-0.86812,-0.67523,-0.88546,0.38014,0.44283,-1.27970,1.29913,-0.87651,-0.65405,-0.89994,4.125,-0.215,1.740,2.505,0.029,-0.634,-0.150
13.200000,660,0.37044,0.38950,-1.25619,1.28215,-0.86861,-0.68359,-0.88084,0.36188,0.38930,-1.25850,1.27031,-0.86710,-0.68005,-0.88966,0.38047,0.41940,-1.27960,1.29047,-0.87558,-0.65933,-0.90352,4.144,-0.376,1.707,2.527,0.009,-0.637,-0.144
13.300000,665,0.37082,0.36508,-1.25619,1.27261,-0.86708,-0.68779,-0.88732,0.36228,0.36488,-1.25851,1.26016,-0.86615,-0.68549,-0.89373,0.38099,0.39510,-1.27965,1.28024,-0.87500,-0.66480,-0.90697,4.174,-0.542,1.666,2.546,-0.022,-0.638,-0.129
13.400000,670,0.37044,0.33876,-1.25619,1.26002,-0.86670,-0.69389,-0.89075,0.36299,0.33968,-1.25886,1.24749,-0.86589,-0.69110,-0.89661,0.38184,0.36989,-1.27992,1.26773,-0.87489,-0.67043,-0.91015,4.203,-0.712,1.625,2.567,-0.051,-0.642,-0.119
13.500000,675,0.37082,0.31244,-1.25619,1.24438,-0.86670,-0.70152,-0.89152,0.36381,0.31294,-1.25974,1.23354,-0.86675,-0.69723,-0.89916,0.38275,0.34319,-1.28024,1.25396,-0.87503,-0.67649,-0.91348,4.206,-0.891,1.609,2.598,-0.045,-0.647,-0.133
13.600000,680,0.37082,0.28573,-1.25619,1.23561,-0.86632,-0.70572,-0.89495,0.36391,0.29031,-1.25976,1.22761,-0.86762,-0.70253,-0.90172,0.38317,0.32124,-1.27883,1.24881,-0.87320,-0.68100,-0.91692,4.162,-1.007,1.791,3.229,0.174,-0.466,-0.097
13.700000,685,0.37044,0.27505,-1.25276,1.25163,-0.86174,-0.69924,-0.89495,0.36280,0.28780,-1.25598,1.24711,-0.86513,-0.70203,-0.90349,0.38276,0.32051,-1.27243,1.26959,-0.86554,-0.67863,-0.91865,4.121,-0.426,1.897,3.342,0.251,-0.129,0.021
13.800000,690,0.37044,0.28268,-1.24131,1.28634,-0.85717,-0.68779,-0.89457,0.36161,0.29689,-1.24856,1.27939,-0.85753,-0.69683,-0.90463,0.38208,0.33051,-1.26366,1.30231,-0.85518,-0.67274,-0.91922,4.114,-0.381,1.929,3.379,0.252,-0.108,0.039
13.900000,695,0.37044,0.29222,-1.23216,1.31953,-0.84381,-0.68131,-0.89457,0.36069,0.30712,-1.23944,1.31313,-0.84733,-0.69108,-0.90532,0.38139,0.34092,-1.25465,1.33601,-0.84452,-0.66666,-0.91978,4.107,-0.349,1.955,3.408,0.249,-0.103,0.043
14.000000,700,0.37006,0.30252,-1.22224,1.35387,-0.83504,-0.67635,-0.89495,0.35986,0.31731,-1.22970,1.34694,-0.83614,-0.68515,-0.90662,0.38069,0.35133,-1.24564,1.36968,-0.83387,-0.66058,-0.92035,4.100,-0.317,1.979,3.433,0.245,-0.101,0.049
14.100000,705,0.36968,0.31435,-1.21385,1.38744,-0.82741,-0.67177,-0.89495,0.35922,0.32828,-1.22047,1.37922,-0.82519,-0.67911,-0.90813,0.38004,0.36239,-1.23721,1.40161,-0.82381,-0.65462,-0.92058,4.099,-0.266,1.984,3.445,0.231,-0.099,0.130
14.200000,710,0.36739,0.32617,-1.20812,1.41185,-0.81406,-0.66490,-0.89419,0.35860,0.34840,-1.21370,1.40193,-0.81592,-0.67319,-0.90808,0.37949,0.38267,-1.23267,1.42384,-0.81741,-0.64864,-0.91788,4.090,-0.126,1.853,3.418,0.139,-0.098,0.307
14.300000,715,0.36739,0.35554,-1.20812,1.42444,-0.81253,-0.65918,-0.89342,0.35779,0.37634,-1.21013,1.41633,-0.80944,-0.66792,-0.90613,0.37882,0.41101,-1.23162,1.43805,-0.81439,-0.64277,-0.91305,4.076,0.060,1.808,3.381,0.076,-0.107,0.321
14.400000,720,0.36739,0.38721,-1.20812,1.43398,-0.81024,-0.65460,-0.89037,0.35708,0.40411,-1.20821,1.42868,-0.80560,-0.66276,-0.90157,0.37815,0.43877,-1.23104,1.45044,-0.81212,-0.63729,-0.90829,4.059,0.235,1.837,3.347,0.059,-0.122,0.304
14.500000,725,0.36548,0.41353,-1.20736,1.44656,-0.80986,-0.65155,-0.88694,0.35656,0.43031,-1.20728,1.44055,-0.80319,-0.65776,-0.89672,0.37741,0.46481,-1.23049,1.46223,-0.81019,-0.63228,-0.90401,4.048,0.398,1.862,3.314,0.042,-0.134,0.293
14.600000,730,0.36510,0.43947,-1.20583,1.45648,-0.80872,-0.64850,-0.88313,0.35619,0.45550,-1.20649,1.45057,-0.80117,-0.65293,-0.89237,0.37695,0.48992,-1.23017,1.47216,-0.80871,-0.62743,-0.89953,4.056,0.557,1.874,3.269,0.017,-0.140,0.302
14.700000,735,0.36510,0.46388,-1.20545,1.46335,-0.80681,-0.64507,-0.87702,0.35603,0.47997,-1.20583,1.45877,-0.79960,-0.64837,-0.88781,0.37676,0.51439,-1.23009,1.48034,-0.80767,-0.62271,-0.89479,4.054,0.714,1.893,3.224,-0.002,-0.148,0.301
14.800000,740,0.36510,0.48982,-1.20545,1.47022,-0.80681,-0.63934,-0.87359,0.35604,0.50379,-1.20545,1.46597,-0.79850,-0.64391,-0.88319,0.37669,0.53820,-1.23014,1.48750,-0.80698,-0.61816,-0.88999,4.048,0.866,1.913,3.176,-0.019,-0.156,0.299
14.900000,745,0.36510,0.51348,-1.20431,1.47632,-0.80681,-0.63477,-0.86825,0.35618,0.52718,-1.20535,1.47221,-0.79785,-0.63961,-0.87825,0.37674,0.56153,-1.23032,1.49373,-0.80662,-0.61377,-0.88512,4.043,1.016,1.932,3.124,-0.036,-0.164,0.297
15.000000,750,0.36510,0.53675,-1.20355,1.48166,-0.80681,-0.63019,-0.86405,0.35644,0.55017,-1.20526,1.47755,-0.79737,-0.63543,-0.87320,0.37689,0.58445,-1.23063,1.49907,-0.80660,-0.60953,-0.88016,4.037,1.164,1.950,3.066,-0.053,-0.172,0.295
15.100000,755,0.36510,0.55887,-1.20355,1.48471,-0.80681,-0.62714,-0.86062,0.35678,0.57277,-1.20523,1.48198,-0.79710,-0.63157,-0.86788,0.37714,0.60704,-1.23107,1.50355,-0.80690,-0.60543,-0.87508,4.031,1.310,1.968,3.002,-0.070,-0.180,0.293
15.200000,760,0.36510,0.58290,-1.20355,1.48891,-0.80681,-0.62447,-0.85680,0.35725,0.59505,-1.20540,1.48564,-0.79734,-0.62773,-0.86264,0.37750,0.62932,-1.23163,1.50721,-0.80754,-0.60149,-0.86990,4.025,1.454,1.985,2.929,-0.087,-0.188,0.291
15.300000,765,0.36510,0.60541,-1.20355,1.49082,-0.80681,-0.62141,-0.84994,0.35780,0.61706,-1.20580,1.48842,-0.79803,-0.62409,-0.85737,0.37795,0.65129,-1.23232,1.51001,-0.80852,-0.59772,-0.86458,4.018,1.597,2.001,2.849,-0.104,-0.197,0.289
15.400000,770,0.36510,0.62792,-1.20355,1.49120,-0.80719,-0.61989,-0.84498,0.35842,0.63874,-1.20625,1.49033,-0.79893,-0.62061,-0.85184,0.37850,0.67295,-1.23314,1.51198,-0.80985,-0.59412,-0.85913,4.011,1.738,2.017,2.762,-0.119,-0.207,0.287
15.500000,775,0.36510,0.64966,-1.20355,1.49272,-0.80757,-0.61874,-0.83926,0.35921,0.66012,-1.20690,1.49142,-0.80024,-0.61732,-0.84596,0.37914,0.69431,-1.23407,1.51312,-0.81153,-0.59072,-0.85356,4.004,1.878,2.031,2.666,-0.135,-0.217,0.285
15.600000,780,0.36510,0.67179,-1.20355,1.49272,-0.80834,-0.61417,-0.83391,0.36004,0.68113,-1.20768,1.49172,-0.80198,-0.61417,-0.84047,0.37987,0.71534,-1.23514,1.51341,-0.81356,-0.58751,-0.84786,3.997,2.017,2.045,2.567,-0.150,-0.228,0.282
15.700000,785,0.36510,0.69162,-1.20355,1.49272,-0.81024,-0.61073,-0.82934,0.36094,0.70194,-1.20861,1.49128,-0.80408,-0.61129,-0.83440,0.38066,0.73605,-1.23630,1.51302,-0.81592,-0.58453,-0.84209,3.983,2.154,2.063,2.501,-0.158,-0.241,0.274
15.800000,790,0.36510,0.71337,-1.20355,1.49272,-0.81063,-0.60692,-0.82209,0.36173,0.72243,-1.20960,1.49102,-0.80645,-0.60863,-0.82865,0.38133,0.75649,-1.23745,1.51280,-0.81841,-0.58181,-0.83654,3.958,2.288,2.085,2.477,-0.158,-0.255,0.261
15.900000,795,0.36548,0.73321,-1.20355,1.49272,-0.81177,-0.60425,-0.81522,0.36246,0.74267,-1.21060,1.49076,-0.80893,-0.60618,-0.82296,0.38192,0.77663,-1.23861,1.51258,-0.82107,-0.57934,-0.83116,3.945,2.420,2.098,2.391,-0.167,-0.268,0.256
16.000000,800,0.36548,0.75495,-1.20355,1.49272,-0.81444,-0.60349,-0.81103,0.36336,0.76230,-1.21155,1.48916,-0.81147,-0.60412,-0.81739,0.38270,0.79628,-1.23994,1.51101,-0.82418,-0.57712,-0.82550,3.948,2.550,2.102,2.233,-0.187,-0.282,0.260
16.100000,805,0.36548,0.77364,-1.20393,1.49234,-0.81635,-0.60272,-0.80759,0.36454,0.78139,-1.21273,1.48568,-0.81459,-0.60226,-0.81111,0.38376,0.81537,-1.24150,1.50757,-0.82785,-0.57515,-0.81941,3.948,2.680,2.109,2.111,-0.202,-0.298,0.261
16.200000,810,0.36586,0.79310,-1.20393,1.48929,-0.81826,-0.60196,-0.80263,0.36586,0.79998,-1.21409,1.48105,-0.81826,-0.60069,-0.80485,0.38496,0.83390,-1.24319,1.50296,-0.83192,-0.57348,-0.81313,3.941,2.809,2.119,2.026,-0.210,-0.316,0.256
16.300000,815,0.36815,0.81064,-1.20393,1.48471,-0.82245,-0.60120,-0.79615,0.36728,0.81806,-1.21566,1.47554,-0.82229,-0.59915,-0.79841,0.38623,0.85189,-1.24497,1.49748,-0.83632,-0.57212,-0.80677,3.933,2.935,2.129,1.946,-0.215,-0.334,0.250
16.400000,820,0.36815,0.82857,-1.20393,1.47785,-0.83351,-0.60081,-0.78814,0.36881,0.83559,-1.21746,1.46919,-0.82687,-0.59809,-0.79188,0.38758,0.86932,-1.24683,1.49114,-0.84105,-0.57108,-0.80033,3.926,3.060,2.139,1.870,-0.220,-0.354,0.245
16.500000,825,0.36968,0.84727,-1.20393,1.46983,-0.83733,-0.60043,-0.78203,0.37027,0.85245,-1.21909,1.46186,-0.83165,-0.59774,-0.78499,0.38900,0.88618,-1.24876,1.48394,-0.84610,-0.57037,-0.79383,3.919,3.182,2.148,1.797,-0.224,-0.374,0.239
16.600000,830,0.37082,0.86253,-1.20469,1.46259,-0.84038,-0.60081,-0.77784,0.37189,0.86876,-1.22088,1.45369,-0.83672,-0.59740,-0.77822,0.39049,0.90246,-1.25075,1.47587,-0.85147,-0.57001,-0.78727,3.912,3.303,2.156,1.724,-0.226,-0.395,0.232
16.700000,835,0.37158,0.87893,-1.20469,1.45267,-0.84267,-0.60081,-0.76792,0.37363,0.88455,-1.22297,1.44474,-0.84234,-0.59747,-0.77123,0.39205,0.91814,-1.25281,1.46694,-0.85715,-0.56999,-0.78065,3.906,3.422,2.163,1.652,-0.228,-0.417,0.226
16.800000,840,0.37349,0.89571,-1.20774,1.44199,-0.84916,-0.60081,-0.75991,0.37530,0.89958,-1.22472,1.43481,-0.84783,-0.59780,-0.76479,0.39369,0.93322,-1.25492,1.45713,-0.86312,-0.57034,-0.77398,3.900,3.539,2.170,1.581,-0.229,-0.439,0.219
16.900000,845,0.37387,0.90983,-1.21156,1.43054,-0.86022,-0.60120,-0.75533,0.37727,0.91426,-1.22702,1.42414,-0.85410,-0.59827,-0.75773,0.39540,0.94767,-1.25708,1.44644,-0.86939,-0.57106,-0.76727,3.895,3.654,2.176,1.509,-0.229,-0.460,0.213
17.000000,850,0.37387,0.92356,-1.21156,1.41795,-0.86403,-0.60234,-0.75075,0.37918,0.92809,-1.22914,1.41241,-0.86051,-0.59973,-0.75040,0.39718,0.96148,-1.25928,1.43487,-0.87594,-0.57215,-0.76052,3.889,3.767,2.181,1.437,-0.228,-0.482,0.206
17.100000,855,0.37960,0.93768,-1.21613,1.40460,-0.86899,-0.60425,-0.74007,0.38106,0.94130,-1.23109,1.39981,-0.86688,-0.60137,-0.74319,0.39904,0.97464,-1.26152,1.42241,-0.88277,-0.57364,-0.75375,3.885,3.879,2.186,1.364,-0.227,-0.502,0.199
17.200000,860,0.38341,0.95103,-1.21804,1.39049,-0.87471,-0.60501,-0.73511,0.38315,0.95385,-1.23327,1.38639,-0.87381,-0.60326,-0.73615,0.40096,0.98713,-1.26378,1.40907,-0.88986,-0.57552,-0.74695,3.881,3.988,2.190,1.290,-0.226,-0.522,0.191
17.300000,865,0.38456,0.96362,-1.21804,1.37599,-0.88616,-0.60616,-0.72939,0.38540,0.96560,-1.23560,1.37212,-0.88090,-0.60543,-0.72970,0.40297,0.99894,-1.26605,1.39483,-0.89721,-0.57781,-0.74015,3.878,4.095,2.192,1.216,-0.224,-0.541,0.184
17.400000,870,0.38570,0.97621,-1.21995,1.36073,-0.89150,-0.61150,-0.72405,0.38748,0.97670,-1.23769,1.35676,-0.88823,-0.60849,-0.72231,0.40505,1.01005,-1.26834,1.37969,-0.90481,-0.58050,-0.73333,3.875,4.201,2.194,1.141,-0.221,-0.557,0.176
17.500000,875,0.38761,0.98536,-1.22453,1.34357,-0.89531,-0.61417,-0.71413,0.38976,0.98722,-1.23999,1.34063,-0.89595,-0.61150,-0.71528,0.40720,1.02047,-1.27064,1.36365,-0.91264,-0.58361,-0.72652,3.873,4.304,2.195,1.065,-0.218,-0.573,0.168
17.600000,880,0.38990,0.99528,-1.22605,1.32754,-0.90638,-0.62027,-0.70650,0.39217,0.99696,-1.24224,1.32354,-0.90363,-0.61505,-0.70806,0.40944,1.03015,-1.27293,1.34668,-0.92071,-0.58715,-0.71971,3.872,4.404,2.195,0.988,-0.215,-0.587,0.161
17.700000,885,0.39104,1.00482,-1.23063,1.30923,-0.91668,-0.62447,-0.70192,0.39461,1.00597,-1.24460,1.30553,-0.91196,-0.61901,-0.70106,0.41177,1.03909,-1.27521,1.32877,-0.92899,-0.59113,-0.71292,3.871,4.501,2.194,0.911,-0.211,-0.600,0.153
17.800000,890,0.39791,1.01664,-1.23139,1.28902,-0.92164,-0.62828,-0.69315,0.39708,1.01418,-1.24685,1.28652,-0.92018,-0.62368,-0.69393,0.41418,1.04730,-1.27748,1.30992,-0.93750,-0.59555,-0.70615,3.872,4.595,2.191,0.832,-0.207,-0.610,0.145
17.900000,895,0.40134,1.02198,-1.23330,1.26918,-0.92812,-0.63133,-0.68743,0.39981,1.02169,-1.24921,1.26660,-0.92881,-0.62846,-0.68674,0.41669,1.05474,-1.27973,1.29010,-0.94621,-0.60043,-0.69940,3.873,4.686,2.188,0.753,-0.203,-0.619,0.137
18.000000,900,0.40134,1.03152,-1.23788,1.24820,-0.94185,-0.63820,-0.68094,0.40258,1.02834,-1.25142,1.24564,-0.93733,-0.63385,-0.67997,0.41930,1.06142,-1.28196,1.26930,-0.95513,-0.60577,-0.69267,3.876,4.771,2.183,0.673,-0.199,-0.627,0.129
18.100000,905,0.40439,1.03419,-1.23902,1.22607,-0.94643,-0.64545,-0.67598,0.40534,1.03433,-1.25364,1.22363,-0.94632,-0.63984,-0.67248,0.42201,1.06731,-1.28415,1.24748,-0.96425,-0.61160,-0.68598,3.880,4.852,2.176,0.593,-0.194,-0.633,0.121
18.200000,910,0.40706,1.03610,-1.24284,1.20280,-0.95368,-0.65079,-0.66874,0.40830,1.03948,-1.25590,1.20070,-0.95559,-0.64610,-0.66575,0.42484,1.07241,-1.28631,1.22461,-0.97357,-0.61791,-0.67931,3.885,4.926,2.168,0.512,-0.190,-0.638,0.113
18.300000,915,0.40744,1.04716,-1.24475,1.17915,-0.96894,-0.65727,-0.66072,0.41141,1.04364,-1.25806,1.17662,-0.96474,-0.65285,-0.65954,0.42779,1.07671,-1.28844,1.20065,-0.98310,-0.62473,-0.67268,3.891,4.993,2.158,0.430,-0.185,-0.641,0.105
18.400000,920,0.41355,1.05097,-1.24665,1.15245,-0.97428,-0.66452,-0.65310,0.41448,1.04728,-1.26025,1.15128,-0.97437,-0.66041,-0.65191,0.43087,1.08017,-1.29052,1.17555,-0.99284,-0.63209,-0.66608,3.899,5.051,2.146,0.347,-0.180,-0.644,0.097
18.500000,925,0.41812,1.05097,-1.25009,1.12574,-0.98191,-0.67253,-0.64890,0.41796,1.04993,-1.26242,1.12488,-0.98406,-0.66816,-0.64498,0.43410,1.08278,-1.29257,1.14924,-1.00279,-0.64002,-0.65951,3.908,5.100,2.131,0.263,-0.175,-0.645,0.090
18.600000,930,0.42080,1.05136,-1.25123,1.09751,-0.99602,-0.68131,-0.64165,0.42148,1.05173,-1.26465,1.09713,-0.99420,-0.67672,-0.63828,0.43750,1.08453,-1.29456,1.12163,-1.01297,-0.64854,-0.65296,3.918,5.141,2.114,0.179,-0.170,-0.646,0.082
18.700000,935,0.42385,1.05174,-1.25314,1.06700,-1.00213,-0.68855,-0.63440,0.42515,1.05258,-1.26674,1.06800,-1.00440,-0.68584,-0.63159,0.44108,1.08537,-1.29652,1.09263,-1.02339,-0.65770,-0.64644,3.931,5.174,2.094,0.093,-0.165,-0.645,0.075
18.800000,940,0.42652,1.05632,-1.25772,1.03648,-1.01510,-0.69924,-0.62754,0.42905,1.05245,-1.26865,1.03736,-1.01455,-0.69554,-0.62509,0.44487,1.08525,-1.29842,1.06214,-1.03407,-0.66754,-0.63993,3.946,5.186,2.072,0.006,-0.159,-0.644,0.067
18.900000,945,0.43491,1.05899,-1.25772,1.00367,-1.02463,-0.70915,-0.62410,0.43316,1.05064,-1.27058,1.00499,-1.02515,-0.70618,-0.61810,0.44896,1.08344,-1.30026,1.02999,-1.04486,-0.67794,-0.63349,3.967,5.155,2.048,-0.079,-0.152,-0.641,0.059
19.000000,950,0.43758,1.05860,-1.26077,0.96972,-1.03379,-0.71907,-0.61914,0.43757,1.04764,-1.27274,0.97085,-1.03625,-0.71732,-0.61120,0.45332,1.08045,-1.30205,0.99614,-1.05590,-0.68908,-0.62707,3.984,5.236,2.015,-0.165,-0.148,-0.640,0.053
19.100000,955,0.44063,1.05860,-1.26344,0.93348,-1.04829,-0.73242,-0.60808,0.44219,1.04460,-1.27502,0.93492,-1.04818,-0.72985,-0.60398,0.45784,1.07759,-1.30384,0.96065,-1.06747,-0.70133,-0.62064,4.001,5.282,1.980,-0.256,-0.142,-0.637,0.045
19.200000,960,0.44559,1.05593,-1.26496,0.89457,-1.05744,-0.74425,-0.60121,0.44662,1.04079,-1.27756,0.89813,-1.06099,-0.74331,-0.59614,0.46259,1.07412,-1.30549,0.92463,-1.07888,-0.71404,-0.61426,4.010,5.500,1.975,-0.330,-0.122,-0.624,0.041
19.300000,965,0.45169,1.05822,-1.26611,0.87740,-1.06431,-0.75073,-0.59359,0.44962,1.04814,-1.28108,0.89023,-1.06998,-0.74798,-0.58679,0.46642,1.08285,-1.30481,0.91860,-1.08008,-0.71711,-0.60723,3.940,5.939,2.208,0.335,0.483,-0.036,0.053
19.400000,970,0.45169,1.07348,-1.26611,0.91784,-1.04638,-0.72861,-0.57947,0.45131,1.06991,-1.28335,0.92086,-1.06808,-0.73936,-0.57797,0.46906,1.10567,-1.30125,0.95030,-1.06824,-0.70739,-0.59937,3.903,5.976,2.310,0.379,0.506,0.005,0.058
19.500000,975,0.45398,1.09179,-1.26611,0.95599,-1.04180,-0.71678,-0.57260,0.45390,1.09372,-1.28076,0.95509,-1.05707,-0.72863,-0.57006,0.47168,1.12953,-1.29749,0.98445,-1.05554,-0.69684,-0.59136,3.878,6.000,2.376,0.400,0.504,0.004,0.058
19.600000,980,0.45665,1.12002,-1.26611,0.98918,-1.02769,-0.70534,-0.56764,0.45640,1.11740,-1.27631,0.98927,-1.04389,-0.71852,-0.56234,0.47429,1.15335,-1.29374,1.01855,-1.04285,-0.68631,-0.58336,3.850,6.020,2.438,0.419,0.502,0.002,0.058
19.700000,985,0.45704,1.14329,-1.26535,1.02351,-1.01700,-0.69771,-0.55620,0.45916,1.14115,-1.27253,1.02301,-1.03155,-0.70792,-0.55401,0.47686,1.17675,-1.29005,1.05205,-1.03039,-0.67596,-0.57551,3.817,6.036,2.494,0.435,0.498,-0.001,0.055
19.800000,990,0.46009,1.16542,-1.26458,1.05670,-1.00823,-0.68665,-0.55239,0.46092,1.16119,-1.26966,1.05646,-1.01969,-0.69693,-0.54783,0.47840,1.19629,-1.28684,1.08522,-1.01811,-0.66541,-0.57028,3.627,6.015,2.496,0.462,0.496,0.003,-0.207
19.900000,995,0.45971,1.17801,-1.26382,1.09103,-0.99297,-0.67444,-0.56040,0.45884,1.16765,-1.26873,1.09156,-1.00750,-0.68423,-0.55053,0.47595,1.20204,-1.28523,1.12008,-1.00540,-0.65319,-0.57524,3.447,5.739,2.461,0.535,0.490,0.000,-0.519
20.000000,1000,0.45932,1.17839,-1.26382,1.12727,-0.98534,-0.66223,-0.57413,0.45550,1.17041,-1.26775,1.12635,-0.99555,-0.67187,-0.55812,0.47224,1.20417,-1.28410,1.15434,-0.99315,-0.64151,-0.58343,3.440,5.671,2.488,0.614,0.480,-0.011,-0.512
20.100000,1005,0.45894,1.17839,-1.26382,1.15969,-0.96856,-0.65231,-0.58023,0.45203,1.17187,-1.26590,1.15905,-0.98314,-0.66118,-0.56650,0.46878,1.20544,-1.28290,1.18675,-0.98129,-0.63075,-0.59154,3.447,5.477,2.517,0.691,0.472,-0.021,-0.505
20.200000,1010,0.45627,1.17839,-1.26306,1.19021,-0.96284,-0.64392,-0.58634,0.44896,1.17167,-1.26398,1.18999,-0.97074,-0.65084,-0.57494,0.46562,1.20512,-1.28159,1.21734,-0.96962,-0.62069,-0.59962,3.455,5.320,2.542,0.768,0.464,-0.032,-0.497
20.300000,1015,0.45360,1.17839,-1.26306,1.21921,-0.94605,-0.63324,-0.59511,0.44593,1.17055,-1.26193,1.21935,-0.95885,-0.64144,-0.58331,0.46266,1.20390,-1.28019,1.24638,-0.95823,-0.61137,-0.60764,3.461,5.181,2.563,0.846,0.456,-0.043,-0.489
20.400000,1020,0.45360,1.17801,-1.26306,1.24705,-0.93804,-0.62561,-0.60274,0.44315,1.16856,-1.25973,1.24733,-0.94682,-0.63269,-0.59160,0.45987,1.20181,-1.27872,1.27409,-0.94706,-0.60271,-0.61566,3.468,5.047,2.582,0.923,0.448,-0.054,-0.481
20.500000,1025,0.45017,1.17762,-1.26191,1.27414,-0.92469,-0.61951,-0.60732,0.44050,1.16567,-1.25747,1.27409,-0.93514,-0.62481,-0.59977,0.45723,1.19889,-1.27716,1.30064,-0.93608,-0.59466,-0.62371,3.474,4.920,2.599,1.000,0.441,-0.066,-0.474
20.600000,1030,0.44826,1.17724,-1.26039,1.29931,-0.91477,-0.61226,-0.61800,0.43788,1.16252,-1.25525,1.30001,-0.92371,-0.61720,-0.60817,0.45464,1.19565,-1.27554,1.32627,-0.92535,-0.58725,-0.63179,3.473,4.844,2.610,1.076,0.432,-0.080,-0.466
20.700000,1035,0.44826,1.17724,-1.25619,1.32487,-0.90752,-0.60387,-0.62906,0.43528,1.15979,-1.25311,1.32524,-0.91274,-0.61039,-0.61652,0.45204,1.19282,-1.27392,1.35121,-0.91502,-0.58057,-0.63989,3.471,4.753,2.620,1.149,0.424,-0.095,-0.459
20.800000,1040,0.44216,1.17076,-1.25428,1.34891,-0.89188,-0.60005,-0.63326,0.43289,1.15599,-1.25116,1.34941,-0.90239,-0.60386,-0.62470,0.44959,1.18877,-1.27220,1.37508,-0.90476,-0.57433,-0.64804,3.482,4.593,2.634,1.222,0.418,-0.106,-0.452
20.900000,1045,0.43720,1.16008,-1.25009,1.37256,-0.88501,-0.59509,-0.64089,0.43068,1.15035,-1.24918,1.37240,-0.89186,-0.59762,-0.63315,0.44734,1.18293,-1.27036,1.39774,-0.89446,-0.56845,-0.65626,3.493,4.469,2.643,1.297,0.412,-0.120,-0.444
21.000000,1050,0.43720,1.15779,-1.24970,1.39430,-0.87662,-0.59051,-0.65157,0.42835,1.14343,-1.24658,1.39426,-0.88093,-0.59233,-0.64202,0.44520,1.17614,-1.26846,1.41937,-0.88432,-0.56307,-0.66452,3.502,4.360,2.649,1.372,0.404,-0.137,-0.436
21.100000,1055,0.43644,1.14672,-1.24818,1.41528,-0.86251,-0.58479,-0.65615,0.42625,1.13616,-1.24441,1.41518,-0.87084,-0.58722,-0.65020,0.44314,1.16856,-1.26650,1.44002,-0.87437,-0.55820,-0.67280,3.512,4.252,2.654,1.447,0.397,-0.155,-0.428
21.200000,1060,0.43300,1.13910,-1.24551,1.43626,-0.85755,-0.57945,-0.66492,0.42432,1.12785,-1.24211,1.43522,-0.86059,-0.58257,-0.65912,0.44116,1.16023,-1.26450,1.45973,-0.86462,-0.55383,-0.68110,3.522,4.145,2.656,1.521,0.389,-0.175,-0.420
21.300000,1065,0.43148,1.12918,-1.24284,1.45458,-0.84381,-0.57640,-0.67484,0.42229,1.11885,-1.23963,1.45416,-0.85058,-0.57876,-0.66727,0.43925,1.15111,-1.26245,1.47849,-0.85508,-0.54996,-0.68943,3.533,4.038,2.657,1.594,0.382,-0.196,-0.412
21.400000,1070,0.43071,1.11964,-1.23902,1.47327,-0.83580,-0.57487,-0.68247,0.42047,1.10906,-1.23724,1.47234,-0.84062,-0.57500,-0.67620,0.43741,1.14124,-1.26038,1.49636,-0.84575,-0.54656,-0.69778,3.545,3.932,2.657,1.667,0.374,-0.219,-0.404
21.500000,1075,0.42804,1.10629,-1.23635,1.49120,-0.82894,-0.57373,-0.68972,0.41864,1.09860,-1.23496,1.48955,-0.83133,-0.57202,-0.68471,0.43563,1.13062,-1.25827,1.51333,-0.83663,-0.54364,-0.70615,3.557,3.825,2.655,1.739,0.366,-0.243,-0.396
21.600000,1080,0.42232,1.09561,-1.23483,1.50684,-0.81673,-0.57144,-0.69773,0.41687,1.08721,-1.23255,1.50588,-0.82209,-0.56948,-0.69336,0.43390,1.11924,-1.25615,1.52943,-0.82775,-0.54119,-0.71454,3.570,3.718,2.652,1.810,0.359,-0.268,-0.388
21.700000,1085,0.42041,1.08531,-1.23445,1.52248,-0.80948,-0.56992,-0.70765,0.41510,1.07521,-1.23008,1.52140,-0.81283,-0.56717,-0.70215,0.43223,1.10715,-1.25401,1.54467,-0.81910,-0.53920,-0.72293,3.583,3.609,2.647,1.880,0.351,-0.296,-0.379
21.800000,1090,0.42003,1.07043,-1.23139,1.53812,-0.80262,-0.56915,-0.71413,0.41349,1.06264,-1.22788,1.53607,-0.80422,-0.56531,-0.71063,0.43061,1.09431,-1.25186,1.55904,-0.81072,-0.53768,-0.73133,3.597,3.499,2.641,1.949,0.342,-0.324,-0.371
21.900000,1095,0.42003,1.05593,-1.22872,1.55223,-0.79041,-0.56839,-0.72291,0.41181,1.04917,-1.22559,1.54976,-0.79580,-0.56411,-0.71907,0.42904,1.08072,-1.24971,1.57251,-0.80260,-0.53661,-0.73972,3.613,3.388,2.633,2.016,0.333,-0.353,-0.362
22.000000,1100,0.41736,1.04220,-1.22796,1.56482,-0.78430,-0.56801,-0.73244,0.41038,1.03457,-1.22310,1.56208,-0.78740,-0.56317,-0.72781,0.42762,1.06605,-1.24761,1.58454,-0.79485,-0.53600,-0.74793,3.639,3.273,2.620,2.078,0.323,-0.382,-0.351
22.100000,1105,0.41736,1.02618,-1.22338,1.57398,-0.78011,-0.56801,-0.73855,0.40914,1.01865,-1.22092,1.57256,-0.77963,-0.56285,-0.73617,0.42641,1.05001,-1.24559,1.59473,-0.78754,-0.53586,-0.75587,3.665,3.157,2.608,2.137,0.312,-0.412,-0.341
22.200000,1110,0.41584,1.00825,-1.22224,1.58466,-0.77210,-0.56839,-0.74541,0.40783,1.00195,-1.21875,1.58220,-0.77239,-0.56311,-0.74466,0.42523,1.03338,-1.24359,1.60417,-0.78052,-0.53615,-0.76381,3.677,3.041,2.598,2.203,0.304,-0.437,-0.335
22.300000,1115,0.41507,0.99223,-1.22109,1.59420,-0.76180,-0.56839,-0.75648,0.40628,0.98531,-1.21642,1.59199,-0.76522,-0.56372,-0.75320,0.42391,1.01683,-1.24157,1.61383,-0.77366,-0.53682,-0.77197,3.686,2.926,2.588,2.270,0.295,-0.461,-0.329
22.400000,1120,0.41431,0.97315,-1.21728,1.60488,-0.75760,-0.56992,-0.76372,0.40500,0.96876,-1.21459,1.60157,-0.75846,-0.56430,-0.76133,0.42255,0.99997,-1.23955,1.62313,-0.76707,-0.53788,-0.78020,3.702,2.808,2.574,2.329,0.285,-0.484,-0.321
22.500000,1125,0.41202,0.95904,-1.21537,1.61327,-0.75379,-0.57068,-0.76983,0.40364,0.95116,-1.21243,1.61032,-0.75171,-0.56562,-0.77032,0.42123,0.98251,-1.23758,1.63162,-0.76082,-0.53935,-0.78838,3.719,2.689,2.559,2.384,0.273,-0.507,-0.312
22.600000,1130,0.40706,0.93920,-1.21461,1.62014,-0.74654,-0.57182,-0.78089,0.40223,0.93324,-1.21037,1.61817,-0.74562,-0.56727,-0.77845,0.41996,0.96445,-1.23566,1.63928,-0.75492,-0.54120,-0.79648,3.737,2.568,2.542,2.435,0.260,-0.528,-0.303
22.700000,1135,0.40401,0.92013,-1.21118,1.62815,-0.73624,-0.57487,-0.78699,0.40091,0.91465,-1.20842,1.62512,-0.73974,-0.56948,-0.78660,0.41873,0.94578,-1.23382,1.64606,-0.74940,-0.54344,-0.80448,3.755,2.445,2.523,2.482,0.246,-0.546,-0.295
22.800000,1140,0.40401,0.90105,-1.21003,1.63387,-0.73357,-0.57640,-0.79386,0.39962,0.89554,-1.20653,1.63134,-0.73430,-0.57167,-0.79515,0.41755,0.92655,-1.23204,1.65200,-0.74426,-0.54605,-0.81239,3.773,2.321,2.503,2.523,0.231,-0.562,-0.286
22.900000,1145,0.40363,0.87893,-1.20812,1.63845,-0.73090,-0.57869,-0.80302,0.39850,0.87600,-1.20500,1.63672,-0.72938,-0.57413,-0.80294,0.41642,0.90679,-1.23034,1.65711,-0.73950,-0.54900,-0.82020,3.792,2.195,2.482,2.558,0.215,-0.576,-0.278
23.000000,1150,0.40363,0.86176,-1.20736,1.64188,-0.72823,-0.58098,-0.81064,0.39722,0.85554,-1.20309,1.64114,-0.72447,-0.57755,-0.81148,0.41533,0.88651,-1.22873,1.66139,-0.73513,-0.55229,-0.82788,3.811,2.067,2.460,2.585,0.196,-0.588,-0.269
23.100000,1155,0.40325,0.83811,-1.20545,1.64646,-0.72708,-0.58441,-0.81713,0.39617,0.83495,-1.20159,1.64475,-0.72027,-0.58078,-0.81902,0.41431,0.86572,-1.22722,1.66478,-0.73118,-0.55591,-0.83543,3.831,1.937,2.436,2.604,0.177,-0.598,-0.260
23.200000,1160,0.40287,0.81713,-1.20355,1.64913,-0.72403,-0.59013,-0.82438,0.39512,0.81371,-1.20020,1.64749,-0.71649,-0.58453,-0.82670,0.41334,0.84446,-1.22581,1.66735,-0.72763,-0.55983,-0.84284,3.851,1.806,2.411,2.616,0.156,-0.606,-0.252
23.300000,1165,0.40058,0.79424,-1.20355,1.64989,-0.72022,-0.59624,-0.83201,0.39408,0.79200,-1.19876,1.64934,-0.71302,-0.58873,-0.83419,0.41243,0.82275,-1.22451,1.66909,-0.72449,-0.56402,-0.85011,3.871,1.673,2.384,2.619,0.133,-0.613,-0.243
23.400000,1170,0.40020,0.77402,-1.20164,1.65065,-0.71182,-0.59853,-0.83926,0.39308,0.76983,-1.19756,1.65039,-0.71015,-0.59308,-0.84177,0.41158,0.80062,-1.22333,1.66996,-0.72177,-0.56850,-0.85721,3.891,1.538,2.356,2.617,0.109,-0.618,-0.235
23.500000,1175,0.39829,0.74999,-1.20164,1.65065,-0.70877,-0.60310,-0.84688,0.39224,0.74735,-1.19658,1.65063,-0.70758,-0.59738,-0.84911,0.41080,0.77808,-1.22228,1.67001,-0.71945,-0.57321,-0.86417,3.912,1.402,2.327,2.612,0.084,-0.622,-0.226
23.600000,1180,0.39829,0.72748,-1.20088,1.65065,-0.70877,-0.60577,-0.85451,0.39148,0.72461,-1.19580,1.65008,-0.70566,-0.60184,-0.85633,0.41009,0.75516,-1.22135,1.66921,-0.71756,-0.57816,-0.87095,3.933,1.264,2.296,2.605,0.057,-0.625,-0.218
23.700000,1185,0.39829,0.70307,-1.20088,1.65065,-0.70839,-0.61150,-0.86291,0.39078,0.70146,-1.19516,1.64857,-0.70395,-0.60674,-0.86303,0.40945,0.73189,-1.22056,1.66757,-0.71607,-0.58332,-0.87757,3.954,1.124,2.265,2.601,0.029,-0.626,-0.209
23.800000,1190,0.39829,0.68056,-1.20088,1.65065,-0.70725,-0.61684,-0.86748,0.39016,0.67787,-1.19459,1.64626,-0.70274,-0.61199,-0.86973,0.40890,0.70827,-1.21992,1.66508,-0.71500,-0.58867,-0.88401,3.976,0.982,2.232,2.601,0.001,-0.627,-0.201
23.900000,1195,0.39791,0.65500,-1.20088,1.65027,-0.70648,-0.62370,-0.87244,0.38959,0.65397,-1.19417,1.64310,-0.70198,-0.61720,-0.87638,0.40843,0.68434,-1.21941,1.66176,-0.71433,-0.59419,-0.89028,3.997,0.839,2.199,2.606,-0.027,-0.627,-0.192
24.000000,1200,0.39791,0.63211,-1.20049,1.64798,-0.70648,-0.62790,-0.87817,0.38911,0.62979,-1.19392,1.63910,-0.70162,-0.62264,-0.88289,0.40804,0.66011,-1.21906,1.65759,-0.71406,-0.59987,-0.89638,4.019,0.694,2.164,2.615,-0.055,-0.626,-0.184
24.100000,1205,0.39791,0.60694,-1.20049,1.64341,-0.70648,-0.63171,-0.88580,0.38872,0.60526,-1.19375,1.63420,-0.70150,-0.62825,-0.88918,0.40775,0.63558,-1.21885,1.65258,-0.71417,-0.60569,-0.90231,4.041,0.547,2.129,2.627,-0.083,-0.625,-0.176
24.200000,1210,0.39791,0.58214,-1.20049,1.63654,-0.70648,-0.63705,-0.89114,0.38844,0.58052,-1.19384,1.62848,-0.70195,-0.63397,-0.89520,0.40755,0.61073,-1.21879,1.64671,-0.71467,-0.61164,-0.90808,4.063,0.399,2.092,2.643,-0.111,-0.623,-0.168
24.300000,1215,0.39791,0.55696,-1.20049,1.63120,-0.70801,-0.64354,-0.89571,0.38832,0.55544,-1.19417,1.62185,-0.70277,-0.63974,-0.90089,0.40746,0.58552,-1.21889,1.63995,-0.71556,-0.61772,-0.91370,4.085,0.247,2.055,2.662,-0.137,-0.621,-0.161
24.400000,1220,0.39791,0.53140,-1.20049,1.62319,-0.70915,-0.65003,-0.90182,0.38823,0.52957,-1.19439,1.61419,-0.70370,-0.64603,-0.90712,0.40749,0.55987,-1.21916,1.63220,-0.71683,-0.62393,-0.91917,4.111,0.093,2.014,2.679,-0.164,-0.619,-0.151
24.500000,1225,0.39753,0.50394,-1.20049,1.61403,-0.70954,-0.65537,-0.90983,0.38835,0.50350,-1.19480,1.60474,-0.70506,-0.65204,-0.91261,0.40779,0.53384,-1.21972,1.62270,-0.71858,-0.63013,-0.92420,4.150,-0.064,1.964,2.693,-0.197,-0.613,-0.132
24.600000,1230,0.39753,0.47724,-1.20049,1.60221,-0.71259,-0.65880,-0.91402,0.38888,0.47721,-1.19611,1.59397,-0.70766,-0.65770,-0.91720,0.40830,0.50711,-1.22051,1.61171,-0.72078,-0.63646,-0.92901,4.168,-0.225,1.932,2.718,-0.216,-0.616,-0.138
24.700000,1235,0.39753,0.44977,-1.20088,1.59114,-0.71373,-0.66605,-0.92089,0.38917,0.44895,-1.19736,1.58291,-0.71053,-0.66462,-0.92228,0.40867,0.47892,-1.22126,1.60078,-0.72325,-0.64331,-0.93445,4.177,-0.398,1.899,2.746,-0.236,-0.619,-0.148
24.800000,1240,0.39753,0.42040,-1.20088,1.57894,-0.72212,-0.67482,-0.92204,0.38951,0.41930,-1.19874,1.57036,-0.71388,-0.67183,-0.92764,0.40914,0.44956,-1.22222,1.58844,-0.72623,-0.65047,-0.93991,4.205,-0.577,1.860,2.769,-0.257,-0.613,-0.139
24.900000,1245,0.39753,0.39217,-1.20088,1.56826,-0.72861,-0.68054,-0.92890,0.38960,0.39335,-1.19867,1.56319,-0.71756,-0.67809,-0.93207,0.40972,0.42453,-1.22099,1.58230,-0.72722,-0.65539,-0.94544,4.217,-0.700,2.120,3.347,0.059,-0.396,-0.139
25.000000,1250,0.39562,0.37691,-1.19401,1.58351,-0.71793,-0.67177,-0.93272,0.38949,0.38656,-1.19256,1.58122,-0.71706,-0.67619,-0.93647,0.41041,0.41965,-1.21131,1.60193,-0.71961,-0.65103,-0.95050,4.230,-0.214,2.207,3.484,0.221,-0.027,-0.109
25.100000,1255,0.39524,0.37843,-1.17761,1.61670,-0.70534,-0.65689,-0.93729,0.38977,0.39076,-1.18067,1.61225,-0.70879,-0.66760,-0.94141,0.41125,0.42477,-1.19760,1.63350,-0.70787,-0.64202,-0.95502,4.232,-0.145,2.223,3.496,0.223,-0.012,-0.104
25.200000,1260,0.39524,0.38148,-1.16311,1.64989,-0.69847,-0.64812,-0.94111,0.39048,0.39593,-1.16664,1.64455,-0.69728,-0.65840,-0.94666,0.41211,0.43012,-1.18364,1.66566,-0.69592,-0.63282,-0.95958,4.229,-0.126,2.235,3.500,0.221,-0.006,-0.101
25.300000,1265,0.39524,0.38606,-1.14823,1.68079,-0.68169,-0.63820,-0.94416,0.39111,0.40265,-1.15254,1.67557,-0.68507,-0.64944,-0.95178,0.41287,0.43702,-1.17047,1.69642,-0.68443,-0.62371,-0.96340,4.204,-0.030,2.236,3.488,0.211,-0.002,0.027
25.400000,1270,0.39524,0.40208,-1.14213,1.70444,-0.67635,-0.62866,-0.94264,0.39088,0.42264,-1.14276,1.69689,-0.67341,-0.64096,-0.95466,0.41280,0.45762,-1.16339,1.71718,-0.67643,-0.61501,-0.96138,4.129,0.121,2.145,3.453,0.166,-0.008,0.366
25.500000,1275,0.39524,0.43337,-1.14022,1.71665,-0.67139,-0.62256,-0.93844,0.38978,0.45276,-1.13754,1.71066,-0.66463,-0.63370,-0.95178,0.41201,0.48819,-1.16089,1.73096,-0.67116,-0.60687,-0.95553,4.104,0.303,2.109,3.421,0.139,-0.018,0.389
25.600000,1280,0.39485,0.46465,-1.13831,1.72695,-0.65994,-0.61874,-0.93462,0.38915,0.48311,-1.13437,1.72217,-0.65858,-0.62612,-0.94561,0.41139,0.51860,-1.15905,1.74254,-0.66671,-0.59891,-0.94916,4.100,0.477,2.122,3.385,0.119,-0.026,0.393
25.700000,1285,0.39524,0.49555,-1.13793,1.73610,-0.65537,-0.61035,-0.92699,0.38877,0.51266,-1.13225,1.73249,-0.65409,-0.61836,-0.93938,0.41090,0.54804,-1.15750,1.75275,-0.66286,-0.59118,-0.94275,4.084,0.644,2.150,3.355,0.105,-0.036,0.383
25.800000,1290,0.39485,0.52530,-1.13564,1.74526,-0.65308,-0.60234,-0.92013,0.38836,0.54106,-1.13050,1.74303,-0.65038,-0.61105,-0.93348,0.41030,0.57632,-1.15593,1.76317,-0.65934,-0.58391,-0.93701,4.055,0.802,2.184,3.329,0.097,-0.047,0.365
25.900000,1295,0.39218,0.55277,-1.13183,1.75480,-0.65231,-0.59662,-0.91631,0.38801,0.56878,-1.12861,1.75275,-0.64678,-0.60396,-0.92747,0.40977,0.60392,-1.15451,1.77286,-0.65625,-0.57684,-0.93132,4.052,0.956,2.193,3.287,0.074,-0.052,0.375
26.000000,1300,0.39218,0.58062,-1.13183,1.76281,-0.64964,-0.59204,-0.91212,0.38789,0.59631,-1.12711,1.76047,-0.64376,-0.59690,-0.92101,0.40956,0.63137,-1.15351,1.78053,-0.65376,-0.56970,-0.92494,4.048,1.110,2.205,3.237,0.050,-0.058,0.380
26.100000,1305,0.39218,0.60846,-1.13183,1.76891,-0.64964,-0.58212,-0.90411,0.38792,0.62348,-1.12581,1.76707,-0.64126,-0.59000,-0.91477,0.40951,0.65854,-1.15276,1.78710,-0.65178,-0.56264,-0.91827,4.036,1.262,2.224,3.189,0.029,-0.065,0.379
26.200000,1310,0.39218,0.63555,-1.13183,1.77425,-0.64888,-0.57564,-0.89648,0.38805,0.65041,-1.12480,1.77272,-0.63921,-0.58324,-0.90775,0.40955,0.68543,-1.15221,1.79278,-0.65026,-0.55570,-0.91140,4.023,1.411,2.242,3.136,0.006,-0.072,0.378
26.300000,1315,0.39218,0.66301,-1.13068,1.77807,-0.64850,-0.57106,-0.88961,0.38832,0.67708,-1.12399,1.77750,-0.63763,-0.57663,-0.90051,0.40969,0.71207,-1.15186,1.79759,-0.64923,-0.54889,-0.90432,4.010,1.558,2.259,3.075,-0.019,-0.080,0.376
26.400000,1320,0.39218,0.68934,-1.12878,1.78264,-0.64621,-0.56648,-0.88389,0.38871,0.70353,-1.12344,1.78147,-0.63665,-0.57003,-0.89306,0.40991,0.73846,-1.15171,1.80154,-0.64868,-0.54223,-0.89701,3.996,1.704,2.276,3.006,-0.046,-0.088,0.374
26.500000,1325,0.39218,0.71756,-1.12840,1.78531,-0.64583,-0.55885,-0.87435,0.38914,0.72968,-1.12313,1.78458,-0.63624,-0.56364,-0.88576,0.41022,0.76457,-1.15175,1.80464,-0.64862,-0.53575,-0.88947,3.981,1.847,2.293,2.930,-0.071,-0.096,0.372
26.600000,1330,0.39218,0.74389,-1.12573,1.78531,-0.64583,-0.55160,-0.86710,0.38968,0.75556,-1.12308,1.78686,-0.63638,-0.55739,-0.87796,0.41060,0.79038,-1.15197,1.80689,-0.64906,-0.52947,-0.88171,3.965,1.989,2.309,2.844,-0.099,-0.105,0.369
26.700000,1335,0.39257,0.76945,-1.12534,1.78722,-0.64621,-0.54855,-0.86138,0.39020,0.78095,-1.12285,1.78811,-0.63652,-0.55161,-0.86999,0.41105,0.81587,-1.15238,1.80827,-0.65001,-0.52341,-0.87373,3.950,2.128,2.324,2.750,-0.125,-0.115,0.366
26.800000,1340,0.39257,0.79500,-1.12534,1.78722,-0.64621,-0.54321,-0.85413,0.39087,0.80616,-1.12304,1.78859,-0.63757,-0.54593,-0.86156,0.41156,0.84099,-1.15297,1.80877,-0.65149,-0.51760,-0.86552,3.933,2.266,2.339,2.651,-0.151,-0.125,0.362
26.900000,1345,0.39257,0.81942,-1.12534,1.78722,-0.64697,-0.53902,-0.84421,0.39159,0.83097,-1.12348,1.78823,-0.63922,-0.54047,-0.85293,0.41213,0.86573,-1.15372,1.80842,-0.65347,-0.51207,-0.85709,3.916,2.401,2.355,2.552,-0.173,-0.136,0.358
27.000000,1350,0.39257,0.84536,-1.12534,1.78722,-0.65041,-0.53215,-0.83659,0.39240,0.85542,-1.12424,1.78709,-0.64154,-0.53514,-0.84429,0.41275,0.89005,-1.15463,1.80722,-0.65596,-0.50684,-0.84847,3.899,2.535,2.370,2.451,-0.194,-0.147,0.353
27.100000,1355,0.39257,0.86901,-1.12534,1.78684,-0.65270,-0.52795,-0.82857,0.39324,0.87936,-1.12493,1.78494,-0.64408,-0.53037,-0.83515,0.41341,0.91392,-1.15570,1.80515,-0.65896,-0.50193,-0.83964,3.882,2.666,2.384,2.355,-0.212,-0.160,0.348
27.200000,1360,0.39257,0.89381,-1.12534,1.78684,-0.65346,-0.52414,-0.81827,0.39411,0.90282,-1.12579,1.78195,-0.64717,-0.52601,-0.82566,0.41412,0.93731,-1.15690,1.80223,-0.66247,-0.49737,-0.83063,3.864,2.796,2.399,2.263,-0.227,-0.175,0.342
27.300000,1365,0.39295,0.91631,-1.12534,1.78379,-0.65575,-0.52185,-0.80797,0.39505,0.92575,-1.12681,1.77816,-0.65076,-0.52180,-0.81642,0.41487,0.96018,-1.15824,1.79843,-0.66647,-0.49318,-0.82143,3.847,2.923,2.413,2.176,-0.239,-0.190,0.336
27.400000,1370,0.39295,0.93958,-1.12534,1.77959,-0.65765,-0.51803,-0.80302,0.39596,0.94810,-1.12795,1.77347,-0.65493,-0.51814,-0.80706,0.41565,0.98251,-1.15969,1.79379,-0.67097,-0.48938,-0.81208,3.829,3.049,2.427,2.093,-0.250,-0.208,0.329
27.500000,1375,0.39295,0.96133,-1.12534,1.77425,-0.66109,-0.51651,-0.79195,0.39694,0.96995,-1.12920,1.76789,-0.65944,-0.51488,-0.79717,0.41646,1.00428,-1.16126,1.78828,-0.67593,-0.48598,-0.80258,3.811,3.172,2.441,2.015,-0.257,-0.227,0.323
27.600000,1380,0.39295,0.98422,-1.12534,1.76739,-0.66795,-0.51460,-0.78127,0.39797,0.99115,-1.13062,1.76146,-0.66446,-0.51192,-0.78734,0.41730,1.02544,-1.16293,1.78191,-0.68137,-0.48302,-0.79294,3.794,3.294,2.455,1.939,-0.263,-0.249,0.316
27.700000,1385,0.39333,1.00405,-1.12534,1.75937,-0.67864,-0.51384,-0.77326,0.39908,1.01184,-1.13229,1.75424,-0.67018,-0.50929,-0.77730,0.41816,1.04598,-1.16469,1.77470,-0.68724,-0.48049,-0.78319,3.777,3.414,2.468,1.865,-0.267,-0.272,0.308
27.800000,1390,0.39562,1.02503,-1.12534,1.75098,-0.68207,-0.51117,-0.76182,0.39999,1.03174,-1.13383,1.74604,-0.67628,-0.50755,-0.76712,0.41906,1.06588,-1.16652,1.76663,-0.69355,-0.47842,-0.77333,3.760,3.532,2.481,1.793,-0.270,-0.298,0.300
27.900000,1395,0.39867,1.04525,-1.12573,1.74221,-0.68474,-0.50964,-0.75419,0.40109,1.05098,-1.13554,1.73701,-0.68273,-0.50616,-0.75676,0.41997,1.08510,-1.16842,1.75771,-0.70026,-0.47683,-0.76338,3.743,3.648,2.494,1.722,-0.271,-0.325,0.292
28.000000,1400,0.39867,1.06547,-1.12573,1.73115,-0.69161,-0.50735,-0.74274,0.40223,1.06968,-1.13740,1.72720,-0.68969,-0.50498,-0.74655,0.42091,1.10364,-1.17038,1.74796,-0.70737,-0.47570,-0.75336,3.727,3.762,2.507,1.650,-0.271,-0.354,0.284
28.100000,1405,0.39905,1.08187,-1.12649,1.72008,-0.70534,-0.50735,-0.73321,0.40350,1.08767,-1.13953,1.71661,-0.69713,-0.50415,-0.73593,0.42188,1.12145,-1.17238,1.73734,-0.71485,-0.47507,-0.74328,3.712,3.875,2.519,1.579,-0.271,-0.383,0.276
28.200000,1410,0.40134,1.10057,-1.12649,1.70749,-0.70839,-0.50735,-0.72481,0.40458,1.10471,-1.14128,1.70501,-0.70465,-0.50437,-0.72561,0.42287,1.13856,-1.17442,1.72592,-0.72267,-0.47492,-0.73316,3.697,3.986,2.531,1.507,-0.269,-0.414,0.267
28.300000,1415,0.40134,1.11697,-1.12840,1.69452,-0.71411,-0.50773,-0.71222,0.40574,1.12124,-1.14323,1.69260,-0.71275,-0.50470,-0.71490,0.42389,1.15490,-1.17648,1.71363,-0.73083,-0.47530,-0.72300,3.683,4.095,2.543,1.434,-0.267,-0.444,0.258
28.400000,1420,0.40134,1.13185,-1.13145,1.68155,-0.72746,-0.50850,-0.70231,0.40698,1.13692,-1.14525,1.67949,-0.72096,-0.50540,-0.70471,0.42494,1.17050,-1.17856,1.70054,-0.73928,-0.47616,-0.71283,3.670,4.203,2.554,1.362,-0.264,-0.474,0.250
28.500000,1425,0.40210,1.15016,-1.13297,1.66706,-0.73433,-0.51117,-0.69201,0.40813,1.15159,-1.14712,1.66532,-0.72939,-0.50735,-0.69413,0.42603,1.18531,-1.18064,1.68660,-0.74803,-0.47754,-0.70266,3.657,4.309,2.565,1.288,-0.261,-0.502,0.241
28.600000,1430,0.40439,1.16313,-1.13412,1.65180,-0.73967,-0.51536,-0.68323,0.40940,1.16566,-1.14909,1.65042,-0.73819,-0.50934,-0.68340,0.42714,1.19934,-1.18272,1.67184,-0.75704,-0.47943,-0.69249,3.646,4.413,2.576,1.214,-0.257,-0.527,0.232
28.700000,1435,0.40477,1.17610,-1.13488,1.63539,-0.75112,-0.51803,-0.67293,0.41078,1.17912,-1.15124,1.63477,-0.74734,-0.51146,-0.67279,0.42830,1.21257,-1.18479,1.65625,-0.76628,-0.48183,-0.68234,3.635,4.516,2.586,1.140,-0.253,-0.550,0.223
28.800000,1440,0.40668,1.19098,-1.13908,1.61899,-0.75989,-0.52032,-0.66340,0.41206,1.19155,-1.15322,1.61823,-0.75675,-0.51461,-0.66240,0.42949,1.22501,-1.18683,1.63985,-0.77575,-0.48473,-0.67221,3.626,4.617,2.596,1.065,-0.249,-0.571,0.213
28.900000,1445,0.40744,1.20128,-1.13946,1.60106,-0.76714,-0.52414,-0.65043,0.41350,1.20333,-1.15537,1.60088,-0.76647,-0.51804,-0.65150,0.43074,1.23665,-1.18883,1.62263,-0.78542,-0.48815,-0.66211,3.617,4.716,2.605,0.989,-0.244,-0.589,0.204
29.000000,1450,0.40821,1.21386,-1.13984,1.58275,-0.78125,-0.52757,-0.64203,0.41500,1.21422,-1.15745,1.58279,-0.77623,-0.52188,-0.64144,0.43203,1.24748,-1.19080,1.60460,-0.79527,-0.49206,-0.65205,3.610,4.814,2.614,0.914,-0.239,-0.604,0.195
29.100000,1455,0.41431,1.22416,-1.14518,1.56368,-0.78888,-0.53253,-0.63021,0.41629,1.22430,-1.15920,1.56368,-0.78605,-0.52661,-0.63059,0.43338,1.25748,-1.19272,1.58574,-0.80528,-0.49649,-0.64203,3.604,4.909,2.622,0.838,-0.234,-0.617,0.186
29.200000,1460,0.41584,1.23446,-1.14632,1.54308,-0.79651,-0.53749,-0.62334,0.41801,1.23353,-1.16129,1.54392,-0.79622,-0.53140,-0.62019,0.43479,1.26668,-1.19458,1.56607,-0.81544,-0.50142,-0.63205,3.599,5.001,2.630,0.762,-0.229,-0.627,0.177
29.300000,1465,0.41812,1.24476,-1.14823,1.52286,-0.81024,-0.54474,-0.61228,0.41968,1.24192,-1.16319,1.52336,-0.80635,-0.53667,-0.61036,0.43627,1.27504,-1.19637,1.54556,-0.82573,-0.50685,-0.62212,3.596,5.091,2.637,0.685,-0.224,-0.636,0.168
29.400000,1470,0.41812,1.25049,-1.15205,1.49997,-0.81749,-0.55008,-0.60121,0.42128,1.24958,-1.16511,1.50179,-0.81698,-0.54276,-0.59967,0.43782,1.28258,-1.19809,1.52421,-0.83614,-0.51279,-0.61223,3.593,5.177,2.643,0.609,-0.218,-0.642,0.159
29.500000,1475,0.41851,1.25087,-1.15281,1.47823,-0.82856,-0.55389,-0.59168,0.42317,1.25650,-1.16705,1.47954,-0.82766,-0.54907,-0.58926,0.43946,1.28930,-1.19973,1.50202,-0.84667,-0.51922,-0.60238,3.592,5.260,2.648,0.532,-0.212,-0.646,0.151
29.600000,1480,0.42080,1.26422,-1.15281,1.45496,-0.83962,-0.56190,-0.57985,0.42489,1.26209,-1.16840,1.45622,-0.83775,-0.55652,-0.57974,0.44119,1.29522,-1.20127,1.47897,-0.85730,-0.52616,-0.59255,3.593,5.337,2.653,0.456,-0.207,-0.650,0.142
29.700000,1485,0.42118,1.27109,-1.15281,1.42978,-0.84496,-0.57144,-0.57222,0.42683,1.26734,-1.17014,1.43211,-0.84874,-0.56381,-0.56915,0.44302,1.30030,-1.20273,1.45500,-0.86804,-0.53362,-0.58275,3.595,5.409,2.656,0.379,-0.201,-0.652,0.134
29.800000,1490,0.42385,1.27872,-1.15777,1.40575,-0.86174,-0.57754,-0.56192,0.42886,1.27178,-1.17164,1.40706,-0.85955,-0.57172,-0.55908,0.44497,1.30457,-1.20408,1.43006,-0.87890,-0.54161,-0.57293,3.599,5.475,2.659,0.303,-0.195,-0.653,0.126
29.900000,1495,0.42385,1.28100,-1.15929,1.37942,-0.86937,-0.58556,-0.55239,0.43118,1.27529,-1.17322,1.38090,-0.87056,-0.58032,-0.54850,0.44706,1.30802,-1.20532,1.40406,-0.88991,-0.55018,-0.56308,3.604,5.533,2.660,0.225,-0.189,-0.653,0.118
30.000000,1500,0.42728,1.28177,-1.15968,1.35272,-0.88311,-0.59586,-0.54132,0.43358,1.27799,-1.17451,1.35356,-0.88143,-0.58944,-0.53813,0.44930,1.31064,-1.20646,1.37688,-0.90110,-0.55935,-0.55316,3.612,5.583,2.660,0.148,-0.183,-0.653,0.111
30.100000,1505,0.43453,1.28329,-1.16158,1.32411,-0.89379,-0.60501,-0.52950,0.43604,1.27968,-1.17560,1.32487,-0.89277,-0.59936,-0.52790,0.45173,1.31233,-1.20746,1.34834,-0.91249,-0.56917,-0.54311,3.625,5.607,2.659,0.069,-0.177,-0.651,0.104
30.200000,1510,0.43491,1.28329,-1.16540,1.29397,-0.90256,-0.61417,-0.51996,0.43890,1.27951,-1.17692,1.29445,-0.90457,-0.60964,-0.51728,0.45452,1.31217,-1.20829,1.31819,-0.92395,-0.57947,-0.53293,3.648,5.570,2.659,-0.008,-0.170,-0.648,0.097
30.300000,1515,0.43796,1.28329,-1.16578,1.26155,-0.91668,-0.62637,-0.51157,0.44186,1.27825,-1.17815,1.26218,-0.91678,-0.62113,-0.50601,0.45752,1.31107,-1.20899,1.28643,-0.93569,-0.59058,-0.52262,3.655,5.654,2.647,-0.084,-0.164,-0.648,0.089
30.400000,1520,0.44025,1.28329,-1.16578,1.22722,-0.92583,-0.63629,-0.50012,0.44483,1.27761,-1.17965,1.22984,-0.93014,-0.63348,-0.49449,0.46066,1.31087,-1.20954,1.25488,-0.94745,-0.60215,-0.51233,3.687,5.980,2.665,-0.147,-0.149,-0.628,0.079
30.500000,1525,0.44330,1.28673,-1.16616,1.21310,-0.93804,-0.63477,-0.49211,0.44958,1.28839,-1.18240,1.22282,-0.94206,-0.63483,-0.48408,0.46611,1.32278,-1.20851,1.24958,-0.95209,-0.60208,-0.50409,3.758,6.197,2.816,0.489,0.256,-0.009,0.032
30.600000,1530,0.45475,1.31229,-1.16616,1.24362,-0.93041,-0.61111,-0.48525,0.45663,1.31087,-1.18394,1.24741,-0.94587,-0.62117,-0.47773,0.47426,1.34628,-1.20575,1.27529,-0.94779,-0.58741,-0.49873,3.745,6.204,2.897,0.506,0.405,0.014,0.005
30.700000,1535,0.46047,1.33708,-1.16616,1.27185,-0.92659,-0.59357,-0.47685,0.46518,1.33557,-1.18209,1.27600,-0.94294,-0.60491,-0.47220,0.48273,1.37091,-1.20282,1.30386,-0.94269,-0.57134,-0.49355,3.716,6.194,2.948,0.497,0.405,0.016,0.004
30.800000,1540,0.47115,1.36150,-1.16578,1.30046,-0.92164,-0.57754,-0.47075,0.47379,1.36028,-1.17935,1.30464,-0.93834,-0.58883,-0.46641,0.49114,1.39538,-1.19990,1.33234,-0.93758,-0.55533,-0.48844,3.680,6.178,2.991,0.486,0.409,0.018,-0.015
30.900000,1545,0.47687,1.38438,-1.16578,1.32869,-0.91591,-0.56229,-0.47113,0.47952,1.37766,-1.17774,1.33426,-0.93214,-0.57315,-0.46442,0.49659,1.41217,-1.19766,1.36178,-0.93014,-0.53998,-0.48804,3.477,6.090,2.958,0.503,0.470,0.014,-0.490
31.000000,1550,0.47878,1.39049,-1.16578,1.36302,-0.90790,-0.54817,-0.48639,0.47905,1.38118,-1.17838,1.36693,-0.92169,-0.55893,-0.47138,0.49565,1.41485,-1.19679,1.39422,-0.91787,-0.52631,-0.49764,3.245,5.764,2.927,0.571,0.474,0.003,-0.551
31.100000,1555,0.47878,1.39163,-1.16578,1.39697,-0.89264,-0.53749,-0.50012,0.47719,1.38221,-1.17769,1.39939,-0.90905,-0.54620,-0.48255,0.49355,1.41550,-1.19612,1.42626,-0.90509,-0.51397,-0.50895,3.238,5.656,2.937,0.640,0.466,-0.008,-0.543
31.200000,1560,0.47840,1.39163,-1.16578,1.42825,-0.88501,-0.52528,-0.51195,0.47526,1.38261,-1.17642,1.43031,-0.89594,-0.53463,-0.49419,0.49151,1.41569,-1.19538,1.45678,-0.89263,-0.50273,-0.52020,3.246,5.490,2.954,0.706,0.458,-0.017,-0.535
31.300000,1565,0.47840,1.39163,-1.16578,1.45801,-0.87052,-0.51651,-0.52149,0.47347,1.38104,-1.17468,1.45939,-0.88280,-0.52405,-0.50547,0.48976,1.41404,-1.19441,1.48561,-0.88019,-0.49202,-0.53128,3.261,5.308,2.971,0.775,0.451,-0.026,-0.526
31.400000,1570,0.47840,1.39125,-1.16578,1.48586,-0.85946,-0.50697,-0.52988,0.47192,1.37831,-1.17280,1.48709,-0.86958,-0.51387,-0.51672,0.48821,1.41124,-1.19327,1.51302,-0.86787,-0.48197,-0.54224,3.272,5.174,2.982,0.844,0.444,-0.036,-0.518
31.500000,1575,0.47573,1.39049,-1.16578,1.51218,-0.84572,-0.49743,-0.53942,0.47048,1.37481,-1.17110,1.51363,-0.85724,-0.50442,-0.52801,0.48679,1.40759,-1.19200,1.53923,-0.85567,-0.47257,-0.55313,3.282,5.050,2.990,0.914,0.437,-0.047,-0.509
31.600000,1580,0.47573,1.38972,-1.16578,1.53774,-0.83466,-0.48981,-0.55124,0.46919,1.37037,-1.16897,1.53905,-0.84409,-0.49547,-0.53902,0.48548,1.40309,-1.19060,1.56439,-0.84355,-0.46378,-0.56401,3.292,4.933,2.996,0.984,0.430,-0.057,-0.501
31.700000,1585,0.47268,1.37714,-1.16540,1.56253,-0.82474,-0.48141,-0.56230,0.46805,1.36527,-1.16718,1.56363,-0.83180,-0.48694,-0.55008,0.48426,1.39772,-1.18908,1.58860,-0.83149,-0.45557,-0.57493,3.303,4.820,3.001,1.054,0.423,-0.068,-0.493
31.800000,1590,0.47115,1.37332,-1.16540,1.58618,-0.80986,-0.47340,-0.57337,0.46686,1.35898,-1.16497,1.58721,-0.81904,-0.47932,-0.56152,0.48313,1.39151,-1.18744,1.61195,-0.81946,-0.44791,-0.58592,3.314,4.711,3.003,1.124,0.417,-0.080,-0.485
31.900000,1595,0.47039,1.36264,-1.16502,1.60869,-0.79994,-0.46806,-0.58367,0.46578,1.35223,-1.16284,1.61002,-0.80658,-0.47197,-0.57263,0.48206,1.38443,-1.18569,1.63446,-0.80746,-0.44080,-0.59700,3.326,4.605,3.005,1.195,0.411,-0.093,-0.476
32.000000,1600,0.47001,1.35768,-1.16502,1.63158,-0.78392,-0.46272,-0.59549,0.46467,1.34411,-1.16043,1.63195,-0.79384,-0.46555,-0.58423,0.48106,1.37649,-1.18384,1.65618,-0.79550,-0.43424,-0.60818,3.338,4.501,3.005,1.266,0.404,-0.107,-0.468
32.100000,1605,0.47001,1.35196,-1.16464,1.65218,-0.77591,-0.45814,-0.60579,0.46374,1.33550,-1.15800,1.65318,-0.78136,-0.45913,-0.59576,0.48011,1.36767,-1.18189,1.67709,-0.78360,-0.42822,-0.61948,3.351,4.398,3.003,1.337,0.398,-0.122,-0.459
32.200000,1610,0.47001,1.33784,-1.16273,1.67316,-0.76065,-0.45051,-0.61495,0.46281,1.32601,-1.15590,1.67358,-0.76945,-0.45364,-0.60714,0.47920,1.35795,-1.17986,1.69720,-0.77177,-0.42278,-0.63090,3.365,4.296,3.000,1.408,0.392,-0.140,-0.451
32.300000,1615,0.46734,1.32449,-1.15815,1.69262,-0.75226,-0.44632,-0.62906,0.46202,1.31559,-1.15352,1.69322,-0.75715,-0.44838,-0.61891,0.47833,1.34735,-1.17774,1.71652,-0.76003,-0.41790,-0.64243,3.380,4.195,2.996,1.479,0.386,-0.160,-0.442
32.400000,1620,0.46734,1.31343,-1.15701,1.71131,-0.73624,-0.44288,-0.63822,0.46102,1.30401,-1.15078,1.71199,-0.74490,-0.44420,-0.63105,0.47749,1.33589,-1.17556,1.73506,-0.74842,-0.41359,-0.65408,3.395,4.093,2.990,1.550,0.379,-0.182,-0.433
32.500000,1625,0.46734,1.30389,-1.15510,1.72962,-0.72785,-0.43983,-0.65195,0.46018,1.29177,-1.14821,1.73004,-0.73278,-0.44008,-0.64308,0.47667,1.32354,-1.17331,1.75280,-0.73696,-0.40986,-0.66584,3.410,3.991,2.983,1.620,0.373,-0.208,-0.424
32.600000,1630,0.46505,1.28825,-1.15128,1.74717,-0.71564,-0.43907,-0.65996,0.45938,1.27861,-1.14566,1.74723,-0.72108,-0.43697,-0.65523,0.47587,1.31029,-1.17101,1.76973,-0.72567,-0.40673,-0.67772,3.427,3.888,2.975,1.691,0.366,-0.238,-0.415
32.700000,1635,0.46467,1.27414,-1.14976,1.76357,-0.70458,-0.43754,-0.67560,0.45846,1.26454,-1.14291,1.76361,-0.70925,-0.43412,-0.66747,0.47509,1.29616,-1.16866,1.78585,-0.71459,-0.40420,-0.68969,3.444,3.785,2.965,1.761,0.360,-0.270,-0.406
32.800000,1640,0.46467,1.25964,-1.14938,1.77921,-0.69657,-0.43640,-0.68667,0.45765,1.24969,-1.14023,1.77924,-0.69784,-0.43194,-0.67991,0.47432,1.28116,-1.16628,1.80117,-0.70375,-0.40227,-0.70175,3.462,3.680,2.955,1.830,0.353,-0.304,-0.397
32.900000,1645,0.46467,1.24286,-1.14480,1.79447,-0.68092,-0.43602,-0.69697,0.45681,1.23396,-1.13759,1.79398,-0.68681,-0.43050,-0.69205,0.47355,1.26530,-1.16388,1.81568,-0.69317,-0.40094,-0.71389,3.481,3.574,2.943,1.898,0.346,-0.341,-0.387
33.000000,1650,0.46238,1.22645,-1.14289,1.80858,-0.67482,-0.43602,-0.70879,0.45614,1.21733,-1.13510,1.80807,-0.67604,-0.42922,-0.70494,0.47278,1.24857,-1.16146,1.82936,-0.68290,-0.40023,-0.72609,3.500,3.467,2.929,1.966,0.339,-0.380,-0.378
33.100000,1655,0.45932,1.20967,-1.13793,1.82079,-0.66032,-0.43640,-0.71985,0.45522,1.19981,-1.13240,1.82114,-0.66565,-0.42906,-0.71734,0.47200,1.23099,-1.15903,1.84221,-0.67296,-0.40012,-0.73834,3.520,3.359,2.915,2.032,0.331,-0.419,-0.368
33.200000,1660,0.45856,1.18907,-1.13641,1.83338,-0.65231,-0.43678,-0.73473,0.45432,1.18159,-1.12975,1.83345,-0.65560,-0.42924,-0.72989,0.47122,1.21257,-1.15662,1.85423,-0.66339,-0.40062,-0.75062,3.540,3.250,2.899,2.097,0.323,-0.457,-0.359
33.300000,1665,0.45627,1.17152,-1.13335,1.84483,-0.64697,-0.43716,-0.74579,0.45350,1.16229,-1.12716,1.84495,-0.64578,-0.43012,-0.74286,0.47043,1.19332,-1.15422,1.86539,-0.65424,-0.40174,-0.76291,3.562,3.139,2.882,2.160,0.315,-0.493,-0.350
33.400000,1670,0.45589,1.14901,-1.13183,1.85551,-0.63248,-0.43869,-0.75915,0.45253,1.14241,-1.12450,1.85547,-0.63659,-0.43163,-0.75512,0.46962,1.17326,-1.15185,1.87570,-0.64552,-0.40346,-0.77518,3.584,3.026,2.864,2.221,0.305,-0.526,-0.340
33.500000,1675,0.45551,1.13032,-1.13068,1.86542,-0.62599,-0.44021,-0.76792,0.45166,1.12163,-1.12199,1.86528,-0.62774,-0.43366,-0.76810,0.46880,1.15243,-1.14953,1.88518,-0.63726,-0.40575,-0.78741,3.606,2.912,2.844,2.280,0.295,-0.555,-0.331
33.600000,1680,0.45360,1.10705,-1.12534,1.87496,-0.62065,-0.44212,-0.78394,0.45085,1.10032,-1.11983,1.87424,-0.61969,-0.43605,-0.78036,0.46797,1.13084,-1.14726,1.89380,-0.62950,-0.40863,-0.79959,3.629,2.796,2.823,2.336,0.284,-0.580,-0.322
33.700000,1685,0.45360,1.08531,-1.12305,1.88297,-0.60997,-0.44594,-0.79462,0.44978,1.07785,-1.11724,1.88214,-0.61187,-0.43959,-0.79297,0.46713,1.10850,-1.14506,1.90152,-0.62229,-0.41208,-0.81168,3.653,2.678,2.800,2.387,0.271,-0.602,-0.312
33.800000,1690,0.45360,1.06051,-1.12305,1.88831,-0.60158,-0.44822,-0.80950,0.44884,1.05502,-1.11508,1.88934,-0.60483,-0.44300,-0.80523,0.46628,1.08544,-1.14295,1.90838,-0.61564,-0.41609,-0.82366,3.677,2.559,2.776,2.434,0.257,-0.619,-0.303
33.900000,1695,0.45360,1.03800,-1.11962,1.89594,-0.60005,-0.45280,-0.81751,0.44795,1.03135,-1.11299,1.89559,-0.59818,-0.44731,-0.81762,0.46542,1.06172,-1.14093,1.91437,-0.60956,-0.42061,-0.83550,3.702,2.437,2.751,2.476,0.241,-0.632,-0.294
34.000000,1700,0.45322,1.01245,-1.11695,1.89938,-0.59586,-0.45852,-0.82896,0.44703,1.00718,-1.11108,1.90098,-0.59238,-0.45190,-0.82933,0.46455,1.03734,-1.13903,1.91948,-0.60409,-0.42565,-0.84719,3.727,2.314,2.723,2.509,0.221,-0.643,-0.286
34.100000,1705,0.45093,0.98879,-1.11657,1.90548,-0.59204,-0.46615,-0.84193,0.44597,0.98206,-1.10911,1.90535,-0.58703,-0.45733,-0.84139,0.46368,1.01234,-1.13725,1.92370,-0.59925,-0.43116,-0.85870,3.753,2.188,2.694,2.535,0.198,-0.650,-0.277
34.200000,1710,0.45055,0.96133,-1.11581,1.90815,-0.58212,-0.47073,-0.85451,0.44489,0.95655,-1.10726,1.90890,-0.58247,-0.46331,-0.85307,0.46282,0.98677,-1.13562,1.92704,-0.59504,-0.43713,-0.87000,3.780,2.061,2.663,2.552,0.171,-0.656,-0.269
34.300000,1715,0.44864,0.93577,-1.11275,1.90968,-0.57831,-0.47493,-0.86520,0.44402,0.93052,-1.10594,1.91171,-0.57872,-0.46905,-0.86503,0.46196,0.96066,-1.13414,1.92949,-0.59150,-0.44352,-0.88108,3.806,1.931,2.630,2.559,0.140,-0.659,-0.260
34.400000,1720,0.44826,0.90907,-1.11161,1.91158,-0.57716,-0.48218,-0.87473,0.44297,0.90376,-1.10438,1.91339,-0.57507,-0.47573,-0.87646,0.46113,0.93404,-1.13283,1.93104,-0.58863,-0.45031,-0.89191,3.834,1.800,2.595,2.559,0.105,-0.660,-0.252
34.500000,1725,0.44826,0.88122,-1.11085,1.91158,-0.57526,-0.49095,-0.88541,0.44206,0.87684,-1.10329,1.91428,-0.57267,-0.48252,-0.88708,0.46031,0.90696,-1.13171,1.93170,-0.58643,-0.45745,-0.90248,3.861,1.666,2.559,2.552,0.066,-0.660,-0.244
34.600000,1730,0.44826,0.85451,-1.11085,1.91158,-0.57487,-0.49629,-0.89533,0.44115,0.84940,-1.10242,1.91429,-0.57100,-0.48964,-0.89802,0.45954,0.87947,-1.13078,1.93147,-0.58490,-0.46492,-0.91277,3.889,1.530,2.520,2.543,0.023,-0.659,-0.236
34.700000,1735,0.44788,0.82552,-1.11008,1.91158,-0.57487,-0.50163,-0.90601,0.44032,0.82166,-1.10184,1.91339,-0.57003,-0.49704,-0.90836,0.45880,0.85159,-1.13007,1.93034,-0.58405,-0.47267,-0.92277,3.917,1.392,2.480,2.534,-0.021,-0.656,-0.228
34.800000,1740,0.44788,0.79767,-1.11008,1.91158,-0.57526,-0.50926,-0.91822,0.43951,0.79344,-1.10138,1.91157,-0.56953,-0.50478,-0.91858,0.45811,0.82338,-1.12957,1.92832,-0.58386,-0.48067,-0.93248,3.946,1.252,2.439,2.529,-0.066,-0.653,-0.221
34.900000,1745,0.44292,0.76906,-1.11008,1.91120,-0.57564,-0.51918,-0.92471,0.43883,0.76480,-1.10107,1.90881,-0.56967,-0.51284,-0.92860,0.45749,0.79488,-1.12932,1.92541,-0.58433,-0.48889,-0.94187,3.975,1.110,2.396,2.529,-0.109,-0.649,-0.213
35.000000,1750,0.43949,0.73931,-1.11008,1.91120,-0.57754,-0.52605,-0.93615,0.43807,0.73625,-1.10123,1.90518,-0.57081,-0.52080,-0.93798,0.45694,0.76612,-1.12930,1.92161,-0.58544,-0.49727,-0.95096,4.004,0.966,2.351,2.533,-0.152,-0.644,-0.206
35.100000,1755,0.43949,0.71108,-1.11008,1.90701,-0.57831,-0.53329,-0.94340,0.43754,0.70759,-1.10183,1.90081,-0.57270,-0.52889,-0.94684,0.45647,0.73714,-1.12953,1.91693,-0.58718,-0.50579,-0.95975,4.034,0.819,2.305,2.541,-0.190,-0.639,-0.199
35.200000,1760,0.43949,0.68171,-1.11008,1.90319,-0.57945,-0.54245,-0.95141,0.43699,0.67827,-1.10232,1.89530,-0.57473,-0.53743,-0.95585,0.45609,0.70797,-1.13001,1.91137,-0.58953,-0.51442,-0.96822,4.063,0.671,2.259,2.555,-0.224,-0.633,-0.192
35.300000,1765,0.43949,0.65271,-1.11008,1.89632,-0.58289,-0.55046,-0.96324,0.43662,0.64869,-1.10304,1.88900,-0.57730,-0.54597,-0.96479,0.45581,0.67861,-1.13076,1.90491,-0.59248,-0.52313,-0.97641,4.092,0.521,2.213,2.572,-0.253,-0.627,-0.185
35.400000,1770,0.43796,0.62258,-1.11008,1.88908,-0.58670,-0.55695,-0.96972,0.43628,0.61931,-1.10420,1.88173,-0.58097,-0.55427,-0.97316,0.45565,0.64904,-1.13177,1.89751,-0.59601,-0.53190,-0.98430,4.124,0.368,2.163,2.588,-0.280,-0.620,-0.177
35.500000,1775,0.43720,0.59282,-1.11047,1.87954,-0.59776,-0.56496,-0.97773,0.43634,0.58979,-1.10604,1.87300,-0.58513,-0.56254,-0.98085,0.45571,0.61936,-1.13323,1.88852,-0.60023,-0.54060,-0.99159,4.165,0.214,2.098,2.598,-0.310,-0.612,-0.162
35.600000,1780,0.43720,0.56269,-1.11047,1.86886,-0.60234,-0.57487,-0.98460,0.43640,0.55972,-1.10788,1.86241,-0.58989,-0.57118,-0.98810,0.45599,0.58942,-1.13512,1.87792,-0.60512,-0.54926,-0.99832,4.194,0.056,2.060,2.623,-0.326,-0.608,-0.161
35.700000,1785,0.43720,0.53140,-1.11047,1.85818,-0.60539,-0.58098,-0.99299,0.43652,0.52901,-1.11013,1.85214,-0.59545,-0.58003,-0.99551,0.45624,0.55860,-1.13696,1.86757,-0.61034,-0.55826,-1.00570,4.215,-0.109,2.028,2.650,-0.339,-0.604,-0.167
35.800000,1790,0.43720,0.49936,-1.11161,1.84826,-0.60883,-0.59013,-0.99986,0.43666,0.49712,-1.11205,1.84083,-0.60100,-0.58934,-1.00267,0.45659,0.52690,-1.13901,1.85646,-0.61614,-0.56747,-1.01324,4.246,-0.280,1.972,2.669,-0.357,-0.598,-0.162
35.900000,1795,0.43720,0.46579,-1.11237,1.83491,-0.61760,-0.60005,-1.00443,0.43706,0.46467,-1.11488,1.82765,-0.60795,-0.59853,-1.00948,0.45715,0.49448,-1.14160,1.84337,-0.62279,-0.57677,-1.02036,4.286,-0.457,1.915,2.687,-0.370,-0.591,-0.155
36.000000,1800,0.43720,0.43451,-1.11275,1.82346,-0.62447,-0.60692,-1.01206,0.43896,0.43588,-1.11682,1.81973,-0.61318,-0.60834,-1.01651,0.45948,0.46645,-1.14216,1.83628,-0.62491,-0.58581,-1.02822,4.506,-0.573,2.229,3.268,0.186,-0.574,-0.174
36.100000,1805,0.43949,0.41772,-1.11199,1.83643,-0.59967,-0.61646,-1.02275,0.44669,0.42672,-1.11235,1.83625,-0.60281,-0.61832,-1.02448,0.46827,0.45970,-1.13433,1.85485,-0.60744,-0.59321,-1.03763,4.591,-0.253,2.349,3.346,0.248,-0.544,-0.176
36.200000,1810,0.45017,0.41620,-1.10513,1.86504,-0.57526,-0.62561,-1.03343,0.45710,0.42626,-1.10309,1.86268,-0.58073,-0.62612,-1.03468,0.47947,0.46053,-1.12363,1.88214,-0.58295,-0.60007,-1.04736,4.619,-0.203,2.364,3.304,0.247,-0.532,-0.174
36.300000,1815,0.46047,0.41620,-1.09444,1.89213,-0.55199,-0.63133,-1.04525,0.46815,0.42674,-1.09242,1.89005,-0.55585,-0.63312,-1.04552,0.49073,0.46154,-1.11283,1.90966,-0.55826,-0.60693,-1.05711,4.640,-0.119,2.373,3.255,0.243,-0.508,-0.166
36.400000,1820,0.47115,0.41811,-1.08453,1.91769,-0.53100,-0.63095,-1.04830,0.47568,0.43673,-1.08275,1.91328,-0.53350,-0.63535,-1.05374,0.49851,0.47224,-1.10423,1.93285,-0.53810,-0.60842,-1.06150,4.524,0.157,2.342,3.197,0.220,0.012,0.264
36.500000,1825,0.47306,0.44481,-1.08300,1.93218,-0.51956,-0.61340,-1.03953,0.47560,0.46666,-1.07611,1.92864,-0.51959,-0.62649,-1.05462,0.49896,0.50307,-1.09974,1.94816,-0.52734,-0.59861,-1.05555,4.284,0.336,2.321,3.167,0.198,0.077,0.422
36.600000,1830,0.47306,0.48181,-1.07804,1.94401,-0.51117,-0.59967,-1.03228,0.47481,0.50016,-1.07118,1.94174,-0.50911,-0.61541,-1.04871,0.49835,0.53686,-1.09615,1.96141,-0.51868,-0.58684,-1.04791,4.269,0.507,2.327,3.138,0.191,0.069,0.429
36.700000,1835,0.47306,0.51462,-1.07651,1.95507,-0.49896,-0.59013,-1.02503,0.47447,0.53370,-1.06741,1.95327,-0.50041,-0.60349,-1.04057,0.49790,0.57028,-1.09320,1.97285,-0.51093,-0.57499,-1.03971,4.255,0.673,2.343,3.110,0.185,0.060,0.430
36.800000,1840,0.47306,0.54819,-1.07156,1.96537,-0.49362,-0.57716,-1.01817,0.47440,0.56665,-1.06425,1.96404,-0.49272,-0.59173,-1.03223,0.49762,0.60309,-1.09051,1.98352,-0.50378,-0.56323,-1.03156,4.238,0.833,2.380,3.085,0.183,0.050,0.422
36.900000,1845,0.47306,0.58214,-1.06889,1.97605,-0.48790,-0.56801,-1.01130,0.47439,0.59878,-1.06083,1.97485,-0.48506,-0.58060,-1.02444,0.49749,0.63526,-1.08771,1.99442,-0.49690,-0.55170,-1.02399,4.220,0.988,2.403,3.056,0.178,0.041,0.420
37.000000,1850,0.47306,0.61457,-1.06583,1.98521,-0.47645,-0.55656,-1.00176,0.47449,0.63084,-1.05776,1.98398,-0.47817,-0.56926,-1.01625,0.49752,0.66736,-1.08552,2.00354,-0.49091,-0.54001,-1.01564,4.203,1.142,2.398,3.012,0.160,0.033,0.428
37.100000,1855,0.47306,0.64699,-1.06545,1.99207,-0.47188,-0.54588,-0.99413,0.47487,0.66297,-1.05555,1.99179,-0.47227,-0.55723,-1.00758,0.49770,0.69941,-1.08385,2.01121,-0.48575,-0.52819,-1.00661,4.183,1.294,2.412,2.971,0.145,0.025,0.428
37.200000,1860,0.47306,0.67980,-1.06431,1.99856,-0.46997,-0.53596,-0.98651,0.47532,0.69495,-1.05372,1.99856,-0.46725,-0.54551,-0.99850,0.49798,0.73136,-1.08251,2.01795,-0.48130,-0.51635,-0.99719,4.161,1.443,2.426,2.925,0.126,0.016,0.428
37.300000,1865,0.47306,0.71184,-1.06126,2.00314,-0.46692,-0.52338,-0.97506,0.47584,0.72682,-1.05218,2.00432,-0.46289,-0.53399,-0.98857,0.49837,0.76322,-1.08150,2.02375,-0.47760,-0.50454,-0.98736,4.137,1.589,2.439,2.872,0.100,0.007,0.427
37.400000,1870,0.47306,0.74274,-1.05859,2.00810,-0.46615,-0.51422,-0.96514,0.47649,0.75872,-1.05099,2.00925,-0.45949,-0.52224,-0.97802,0.49883,0.79495,-1.08080,2.02864,-0.47465,-0.49278,-0.97709,4.112,1.734,2.453,2.813,0.070,-0.002,0.425
37.500000,1875,0.47306,0.77479,-1.05782,2.01077,-0.46501,-0.50239,-0.95637,0.47719,0.79037,-1.05004,2.01324,-0.45684,-0.51067,-0.96746,0.49935,0.82653,-1.08041,2.03261,-0.47251,-0.48113,-0.96639,4.085,1.876,2.465,2.742,0.030,-0.012,0.423
37.600000,1880,0.47306,0.80721,-1.05782,2.01267,-0.46234,-0.49171,-0.94378,0.47788,0.82178,-1.04933,2.01624,-0.45490,-0.49948,-0.95630,0.49993,0.85790,-1.08032,2.03564,-0.47120,-0.46965,-0.95524,4.056,2.016,2.478,2.663,-0.013,-0.021,0.420
37.700000,1885,0.47344,0.83849,-1.05744,2.01611,-0.46234,-0.48065,-0.93462,0.47875,0.85294,-1.04910,2.01837,-0.45393,-0.48828,-0.94441,0.50053,0.88901,-1.08050,2.03775,-0.47074,-0.45837,-0.94367,4.026,2.153,2.491,2.572,-0.062,-0.030,0.416
37.800000,1890,0.47344,0.86901,-1.05706,2.01649,-0.46272,-0.46997,-0.92013,0.47959,0.88401,-1.04925,2.01961,-0.45418,-0.47716,-0.93220,0.50114,0.91979,-1.08096,2.03893,-0.47115,-0.44738,-0.93167,3.994,2.288,2.504,2.476,-0.111,-0.039,0.412
37.900000,1895,0.47344,0.90105,-1.05668,2.01725,-0.46348,-0.46234,-0.91174,0.48041,0.91433,-1.04938,2.01978,-0.45463,-0.46679,-0.91976,0.50176,0.95019,-1.08166,2.03917,-0.47243,-0.43671,-0.91927,3.961,2.421,2.517,2.371,-0.159,-0.048,0.408
38.000000,1900,0.47344,0.93272,-1.05668,2.01725,-0.46615,-0.45089,-0.89648,0.48124,0.94434,-1.04978,2.01911,-0.45627,-0.45661,-0.90717,0.50237,0.98016,-1.08259,2.03847,-0.47462,-0.42643,-0.90649,3.927,2.551,2.532,2.270,-0.199,-0.058,0.402
38.100000,1905,0.47344,0.96171,-1.05668,2.01725,-0.46768,-0.44136,-0.88541,0.48207,0.97400,-1.05060,2.01750,-0.45903,-0.44672,-0.89363,0.50295,1.00964,-1.08373,2.03684,-0.47768,-0.41659,-0.89334,3.892,2.678,2.546,2.166,-0.235,-0.067,0.396
38.200000,1910,0.47382,0.99108,-1.05668,2.01687,-0.47073,-0.43525,-0.86901,0.48287,1.00302,-1.05141,2.01488,-0.46236,-0.43768,-0.87959,0.50350,1.03857,-1.08507,2.03429,-0.48162,-0.40724,-0.87987,3.857,2.803,2.561,2.071,-0.260,-0.077,0.390
38.300000,1915,0.47420,1.02046,-1.05668,2.01573,-0.47378,-0.42457,-0.85947,0.48359,1.03138,-1.05245,2.01142,-0.46669,-0.42894,-0.86579,0.50400,1.06690,-1.08659,2.03079,-0.48643,-0.39844,-0.86608,3.821,2.926,2.576,1.981,-0.280,-0.087,0.383
38.400000,1920,0.47687,1.04907,-1.05668,2.01115,-0.47645,-0.41694,-0.84307,0.48421,1.05917,-1.05358,2.00694,-0.47173,-0.42094,-0.85154,0.50445,1.09459,-1.08825,2.02638,-0.49209,-0.39021,-0.85204,3.784,3.046,2.592,1.895,-0.294,-0.098,0.375
38.500000,1925,0.47954,1.07653,-1.05668,2.00543,-0.48179,-0.41160,-0.82857,0.48493,1.08638,-1.05517,2.00160,-0.47802,-0.41332,-0.83641,0.50485,1.12159,-1.09006,2.02105,-0.49856,-0.38261,-0.83776,3.748,3.164,2.608,1.816,-0.303,-0.111,0.367
38.600000,1930,0.47954,1.10286,-1.05668,1.99932,-0.49400,-0.40474,-0.81446,0.48557,1.11273,-1.05683,1.99540,-0.48501,-0.40624,-0.82215,0.50518,1.14785,-1.09198,2.01479,-0.50583,-0.37567,-0.82329,3.712,3.280,2.625,1.741,-0.309,-0.124,0.359
38.700000,1935,0.47954,1.12918,-1.05668,1.99131,-0.50049,-0.39787,-0.80263,0.48599,1.13831,-1.05844,1.98806,-0.49273,-0.40046,-0.80674,0.50545,1.17334,-1.09400,2.00763,-0.51385,-0.36943,-0.80865,3.676,3.394,2.641,1.668,-0.311,-0.141,0.350
38.800000,1940,0.47992,1.15474,-1.05706,1.98254,-0.50468,-0.39329,-0.78661,0.48649,1.16323,-1.06037,1.98000,-0.50132,-0.39490,-0.79129,0.50565,1.19802,-1.09611,1.99957,-0.52259,-0.36390,-0.79391,3.641,3.505,2.658,1.596,-0.313,-0.161,0.340
38.900000,1945,0.48298,1.17953,-1.05706,1.97338,-0.51765,-0.39062,-0.77173,0.48696,1.18717,-1.06235,1.97104,-0.51032,-0.38999,-0.77609,0.50578,1.22185,-1.09829,1.99062,-0.53200,-0.35912,-0.77908,3.607,3.615,2.675,1.525,-0.312,-0.185,0.331
39.000000,1950,0.48412,1.20356,-1.05706,1.96270,-0.52681,-0.38719,-0.75648,0.48720,1.21033,-1.06438,1.96110,-0.52036,-0.38618,-0.76057,0.50585,1.24481,-1.10052,1.98078,-0.54204,-0.35509,-0.76421,3.574,3.723,2.692,1.456,-0.311,-0.213,0.321
39.100000,1955,0.48450,1.22569,-1.05706,1.95202,-0.53329,-0.38643,-0.74122,0.48749,1.23243,-1.06646,1.95029,-0.53072,-0.38306,-0.74510,0.50586,1.26688,-1.10280,1.97007,-0.55265,-0.35183,-0.74933,3.541,3.830,2.709,1.386,-0.309,-0.247,0.310
39.200000,1960,0.48450,1.24858,-1.05820,1.93981,-0.55008,-0.38414,-0.72863,0.48772,1.25374,-1.06863,1.93866,-0.54178,-0.38054,-0.72974,0.50582,1.28803,-1.10510,1.95849,-0.56379,-0.34936,-0.73448,3.511,3.934,2.726,1.316,-0.306,-0.285,0.300
39.300000,1965,0.48450,1.26842,-1.05897,1.92646,-0.55656,-0.38414,-0.71146,0.48784,1.27403,-1.07080,1.92611,-0.55331,-0.37911,-0.71428,0.50572,1.30824,-1.10741,1.94605,-0.57541,-0.34766,-0.71968,3.481,4.038,2.743,1.245,-0.302,-0.328,0.289
39.400000,1970,0.48450,1.28902,-1.06011,1.91273,-0.57297,-0.38414,-0.69697,0.48800,1.29348,-1.07312,1.91280,-0.56527,-0.37795,-0.69916,0.50557,1.32750,-1.10973,1.93277,-0.58746,-0.34674,-0.70498,3.453,4.140,2.761,1.174,-0.298,-0.374,0.278
39.500000,1975,0.48488,1.30694,-1.06087,1.89861,-0.58060,-0.38452,-0.68247,0.48801,1.31194,-1.07537,1.89856,-0.57780,-0.37802,-0.68378,0.50539,1.34580,-1.11204,1.91865,-0.59988,-0.34661,-0.69038,3.427,4.240,2.778,1.103,-0.294,-0.421,0.267
39.600000,1980,0.48488,1.32602,-1.06202,1.88335,-0.59586,-0.38452,-0.66797,0.48804,1.32937,-1.07759,1.88354,-0.59042,-0.37858,-0.66877,0.50517,1.36312,-1.11433,1.90371,-0.61263,-0.34724,-0.67591,3.403,4.340,2.795,1.032,-0.290,-0.465,0.256
39.700000,1985,0.48488,1.34204,-1.06660,1.86695,-0.60730,-0.38681,-0.65119,0.48794,1.34587,-1.07980,1.86765,-0.60353,-0.38008,-0.65382,0.50493,1.37946,-1.11659,1.88795,-0.62565,-0.34862,-0.66160,3.380,4.438,2.812,0.960,-0.285,-0.506,0.245
39.800000,1990,0.48488,1.35768,-1.06736,1.84978,-0.62103,-0.38833,-0.63707,0.48801,1.36131,-1.08220,1.85102,-0.61683,-0.38231,-0.63902,0.50468,1.39482,-1.11881,1.87138,-0.63890,-0.35076,-0.64746,3.359,4.535,2.828,0.888,-0.280,-0.542,0.234
39.900000,1995,0.48488,1.37523,-1.06774,1.83224,-0.63286,-0.39215,-0.62448,0.48785,1.37570,-1.08426,1.83343,-0.63020,-0.38547,-0.62452,0.50441,1.40920,-1.12099,1.85402,-0.65232,-0.35363,-0.63350,3.340,4.631,2.845,0.816,-0.275,-0.572,0.223
40.000000,2000,0.48488,1.38667,-1.06965,1.81354,-0.64735,-0.39558,-0.61151,0.48786,1.38946,-1.08658,1.81527,-0.64404,-0.38866,-0.61004,0.50416,1.42259,-1.12310,1.83587,-0.66589,-0.35721,-0.61972,3.323,4.726,2.862,0.744,-0.270,-0.597,0.212
40.100000,2005,0.48488,1.40155,-1.07423,1.79409,-0.65956,-0.39901,-0.59778,0.48781,1.40188,-1.08879,1.79622,-0.65777,-0.39314,-0.59595,0.50391,1.43501,-1.12515,1.81693,-0.67955,-0.36149,-0.60614,3.307,4.819,2.878,0.672,-0.264,-0.616,0.201
40.200000,2010,0.48488,1.41452,-1.07423,1.77425,-0.67444,-0.40435,-0.58290,0.48774,1.41334,-1.09071,1.77629,-0.67134,-0.39819,-0.58204,0.50368,1.44645,-1.12712,1.79722,-0.69327,-0.36645,-0.59275,3.294,4.911,2.894,0.600,-0.259,-0.630,0.190
40.300000,2015,0.48488,1.42291,-1.07766,1.75365,-0.68512,-0.41351,-0.57146,0.48766,1.42395,-1.09275,1.75564,-0.68538,-0.40399,-0.56797,0.50348,1.45692,-1.12901,1.77674,-0.70701,-0.37207,-0.57955,3.283,5.001,2.910,0.528,-0.253,-0.641,0.180
40.400000,2020,0.48488,1.43359,-1.08071,1.73153,-0.70114,-0.41847,-0.55544,0.48773,1.43359,-1.09474,1.73428,-0.69915,-0.41010,-0.55443,0.50333,1.46643,-1.13080,1.75548,-0.72074,-0.37834,-0.56654,3.273,5.089,2.926,0.457,-0.247,-0.648,0.169
40.500000,2025,0.48488,1.44466,-1.08262,1.70940,-0.71221,-0.42457,-0.54476,0.48771,1.44212,-1.09658,1.71204,-0.71300,-0.41730,-0.54102,0.50322,1.47499,-1.13248,1.73346,-0.73444,-0.38523,-0.55370,3.266,5.175,2.942,0.386,-0.241,-0.653,0.159
40.600000,2030,0.48488,1.45229,-1.08376,1.68575,-0.73052,-0.43258,-0.52873,0.48785,1.44992,-1.09840,1.68914,-0.72670,-0.42452,-0.52784,0.50317,1.48260,-1.13405,1.71067,-0.74808,-0.39273,-0.54102,3.260,5.257,2.957,0.316,-0.234,-0.656,0.149
40.700000,2035,0.48488,1.46068,-1.08681,1.66210,-0.74043,-0.44098,-0.51691,0.48795,1.45657,-1.09993,1.66534,-0.74036,-0.43294,-0.51472,0.50319,1.48929,-1.13550,1.68708,-0.76164,-0.40083,-0.52848,3.256,5.335,2.972,0.246,-0.228,-0.657,0.140
40.800000,2040,0.48488,1.46373,-1.08758,1.63654,-0.75684,-0.44822,-0.50661,0.48825,1.46259,-1.10170,1.64086,-0.75422,-0.44135,-0.50169,0.50329,1.49506,-1.13682,1.66268,-0.77513,-0.40952,-0.51605,3.254,5.408,2.986,0.176,-0.221,-0.657,0.130
40.900000,2045,0.48488,1.46602,-1.08796,1.61212,-0.76676,-0.45662,-0.49326,0.48857,1.46745,-1.10314,1.61541,-0.76774,-0.45082,-0.48889,0.50348,1.49992,-1.13800,1.63741,-0.78854,-0.41881,-0.50369,3.254,5.475,3.000,0.107,-0.214,-0.656,0.121
41.000000,2050,0.48488,1.47556,-1.08948,1.58504,-0.78354,-0.46844,-0.48029,0.48890,1.47127,-1.10418,1.58897,-0.78092,-0.46090,-0.47646,0.50377,1.50387,-1.13902,1.61120,-0.80189,-0.42871,-0.49138,3.257,5.536,3.014,0.038,-0.208,-0.654,0.113
41.100000,2055,0.48526,1.47975,-1.09177,1.55643,-0.79308,-0.47722,-0.46732,0.48930,1.47437,-1.10534,1.56150,-0.79453,-0.47144,-0.46342,0.50420,1.50680,-1.13988,1.58392,-0.81519,-0.43921,-0.47903,3.266,5.559,3.030,-0.031,-0.200,-0.651,0.105
41.200000,2060,0.48565,1.47975,-1.09330,1.52820,-0.81024,-0.48942,-0.45587,0.49023,1.47535,-1.10645,1.53269,-0.80773,-0.48207,-0.45039,0.50491,1.50764,-1.14044,1.55525,-0.82820,-0.45006,-0.46660,3.285,5.531,3.049,-0.097,-0.193,-0.647,0.097
41.300000,2065,0.48794,1.47975,-1.09368,1.49768,-0.81864,-0.50049,-0.44138,0.49101,1.47567,-1.10736,1.50246,-0.82149,-0.49418,-0.43710,0.50573,1.50809,-1.14087,1.52543,-0.84139,-0.46174,-0.45402,3.285,5.681,3.049,-0.163,-0.187,-0.647,0.090
41.400000,2070,0.48794,1.48013,-1.09368,1.46602,-0.83466,-0.51269,-0.42764,0.49180,1.47581,-1.10848,1.47090,-0.83571,-0.50725,-0.42348,0.50653,1.50845,-1.14126,1.49446,-0.85482,-0.47454,-0.44145,3.290,5.687,3.054,-0.232,-0.180,-0.643,0.081
41.500000,2075,0.48832,1.48013,-1.09368,1.43474,-0.84496,-0.52490,-0.41505,0.49261,1.47733,-1.10892,1.44256,-0.85086,-0.51901,-0.40941,0.50771,1.51066,-1.14005,1.46719,-0.86693,-0.48525,-0.42884,3.340,6.098,3.315,-0.261,-0.147,-0.500,0.073
41.600000,2080,0.49061,1.49234,-1.09254,1.43436,-0.85259,-0.50964,-0.40018,0.49411,1.49260,-1.10317,1.44511,-0.86389,-0.51222,-0.39620,0.51036,1.52724,-1.12905,1.47155,-0.86956,-0.47695,-0.41719,3.384,6.169,3.431,0.367,0.264,0.025,0.062
41.700000,2085,0.49366,1.51676,-1.08414,1.46144,-0.85259,-0.48332,-0.38988,0.49693,1.51510,-1.09080,1.46553,-0.86805,-0.49370,-0.38429,0.51374,1.55024,-1.11283,1.49257,-0.86692,-0.45824,-0.40623,3.357,6.166,3.476,0.343,0.306,0.033,0.057
41.800000,2090,0.49938,1.54155,-1.07003,1.48357,-0.85221,-0.46425,-0.37729,0.50052,1.53843,-1.07550,1.48699,-0.86699,-0.47479,-0.37254,0.51715,1.57341,-1.09647,1.51395,-0.86418,-0.43930,-0.39525,3.319,6.156,3.517,0.311,0.313,0.037,0.050
41.900000,2095,0.50167,1.56291,-1.05668,1.50531,-0.84916,-0.44441,-0.36966,0.50363,1.55662,-1.06376,1.51061,-0.86409,-0.45598,-0.36527,0.51999,1.59096,-1.08377,1.53738,-0.85909,-0.42101,-0.38965,3.227,6.087,3.497,0.304,0.447,0.035,-0.421
42.000000,2100,0.50205,1.56940,-1.05477,1.53545,-0.83733,-0.42877,-0.38950,0.50522,1.56093,-1.06284,1.54092,-0.85448,-0.43889,-0.37204,0.52127,1.59430,-1.08157,1.56750,-0.84735,-0.40479,-0.39941,3.168,5.750,3.207,0.358,0.464,0.026,-0.583
42.100000,2105,0.50205,1.56902,-1.05515,1.56940,-0.82970,-0.41313,-0.40475,0.50656,1.56153,-1.06362,1.57259,-0.84162,-0.42340,-0.38507,0.52232,1.59435,-1.08189,1.59876,-0.83388,-0.38977,-0.41286,3.175,5.544,3.204,0.414,0.458,0.017,-0.577
42.200000,2110,0.50472,1.56864,-1.05515,1.59992,-0.81368,-0.40016,-0.41658,0.50763,1.56094,-1.06346,1.60306,-0.82783,-0.40929,-0.39899,0.52339,1.59365,-1.08218,1.62887,-0.82030,-0.37574,-0.42643,3.169,5.492,3.201,0.471,0.450,0.008,-0.569
42.300000,2115,0.50472,1.56902,-1.05515,1.62967,-0.80262,-0.38757,-0.42764,0.50884,1.56039,-1.06287,1.63243,-0.81331,-0.39622,-0.41261,0.52450,1.59300,-1.08235,1.65801,-0.80681,-0.36268,-0.43986,3.180,5.307,3.212,0.525,0.444,-0.000,-0.561
42.400000,2120,0.50701,1.56864,-1.05515,1.65752,-0.78430,-0.37498,-0.44290,0.51012,1.55761,-1.06186,1.66039,-0.79868,-0.38365,-0.42608,0.52590,1.59021,-1.08221,1.68574,-0.79286,-0.34996,-0.45317,3.197,5.124,3.222,0.583,0.439,-0.008,-0.553
42.500000,2125,0.50739,1.56635,-1.05515,1.68461,-0.77515,-0.36392,-0.45397,0.51176,1.55378,-1.06100,1.68735,-0.78387,-0.37130,-0.43965,0.52746,1.58624,-1.08187,1.71239,-0.77863,-0.33783,-0.46648,3.208,4.995,3.224,0.642,0.433,-0.016,-0.545
42.600000,2130,0.51044,1.55986,-1.05515,1.71093,-0.75760,-0.35286,-0.46884,0.51340,1.54905,-1.05995,1.71338,-0.76885,-0.35969,-0.45313,0.52913,1.58132,-1.08136,1.73813,-0.76417,-0.32633,-0.47985,3.220,4.871,3.225,0.702,0.427,-0.025,-0.536
42.700000,2135,0.51349,1.55834,-1.05515,1.73572,-0.74349,-0.34217,-0.47914,0.51512,1.54314,-1.05872,1.73854,-0.75346,-0.34883,-0.46703,0.53090,1.57542,-1.08070,1.76302,-0.74943,-0.31546,-0.49337,3.233,4.755,3.223,0.763,0.421,-0.034,-0.528
42.800000,2140,0.51807,1.54880,-1.05515,1.76052,-0.72785,-0.33378,-0.49478,0.51710,1.53645,-1.05747,1.76290,-0.73769,-0.33827,-0.48066,0.53275,1.56854,-1.07991,1.78712,-0.73443,-0.30521,-0.50707,3.247,4.643,3.221,0.825,0.416,-0.044,-0.520
42.900000,2145,0.51807,1.54003,-1.05515,1.78417,-0.71106,-0.32386,-0.50737,0.51901,1.52862,-1.05616,1.78655,-0.72209,-0.32876,-0.49505,0.53468,1.56067,-1.07899,1.81046,-0.71917,-0.29560,-0.52101,3.261,4.535,3.216,0.888,0.411,-0.054,-0.511
43.000000,2150,0.51845,1.53545,-1.05515,1.80668,-0.69771,-0.31433,-0.52301,0.52100,1.51978,-1.05452,1.80942,-0.70568,-0.31949,-0.50962,0.53667,1.55177,-1.07794,1.83303,-0.70366,-0.28666,-0.53522,3.276,4.430,3.210,0.951,0.405,-0.065,-0.502
43.100000,2155,0.51883,1.52324,-1.05515,1.82957,-0.67902,-0.30746,-0.53560,0.52306,1.51003,-1.05301,1.83156,-0.68935,-0.31116,-0.52416,0.53871,1.54184,-1.07680,1.85487,-0.68796,-0.27840,-0.54973,3.292,4.327,3.202,1.015,0.400,-0.078,-0.493
43.200000,2160,0.52112,1.50951,-1.05515,1.85055,-0.66452,-0.30174,-0.55048,0.52514,1.49931,-1.05128,1.85295,-0.67278,-0.30338,-0.53893,0.54078,1.53088,-1.07555,1.87596,-0.67208,-0.27086,-0.56456,3.309,4.224,3.193,1.079,0.395,-0.092,-0.484
43.300000,2165,0.52379,1.49845,-1.05477,1.87115,-0.64964,-0.29335,-0.56307,0.52716,1.48738,-1.04945,1.87359,-0.65597,-0.29634,-0.55457,0.54288,1.51884,-1.07422,1.89629,-0.65608,-0.26408,-0.57974,3.327,4.123,3.183,1.144,0.389,-0.109,-0.474
43.400000,2170,0.52418,1.48624,-1.05477,1.89137,-0.63095,-0.28762,-0.58176,0.52928,1.47423,-1.04755,1.89344,-0.63891,-0.29034,-0.57059,0.54498,1.50575,-1.07281,1.91585,-0.64001,-0.25808,-0.59527,3.346,4.022,3.172,1.209,0.384,-0.131,-0.464
43.500000,2175,0.52913,1.47136,-1.05324,1.91082,-0.61836,-0.28381,-0.59435,0.53140,1.46027,-1.04561,1.91255,-0.62184,-0.28492,-0.58637,0.54707,1.49159,-1.07133,1.93465,-0.62391,-0.25289,-0.61116,3.365,3.920,3.159,1.274,0.379,-0.156,-0.454
43.600000,2180,0.53333,1.45496,-1.05248,1.92913,-0.59853,-0.28114,-0.60999,0.53339,1.44510,-1.04348,1.93081,-0.60482,-0.28053,-0.60290,0.54914,1.47634,-1.06979,1.95266,-0.60787,-0.24856,-0.62741,3.386,3.819,3.145,1.339,0.374,-0.188,-0.444
43.700000,2185,0.53486,1.44008,-1.05096,1.94706,-0.58136,-0.27923,-0.62830,0.53538,1.42867,-1.04138,1.94830,-0.58799,-0.27716,-0.62006,0.55118,1.46000,-1.06819,1.96987,-0.59193,-0.24510,-0.64402,3.408,3.717,3.130,1.404,0.368,-0.229,-0.433
43.800000,2190,0.53486,1.42139,-1.04829,1.96385,-0.56686,-0.27885,-0.64394,0.53742,1.41152,-1.03944,1.96510,-0.57132,-0.27391,-0.63711,0.55316,1.44258,-1.06655,1.98630,-0.57616,-0.24253,-0.66097,3.430,3.615,3.115,1.469,0.363,-0.276,-0.423
43.900000,2195,0.53524,1.40346,-1.04523,1.97949,-0.54855,-0.27847,-0.65996,0.53930,1.39299,-1.03733,1.98101,-0.55477,-0.27217,-0.65497,0.55508,1.42406,-1.06488,2.00189,-0.56064,-0.24090,-0.67826,3.454,3.512,3.098,1.533,0.357,-0.330,-0.412
44.000000,2200,0.53791,1.38438,-1.04409,1.99398,-0.53520,-0.27885,-0.67942,0.54113,1.37357,-1.03527,1.99614,-0.53862,-0.27120,-0.67269,0.55693,1.40445,-1.06318,2.01666,-0.54544,-0.24022,-0.69585,3.478,3.408,3.080,1.597,0.352,-0.393,-0.401
44.100000,2205,0.53829,1.36150,-1.03989,2.00886,-0.51918,-0.27923,-0.69620,0.54282,1.35308,-1.03331,2.01041,-0.52312,-0.27116,-0.69083,0.55868,1.38377,-1.06146,2.03059,-0.53063,-0.24050,-0.71373,3.504,3.304,3.061,1.660,0.346,-0.453,-0.390
44.200000,2210,0.54020,1.34051,-1.03799,2.02259,-0.50201,-0.27999,-0.71299,0.54433,1.33134,-1.03109,2.02375,-0.50776,-0.27238,-0.70943,0.56033,1.36200,-1.05974,2.04365,-0.51630,-0.24178,-0.73186,3.530,3.198,3.041,1.722,0.340,-0.514,-0.379
44.300000,2215,0.54058,1.31724,-1.03722,2.03480,-0.49209,-0.28266,-0.73321,0.54590,1.30865,-1.02912,2.03633,-0.49291,-0.27402,-0.72815,0.56187,1.33915,-1.05805,2.05580,-0.50250,-0.24408,-0.75017,3.558,3.091,3.018,1.783,0.334,-0.566,-0.368
44.400000,2220,0.54325,1.29359,-1.03722,2.04586,-0.47455,-0.28457,-0.75037,0.54712,1.28481,-1.02699,2.04785,-0.47871,-0.27728,-0.74701,0.56329,1.31523,-1.05640,2.06703,-0.48935,-0.24741,-0.76864,3.586,2.983,2.995,1.843,0.327,-0.609,-0.358
44.500000,2225,0.54630,1.26880,-1.03341,2.05731,-0.46539,-0.28953,-0.76868,0.54847,1.26011,-1.02510,2.05861,-0.46518,-0.28105,-0.76601,0.56458,1.29031,-1.05477,2.07739,-0.47690,-0.25171,-0.78722,3.615,2.874,2.973,1.900,0.320,-0.639,-0.347
44.600000,2230,0.54897,1.24286,-1.03150,2.06684,-0.44937,-0.29411,-0.78699,0.54948,1.23423,-1.02319,2.06835,-0.45278,-0.28624,-0.78496,0.56573,1.26443,-1.05316,2.08687,-0.46526,-0.25697,-0.80589,3.645,2.763,2.949,1.955,0.312,-0.662,-0.336
44.700000,2235,0.54897,1.21577,-1.03150,2.07676,-0.44021,-0.30021,-0.80759,0.55047,1.20751,-1.02139,2.07734,-0.44097,-0.29180,-0.80410,0.56674,1.23761,-1.05159,2.09548,-0.45447,-0.26314,-0.82459,3.676,2.651,2.924,2.007,0.303,-0.677,-0.326
44.800000,2240,0.54897,1.18831,-1.03074,2.08439,-0.42686,-0.30899,-0.82476,0.55125,1.17997,-1.01959,2.08539,-0.43028,-0.29859,-0.82309,0.56761,1.20988,-1.05008,2.10321,-0.44460,-0.27019,-0.84327,3.707,2.537,2.898,2.055,0.292,-0.687,-0.316
44.900000,2245,0.54973,1.15969,-1.02616,2.09050,-0.41732,-0.31509,-0.84345,0.55189,1.15137,-1.01807,2.09260,-0.42064,-0.30603,-0.84254,0.56833,1.18129,-1.04865,2.11001,-0.43574,-0.27812,-0.86187,3.739,2.422,2.868,2.097,0.279,-0.694,-0.306
45.000000,2250,0.55126,1.13032,-1.02502,2.09812,-0.41389,-0.32348,-0.86291,0.55232,1.12198,-1.01649,2.09875,-0.41194,-0.31447,-0.86153,0.56893,1.15185,-1.04734,2.11586,-0.42793,-0.28689,-0.88031,3.773,2.304,2.835,2.132,0.262,-0.697,-0.297
45.100000,2255,0.55126,1.09904,-1.02425,2.10270,-0.40855,-0.33454,-0.88084,0.55258,1.09176,-1.01503,2.10381,-0.40427,-0.32383,-0.88021,0.56939,1.12162,-1.04621,2.12070,-0.42123,-0.29652,-0.89850,3.807,2.184,2.800,2.157,0.239,-0.698,-0.288
45.200000,2260,0.55126,1.06890,-1.02235,2.10652,-0.39749,-0.34294,-0.89648,0.55276,1.06075,-1.01391,2.10798,-0.39820,-0.33404,-0.89879,0.56973,1.09065,-1.04525,2.12454,-0.41568,-0.30692,-0.91641,3.843,2.062,2.764,2.172,0.207,-0.697,-0.279
45.300000,2265,0.55126,1.03648,-1.02044,2.10957,-0.39215,-0.35286,-0.91822,0.55282,1.02934,-1.01307,2.11117,-0.39333,-0.34445,-0.91685,0.56997,1.05902,-1.04448,2.12741,-0.41133,-0.31800,-0.93400,3.879,1.938,2.725,2.177,0.163,-0.694,-0.271
45.400000,2270,0.55126,1.00329,-1.02044,2.11033,-0.39138,-0.36468,-0.93462,0.55288,0.99726,-1.01255,2.11340,-0.38958,-0.35551,-0.93467,0.57010,1.02679,-1.04394,2.12930,-0.40818,-0.32968,-0.95122,3.916,1.812,2.684,2.173,0.107,-0.689,-0.263
45.500000,2275,0.55126,0.97086,-1.02044,2.11148,-0.39138,-0.37384,-0.95065,0.55270,0.96454,-1.01225,2.11461,-0.38725,-0.36734,-0.95235,0.57016,0.99404,-1.04364,2.13021,-0.40625,-0.34189,-0.96803,3.955,1.683,2.641,2.161,0.037,-0.684,-0.256
45.600000,2280,0.55126,0.93844,-1.02044,2.11148,-0.39177,-0.38757,-0.96781,0.55250,0.93119,-1.01202,2.11466,-0.38574,-0.37985,-0.96928,0.57016,0.96084,-1.04361,2.13014,-0.40555,-0.35454,-0.98439,3.994,1.553,2.595,2.145,-0.040,-0.678,-0.249
45.700000,2285,0.55126,0.90449,-1.02044,2.11148,-0.39215,-0.39825,-0.98345,0.55232,0.89767,-1.01238,2.11395,-0.38612,-0.39235,-0.98582,0.57012,0.92726,-1.04388,2.12909,-0.40607,-0.36756,-1.00028,4.034,1.419,2.547,2.129,-0.118,-0.670,-0.243
45.800000,2290,0.55126,0.87015,-1.02044,2.11148,-0.39291,-0.41198,-0.99948,0.55208,0.86401,-1.01316,2.11220,-0.38775,-0.40514,-1.00183,0.57006,0.89338,-1.04448,2.12706,-0.40777,-0.38086,-1.01566,4.074,1.284,2.497,2.117,-0.187,-0.663,-0.237
45.900000,2295,0.55126,0.83506,-1.02044,2.11109,-0.39596,-0.42343,-1.01512,0.55190,0.82997,-1.01434,2.10945,-0.39048,-0.41818,-1.01705,0.57001,0.85928,-1.04542,2.12406,-0.41065,-0.39435,-1.03052,4.116,1.146,2.445,2.111,-0.243,-0.654,-0.231
46.000000,2300,0.55126,0.80073,-1.02044,2.10919,-0.40016,-0.43716,-1.03114,0.55163,0.79557,-1.01558,2.10557,-0.39399,-0.43169,-1.03227,0.56999,0.82503,-1.04674,2.12008,-0.41467,-0.40796,-1.04485,4.158,1.006,2.393,2.112,-0.286,-0.645,-0.226
46.100000,2305,0.55126,0.76601,-1.02044,2.10652,-0.41237,-0.44822,-1.04525,0.55153,0.76143,-1.01751,2.10094,-0.39918,-0.44446,-1.04690,0.57004,0.79070,-1.04845,2.11512,-0.41976,-0.42159,-1.05865,4.201,0.864,2.340,2.118,-0.318,-0.636,-0.221
46.200000,2310,0.55126,0.73168,-1.02082,2.09965,-0.41847,-0.46119,-1.05632,0.55147,0.72707,-1.01980,2.09515,-0.40519,-0.45801,-1.06059,0.57017,0.75636,-1.05057,2.10921,-0.42587,-0.43517,-1.07192,4.244,0.721,2.288,2.130,-0.340,-0.626,-0.217
46.300000,2315,0.55126,0.69697,-1.02082,2.09355,-0.42228,-0.47416,-1.07157,0.55140,0.69245,-1.02219,2.08826,-0.41200,-0.47152,-1.07398,0.57041,0.72205,-1.05310,2.10235,-0.43295,-0.44864,-1.08469,4.288,0.575,2.236,2.144,-0.357,-0.616,-0.213
46.400000,2320,0.55126,0.66149,-1.02158,2.08515,-0.42991,-0.48599,-1.08226,0.55163,0.65841,-1.02544,2.08061,-0.42019,-0.48420,-1.08666,0.57079,0.68780,-1.05606,2.09451,-0.44095,-0.46193,-1.09697,4.332,0.427,2.185,2.160,-0.369,-0.606,-0.210
46.500000,2325,0.55126,0.62792,-1.02349,2.07753,-0.44288,-0.49972,-1.09828,0.55196,0.62412,-1.02905,2.07166,-0.42886,-0.49707,-1.09909,0.57130,0.65366,-1.05957,2.08550,-0.44991,-0.47499,-1.10866,4.368,0.277,2.123,2.174,-0.381,-0.596,-0.205
46.600000,2330,0.55126,0.59511,-1.02959,2.06570,-0.44975,-0.51155,-1.10553,0.55213,0.59000,-1.03336,2.06083,-0.43907,-0.50967,-1.11104,0.57180,0.61974,-1.06399,2.07457,-0.46020,-0.48772,-1.11926,4.411,0.125,2.073,2.193,-0.389,-0.586,-0.201
46.700000,2335,0.55126,0.55925,-1.03493,2.05387,-0.46196,-0.52338,-1.12078,0.55298,0.55591,-1.03836,2.04983,-0.45011,-0.52167,-1.12194,0.57274,0.58544,-1.06840,2.06348,-0.47074,-0.50030,-1.13029,4.477,-0.032,2.050,2.217,-0.391,-0.577,-0.204
46.800000,2340,0.55126,0.52454,-1.03989,2.04319,-0.47455,-0.53406,-1.13108,0.55423,0.52120,-1.04321,2.03833,-0.46139,-0.53368,-1.13356,0.57407,0.55067,-1.07302,2.05181,-0.48178,-0.51274,-1.14159,4.524,-0.194,2.004,2.233,-0.397,-0.567,-0.203
46.900000,2345,0.55164,0.48906,-1.04752,2.02946,-0.48256,-0.54588,-1.14177,0.55540,0.48584,-1.04801,2.02499,-0.47304,-0.54605,-1.14491,0.57562,0.51558,-1.07835,2.03856,-0.49385,-0.52494,-1.15250,4.561,-0.359,1.950,2.247,-0.403,-0.557,-0.199
47.000000,2350,0.55393,0.45282,-1.05439,2.01420,-0.49782,-0.55656,-1.15283,0.55737,0.45147,-1.05379,2.01101,-0.48522,-0.55829,-1.15528,0.57786,0.48116,-1.08398,2.02464,-0.50558,-0.53747,-1.16301,4.716,-0.511,1.985,2.280,-0.348,-0.558,-0.202
47.100000,2355,0.55736,0.42612,-1.05477,2.01000,-0.48637,-0.57754,-1.16084,0.56596,0.43144,-1.05427,2.00990,-0.48036,-0.58323,-1.16365,0.58725,0.46332,-1.08319,2.02516,-0.49701,-0.55974,-1.17235,4.850,-0.476,2.403,2.861,0.261,-0.574,-0.174
47.200000,2360,0.57567,0.42116,-1.05248,2.02259,-0.44975,-0.61340,-1.16771,0.58006,0.42668,-1.04887,2.02038,-0.45526,-0.61625,-1.16997,0.60247,0.46059,-1.07741,2.03722,-0.47093,-0.59076,-1.17934,4.892,-0.345,2.437,2.809,0.265,-0.561,-0.165
47.300000,2365,0.59055,0.42078,-1.04905,2.03404,-0.42114,-0.64812,-1.17534,0.59543,0.42383,-1.04342,2.03280,-0.42751,-0.64761,-1.17805,0.61812,0.45828,-1.07138,2.04983,-0.44388,-0.62259,-1.18637,4.930,-0.337,2.444,2.740,0.261,-0.543,-0.165
47.400000,2370,0.60505,0.41772,-1.04371,2.04472,-0.39405,-0.67673,-1.18029,0.61080,0.42103,-1.03794,2.04508,-0.39980,-0.68007,-1.18564,0.63393,0.45595,-1.06529,2.06256,-0.41655,-0.65473,-1.19347,4.966,-0.327,2.448,2.668,0.257,-0.525,-0.164
47.500000,2375,0.62183,0.41238,-1.03799,2.05693,-0.36811,-0.70915,-1.18754,0.62629,0.41803,-1.03272,2.05716,-0.37213,-0.71268,-1.19351,0.64976,0.45365,-1.05919,2.07532,-0.38918,-0.68689,-1.20057,4.998,-0.280,2.448,2.594,0.253,-0.504,-0.158
47.600000,2380,0.63480,0.41315,-1.03341,2.06837,-0.34103,-0.73204,-1.19098,0.63667,0.42533,-1.02813,2.06899,-0.34855,-0.73333,-1.19891,0.66082,0.46232,-1.05372,2.08829,-0.36523,-0.70527,-1.20251,4.905,0.216,2.430,2.543,0.233,-0.034,0.365
47.700000,2385,0.63671,0.43565,-1.03150,2.08287,-0.33111,-0.70686,-1.17762,0.63651,0.45772,-1.02472,2.08293,-0.33432,-0.72141,-1.19780,0.66157,0.49597,-1.04854,2.10297,-0.34841,-0.69201,-1.19396,4.661,0.383,2.476,2.529,0.227,0.193,0.426
47.800000,2390,0.63671,0.47609,-1.02616,2.09698,-0.31547,-0.68245,-1.17381,0.63624,0.49389,-1.01979,2.09686,-0.31856,-0.70453,-1.19020,0.66154,0.53249,-1.04364,2.11714,-0.33283,-0.67463,-1.18422,4.630,0.538,2.469,2.502,0.225,0.183,0.435
47.900000,2395,0.63671,0.51233,-1.02387,2.10919,-0.30403,-0.66528,-1.16275,0.63648,0.53072,-1.01520,2.10949,-0.30320,-0.68638,-1.17989,0.66166,0.56918,-1.03976,2.12969,-0.31827,-0.65657,-1.17363,4.621,0.689,2.485,2.478,0.224,0.172,0.437
48.000000,2400,0.63671,0.54933,-1.01967,2.12063,-0.28648,-0.64850,-1.15321,0.63743,0.56718,-1.01064,2.12163,-0.28826,-0.66822,-1.16974,0.66250,0.60562,-1.03573,2.14179,-0.30367,-0.63822,-1.16324,4.634,0.836,2.528,2.452,0.226,0.160,0.436
48.100000,2405,0.63709,0.58634,-1.01433,2.13131,-0.27313,-0.63133,-1.14482,0.63870,0.60375,-1.00656,2.13271,-0.27358,-0.64956,-1.15902,0.66358,0.64221,-1.03229,2.15281,-0.28986,-0.61934,-1.15231,4.587,0.981,2.506,2.417,0.223,0.149,0.443
48.200000,2410,0.63709,0.62410,-1.01166,2.14085,-0.25787,-0.61455,-1.13299,0.63992,0.64069,-1.00312,2.14229,-0.25977,-0.63033,-1.14743,0.66466,0.67918,-1.02985,2.16241,-0.27737,-0.59979,-1.14038,4.559,1.124,2.508,2.385,0.222,0.136,0.446
48.300000,2415,0.63709,0.66111,-1.00823,2.14810,-0.24757,-0.59547,-1.12117,0.64141,0.67795,-1.00073,2.15094,-0.24744,-0.61034,-1.13492,0.66593,0.71638,-1.02797,2.17101,-0.26581,-0.57976,-1.12777,4.529,1.264,2.511,2.348,0.220,0.123,0.448
48.400000,2420,0.63747,0.69811,-1.00709,2.15649,-0.23422,-0.57449,-1.10514,0.64299,0.71544,-0.99850,2.15857,-0.23617,-0.59009,-1.12172,0.66736,0.75377,-1.02664,2.17862,-0.25527,-0.55930,-1.11445,4.495,1.402,2.513,2.307,0.217,0.110,0.450
48.500000,2425,0.63785,0.73588,-1.00632,2.16374,-0.22811,-0.55580,-1.09446,0.64476,0.75302,-0.99703,2.16529,-0.22606,-0.56933,-1.10802,0.66892,0.79131,-1.02584,2.18524,-0.24585,-0.53849,-1.10037,4.456,1.537,2.514,2.260,0.211,0.097,0.451
48.600000,2430,0.64243,0.77402,-1.00518,2.16870,-0.21514,-0.53749,-1.07844,0.64656,0.79066,-0.99596,2.17088,-0.21701,-0.54866,-1.09330,0.67057,0.82892,-1.02554,2.19086,-0.23766,-0.51742,-1.08550,4.414,1.669,2.516,2.205,0.201,0.083,0.451
48.700000,2435,0.64472,0.81255,-1.00480,2.17366,-0.20789,-0.51575,-1.06471,0.64851,0.82832,-0.99539,2.17553,-0.20927,-0.52759,-1.07777,0.67226,0.86652,-1.02572,2.19549,-0.23076,-0.49622,-1.06984,4.367,1.799,2.520,2.141,0.184,0.070,0.451
48.800000,2440,0.64892,0.85032,-1.00480,2.17595,-0.20446,-0.49553,-1.04754,0.65043,0.86592,-0.99522,2.17917,-0.20307,-0.50654,-1.06140,0.67396,0.90401,-1.02634,2.19908,-0.22528,-0.47498,-1.05338,4.317,1.925,2.524,2.065,0.153,0.056,0.450
48.900000,2445,0.65083,0.88808,-1.00442,2.17709,-0.20332,-0.47607,-1.03152,0.65246,0.90330,-0.99562,2.18181,-0.19842,-0.48542,-1.04413,0.67564,0.94129,-1.02738,2.20166,-0.22128,-0.45383,-1.03614,4.264,2.049,2.532,1.978,0.104,0.043,0.449
49.000000,2450,0.65083,0.92547,-1.00480,2.17823,-0.20103,-0.45662,-1.01626,0.65441,0.94039,-0.99645,2.18345,-0.19539,-0.46451,-1.02596,0.67725,0.97827,-1.02877,2.20321,-0.21881,-0.43291,-1.01815,4.207,2.169,2.541,1.881,0.031,0.029,0.447
49.100000,2455,0.65121,0.96247,-1.00480,2.17823,-0.20103,-0.43716,-0.99528,0.65622,0.97710,-0.99747,2.18397,-0.19388,-0.44414,-1.00711,0.67877,1.01484,-1.03050,2.20373,-0.21795,-0.41233,-0.99941,4.147,2.286,2.553,1.776,-0.061,0.016,0.444
49.200000,2460,0.65426,0.99909,-1.00480,2.17823,-0.20141,-0.41694,-0.97811,0.65790,1.01328,-0.99877,2.18349,-0.19389,-0.42422,-0.98741,0.68016,1.05092,-1.03251,2.20321,-0.21869,-0.39223,-0.97999,4.085,2.401,2.567,1.670,-0.153,0.004,0.440
49.300000,2465,0.65464,1.03419,-1.00480,2.17785,-0.20522,-0.39749,-0.95713,0.65952,1.04899,-1.00047,2.18193,-0.19575,-0.40483,-0.96689,0.68139,1.08641,-1.03482,2.20160,-0.22106,-0.37281,-0.95986,4.019,2.513,2.578,1.560,-0.230,-0.009,0.435
49.400000,2470,0.65655,1.07081,-1.00480,2.17785,-0.20828,-0.38223,-0.93768,0.66089,1.08387,-1.00240,2.17911,-0.19892,-0.38667,-0.94561,0.68241,1.12125,-1.03743,2.19883,-0.22504,-0.35432,-0.93899,3.953,2.622,2.593,1.463,-0.282,-0.020,0.430
49.500000,2475,0.65655,1.10514,-1.00480,2.17671,-0.21209,-0.36392,-0.91326,0.66227,1.11816,-1.00454,2.17550,-0.20397,-0.36888,-0.92368,0.68334,1.15535,-1.04014,2.19511,-0.23047,-0.33658,-0.91762,3.912,2.728,2.633,1.390,-0.297,-0.031,0.423
49.600000,2480,0.65731,1.13910,-1.00480,2.17366,-0.21285,-0.34713,-0.89152,0.66410,1.15181,-1.00606,2.17147,-0.20920,-0.35174,-0.90177,0.68495,1.18888,-1.04208,2.19119,-0.23569,-0.31902,-0.89609,3.887,2.831,2.690,1.327,-0.293,-0.039,0.416
49.700000,2485,0.66380,1.17267,-1.00480,2.16870,-0.22125,-0.33149,-0.87092,0.66551,1.18461,-1.00785,2.16641,-0.21594,-0.33518,-0.87919,0.68594,1.22141,-1.04453,2.18598,-0.24331,-0.30269,-0.87411,3.762,2.931,2.660,1.225,-0.338,-0.051,0.408
49.800000,2490,0.66532,1.20509,-1.00556,2.16145,-0.23612,-0.31700,-0.85032,0.66631,1.21636,-1.01041,2.15991,-0.22584,-0.32023,-0.85622,0.68622,1.25285,-1.04754,2.17938,-0.25343,-0.28774,-0.85171,3.690,3.030,2.679,1.155,-0.343,-0.060,0.399
49.900000,2495,0.66532,1.23675,-1.00556,2.15268,-0.24375,-0.30517,-0.82743,0.66671,1.24689,-1.01290,2.15227,-0.23691,-0.30678,-0.83302,0.68626,1.28326,-1.05059,2.17178,-0.26502,-0.27392,-0.82909,3.623,3.127,2.702,1.090,-0.343,-0.069,0.390
50.000000,2500,0.66723,1.26651,-1.00747,2.14466,-0.26130,-0.29068,-0.80302,0.66697,1.27659,-1.01565,2.14387,-0.24973,-0.29378,-0.80960,0.68606,1.31261,-1.05366,2.16322,-0.27796,-0.26130,-0.80634,3.556,3.223,2.724,1.027,-0.343,-0.078,0.379
50.100000,2505,0.66723,1.29626,-1.00823,2.13475,-0.26931,-0.28190,-0.78051,0.66659,1.30463,-1.01858,2.13392,-0.26406,-0.28318,-0.78578,0.68522,1.34040,-1.05708,2.15329,-0.29282,-0.25046,-0.78363,3.438,3.316,2.715,0.961,-0.345,-0.095,0.368
50.200000,2510,0.66723,1.32297,-1.01052,2.12254,-0.28953,-0.27503,-0.75838,0.66542,1.33093,-1.02205,2.12246,-0.28063,-0.27442,-0.76221,0.68358,1.36642,-1.06099,2.14183,-0.30974,-0.24167,-0.76106,3.405,3.411,2.754,0.909,-0.341,-0.104,0.356
50.300000,2515,0.66723,1.34929,-1.01510,2.11033,-0.30555,-0.26435,-0.73435,0.66474,1.35682,-1.02503,2.11087,-0.29744,-0.26603,-0.73888,0.68262,1.39224,-1.06408,2.13034,-0.32616,-0.23308,-0.73841,3.383,3.504,2.801,0.851,-0.336,-0.112,0.344
50.400000,2520,0.66723,1.37523,-1.01548,2.09774,-0.32234,-0.25901,-0.71337,0.66418,1.38187,-1.02774,2.09858,-0.31439,-0.25871,-0.71522,0.68165,1.41706,-1.06696,2.11814,-0.34319,-0.22561,-0.71588,3.328,3.595,2.826,0.790,-0.333,-0.130,0.331
50.500000,2525,0.66723,1.39964,-1.01739,2.08477,-0.34065,-0.25443,-0.68819,0.66344,1.40578,-1.03040,2.08550,-0.33221,-0.25263,-0.69187,0.68050,1.44070,-1.06980,2.10508,-0.36098,-0.21948,-0.69357,3.277,3.684,2.850,0.728,-0.329,-0.158,0.318
50.600000,2530,0.66685,1.42291,-1.02158,2.07028,-0.35667,-0.25176,-0.66721,0.66251,1.42836,-1.03297,2.07143,-0.35056,-0.24807,-0.66871,0.67921,1.46309,-1.07264,2.09111,-0.37940,-0.21476,-0.67152,3.229,3.773,2.872,0.667,-0.326,-0.200,0.305
50.700000,2535,0.66685,1.44504,-1.02196,2.05540,-0.37460,-0.24833,-0.64394,0.66148,1.44975,-1.03580,2.05657,-0.36978,-0.24482,-0.64613,0.67779,1.48424,-1.07546,2.07626,-0.39835,-0.21144,-0.64977,3.185,3.862,2.896,0.606,-0.322,-0.254,0.291
50.800000,2540,0.66685,1.46564,-1.02425,2.03900,-0.39444,-0.24566,-0.62372,0.66037,1.47000,-1.03855,2.04091,-0.38922,-0.24260,-0.62380,0.67626,1.50420,-1.07822,2.06059,-0.41772,-0.20939,-0.62841,3.145,3.950,2.921,0.545,-0.318,-0.318,0.277
50.900000,2545,0.66532,1.48548,-1.02845,2.02183,-0.41694,-0.24604,-0.60083,0.65907,1.48889,-1.04109,2.02427,-0.40890,-0.24212,-0.60188,0.67465,1.52296,-1.08094,2.04412,-0.43741,-0.20861,-0.60745,3.107,4.037,2.944,0.483,-0.314,-0.393,0.264
51.000000,2550,0.66418,1.50302,-1.03150,2.00428,-0.43449,-0.24681,-0.57947,0.65771,1.50679,-1.04388,2.00686,-0.42913,-0.24253,-0.58012,0.67297,1.54045,-1.08365,2.02676,-0.45729,-0.20915,-0.58691,3.074,4.123,2.966,0.422,-0.309,-0.470,0.250
51.100000,2555,0.66418,1.51943,-1.03493,1.98597,-0.45357,-0.25291,-0.55887,0.65630,1.52316,-1.04656,1.98846,-0.44918,-0.24463,-0.55866,0.67125,1.55669,-1.08632,2.00856,-0.47726,-0.21094,-0.56682,3.043,4.209,2.989,0.362,-0.305,-0.533,0.236
51.200000,2560,0.66418,1.53621,-1.03493,1.96690,-0.47455,-0.25711,-0.53865,0.65493,1.53829,-1.04919,1.96940,-0.46929,-0.24753,-0.53839,0.66950,1.57173,-1.08893,1.98957,-0.49725,-0.21387,-0.54721,3.017,4.295,3.013,0.301,-0.300,-0.580,0.223
51.300000,2565,0.66380,1.54994,-1.03532,1.94630,-0.49553,-0.26168,-0.51882,0.65337,1.55247,-1.05196,1.94951,-0.48969,-0.25162,-0.51809,0.66774,1.58561,-1.09148,1.96982,-0.51716,-0.21791,-0.52808,2.993,4.380,3.037,0.241,-0.294,-0.613,0.210
51.400000,2570,0.65884,1.56406,-1.04180,1.92570,-0.51269,-0.26588,-0.50127,0.65201,1.56531,-1.05465,1.92894,-0.50968,-0.25665,-0.49880,0.66600,1.59834,-1.09395,1.94931,-0.53692,-0.22299,-0.50942,2.973,4.464,3.061,0.182,-0.289,-0.636,0.197
51.500000,2575,0.65693,1.57817,-1.04638,1.90395,-0.53100,-0.27275,-0.48258,0.65037,1.57688,-1.05700,1.90741,-0.52924,-0.26311,-0.47981,0.66429,1.60993,-1.09634,1.92804,-0.55644,-0.22908,-0.49124,2.956,4.547,3.084,0.123,-0.283,-0.651,0.184
51.600000,2580,0.65311,1.58771,-1.04790,1.88145,-0.55160,-0.28228,-0.46274,0.64901,1.58760,-1.05954,1.88528,-0.54880,-0.27018,-0.46105,0.66263,1.62040,-1.09865,1.90605,-0.57565,-0.23613,-0.47350,2.942,4.629,3.107,0.065,-0.276,-0.659,0.172
51.700000,2585,0.65311,1.59839,-1.04829,1.85818,-0.57297,-0.28877,-0.44672,0.64752,1.59707,-1.06200,1.86240,-0.56790,-0.27798,-0.44322,0.66103,1.62978,-1.10087,1.88331,-0.59450,-0.24408,-0.45619,2.930,4.708,3.130,0.007,-0.270,-0.664,0.160
51.800000,2590,0.65311,1.60259,-1.05096,1.83491,-0.58823,-0.29602,-0.42955,0.64618,1.60560,-1.06449,1.83880,-0.58678,-0.28687,-0.42533,0.65952,1.63807,-1.10299,1.85984,-0.61292,-0.25291,-0.43929,2.922,4.785,3.153,-0.050,-0.263,-0.666,0.149
51.900000,2595,0.65273,1.61556,-1.05439,1.80973,-0.60692,-0.30784,-0.41391,0.64482,1.61270,-1.06657,1.81424,-0.60473,-0.29701,-0.40806,0.65810,1.64530,-1.10502,1.83563,-0.63087,-0.26255,-0.42275,2.917,4.858,3.175,-0.106,-0.256,-0.665,0.138
52.000000,2600,0.65235,1.61708,-1.05477,1.78493,-0.62485,-0.31700,-0.39522,0.64382,1.61919,-1.06906,1.78928,-0.62275,-0.30695,-0.39110,0.65679,1.65151,-1.10693,1.81067,-0.64832,-0.27298,-0.40651,2.914,4.925,3.196,-0.161,-0.249,-0.664,0.127
52.100000,2605,0.65044,1.62967,-1.05668,1.75861,-0.64011,-0.32844,-0.37920,0.64260,1.62421,-1.07099,1.76323,-0.63977,-0.31856,-0.37485,0.65562,1.65669,-1.10874,1.78492,-0.66525,-0.28416,-0.39054,2.915,4.987,3.217,-0.216,-0.241,-0.661,0.117
52.200000,2610,0.65006,1.63234,-1.06049,1.73191,-0.65765,-0.34027,-0.36203,0.64170,1.62882,-1.07319,1.73655,-0.65688,-0.33021,-0.35826,0.65459,1.66089,-1.11043,1.75834,-0.68167,-0.29607,-0.37475,2.917,5.040,3.236,-0.270,-0.234,-0.658,0.108
52.300000,2615,0.65006,1.63234,-1.06126,1.70406,-0.67444,-0.35171,-0.34486,0.64093,1.63145,-1.07518,1.70870,-0.67285,-0.34288,-0.34200,0.65369,1.66351,-1.11200,1.73067,-0.69741,-0.30866,-0.35917,2.921,5.008,3.257,-0.323,-0.225,-0.654,0.099
52.400000,2620,0.65006,1.63272,-1.06126,1.67469,-0.68588,-0.36468,-0.33151,0.64017,1.63204,-1.07689,1.67944,-0.68808,-0.35642,-0.32603,0.65293,1.66414,-1.11340,1.70169,-0.71237,-0.32189,-0.34377,2.940,5.070,3.277,-0.372,-0.218,-0.651,0.091
52.500000,2625,0.65006,1.63272,-1.06126,1.64455,-0.70496,-0.37803,-0.31587,0.63982,1.63342,-1.07876,1.64958,-0.70353,-0.37030,-0.30985,0.65251,1.66556,-1.11470,1.67209,-0.72743,-0.33595,-0.32793,2.959,5.194,3.290,-0.424,-0.211,-0.647,0.084
52.600000,2630,0.65006,1.63425,-1.06469,1.61327,-0.71449,-0.39405,-0.29832,0.63934,1.63370,-1.08067,1.61812,-0.71911,-0.38592,-0.29299,0.65231,1.66615,-1.11599,1.64129,-0.74214,-0.35093,-0.31204,2.962,5.153,3.294,-0.477,-0.202,-0.643,0.075
52.700000,2635,0.64777,1.63768,-1.06774,1.58008,-0.73319,-0.40817,-0.28268,0.63910,1.63294,-1.08251,1.58637,-0.73469,-0.40154,-0.27589,0.65222,1.66593,-1.11646,1.61038,-0.75582,-0.36582,-0.29612,2.961,5.442,3.560,-0.514,-0.185,-0.622,0.070
52.800000,2640,0.64739,1.64646,-1.06583,1.56520,-0.73738,-0.40397,-0.26285,0.63632,1.64124,-1.07272,1.57471,-0.74828,-0.40169,-0.25693,0.65056,1.67563,-1.10199,1.60067,-0.76030,-0.36409,-0.27913,2.780,5.657,3.752,0.040,0.274,0.022,0.065
52.900000,2645,0.63824,1.66019,-1.03951,1.57856,-0.73319,-0.37460,-0.24263,0.63203,1.65737,-1.05020,1.58386,-0.75349,-0.38434,-0.23860,0.64679,1.69242,-1.07359,1.61067,-0.75564,-0.34646,-0.26209,2.724,5.679,3.791,0.068,0.374,0.038,0.060
53.000000,2650,0.63404,1.67888,-1.01243,1.59000,-0.73242,-0.35514,-0.22546,0.62811,1.67472,-1.02282,1.59484,-0.75134,-0.36565,-0.22053,0.64288,1.70966,-1.04428,1.62167,-0.75050,-0.32793,-0.24492,2.692,5.692,3.820,0.024,0.373,0.042,0.056
53.100000,2655,0.63099,1.69491,-0.98496,1.60144,-0.73242,-0.33569,-0.21058,0.62496,1.69075,-0.99738,1.60779,-0.74774,-0.34661,-0.20518,0.63951,1.72512,-1.01766,1.63444,-0.74461,-0.30944,-0.23089,2.757,5.673,3.821,0.002,0.419,0.045,-0.031
53.200000,2660,0.63137,1.70520,-0.97542,1.62548,-0.72670,-0.31738,-0.22546,0.62566,1.69640,-0.99045,1.63344,-0.73950,-0.32725,-0.20907,0.64018,1.72980,-1.00921,1.66005,-0.73366,-0.29098,-0.23798,3.017,5.376,3.537,0.042,0.444,0.042,-0.608
53.300000,2665,0.63175,1.70902,-0.97771,1.66172,-0.70992,-0.29945,-0.24492,0.62900,1.69792,-0.99081,1.66553,-0.72710,-0.30883,-0.22435,0.64339,1.73078,-1.00916,1.69194,-0.72022,-0.27274,-0.25434,3.040,5.197,3.470,0.080,0.439,0.035,-0.604
53.400000,2670,0.63328,1.70940,-0.97771,1.69338,-0.70076,-0.28114,-0.26132,0.63261,1.69713,-0.99074,1.69653,-0.71237,-0.29096,-0.24133,0.64685,1.72972,-1.00939,1.72252,-0.70569,-0.25530,-0.27107,3.051,4.993,3.451,0.119,0.435,0.027,-0.597
53.500000,2675,0.63442,1.70902,-0.98115,1.72313,-0.68207,-0.26588,-0.27810,0.63629,1.69504,-0.99028,1.72618,-0.69663,-0.27443,-0.25823,0.65059,1.72758,-1.00961,1.75194,-0.69034,-0.23866,-0.28775,3.065,4.862,3.448,0.160,0.429,0.018,-0.589
53.600000,2680,0.63785,1.70788,-0.98153,1.75174,-0.67062,-0.25253,-0.29298,0.64050,1.69338,-0.98935,1.75524,-0.67998,-0.25833,-0.27459,0.65471,1.72589,-1.00944,1.78077,-0.67461,-0.22257,-0.30391,3.078,4.814,3.466,0.199,0.423,0.011,-0.580
53.700000,2685,0.64014,1.70711,-0.98153,1.78074,-0.65155,-0.23460,-0.30862,0.64490,1.69107,-0.98833,1.78355,-0.66311,-0.24270,-0.29108,0.65915,1.72352,-1.00904,1.80878,-0.65812,-0.20704,-0.31997,3.082,4.596,3.444,0.237,0.419,0.004,-0.573
53.800000,2690,0.64930,1.70559,-0.98153,1.80782,-0.63095,-0.22201,-0.32312,0.64935,1.68649,-0.98731,1.81046,-0.64465,-0.22814,-0.30760,0.66375,1.71879,-1.00876,1.83550,-0.64034,-0.19230,-0.33658,3.094,4.450,3.428,0.279,0.415,-0.005,-0.565
53.900000,2695,0.65159,1.69300,-0.98153,1.83300,-0.61531,-0.20713,-0.34257,0.65442,1.68095,-0.98690,1.83672,-0.62574,-0.21366,-0.32445,0.66855,1.71288,-1.00842,1.86140,-0.62160,-0.17831,-0.35353,3.107,4.328,3.416,0.323,0.411,-0.014,-0.557
54.000000,2700,0.65655,1.68880,-0.98153,1.85932,-0.59586,-0.19569,-0.35860,0.65941,1.67379,-0.98572,1.86216,-0.60504,-0.20042,-0.34248,0.67354,1.70586,-1.00801,1.88654,-0.60196,-0.16511,-0.37089,3.122,4.213,3.401,0.368,0.407,-0.023,-0.548
54.100000,2705,0.66112,1.67621,-0.98153,1.88335,-0.57373,-0.18234,-0.37462,0.66448,1.66584,-0.98476,1.88680,-0.58382,-0.18803,-0.36019,0.67871,1.69772,-1.00755,1.91093,-0.58146,-0.15276,-0.38876,3.138,4.102,3.385,0.414,0.402,-0.033,-0.539
54.200000,2710,0.66761,1.66858,-0.98153,1.90777,-0.55199,-0.17356,-0.39445,0.66975,1.65633,-0.98336,1.91064,-0.56122,-0.17677,-0.37905,0.68401,1.68843,-1.00703,1.93459,-0.56013,-0.14132,-0.40722,3.156,3.995,3.368,0.460,0.398,-0.043,-0.529
54.300000,2715,0.67142,1.65752,-0.98153,1.93104,-0.52643,-0.16212,-0.41200,0.67527,1.64606,-0.98226,1.93394,-0.53835,-0.16609,-0.39856,0.68943,1.67797,-1.00648,1.95751,-0.53805,-0.13088,-0.42631,3.175,3.890,3.349,0.508,0.394,-0.055,-0.519
54.400000,2720,0.67867,1.64608,-0.98153,1.95393,-0.50621,-0.15411,-0.43031,0.68074,1.63464,-0.98117,1.95636,-0.51450,-0.15652,-0.41828,0.69494,1.66627,-1.00589,1.97967,-0.51531,-0.12152,-0.44612,3.195,3.787,3.327,0.556,0.391,-0.070,-0.509
54.500000,2725,0.68478,1.63272,-0.98153,1.97491,-0.48218,-0.14762,-0.45053,0.68629,1.62156,-0.97985,1.97793,-0.48972,-0.14835,-0.43894,0.70045,1.65314,-1.00533,2.00095,-0.49199,-0.11340,-0.46672,3.217,3.684,3.302,0.605,0.387,-0.090,-0.498
54.600000,2730,0.68935,1.61823,-0.98153,1.99551,-0.45776,-0.13961,-0.47266,0.69197,1.60708,-0.97875,1.99883,-0.46463,-0.14113,-0.46098,0.70599,1.63866,-1.00481,2.02142,-0.46820,-0.10660,-0.48813,3.244,3.583,3.277,0.655,0.383,-0.117,-0.486
54.700000,2735,0.69279,1.60335,-0.98153,2.01611,-0.43487,-0.13313,-0.49211,0.69748,1.59143,-0.97758,2.01887,-0.43900,-0.13553,-0.48358,0.71155,1.62298,-1.00433,2.04117,-0.44407,-0.10112,-0.51034,3.272,3.483,3.252,0.706,0.379,-0.155,-0.475
54.800000,2740,0.70118,1.58504,-0.98153,2.03518,-0.40817,-0.13122,-0.51767,0.70304,1.57466,-0.97633,2.03818,-0.41289,-0.13135,-0.50661,0.71711,1.60607,-1.00385,2.06020,-0.41971,-0.09705,-0.53337,3.303,3.383,3.228,0.756,0.376,-0.209,-0.462
54.900000,2745,0.70652,1.56826,-0.98153,2.05426,-0.38185,-0.13007,-0.53865,0.70884,1.55683,-0.97490,2.05688,-0.38682,-0.12805,-0.53054,0.72295,1.58831,-1.00301,2.07862,-0.39491,-0.09389,-0.55683,3.353,3.285,3.264,0.806,0.374,-0.208,-0.448
55.000000,2750,0.71224,1.54804,-0.98115,2.07257,-0.35629,-0.12817,-0.56230,0.71536,1.53898,-0.97265,2.07520,-0.36011,-0.12464,-0.55401,0.72963,1.57036,-1.00120,2.09668,-0.36925,-0.09072,-0.58013,3.383,3.183,3.236,0.849,0.369,-0.295,-0.436
55.100000,2755,0.72025,1.52934,-0.97924,2.09011,-0.33035,-0.12931,-0.58557,0.72122,1.51889,-0.97093,2.09250,-0.33316,-0.12421,-0.57926,0.73533,1.55013,-1.00027,2.11350,-0.34448,-0.09067,-0.60505,3.403,3.081,3.169,0.896,0.364,-0.471,-0.425
55.200000,2760,0.72254,1.50722,-0.97924,2.10652,-0.30403,-0.13236,-0.61151,0.72661,1.49736,-0.96954,2.10887,-0.30716,-0.12577,-0.60540,0.74063,1.52837,-0.99951,2.12941,-0.32022,-0.09266,-0.63086,3.439,2.982,3.146,0.945,0.360,-0.566,-0.412
55.300000,2765,0.72636,1.48433,-0.97924,2.12216,-0.27847,-0.13694,-0.63822,0.73164,1.47437,-0.96813,2.12431,-0.28165,-0.12923,-0.63220,0.74572,1.50532,-0.99870,2.14447,-0.29645,-0.09640,-0.65728,3.477,2.882,3.124,0.994,0.355,-0.633,-0.399
55.400000,2770,0.73399,1.45953,-0.97542,2.13589,-0.25405,-0.14533,-0.66301,0.73642,1.45011,-0.96650,2.13883,-0.25662,-0.13445,-0.65925,0.75054,1.48098,-0.99782,2.15869,-0.27336,-0.10188,-0.68424,3.517,2.784,3.102,1.042,0.350,-0.677,-0.386
55.500000,2775,0.73513,1.43398,-0.97466,2.15001,-0.23040,-0.15373,-0.69391,0.74089,1.42440,-0.96493,2.15253,-0.23274,-0.14145,-0.68734,0.75507,1.45533,-0.99687,2.17200,-0.25114,-0.10917,-0.71166,3.557,2.685,3.080,1.089,0.345,-0.701,-0.373
55.600000,2780,0.73971,1.40689,-0.97390,2.16298,-0.20637,-0.16135,-0.71909,0.74506,1.39769,-0.96364,2.16547,-0.21032,-0.14980,-0.71573,0.75929,1.42841,-0.99586,2.18443,-0.22995,-0.11823,-0.73944,3.599,2.586,3.058,1.136,0.339,-0.715,-0.360
55.700000,2785,0.74581,1.37942,-0.97275,2.17556,-0.18462,-0.17242,-0.74579,0.74871,1.36956,-0.96191,2.17727,-0.18873,-0.16057,-0.74413,0.76317,1.40022,-0.99477,2.19595,-0.20997,-0.12904,-0.76749,3.642,2.487,3.036,1.181,0.332,-0.722,-0.348
55.800000,2790,0.75077,1.35005,-0.97161,2.18625,-0.16555,-0.18462,-0.77631,0.75221,1.34024,-0.96056,2.18834,-0.16881,-0.17235,-0.77304,0.76668,1.37079,-0.99364,2.20650,-0.19139,-0.14163,-0.79567,3.685,2.389,3.010,1.224,0.325,-0.725,-0.335
55.900000,2795,0.75077,1.31877,-0.96970,2.19578,-0.15067,-0.19836,-0.80492,0.75529,1.30978,-0.95924,2.19841,-0.15060,-0.18598,-0.80196,0.76983,1.34019,-0.99252,2.21606,-0.17431,-0.15603,-0.82385,3.729,2.289,2.984,1.265,0.317,-0.726,-0.324
56.000000,2800,0.75382,1.28825,-0.96779,2.20417,-0.13046,-0.21324,-0.83277,0.75780,1.27811,-0.95765,2.20739,-0.13406,-0.20156,-0.83087,0.77259,1.30846,-0.99138,2.22463,-0.15893,-0.17206,-0.85192,3.772,2.190,2.959,1.303,0.309,-0.725,-0.313
56.100000,2805,0.75573,1.25545,-0.96779,2.21257,-0.12054,-0.23040,-0.86367,0.76003,1.24530,-0.95624,2.21534,-0.11921,-0.21861,-0.85930,0.77496,1.27568,-0.99022,2.23219,-0.14541,-0.18960,-0.87977,3.816,2.090,2.933,1.336,0.298,-0.722,-0.302
56.200000,2810,0.75649,1.22149,-0.96589,2.21982,-0.10375,-0.24719,-0.88923,0.76178,1.21169,-0.95505,2.22227,-0.10680,-0.23688,-0.88749,0.77693,1.24195,-0.98909,2.23873,-0.13388,-0.20853,-0.90727,3.860,1.990,2.904,1.363,0.285,-0.718,-0.292
56.300000,2815,0.75649,1.18564,-0.96589,2.22439,-0.09879,-0.26626,-0.91402,0.76322,1.17737,-0.95388,2.22827,-0.09648,-0.25610,-0.91539,0.77853,1.20738,-0.98803,2.24423,-0.12439,-0.22876,-0.93427,3.905,1.889,2.873,1.383,0.265,-0.712,-0.283
56.400000,2820,0.75726,1.15130,-0.96589,2.23012,-0.09154,-0.28610,-0.94378,0.76417,1.14206,-0.95289,2.23307,-0.08843,-0.27704,-0.94260,0.77976,1.17209,-0.98706,2.24869,-0.11706,-0.25003,-0.96070,3.951,1.788,2.840,1.393,0.230,-0.706,-0.274
56.500000,2825,0.76031,1.11544,-0.96322,2.23393,-0.08125,-0.30670,-0.96858,0.76479,1.10609,-0.95196,2.23684,-0.08258,-0.29855,-0.96929,0.78067,1.13617,-0.98623,2.25212,-0.11194,-0.27214,-0.98650,3.999,1.685,2.804,1.393,0.167,-0.697,-0.266
56.600000,2830,0.76183,1.07806,-0.96055,2.23431,-0.08010,-0.32959,-0.99642,0.76519,1.06968,-0.95149,2.23958,-0.07900,-0.32060,-0.99535,0.78130,1.09973,-0.98559,2.25452,-0.10903,-0.29493,-1.01160,4.050,1.582,2.764,1.382,0.063,-0.688,-0.260
56.700000,2835,0.76183,1.04106,-0.96055,2.23546,-0.08086,-0.35095,-1.02046,0.76526,1.03279,-0.95116,2.24130,-0.07787,-0.34326,-1.02064,0.78168,1.06288,-0.98519,2.25592,-0.10830,-0.31821,-1.03595,4.102,1.477,2.720,1.363,-0.071,-0.678,-0.254
56.800000,2840,0.76183,1.00291,-0.96055,2.23889,-0.08239,-0.37231,-1.04411,0.76512,0.99569,-0.95110,2.24195,-0.07898,-0.36618,-1.04509,0.78188,1.02571,-0.98509,2.25631,-0.10971,-0.34184,-1.05954,4.156,1.371,2.673,1.339,-0.196,-0.666,-0.249
56.900000,2845,0.76183,0.96514,-0.96055,2.23889,-0.08964,-0.39634,-1.06700,0.76487,0.95826,-0.95151,2.24160,-0.08205,-0.38942,-1.06879,0.78193,0.98831,-0.98534,2.25570,-0.11321,-0.36565,-1.08234,4.211,1.263,2.622,1.315,-0.282,-0.654,-0.244
57.000000,2850,0.76183,0.92814,-0.96055,2.23851,-0.10184,-0.41885,-1.08950,0.76425,0.92077,-0.95253,2.24037,-0.08779,-0.41268,-1.09199,0.78161,0.95086,-0.98627,2.25414,-0.11921,-0.38956,-1.10431,4.218,1.155,2.523,1.300,-0.353,-0.642,-0.241
57.100000,2855,0.76145,0.89114,-0.96055,2.23851,-0.10871,-0.44098,-1.10896,0.76285,0.88352,-0.95452,2.23802,-0.09643,-0.43660,-1.11370,0.78056,0.91365,-0.98826,2.25168,-0.12825,-0.41361,-1.12533,4.290,1.046,2.490,1.290,-0.366,-0.629,-0.238
57.200000,2860,0.76145,0.85337,-0.96093,2.23736,-0.11787,-0.46463,-1.13147,0.76223,0.84581,-0.95641,2.23466,-0.10558,-0.46012,-1.13488,0.78032,0.87607,-0.98981,2.24817,-0.13719,-0.43772,-1.14561,4.382,0.932,2.469,1.280,-0.373,-0.616,-0.236
57.300000,2865,0.76145,0.81522,-0.96093,2.23279,-0.13084,-0.48637,-1.15321,0.76188,0.80810,-0.95863,2.23035,-0.11586,-0.48338,-1.15517,0.78023,0.83843,-0.99171,2.24369,-0.14753,-0.46161,-1.16516,4.442,0.817,2.413,1.279,-0.385,-0.601,-0.235
57.400000,2870,0.76145,0.77707,-0.96169,2.22783,-0.13885,-0.50812,-1.17381,0.76147,0.77045,-0.96124,2.22501,-0.12796,-0.50667,-1.17481,0.78021,0.80086,-0.99415,2.23823,-0.15947,-0.48517,-1.18399,4.503,0.700,2.358,1.284,-0.393,-0.586,-0.234
57.500000,2875,0.76145,0.73893,-0.96207,2.22134,-0.15754,-0.53024,-1.19098,0.76133,0.73293,-0.96463,2.21871,-0.14136,-0.52903,-1.19394,0.78031,0.76340,-0.99718,2.23179,-0.17290,-0.50827,-1.20215,4.565,0.581,2.304,1.294,-0.399,-0.572,-0.234
57.600000,2880,0.76145,0.70116,-0.96589,2.21486,-0.16822,-0.55122,-1.21081,0.76116,0.69549,-0.96834,2.21129,-0.15629,-0.55152,-1.21215,0.78059,0.72610,-1.00083,2.22439,-0.18771,-0.53084,-1.21968,4.629,0.459,2.254,1.307,-0.403,-0.557,-0.235
57.700000,2885,0.76145,0.66378,-0.96932,2.20608,-0.18691,-0.57297,-1.22836,0.76149,0.65835,-0.97306,2.20298,-0.17238,-0.57287,-1.22989,0.78109,0.68900,-1.00512,2.21599,-0.20377,-0.55275,-1.23663,4.694,0.335,2.206,1.321,-0.407,-0.542,-0.236
57.800000,2890,0.76145,0.62716,-0.97619,2.19578,-0.20484,-0.59242,-1.24438,0.76190,0.62135,-0.97818,2.19355,-0.18970,-0.59383,-1.24704,0.78187,0.65215,-1.01010,2.20659,-0.22097,-0.57393,-1.25305,4.760,0.209,2.163,1.337,-0.409,-0.527,-0.237
57.900000,2895,0.76145,0.58977,-0.98267,2.18510,-0.21705,-0.61188,-1.26193,0.76267,0.58463,-0.98414,2.18311,-0.20832,-0.61419,-1.26371,0.78298,0.61561,-1.01576,2.19617,-0.23919,-0.59428,-1.26899,4.826,0.082,2.124,1.353,-0.411,-0.513,-0.239
58.000000,2900,0.76145,0.55391,-0.98992,2.17366,-0.23994,-0.62904,-1.27948,0.76358,0.54839,-0.99077,2.17151,-0.22787,-0.63341,-1.27992,0.78422,0.57954,-1.02238,2.18465,-0.25863,-0.61359,-1.28434,4.856,-0.047,2.081,1.370,-0.414,-0.498,-0.240
58.100000,2905,0.76183,0.51729,-0.99908,2.16107,-0.26092,-0.64735,-1.29169,0.76482,0.51289,-0.99884,2.15894,-0.24880,-0.65093,-1.29529,0.78563,0.54395,-1.02991,2.17203,-0.27915,-0.63183,-1.29916,4.955,-0.179,2.061,1.389,-0.412,-0.486,-0.244
58.200000,2910,0.76336,0.48105,-1.00823,2.14772,-0.28152,-0.66338,-1.30847,0.76697,0.47694,-1.00641,2.14498,-0.26927,-0.66877,-1.31006,0.78819,0.50837,-1.03749,2.15843,-0.29932,-0.64932,-1.31409,5.022,-0.312,2.034,1.403,-0.412,-0.473,-0.246
58.300000,2915,0.76679,0.44519,-1.01739,2.13169,-0.30097,-0.68054,-1.32220,0.76937,0.44162,-1.01535,2.12952,-0.29062,-0.68557,-1.32374,0.79097,0.47340,-1.04621,2.14335,-0.32031,-0.66552,-1.32818,5.121,-0.444,2.029,1.421,-0.407,-0.461,-0.252
58.400000,2920,0.77023,0.41124,-1.02120,2.12025,-0.31395,-0.69695,-1.33975,0.77928,0.41263,-1.01499,2.12109,-0.30189,-0.70441,-1.33941,0.80150,0.44565,-1.04348,2.13644,-0.32677,-0.68259,-1.34586,5.288,-0.499,2.630,1.862,0.246,-0.454,-0.269
58.500000,2925,0.79045,0.39407,-1.00098,2.12483,-0.28533,-0.71831,-1.35883,0.79990,0.39574,-0.99628,2.12543,-0.28881,-0.72726,-1.35772,0.82325,0.43122,-1.02200,2.14322,-0.30895,-0.70143,-1.36695,5.348,-0.502,2.624,1.884,0.276,-0.436,-0.277
58.600000,2930,0.81333,0.38072,-0.97466,2.13208,-0.26245,-0.73815,-1.37904,0.82185,0.38119,-0.97409,2.13230,-0.26986,-0.74718,-1.37968,0.84580,0.41773,-0.99918,2.15098,-0.28939,-0.72043,-1.38828,5.397,-0.511,2.600,1.756,0.281,-0.416,-0.284
58.700000,2935,0.83546,0.36699,-0.95330,2.13856,-0.24223,-0.75150,-1.39812,0.84113,0.37254,-0.95437,2.14002,-0.25082,-0.74798,-1.39926,0.86564,0.40978,-0.97842,2.15934,-0.26926,-0.73540,-1.40544,5.409,0.098,2.562,1.655,0.289,-0.269,-0.207
58.800000,2940,0.84538,0.37576,-0.94681,2.15001,-0.22239,-0.72746,-1.38591,0.84350,0.39606,-0.94676,2.15184,-0.23056,-0.74798,-1.40346,0.86938,0.43505,-0.96919,2.17200,-0.24555,-0.72631,-1.39840,5.064,0.276,2.527,1.636,0.294,0.264,0.376
58.900000,2945,0.84461,0.41315,-0.94643,2.16450,-0.20027,-0.71297,-1.37790,0.84292,0.42983,-0.93993,2.16539,-0.20491,-0.74093,-1.39458,0.86938,0.46956,-0.96210,2.18639,-0.22046,-0.71039,-1.38595,5.052,0.397,2.524,1.607,0.291,0.257,0.382
59.000000,2950,0.84500,0.44672,-0.94185,2.17709,-0.17585,-0.70152,-1.36378,0.84333,0.46477,-0.93408,2.17803,-0.17955,-0.72395,-1.38130,0.86974,0.50455,-0.95673,2.19910,-0.19609,-0.69305,-1.37232,5.050,0.513,2.525,1.579,0.288,0.247,0.389
59.100000,2955,0.84500,0.48258,-0.93995,2.18815,-0.14991,-0.68474,-1.35348,0.84452,0.49952,-0.92787,2.18990,-0.15397,-0.70624,-1.36800,0.87083,0.53933,-0.95114,2.21096,-0.17141,-0.67523,-1.35859,5.056,0.626,2.553,1.549,0.286,0.237,0.393
59.200000,2960,0.84500,0.51729,-0.93308,2.19845,-0.12473,-0.66986,-1.33823,0.84616,0.53466,-0.92304,2.20088,-0.12952,-0.68735,-1.35432,0.87233,0.57442,-0.94667,2.22179,-0.14758,-0.65635,-1.34436,5.031,0.737,2.518,1.516,0.281,0.227,0.400
59.300000,2965,0.84538,0.55277,-0.93041,2.20799,-0.10032,-0.64850,-1.32297,0.84810,0.57009,-0.91914,2.21079,-0.10569,-0.66736,-1.34027,0.87415,0.60986,-0.94352,2.23158,-0.12488,-0.63636,-1.32952,5.012,0.845,2.506,1.485,0.278,0.216,0.405
59.400000,2970,0.84614,0.58863,-0.92850,2.21600,-0.07705,-0.62904,-1.30809,0.85048,0.60574,-0.91613,2.21976,-0.08289,-0.64663,-1.32522,0.87636,0.64545,-0.94120,2.24048,-0.10307,-0.61556,-1.31418,4.988,0.950,2.491,1.451,0.274,0.204,0.410
59.500000,2975,0.85072,0.62525,-0.92545,2.22477,-0.05492,-0.61111,-1.29245,0.85312,0.64145,-0.91374,2.22774,-0.06088,-0.62568,-1.30944,0.87891,0.68118,-0.93970,2.24852,-0.08223,-0.59402,-1.29830,4.959,1.051,2.473,1.415,0.271,0.191,0.415
59.600000,2980,0.85072,0.66111,-0.92240,2.23240,-0.03738,-0.59013,-1.27872,0.85628,0.67729,-0.91247,2.23502,-0.04002,-0.60346,-1.29320,0.88177,0.71703,-0.93898,2.25573,-0.06248,-0.57181,-1.28183,4.926,1.150,2.457,1.375,0.268,0.178,0.420
59.700000,2985,0.85339,0.69658,-0.92240,2.23698,-0.01945,-0.56724,-1.26117,0.85960,0.71303,-0.91113,2.24119,-0.01982,-0.58107,-1.27618,0.88496,0.75272,-0.93846,2.26194,-0.04327,-0.54921,-1.26459,4.895,1.244,2.512,1.324,0.268,0.164,0.426
59.800000,2990,0.85644,0.73282,-0.92164,2.24347,0.00306,-0.54512,-1.24400,0.86335,0.74859,-0.91011,2.24655,-0.00037,-0.55828,-1.25835,0.88845,0.78824,-0.93809,2.26722,-0.02465,-0.52628,-1.24660,4.854,1.336,2.458,1.280,0.264,0.151,0.430
59.900000,2995,0.86216,0.76830,-0.92164,2.24652,0.02137,-0.52376,-1.22645,0.86715,0.78463,-0.91046,2.25138,0.01697,-0.53480,-1.23996,0.89209,0.82420,-0.93927,2.27203,-0.00830,-0.50256,-1.22819,4.808,1.426,2.422,1.232,0.260,0.138,0.434
