t,idx,q1,q2,q3,q4,q5,q6,q7,cmd1,cmd2,cmd3,cmd4,cmd5,cmd6,cmd7,qref1,qref2,qref3,qref4,qref5,qref6,qref7,ff1,ff2,ff3,ff4,ff5,ff6,ff7
0.000000,0,0.00003,0.00039,0.00001,0.07936,0.00001,0.00001,-0.00001,0.00160,0.00310,-0.00458,0.09732,-0.00416,-0.00253,-0.00243,0.00160,0.00310,-0.00458,0.08181,-0.00416,-0.00253,-0.00243,0.000,0.000,-0.000,0.000,-0.000,-0.000,0.000
0.100000,5,0.00003,0.00039,-0.00114,0.09042,-0.00114,-0.00037,-0.00039,0.00135,0.00475,-0.00580,0.09732,-0.00428,-0.00231,-0.00129,0.00181,0.00350,-0.00517,0.08206,-0.00471,-0.00286,-0.00275,0.026,0.015,-0.005,0.032,-0.005,-0.009,0.002
0.200000,10,0.00270,0.00039,-0.00304,0.09652,-0.00342,-0.00037,-0.00001,0.00154,0.00746,-0.00813,0.09732,-0.00508,-0.00218,-0.00028,0.00218,0.00423,-0.00624,0.08251,-0.00568,-0.00345,-0.00332,0.055,0.036,-0.016,0.067,-0.016,-0.022,0.000
0.300000,15,0.00232,0.00115,-0.00762,0.09652,-0.00381,-0.00075,-0.00001,0.00204,0.01062,-0.01128,0.09732,-0.00669,-0.00245,0.00015,0.00285,0.00552,-0.00816,0.08333,-0.00742,-0.00451,-0.00434,0.095,0.074,-0.047,0.113,-0.046,-0.047,-0.013
0.400000,20,0.00270,0.00344,-0.01411,0.09652,-0.00686,-0.00190,-0.00001,0.00304,0.01473,-0.01572,0.09732,-0.00944,-0.00352,-0.00022,0.00404,0.00783,-0.01157,0.08477,-0.01052,-0.00639,-0.00615,0.146,0.128,-0.086,0.169,-0.084,-0.081,-0.033
0.500000,25,0.00270,0.00535,-0.02097,0.09805,-0.01296,-0.00381,-0.00039,0.00479,0.02028,-0.02212,0.09732,-0.01389,-0.00561,-0.00165,0.00594,0.01152,-0.01701,0.08708,-0.01548,-0.00939,-0.00904,0.218,0.209,-0.135,0.243,-0.134,-0.130,-0.068
0.600000,30,0.00499,0.01527,-0.03318,0.09843,-0.02593,-0.00991,-0.00115,0.00728,0.02716,-0.03031,0.09732,-0.01985,-0.00907,-0.00436,0.00859,0.01666,-0.02461,0.09030,-0.02239,-0.01359,-0.01308,0.306,0.303,-0.176,0.327,-0.178,-0.181,-0.103
0.700000,35,0.00880,0.02557,-0.04386,0.10072,-0.03013,-0.01716,-0.00382,0.01029,0.03516,-0.04010,0.09732,-0.02731,-0.01364,-0.00757,0.01182,0.02292,-0.03385,0.09423,-0.03080,-0.01870,-0.01800,0.406,0.411,-0.212,0.415,-0.217,-0.230,-0.133
0.800000,40,0.01338,0.03472,-0.05607,0.10224,-0.03852,-0.02364,-0.00878,0.01375,0.04394,-0.05107,0.10208,-0.03593,-0.01874,-0.01176,0.01549,0.03002,-0.04435,0.09868,-0.04035,-0.02449,-0.02358,0.521,0.536,-0.245,0.509,-0.254,-0.277,-0.161
0.900000,45,0.01948,0.04388,-0.06942,0.10797,-0.05416,-0.02975,-0.01451,0.01756,0.05350,-0.06312,0.10734,-0.04548,-0.02427,-0.01624,0.01947,0.03774,-0.05576,0.10352,-0.05072,-0.03079,-0.02964,0.650,0.678,-0.276,0.609,-0.290,-0.325,-0.185
1.000000,50,0.02292,0.05532,-0.08201,0.11407,-0.05988,-0.03738,-0.02252,0.02156,0.06330,-0.07566,0.11272,-0.05548,-0.03036,-0.02093,0.02365,0.04586,-0.06774,0.10860,-0.06163,-0.03741,-0.03601,0.792,0.837,-0.304,0.713,-0.325,-0.371,-0.207
1.100000,55,0.02444,0.06677,-0.09574,0.11979,-0.07705,-0.04539,-0.02671,0.02576,0.07342,-0.08852,0.11839,-0.06587,-0.03619,-0.02618,0.02796,0.05420,-0.08006,0.11382,-0.07283,-0.04421,-0.04256,0.860,0.921,-0.301,0.747,-0.327,-0.380,-0.207
1.200000,60,0.03207,0.07592,-0.10909,0.12628,-0.08353,-0.05225,-0.03167,0.02969,0.08349,-0.10141,0.12386,-0.07638,-0.04291,-0.03110,0.03231,0.06264,-0.09254,0.11912,-0.08419,-0.05111,-0.04920,0.928,1.005,-0.297,0.780,-0.329,-0.388,-0.205
1.300000,65,0.03627,0.08699,-0.12206,0.13314,-0.09574,-0.05721,-0.03892,0.03384,0.09348,-0.11438,0.12946,-0.08696,-0.04927,-0.03637,0.03670,0.07114,-0.10509,0.12444,-0.09560,-0.05804,-0.05587,0.995,1.088,-0.292,0.811,-0.330,-0.396,-0.203
1.400000,70,0.03703,0.09767,-0.13503,0.13696,-0.10719,-0.06332,-0.04617,0.03805,0.10367,-0.12752,0.13509,-0.09768,-0.05555,-0.04166,0.04108,0.07965,-0.11766,0.12977,-0.10704,-0.06498,-0.06255,1.062,1.170,-0.287,0.841,-0.331,-0.403,-0.201
1.500000,75,0.04428,0.10720,-0.14762,0.14421,-0.11443,-0.07171,-0.04998,0.04194,0.11373,-0.14025,0.14043,-0.10812,-0.06240,-0.04636,0.04547,0.08816,-0.13023,0.13510,-0.11847,-0.07192,-0.06923,1.129,1.252,-0.281,0.869,-0.332,-0.410,-0.199
1.600000,80,0.05000,0.11712,-0.16021,0.14840,-0.12893,-0.07819,-0.05380,0.04633,0.12223,-0.15263,0.14572,-0.11951,-0.06923,-0.05313,0.04986,0.09666,-0.14279,0.14043,-0.12990,-0.07886,-0.07591,1.190,1.339,-0.266,0.915,-0.330,-0.410,-0.195
1.700000,85,0.05420,0.12551,-0.17242,0.15565,-0.13770,-0.08315,-0.05876,0.05060,0.13051,-0.16504,0.15087,-0.13109,-0.07655,-0.05989,0.05424,0.10516,-0.15534,0.14576,-0.14132,-0.08579,-0.08259,1.250,1.425,-0.251,0.958,-0.327,-0.410,-0.192
1.800000,90,0.05763,0.13620,-0.18462,0.15947,-0.14991,-0.09002,-0.06562,0.05491,0.13890,-0.17728,0.15605,-0.14226,-0.08359,-0.06661,0.05863,0.11366,-0.16790,0.15108,-0.15274,-0.09273,-0.08926,1.308,1.508,-0.234,0.997,-0.325,-0.409,-0.188
1.900000,95,0.05916,0.14459,-0.19721,0.16557,-0.16059,-0.09879,-0.07249,0.05929,0.14721,-0.18949,0.16112,-0.15346,-0.09095,-0.07303,0.06301,0.12216,-0.18046,0.15641,-0.16417,-0.09966,-0.09594,1.364,1.590,-0.217,1.032,-0.322,-0.408,-0.185
2.000000,100,0.06679,0.15260,-0.20828,0.17053,-0.16822,-0.10566,-0.07936,0.06338,0.15563,-0.20171,0.16626,-0.16491,-0.09818,-0.07961,0.06740,0.13067,-0.19302,0.16174,-0.17560,-0.10660,-0.10262,1.419,1.669,-0.198,1.064,-0.319,-0.406,-0.181
2.100000,105,0.07213,0.16061,-0.21972,0.17587,-0.18348,-0.11138,-0.08508,0.06790,0.16411,-0.21426,0.17157,-0.17628,-0.10489,-0.08646,0.07179,0.13918,-0.20560,0.16707,-0.18704,-0.11355,-0.10930,1.472,1.747,-0.179,1.092,-0.316,-0.404,-0.178
2.200000,110,0.07289,0.16977,-0.23193,0.18083,-0.19073,-0.11787,-0.09156,0.07218,0.17226,-0.22645,0.17661,-0.18758,-0.11244,-0.09311,0.07619,0.14770,-0.21818,0.17241,-0.19849,-0.12050,-0.11599,1.523,1.823,-0.159,1.117,-0.313,-0.401,-0.174
2.300000,115,0.07747,0.17816,-0.24414,0.18579,-0.20599,-0.12664,-0.10224,0.07649,0.18054,-0.23849,0.18174,-0.19853,-0.11936,-0.09971,0.08059,0.15623,-0.23078,0.17775,-0.20995,-0.12745,-0.12269,1.573,1.897,-0.138,1.139,-0.309,-0.398,-0.170
2.400000,120,0.08548,0.18655,-0.25634,0.19113,-0.21324,-0.13236,-0.10644,0.08061,0.18901,-0.25075,0.18685,-0.21001,-0.12701,-0.10622,0.08499,0.16477,-0.24340,0.18310,-0.22143,-0.13442,-0.12940,1.621,1.969,-0.116,1.158,-0.306,-0.395,-0.167
2.500000,125,0.08891,0.19456,-0.26855,0.19761,-0.22468,-0.13808,-0.11293,0.08506,0.19738,-0.26326,0.19211,-0.22145,-0.13372,-0.11312,0.08940,0.17332,-0.25603,0.18846,-0.23292,-0.14140,-0.13611,1.667,2.039,-0.094,1.174,-0.302,-0.391,-0.163
2.600000,130,0.08967,0.20372,-0.27999,0.20067,-0.23727,-0.14610,-0.11789,0.08950,0.20589,-0.27570,0.19737,-0.23300,-0.14082,-0.11996,0.09382,0.18189,-0.26869,0.19383,-0.24444,-0.14839,-0.14284,1.711,2.107,-0.071,1.188,-0.298,-0.387,-0.159
2.700000,135,0.09616,0.21135,-0.29220,0.20677,-0.24642,-0.15373,-0.12628,0.09377,0.21428,-0.28807,0.20253,-0.24430,-0.14813,-0.12649,0.09825,0.19048,-0.28137,0.19921,-0.25598,-0.15540,-0.14959,1.754,2.174,-0.047,1.198,-0.294,-0.382,-0.155
2.800000,140,0.10303,0.22203,-0.30403,0.21249,-0.26168,-0.15983,-0.13238,0.09803,0.22262,-0.30026,0.20771,-0.25555,-0.15559,-0.13340,0.10269,0.19908,-0.29408,0.20460,-0.26754,-0.16242,-0.15635,1.794,2.238,-0.023,1.206,-0.291,-0.377,-0.152
2.900000,145,0.10570,0.22889,-0.31662,0.21783,-0.26893,-0.16670,-0.13658,0.10243,0.23096,-0.31274,0.21286,-0.26705,-0.16305,-0.14013,0.10714,0.20771,-0.30683,0.21001,-0.27914,-0.16946,-0.16312,1.833,2.301,0.001,1.211,-0.287,-0.372,-0.148
3.000000,150,0.10837,0.23881,-0.32844,0.22279,-0.28419,-0.17547,-0.14459,0.10689,0.23958,-0.32532,0.21815,-0.27857,-0.16991,-0.14681,0.11160,0.21636,-0.31961,0.21543,-0.29076,-0.17651,-0.16992,1.870,2.362,0.026,1.213,-0.283,-0.366,-0.144
3.100000,155,0.11371,0.24606,-0.34103,0.22699,-0.29220,-0.18081,-0.15489,0.11112,0.24801,-0.33766,0.22336,-0.29005,-0.17771,-0.15357,0.11608,0.22504,-0.33243,0.22087,-0.30243,-0.18359,-0.17673,1.905,2.422,0.052,1.214,-0.279,-0.360,-0.140
3.200000,160,0.12019,0.25560,-0.35209,0.23233,-0.30441,-0.18691,-0.15870,0.11543,0.25648,-0.35000,0.22856,-0.30143,-0.18501,-0.16037,0.12057,0.23375,-0.34530,0.22632,-0.31413,-0.19070,-0.18357,1.938,2.479,0.078,1.212,-0.275,-0.354,-0.136
3.300000,165,0.12248,0.26323,-0.36392,0.23805,-0.31700,-0.19454,-0.16595,0.12004,0.26516,-0.36282,0.23396,-0.31323,-0.19207,-0.16729,0.12508,0.24249,-0.35821,0.23180,-0.32588,-0.19783,-0.19043,1.969,2.535,0.104,1.208,-0.272,-0.347,-0.132
3.400000,170,0.12515,0.27238,-0.37689,0.24263,-0.32577,-0.20294,-0.17320,0.12445,0.27363,-0.37540,0.23921,-0.32482,-0.19950,-0.17414,0.12961,0.25126,-0.37117,0.23730,-0.33767,-0.20499,-0.19733,1.998,2.590,0.130,1.201,-0.268,-0.340,-0.129
3.500000,175,0.13164,0.28154,-0.38910,0.24797,-0.34065,-0.20942,-0.18045,0.12882,0.28233,-0.38802,0.24452,-0.33640,-0.20708,-0.18097,0.13415,0.26007,-0.38418,0.24282,-0.34951,-0.21218,-0.20424,2.025,2.642,0.157,1.193,-0.265,-0.333,-0.125
3.600000,180,0.13698,0.28879,-0.40168,0.25407,-0.34751,-0.21591,-0.18464,0.13332,0.29101,-0.40082,0.24986,-0.34828,-0.21454,-0.18780,0.13872,0.26893,-0.39726,0.24836,-0.36140,-0.21940,-0.21120,2.070,2.698,0.172,1.186,-0.266,-0.337,-0.125
3.700000,185,0.14079,0.29756,-0.41465,0.25903,-0.36430,-0.22392,-0.19113,0.13789,0.29966,-0.41355,0.25528,-0.35979,-0.22169,-0.19496,0.14331,0.27782,-0.41040,0.25394,-0.37335,-0.22665,-0.21818,2.115,2.753,0.188,1.179,-0.266,-0.341,-0.126
3.800000,190,0.14423,0.30595,-0.42762,0.26285,-0.37155,-0.23231,-0.19952,0.14227,0.30838,-0.42631,0.26059,-0.37170,-0.22973,-0.20173,0.14792,0.28676,-0.42360,0.25954,-0.38537,-0.23395,-0.22520,2.159,2.808,0.204,1.172,-0.267,-0.345,-0.127
3.900000,195,0.15186,0.31663,-0.43983,0.26971,-0.38490,-0.23918,-0.20753,0.14675,0.31695,-0.43897,0.26591,-0.38342,-0.23739,-0.20878,0.15255,0.29575,-0.43688,0.26517,-0.39745,-0.24128,-0.23226,2.202,2.862,0.220,1.164,-0.268,-0.349,-0.128
4.000000,200,0.15567,0.32274,-0.45280,0.27467,-0.39673,-0.24566,-0.21440,0.15140,0.32597,-0.45210,0.27147,-0.39559,-0.24478,-0.21581,0.15722,0.30479,-0.45024,0.27084,-0.40960,-0.24866,-0.23936,2.246,2.915,0.236,1.156,-0.269,-0.353,-0.130
4.100000,205,0.15758,0.33342,-0.46615,0.28078,-0.40817,-0.25520,-0.22127,0.15609,0.33484,-0.46524,0.27696,-0.40744,-0.25229,-0.22297,0.16191,0.31389,-0.46368,0.27654,-0.42183,-0.25608,-0.24651,2.288,2.968,0.253,1.148,-0.270,-0.357,-0.132
4.200000,210,0.16368,0.34143,-0.47912,0.28650,-0.42228,-0.26206,-0.23004,0.16057,0.34391,-0.47837,0.28255,-0.41969,-0.26002,-0.23012,0.16663,0.32305,-0.47720,0.28227,-0.43413,-0.26355,-0.25370,2.331,3.021,0.269,1.139,-0.271,-0.361,-0.134
4.300000,215,0.16940,0.35211,-0.49209,0.29222,-0.43030,-0.26855,-0.23614,0.16512,0.35254,-0.49132,0.28799,-0.43176,-0.26837,-0.23743,0.17139,0.33227,-0.49083,0.28805,-0.44653,-0.27107,-0.26094,2.373,3.073,0.286,1.130,-0.272,-0.365,-0.136
4.400000,220,0.17245,0.35974,-0.50506,0.29718,-0.44555,-0.27694,-0.24110,0.17002,0.36182,-0.50478,0.29372,-0.44409,-0.27557,-0.24476,0.17618,0.34156,-0.50455,0.29387,-0.45901,-0.27865,-0.26824,2.414,3.125,0.303,1.120,-0.273,-0.369,-0.139
4.500000,225,0.17551,0.36966,-0.51842,0.30328,-0.45700,-0.28610,-0.24797,0.17470,0.37080,-0.51818,0.29932,-0.45648,-0.28366,-0.25209,0.18101,0.35092,-0.51838,0.29974,-0.47159,-0.28629,-0.27559,2.455,3.176,0.321,1.109,-0.274,-0.373,-0.142
4.600000,230,0.18352,0.37805,-0.53177,0.30824,-0.47188,-0.29182,-0.25903,0.17942,0.38026,-0.53186,0.30507,-0.46911,-0.29147,-0.25936,0.18588,0.36036,-0.53232,0.30565,-0.48428,-0.29399,-0.28300,2.495,3.227,0.338,1.098,-0.276,-0.377,-0.145
4.700000,235,0.18886,0.38835,-0.54512,0.31473,-0.48103,-0.30021,-0.26666,0.18418,0.38909,-0.54526,0.31067,-0.48146,-0.30002,-0.26684,0.19079,0.36988,-0.54639,0.31162,-0.49707,-0.30176,-0.29048,2.535,3.277,0.356,1.087,-0.277,-0.381,-0.149
4.800000,240,0.18886,0.39713,-0.55885,0.31854,-0.49782,-0.31051,-0.27391,0.18916,0.39844,-0.55886,0.31646,-0.49392,-0.30766,-0.27427,0.19575,0.37949,-0.56058,0.31764,-0.50998,-0.30960,-0.29802,2.574,3.327,0.374,1.075,-0.278,-0.386,-0.153
4.900000,245,0.19649,0.40666,-0.57220,0.32503,-0.50545,-0.31700,-0.28306,0.19389,0.40792,-0.57275,0.32233,-0.50686,-0.31604,-0.28191,0.20075,0.38919,-0.57491,0.32372,-0.52302,-0.31751,-0.30564,2.613,3.377,0.393,1.062,-0.279,-0.390,-0.157
5.000000,250,0.20412,0.41696,-0.58594,0.33151,-0.52223,-0.32501,-0.28917,0.19887,0.41758,-0.58685,0.32827,-0.51972,-0.32419,-0.28960,0.20581,0.39899,-0.58939,0.32986,-0.53619,-0.32550,-0.31334,2.652,3.426,0.411,1.049,-0.281,-0.394,-0.161
5.100000,255,0.20564,0.42421,-0.60005,0.33762,-0.53062,-0.33569,-0.29375,0.20386,0.42700,-0.60088,0.33412,-0.53284,-0.33303,-0.29722,0.21092,0.40889,-0.60402,0.33606,-0.54950,-0.33359,-0.32112,2.689,3.475,0.430,1.035,-0.282,-0.398,-0.166
5.200000,260,0.21022,0.43604,-0.61455,0.34257,-0.54855,-0.34408,-0.30290,0.20885,0.43655,-0.61494,0.34008,-0.54575,-0.34137,-0.30502,0.21608,0.41891,-0.61882,0.34234,-0.56297,-0.34176,-0.32899,2.726,3.523,0.449,1.020,-0.283,-0.402,-0.171
5.300000,265,0.21823,0.44710,-0.62943,0.34944,-0.55733,-0.35247,-0.31206,0.21380,0.44643,-0.62929,0.34610,-0.55904,-0.35027,-0.31266,0.22131,0.42905,-0.63379,0.34869,-0.57659,-0.35003,-0.33695,2.763,3.571,0.468,1.004,-0.285,-0.406,-0.176
5.400000,270,0.22243,0.45549,-0.64316,0.35593,-0.57411,-0.36201,-0.31930,0.21922,0.45650,-0.64419,0.35245,-0.57270,-0.35831,-0.32092,0.22661,0.43931,-0.64896,0.35512,-0.59039,-0.35841,-0.34501,2.799,3.619,0.488,0.988,-0.286,-0.410,-0.182
5.500000,275,0.22586,0.46503,-0.65765,0.36165,-0.58594,-0.36964,-0.33075,0.22449,0.46654,-0.65918,0.35881,-0.58652,-0.36715,-0.32935,0.23197,0.44972,-0.66433,0.36164,-0.60437,-0.36689,-0.35318,2.834,3.667,0.508,0.971,-0.287,-0.414,-0.188
5.600000,280,0.23349,0.47609,-0.67330,0.36813,-0.60272,-0.37765,-0.33876,0.22965,0.47692,-0.67405,0.36508,-0.60037,-0.37622,-0.33742,0.23742,0.46027,-0.67991,0.36825,-0.61854,-0.37550,-0.36146,2.868,3.714,0.528,0.953,-0.289,-0.418,-0.194
5.700000,285,0.23959,0.48677,-0.68855,0.37424,-0.61378,-0.38833,-0.34563,0.23510,0.48703,-0.68927,0.37149,-0.61429,-0.38535,-0.34577,0.24294,0.47097,-0.69572,0.37496,-0.63293,-0.38423,-0.36987,2.902,3.762,0.549,0.934,-0.290,-0.422,-0.200
5.800000,290,0.24341,0.49707,-0.70381,0.38110,-0.62981,-0.39634,-0.35440,0.24070,0.49779,-0.70492,0.37817,-0.62882,-0.39400,-0.35446,0.24855,0.48185,-0.71179,0.38177,-0.64754,-0.39310,-0.37841,2.935,3.809,0.570,0.914,-0.291,-0.426,-0.207
5.900000,295,0.24989,0.50623,-0.72060,0.38721,-0.64240,-0.40474,-0.36394,0.24620,0.50856,-0.72072,0.38479,-0.64328,-0.40355,-0.36299,0.25425,0.49290,-0.72812,0.38870,-0.66240,-0.40212,-0.38709,2.968,3.856,0.591,0.893,-0.292,-0.429,-0.214
6.000000,300,0.25600,0.51805,-0.73624,0.39445,-0.65804,-0.41580,-0.37195,0.25195,0.51944,-0.73678,0.39163,-0.65815,-0.41305,-0.37181,0.26006,0.50416,-0.74475,0.39575,-0.67753,-0.41131,-0.39594,3.000,3.903,0.612,0.871,-0.293,-0.433,-0.222
6.100000,305,0.25829,0.52873,-0.75340,0.40170,-0.67444,-0.42419,-0.38263,0.25779,0.53044,-0.75311,0.39855,-0.67326,-0.42253,-0.38097,0.26599,0.51565,-0.76173,0.40295,-0.69297,-0.42068,-0.40496,3.031,3.950,0.634,0.848,-0.294,-0.436,-0.230
6.200000,310,0.26668,0.53980,-0.76943,0.40743,-0.68817,-0.43449,-0.39178,0.26369,0.54199,-0.76978,0.40561,-0.68860,-0.43267,-0.38982,0.27206,0.52742,-0.77911,0.41033,-0.70879,-0.43028,-0.41420,3.062,3.997,0.656,0.823,-0.295,-0.440,-0.238
6.300000,315,0.27431,0.55200,-0.78697,0.41467,-0.70725,-0.44594,-0.40170,0.26990,0.55365,-0.78689,0.41288,-0.70429,-0.44285,-0.39927,0.27830,0.53953,-0.79700,0.41792,-0.72507,-0.44017,-0.42371,3.092,4.045,0.679,0.798,-0.297,-0.444,-0.247
6.400000,320,0.27698,0.56345,-0.80529,0.42268,-0.72098,-0.45509,-0.41086,0.27639,0.56606,-0.80508,0.42069,-0.72107,-0.45273,-0.40931,0.28478,0.55208,-0.81554,0.42578,-0.74193,-0.45041,-0.43357,3.123,4.094,0.701,0.771,-0.298,-0.448,-0.257
6.500000,325,0.28728,0.57794,-0.82321,0.43146,-0.73776,-0.46615,-0.42078,0.28309,0.57935,-0.82394,0.42878,-0.73829,-0.46346,-0.41945,0.29154,0.56520,-0.83491,0.43400,-0.75956,-0.46110,-0.44387,3.154,4.145,0.725,0.743,-0.299,-0.451,-0.268
6.600000,330,0.29109,0.58977,-0.84343,0.43947,-0.75836,-0.47607,-0.43070,0.29037,0.59291,-0.84370,0.43730,-0.75622,-0.47469,-0.43044,0.29866,0.57901,-0.85531,0.44265,-0.77811,-0.47237,-0.45471,3.184,4.197,0.749,0.712,-0.300,-0.455,-0.279
6.700000,335,0.29758,0.60427,-0.86480,0.44786,-0.77439,-0.49057,-0.44595,0.29768,0.60708,-0.86422,0.44612,-0.77501,-0.48737,-0.44173,0.30621,0.59363,-0.87691,0.45181,-0.79776,-0.48430,-0.46620,3.214,4.252,0.774,0.678,-0.301,-0.458,-0.291
6.800000,340,0.30902,0.62105,-0.88616,0.45816,-0.79422,-0.50125,-0.45511,0.30554,0.62201,-0.88587,0.45544,-0.79502,-0.50049,-0.45381,0.31421,0.60913,-0.89982,0.46153,-0.81860,-0.49695,-0.47837,3.243,4.308,0.801,0.640,-0.302,-0.461,-0.303
6.900000,345,0.31665,0.63555,-0.91019,0.46694,-0.81711,-0.51651,-0.46999,0.31387,0.63813,-0.90907,0.46549,-0.81641,-0.51371,-0.46675,0.32266,0.62552,-0.92402,0.47179,-0.84062,-0.51032,-0.49124,3.269,4.366,0.828,0.597,-0.302,-0.462,-0.315
7.000000,350,0.32466,0.65195,-0.93422,0.47838,-0.84038,-0.53062,-0.48029,0.32276,0.65525,-0.93393,0.47609,-0.83910,-0.52787,-0.48033,0.33152,0.64270,-0.94940,0.48256,-0.86371,-0.52433,-0.50473,3.292,4.425,0.857,0.551,-0.301,-0.463,-0.327
7.100000,355,0.33306,0.67064,-0.96055,0.48830,-0.86365,-0.54474,-0.49974,0.33185,0.67246,-0.95924,0.48688,-0.86232,-0.54286,-0.49424,0.34071,0.66053,-0.97574,0.49373,-0.88767,-0.53888,-0.51873,3.311,4.484,0.886,0.500,-0.300,-0.463,-0.339
7.200000,360,0.34374,0.68781,-0.98611,0.49936,-0.88883,-0.55885,-0.51500,0.34117,0.69049,-0.98555,0.49809,-0.88658,-0.55770,-0.50874,0.35016,0.67884,-1.00278,0.50520,-0.91228,-0.55381,-0.53311,3.326,4.543,0.916,0.447,-0.298,-0.461,-0.350
7.300000,365,0.35213,0.70536,-1.01357,0.51119,-0.91210,-0.57487,-0.52873,0.35064,0.70842,-1.01212,0.50927,-0.91113,-0.57371,-0.52320,0.35977,0.69747,-1.03030,0.51687,-0.93731,-0.56901,-0.54774,3.336,4.601,0.944,0.391,-0.296,-0.459,-0.360
7.400000,370,0.36243,0.72481,-1.04027,0.52187,-0.93537,-0.58784,-0.54056,0.36009,0.72646,-1.03902,0.52068,-0.93612,-0.58923,-0.53823,0.36948,0.71629,-1.05810,0.52866,-0.96260,-0.58437,-0.56253,3.341,4.658,0.971,0.333,-0.293,-0.457,-0.370
7.500000,375,0.37120,0.74274,-1.06698,0.53369,-0.96093,-0.60616,-0.55658,0.36969,0.74490,-1.06633,0.53216,-0.96145,-0.60478,-0.55297,0.37924,0.73521,-1.08606,0.54052,-0.98804,-0.59981,-0.57739,3.341,4.713,0.997,0.274,-0.290,-0.454,-0.380
7.600000,380,0.37960,0.76143,-1.09444,0.54514,-0.98572,-0.62218,-0.57337,0.37927,0.76301,-1.09343,0.54351,-0.98648,-0.62105,-0.56779,0.38903,0.75418,-1.11409,0.55241,-1.01353,-0.61528,-0.59229,3.336,4.767,1.020,0.214,-0.288,-0.450,-0.389
7.700000,385,0.39028,0.77936,-1.12115,0.55620,-1.01052,-0.63629,-0.58557,0.38878,0.78122,-1.12062,0.55487,-1.01178,-0.63717,-0.58256,0.39882,0.77318,-1.14214,0.56431,-1.03906,-0.63078,-0.60720,3.325,4.819,1.040,0.153,-0.285,-0.447,-0.397
7.800000,390,0.40020,0.79729,-1.14823,0.56764,-1.03532,-0.65384,-0.60121,0.39833,0.79902,-1.14758,0.56619,-1.03681,-0.65322,-0.59749,0.40862,0.79217,-1.17020,0.57621,-1.06458,-0.64627,-0.62212,3.310,4.870,1.058,0.092,-0.283,-0.443,-0.405
7.900000,395,0.40935,0.81560,-1.17417,0.57833,-1.05897,-0.66795,-0.61609,0.40772,0.81696,-1.17454,0.57745,-1.06199,-0.66947,-0.61227,0.41841,0.81115,-1.19823,0.58810,-1.09008,-0.66175,-0.63702,3.289,4.919,1.073,0.031,-0.282,-0.440,-0.412
8.000000,400,0.41851,0.83239,-1.20164,0.58939,-1.08453,-0.68474,-0.63173,0.41735,0.83549,-1.20208,0.58898,-1.08744,-0.68507,-0.62711,0.42818,0.83009,-1.22621,0.59997,-1.11554,-0.67721,-0.65190,3.263,4.967,1.085,-0.029,-0.281,-0.436,-0.418
8.100000,405,0.42690,0.85146,-1.22834,0.59931,-1.11047,-0.70038,-0.64508,0.42681,0.85289,-1.22874,0.60013,-1.11243,-0.70129,-0.64188,0.43792,0.84897,-1.25411,0.61180,-1.14092,-0.69262,-0.66673,3.232,5.014,1.094,-0.090,-0.280,-0.432,-0.423
8.200000,410,0.43682,0.86825,-1.25581,0.61075,-1.13374,-0.71411,-0.65920,0.43603,0.87068,-1.25565,0.61120,-1.13751,-0.71752,-0.65630,0.44760,0.86775,-1.28184,0.62356,-1.16615,-0.70793,-0.68147,3.196,5.059,1.099,-0.150,-0.279,-0.429,-0.428
8.300000,415,0.44597,0.88541,-1.28213,0.62067,-1.15968,-0.73052,-0.67522,0.44527,0.88762,-1.28261,0.62202,-1.16280,-0.73343,-0.67063,0.45720,0.88635,-1.30932,0.63522,-1.19114,-0.72311,-0.69608,3.155,5.102,1.102,-0.209,-0.279,-0.425,-0.431
8.400000,420,0.45589,0.90182,-1.30807,0.63135,-1.18485,-0.74463,-0.68972,0.45395,0.90358,-1.30890,0.63242,-1.18778,-0.74798,-0.68435,0.46660,0.90464,-1.33630,0.64684,-1.21564,-0.73795,-0.71044,3.105,5.141,1.105,-0.261,-0.276,-0.418,-0.432
8.500000,425,0.45742,0.91670,-1.32714,0.64814,-1.20393,-0.75112,-0.69811,0.45811,0.89798,-1.33619,0.64596,-1.21664,-0.74798,-0.69561,0.47056,0.91783,-1.35226,0.66934,-1.22558,-0.74177,-0.71981,2.658,5.100,1.270,-0.210,0.319,0.196,-0.318
8.600000,430,0.45627,0.91364,-1.32867,0.68209,-1.19973,-0.72594,-0.70002,0.44990,0.89311,-1.34000,0.67941,-1.22132,-0.74798,-0.69688,0.46602,0.92592,-1.35123,0.70888,-1.21405,-0.72930,-0.72177,2.506,5.044,1.665,-0.116,0.377,0.217,-0.200
8.700000,435,0.45322,0.90983,-1.32829,0.72138,-1.19286,-0.72365,-0.70002,0.44415,0.89938,-1.33770,0.71882,-1.20995,-0.74506,-0.69836,0.46095,0.93349,-1.34892,0.74875,-1.20113,-0.71632,-0.72348,2.480,4.966,1.712,-0.031,0.367,0.206,-0.217
8.800000,440,0.44826,0.91174,-1.32714,0.75953,-1.17761,-0.71716,-0.70040,0.43909,0.90608,-1.33470,0.75762,-1.19682,-0.73296,-0.70080,0.45606,0.94034,-1.34665,0.78735,-1.18837,-0.70411,-0.72555,2.454,4.892,1.755,0.052,0.357,0.194,-0.231
8.900000,445,0.44712,0.91250,-1.32371,0.79653,-1.16998,-0.70648,-0.70078,0.43443,0.91155,-1.33204,0.79514,-1.18396,-0.72104,-0.70346,0.45140,0.94554,-1.34440,0.82449,-1.17551,-0.69253,-0.72791,2.435,4.774,1.795,0.137,0.348,0.182,-0.243
9.000000,450,0.43758,0.91517,-1.32104,0.83277,-1.15357,-0.69809,-0.70421,0.43005,0.91527,-1.32922,0.83099,-1.17070,-0.71021,-0.70639,0.44699,0.94928,-1.34217,0.86007,-1.16269,-0.68165,-0.73055,2.417,4.654,1.831,0.222,0.337,0.169,-0.253
9.100000,455,0.43415,0.91555,-1.31990,0.86710,-1.14594,-0.68703,-0.70650,0.42582,0.91818,-1.32636,0.86531,-1.15747,-0.69963,-0.70954,0.44280,0.95190,-1.33996,0.89402,-1.15009,-0.67153,-0.73344,2.402,4.522,1.862,0.306,0.327,0.156,-0.261
9.200000,460,0.43186,0.91555,-1.31608,0.90029,-1.13030,-0.67902,-0.71032,0.42183,0.91977,-1.32356,0.89787,-1.14457,-0.69058,-0.71268,0.43883,0.95341,-1.33776,0.92632,-1.13774,-0.66217,-0.73655,2.389,4.377,1.889,0.390,0.317,0.142,-0.268
9.300000,465,0.42575,0.91631,-1.31494,0.93043,-1.12153,-0.67215,-0.71261,0.41812,0.92036,-1.32063,0.92891,-1.13175,-0.68149,-0.71653,0.43507,0.95385,-1.33558,0.95699,-1.12567,-0.65354,-0.73986,2.378,4.231,1.913,0.472,0.307,0.127,-0.272
9.400000,470,0.42003,0.91746,-1.31341,0.95980,-1.10741,-0.66414,-0.71604,0.41447,0.91989,-1.31777,0.95828,-1.11945,-0.67365,-0.72020,0.43151,0.95327,-1.33341,0.98609,-1.11387,-0.64561,-0.74334,2.368,4.081,1.934,0.553,0.298,0.112,-0.276
9.500000,475,0.41927,0.91708,-1.31227,0.98841,-1.09750,-0.65651,-0.71985,0.41111,0.91856,-1.31511,0.98621,-1.10725,-0.66601,-0.72406,0.42814,0.95171,-1.33125,1.01367,-1.10237,-0.63833,-0.74697,2.360,3.939,1.952,0.633,0.289,0.096,-0.279
9.600000,480,0.41507,0.91708,-1.30731,1.01435,-1.08567,-0.65193,-0.72786,0.40794,0.91613,-1.31237,1.01259,-1.09526,-0.65940,-0.72796,0.42494,0.94921,-1.32910,1.03982,-1.09114,-0.63169,-0.75074,2.353,3.805,1.967,0.712,0.280,0.078,-0.281
9.700000,485,0.41469,0.91593,-1.30616,1.03953,-1.07270,-0.64812,-0.73282,0.40482,0.91279,-1.30951,1.03759,-1.08348,-0.65335,-0.73201,0.42190,0.94581,-1.32695,1.06458,-1.08020,-0.62565,-0.75463,2.348,3.678,1.979,0.789,0.271,0.060,-0.282
9.800000,490,0.41164,0.91402,-1.30120,1.06394,-1.06507,-0.64316,-0.73549,0.40201,0.90864,-1.30700,1.06136,-1.07238,-0.64765,-0.73636,0.41900,0.94155,-1.32482,1.08803,-1.06953,-0.62018,-0.75863,2.344,3.558,1.989,0.866,0.262,0.041,-0.282
9.900000,495,0.40401,0.91174,-1.30044,1.08493,-1.05248,-0.63782,-0.73931,0.39924,0.90370,-1.30453,1.08383,-1.06169,-0.64249,-0.74079,0.41625,0.93646,-1.32270,1.11021,-1.05915,-0.61525,-0.76273,2.341,3.442,1.996,0.941,0.254,0.020,-0.283
10.000000,500,0.40363,0.90411,-1.30006,1.10705,-1.04294,-0.63286,-0.74236,0.39660,0.89815,-1.30219,1.10512,-1.05116,-0.63762,-0.74504,0.41364,0.93056,-1.32060,1.13116,-1.04904,-0.61085,-0.76692,2.340,3.332,2.002,1.015,0.246,-0.002,-0.283
10.100000,505,0.40058,0.89419,-1.29548,1.12765,-1.03608,-0.62866,-0.74885,0.39419,0.89163,-1.29998,1.12520,-1.04100,-0.63350,-0.74951,0.41115,0.92391,-1.31851,1.15094,-1.03922,-0.60694,-0.77118,2.339,3.223,2.005,1.087,0.238,-0.025,-0.282
10.200000,510,0.40020,0.89190,-1.29510,1.14634,-1.02158,-0.62752,-0.75419,0.39163,0.88387,-1.29704,1.14382,-1.03043,-0.63052,-0.75426,0.40880,0.91633,-1.31645,1.16943,-1.02967,-0.60353,-0.77550,2.345,3.110,2.006,1.157,0.231,-0.052,-0.280
10.300000,515,0.39791,0.88084,-1.29281,1.16198,-1.01624,-0.62637,-0.75800,0.38958,0.87507,-1.29485,1.16083,-1.02072,-0.62700,-0.75841,0.40668,0.90710,-1.31442,1.18612,-1.02035,-0.60067,-0.77983,2.355,2.994,2.004,1.227,0.223,-0.081,-0.278
10.400000,520,0.39791,0.87015,-1.28862,1.17877,-1.00823,-0.62370,-0.76143,0.38760,0.86472,-1.29261,1.17644,-1.01120,-0.62451,-0.76332,0.40471,0.89678,-1.31242,1.20147,-1.01128,-0.59829,-0.78419,2.361,2.886,2.002,1.297,0.216,-0.105,-0.277
10.500000,525,0.39257,0.85871,-1.28594,1.19288,-0.99564,-0.62332,-0.76449,0.38561,0.85448,-1.29046,1.19154,-1.00219,-0.62235,-0.76784,0.40275,0.88645,-1.31043,1.21638,-1.00249,-0.59626,-0.78864,2.359,2.784,1.998,1.367,0.209,-0.126,-0.277
10.600000,530,0.38761,0.84574,-1.28404,1.20776,-0.98992,-0.62256,-0.76868,0.38366,0.84437,-1.28845,1.20635,-0.99346,-0.62033,-0.77262,0.40078,0.87615,-1.30846,1.23092,-0.99398,-0.59458,-0.79320,2.361,2.681,1.994,1.433,0.201,-0.150,-0.277
10.700000,535,0.38684,0.83773,-1.28213,1.22149,-0.98153,-0.62180,-0.77555,0.38161,0.83340,-1.28602,1.22024,-0.98448,-0.61911,-0.77769,0.39889,0.86529,-1.30651,1.24463,-0.98572,-0.59329,-0.79781,2.367,2.575,1.988,1.498,0.195,-0.176,-0.276
10.800000,540,0.38646,0.82667,-1.28022,1.23408,-0.97008,-0.62065,-0.78318,0.37974,0.82194,-1.28385,1.23326,-0.97597,-0.61792,-0.78264,0.39708,0.85374,-1.30460,1.25742,-0.97771,-0.59239,-0.80247,2.373,2.468,1.980,1.561,0.188,-0.202,-0.274
10.900000,545,0.38379,0.81332,-1.27755,1.24591,-0.96474,-0.62065,-0.78661,0.37803,0.80983,-1.28181,1.24537,-0.96792,-0.61726,-0.78763,0.39535,0.84153,-1.30272,1.26929,-0.96996,-0.59187,-0.80715,2.380,2.360,1.970,1.622,0.181,-0.227,-0.272
11.000000,550,0.38150,0.79958,-1.27564,1.25735,-0.95978,-0.62065,-0.79043,0.37629,0.79708,-1.27988,1.25653,-0.96013,-0.61688,-0.79264,0.39371,0.82866,-1.30089,1.28024,-0.96248,-0.59172,-0.81186,2.389,2.251,1.959,1.681,0.174,-0.253,-0.270
11.100000,555,0.38150,0.78776,-1.27450,1.26727,-0.94758,-0.62103,-0.79500,0.37462,0.78365,-1.27786,1.26672,-0.95254,-0.61710,-0.79744,0.39215,0.81518,-1.29910,1.29027,-0.95528,-0.59194,-0.81657,2.399,2.141,1.946,1.737,0.166,-0.279,-0.268
11.200000,560,0.38150,0.77326,-1.27374,1.27719,-0.94109,-0.62103,-0.80149,0.37315,0.76975,-1.27605,1.27606,-0.94530,-0.61738,-0.80210,0.39068,0.80110,-1.29737,1.29937,-0.94838,-0.59250,-0.82127,2.410,2.030,1.932,1.789,0.158,-0.302,-0.265
11.300000,565,0.37731,0.75609,-1.27069,1.28482,-0.93766,-0.62180,-0.80874,0.37184,0.75526,-1.27444,1.28451,-0.93848,-0.61785,-0.80711,0.38930,0.78644,-1.29570,1.30756,-0.94177,-0.59341,-0.82596,2.422,1.918,1.916,1.839,0.150,-0.323,-0.262
11.400000,570,0.37311,0.74236,-1.26916,1.29245,-0.93232,-0.62294,-0.81026,0.37036,0.73988,-1.27246,1.29194,-0.93160,-0.61929,-0.81253,0.38800,0.77124,-1.29409,1.31483,-0.93547,-0.59465,-0.83063,2.434,1.805,1.899,1.883,0.142,-0.343,-0.259
11.500000,575,0.37082,0.72786,-1.26840,1.29779,-0.92202,-0.62447,-0.81599,0.36895,0.72409,-1.27059,1.29840,-0.92516,-0.62084,-0.81739,0.38678,0.75549,-1.29255,1.32119,-0.92948,-0.59621,-0.83527,2.447,1.690,1.881,1.923,0.133,-0.361,-0.256
11.600000,580,0.37082,0.70841,-1.26725,1.30351,-0.91591,-0.62637,-0.82018,0.36785,0.70813,-1.26920,1.30408,-0.91918,-0.62224,-0.82182,0.38566,0.73922,-1.29108,1.32662,-0.92381,-0.59808,-0.83987,2.461,1.575,1.861,1.955,0.124,-0.377,-0.252
11.700000,585,0.37044,0.69429,-1.26725,1.30885,-0.91362,-0.62752,-0.82400,0.36676,0.69130,-1.26763,1.30885,-0.91336,-0.62413,-0.82724,0.38462,0.72245,-1.28969,1.33116,-0.91845,-0.60024,-0.84442,2.476,1.458,1.840,1.981,0.114,-0.392,-0.249
11.800000,590,0.37044,0.67560,-1.26725,1.31152,-0.91057,-0.62943,-0.82934,0.36581,0.67445,-1.26662,1.31275,-0.90846,-0.62602,-0.83162,0.38367,0.70521,-1.28838,1.33481,-0.91341,-0.60267,-0.84891,2.492,1.341,1.818,1.997,0.104,-0.406,-0.245
11.900000,595,0.37044,0.65805,-1.26725,1.31496,-0.90714,-0.63095,-0.83506,0.36490,0.65670,-1.26534,1.31568,-0.90338,-0.62864,-0.83651,0.38280,0.68750,-1.28715,1.33757,-0.90868,-0.60538,-0.85335,2.509,1.222,1.794,2.005,0.093,-0.418,-0.242
12.000000,600,0.37044,0.64089,-1.26649,1.31572,-0.89951,-0.63400,-0.83887,0.36400,0.63856,-1.26408,1.31766,-0.89858,-0.63167,-0.84099,0.38202,0.66934,-1.28600,1.33944,-0.90427,-0.60833,-0.85773,2.526,1.102,1.769,2.004,0.081,-0.429,-0.238
12.100000,605,0.37006,0.62067,-1.26267,1.31610,-0.89226,-0.63820,-0.84269,0.36328,0.61995,-1.26289,1.31876,-0.89398,-0.63478,-0.84532,0.38133,0.65073,-1.28494,1.34044,-0.90017,-0.61154,-0.86204,2.544,0.980,1.743,1.996,0.069,-0.439,-0.234
12.200000,610,0.36815,0.60236,-1.26229,1.31686,-0.88883,-0.64240,-0.84727,0.36263,0.60088,-1.26188,1.31904,-0.88984,-0.63798,-0.85010,0.38073,0.63168,-1.28397,1.34056,-0.89639,-0.61497,-0.86628,2.563,0.857,1.716,1.986,0.057,-0.447,-0.230
12.300000,615,0.36510,0.58214,-1.26153,1.31686,-0.88807,-0.64697,-0.85375,0.36210,0.58151,-1.26108,1.31845,-0.88615,-0.64124,-0.85444,0.38021,0.61218,-1.28308,1.33979,-0.89291,-0.61863,-0.87045,2.582,0.732,1.687,1.975,0.043,-0.455,-0.226
12.400000,620,0.36510,0.56230,-1.26153,1.31686,-0.88540,-0.65041,-0.85795,0.36157,0.56162,-1.26028,1.31695,-0.88279,-0.64501,-0.85883,0.37979,0.59226,-1.28229,1.33814,-0.88973,-0.62250,-0.87454,2.602,0.606,1.657,1.965,0.029,-0.462,-0.222
12.500000,625,0.36510,0.54247,-1.26153,1.31648,-0.88501,-0.65384,-0.86214,0.36117,0.54131,-1.25951,1.31449,-0.87949,-0.64890,-0.86314,0.37947,0.57191,-1.28159,1.33558,-0.88687,-0.62657,-0.87855,2.625,0.478,1.625,1.953,0.012,-0.466,-0.216
12.600000,630,0.36510,0.52225,-1.26153,1.31648,-0.88387,-0.65689,-0.86520,0.36103,0.52079,-1.25905,1.31073,-0.87687,-0.65284,-0.86727,0.37936,0.55130,-1.28106,1.33160,-0.88445,-0.63076,-0.88230,2.658,0.350,1.585,1.926,-0.015,-0.467,-0.201
12.700000,635,0.36510,0.50127,-1.26153,1.31267,-0.88158,-0.65880,-0.86825,0.36110,0.50010,-1.25876,1.30513,-0.87477,-0.65682,-0.87110,0.37952,0.53055,-1.28074,1.32585,-0.88255,-0.63500,-0.88567,2.689,0.225,1.548,1.927,-0.039,-0.469,-0.189
12.800000,640,0.36510,0.47876,-1.26077,1.30694,-0.88082,-0.66490,-0.86939,0.36128,0.47902,-1.25854,1.29879,-0.87274,-0.66114,-0.87453,0.37974,0.50943,-1.28048,1.31945,-0.88088,-0.63941,-0.88901,2.703,0.097,1.522,1.959,-0.042,-0.475,-0.197
12.900000,645,0.36510,0.45854,-1.26077,1.30122,-0.87700,-0.66872,-0.87359,0.36130,0.45735,-1.25845,1.29272,-0.87114,-0.66575,-0.87817,0.37983,0.48773,-1.28017,1.31329,-0.87921,-0.64409,-0.89262,2.713,-0.037,1.495,1.993,-0.045,-0.481,-0.205
13.000000,650,0.36510,0.43565,-1.26077,1.29550,-0.87243,-0.67444,-0.87855,0.36131,0.43514,-1.25819,1.28614,-0.86933,-0.67057,-0.88190,0.37994,0.46554,-1.27989,1.30669,-0.87773,-0.64899,-0.89631,2.734,-0.175,1.460,2.012,-0.061,-0.484,-0.203
13.100000,655,0.36510,0.41391,-1.26077,1.28711,-0.86937,-0.67940,-0.88084,0.36154,0.41264,-1.25829,1.27879,-0.86811,-0.67517,-0.88572,0.38014,0.44283,-1.27970,1.29913,-0.87651,-0.65405,-0.89994,2.757,-0.315,1.423,2.031,-0.077,-0.487,-0.200
13.200000,660,0.36510,0.38950,-1.26077,1.27833,-0.86823,-0.68398,-0.88694,0.36180,0.38917,-1.25824,1.27025,-0.86681,-0.68026,-0.88986,0.38047,0.41940,-1.27960,1.29047,-0.87558,-0.65933,-0.90352,2.782,-0.461,1.384,2.051,-0.095,-0.491,-0.197
13.300000,665,0.36548,0.36546,-1.26077,1.26803,-0.86670,-0.68855,-0.89075,0.36224,0.36480,-1.25826,1.26007,-0.86584,-0.68568,-0.89360,0.38099,0.39510,-1.27965,1.28024,-0.87500,-0.66480,-0.90697,2.818,-0.612,1.336,2.068,-0.122,-0.493,-0.186
13.400000,670,0.36510,0.33990,-1.26077,1.25583,-0.86670,-0.69428,-0.89266,0.36302,0.33978,-1.25885,1.24753,-0.86597,-0.69101,-0.89643,0.38184,0.36989,-1.27992,1.26773,-0.87489,-0.67043,-0.91015,2.853,-0.767,1.288,2.087,-0.149,-0.497,-0.179
13.500000,675,0.36548,0.31358,-1.26077,1.24133,-0.86670,-0.70191,-0.89495,0.36374,0.31281,-1.25957,1.23351,-0.86663,-0.69733,-0.89951,0.38275,0.34319,-1.28024,1.25396,-0.87503,-0.67649,-0.91348,2.862,-0.932,1.266,2.116,-0.139,-0.502,-0.196
13.600000,680,0.36548,0.28802,-1.26077,1.23218,-0.86632,-0.70648,-0.89838,0.36382,0.28992,-1.25932,1.22749,-0.86696,-0.70298,-0.90221,0.38317,0.32124,-1.27883,1.24881,-0.87320,-0.68100,-0.91692,2.825,-1.034,1.440,2.747,0.083,-0.321,-0.163
13.700000,685,0.36510,0.27734,-1.25581,1.24896,-0.86098,-0.70000,-0.89838,0.36276,0.28769,-1.25571,1.24702,-0.86488,-0.70238,-0.90328,0.38276,0.32051,-1.27243,1.26959,-0.86554,-0.67863,-0.91865,2.792,-0.440,1.539,2.859,0.162,0.015,-0.048
13.800000,690,0.36510,0.28383,-1.24475,1.28253,-0.85526,-0.68894,-0.89800,0.36158,0.29680,-1.24823,1.27933,-0.85722,-0.69710,-0.90459,0.38208,0.33051,-1.26366,1.30231,-0.85518,-0.67274,-0.91922,2.791,-0.383,1.563,2.895,0.166,0.036,-0.033
13.900000,695,0.36510,0.29336,-1.23559,1.31610,-0.84267,-0.68207,-0.89800,0.36066,0.30702,-1.23927,1.31309,-0.84708,-0.69125,-0.90542,0.38139,0.34092,-1.25465,1.33601,-0.84452,-0.66666,-0.91978,2.792,-0.338,1.583,2.924,0.166,0.041,-0.031
14.000000,700,0.36510,0.30557,-1.22720,1.34967,-0.83428,-0.67749,-0.89800,0.35991,0.31739,-1.22980,1.34699,-0.83620,-0.68503,-0.90651,0.38069,0.35133,-1.24564,1.36968,-0.83387,-0.66058,-0.92035,2.792,-0.295,1.598,2.949,0.164,0.043,-0.028
14.100000,705,0.36510,0.31663,-1.21766,1.38362,-0.82474,-0.67215,-0.89838,0.35920,0.32830,-1.22049,1.37921,-0.82523,-0.67915,-0.90810,0.38004,0.36239,-1.23721,1.40161,-0.82381,-0.65462,-0.92058,2.799,-0.233,1.595,2.961,0.153,0.045,0.051
14.200000,710,0.36510,0.32884,-1.21194,1.40918,-0.81368,-0.66605,-0.89762,0.35855,0.34824,-1.21344,1.40187,-0.81550,-0.67350,-0.90823,0.37949,0.38267,-1.23267,1.42384,-0.81741,-0.64864,-0.91788,2.798,-0.083,1.456,2.934,0.063,0.045,0.226
14.300000,715,0.36510,0.35936,-1.21194,1.42101,-0.81101,-0.66032,-0.89457,0.35772,0.37616,-1.20977,1.41628,-0.80899,-0.66818,-0.90650,0.37882,0.41101,-1.23162,1.43805,-0.81439,-0.64277,-0.91305,2.792,0.112,1.403,2.898,0.003,0.036,0.238
14.400000,720,0.36472,0.38950,-1.21194,1.43131,-0.80986,-0.65537,-0.89381,0.35706,0.40404,-1.20805,1.42865,-0.80535,-0.66286,-0.90164,0.37815,0.43877,-1.23104,1.45044,-0.81212,-0.63729,-0.90829,2.782,0.295,1.424,2.865,-0.012,0.021,0.219
14.500000,725,0.36472,0.41658,-1.21194,1.44313,-0.80948,-0.65231,-0.88999,0.35647,0.43022,-1.20705,1.44049,-0.80294,-0.65794,-0.89692,0.37741,0.46481,-1.23049,1.46223,-0.81019,-0.63228,-0.90401,2.779,0.466,1.440,2.833,-0.027,0.009,0.207
14.600000,730,0.36434,0.44176,-1.21079,1.45305,-0.80719,-0.64888,-0.88656,0.35613,0.45546,-1.20631,1.45052,-0.80101,-0.65308,-0.89239,0.37695,0.48992,-1.23017,1.47216,-0.80871,-0.62743,-0.89953,2.796,0.632,1.443,2.789,-0.051,0.003,0.215
14.700000,735,0.36434,0.46655,-1.21041,1.46144,-0.80643,-0.64583,-0.88236,0.35607,0.48001,-1.20586,1.45876,-0.79956,-0.64836,-0.88748,0.37676,0.51439,-1.23009,1.48034,-0.80767,-0.62271,-0.89479,2.802,0.794,1.453,2.745,-0.068,-0.005,0.213
14.800000,740,0.36434,0.49211,-1.21041,1.46831,-0.80643,-0.64049,-0.87511,0.35605,0.50382,-1.20539,1.46593,-0.79841,-0.64399,-0.88302,0.37669,0.53820,-1.23014,1.48750,-0.80698,-0.61816,-0.88999,2.805,0.952,1.463,2.700,-0.083,-0.013,0.209
14.900000,745,0.36434,0.51615,-1.21041,1.47403,-0.80643,-0.63477,-0.87130,0.35619,0.52718,-1.20520,1.47217,-0.79763,-0.63971,-0.87809,0.37674,0.56153,-1.23032,1.49373,-0.80662,-0.61377,-0.88512,2.807,1.106,1.473,2.650,-0.099,-0.021,0.207
15.000000,750,0.36472,0.53942,-1.21041,1.47975,-0.80643,-0.63019,-0.86748,0.35644,0.55021,-1.20524,1.47752,-0.79732,-0.63546,-0.87292,0.37689,0.58445,-1.23063,1.49907,-0.80660,-0.60953,-0.88016,2.810,1.257,1.482,2.594,-0.114,-0.029,0.204
15.100000,755,0.36434,0.56154,-1.21041,1.48319,-0.80643,-0.62714,-0.86367,0.35682,0.57281,-1.20528,1.48200,-0.79718,-0.63154,-0.86782,0.37714,0.60704,-1.23107,1.50355,-0.80690,-0.60543,-0.87508,2.812,1.405,1.490,2.531,-0.130,-0.037,0.202
15.200000,760,0.36472,0.58557,-1.21003,1.48586,-0.80643,-0.62523,-0.85986,0.35722,0.59500,-1.20533,1.48560,-0.79725,-0.62781,-0.86280,0.37750,0.62932,-1.23163,1.50721,-0.80754,-0.60149,-0.86990,2.814,1.550,1.496,2.461,-0.146,-0.045,0.200
15.300000,765,0.36472,0.60732,-1.21041,1.48815,-0.80643,-0.62180,-0.85261,0.35779,0.61704,-1.20572,1.48839,-0.79794,-0.62413,-0.85741,0.37795,0.65129,-1.23232,1.51001,-0.80852,-0.59772,-0.86458,2.816,1.694,1.503,2.383,-0.162,-0.054,0.198
15.400000,770,0.36472,0.63059,-1.21041,1.48891,-0.80681,-0.61989,-0.84841,0.35843,0.63875,-1.20624,1.49033,-0.79887,-0.62062,-0.85175,0.37850,0.67295,-1.23314,1.51198,-0.80985,-0.59412,-0.85913,2.817,1.835,1.508,2.299,-0.177,-0.063,0.196
15.500000,775,0.36472,0.65195,-1.21041,1.49005,-0.80719,-0.61913,-0.84116,0.35919,0.66008,-1.20677,1.49139,-0.80005,-0.61744,-0.84599,0.37914,0.69431,-1.23407,1.51312,-0.81153,-0.59072,-0.85356,2.818,1.974,1.513,2.206,-0.193,-0.073,0.194
15.600000,780,0.36472,0.67408,-1.21041,1.49082,-0.80719,-0.61493,-0.83620,0.36006,0.68120,-1.20764,1.49171,-0.80194,-0.61416,-0.84020,0.37987,0.71534,-1.23514,1.51341,-0.81356,-0.58751,-0.84786,2.819,2.110,1.518,2.110,-0.208,-0.084,0.192
15.700000,785,0.36472,0.69391,-1.21041,1.49082,-0.80986,-0.61073,-0.83010,0.36097,0.70205,-1.20869,1.49131,-0.80419,-0.61117,-0.83425,0.38066,0.73605,-1.23630,1.51302,-0.81592,-0.58453,-0.84209,2.812,2.245,1.525,2.047,-0.216,-0.096,0.186
15.800000,790,0.36510,0.71604,-1.21041,1.49082,-0.81063,-0.60730,-0.82514,0.36174,0.72244,-1.20960,1.49102,-0.80646,-0.60867,-0.82865,0.38133,0.75649,-1.23745,1.51280,-0.81841,-0.58181,-0.83654,2.795,2.375,1.537,2.027,-0.216,-0.110,0.173
15.900000,795,0.36510,0.73588,-1.21041,1.49082,-0.81101,-0.60425,-0.81827,0.36245,0.74261,-1.21049,1.49074,-0.80877,-0.60631,-0.82304,0.38192,0.77663,-1.23861,1.51258,-0.82107,-0.57934,-0.83116,2.789,2.502,1.541,1.944,-0.225,-0.123,0.170
16.000000,800,0.36510,0.75686,-1.21041,1.49082,-0.81368,-0.60387,-0.81408,0.36339,0.76229,-1.21150,1.48915,-0.81133,-0.60411,-0.81723,0.38270,0.79628,-1.23994,1.51101,-0.82418,-0.57712,-0.82550,2.798,2.627,1.535,1.790,-0.246,-0.136,0.175
16.100000,805,0.36510,0.77555,-1.21041,1.49043,-0.81482,-0.60349,-0.80797,0.36456,0.78142,-1.21270,1.48569,-0.81459,-0.60226,-0.81113,0.38376,0.81537,-1.24150,1.50757,-0.82785,-0.57515,-0.81941,2.805,2.750,1.532,1.672,-0.262,-0.152,0.177
16.200000,810,0.36548,0.79539,-1.21041,1.48738,-0.81787,-0.60196,-0.80378,0.36586,0.79999,-1.21406,1.48105,-0.81821,-0.60065,-0.80492,0.38496,0.83390,-1.24319,1.50296,-0.83192,-0.57348,-0.81313,2.804,2.872,1.534,1.591,-0.270,-0.169,0.174
16.300000,815,0.36548,0.81255,-1.21041,1.48090,-0.82093,-0.60120,-0.79615,0.36729,0.81807,-1.21567,1.47554,-0.82234,-0.59936,-0.79831,0.38623,0.85189,-1.24497,1.49748,-0.83632,-0.57212,-0.80677,2.803,2.991,1.535,1.516,-0.277,-0.187,0.170
16.400000,820,0.36586,0.83048,-1.21041,1.47556,-0.83199,-0.60081,-0.78928,0.36881,0.83555,-1.21737,1.46919,-0.82673,-0.59806,-0.79200,0.38758,0.86932,-1.24683,1.49114,-0.84105,-0.57108,-0.80033,2.801,3.106,1.536,1.444,-0.283,-0.207,0.166
16.500000,825,0.36815,0.84879,-1.21041,1.46793,-0.83695,-0.60081,-0.78470,0.37033,0.85248,-1.21910,1.46188,-0.83159,-0.59757,-0.78505,0.38900,0.88618,-1.24876,1.48394,-0.84610,-0.57037,-0.79383,2.799,3.220,1.536,1.374,-0.288,-0.227,0.163
16.600000,830,0.36815,0.86367,-1.21118,1.45953,-0.84038,-0.60081,-0.77784,0.37201,0.86886,-1.22105,1.45377,-0.83683,-0.59729,-0.77794,0.39049,0.90246,-1.25075,1.47587,-0.85147,-0.57001,-0.78727,2.797,3.331,1.537,1.306,-0.292,-0.248,0.159
16.700000,835,0.36968,0.88084,-1.21156,1.45114,-0.84153,-0.60081,-0.76945,0.37351,0.88438,-1.22266,1.44466,-0.84200,-0.59767,-0.77175,0.39205,0.91814,-1.25281,1.46694,-0.85715,-0.56999,-0.78065,2.795,3.439,1.536,1.239,-0.295,-0.269,0.155
16.800000,840,0.37158,0.89610,-1.21232,1.44046,-0.84801,-0.60120,-0.76220,0.37540,0.89970,-1.22484,1.43483,-0.84786,-0.59764,-0.76440,0.39369,0.93322,-1.25492,1.45713,-0.86312,-0.57034,-0.77398,2.793,3.545,1.536,1.172,-0.298,-0.290,0.151
16.900000,845,0.37349,0.91059,-1.21461,1.42940,-0.86022,-0.60158,-0.75533,0.37727,0.91433,-1.22701,1.42413,-0.85401,-0.59827,-0.75747,0.39540,0.94767,-1.25708,1.44644,-0.86939,-0.57106,-0.76727,2.790,3.648,1.535,1.105,-0.300,-0.312,0.147
17.000000,850,0.37387,0.92547,-1.21804,1.41643,-0.86365,-0.60234,-0.75113,0.37909,0.92789,-1.22880,1.41237,-0.86008,-0.59992,-0.75090,0.39718,0.96148,-1.25928,1.43487,-0.87594,-0.57215,-0.76052,2.788,3.749,1.534,1.038,-0.302,-0.333,0.143
17.100000,855,0.37426,0.93882,-1.21804,1.40269,-0.86785,-0.60425,-0.74236,0.38107,0.94111,-1.23095,1.39978,-0.86675,-0.60149,-0.74369,0.39904,0.97464,-1.26152,1.42241,-0.88277,-0.57364,-0.75375,2.786,3.848,1.533,0.970,-0.303,-0.354,0.138
17.200000,860,0.38074,0.95179,-1.21995,1.38896,-0.87510,-0.60501,-0.73588,0.38307,0.95372,-1.23315,1.38635,-0.87361,-0.60340,-0.73639,0.40096,0.98713,-1.26378,1.40907,-0.88986,-0.57552,-0.74695,2.784,3.944,1.531,0.902,-0.304,-0.373,0.134
17.300000,865,0.38456,0.96476,-1.22415,1.37447,-0.88578,-0.60616,-0.72939,0.38533,0.96554,-1.23542,1.37208,-0.88072,-0.60560,-0.72970,0.40297,0.99894,-1.26605,1.39483,-0.89721,-0.57781,-0.74015,2.782,4.038,1.529,0.832,-0.304,-0.392,0.130
17.400000,870,0.38494,0.97621,-1.22491,1.35883,-0.89035,-0.61150,-0.72481,0.38753,0.97671,-1.23766,1.35673,-0.88812,-0.60849,-0.72214,0.40505,1.01005,-1.26834,1.37969,-0.90481,-0.58050,-0.73333,2.780,4.129,1.526,0.762,-0.304,-0.408,0.126
17.500000,875,0.38532,0.98612,-1.23025,1.34204,-0.89531,-0.61378,-0.71337,0.38976,0.98722,-1.23991,1.34063,-0.89589,-0.61155,-0.71522,0.40720,1.02047,-1.27064,1.36365,-0.91264,-0.58361,-0.72652,2.778,4.217,1.523,0.691,-0.304,-0.424,0.121
17.600000,880,0.38799,0.99642,-1.23139,1.32564,-0.90600,-0.62065,-0.70765,0.39216,0.99690,-1.24216,1.32351,-0.90351,-0.61517,-0.70805,0.40944,1.03015,-1.27293,1.34668,-0.92071,-0.58715,-0.71971,2.777,4.303,1.520,0.620,-0.304,-0.438,0.117
17.700000,885,0.39028,1.00443,-1.23139,1.30771,-0.91630,-0.62447,-0.70192,0.39469,1.00595,-1.24460,1.30553,-0.91183,-0.61906,-0.70090,0.41177,1.03909,-1.27521,1.32877,-0.92899,-0.59113,-0.71292,2.776,4.385,1.516,0.547,-0.303,-0.451,0.112
17.800000,890,0.39066,1.01664,-1.23712,1.28749,-0.92125,-0.62828,-0.69391,0.39712,1.01413,-1.24680,1.28656,-0.92023,-0.62359,-0.69430,0.41418,1.04730,-1.27748,1.30992,-0.93750,-0.59555,-0.70615,2.775,4.464,1.511,0.474,-0.302,-0.462,0.108
17.900000,895,0.39676,1.02084,-1.23979,1.26803,-0.92812,-0.63133,-0.68743,0.39975,1.02180,-1.24921,1.26660,-0.92883,-0.62841,-0.68669,0.41669,1.05474,-1.27973,1.29010,-0.94621,-0.60043,-0.69940,2.775,4.539,1.505,0.399,-0.301,-0.471,0.104
18.000000,900,0.40134,1.02999,-1.24284,1.24705,-0.94224,-0.63782,-0.67980,0.40257,1.02832,-1.25132,1.24564,-0.93722,-0.63392,-0.68004,0.41930,1.06142,-1.28196,1.26930,-0.95513,-0.60577,-0.69267,2.776,4.609,1.499,0.324,-0.300,-0.479,0.099
18.100000,905,0.40172,1.03419,-1.24436,1.22416,-0.94643,-0.64468,-0.67598,0.40540,1.03434,-1.25364,1.22366,-0.94634,-0.63976,-0.67263,0.42201,1.06731,-1.28415,1.24748,-0.96425,-0.61160,-0.68598,2.777,4.674,1.492,0.248,-0.299,-0.485,0.095
18.200000,910,0.40477,1.03648,-1.24627,1.20166,-0.95368,-0.65079,-0.66874,0.40838,1.03950,-1.25599,1.20073,-0.95563,-0.64600,-0.66583,0.42484,1.07241,-1.28631,1.22461,-0.97357,-0.61791,-0.67931,2.778,4.733,1.483,0.172,-0.298,-0.490,0.091
18.300000,915,0.40744,1.04678,-1.24932,1.17724,-0.96818,-0.65765,-0.65958,0.41132,1.04365,-1.25793,1.17655,-0.96465,-0.65311,-0.65937,0.42779,1.07671,-1.28844,1.20065,-0.98310,-0.62473,-0.67268,2.781,4.784,1.473,0.094,-0.296,-0.494,0.086
18.400000,920,0.41240,1.05059,-1.25123,1.15130,-0.97504,-0.66452,-0.65271,0.41450,1.04724,-1.26015,1.15129,-0.97430,-0.66040,-0.65200,0.43087,1.08017,-1.29052,1.17555,-0.99284,-0.63209,-0.66608,2.784,4.826,1.462,0.015,-0.295,-0.497,0.082
18.500000,925,0.41774,1.05097,-1.25276,1.12460,-0.98572,-0.67253,-0.64814,0.41796,1.04995,-1.26243,1.12488,-0.98406,-0.66812,-0.64503,0.43410,1.08278,-1.29257,1.14924,-1.00279,-0.64002,-0.65951,2.789,4.860,1.449,-0.064,-0.293,-0.499,0.078
18.600000,930,0.41851,1.05097,-1.25619,1.09637,-0.99564,-0.68131,-0.63974,0.42151,1.05181,-1.26466,1.09717,-0.99430,-0.67657,-0.63842,0.43750,1.08453,-1.29456,1.12163,-1.01297,-0.64854,-0.65296,2.794,4.885,1.434,-0.145,-0.291,-0.500,0.074
18.700000,935,0.42232,1.05136,-1.25772,1.06623,-1.00213,-0.68894,-0.63211,0.42509,1.05262,-1.26670,1.06797,-1.00444,-0.68601,-0.63151,0.44108,1.08537,-1.29652,1.09263,-1.02339,-0.65770,-0.64644,2.801,4.902,1.417,-0.227,-0.289,-0.500,0.071
18.800000,940,0.42385,1.05097,-1.25772,1.03533,-1.01815,-0.69962,-0.62716,0.42915,1.05249,-1.26875,1.03737,-1.01472,-0.69558,-0.62483,0.44487,1.08525,-1.29842,1.06214,-1.03407,-0.66754,-0.63993,2.810,4.900,1.398,-0.311,-0.287,-0.499,0.066
18.900000,945,0.42957,1.05097,-1.26344,1.00253,-1.02463,-0.70915,-0.62334,0.43318,1.05072,-1.27067,1.00503,-1.02533,-0.70607,-0.61813,0.44896,1.08344,-1.30026,1.02999,-1.04486,-0.67794,-0.63349,2.825,4.853,1.377,-0.394,-0.283,-0.497,0.062
19.000000,950,0.43567,1.05059,-1.26382,0.96858,-1.03570,-0.71907,-0.61647,0.43764,1.04768,-1.27282,0.97090,-1.03627,-0.71726,-0.61124,0.45332,1.08045,-1.30205,0.99614,-1.05590,-0.68908,-0.62707,2.836,4.920,1.348,-0.477,-0.282,-0.496,0.059
19.100000,955,0.43987,1.05059,-1.26535,0.93195,-1.04867,-0.73281,-0.60503,0.44204,1.04460,-1.27486,0.93486,-1.04819,-0.73010,-0.60389,0.45784,1.07759,-1.30384,0.96065,-1.06747,-0.70133,-0.62064,2.846,4.952,1.317,-0.565,-0.279,-0.494,0.054
19.200000,960,0.44101,1.04983,-1.26992,0.89419,-1.05897,-0.74425,-0.59969,0.44669,1.04067,-1.27754,0.89814,-1.06095,-0.74336,-0.59638,0.46259,1.07412,-1.30549,0.92463,-1.07888,-0.71404,-0.61426,2.847,5.156,1.317,-0.637,-0.263,-0.481,0.053
19.300000,965,0.44941,1.05136,-1.27069,0.87588,-1.06583,-0.75150,-0.59053,0.44958,1.04822,-1.28104,0.89020,-1.06994,-0.74798,-0.58664,0.46642,1.08285,-1.30481,0.91860,-1.08008,-0.71711,-0.60723,2.770,5.581,1.556,0.030,0.340,0.106,0.069
19.400000,970,0.45131,1.06852,-1.27069,0.91746,-1.04790,-0.72937,-0.57909,0.45122,1.06989,-1.28316,0.92079,-1.06794,-0.73963,-0.57785,0.46906,1.10567,-1.30125,0.95030,-1.06824,-0.70739,-0.59937,2.725,5.605,1.663,0.075,0.360,0.147,0.076
19.500000,975,0.45169,1.09217,-1.27030,0.95446,-1.04256,-0.71640,-0.57222,0.45383,1.09367,-1.28061,0.95514,-1.05716,-0.72862,-0.57043,0.47168,1.12953,-1.29749,0.98445,-1.05554,-0.69684,-0.59136,2.693,5.617,1.736,0.097,0.356,0.145,0.080
19.600000,980,0.45360,1.11773,-1.27030,0.98879,-1.02845,-0.70572,-0.56421,0.45643,1.11765,-1.27664,0.98932,-1.04449,-0.71832,-0.56208,0.47429,1.15335,-1.29374,1.01855,-1.04285,-0.68631,-0.58336,2.656,5.625,1.804,0.117,0.350,0.143,0.082
19.700000,985,0.45665,1.14024,-1.26954,1.02236,-1.01891,-0.69809,-0.55506,0.45918,1.14122,-1.27267,1.02303,-1.03169,-0.70787,-0.55385,0.47686,1.17675,-1.29005,1.05205,-1.03039,-0.67596,-0.57551,2.615,5.629,1.867,0.133,0.345,0.140,0.082
19.800000,990,0.45704,1.16351,-1.26954,1.05593,-1.00861,-0.68703,-0.54933,0.46094,1.16116,-1.26965,1.05644,-1.01974,-0.69709,-0.54781,0.47840,1.19629,-1.28684,1.08522,-1.01811,-0.66541,-0.57028,2.417,5.596,1.876,0.160,0.340,0.143,-0.177
19.900000,995,0.45665,1.17534,-1.26954,1.09027,-0.99412,-0.67482,-0.55925,0.45878,1.16773,-1.26878,1.09154,-1.00777,-0.68430,-0.55044,0.47595,1.20204,-1.28523,1.12008,-1.00540,-0.65319,-0.57524,2.228,5.310,1.848,0.233,0.332,0.141,-0.487
20.000000,1000,0.45627,1.17572,-1.26954,1.12613,-0.98611,-0.66300,-0.57337,0.45549,1.17042,-1.26783,1.12635,-0.99564,-0.67193,-0.55815,0.47224,1.20417,-1.28410,1.15434,-0.99315,-0.64151,-0.58343,2.213,5.232,1.883,0.312,0.320,0.129,-0.479
20.100000,1005,0.45589,1.17648,-1.26954,1.15893,-0.97123,-0.65270,-0.58023,0.45205,1.17184,-1.26597,1.15908,-0.98313,-0.66109,-0.56657,0.46878,1.20544,-1.28290,1.18675,-0.98129,-0.63075,-0.59154,2.212,5.029,1.920,0.387,0.311,0.119,-0.469
20.200000,1010,0.45360,1.17801,-1.26916,1.18907,-0.96322,-0.64392,-0.58443,0.44891,1.17168,-1.26387,1.18998,-0.97066,-0.65089,-0.57496,0.46562,1.20512,-1.28159,1.21734,-0.96962,-0.62069,-0.59962,2.211,4.863,1.953,0.464,0.301,0.109,-0.459
20.300000,1015,0.45360,1.17762,-1.26763,1.21882,-0.94834,-0.63362,-0.59130,0.44590,1.17052,-1.26187,1.21930,-0.95887,-0.64169,-0.58323,0.46266,1.20390,-1.28019,1.24638,-0.95823,-0.61137,-0.60764,2.209,4.717,1.982,0.540,0.292,0.098,-0.449
20.400000,1020,0.45055,1.17762,-1.26725,1.24667,-0.93842,-0.62599,-0.60007,0.44316,1.16854,-1.25972,1.24731,-0.94685,-0.63277,-0.59156,0.45987,1.20181,-1.27872,1.27409,-0.94706,-0.60271,-0.61566,2.207,4.576,2.009,0.615,0.283,0.087,-0.440
20.500000,1025,0.44826,1.17724,-1.26267,1.27337,-0.92927,-0.61951,-0.60656,0.44056,1.16566,-1.25754,1.27410,-0.93508,-0.62475,-0.59976,0.45723,1.19889,-1.27716,1.30064,-0.93608,-0.59466,-0.62371,2.205,4.442,2.034,0.690,0.274,0.075,-0.432
20.600000,1030,0.44788,1.17534,-1.26115,1.29779,-0.91515,-0.61188,-0.61533,0.43788,1.16254,-1.25525,1.30000,-0.92369,-0.61722,-0.60800,0.45464,1.19565,-1.27554,1.32627,-0.92535,-0.58725,-0.63179,2.197,4.361,2.053,0.764,0.265,0.061,-0.423
20.700000,1035,0.44216,1.16999,-1.25619,1.32373,-0.90790,-0.60387,-0.62601,0.43550,1.15996,-1.25349,1.32534,-0.91332,-0.61006,-0.61654,0.45204,1.19282,-1.27392,1.35121,-0.91502,-0.58057,-0.63989,2.187,4.265,2.071,0.834,0.257,0.047,-0.415
20.800000,1040,0.43720,1.16313,-1.25619,1.34853,-0.89570,-0.60005,-0.63250,0.43283,1.15598,-1.25126,1.34943,-0.90257,-0.60390,-0.62486,0.44959,1.18877,-1.27220,1.37508,-0.90476,-0.57433,-0.64804,2.191,4.101,2.093,0.904,0.251,0.036,-0.408
20.900000,1045,0.43682,1.15817,-1.25276,1.37141,-0.88540,-0.59547,-0.64051,0.43052,1.15020,-1.24896,1.37234,-0.89164,-0.59790,-0.63330,0.44734,1.18293,-1.27036,1.39774,-0.89446,-0.56845,-0.65626,2.195,3.975,2.111,0.976,0.244,0.023,-0.400
21.000000,1050,0.43682,1.15512,-1.24932,1.39278,-0.87738,-0.59166,-0.64852,0.42833,1.14346,-1.24653,1.39420,-0.88095,-0.59247,-0.64176,0.44520,1.17614,-1.26846,1.41937,-0.88432,-0.56307,-0.66452,2.198,3.863,2.126,1.048,0.237,0.007,-0.392
21.100000,1055,0.43148,1.14253,-1.24780,1.41567,-0.86251,-0.58517,-0.65500,0.42630,1.13612,-1.24450,1.41520,-0.87092,-0.58717,-0.65035,0.44314,1.16856,-1.26650,1.44002,-0.87437,-0.55820,-0.67280,2.201,3.754,2.138,1.119,0.229,-0.011,-0.384
21.200000,1060,0.43148,1.13719,-1.24665,1.43474,-0.85869,-0.57983,-0.66263,0.42426,1.12791,-1.24204,1.43521,-0.86055,-0.58255,-0.65911,0.44116,1.16023,-1.26450,1.45973,-0.86462,-0.55383,-0.68110,2.205,3.647,2.149,1.189,0.222,-0.030,-0.376
21.300000,1065,0.43110,1.12574,-1.24284,1.45458,-0.84534,-0.57640,-0.67484,0.42235,1.11884,-1.23979,1.45419,-0.85066,-0.57869,-0.66738,0.43925,1.15111,-1.26245,1.47849,-0.85508,-0.54996,-0.68943,2.211,3.541,2.158,1.259,0.216,-0.051,-0.369
21.400000,1070,0.42537,1.11621,-1.23826,1.47212,-0.83657,-0.57487,-0.68209,0.42050,1.10902,-1.23730,1.47231,-0.84076,-0.57509,-0.67610,0.43741,1.14124,-1.26038,1.49636,-0.84575,-0.54656,-0.69778,2.217,3.436,2.165,1.327,0.209,-0.073,-0.361
21.500000,1075,0.42041,1.10438,-1.23635,1.49005,-0.83008,-0.57373,-0.68934,0.41864,1.09850,-1.23487,1.48955,-0.83117,-0.57198,-0.68485,0.43563,1.13062,-1.25827,1.51333,-0.83663,-0.54364,-0.70615,2.224,3.331,2.171,1.395,0.202,-0.097,-0.354
21.600000,1080,0.42003,1.09294,-1.23445,1.50607,-0.81749,-0.57106,-0.69658,0.41678,1.08723,-1.23246,1.50586,-0.82197,-0.56955,-0.69334,0.43390,1.11924,-1.25615,1.52943,-0.82775,-0.54119,-0.71454,2.232,3.227,2.175,1.461,0.196,-0.121,-0.347
21.700000,1085,0.41965,1.08226,-1.23368,1.52133,-0.81024,-0.57030,-0.70498,0.41509,1.07518,-1.23000,1.52141,-0.81269,-0.56715,-0.70228,0.43223,1.10715,-1.25401,1.54467,-0.81910,-0.53920,-0.72293,2.242,3.122,2.177,1.526,0.189,-0.148,-0.340
21.800000,1090,0.41736,1.06776,-1.23063,1.53659,-0.80452,-0.56877,-0.71261,0.41349,1.06262,-1.22789,1.53609,-0.80428,-0.56522,-0.71083,0.43061,1.09431,-1.25186,1.55904,-0.81072,-0.53768,-0.73133,2.252,3.017,2.178,1.591,0.182,-0.175,-0.333
21.900000,1095,0.41736,1.05479,-1.22872,1.55109,-0.79232,-0.56801,-0.72062,0.41182,1.04911,-1.22562,1.54978,-0.79594,-0.56427,-0.71926,0.42904,1.08072,-1.24971,1.57251,-0.80260,-0.53661,-0.73972,2.265,2.911,2.177,1.653,0.175,-0.204,-0.326
22.000000,1100,0.41469,1.04144,-1.22720,1.56368,-0.78469,-0.56763,-0.73168,0.41031,1.03433,-1.22294,1.56207,-0.78724,-0.56334,-0.72846,0.42762,1.06605,-1.24761,1.58454,-0.79485,-0.53600,-0.74793,2.288,2.802,2.172,1.710,0.166,-0.233,-0.317
22.100000,1105,0.41507,1.02389,-1.22300,1.57360,-0.78049,-0.56801,-0.73855,0.40904,1.01854,-1.22079,1.57253,-0.77960,-0.56292,-0.73646,0.42641,1.05001,-1.24559,1.59473,-0.78754,-0.53586,-0.75587,2.312,2.693,2.165,1.763,0.157,-0.262,-0.309
22.200000,1110,0.41469,1.00596,-1.22224,1.58390,-0.77439,-0.56801,-0.74541,0.40781,1.00206,-1.21884,1.58220,-0.77249,-0.56299,-0.74443,0.42523,1.03338,-1.24359,1.60417,-0.78052,-0.53615,-0.76381,2.322,2.585,2.162,1.824,0.151,-0.286,-0.305
22.300000,1115,0.41202,0.99108,-1.22033,1.59305,-0.76142,-0.56801,-0.75686,0.40644,0.98534,-1.21665,1.59204,-0.76525,-0.56370,-0.75296,0.42391,1.01683,-1.24157,1.61383,-0.77366,-0.53682,-0.77197,2.329,2.478,2.158,1.885,0.145,-0.310,-0.302
22.400000,1120,0.40668,0.97201,-1.21652,1.60373,-0.75760,-0.56992,-0.76410,0.40508,0.96864,-1.21466,1.60163,-0.75846,-0.56422,-0.76169,0.42255,0.99997,-1.23955,1.62313,-0.76707,-0.53788,-0.78020,2.343,2.370,2.150,1.939,0.136,-0.333,-0.296
22.500000,1125,0.40363,0.95599,-1.21499,1.61174,-0.75379,-0.57068,-0.76906,0.40363,0.95138,-1.21257,1.61033,-0.75200,-0.56545,-0.77004,0.42123,0.98251,-1.23758,1.63162,-0.76082,-0.53935,-0.78838,2.360,2.260,2.139,1.988,0.127,-0.355,-0.290
22.600000,1130,0.40363,0.93691,-1.21423,1.61899,-0.74883,-0.57144,-0.77936,0.40222,0.93341,-1.21047,1.61821,-0.74572,-0.56718,-0.77838,0.41996,0.96445,-1.23566,1.63928,-0.75492,-0.54120,-0.79648,2.377,2.150,2.127,2.034,0.116,-0.375,-0.285
22.700000,1135,0.40363,0.91937,-1.21041,1.62700,-0.73815,-0.57487,-0.78661,0.40085,0.91453,-1.20834,1.62509,-0.73959,-0.56973,-0.78677,0.41873,0.94578,-1.23382,1.64606,-0.74940,-0.54344,-0.80448,2.396,2.038,2.114,2.075,0.105,-0.394,-0.279
22.800000,1140,0.40363,0.89915,-1.21003,1.63196,-0.73357,-0.57678,-0.79386,0.39958,0.89550,-1.20641,1.63129,-0.73415,-0.57177,-0.79493,0.41755,0.92655,-1.23204,1.65200,-0.74426,-0.54605,-0.81239,2.415,1.925,2.098,2.111,0.092,-0.409,-0.274
22.900000,1145,0.40134,0.87778,-1.20736,1.63768,-0.73090,-0.57831,-0.80263,0.39850,0.87585,-1.20488,1.63672,-0.72926,-0.57424,-0.80326,0.41642,0.90679,-1.23034,1.65711,-0.73950,-0.54900,-0.82020,2.435,1.811,2.081,2.140,0.079,-0.423,-0.268
23.000000,1150,0.40058,0.85986,-1.20545,1.64112,-0.72823,-0.58022,-0.81103,0.39727,0.85566,-1.20322,1.64118,-0.72461,-0.57735,-0.81132,0.41533,0.88651,-1.22873,1.66139,-0.73513,-0.55229,-0.82788,2.455,1.697,2.062,2.162,0.064,-0.435,-0.263
23.100000,1155,0.40058,0.83773,-1.20355,1.64569,-0.72670,-0.58365,-0.81713,0.39619,0.83500,-1.20174,1.64478,-0.72046,-0.58070,-0.81899,0.41431,0.86572,-1.22722,1.66478,-0.73118,-0.55591,-0.83543,2.477,1.580,2.041,2.175,0.047,-0.445,-0.258
23.200000,1160,0.39867,0.81637,-1.20316,1.64798,-0.72403,-0.58937,-0.82438,0.39515,0.81367,-1.20018,1.64748,-0.71644,-0.58455,-0.82673,0.41334,0.84446,-1.22581,1.66735,-0.72763,-0.55983,-0.84284,2.499,1.463,2.019,2.181,0.029,-0.453,-0.253
23.300000,1165,0.39829,0.79386,-1.20164,1.64951,-0.71831,-0.59586,-0.83277,0.39408,0.79197,-1.19883,1.64939,-0.71311,-0.58860,-0.83438,0.41243,0.82275,-1.22451,1.66909,-0.72449,-0.56402,-0.85011,2.522,1.344,1.995,2.179,0.009,-0.460,-0.248
23.400000,1170,0.39829,0.77250,-1.20164,1.64989,-0.71144,-0.59814,-0.84002,0.39310,0.76994,-1.19766,1.65043,-0.71026,-0.59285,-0.84173,0.41158,0.80062,-1.22333,1.66996,-0.72177,-0.56850,-0.85721,2.545,1.224,1.969,2.172,-0.012,-0.466,-0.243
23.500000,1175,0.39829,0.74999,-1.20088,1.64989,-0.70877,-0.60272,-0.84727,0.39223,0.74740,-1.19663,1.65067,-0.70764,-0.59730,-0.84919,0.41080,0.77808,-1.22228,1.67001,-0.71945,-0.57321,-0.86417,2.570,1.103,1.942,2.162,-0.035,-0.470,-0.238
23.600000,1180,0.39791,0.72748,-1.19897,1.64989,-0.70839,-0.60539,-0.85642,0.39148,0.72461,-1.19584,1.65007,-0.70564,-0.60190,-0.85629,0.41009,0.75516,-1.22135,1.66921,-0.71756,-0.57816,-0.87095,2.594,0.980,1.912,2.151,-0.058,-0.473,-0.234
23.700000,1185,0.39791,0.70307,-1.19744,1.64989,-0.70725,-0.61150,-0.86481,0.39077,0.70145,-1.19522,1.64857,-0.70403,-0.60684,-0.86302,0.40945,0.73189,-1.22056,1.66757,-0.71607,-0.58332,-0.87757,2.620,0.856,1.882,2.142,-0.083,-0.475,-0.229
23.800000,1190,0.39753,0.68056,-1.19706,1.64951,-0.70610,-0.61722,-0.86863,0.39013,0.67780,-1.19453,1.64621,-0.70264,-0.61204,-0.86975,0.40890,0.70827,-1.21992,1.66508,-0.71500,-0.58867,-0.88401,2.646,0.730,1.850,2.137,-0.108,-0.476,-0.225
23.900000,1195,0.39295,0.65538,-1.19706,1.64951,-0.70610,-0.62332,-0.87283,0.38963,0.65394,-1.19421,1.64313,-0.70208,-0.61711,-0.87659,0.40843,0.68434,-1.21941,1.66176,-0.71433,-0.59419,-0.89028,2.672,0.603,1.816,2.137,-0.134,-0.477,-0.220
24.000000,1200,0.39257,0.63288,-1.19706,1.64608,-0.70610,-0.62790,-0.87969,0.38910,0.62976,-1.19394,1.63911,-0.70162,-0.62262,-0.88310,0.40804,0.66011,-1.21906,1.65759,-0.71406,-0.59987,-0.89638,2.699,0.474,1.781,2.143,-0.159,-0.476,-0.216
24.100000,1205,0.39218,0.60732,-1.19706,1.64150,-0.70610,-0.63133,-0.88732,0.38871,0.60525,-1.19377,1.63423,-0.70157,-0.62818,-0.88931,0.40775,0.63558,-1.21885,1.65258,-0.71417,-0.60569,-0.90231,2.727,0.344,1.745,2.152,-0.185,-0.476,-0.212
24.200000,1210,0.39218,0.58290,-1.19706,1.63539,-0.70610,-0.63629,-0.89304,0.38843,0.58044,-1.19381,1.62847,-0.70192,-0.63399,-0.89538,0.40755,0.61073,-1.21879,1.64671,-0.71467,-0.61164,-0.90808,2.754,0.211,1.707,2.164,-0.209,-0.475,-0.208
24.300000,1215,0.39218,0.55773,-1.19706,1.62891,-0.70686,-0.64316,-0.89800,0.38829,0.55541,-1.19411,1.62185,-0.70274,-0.63985,-0.90093,0.40746,0.58552,-1.21889,1.63995,-0.71556,-0.61772,-0.91370,2.783,0.076,1.668,2.179,-0.233,-0.474,-0.204
24.400000,1220,0.39218,0.53179,-1.19706,1.62166,-0.70877,-0.65003,-0.90296,0.38825,0.52976,-1.19461,1.61426,-0.70398,-0.64571,-0.90696,0.40749,0.55987,-1.21916,1.63220,-0.71683,-0.62393,-0.91917,2.815,-0.062,1.625,2.194,-0.257,-0.472,-0.199
24.500000,1225,0.39218,0.50585,-1.19706,1.61212,-0.70954,-0.65498,-0.91364,0.38844,0.50356,-1.19502,1.60482,-0.70520,-0.65191,-0.91246,0.40779,0.53384,-1.21972,1.62270,-0.71858,-0.63013,-0.92420,2.861,-0.202,1.572,2.205,-0.287,-0.467,-0.184
24.600000,1230,0.39218,0.47800,-1.19706,1.60030,-0.71030,-0.65842,-0.91670,0.38883,0.47706,-1.19602,1.59395,-0.70762,-0.65786,-0.91747,0.40830,0.50711,-1.22051,1.61171,-0.72078,-0.63646,-0.92901,2.885,-0.347,1.537,2.228,-0.304,-0.470,-0.193
24.700000,1235,0.39218,0.45206,-1.19706,1.58924,-0.71335,-0.66605,-0.92089,0.38911,0.44875,-1.19716,1.58285,-0.71025,-0.66485,-0.92262,0.40867,0.47892,-1.22126,1.60078,-0.72325,-0.64331,-0.93445,2.901,-0.505,1.501,2.254,-0.322,-0.475,-0.206
24.800000,1240,0.39218,0.42154,-1.19706,1.57703,-0.71716,-0.67520,-0.92471,0.38936,0.41908,-1.19841,1.57020,-0.71370,-0.67233,-0.92761,0.40914,0.44956,-1.22222,1.58844,-0.72623,-0.65047,-0.93991,2.937,-0.668,1.458,2.275,-0.339,-0.470,-0.201
24.900000,1245,0.39218,0.39369,-1.19706,1.56673,-0.72518,-0.68054,-0.93119,0.38966,0.39349,-1.19885,1.56326,-0.71767,-0.67790,-0.93190,0.40972,0.42453,-1.22099,1.58230,-0.72722,-0.65539,-0.94544,2.956,-0.776,1.714,2.852,-0.021,-0.254,-0.205
25.000000,1250,0.39218,0.37843,-1.19325,1.58161,-0.71221,-0.67139,-0.93615,0.38939,0.38655,-1.19236,1.58122,-0.71689,-0.67615,-0.93674,0.41041,0.41965,-1.21131,1.60193,-0.71961,-0.65103,-0.95050,2.977,-0.274,1.796,2.988,0.143,0.115,-0.178
25.100000,1255,0.39218,0.38034,-1.17684,1.61556,-0.70458,-0.65689,-0.93997,0.38979,0.39075,-1.18065,1.61225,-0.70868,-0.66754,-0.94146,0.41125,0.42477,-1.19760,1.63350,-0.70787,-0.64202,-0.95502,2.986,-0.191,1.807,3.000,0.147,0.129,-0.177
25.200000,1260,0.39218,0.38301,-1.16311,1.64875,-0.69809,-0.64812,-0.94302,0.39051,0.39594,-1.16671,1.64457,-0.69730,-0.65828,-0.94666,0.41211,0.43012,-1.18364,1.66566,-0.69592,-0.63282,-0.95958,2.991,-0.159,1.813,3.003,0.148,0.135,-0.177
25.300000,1265,0.39257,0.38950,-1.14900,1.67965,-0.68207,-0.63858,-0.94683,0.39105,0.40251,-1.15241,1.67551,-0.68490,-0.64969,-0.95187,0.41287,0.43702,-1.17047,1.69642,-0.68443,-0.62371,-0.96340,2.974,-0.049,1.808,2.992,0.140,0.138,-0.052
25.400000,1270,0.39257,0.40361,-1.14137,1.70253,-0.67558,-0.62866,-0.94302,0.39086,0.42275,-1.14269,1.69685,-0.67342,-0.64094,-0.95436,0.41280,0.45762,-1.16339,1.71718,-0.67643,-0.61501,-0.96138,2.906,0.114,1.712,2.957,0.096,0.131,0.284
25.500000,1275,0.39257,0.43604,-1.14022,1.71474,-0.66986,-0.62294,-0.93920,0.38978,0.45273,-1.13754,1.71066,-0.66465,-0.63374,-0.95182,0.41201,0.48819,-1.16089,1.73096,-0.67116,-0.60687,-0.95553,2.889,0.308,1.668,2.925,0.071,0.121,0.305
25.600000,1280,0.39257,0.46846,-1.13831,1.72466,-0.65727,-0.61913,-0.93577,0.38910,0.48299,-1.13418,1.72212,-0.65825,-0.62629,-0.94580,0.41139,0.51860,-1.15905,1.74254,-0.66671,-0.59891,-0.94916,2.894,0.493,1.674,2.891,0.054,0.113,0.306
25.700000,1285,0.39257,0.49783,-1.13831,1.73420,-0.65308,-0.61035,-0.93005,0.38877,0.51268,-1.13211,1.73248,-0.65395,-0.61839,-0.93933,0.41090,0.54804,-1.15750,1.75275,-0.66286,-0.59118,-0.94275,2.885,0.670,1.695,2.861,0.041,0.102,0.294
25.800000,1290,0.39218,0.52683,-1.13602,1.74373,-0.65270,-0.60234,-0.92127,0.38837,0.54117,-1.13038,1.74300,-0.65024,-0.61102,-0.93303,0.41030,0.57632,-1.15593,1.76317,-0.65934,-0.58391,-0.93701,2.864,0.837,1.722,2.836,0.034,0.091,0.274
25.900000,1295,0.39218,0.55582,-1.13183,1.75365,-0.65117,-0.59662,-0.91898,0.38795,0.56869,-1.12846,1.75271,-0.64658,-0.60411,-0.92764,0.40977,0.60392,-1.15451,1.77286,-0.65625,-0.57684,-0.93132,2.870,1.001,1.723,2.796,0.013,0.086,0.281
26.000000,1300,0.38990,0.58405,-1.13183,1.76166,-0.64964,-0.59242,-0.91326,0.38790,0.59621,-1.12701,1.76045,-0.64358,-0.59694,-0.92129,0.40956,0.63137,-1.15351,1.78053,-0.65376,-0.56970,-0.92494,2.874,1.163,1.726,2.749,-0.009,0.080,0.285
26.100000,1305,0.38951,0.61151,-1.13183,1.76739,-0.64888,-0.58250,-0.90868,0.38788,0.62343,-1.12580,1.76709,-0.64130,-0.58997,-0.91508,0.40951,0.65854,-1.15276,1.78710,-0.65178,-0.56264,-0.91827,2.870,1.321,1.736,2.703,-0.029,0.073,0.282
26.200000,1310,0.38951,0.63860,-1.13183,1.77234,-0.64812,-0.57564,-0.89953,0.38802,0.65043,-1.12479,1.77275,-0.63927,-0.58316,-0.90806,0.40955,0.68543,-1.15221,1.79278,-0.65026,-0.55570,-0.91140,2.865,1.476,1.745,2.652,-0.051,0.066,0.280
26.300000,1315,0.38951,0.66645,-1.13145,1.77654,-0.64545,-0.57106,-0.89228,0.38832,0.67702,-1.12396,1.77753,-0.63757,-0.57657,-0.90083,0.40969,0.71207,-1.15186,1.79759,-0.64923,-0.54889,-0.90432,2.859,1.629,1.753,2.593,-0.075,0.058,0.277
26.400000,1320,0.38951,0.69315,-1.12992,1.78150,-0.64545,-0.56648,-0.88580,0.38868,0.70340,-1.12335,1.78142,-0.63644,-0.57014,-0.89341,0.40991,0.73846,-1.15171,1.80154,-0.64868,-0.54223,-0.89701,2.852,1.779,1.760,2.527,-0.101,0.050,0.275
26.500000,1325,0.38951,0.71985,-1.12992,1.78341,-0.64545,-0.55923,-0.87855,0.38911,0.72967,-1.12302,1.78458,-0.63611,-0.56356,-0.88577,0.41022,0.76457,-1.15175,1.80464,-0.64862,-0.53575,-0.88947,2.845,1.925,1.767,2.454,-0.126,0.043,0.271
26.600000,1330,0.38951,0.74656,-1.12992,1.78531,-0.64545,-0.55237,-0.86977,0.38966,0.75552,-1.12292,1.78683,-0.63618,-0.55740,-0.87792,0.41060,0.79038,-1.15197,1.80689,-0.64906,-0.52947,-0.88171,2.837,2.069,1.773,2.371,-0.152,0.034,0.268
26.700000,1335,0.38951,0.77212,-1.12992,1.78531,-0.64545,-0.54817,-0.86329,0.39025,0.78108,-1.12290,1.78816,-0.63666,-0.55148,-0.86968,0.41105,0.81587,-1.15238,1.80827,-0.65001,-0.52341,-0.87373,2.828,2.210,1.778,2.280,-0.178,0.025,0.265
26.800000,1340,0.38990,0.79844,-1.12954,1.78531,-0.64583,-0.54359,-0.85566,0.39090,0.80614,-1.12309,1.78862,-0.63761,-0.54592,-0.86160,0.41156,0.84099,-1.15297,1.80877,-0.65149,-0.51760,-0.86552,2.819,2.348,1.783,2.185,-0.203,0.016,0.261
26.900000,1345,0.38990,0.82247,-1.12954,1.78531,-0.64621,-0.53902,-0.84803,0.39160,0.83095,-1.12343,1.78822,-0.63912,-0.54046,-0.85297,0.41213,0.86573,-1.15372,1.80842,-0.65347,-0.51207,-0.85709,2.809,2.484,1.787,2.090,-0.225,0.005,0.257
27.000000,1350,0.38990,0.84879,-1.12954,1.78531,-0.64888,-0.53253,-0.83773,0.39237,0.85536,-1.12411,1.78706,-0.64138,-0.53524,-0.84451,0.41275,0.89005,-1.15463,1.80722,-0.65596,-0.50684,-0.84847,2.798,2.616,1.791,1.994,-0.246,-0.006,0.252
27.100000,1355,0.38990,0.87206,-1.12954,1.78493,-0.65079,-0.52833,-0.83010,0.39321,0.87931,-1.12488,1.78492,-0.64398,-0.53047,-0.83516,0.41341,0.91392,-1.15570,1.80515,-0.65896,-0.50193,-0.83964,2.787,2.745,1.795,1.901,-0.264,-0.018,0.248
27.200000,1360,0.38990,0.89648,-1.12954,1.78493,-0.65346,-0.52414,-0.82094,0.39408,0.90274,-1.12565,1.78195,-0.64700,-0.52603,-0.82604,0.41412,0.93731,-1.15690,1.80223,-0.66247,-0.49737,-0.83063,2.775,2.872,1.799,1.813,-0.279,-0.031,0.243
27.300000,1365,0.39028,0.91937,-1.12954,1.78303,-0.65422,-0.52147,-0.81103,0.39502,0.92567,-1.12669,1.77812,-0.65055,-0.52194,-0.81643,0.41487,0.96018,-1.15824,1.79843,-0.66647,-0.49318,-0.82143,2.763,2.995,1.802,1.731,-0.292,-0.046,0.238
27.400000,1370,0.39028,0.94187,-1.12954,1.77883,-0.65727,-0.51803,-0.80416,0.39598,0.94810,-1.12790,1.77345,-0.65480,-0.51819,-0.80685,0.41565,0.98251,-1.15969,1.79379,-0.67097,-0.48938,-0.81208,2.750,3.116,1.805,1.653,-0.303,-0.063,0.233
27.500000,1375,0.39028,0.96438,-1.12992,1.77311,-0.66071,-0.51651,-0.79539,0.39696,0.96991,-1.12915,1.76790,-0.65931,-0.51488,-0.79716,0.41646,1.00428,-1.16126,1.78828,-0.67593,-0.48598,-0.80258,2.737,3.234,1.808,1.579,-0.311,-0.081,0.228
27.600000,1380,0.39028,0.98612,-1.12992,1.76624,-0.66490,-0.51460,-0.78394,0.39795,0.99116,-1.13058,1.76145,-0.66443,-0.51195,-0.78734,0.41730,1.02544,-1.16293,1.78191,-0.68137,-0.48302,-0.79294,2.724,3.349,1.811,1.509,-0.318,-0.102,0.222
27.700000,1385,0.39066,1.00634,-1.12992,1.75823,-0.67711,-0.51384,-0.77517,0.39903,1.01181,-1.13213,1.75419,-0.67007,-0.50950,-0.77723,0.41816,1.04598,-1.16469,1.77470,-0.68724,-0.48049,-0.78319,2.711,3.462,1.814,1.440,-0.323,-0.124,0.217
27.800000,1390,0.39600,1.02732,-1.12992,1.74984,-0.68092,-0.51117,-0.76220,0.39998,1.03183,-1.13382,1.74602,-0.67630,-0.50761,-0.76698,0.41906,1.06588,-1.16652,1.76663,-0.69355,-0.47842,-0.77333,2.697,3.572,1.817,1.374,-0.326,-0.149,0.211
27.900000,1395,0.39905,1.04716,-1.12992,1.74106,-0.68436,-0.50964,-0.75495,0.40111,1.05102,-1.13550,1.73700,-0.68268,-0.50619,-0.75652,0.41997,1.08510,-1.16842,1.75771,-0.70026,-0.47683,-0.76338,2.684,3.679,1.820,1.307,-0.329,-0.175,0.206
28.000000,1400,0.39905,1.06738,-1.12992,1.73000,-0.69122,-0.50735,-0.74427,0.40227,1.06964,-1.13739,1.72722,-0.68955,-0.50489,-0.74654,0.42091,1.10364,-1.17038,1.74796,-0.70737,-0.47570,-0.75336,2.670,3.784,1.823,1.242,-0.330,-0.203,0.200
28.100000,1405,0.40020,1.08264,-1.13030,1.71894,-0.70305,-0.50735,-0.73321,0.40344,1.08773,-1.13936,1.71656,-0.69702,-0.50417,-0.73597,0.42188,1.12145,-1.17238,1.73734,-0.71485,-0.47507,-0.74328,2.657,3.887,1.826,1.176,-0.331,-0.232,0.194
28.200000,1410,0.40134,1.10171,-1.13030,1.70635,-0.70725,-0.50735,-0.72481,0.40454,1.10471,-1.14114,1.70497,-0.70456,-0.50444,-0.72556,0.42287,1.13856,-1.17442,1.72592,-0.72267,-0.47492,-0.73316,2.644,3.987,1.829,1.110,-0.331,-0.262,0.189
28.300000,1415,0.40134,1.11773,-1.13221,1.69376,-0.71335,-0.50773,-0.71337,0.40571,1.12114,-1.14312,1.69258,-0.71256,-0.50482,-0.71499,0.42389,1.15490,-1.17648,1.71363,-0.73083,-0.47530,-0.72300,2.631,4.085,1.832,1.043,-0.331,-0.291,0.183
28.400000,1420,0.40172,1.13414,-1.13297,1.68079,-0.72594,-0.50850,-0.70269,0.40703,1.13691,-1.14531,1.67949,-0.72092,-0.50552,-0.70449,0.42494,1.17050,-1.17856,1.70054,-0.73928,-0.47616,-0.71283,2.618,4.181,1.836,0.976,-0.330,-0.319,0.177
28.500000,1425,0.40401,1.15092,-1.13412,1.66629,-0.73357,-0.51041,-0.69162,0.40816,1.15183,-1.14722,1.66538,-0.72955,-0.50710,-0.69392,0.42603,1.18531,-1.18064,1.68660,-0.74803,-0.47754,-0.70266,2.606,4.275,1.839,0.909,-0.328,-0.347,0.172
28.600000,1430,0.40515,1.16465,-1.13679,1.65142,-0.74005,-0.51498,-0.68361,0.40946,1.16587,-1.14928,1.65050,-0.73841,-0.50904,-0.68314,0.42714,1.19934,-1.18272,1.67184,-0.75704,-0.47943,-0.69249,2.595,4.366,1.842,0.841,-0.327,-0.371,0.166
28.700000,1435,0.40706,1.17839,-1.13946,1.63539,-0.74997,-0.51765,-0.67293,0.41083,1.17921,-1.15138,1.63484,-0.74755,-0.51138,-0.67285,0.42830,1.21257,-1.18479,1.65625,-0.76628,-0.48183,-0.68234,2.583,4.455,1.846,0.772,-0.325,-0.394,0.160
28.800000,1440,0.40706,1.19212,-1.13946,1.61899,-0.75989,-0.51956,-0.66340,0.41221,1.19173,-1.15355,1.61832,-0.75708,-0.51436,-0.66219,0.42949,1.22501,-1.18683,1.63985,-0.77575,-0.48473,-0.67221,2.573,4.543,1.850,0.703,-0.323,-0.414,0.155
28.900000,1445,0.40744,1.20242,-1.14137,1.60068,-0.76714,-0.52299,-0.65043,0.41357,1.20340,-1.15553,1.60097,-0.76665,-0.51781,-0.65171,0.43074,1.23665,-1.18883,1.62263,-0.78542,-0.48815,-0.66211,2.563,4.628,1.853,0.633,-0.321,-0.431,0.150
29.000000,1450,0.41202,1.21425,-1.14556,1.58237,-0.78163,-0.52681,-0.64127,0.41497,1.21442,-1.15748,1.58282,-0.77630,-0.52169,-0.64112,0.43203,1.24748,-1.19080,1.60460,-0.79527,-0.49206,-0.65205,2.553,4.710,1.857,0.563,-0.319,-0.446,0.144
29.100000,1455,0.41584,1.22493,-1.14747,1.56330,-0.78888,-0.53100,-0.62983,0.41646,1.22431,-1.15944,1.56379,-0.78621,-0.52644,-0.63076,0.43338,1.25748,-1.19272,1.58574,-0.80528,-0.49649,-0.64203,2.544,4.791,1.861,0.493,-0.316,-0.458,0.139
29.200000,1460,0.41812,1.23446,-1.15128,1.54308,-0.79651,-0.53711,-0.62334,0.41796,1.23352,-1.16122,1.54389,-0.79613,-0.53141,-0.62025,0.43479,1.26668,-1.19458,1.56607,-0.81544,-0.50142,-0.63205,2.536,4.868,1.865,0.423,-0.314,-0.467,0.134
29.300000,1465,0.41812,1.24438,-1.15281,1.52286,-0.81063,-0.54436,-0.61266,0.41973,1.24190,-1.16320,1.52336,-0.80630,-0.53673,-0.61035,0.43627,1.27504,-1.19637,1.54556,-0.82573,-0.50685,-0.62212,2.529,4.942,1.869,0.352,-0.311,-0.475,0.129
29.400000,1470,0.41812,1.25049,-1.15281,1.50035,-0.81749,-0.54970,-0.60083,0.42133,1.24962,-1.16516,1.50178,-0.81702,-0.54285,-0.59959,0.43782,1.28258,-1.19809,1.52421,-0.83614,-0.51279,-0.61223,2.523,5.013,1.872,0.281,-0.308,-0.481,0.125
29.500000,1475,0.41851,1.25087,-1.15281,1.47785,-0.82932,-0.55351,-0.58977,0.42318,1.25652,-1.16709,1.47955,-0.82773,-0.54904,-0.58930,0.43946,1.28930,-1.19973,1.50202,-0.84667,-0.51922,-0.60238,2.518,5.080,1.876,0.209,-0.305,-0.485,0.120
29.600000,1480,0.42118,1.26460,-1.15739,1.45496,-0.84000,-0.56114,-0.57909,0.42487,1.26220,-1.16839,1.45630,-0.83793,-0.55623,-0.57991,0.44119,1.29522,-1.20127,1.47897,-0.85730,-0.52616,-0.59255,2.514,5.142,1.879,0.138,-0.302,-0.488,0.116
29.700000,1485,0.42194,1.27032,-1.15929,1.43016,-0.84572,-0.57144,-0.57146,0.42685,1.26743,-1.17021,1.43213,-0.84876,-0.56376,-0.56908,0.44302,1.30030,-1.20273,1.45500,-0.86804,-0.53362,-0.58275,2.510,5.198,1.882,0.066,-0.299,-0.490,0.111
29.800000,1490,0.42385,1.27795,-1.15968,1.40575,-0.86098,-0.57716,-0.56040,0.42904,1.27175,-1.17181,1.40713,-0.85961,-0.57158,-0.55918,0.44497,1.30457,-1.20408,1.43006,-0.87890,-0.54161,-0.57293,2.509,5.248,1.884,-0.006,-0.296,-0.491,0.108
29.900000,1495,0.42385,1.28100,-1.16158,1.37904,-0.86937,-0.58517,-0.55086,0.43117,1.27530,-1.17320,1.38091,-0.87059,-0.58029,-0.54862,0.44706,1.30802,-1.20532,1.40406,-0.88991,-0.55018,-0.56308,2.509,5.291,1.886,-0.079,-0.293,-0.491,0.104
30.000000,1500,0.42957,1.28100,-1.16502,1.35234,-0.88387,-0.59509,-0.54132,0.43350,1.27806,-1.17446,1.35359,-0.88151,-0.58943,-0.53809,0.44930,1.31064,-1.20646,1.37688,-0.90110,-0.55935,-0.55316,2.510,5.325,1.887,-0.153,-0.290,-0.490,0.101
30.100000,1505,0.43491,1.28291,-1.16578,1.32411,-0.89379,-0.60463,-0.52835,0.43599,1.27973,-1.17563,1.32487,-0.89292,-0.59943,-0.52791,0.45173,1.31233,-1.20746,1.34834,-0.91249,-0.56917,-0.54311,2.516,5.333,1.888,-0.227,-0.287,-0.488,0.097
30.200000,1510,0.43491,1.28329,-1.16578,1.29321,-0.90218,-0.61340,-0.51920,0.43890,1.27948,-1.17693,1.29444,-0.90464,-0.60975,-0.51724,0.45452,1.31217,-1.20829,1.31819,-0.92395,-0.57947,-0.53293,2.532,5.280,1.891,-0.300,-0.283,-0.485,0.094
30.300000,1515,0.43834,1.28291,-1.16616,1.26117,-0.91820,-0.62523,-0.50890,0.44188,1.27823,-1.17821,1.26217,-0.91684,-0.62112,-0.50599,0.45752,1.31107,-1.20899,1.28643,-0.93569,-0.59058,-0.52262,2.532,5.349,1.883,-0.374,-0.280,-0.485,0.091
30.400000,1520,0.44025,1.28291,-1.16769,1.22683,-0.92621,-0.63591,-0.49860,0.44485,1.27761,-1.17969,1.22986,-0.93016,-0.63338,-0.49455,0.46066,1.31087,-1.20954,1.25488,-0.94745,-0.60215,-0.51233,2.557,5.660,1.904,-0.433,-0.268,-0.464,0.085
30.500000,1525,0.44445,1.28634,-1.16807,1.21272,-0.93842,-0.63400,-0.48982,0.44957,1.28840,-1.18236,1.22283,-0.94201,-0.63483,-0.48407,0.46611,1.32278,-1.20851,1.24958,-0.95209,-0.60208,-0.50409,2.621,5.862,2.059,0.206,0.135,0.155,0.042
30.600000,1530,0.45513,1.31000,-1.16959,1.24362,-0.93384,-0.60997,-0.48219,0.45675,1.31099,-1.18419,1.24751,-0.94629,-0.62086,-0.47780,0.47426,1.34628,-1.20575,1.27529,-0.94779,-0.58741,-0.49873,2.599,5.855,2.145,0.225,0.282,0.178,0.018
30.700000,1535,0.46085,1.33479,-1.16998,1.27261,-0.93003,-0.59319,-0.47418,0.46525,1.33565,-1.18237,1.27607,-0.94321,-0.60469,-0.47225,0.48273,1.37091,-1.20282,1.30386,-0.94269,-0.57134,-0.49355,2.563,5.831,2.202,0.218,0.279,0.180,0.020
30.800000,1540,0.47153,1.35959,-1.16998,1.30084,-0.92354,-0.57716,-0.46846,0.47374,1.36031,-1.17937,1.30466,-0.93841,-0.58882,-0.46649,0.49114,1.39538,-1.19990,1.33234,-0.93758,-0.55533,-0.48844,2.519,5.802,2.251,0.209,0.280,0.182,0.005
30.900000,1545,0.47687,1.38286,-1.16998,1.32945,-0.91744,-0.56190,-0.46846,0.47950,1.37764,-1.17769,1.33428,-0.93203,-0.57312,-0.46460,0.49659,1.41217,-1.19766,1.36178,-0.93014,-0.53998,-0.48804,2.307,5.700,2.224,0.228,0.339,0.178,-0.467
31.000000,1550,0.47878,1.38629,-1.16959,1.36302,-0.90905,-0.54817,-0.48525,0.47908,1.38129,-1.17843,1.36696,-0.92177,-0.55883,-0.47135,0.49565,1.41485,-1.19679,1.39422,-0.91787,-0.52631,-0.49764,2.067,5.361,2.200,0.297,0.342,0.168,-0.525
31.100000,1555,0.47878,1.38629,-1.16959,1.39735,-0.89379,-0.53673,-0.49783,0.47721,1.38223,-1.17773,1.39939,-0.90916,-0.54631,-0.48252,0.49355,1.41550,-1.19612,1.42626,-0.90509,-0.51397,-0.50895,2.052,5.242,2.217,0.367,0.331,0.157,-0.515
31.200000,1560,0.47840,1.38591,-1.16959,1.42825,-0.88501,-0.52490,-0.50928,0.47527,1.38266,-1.17653,1.43034,-0.89620,-0.53464,-0.49428,0.49151,1.41569,-1.19538,1.45678,-0.89263,-0.50273,-0.52020,2.052,5.065,2.242,0.434,0.322,0.148,-0.504
31.300000,1565,0.47840,1.38591,-1.16959,1.45801,-0.87128,-0.51613,-0.52034,0.47348,1.38103,-1.17473,1.45940,-0.88291,-0.52411,-0.50553,0.48976,1.41404,-1.19441,1.48561,-0.88019,-0.49202,-0.53128,2.058,4.872,2.266,0.503,0.313,0.140,-0.493
31.400000,1570,0.47840,1.38553,-1.16959,1.48586,-0.86022,-0.50697,-0.52835,0.47193,1.37830,-1.17286,1.48709,-0.86969,-0.51390,-0.51674,0.48821,1.41124,-1.19327,1.51302,-0.86787,-0.48197,-0.54224,2.061,4.728,2.285,0.573,0.305,0.131,-0.482
31.500000,1575,0.47573,1.38477,-1.16959,1.51218,-0.85030,-0.49667,-0.53865,0.47051,1.37480,-1.17101,1.51365,-0.85703,-0.50435,-0.52804,0.48679,1.40759,-1.19200,1.53923,-0.85567,-0.47257,-0.55313,2.064,4.595,2.302,0.642,0.296,0.121,-0.472
31.600000,1580,0.47458,1.37790,-1.16959,1.53812,-0.83542,-0.48942,-0.55010,0.46925,1.37050,-1.16919,1.53909,-0.84434,-0.49529,-0.53887,0.48548,1.40309,-1.19060,1.56439,-0.84355,-0.46378,-0.56401,2.066,4.469,2.317,0.712,0.289,0.111,-0.462
31.700000,1585,0.47268,1.37714,-1.16959,1.56253,-0.82474,-0.48103,-0.55849,0.46798,1.36512,-1.16702,1.56362,-0.83167,-0.48710,-0.55043,0.48426,1.39772,-1.18908,1.58860,-0.83149,-0.45557,-0.57493,2.070,4.348,2.331,0.781,0.281,0.101,-0.452
31.800000,1590,0.47001,1.37103,-1.16921,1.58618,-0.81063,-0.47340,-0.57146,0.46683,1.35906,-1.16504,1.58722,-0.81916,-0.47925,-0.56144,0.48313,1.39151,-1.18744,1.61195,-0.81946,-0.44791,-0.58592,2.074,4.232,2.343,0.850,0.274,0.090,-0.443
31.900000,1595,0.47001,1.35959,-1.16845,1.60945,-0.80223,-0.46730,-0.58138,0.46575,1.35221,-1.16288,1.61002,-0.80666,-0.47203,-0.57267,0.48206,1.38443,-1.18569,1.63446,-0.80746,-0.44080,-0.59700,2.078,4.120,2.354,0.920,0.268,0.078,-0.433
32.000000,1600,0.47039,1.35730,-1.16654,1.63196,-0.78583,-0.46234,-0.59168,0.46465,1.34410,-1.16036,1.63192,-0.79378,-0.46562,-0.58419,0.48106,1.37649,-1.18384,1.65618,-0.79550,-0.43424,-0.60818,2.084,4.011,2.363,0.989,0.261,0.065,-0.424
32.100000,1605,0.47001,1.34700,-1.16464,1.65218,-0.77706,-0.45776,-0.60312,0.46372,1.33564,-1.15808,1.65319,-0.78160,-0.45915,-0.59561,0.48011,1.36767,-1.18189,1.67709,-0.78360,-0.42822,-0.61948,2.091,3.904,2.371,1.059,0.255,0.050,-0.415
32.200000,1610,0.46734,1.33517,-1.16273,1.67316,-0.76065,-0.44975,-0.61342,0.46284,1.32598,-1.15600,1.67363,-0.76964,-0.45354,-0.60738,0.47920,1.35795,-1.17986,1.69720,-0.77177,-0.42278,-0.63090,2.099,3.799,2.377,1.128,0.249,0.033,-0.406
32.300000,1615,0.46734,1.32182,-1.15929,1.69300,-0.75302,-0.44594,-0.62716,0.46193,1.31536,-1.15337,1.69320,-0.75694,-0.44852,-0.61924,0.47833,1.34735,-1.17774,1.71652,-0.76003,-0.41790,-0.64243,2.108,3.695,2.382,1.197,0.243,0.014,-0.398
32.400000,1620,0.46734,1.31076,-1.15624,1.71169,-0.73853,-0.44288,-0.63707,0.46097,1.30397,-1.15062,1.71191,-0.74469,-0.44430,-0.63092,0.47749,1.33589,-1.17556,1.73506,-0.74842,-0.41359,-0.65408,2.118,3.591,2.386,1.266,0.237,-0.008,-0.389
32.500000,1625,0.46467,1.30160,-1.15395,1.72962,-0.72823,-0.43945,-0.64966,0.46015,1.29169,-1.14810,1.73002,-0.73264,-0.44016,-0.64322,0.47667,1.32354,-1.17331,1.75280,-0.73696,-0.40986,-0.66584,2.129,3.488,2.388,1.334,0.231,-0.033,-0.380
32.600000,1630,0.46467,1.28558,-1.15052,1.74717,-0.71907,-0.43869,-0.65958,0.45937,1.27868,-1.14567,1.74725,-0.72102,-0.43682,-0.65514,0.47587,1.31029,-1.17101,1.76973,-0.72567,-0.40673,-0.67772,2.141,3.386,2.389,1.402,0.226,-0.061,-0.372
32.700000,1635,0.46467,1.27185,-1.14938,1.76395,-0.70458,-0.43678,-0.67141,0.45848,1.26454,-1.14285,1.76363,-0.70919,-0.43404,-0.66764,0.47509,1.29616,-1.16866,1.78585,-0.71459,-0.40420,-0.68969,2.154,3.283,2.389,1.469,0.220,-0.092,-0.364
32.800000,1640,0.46467,1.25735,-1.14823,1.77959,-0.69771,-0.43602,-0.68590,0.45768,1.24967,-1.14029,1.77925,-0.69786,-0.43194,-0.67989,0.47432,1.28116,-1.16628,1.80117,-0.70375,-0.40227,-0.70175,2.169,3.180,2.387,1.535,0.215,-0.126,-0.356
32.900000,1645,0.46428,1.24057,-1.14442,1.79447,-0.68245,-0.43602,-0.69658,0.45677,1.23394,-1.13760,1.79398,-0.68691,-0.43051,-0.69210,0.47355,1.26530,-1.16388,1.81568,-0.69317,-0.40094,-0.71389,2.185,3.077,2.384,1.601,0.209,-0.163,-0.348
33.000000,1650,0.45894,1.22416,-1.14098,1.80858,-0.67482,-0.43602,-0.70803,0.45618,1.21729,-1.13515,1.80807,-0.67619,-0.42923,-0.70514,0.47278,1.24857,-1.16146,1.82936,-0.68290,-0.40023,-0.72609,2.202,2.974,2.380,1.665,0.203,-0.201,-0.340
33.100000,1655,0.45894,1.20662,-1.13793,1.82079,-0.65994,-0.43602,-0.71947,0.45512,1.19983,-1.13231,1.82110,-0.66571,-0.42922,-0.71735,0.47200,1.23099,-1.15903,1.84221,-0.67296,-0.40012,-0.73834,2.220,2.870,2.374,1.728,0.197,-0.239,-0.332
33.200000,1660,0.45627,1.18640,-1.13488,1.83338,-0.65270,-0.43602,-0.73321,0.45433,1.18151,-1.12978,1.83349,-0.65552,-0.42917,-0.73004,0.47122,1.21257,-1.15662,1.85423,-0.66339,-0.40062,-0.75062,2.239,2.766,2.366,1.790,0.191,-0.277,-0.325
33.300000,1665,0.45627,1.16923,-1.13183,1.84483,-0.64735,-0.43678,-0.74351,0.45345,1.16240,-1.12710,1.84492,-0.64583,-0.43005,-0.74278,0.47043,1.19332,-1.15422,1.86539,-0.65424,-0.40174,-0.76291,2.259,2.661,2.357,1.850,0.184,-0.312,-0.318
33.400000,1670,0.45551,1.14711,-1.13107,1.85551,-0.63286,-0.43754,-0.75724,0.45254,1.14243,-1.12460,1.85553,-0.63670,-0.43165,-0.75532,0.46962,1.17326,-1.15185,1.87570,-0.64552,-0.40346,-0.77518,2.281,2.555,2.347,1.908,0.177,-0.344,-0.311
33.500000,1675,0.45360,1.12727,-1.12763,1.86542,-0.62637,-0.43983,-0.76830,0.45165,1.12173,-1.12210,1.86528,-0.62787,-0.43360,-0.76791,0.46880,1.15243,-1.14953,1.88518,-0.63726,-0.40575,-0.78741,2.304,2.449,2.335,1.963,0.170,-0.373,-0.304
33.600000,1680,0.45360,1.10438,-1.12305,1.87534,-0.62103,-0.44136,-0.78242,0.45077,1.10020,-1.11974,1.87421,-0.61970,-0.43612,-0.78046,0.46797,1.13084,-1.14726,1.89380,-0.62950,-0.40863,-0.79959,2.327,2.342,2.320,2.014,0.161,-0.398,-0.297
33.700000,1685,0.45360,1.08302,-1.12229,1.88259,-0.61073,-0.44479,-0.79424,0.44975,1.07791,-1.11727,1.88213,-0.61190,-0.43957,-0.79284,0.46713,1.10850,-1.14506,1.90152,-0.62229,-0.41208,-0.81168,2.352,2.233,2.305,2.062,0.150,-0.420,-0.291
33.800000,1690,0.45360,1.05975,-1.11848,1.88869,-0.60196,-0.44822,-0.80721,0.44882,1.05479,-1.11487,1.88925,-0.60457,-0.44336,-0.80534,0.46628,1.08544,-1.14295,1.90838,-0.61564,-0.41609,-0.82366,2.379,2.123,2.287,2.105,0.138,-0.437,-0.285
33.900000,1695,0.45284,1.03648,-1.11733,1.89556,-0.60005,-0.45204,-0.81751,0.44787,1.03122,-1.11281,1.89555,-0.59804,-0.44738,-0.81778,0.46542,1.06172,-1.14093,1.91437,-0.60956,-0.42061,-0.83550,2.406,2.013,2.267,2.143,0.125,-0.450,-0.280
34.000000,1700,0.45093,1.01054,-1.11581,1.89938,-0.59547,-0.45776,-0.82857,0.44691,1.00689,-1.11079,1.90091,-0.59212,-0.45220,-0.82979,0.46455,1.03734,-1.13903,1.91948,-0.60409,-0.42565,-0.84719,2.434,1.901,2.245,2.173,0.108,-0.461,-0.274
34.100000,1705,0.45017,0.98727,-1.11466,1.90586,-0.59013,-0.46615,-0.84193,0.44588,0.98190,-1.10877,1.90526,-0.58669,-0.45767,-0.84140,0.46368,1.01234,-1.13725,1.92370,-0.59925,-0.43116,-0.85870,2.463,1.787,2.221,2.196,0.087,-0.469,-0.269
34.200000,1710,0.44941,0.96018,-1.11199,1.90815,-0.58174,-0.47073,-0.85413,0.44495,0.95652,-1.10727,1.90891,-0.58246,-0.46320,-0.85309,0.46282,0.98677,-1.13562,1.92704,-0.59504,-0.43713,-0.87000,2.493,1.672,2.195,2.209,0.063,-0.474,-0.264
34.300000,1715,0.44826,0.93424,-1.11199,1.90968,-0.57793,-0.47455,-0.86558,0.44397,0.93061,-1.10591,1.91170,-0.57870,-0.46902,-0.86478,0.46196,0.96066,-1.13414,1.92949,-0.59150,-0.44352,-0.88108,2.524,1.556,2.167,2.212,0.035,-0.478,-0.260
34.400000,1720,0.44826,0.90868,-1.11047,1.91158,-0.57754,-0.48179,-0.87511,0.44300,0.90381,-1.10444,1.91343,-0.57516,-0.47573,-0.87635,0.46113,0.93404,-1.13283,1.93104,-0.58863,-0.45031,-0.89191,2.556,1.438,2.136,2.208,0.003,-0.480,-0.255
34.500000,1725,0.44826,0.88084,-1.11008,1.91158,-0.57487,-0.49019,-0.88618,0.44204,0.87674,-1.10323,1.91426,-0.57253,-0.48262,-0.88719,0.46031,0.90696,-1.13171,1.93170,-0.58643,-0.45745,-0.90248,2.589,1.318,2.103,2.198,-0.034,-0.481,-0.251
34.600000,1730,0.44788,0.85375,-1.11008,1.91273,-0.57487,-0.49629,-0.89610,0.44111,0.84929,-1.10227,1.91423,-0.57076,-0.48978,-0.89809,0.45954,0.87947,-1.13078,1.93147,-0.58490,-0.46492,-0.91277,2.623,1.197,2.068,2.186,-0.073,-0.480,-0.248
34.700000,1735,0.44788,0.82476,-1.11008,1.91273,-0.57487,-0.50125,-0.90678,0.44029,0.82158,-1.10176,1.91340,-0.56994,-0.49705,-0.90853,0.45880,0.85159,-1.13007,1.93034,-0.58405,-0.47267,-0.92277,2.657,1.074,2.031,2.174,-0.115,-0.479,-0.244
34.800000,1740,0.44445,0.79729,-1.10894,1.91273,-0.57526,-0.50888,-0.91860,0.43958,0.79337,-1.10141,1.91158,-0.56952,-0.50478,-0.91878,0.45811,0.82338,-1.12957,1.92832,-0.58386,-0.48067,-0.93248,2.693,0.950,1.992,2.166,-0.156,-0.476,-0.241
34.900000,1745,0.43949,0.76945,-1.10551,1.91235,-0.57526,-0.51918,-0.92547,0.43876,0.76485,-1.10119,1.90883,-0.56983,-0.51283,-0.92870,0.45749,0.79488,-1.12932,1.92541,-0.58433,-0.48889,-0.94187,2.728,0.823,1.951,2.163,-0.197,-0.473,-0.237
35.000000,1750,0.43949,0.73893,-1.10551,1.91120,-0.57640,-0.52643,-0.93729,0.43804,0.73620,-1.10116,1.90519,-0.57067,-0.52080,-0.93794,0.45694,0.76612,-1.12930,1.92161,-0.58544,-0.49727,-0.95096,2.765,0.695,1.907,2.164,-0.236,-0.470,-0.234
35.100000,1755,0.43949,0.71108,-1.10551,1.90662,-0.57831,-0.53329,-0.94416,0.43754,0.70756,-1.10178,1.90081,-0.57264,-0.52890,-0.94688,0.45647,0.73714,-1.12953,1.91693,-0.58718,-0.50579,-0.95975,2.802,0.565,1.863,2.170,-0.272,-0.466,-0.231
35.200000,1760,0.43911,0.68171,-1.10551,1.90243,-0.57907,-0.54169,-0.95255,0.43698,0.67829,-1.10230,1.89534,-0.57479,-0.53734,-0.95593,0.45609,0.70797,-1.13001,1.91137,-0.58953,-0.51442,-0.96822,2.840,0.434,1.817,2.182,-0.303,-0.461,-0.228
35.300000,1765,0.43872,0.65310,-1.10551,1.89556,-0.58212,-0.55008,-0.96362,0.43659,0.64875,-1.10309,1.88900,-0.57737,-0.54592,-0.96477,0.45581,0.67861,-1.13076,1.90491,-0.59248,-0.52313,-0.97641,2.878,0.300,1.770,2.196,-0.330,-0.457,-0.226
35.400000,1770,0.43720,0.62410,-1.10551,1.88793,-0.58632,-0.55733,-0.97048,0.43617,0.61907,-1.10407,1.88167,-0.58082,-0.55451,-0.97363,0.45565,0.64904,-1.13177,1.89751,-0.59601,-0.53190,-0.98430,2.918,0.164,1.721,2.211,-0.354,-0.452,-0.223
35.500000,1775,0.43720,0.59282,-1.10551,1.87916,-0.59624,-0.56572,-0.97811,0.43630,0.58988,-1.10603,1.87295,-0.58516,-0.56251,-0.98059,0.45571,0.61936,-1.13323,1.88852,-0.60023,-0.54060,-0.99159,2.969,0.027,1.655,2.220,-0.381,-0.445,-0.211
35.600000,1780,0.43720,0.56459,-1.10589,1.86810,-0.60196,-0.57526,-0.98612,0.43635,0.55947,-1.10776,1.86238,-0.58968,-0.57137,-0.98862,0.45599,0.58942,-1.13512,1.87792,-0.60512,-0.54926,-0.99832,3.007,-0.114,1.615,2.244,-0.394,-0.442,-0.215
35.700000,1785,0.43720,0.53140,-1.10589,1.85741,-0.60501,-0.58136,-0.99604,0.43648,0.52900,-1.11004,1.85208,-0.59536,-0.57986,-0.99548,0.45624,0.55860,-1.13696,1.86757,-0.61034,-0.55826,-1.00570,3.037,-0.262,1.581,2.270,-0.404,-0.439,-0.225
35.800000,1790,0.43720,0.50051,-1.10665,1.84711,-0.60844,-0.58975,-1.00024,0.43672,0.49728,-1.11227,1.84091,-0.60125,-0.58910,-1.00258,0.45659,0.52690,-1.13901,1.85646,-0.61614,-0.56747,-1.01324,3.078,-0.418,1.523,2.288,-0.420,-0.435,-0.224
35.900000,1795,0.43720,0.46694,-1.10741,1.83414,-0.61378,-0.59929,-1.00710,0.43712,0.46486,-1.11512,1.82773,-0.60826,-0.59822,-1.00930,0.45715,0.49448,-1.14160,1.84337,-0.62279,-0.57677,-1.02036,3.127,-0.578,1.463,2.306,-0.431,-0.430,-0.221
36.000000,1800,0.43720,0.43604,-1.11237,1.82270,-0.62408,-0.60692,-1.01550,0.43900,0.43604,-1.11704,1.81983,-0.61336,-0.60806,-1.01649,0.45948,0.46645,-1.14216,1.83628,-0.62491,-0.58581,-1.02822,3.357,-0.678,1.774,2.887,0.127,-0.415,-0.244
36.100000,1805,0.43949,0.42078,-1.11199,1.83567,-0.59814,-0.61684,-1.02465,0.44665,0.42661,-1.11231,1.83624,-0.60277,-0.61848,-1.02474,0.46827,0.45970,-1.13433,1.85485,-0.60744,-0.59321,-1.03763,3.453,-0.343,1.891,2.965,0.192,-0.386,-0.249
36.200000,1810,0.45131,0.42154,-1.10360,1.86428,-0.57449,-0.62599,-1.03381,0.45709,0.42618,-1.10293,1.86261,-0.58046,-0.62621,-1.03466,0.47947,0.46053,-1.12363,1.88214,-0.58295,-0.60007,-1.04736,3.491,-0.278,1.902,2.925,0.193,-0.376,-0.251
36.300000,1815,0.46047,0.42116,-1.09254,1.89137,-0.54855,-0.63171,-1.04640,0.46813,0.42671,-1.09223,1.89000,-0.55560,-0.63327,-1.04537,0.49073,0.46154,-1.11283,1.90966,-0.55826,-0.60693,-1.05711,3.522,-0.179,1.907,2.876,0.191,-0.353,-0.247
36.400000,1820,0.47153,0.42230,-1.08338,1.91692,-0.52566,-0.63095,-1.05174,0.47568,0.43674,-1.08261,1.91329,-0.53333,-0.63531,-1.05373,0.49851,0.47224,-1.10423,1.93285,-0.53810,-0.60842,-1.06150,3.416,0.111,1.871,2.819,0.170,0.165,0.179
36.500000,1825,0.47306,0.44710,-1.07995,1.93180,-0.51880,-0.61340,-1.04106,0.47569,0.46679,-1.07631,1.92874,-0.51985,-0.62624,-1.05442,0.49896,0.50307,-1.09974,1.94816,-0.52734,-0.59861,-1.05555,3.186,0.304,1.844,2.791,0.150,0.228,0.334
36.600000,1830,0.47306,0.48372,-1.07728,1.94363,-0.50926,-0.60005,-1.03495,0.47482,0.50028,-1.07131,1.94181,-0.50935,-0.61513,-1.04870,0.49835,0.53686,-1.09615,1.96141,-0.51868,-0.58684,-1.04791,3.181,0.488,1.845,2.764,0.145,0.219,0.338
36.700000,1835,0.47306,0.51729,-1.07499,1.95469,-0.49743,-0.59128,-1.02732,0.47451,0.53373,-1.06754,1.95329,-0.50049,-0.60346,-1.04047,0.49790,0.57028,-1.09320,1.97285,-0.51093,-0.57499,-1.03971,3.177,0.666,1.855,2.737,0.141,0.209,0.336
36.800000,1840,0.47306,0.55162,-1.07079,1.96499,-0.49286,-0.57793,-1.02084,0.47436,0.56654,-1.06419,1.96403,-0.49258,-0.59178,-1.03269,0.49762,0.60309,-1.09051,1.98352,-0.50378,-0.56323,-1.03156,3.170,0.837,1.884,2.715,0.141,0.198,0.326
36.900000,1845,0.47306,0.58481,-1.06812,1.97529,-0.48408,-0.56839,-1.01512,0.47437,0.59875,-1.06080,1.97487,-0.48502,-0.58054,-1.02475,0.49749,0.63526,-1.08771,1.99442,-0.49690,-0.55170,-1.02399,3.161,1.002,1.901,2.688,0.137,0.188,0.321
37.000000,1850,0.47306,0.61762,-1.06545,1.98445,-0.47378,-0.55771,-1.00520,0.47450,0.63091,-1.05795,1.98408,-0.47843,-0.56899,-1.01656,0.49752,0.66736,-1.08552,2.00354,-0.49091,-0.54001,-1.01564,3.154,1.166,1.889,2.646,0.121,0.179,0.327
37.100000,1855,0.47306,0.64966,-1.06507,1.99169,-0.47035,-0.54665,-0.99452,0.47487,0.66306,-1.05575,1.99183,-0.47259,-0.55711,-1.00767,0.49770,0.69941,-1.08385,2.01121,-0.48575,-0.52819,-1.00661,3.144,1.326,1.895,2.608,0.107,0.170,0.325
37.200000,1860,0.47306,0.68209,-1.06354,1.99818,-0.46921,-0.53635,-0.98689,0.47535,0.69506,-1.05381,1.99855,-0.46731,-0.54542,-0.99807,0.49798,0.73136,-1.08251,2.01795,-0.48130,-0.51635,-0.99719,3.131,1.483,1.901,2.566,0.090,0.160,0.323
37.300000,1865,0.47344,0.71413,-1.05973,2.00237,-0.46615,-0.52376,-0.97888,0.47588,0.72693,-1.05228,2.00435,-0.46305,-0.53382,-0.98833,0.49837,0.76322,-1.08150,2.02375,-0.47760,-0.50454,-0.98736,3.117,1.636,1.905,2.516,0.065,0.151,0.320
37.400000,1870,0.47306,0.74656,-1.05935,2.00810,-0.46539,-0.51460,-0.96781,0.47648,0.75869,-1.05097,2.00927,-0.45950,-0.52222,-0.97834,0.49883,0.79495,-1.08080,2.02864,-0.47465,-0.49278,-0.97709,3.100,1.787,1.910,2.460,0.036,0.141,0.317
37.500000,1875,0.47306,0.77860,-1.05782,2.01077,-0.46234,-0.50278,-0.96056,0.47717,0.79029,-1.05011,2.01327,-0.45684,-0.51070,-0.96777,0.49935,0.82653,-1.08041,2.03261,-0.47251,-0.48113,-0.96639,3.082,1.934,1.913,2.392,-0.003,0.131,0.314
37.600000,1880,0.47344,0.81064,-1.05782,2.01344,-0.45929,-0.49209,-0.94569,0.47790,0.82178,-1.04953,2.01626,-0.45508,-0.49939,-0.95651,0.49993,0.85790,-1.08032,2.03564,-0.47120,-0.46965,-0.95524,3.062,2.078,1.916,2.317,-0.046,0.122,0.310
37.700000,1885,0.47344,0.84116,-1.05782,2.01611,-0.45891,-0.48179,-0.93691,0.47872,0.85297,-1.04906,2.01837,-0.45392,-0.48820,-0.94450,0.50053,0.88901,-1.08050,2.03775,-0.47074,-0.45837,-0.94367,3.040,2.218,1.919,2.230,-0.094,0.113,0.306
37.800000,1890,0.47344,0.87321,-1.05782,2.01649,-0.45929,-0.47073,-0.92242,0.47953,0.88371,-1.04897,2.01956,-0.45364,-0.47740,-0.93293,0.50114,0.91979,-1.08096,2.03893,-0.47115,-0.44738,-0.93167,3.016,2.355,1.923,2.138,-0.142,0.104,0.302
37.900000,1895,0.47382,0.90334,-1.05782,2.01725,-0.45929,-0.46234,-0.91212,0.48040,0.91428,-1.04924,2.01974,-0.45440,-0.46690,-0.91974,0.50176,0.95019,-1.08166,2.03917,-0.47243,-0.43671,-0.91927,2.991,2.488,1.925,2.037,-0.190,0.094,0.297
38.000000,1900,0.47382,0.93462,-1.05782,2.01725,-0.46043,-0.45128,-0.89915,0.48124,0.94439,-1.04965,2.01905,-0.45609,-0.45663,-0.90676,0.50237,0.98016,-1.08259,2.03847,-0.47462,-0.42643,-0.90649,2.965,2.618,1.929,1.940,-0.229,0.085,0.292
38.100000,1905,0.47420,0.96438,-1.05744,2.01725,-0.46692,-0.44212,-0.88541,0.48213,0.97400,-1.05053,2.01752,-0.45882,-0.44672,-0.89346,0.50295,1.00964,-1.08373,2.03684,-0.47768,-0.41659,-0.89334,2.937,2.745,1.933,1.841,-0.265,0.076,0.286
38.200000,1910,0.47725,0.99375,-1.05782,2.01687,-0.47035,-0.43564,-0.87359,0.48283,1.00293,-1.05128,2.01484,-0.46213,-0.43776,-0.87975,0.50350,1.03857,-1.08507,2.03429,-0.48162,-0.40724,-0.87987,2.909,2.868,1.937,1.750,-0.291,0.067,0.281
38.300000,1915,0.47954,1.02313,-1.05782,2.01534,-0.47264,-0.42495,-0.85986,0.48360,1.03147,-1.05253,2.01145,-0.46684,-0.42881,-0.86570,0.50400,1.06690,-1.08659,2.03079,-0.48643,-0.39844,-0.86608,2.879,2.988,1.942,1.665,-0.310,0.057,0.275
38.400000,1920,0.48259,1.05174,-1.05782,2.01115,-0.47569,-0.41732,-0.84765,0.48426,1.05926,-1.05376,2.00697,-0.47196,-0.42084,-0.85129,0.50445,1.09459,-1.08825,2.02638,-0.49209,-0.39021,-0.85204,2.850,3.104,1.946,1.584,-0.325,0.046,0.268
38.500000,1925,0.48259,1.07806,-1.05782,2.00543,-0.48141,-0.41237,-0.83124,0.48495,1.08642,-1.05524,2.00160,-0.47810,-0.41326,-0.83647,0.50485,1.12159,-1.09006,2.02105,-0.49856,-0.38261,-0.83776,2.819,3.218,1.952,1.510,-0.335,0.035,0.262
38.600000,1930,0.48298,1.10591,-1.05782,1.99970,-0.49362,-0.40512,-0.81522,0.48561,1.11279,-1.05689,1.99539,-0.48504,-0.40624,-0.82191,0.50518,1.14785,-1.09198,2.01479,-0.50583,-0.37567,-0.82329,2.789,3.328,1.957,1.440,-0.341,0.022,0.255
38.700000,1935,0.48488,1.13185,-1.05782,1.99169,-0.50049,-0.39787,-0.80378,0.48610,1.13844,-1.05868,1.98818,-0.49290,-0.40007,-0.80656,0.50545,1.17334,-1.09400,2.00763,-0.51385,-0.36943,-0.80865,2.759,3.435,1.963,1.372,-0.344,0.006,0.248
38.800000,1940,0.48488,1.15702,-1.05782,1.98254,-0.50468,-0.39329,-0.78699,0.48651,1.16312,-1.06038,1.97999,-0.50122,-0.39493,-0.79151,0.50565,1.19802,-1.09611,1.99957,-0.52259,-0.36390,-0.79391,2.730,3.539,1.969,1.306,-0.347,-0.013,0.241
38.900000,1945,0.48488,1.18220,-1.05782,1.97376,-0.51613,-0.39062,-0.77250,0.48697,1.18713,-1.06228,1.97100,-0.51021,-0.39003,-0.77613,0.50578,1.22185,-1.09829,1.99062,-0.53200,-0.35912,-0.77908,2.700,3.641,1.976,1.241,-0.347,-0.036,0.234
39.000000,1950,0.48488,1.20509,-1.05782,1.96308,-0.52643,-0.38719,-0.75762,0.48722,1.21029,-1.06437,1.96109,-0.52035,-0.38618,-0.76072,0.50585,1.24481,-1.10052,1.98078,-0.54204,-0.35509,-0.76421,2.672,3.740,1.982,1.176,-0.347,-0.063,0.226
39.100000,1955,0.48488,1.22722,-1.05859,1.95240,-0.53177,-0.38643,-0.74274,0.48751,1.23240,-1.06641,1.95027,-0.53068,-0.38311,-0.74507,0.50586,1.26688,-1.10280,1.97007,-0.55265,-0.35183,-0.74933,2.645,3.837,1.990,1.112,-0.346,-0.096,0.219
39.200000,1960,0.48488,1.25049,-1.06011,1.94019,-0.54970,-0.38414,-0.72939,0.48779,1.25376,-1.06871,1.93875,-0.54174,-0.38030,-0.72993,0.50582,1.28803,-1.10510,1.95849,-0.56379,-0.34936,-0.73448,2.618,3.931,1.997,1.048,-0.345,-0.133,0.212
39.300000,1965,0.48488,1.27032,-1.06011,1.92684,-0.55695,-0.38414,-0.71146,0.48786,1.27409,-1.07083,1.92613,-0.55332,-0.37903,-0.71428,0.50572,1.30824,-1.10741,1.94605,-0.57541,-0.34766,-0.71968,2.593,4.023,2.005,0.983,-0.343,-0.175,0.204
39.400000,1970,0.48488,1.28978,-1.06087,1.91349,-0.57106,-0.38414,-0.69735,0.48799,1.29355,-1.07313,1.91280,-0.56529,-0.37785,-0.69900,0.50557,1.32750,-1.10973,1.93277,-0.58746,-0.34674,-0.70498,2.569,4.113,2.013,0.918,-0.342,-0.220,0.197
39.500000,1975,0.48526,1.30961,-1.06240,1.89938,-0.58022,-0.38452,-0.68361,0.48798,1.31188,-1.07534,1.89855,-0.57778,-0.37811,-0.68380,0.50539,1.34580,-1.11204,1.91865,-0.59988,-0.34661,-0.69038,2.547,4.202,2.022,0.853,-0.340,-0.265,0.189
39.600000,1980,0.48488,1.32754,-1.06736,1.88374,-0.59509,-0.38490,-0.66912,0.48800,1.32938,-1.07755,1.88354,-0.59041,-0.37861,-0.66884,0.50517,1.36312,-1.11433,1.90371,-0.61263,-0.34724,-0.67591,2.526,4.288,2.030,0.788,-0.337,-0.309,0.182
39.700000,1985,0.48526,1.34280,-1.06736,1.86771,-0.60692,-0.38681,-0.65157,0.48805,1.34598,-1.08000,1.86769,-0.60370,-0.38011,-0.65349,0.50493,1.37946,-1.11659,1.88795,-0.62565,-0.34862,-0.66160,2.507,4.373,2.040,0.722,-0.335,-0.349,0.175
39.800000,1990,0.48526,1.35921,-1.06927,1.85055,-0.62103,-0.38833,-0.63745,0.48794,1.36130,-1.08205,1.85099,-0.61674,-0.38227,-0.63915,0.50468,1.39482,-1.11881,1.87138,-0.63890,-0.35076,-0.64746,2.489,4.456,2.050,0.656,-0.333,-0.384,0.168
39.900000,1995,0.48565,1.37561,-1.07384,1.83300,-0.63286,-0.39215,-0.62448,0.48790,1.37590,-1.08440,1.83350,-0.63040,-0.38523,-0.62427,0.50441,1.40920,-1.12099,1.85402,-0.65232,-0.35363,-0.63350,2.474,4.537,2.060,0.589,-0.330,-0.413,0.161
40.000000,2000,0.48755,1.38705,-1.07423,1.81431,-0.64774,-0.39520,-0.61113,0.48788,1.38941,-1.08656,1.81525,-0.64391,-0.38877,-0.60995,0.50416,1.42259,-1.12310,1.83587,-0.66589,-0.35721,-0.61972,2.459,4.617,2.070,0.523,-0.328,-0.436,0.154
40.100000,2005,0.48755,1.40308,-1.07423,1.79485,-0.65918,-0.39901,-0.59778,0.48777,1.40176,-1.08869,1.79617,-0.65766,-0.39337,-0.59601,0.50391,1.43501,-1.12515,1.81693,-0.67955,-0.36149,-0.60614,2.447,4.695,2.081,0.456,-0.325,-0.454,0.148
40.200000,2010,0.48755,1.41490,-1.08033,1.77501,-0.67444,-0.40359,-0.58252,0.48767,1.41342,-1.09065,1.77634,-0.67143,-0.39806,-0.58215,0.50368,1.44645,-1.12712,1.79722,-0.69327,-0.36645,-0.59275,2.436,4.771,2.093,0.390,-0.322,-0.468,0.142
40.300000,2015,0.48755,1.42329,-1.08147,1.75442,-0.68512,-0.41237,-0.57108,0.48771,1.42395,-1.09274,1.75562,-0.68523,-0.40407,-0.56783,0.50348,1.45692,-1.12901,1.77674,-0.70701,-0.37207,-0.57955,2.428,4.846,2.104,0.324,-0.319,-0.478,0.136
40.400000,2020,0.48755,1.43359,-1.08491,1.73229,-0.70114,-0.41847,-0.55544,0.48773,1.43360,-1.09469,1.73426,-0.69907,-0.41008,-0.55436,0.50333,1.46643,-1.13080,1.75548,-0.72074,-0.37834,-0.56654,2.421,4.918,2.117,0.258,-0.316,-0.484,0.130
40.500000,2025,0.48755,1.44428,-1.08720,1.71016,-0.71335,-0.42419,-0.54323,0.48772,1.44205,-1.09652,1.71208,-0.71290,-0.41732,-0.54129,0.50322,1.47499,-1.13248,1.73346,-0.73444,-0.38523,-0.55370,2.415,4.987,2.129,0.192,-0.313,-0.488,0.124
40.600000,2030,0.48755,1.45229,-1.08758,1.68689,-0.72937,-0.43182,-0.52873,0.48786,1.44993,-1.09836,1.68909,-0.72668,-0.42467,-0.52774,0.50317,1.48260,-1.13405,1.71067,-0.74808,-0.39273,-0.54102,2.412,5.053,2.142,0.126,-0.310,-0.490,0.119
40.700000,2035,0.48794,1.46068,-1.08834,1.66324,-0.74082,-0.44098,-0.51576,0.48797,1.45659,-1.09996,1.66534,-0.74042,-0.43297,-0.51464,0.50319,1.48929,-1.13550,1.68708,-0.76164,-0.40083,-0.52848,2.410,5.114,2.155,0.061,-0.306,-0.491,0.114
40.800000,2040,0.48794,1.46411,-1.09139,1.63730,-0.75684,-0.44822,-0.50356,0.48819,1.46260,-1.10159,1.64084,-0.75419,-0.44145,-0.50177,0.50329,1.49506,-1.13682,1.66268,-0.77513,-0.40952,-0.51605,2.411,5.170,2.169,-0.004,-0.303,-0.490,0.110
40.900000,2045,0.48794,1.46640,-1.09330,1.61251,-0.76676,-0.45624,-0.49288,0.48850,1.46746,-1.10308,1.61534,-0.76770,-0.45104,-0.48871,0.50348,1.49992,-1.13800,1.63741,-0.78854,-0.41881,-0.50369,2.413,5.221,2.182,-0.070,-0.299,-0.489,0.105
41.000000,2050,0.48794,1.47479,-1.09368,1.58618,-0.78392,-0.46806,-0.47914,0.48888,1.47137,-1.10416,1.58895,-0.78095,-0.46095,-0.47626,0.50377,1.50387,-1.13902,1.61120,-0.80189,-0.42871,-0.49138,2.417,5.264,2.195,-0.135,-0.296,-0.486,0.101
41.100000,2055,0.48794,1.47975,-1.09406,1.55796,-0.79270,-0.47684,-0.46694,0.48938,1.47433,-1.10536,1.56151,-0.79444,-0.47148,-0.46332,0.50420,1.50680,-1.13988,1.58392,-0.81519,-0.43921,-0.47903,2.428,5.271,2.213,-0.200,-0.292,-0.483,0.098
41.200000,2060,0.48794,1.47975,-1.09406,1.52934,-0.81063,-0.48828,-0.45168,0.49024,1.47537,-1.10640,1.53268,-0.80776,-0.48220,-0.45034,0.50491,1.50764,-1.14044,1.55525,-0.82820,-0.45006,-0.46660,2.449,5.227,2.233,-0.262,-0.288,-0.478,0.095
41.300000,2065,0.48832,1.47975,-1.09406,1.49883,-0.81902,-0.49972,-0.44099,0.49104,1.47564,-1.10738,1.50248,-0.82147,-0.49413,-0.43712,0.50573,1.50809,-1.14087,1.52543,-0.84139,-0.46174,-0.45402,2.450,5.360,2.235,-0.325,-0.285,-0.477,0.092
41.400000,2070,0.49022,1.48013,-1.09521,1.46755,-0.83619,-0.51193,-0.42612,0.49176,1.47583,-1.10851,1.47091,-0.83570,-0.50722,-0.42353,0.50653,1.50845,-1.14126,1.49446,-0.85482,-0.47454,-0.44145,2.456,5.349,2.244,-0.391,-0.281,-0.473,0.088
41.500000,2075,0.49061,1.48013,-1.09597,1.43665,-0.84572,-0.52452,-0.41277,0.49258,1.47730,-1.10888,1.44250,-0.85077,-0.51911,-0.40932,0.50771,1.51066,-1.14005,1.46719,-0.86693,-0.48525,-0.42884,2.508,5.745,2.507,-0.417,-0.251,-0.330,0.083
41.600000,2080,0.49099,1.48967,-1.09444,1.43550,-0.85602,-0.50964,-0.39903,0.49416,1.49263,-1.10321,1.44514,-0.86403,-0.51217,-0.39616,0.51036,1.52724,-1.12905,1.47155,-0.86956,-0.47695,-0.41719,2.553,5.800,2.627,0.212,0.158,0.196,0.076
41.700000,2085,0.49709,1.51523,-1.08453,1.46297,-0.85564,-0.48294,-0.38873,0.49698,1.51501,-1.09081,1.46551,-0.86795,-0.49388,-0.38415,0.51374,1.55024,-1.11283,1.49257,-0.86692,-0.45824,-0.40623,2.527,5.782,2.677,0.191,0.197,0.204,0.076
41.800000,2090,0.50167,1.53888,-1.07156,1.48433,-0.85602,-0.46310,-0.37653,0.50057,1.53846,-1.07552,1.48704,-0.86734,-0.47467,-0.37263,0.51715,1.57341,-1.09647,1.51395,-0.86418,-0.43930,-0.39525,2.490,5.757,2.722,0.160,0.201,0.208,0.073
41.900000,2095,0.50205,1.56063,-1.05897,1.50646,-0.85450,-0.44365,-0.36737,0.50365,1.55665,-1.06389,1.51066,-0.86435,-0.45584,-0.36534,0.51999,1.59096,-1.08377,1.53738,-0.85909,-0.42101,-0.38965,2.399,5.673,2.708,0.155,0.333,0.208,-0.395
42.000000,2100,0.50472,1.56635,-1.05782,1.53659,-0.83733,-0.42762,-0.38530,0.50522,1.56100,-1.06299,1.54095,-0.85473,-0.43889,-0.37196,0.52127,1.59430,-1.08157,1.56750,-0.84735,-0.40479,-0.39941,2.342,5.322,2.424,0.210,0.347,0.199,-0.554
42.100000,2105,0.50472,1.56597,-1.05782,1.57093,-0.83046,-0.41313,-0.40208,0.50658,1.56152,-1.06380,1.57260,-0.84174,-0.42341,-0.38502,0.52232,1.59435,-1.08189,1.59876,-0.83388,-0.38977,-0.41286,2.349,5.103,2.428,0.267,0.339,0.191,-0.544
42.200000,2110,0.50472,1.56597,-1.05782,1.60106,-0.81330,-0.39901,-0.41505,0.50769,1.56095,-1.06353,1.60309,-0.82784,-0.40921,-0.39899,0.52339,1.59365,-1.08218,1.62887,-0.82030,-0.37574,-0.42643,2.345,5.038,2.432,0.325,0.329,0.182,-0.533
42.300000,2115,0.50739,1.56558,-1.05820,1.63082,-0.80376,-0.38757,-0.42688,0.50879,1.56037,-1.06273,1.63240,-0.81318,-0.39637,-0.41246,0.52450,1.59300,-1.08235,1.65801,-0.80681,-0.36268,-0.43986,2.356,4.841,2.450,0.379,0.322,0.175,-0.522
42.400000,2120,0.50739,1.56558,-1.05782,1.65866,-0.78583,-0.37536,-0.44214,0.51018,1.55760,-1.06189,1.66040,-0.79860,-0.38361,-0.42611,0.52590,1.59021,-1.08221,1.68574,-0.79286,-0.34996,-0.45317,2.374,4.646,2.468,0.437,0.314,0.167,-0.511
42.500000,2125,0.50777,1.56482,-1.05820,1.68537,-0.77629,-0.36354,-0.45282,0.51182,1.55380,-1.06109,1.68742,-0.78382,-0.37113,-0.43978,0.52746,1.58624,-1.08187,1.71239,-0.77863,-0.33783,-0.46648,2.386,4.505,2.478,0.496,0.307,0.160,-0.501
42.600000,2130,0.51540,1.55834,-1.05782,1.71207,-0.75798,-0.35209,-0.46541,0.51340,1.54909,-1.06003,1.71340,-0.76886,-0.35961,-0.45308,0.52913,1.58132,-1.08136,1.73813,-0.76417,-0.32633,-0.47985,2.399,4.371,2.488,0.556,0.300,0.152,-0.490
42.700000,2135,0.51769,1.55414,-1.05782,1.73649,-0.74539,-0.34103,-0.47647,0.51519,1.54330,-1.05892,1.73861,-0.75370,-0.34860,-0.46707,0.53090,1.57542,-1.08070,1.76302,-0.74943,-0.31546,-0.49337,2.412,4.246,2.495,0.616,0.294,0.143,-0.480
42.800000,2140,0.51807,1.54346,-1.05782,1.76166,-0.72937,-0.33264,-0.49249,0.51710,1.53647,-1.05770,1.76298,-0.73814,-0.33827,-0.48087,0.53275,1.56854,-1.07991,1.78712,-0.73443,-0.30521,-0.50707,2.426,4.125,2.501,0.677,0.287,0.134,-0.470
42.900000,2145,0.51845,1.54003,-1.05782,1.78531,-0.71602,-0.32348,-0.50699,0.51904,1.52855,-1.05612,1.78658,-0.72190,-0.32862,-0.49527,0.53468,1.56067,-1.07899,1.81046,-0.71917,-0.29560,-0.52101,2.440,4.009,2.506,0.739,0.281,0.125,-0.460
43.000000,2150,0.52074,1.53011,-1.05782,1.80820,-0.69962,-0.31318,-0.52187,0.52095,1.51995,-1.05454,1.80945,-0.70581,-0.31943,-0.50949,0.53667,1.55177,-1.07794,1.83303,-0.70366,-0.28666,-0.53522,2.456,3.897,2.509,0.801,0.276,0.115,-0.450
43.100000,2155,0.52112,1.52057,-1.05782,1.83033,-0.67940,-0.30670,-0.53217,0.52306,1.51006,-1.05303,1.83161,-0.68952,-0.31112,-0.52438,0.53871,1.54184,-1.07680,1.85487,-0.68796,-0.27840,-0.54973,2.472,3.787,2.511,0.863,0.270,0.103,-0.441
43.200000,2160,0.52379,1.50722,-1.05782,1.85169,-0.66719,-0.30097,-0.54819,0.52513,1.49914,-1.05122,1.85293,-0.67266,-0.30357,-0.53924,0.54078,1.53088,-1.07555,1.87596,-0.67208,-0.27086,-0.56456,2.489,3.680,2.511,0.926,0.265,0.089,-0.431
43.300000,2165,0.52418,1.49463,-1.05782,1.87229,-0.64964,-0.29220,-0.56307,0.52722,1.48730,-1.04947,1.87363,-0.65601,-0.29635,-0.55483,0.54288,1.51884,-1.07422,1.89629,-0.65608,-0.26408,-0.57974,2.507,3.574,2.510,0.988,0.260,0.073,-0.421
43.400000,2170,0.52799,1.48357,-1.05744,1.89251,-0.63019,-0.28724,-0.57794,0.52921,1.47424,-1.04743,1.89338,-0.63885,-0.29061,-0.57037,0.54498,1.50575,-1.07281,1.91585,-0.64001,-0.25808,-0.59527,2.526,3.469,2.509,1.051,0.255,0.052,-0.411
43.500000,2175,0.53295,1.46869,-1.05286,1.91158,-0.61913,-0.28305,-0.59320,0.53141,1.46024,-1.04564,1.91254,-0.62189,-0.28498,-0.58650,0.54707,1.49159,-1.07133,1.93465,-0.62391,-0.25289,-0.61116,2.546,3.365,2.505,1.114,0.251,0.027,-0.401
43.600000,2180,0.53448,1.45114,-1.05210,1.93028,-0.59967,-0.28114,-0.60694,0.53347,1.44514,-1.04361,1.93083,-0.60505,-0.28047,-0.60293,0.54914,1.47634,-1.06979,1.95266,-0.60787,-0.24856,-0.62741,2.567,3.261,2.501,1.177,0.246,-0.003,-0.392
43.700000,2185,0.53486,1.43741,-1.05096,1.94782,-0.58479,-0.27885,-0.62716,0.53544,1.42861,-1.04148,1.94836,-0.58796,-0.27693,-0.62024,0.55118,1.46000,-1.06819,1.96987,-0.59193,-0.24510,-0.64402,2.589,3.159,2.496,1.240,0.242,-0.044,-0.382
43.800000,2190,0.53562,1.41757,-1.04790,1.96461,-0.56801,-0.27809,-0.64241,0.53742,1.41156,-1.03953,1.96514,-0.57146,-0.27392,-0.63722,0.55316,1.44258,-1.06655,1.98630,-0.57616,-0.24253,-0.66097,2.611,3.056,2.489,1.302,0.238,-0.090,-0.372
43.900000,2195,0.53791,1.40117,-1.04447,1.98025,-0.54817,-0.27770,-0.65844,0.53930,1.39286,-1.03734,1.98103,-0.55477,-0.27226,-0.65516,0.55508,1.42406,-1.06488,2.00189,-0.56064,-0.24090,-0.67826,2.635,2.954,2.482,1.364,0.233,-0.144,-0.363
44.000000,2200,0.53982,1.38019,-1.04371,1.99474,-0.53825,-0.27770,-0.67751,0.54104,1.37361,-1.03532,1.99613,-0.53883,-0.27112,-0.67276,0.55693,1.40445,-1.06318,2.01666,-0.54544,-0.24022,-0.69585,2.659,2.852,2.473,1.425,0.229,-0.206,-0.354
44.100000,2205,0.54020,1.35883,-1.03913,2.01000,-0.52032,-0.27847,-0.69544,0.54284,1.35305,-1.03338,2.01040,-0.52315,-0.27117,-0.69085,0.55868,1.38377,-1.06146,2.03059,-0.53063,-0.24050,-0.71373,2.684,2.750,2.463,1.485,0.225,-0.266,-0.345
44.200000,2210,0.54058,1.33746,-1.03799,2.02374,-0.50430,-0.27961,-0.71222,0.54441,1.33127,-1.03119,2.02381,-0.50781,-0.27224,-0.70955,0.56033,1.36200,-1.05974,2.04365,-0.51630,-0.24178,-0.73186,2.710,2.648,2.451,1.544,0.221,-0.327,-0.336
44.300000,2215,0.54363,1.31381,-1.03646,2.03556,-0.49248,-0.28228,-0.73206,0.54594,1.30861,-1.02919,2.03635,-0.49282,-0.27399,-0.72815,0.56187,1.33915,-1.05805,2.05580,-0.50250,-0.24408,-0.75017,2.737,2.546,2.437,1.602,0.217,-0.379,-0.328
44.400000,2220,0.54630,1.29092,-1.03341,2.04701,-0.47416,-0.28381,-0.74923,0.54726,1.28478,-1.02710,2.04791,-0.47879,-0.27713,-0.74714,0.56329,1.31523,-1.05640,2.06703,-0.48935,-0.24741,-0.76864,2.765,2.443,2.422,1.659,0.212,-0.421,-0.319
44.500000,2225,0.54897,1.26613,-1.03188,2.05807,-0.46539,-0.28953,-0.76792,0.54851,1.26004,-1.02519,2.05860,-0.46520,-0.28101,-0.76593,0.56458,1.29031,-1.05477,2.07739,-0.47690,-0.25171,-0.78722,2.793,2.340,2.407,1.713,0.207,-0.452,-0.311
44.600000,2230,0.55088,1.24019,-1.03150,2.06723,-0.44975,-0.29296,-0.78776,0.54951,1.23432,-1.02326,2.06843,-0.45282,-0.28598,-0.78507,0.56573,1.26443,-1.05316,2.08687,-0.46526,-0.25697,-0.80589,2.822,2.236,2.391,1.765,0.202,-0.475,-0.304
44.700000,2235,0.55126,1.21386,-1.03036,2.07714,-0.43983,-0.29945,-0.80569,0.55044,1.20741,-1.02131,2.07734,-0.44089,-0.29186,-0.80440,0.56674,1.23761,-1.05159,2.09548,-0.45447,-0.26314,-0.82459,2.853,2.132,2.373,1.814,0.195,-0.490,-0.297
44.800000,2240,0.55126,1.18564,-1.02540,2.08554,-0.42839,-0.30937,-0.82400,0.55121,1.17986,-1.01971,2.08536,-0.43035,-0.29870,-0.82319,0.56761,1.20988,-1.05008,2.10321,-0.44460,-0.27019,-0.84327,2.883,2.027,2.353,1.859,0.187,-0.501,-0.290
44.900000,2245,0.55126,1.15741,-1.02502,2.09126,-0.41771,-0.31471,-0.84345,0.55178,1.15110,-1.01777,2.09254,-0.42042,-0.30620,-0.84286,0.56833,1.18129,-1.04865,2.11001,-0.43574,-0.27812,-0.86187,2.915,1.920,2.330,1.898,0.176,-0.508,-0.284
45.000000,2250,0.55126,1.12803,-1.02273,2.09851,-0.41351,-0.32272,-0.86405,0.55227,1.12185,-1.01634,2.09870,-0.41181,-0.31447,-0.86162,0.56893,1.15185,-1.04734,2.11586,-0.42793,-0.28689,-0.88031,2.947,1.813,2.304,1.930,0.163,-0.512,-0.279
45.100000,2255,0.55126,1.09675,-1.02044,2.10308,-0.40779,-0.33340,-0.87931,0.55269,1.09195,-1.01532,2.10391,-0.40464,-0.32361,-0.88000,0.56939,1.12162,-1.04621,2.12070,-0.42123,-0.29652,-0.89850,2.981,1.704,2.274,1.951,0.142,-0.514,-0.273
45.200000,2260,0.55126,1.06776,-1.02044,2.10804,-0.39634,-0.34256,-0.89610,0.55270,1.06067,-1.01388,2.10796,-0.39819,-0.33411,-0.89904,0.56973,1.09065,-1.04525,2.12454,-0.41568,-0.30692,-0.91641,3.015,1.594,2.242,1.964,0.113,-0.514,-0.269
45.300000,2265,0.55164,1.03572,-1.02044,2.10995,-0.39215,-0.35209,-0.91784,0.55284,1.02930,-1.01307,2.11119,-0.39320,-0.34445,-0.91706,0.56997,1.05902,-1.04448,2.12741,-0.41133,-0.31800,-0.93400,3.050,1.482,2.209,1.966,0.072,-0.512,-0.265
45.400000,2270,0.55164,1.00253,-1.02044,2.11071,-0.39138,-0.36430,-0.93615,0.55283,0.99715,-1.01243,2.11338,-0.38945,-0.35562,-0.93487,0.57010,1.02679,-1.04394,2.12930,-0.40818,-0.32968,-0.95122,3.086,1.369,2.172,1.959,0.019,-0.509,-0.261
45.500000,2275,0.55126,0.96934,-1.02044,2.11148,-0.39138,-0.37384,-0.95141,0.55271,0.96456,-1.01226,2.11463,-0.38731,-0.36727,-0.95245,0.57016,0.99404,-1.04364,2.13021,-0.40625,-0.34189,-0.96803,3.123,1.254,2.133,1.945,-0.048,-0.506,-0.258
45.600000,2280,0.55126,0.93691,-1.02044,2.11186,-0.39177,-0.38719,-0.96743,0.55254,0.93132,-1.01211,2.11470,-0.38588,-0.37972,-0.96910,0.57016,0.96084,-1.04361,2.13014,-0.40555,-0.35454,-0.98439,3.161,1.138,2.091,1.926,-0.122,-0.501,-0.256
45.700000,2285,0.55126,0.90334,-1.02044,2.11148,-0.39177,-0.39787,-0.98612,0.55233,0.89785,-1.01254,2.11399,-0.38629,-0.39225,-0.98565,0.57012,0.92726,-1.04388,2.12909,-0.40607,-0.36756,-1.00028,3.199,1.020,2.046,1.908,-0.196,-0.496,-0.254
45.800000,2290,0.55126,0.86901,-1.02044,2.11148,-0.39253,-0.41198,-0.99986,0.55211,0.86411,-1.01324,2.11222,-0.38779,-0.40511,-1.00162,0.57006,0.89338,-1.04448,2.12706,-0.40777,-0.38086,-1.01566,3.238,0.900,1.999,1.894,-0.262,-0.490,-0.253
45.900000,2295,0.55126,0.83468,-1.02044,2.11148,-0.39558,-0.42305,-1.01702,0.55187,0.82998,-1.01431,2.10945,-0.39046,-0.41824,-1.01719,0.57001,0.85928,-1.04542,2.12406,-0.41065,-0.39435,-1.03052,3.278,0.778,1.949,1.886,-0.316,-0.483,-0.252
46.000000,2300,0.55126,0.79958,-1.02044,2.10919,-0.39978,-0.43716,-1.03114,0.55165,0.79557,-1.01554,2.10556,-0.39390,-0.43160,-1.03226,0.56999,0.82503,-1.04674,2.12008,-0.41467,-0.40796,-1.04485,3.318,0.655,1.899,1.885,-0.356,-0.476,-0.252
46.100000,2305,0.55126,0.76487,-1.02044,2.10575,-0.40779,-0.44861,-1.04563,0.55154,0.76141,-1.01744,2.10088,-0.39906,-0.44460,-1.04662,0.57004,0.79070,-1.04845,2.11512,-0.41976,-0.42159,-1.05865,3.359,0.530,1.847,1.890,-0.384,-0.469,-0.253
46.200000,2310,0.55126,0.73130,-1.02044,2.09965,-0.41771,-0.46158,-1.05708,0.55147,0.72701,-1.01973,2.09512,-0.40506,-0.45805,-1.06060,0.57017,0.75636,-1.05057,2.10921,-0.42587,-0.43517,-1.07192,3.400,0.403,1.796,1.900,-0.404,-0.462,-0.253
46.300000,2315,0.55126,0.69697,-1.02082,2.09355,-0.42228,-0.47416,-1.07310,0.55141,0.69240,-1.02220,2.08827,-0.41199,-0.47146,-1.07415,0.57041,0.72205,-1.05310,2.10235,-0.43295,-0.44864,-1.08469,3.442,0.274,1.745,1.914,-0.417,-0.455,-0.254
46.400000,2320,0.55126,0.66149,-1.02082,2.08515,-0.42991,-0.48675,-1.08493,0.55164,0.65836,-1.02546,2.08059,-0.42002,-0.48412,-1.08667,0.57079,0.68780,-1.05606,2.09451,-0.44095,-0.46193,-1.09697,3.484,0.144,1.694,1.929,-0.427,-0.447,-0.256
46.500000,2325,0.55126,0.62792,-1.02158,2.07753,-0.44098,-0.50011,-1.09904,0.55204,0.62417,-1.02924,2.07177,-0.42908,-0.49685,-1.09918,0.57130,0.65366,-1.05957,2.08550,-0.44991,-0.47499,-1.10866,3.518,0.012,1.632,1.942,-0.436,-0.439,-0.256
46.600000,2330,0.55126,0.59587,-1.02807,2.06608,-0.44899,-0.51231,-1.10858,0.55206,0.58983,-1.03325,2.06079,-0.43897,-0.50991,-1.11133,0.57180,0.61974,-1.06399,2.07457,-0.46020,-0.48772,-1.11926,3.558,-0.121,1.582,1.961,-0.441,-0.432,-0.257
46.700000,2335,0.55126,0.56040,-1.03341,2.05387,-0.45814,-0.52490,-1.12078,0.55289,0.55559,-1.03801,2.04970,-0.44971,-0.52197,-1.12220,0.57274,0.58544,-1.06840,2.06348,-0.47074,-0.50030,-1.13029,3.621,-0.260,1.558,1.985,-0.441,-0.426,-0.265
46.800000,2340,0.55164,0.52492,-1.03493,2.04319,-0.47302,-0.53520,-1.13223,0.55423,0.52110,-1.04317,2.03820,-0.46119,-0.53393,-1.13326,0.57407,0.55067,-1.07302,2.05181,-0.48178,-0.51274,-1.14159,3.666,-0.403,1.510,2.002,-0.444,-0.419,-0.269
46.900000,2345,0.55202,0.48982,-1.04371,2.02984,-0.48141,-0.54665,-1.14596,0.55540,0.48572,-1.04796,2.02487,-0.47278,-0.54627,-1.14455,0.57562,0.51558,-1.07835,2.03856,-0.49385,-0.52494,-1.15250,3.700,-0.551,1.454,2.016,-0.447,-0.412,-0.270
47.000000,2350,0.55431,0.45397,-1.05019,2.01420,-0.49782,-0.55771,-1.15550,0.55741,0.45127,-1.05362,2.01094,-0.48489,-0.55839,-1.15510,0.57786,0.48116,-1.08398,2.02464,-0.50558,-0.53747,-1.16301,3.851,-0.684,1.488,2.051,-0.390,-0.416,-0.277
47.100000,2355,0.55775,0.42650,-1.05363,2.01000,-0.48523,-0.57831,-1.16427,0.56600,0.43155,-1.05429,2.00990,-0.48039,-0.58305,-1.16324,0.58725,0.46332,-1.08319,2.02516,-0.49701,-0.55974,-1.17235,3.982,-0.631,1.902,2.633,0.221,-0.434,-0.254
47.200000,2360,0.57720,0.42345,-1.05134,2.02259,-0.44784,-0.61378,-1.16847,0.58012,0.42675,-1.04905,2.02046,-0.45539,-0.61602,-1.17015,0.60247,0.46059,-1.07741,2.03722,-0.47093,-0.59076,-1.17934,4.021,-0.483,1.934,2.582,0.227,-0.424,-0.249
47.300000,2365,0.59055,0.42078,-1.04638,2.03366,-0.42190,-0.64926,-1.17610,0.59551,0.42385,-1.04344,2.03284,-0.42756,-0.64747,-1.17795,0.61812,0.45828,-1.07138,2.04983,-0.44388,-0.62259,-1.18637,4.055,-0.458,1.937,2.515,0.226,-0.409,-0.254
47.400000,2370,0.60543,0.41887,-1.04180,2.04548,-0.39062,-0.67787,-1.18335,0.61087,0.42092,-1.03787,2.04503,-0.39963,-0.68019,-1.18559,0.63393,0.45595,-1.06529,2.06256,-0.41655,-0.65473,-1.19347,4.087,-0.431,1.937,2.445,0.224,-0.393,-0.257
47.500000,2375,0.62336,0.41582,-1.03722,2.05731,-0.36506,-0.70954,-1.19136,0.62629,0.41795,-1.03257,2.05718,-0.37198,-0.71269,-1.19357,0.64976,0.45365,-1.05919,2.07532,-0.38918,-0.68689,-1.20057,4.115,-0.367,1.933,2.374,0.222,-0.375,-0.255
47.600000,2380,0.63709,0.41620,-1.03188,2.06875,-0.33912,-0.73281,-1.19441,0.63660,0.42537,-1.02811,2.06902,-0.34859,-0.73321,-1.19899,0.66082,0.46232,-1.05372,2.08829,-0.36523,-0.70527,-1.20251,4.017,0.145,1.910,2.325,0.205,0.092,0.265
47.700000,2385,0.63709,0.43680,-1.03150,2.08325,-0.33035,-0.70801,-1.18068,0.63655,0.45781,-1.02482,2.08299,-0.33446,-0.72114,-1.19758,0.66157,0.49597,-1.04854,2.10297,-0.34841,-0.69201,-1.19396,3.768,0.328,1.950,2.314,0.200,0.318,0.321
47.800000,2390,0.63709,0.47876,-1.02502,2.09698,-0.31204,-0.68436,-1.17495,0.63625,0.49394,-1.01989,2.09689,-0.31868,-0.70441,-1.19020,0.66154,0.53249,-1.04364,2.11714,-0.33283,-0.67463,-1.18422,3.733,0.498,1.937,2.289,0.200,0.305,0.327
47.900000,2395,0.63671,0.51462,-1.02196,2.10995,-0.29945,-0.66910,-1.16618,0.63646,0.53067,-1.01520,2.10950,-0.30326,-0.68650,-1.18012,0.66166,0.56918,-1.03976,2.12969,-0.31827,-0.65657,-1.17363,3.718,0.663,1.946,2.268,0.201,0.292,0.326
48.000000,2400,0.63709,0.55200,-1.01853,2.12139,-0.28495,-0.65117,-1.15626,0.63743,0.56712,-1.01064,2.12154,-0.28800,-0.66833,-1.16954,0.66250,0.60562,-1.03573,2.14179,-0.30367,-0.63822,-1.16324,3.726,0.823,1.982,2.246,0.205,0.278,0.322
48.100000,2405,0.63709,0.58901,-1.01319,2.13208,-0.27046,-0.63248,-1.14672,0.63869,0.60375,-1.00645,2.13266,-0.27337,-0.64961,-1.15884,0.66358,0.64221,-1.03229,2.15281,-0.28986,-0.61934,-1.15231,3.674,0.981,1.954,2.215,0.203,0.265,0.326
48.200000,2410,0.63709,0.62601,-1.01090,2.14123,-0.25711,-0.61760,-1.13566,0.63992,0.64077,-1.00324,2.14230,-0.25990,-0.63012,-1.14739,0.66466,0.67918,-1.02985,2.16241,-0.27737,-0.59979,-1.14038,3.640,1.136,1.948,2.186,0.204,0.251,0.326
48.300000,2415,0.63747,0.66378,-1.00747,2.14924,-0.24490,-0.59624,-1.12231,0.64134,0.67795,-1.00066,2.15093,-0.24768,-0.61047,-1.13514,0.66593,0.71638,-1.02797,2.17101,-0.26581,-0.57976,-1.12777,3.604,1.287,1.942,2.154,0.203,0.236,0.326
48.400000,2420,0.63747,0.70154,-1.00709,2.15687,-0.23384,-0.57640,-1.11048,0.64298,0.71541,-0.99859,2.15864,-0.23629,-0.58998,-1.12203,0.66736,0.75377,-1.02664,2.17862,-0.25527,-0.55930,-1.11445,3.563,1.435,1.936,2.117,0.202,0.222,0.326
48.500000,2425,0.64014,0.73931,-1.00632,2.16412,-0.22659,-0.55923,-1.09599,0.64474,0.75296,-0.99705,2.16521,-0.22586,-0.56948,-1.10788,0.66892,0.79131,-1.02584,2.18524,-0.24585,-0.53849,-1.10037,3.519,1.579,1.928,2.074,0.197,0.208,0.325
48.600000,2430,0.64014,0.77707,-1.00556,2.16908,-0.21133,-0.53825,-1.08416,0.64661,0.79060,-0.99585,2.17081,-0.21675,-0.54876,-1.09297,0.67057,0.82892,-1.02554,2.19086,-0.23766,-0.51742,-1.08550,3.470,1.719,1.920,2.023,0.189,0.193,0.324
48.700000,2435,0.64281,0.81522,-1.00518,2.17442,-0.20713,-0.51803,-1.06814,0.64851,0.82838,-0.99535,2.17554,-0.20926,-0.52749,-1.07757,0.67226,0.86652,-1.02572,2.19549,-0.23076,-0.49622,-1.06984,3.416,1.856,1.914,1.963,0.173,0.179,0.323
48.800000,2440,0.64930,0.85299,-1.00518,2.17633,-0.20408,-0.49743,-1.04907,0.65046,0.86595,-0.99522,2.17919,-0.20301,-0.50640,-1.06117,0.67396,0.90401,-1.02634,2.19908,-0.22528,-0.47498,-1.05338,3.359,1.988,1.908,1.891,0.143,0.165,0.321
48.900000,2445,0.65083,0.89075,-1.00518,2.17823,-0.20103,-0.47874,-1.03228,0.65247,0.90326,-0.99552,2.18174,-0.19821,-0.48553,-1.04386,0.67564,0.94129,-1.02738,2.20166,-0.22128,-0.45383,-1.03614,3.298,2.117,1.905,1.809,0.095,0.151,0.319
49.000000,2450,0.65121,0.92890,-1.00480,2.17938,-0.20027,-0.45967,-1.01740,0.65439,0.94037,-0.99639,2.18338,-0.19523,-0.46464,-1.02601,0.67725,0.97827,-1.02877,2.20321,-0.21881,-0.43291,-1.01815,3.234,2.241,1.904,1.717,0.023,0.137,0.317
49.100000,2455,0.65121,0.96591,-1.00480,2.17976,-0.20065,-0.43869,-0.99833,0.65623,0.97703,-0.99734,2.18386,-0.19346,-0.44435,-1.00677,0.67877,1.01484,-1.03050,2.20373,-0.21795,-0.41233,-0.99941,3.167,2.362,1.904,1.617,-0.069,0.124,0.314
49.200000,2460,0.65426,1.00100,-1.00480,2.17976,-0.20103,-0.41771,-0.97964,0.65795,1.01332,-0.99873,2.18341,-0.19371,-0.42423,-0.98698,0.68016,1.05092,-1.03251,2.20321,-0.21869,-0.39223,-0.97999,3.097,2.478,1.906,1.516,-0.160,0.112,0.310
49.300000,2465,0.65464,1.03762,-1.00480,2.17976,-0.20446,-0.39978,-0.95942,0.65953,1.04892,-1.00028,2.18188,-0.19547,-0.40499,-0.96677,0.68139,1.08641,-1.03482,2.20160,-0.22106,-0.37281,-0.95986,3.023,2.591,1.905,1.411,-0.237,0.100,0.306
49.400000,2470,0.65655,1.07348,-1.00480,2.17938,-0.20828,-0.38261,-0.93729,0.66092,1.08397,-1.00230,2.17913,-0.19890,-0.38657,-0.94539,0.68241,1.12125,-1.03743,2.19883,-0.22504,-0.35432,-0.93899,2.949,2.700,1.908,1.319,-0.289,0.088,0.302
49.500000,2475,0.65655,1.10858,-1.00480,2.17747,-0.21171,-0.36544,-0.91631,0.66220,1.11818,-1.00458,2.17551,-0.20408,-0.36891,-0.92398,0.68334,1.15535,-1.04014,2.19511,-0.23047,-0.33658,-0.91762,2.901,2.805,1.936,1.252,-0.303,0.079,0.296
49.600000,2480,0.65731,1.14177,-1.00480,2.17404,-0.21247,-0.34904,-0.89266,0.66412,1.15188,-1.00607,2.17147,-0.20923,-0.35164,-0.90149,0.68495,1.18888,-1.04208,2.19119,-0.23569,-0.31902,-0.89609,2.868,2.906,1.981,1.193,-0.300,0.071,0.290
49.700000,2485,0.66494,1.17534,-1.00556,2.16984,-0.22087,-0.33302,-0.87359,0.66550,1.18473,-1.00792,2.16642,-0.21608,-0.33512,-0.87896,0.68594,1.22141,-1.04453,2.18598,-0.24331,-0.30269,-0.87411,2.734,3.003,1.939,1.097,-0.345,0.060,0.284
49.800000,2490,0.66532,1.20776,-1.00594,2.16221,-0.23498,-0.31814,-0.85223,0.66636,1.21635,-1.01044,2.15991,-0.22564,-0.32018,-0.85616,0.68622,1.25285,-1.04754,2.17938,-0.25343,-0.28774,-0.85171,2.655,3.098,1.946,1.033,-0.350,0.052,0.278
49.900000,2495,0.66570,1.23904,-1.00594,2.15382,-0.24223,-0.30593,-0.82972,0.66676,1.24694,-1.01292,2.15226,-0.23681,-0.30667,-0.83268,0.68626,1.28326,-1.05059,2.17178,-0.26502,-0.27392,-0.82909,2.580,3.190,1.957,0.973,-0.352,0.044,0.270
50.000000,2500,0.66723,1.26918,-1.00785,2.14543,-0.25863,-0.29220,-0.80340,0.66700,1.27654,-1.01558,2.14378,-0.24959,-0.29405,-0.80924,0.68606,1.31261,-1.05366,2.16322,-0.27796,-0.26130,-0.80634,2.505,3.280,1.967,0.916,-0.352,0.036,0.262
50.100000,2505,0.66723,1.29855,-1.00938,2.13551,-0.26893,-0.28266,-0.78280,0.66653,1.30458,-1.01848,2.13387,-0.26398,-0.28330,-0.78572,0.68522,1.34040,-1.05708,2.15329,-0.29282,-0.25046,-0.78363,2.379,3.366,1.945,0.856,-0.355,0.021,0.253
50.200000,2510,0.66723,1.32602,-1.01510,2.12330,-0.28839,-0.27542,-0.75762,0.66539,1.33096,-1.02194,2.12250,-0.28068,-0.27439,-0.76242,0.68358,1.36642,-1.06099,2.14183,-0.30974,-0.24167,-0.76106,2.338,3.453,1.972,0.809,-0.352,0.013,0.245
50.300000,2515,0.66723,1.35158,-1.01510,2.11148,-0.30326,-0.26512,-0.73664,0.66478,1.35685,-1.02507,2.11087,-0.29739,-0.26596,-0.73894,0.68262,1.39224,-1.06408,2.13034,-0.32616,-0.23308,-0.73841,2.309,3.537,2.008,0.758,-0.348,0.007,0.236
50.400000,2520,0.66723,1.37752,-1.01777,2.09927,-0.32081,-0.25939,-0.71337,0.66421,1.38191,-1.02775,2.09860,-0.31437,-0.25861,-0.71513,0.68165,1.41706,-1.06696,2.11814,-0.34319,-0.22561,-0.71588,2.247,3.619,2.022,0.702,-0.347,-0.010,0.227
50.500000,2525,0.66685,1.40155,-1.02158,2.08592,-0.33989,-0.25405,-0.68819,0.66344,1.40576,-1.03033,2.08551,-0.33223,-0.25268,-0.69193,0.68050,1.44070,-1.06980,2.10508,-0.36098,-0.21948,-0.69357,2.189,3.698,2.034,0.647,-0.345,-0.036,0.217
50.600000,2530,0.66685,1.42520,-1.02158,2.07142,-0.35591,-0.25215,-0.66874,0.66257,1.42835,-1.03301,2.07145,-0.35052,-0.24806,-0.66867,0.67921,1.46309,-1.07264,2.09111,-0.37940,-0.21476,-0.67152,2.134,3.776,2.045,0.591,-0.343,-0.076,0.208
50.700000,2535,0.66685,1.44771,-1.02692,2.05654,-0.37460,-0.24909,-0.64470,0.66143,1.44973,-1.03566,2.05653,-0.36961,-0.24483,-0.64604,0.67779,1.48424,-1.07546,2.07626,-0.39835,-0.21144,-0.64977,2.084,3.853,2.059,0.536,-0.342,-0.128,0.198
50.800000,2540,0.66685,1.46678,-1.02845,2.04014,-0.39444,-0.24795,-0.62372,0.66034,1.46997,-1.03847,2.04083,-0.38914,-0.24280,-0.62355,0.67626,1.50420,-1.07822,2.06059,-0.41772,-0.20939,-0.62841,2.037,3.928,2.074,0.481,-0.340,-0.191,0.189
50.900000,2545,0.66456,1.48624,-1.03036,2.02297,-0.41618,-0.24757,-0.60121,0.65912,1.48896,-1.04110,2.02429,-0.40889,-0.24193,-0.60178,0.67465,1.52296,-1.08094,2.04412,-0.43741,-0.20861,-0.60745,1.994,4.003,2.087,0.425,-0.338,-0.264,0.180
51.000000,2550,0.66456,1.50493,-1.03455,2.00543,-0.43449,-0.24871,-0.57985,0.65766,1.50648,-1.04370,2.00679,-0.42880,-0.24284,-0.58033,0.67297,1.54045,-1.08365,2.02676,-0.45729,-0.20915,-0.58691,1.955,4.075,2.100,0.370,-0.336,-0.340,0.171
51.100000,2555,0.66418,1.52172,-1.03532,1.98750,-0.45357,-0.25329,-0.55925,0.65626,1.52295,-1.04642,1.98847,-0.44899,-0.24471,-0.55919,0.67125,1.55669,-1.08632,2.00856,-0.47726,-0.21094,-0.56682,1.921,4.147,2.115,0.315,-0.334,-0.401,0.162
51.200000,2560,0.66341,1.53812,-1.04104,1.96842,-0.47416,-0.25672,-0.53903,0.65485,1.53827,-1.04916,1.96941,-0.46932,-0.24762,-0.53856,0.66950,1.57173,-1.08893,1.98957,-0.49725,-0.21387,-0.54721,1.890,4.218,2.130,0.261,-0.331,-0.446,0.153
51.300000,2565,0.66112,1.55185,-1.04180,1.94782,-0.49515,-0.26168,-0.51996,0.65338,1.55235,-1.05193,1.94953,-0.48954,-0.25172,-0.51822,0.66774,1.58561,-1.09148,1.96982,-0.51716,-0.21791,-0.52808,1.862,4.288,2.146,0.207,-0.329,-0.477,0.145
51.400000,2570,0.65807,1.56558,-1.04714,1.92761,-0.51155,-0.26550,-0.50127,0.65175,1.56505,-1.05432,1.92885,-0.50939,-0.25695,-0.49939,0.66600,1.59834,-1.09395,1.94931,-0.53692,-0.22299,-0.50942,1.839,4.357,2.163,0.153,-0.326,-0.499,0.137
51.500000,2575,0.65426,1.57970,-1.04790,1.90548,-0.53024,-0.27236,-0.48258,0.65033,1.57671,-1.05685,1.90740,-0.52906,-0.26321,-0.48024,0.66429,1.60993,-1.09634,1.92804,-0.55644,-0.22908,-0.49124,1.819,4.424,2.180,0.099,-0.323,-0.512,0.130
51.600000,2580,0.65311,1.58809,-1.04905,1.88335,-0.55160,-0.28266,-0.46236,0.64893,1.58761,-1.05944,1.88526,-0.54872,-0.27021,-0.46099,0.66263,1.62040,-1.09865,1.90605,-0.57565,-0.23613,-0.47350,1.802,4.489,2.197,0.046,-0.320,-0.519,0.123
51.700000,2585,0.65311,1.59877,-1.05401,1.85970,-0.57297,-0.28839,-0.44443,0.64752,1.59722,-1.06205,1.86249,-0.56803,-0.27782,-0.44318,0.66103,1.62978,-1.10087,1.88331,-0.59450,-0.24408,-0.45619,1.789,4.552,2.214,-0.006,-0.316,-0.522,0.116
51.800000,2590,0.65273,1.60221,-1.05477,1.83681,-0.58899,-0.29525,-0.42917,0.64623,1.60565,-1.06455,1.83884,-0.58687,-0.28688,-0.42527,0.65952,1.63807,-1.10299,1.85984,-0.61292,-0.25291,-0.43929,1.780,4.611,2.232,-0.058,-0.313,-0.522,0.110
51.900000,2595,0.65273,1.61594,-1.05477,1.81164,-0.60616,-0.30670,-0.41048,0.64489,1.61279,-1.06660,1.81434,-0.60490,-0.29690,-0.40821,0.65810,1.64530,-1.10502,1.83563,-0.63087,-0.26255,-0.42275,1.774,4.667,2.249,-0.110,-0.309,-0.520,0.105
52.000000,2600,0.65006,1.61670,-1.05859,1.78684,-0.62676,-0.31585,-0.39445,0.64377,1.61930,-1.06904,1.78930,-0.62286,-0.30689,-0.39122,0.65679,1.65151,-1.10693,1.81067,-0.64832,-0.27298,-0.40651,1.771,4.717,2.267,-0.160,-0.305,-0.518,0.099
52.100000,2605,0.65006,1.62853,-1.06126,1.76052,-0.64011,-0.32692,-0.37881,0.64256,1.62418,-1.07084,1.76320,-0.63966,-0.31873,-0.37489,0.65562,1.65669,-1.10874,1.78492,-0.66525,-0.28416,-0.39054,1.772,4.760,2.285,-0.211,-0.301,-0.514,0.095
52.200000,2610,0.65006,1.63234,-1.06126,1.73343,-0.65804,-0.33989,-0.36012,0.64174,1.62870,-1.07311,1.73652,-0.65663,-0.33029,-0.35812,0.65459,1.66089,-1.11043,1.75834,-0.68167,-0.29607,-0.37475,1.776,4.796,2.302,-0.260,-0.297,-0.509,0.091
52.300000,2615,0.65006,1.63234,-1.06126,1.70559,-0.67520,-0.35133,-0.34296,0.64091,1.63147,-1.07513,1.70866,-0.67278,-0.34298,-0.34193,0.65369,1.66351,-1.11200,1.73067,-0.69741,-0.30866,-0.35917,1.781,4.747,2.321,-0.309,-0.291,-0.504,0.087
52.400000,2620,0.64777,1.63234,-1.06469,1.67621,-0.68627,-0.36430,-0.33113,0.64023,1.63206,-1.07686,1.67949,-0.68802,-0.35628,-0.32606,0.65293,1.66414,-1.11340,1.70169,-0.71237,-0.32189,-0.34377,1.802,4.791,2.340,-0.354,-0.287,-0.500,0.085
52.500000,2625,0.64777,1.63272,-1.06774,1.64608,-0.70572,-0.37765,-0.31282,0.63983,1.63343,-1.07871,1.64955,-0.70344,-0.37042,-0.30976,0.65251,1.66556,-1.11470,1.67209,-0.72743,-0.33595,-0.32793,1.824,4.897,2.353,-0.403,-0.284,-0.495,0.083
52.600000,2630,0.64777,1.63272,-1.06774,1.61480,-0.71564,-0.39329,-0.29565,0.63943,1.63372,-1.08073,1.61813,-0.71906,-0.38597,-0.29277,0.65231,1.66615,-1.11599,1.64129,-0.74214,-0.35093,-0.31204,1.830,4.838,2.357,-0.453,-0.278,-0.490,0.080
52.700000,2635,0.64777,1.63272,-1.06889,1.58199,-0.73395,-0.40664,-0.27963,0.63913,1.63303,-1.08247,1.58640,-0.73458,-0.40142,-0.27564,0.65222,1.66593,-1.11646,1.61038,-0.75582,-0.36582,-0.29612,1.833,5.110,2.624,-0.487,-0.264,-0.468,0.079
52.800000,2640,0.64739,1.63883,-1.06698,1.56597,-0.73929,-0.40245,-0.26094,0.63637,1.64131,-1.07279,1.57473,-0.74837,-0.40167,-0.25677,0.65056,1.67563,-1.10199,1.60067,-0.76030,-0.36409,-0.27913,1.657,5.307,2.818,0.070,0.192,0.178,0.079
52.900000,2645,0.63671,1.65981,-1.04256,1.58008,-0.73509,-0.37384,-0.24186,0.63194,1.65727,-1.05010,1.58380,-0.75323,-0.38445,-0.23871,0.64679,1.69242,-1.07359,1.61067,-0.75564,-0.34646,-0.26209,1.605,5.311,2.859,0.101,0.289,0.195,0.080
53.000000,2650,0.63366,1.67659,-1.01510,1.59267,-0.73319,-0.35514,-0.22317,0.62811,1.67481,-1.02286,1.59486,-0.75144,-0.36560,-0.22041,0.64288,1.70966,-1.04428,1.62167,-0.75050,-0.32793,-0.24492,1.578,5.308,2.891,0.059,0.285,0.200,0.081
53.100000,2655,0.63099,1.69262,-0.98839,1.60373,-0.73204,-0.33493,-0.20829,0.62494,1.69077,-0.99751,1.60780,-0.74799,-0.34668,-0.20510,0.63951,1.72512,-1.01766,1.63444,-0.74461,-0.30944,-0.23089,1.648,5.271,2.896,0.039,0.329,0.204,-0.002
53.200000,2660,0.63137,1.70253,-0.97924,1.62738,-0.72823,-0.31585,-0.22088,0.62564,1.69648,-0.99043,1.63344,-0.73963,-0.32723,-0.20894,0.64018,1.72980,-1.00921,1.66005,-0.73366,-0.29098,-0.23798,1.914,4.958,2.617,0.081,0.350,0.202,-0.575
53.300000,2665,0.63137,1.70215,-0.98191,1.66362,-0.71335,-0.29792,-0.24072,0.62904,1.69805,-0.99101,1.66562,-0.72738,-0.30860,-0.22438,0.64339,1.73078,-1.00916,1.69194,-0.72022,-0.27274,-0.25434,1.944,4.763,2.554,0.120,0.344,0.196,-0.566
53.400000,2670,0.63213,1.70215,-0.98229,1.69491,-0.70229,-0.28114,-0.25789,0.63259,1.69716,-0.99077,1.69650,-0.71249,-0.29104,-0.24129,0.64685,1.72972,-1.00939,1.72252,-0.70569,-0.25530,-0.27107,1.961,4.542,2.541,0.161,0.337,0.189,-0.555
53.500000,2675,0.63442,1.70177,-0.98229,1.72466,-0.68321,-0.26512,-0.27543,0.63629,1.69508,-0.99030,1.72620,-0.69674,-0.27444,-0.25826,0.65059,1.72758,-1.00961,1.75194,-0.69034,-0.23866,-0.28775,1.982,4.396,2.543,0.203,0.329,0.182,-0.543
53.600000,2680,0.63709,1.70139,-0.98229,1.75365,-0.67177,-0.25176,-0.29184,0.64047,1.69340,-0.98938,1.75533,-0.68014,-0.25820,-0.27480,0.65471,1.72589,-1.00944,1.78077,-0.67461,-0.22257,-0.30391,2.003,4.334,2.568,0.243,0.321,0.177,-0.530
53.700000,2685,0.64014,1.70139,-0.98229,1.78226,-0.65308,-0.23422,-0.30595,0.64487,1.69109,-0.98836,1.78356,-0.66316,-0.24273,-0.29110,0.65915,1.72352,-1.00904,1.80878,-0.65812,-0.20704,-0.31997,2.015,4.100,2.553,0.281,0.316,0.170,-0.520
53.800000,2690,0.64854,1.69719,-0.98229,1.80858,-0.63629,-0.22087,-0.32121,0.64944,1.68658,-0.98744,1.81051,-0.64475,-0.22798,-0.30744,0.66375,1.71879,-1.00876,1.83550,-0.64034,-0.19230,-0.33658,2.034,3.940,2.545,0.324,0.310,0.163,-0.509
53.900000,2695,0.65159,1.69033,-0.98229,1.83529,-0.61722,-0.20713,-0.33876,0.65439,1.68075,-0.98680,1.83674,-0.62555,-0.21377,-0.32485,0.66855,1.71288,-1.00842,1.86140,-0.62160,-0.17831,-0.35353,2.055,3.805,2.540,0.368,0.304,0.155,-0.497
54.000000,2700,0.65655,1.68461,-0.98229,1.86047,-0.59700,-0.19492,-0.35516,0.65929,1.67376,-0.98549,1.86207,-0.60493,-0.20061,-0.34232,0.67354,1.70586,-1.00801,1.88654,-0.60196,-0.16511,-0.37089,2.078,3.676,2.533,0.413,0.299,0.148,-0.486
54.100000,2705,0.65998,1.67278,-0.98229,1.88564,-0.57449,-0.18157,-0.37271,0.66450,1.66587,-0.98488,1.88680,-0.58396,-0.18807,-0.36013,0.67871,1.69772,-1.00755,1.91093,-0.58146,-0.15276,-0.38876,2.102,3.553,2.526,0.459,0.294,0.139,-0.474
54.200000,2710,0.66761,1.66515,-0.98229,1.90929,-0.55313,-0.17204,-0.38950,0.66980,1.65652,-0.98350,1.91070,-0.56144,-0.17659,-0.37910,0.68401,1.68843,-1.00703,1.93459,-0.56013,-0.14132,-0.40722,2.127,3.434,2.518,0.505,0.289,0.130,-0.462
54.300000,2715,0.67295,1.65599,-0.98229,1.93256,-0.52986,-0.16135,-0.40819,0.67525,1.64604,-0.98224,1.93391,-0.53825,-0.16614,-0.39841,0.68943,1.67797,-1.00648,1.95751,-0.53805,-0.13088,-0.42631,2.154,3.318,2.508,0.552,0.284,0.119,-0.450
54.400000,2720,0.67677,1.64264,-0.98229,1.95545,-0.50812,-0.15258,-0.42612,0.68071,1.63447,-0.98093,1.95634,-0.51426,-0.15675,-0.41836,0.69494,1.66627,-1.00589,1.97967,-0.51531,-0.12152,-0.44612,2.183,3.204,2.496,0.600,0.280,0.106,-0.437
54.500000,2725,0.68478,1.62891,-0.98191,1.97682,-0.48332,-0.14724,-0.44862,0.68628,1.62138,-0.97969,1.97795,-0.48951,-0.14835,-0.43930,0.70045,1.65314,-1.00533,2.00095,-0.49199,-0.11340,-0.46672,2.213,3.091,2.481,0.648,0.276,0.087,-0.425
54.600000,2730,0.68974,1.61480,-0.98191,1.99703,-0.45967,-0.13923,-0.47075,0.69186,1.60704,-0.97858,1.99874,-0.46443,-0.14133,-0.46084,0.70599,1.63866,-1.00481,2.02142,-0.46820,-0.10660,-0.48813,2.248,2.980,2.465,0.697,0.272,0.061,-0.412
54.700000,2735,0.69279,1.59915,-0.98191,2.01763,-0.43640,-0.13236,-0.49097,0.69749,1.59151,-0.97763,2.01888,-0.43904,-0.13544,-0.48332,0.71155,1.62298,-1.00433,2.04117,-0.44407,-0.10112,-0.51034,2.284,2.871,2.451,0.747,0.268,0.025,-0.399
54.800000,2740,0.70118,1.58084,-0.98115,2.03671,-0.40970,-0.13007,-0.51386,0.70300,1.57470,-0.97636,2.03815,-0.41306,-0.13143,-0.50644,0.71711,1.60607,-1.00385,2.06020,-0.41971,-0.09705,-0.53337,2.323,2.762,2.437,0.796,0.265,-0.028,-0.386
54.900000,2745,0.70690,1.56482,-0.98115,2.05540,-0.38299,-0.12931,-0.53636,0.70876,1.55682,-0.97479,2.05686,-0.38674,-0.12819,-0.53051,0.72295,1.58831,-1.00301,2.07862,-0.39491,-0.09389,-0.55683,2.381,2.656,2.483,0.844,0.263,-0.026,-0.371
55.000000,2750,0.71377,1.54422,-0.98076,2.07371,-0.35629,-0.12664,-0.55963,0.71534,1.53902,-0.97262,2.07525,-0.36005,-0.12461,-0.55410,0.72963,1.57036,-1.00120,2.09668,-0.36925,-0.09072,-0.58013,2.419,2.547,2.466,0.886,0.260,-0.112,-0.359
55.100000,2755,0.72025,1.52553,-0.97962,2.09164,-0.33149,-0.12702,-0.58367,0.72123,1.51889,-0.97096,2.09255,-0.33318,-0.12414,-0.57938,0.73533,1.55013,-1.00027,2.11350,-0.34448,-0.09067,-0.60505,2.446,2.439,2.409,0.931,0.255,-0.287,-0.347
55.200000,2760,0.72292,1.50340,-0.97924,2.10804,-0.30517,-0.13122,-0.60694,0.72660,1.49736,-0.96944,2.10882,-0.30713,-0.12585,-0.60526,0.74063,1.52837,-0.99951,2.12941,-0.32022,-0.09266,-0.63086,2.490,2.334,2.397,0.979,0.252,-0.380,-0.334
55.300000,2765,0.72750,1.48052,-0.97924,2.12292,-0.27999,-0.13541,-0.63631,0.73154,1.47437,-0.96790,2.12430,-0.28144,-0.12938,-0.63227,0.74572,1.50532,-0.99870,2.14447,-0.29645,-0.09640,-0.65728,2.535,2.229,2.385,1.025,0.248,-0.447,-0.321
55.400000,2770,0.73399,1.45648,-0.97542,2.13704,-0.25405,-0.14381,-0.66072,0.73641,1.45000,-0.96647,2.13885,-0.25657,-0.13447,-0.65949,0.75054,1.48098,-0.99782,2.15869,-0.27336,-0.10188,-0.68424,2.582,2.126,2.373,1.071,0.244,-0.489,-0.309
55.500000,2775,0.73704,1.43016,-0.97466,2.15153,-0.23193,-0.15258,-0.68934,0.74094,1.42448,-0.96510,2.15263,-0.23298,-0.14121,-0.68743,0.75507,1.45533,-0.99687,2.17200,-0.25114,-0.10917,-0.71166,2.630,2.023,2.361,1.117,0.240,-0.513,-0.296
55.600000,2780,0.73971,1.40346,-0.97428,2.16450,-0.20675,-0.16021,-0.71566,0.74505,1.39765,-0.96359,2.16548,-0.21035,-0.14992,-0.71589,0.75929,1.42841,-0.99586,2.18443,-0.22995,-0.11823,-0.73944,2.678,1.921,2.349,1.161,0.236,-0.526,-0.284
55.700000,2785,0.74810,1.37599,-0.97275,2.17671,-0.18577,-0.17127,-0.74656,0.74865,1.36966,-0.96196,2.17732,-0.18873,-0.16044,-0.74408,0.76317,1.40022,-0.99477,2.19595,-0.20997,-0.12904,-0.76749,2.728,1.819,2.336,1.204,0.231,-0.533,-0.273
55.800000,2790,0.75077,1.34662,-0.97085,2.18777,-0.16860,-0.18348,-0.77326,0.75220,1.34023,-0.96044,2.18836,-0.16876,-0.17239,-0.77306,0.76668,1.37079,-0.99364,2.20650,-0.19139,-0.14163,-0.79567,2.778,1.718,2.319,1.245,0.225,-0.536,-0.261
55.900000,2795,0.75192,1.31457,-0.96818,2.19731,-0.15144,-0.19645,-0.79996,0.75526,1.30980,-0.95910,2.19834,-0.15046,-0.18611,-0.80176,0.76983,1.34019,-0.99252,2.21606,-0.17431,-0.15603,-0.82385,2.828,1.617,2.303,1.283,0.219,-0.536,-0.251
56.000000,2800,0.75382,1.28444,-0.96818,2.20646,-0.13198,-0.21324,-0.83048,0.75787,1.27806,-0.95778,2.20736,-0.13394,-0.20166,-0.83058,0.77259,1.30846,-0.99138,2.22463,-0.15893,-0.17206,-0.85192,2.877,1.516,2.287,1.319,0.212,-0.535,-0.241
56.100000,2805,0.75611,1.25163,-0.96779,2.21371,-0.12092,-0.23002,-0.85833,0.76006,1.24547,-0.95641,2.21539,-0.11929,-0.21841,-0.85909,0.77496,1.27568,-0.99022,2.23219,-0.14541,-0.18960,-0.87977,2.927,1.415,2.269,1.350,0.204,-0.532,-0.232
56.200000,2810,0.75649,1.21844,-0.96589,2.22134,-0.10413,-0.24642,-0.88427,0.76185,1.21175,-0.95508,2.22228,-0.10676,-0.23689,-0.88735,0.77693,1.24195,-0.98909,2.23873,-0.13388,-0.20853,-0.90727,2.977,1.315,2.248,1.374,0.193,-0.528,-0.223
56.300000,2815,0.76031,1.18258,-0.96322,2.22630,-0.09879,-0.26588,-0.91517,0.76321,1.17731,-0.95390,2.22821,-0.09638,-0.25639,-0.91531,0.77853,1.20738,-0.98803,2.24423,-0.12439,-0.22876,-0.93427,3.027,1.214,2.225,1.391,0.174,-0.523,-0.215
56.400000,2820,0.76222,1.14749,-0.96055,2.23240,-0.09193,-0.28610,-0.94149,0.76418,1.14189,-0.95275,2.23301,-0.08824,-0.27703,-0.94260,0.77976,1.17209,-0.98706,2.24869,-0.11706,-0.25003,-0.96070,3.078,1.114,2.200,1.399,0.141,-0.517,-0.208
56.500000,2825,0.76222,1.11239,-0.96016,2.23393,-0.08086,-0.30708,-0.96705,0.76477,1.10611,-0.95197,2.23684,-0.08267,-0.29864,-0.96944,0.78067,1.13617,-0.98623,2.25212,-0.11194,-0.27214,-0.98650,3.131,1.013,2.171,1.396,0.080,-0.509,-0.202
56.600000,2830,0.76222,1.07463,-0.95978,2.23622,-0.08010,-0.32768,-0.99452,0.76513,1.06965,-0.95139,2.23954,-0.07900,-0.32062,-0.99521,0.78130,1.09973,-0.98559,2.25452,-0.10903,-0.29493,-1.01160,3.186,0.911,2.139,1.383,-0.022,-0.500,-0.197
56.700000,2835,0.76222,1.03762,-0.95978,2.23889,-0.08086,-0.35057,-1.02007,0.76522,1.03285,-0.95111,2.24131,-0.07792,-0.34322,-1.02065,0.78168,1.06288,-0.98519,2.25592,-0.10830,-0.31821,-1.03595,3.242,0.808,2.102,1.362,-0.154,-0.491,-0.193
56.800000,2840,0.76222,0.99986,-0.95978,2.24003,-0.08277,-0.37193,-1.04182,0.76510,0.99562,-0.95103,2.24198,-0.07897,-0.36633,-1.04533,0.78188,1.02571,-0.98509,2.25631,-0.10971,-0.34184,-1.05954,3.301,0.705,2.061,1.335,-0.277,-0.480,-0.190
56.900000,2845,0.76222,0.96285,-0.95978,2.23965,-0.09002,-0.39558,-1.06700,0.76486,0.95817,-0.95147,2.24162,-0.08205,-0.38948,-1.06891,0.78193,0.98831,-0.98534,2.25570,-0.11321,-0.36565,-1.08234,3.360,0.600,2.017,1.308,-0.361,-0.469,-0.188
57.000000,2850,0.76183,0.92509,-0.95978,2.23965,-0.10223,-0.41847,-1.08760,0.76427,0.92084,-0.95260,2.24037,-0.08782,-0.41267,-1.09192,0.78161,0.95086,-0.98627,2.25414,-0.11921,-0.38956,-1.10431,3.371,0.495,1.923,1.291,-0.431,-0.458,-0.186
57.100000,2855,0.76183,0.88770,-0.95978,2.23927,-0.10833,-0.44021,-1.11087,0.76284,0.88354,-0.95451,2.23803,-0.09647,-0.43651,-1.11366,0.78056,0.91365,-0.98826,2.25168,-0.12825,-0.41361,-1.12533,3.446,0.389,1.896,1.278,-0.441,-0.446,-0.186
57.200000,2860,0.76183,0.85032,-0.95978,2.23851,-0.11710,-0.46425,-1.13070,0.76226,0.84583,-0.95644,2.23467,-0.10558,-0.46011,-1.13486,0.78032,0.87607,-0.98981,2.24817,-0.13719,-0.43772,-1.14561,3.542,0.279,1.880,1.266,-0.446,-0.434,-0.186
57.300000,2865,0.76183,0.81255,-0.95978,2.23317,-0.13084,-0.48523,-1.15130,0.76187,0.80806,-0.95854,2.23036,-0.11579,-0.48346,-1.15541,0.78023,0.83843,-0.99171,2.24369,-0.14753,-0.46161,-1.16516,3.605,0.168,1.829,1.264,-0.457,-0.421,-0.187
57.400000,2870,0.76145,0.77479,-0.96016,2.22935,-0.13847,-0.50812,-1.17305,0.76146,0.77046,-0.96129,2.22503,-0.12800,-0.50671,-1.17494,0.78021,0.80086,-0.99415,2.23823,-0.15947,-0.48517,-1.18399,3.669,0.056,1.779,1.267,-0.463,-0.408,-0.188
57.500000,2875,0.76145,0.73626,-0.96169,2.22249,-0.15678,-0.52948,-1.18945,0.76128,0.73292,-0.96453,2.21867,-0.14135,-0.52925,-1.19380,0.78031,0.76340,-0.99718,2.23179,-0.17290,-0.50827,-1.20215,3.735,-0.059,1.730,1.275,-0.468,-0.394,-0.190
57.600000,2880,0.76183,0.69811,-0.96284,2.21600,-0.16784,-0.55160,-1.21043,0.76123,0.69556,-0.96849,2.21133,-0.15640,-0.55137,-1.21197,0.78059,0.72610,-1.00083,2.22439,-0.18771,-0.53084,-1.21968,3.801,-0.176,1.683,1.286,-0.471,-0.381,-0.192
57.700000,2885,0.76145,0.66111,-0.96932,2.20646,-0.18653,-0.57297,-1.22798,0.76143,0.65840,-0.97301,2.20296,-0.17242,-0.57284,-1.22993,0.78109,0.68900,-1.00512,2.21599,-0.20377,-0.55275,-1.23663,3.868,-0.295,1.640,1.299,-0.473,-0.367,-0.195
57.800000,2890,0.76183,0.62487,-0.97352,2.19655,-0.20408,-0.59242,-1.24362,0.76189,0.62125,-0.97816,2.19355,-0.18971,-0.59393,-1.24720,0.78187,0.65215,-1.01010,2.20659,-0.22097,-0.57393,-1.25305,3.937,-0.416,1.601,1.313,-0.475,-0.354,-0.198
57.900000,2895,0.76183,0.58786,-0.98153,2.18586,-0.21705,-0.61111,-1.26117,0.76265,0.58458,-0.98408,2.18312,-0.20831,-0.61418,-1.26393,0.78298,0.61561,-1.01576,2.19617,-0.23919,-0.59428,-1.26899,4.005,-0.539,1.565,1.328,-0.476,-0.341,-0.202
58.000000,2900,0.76222,0.55086,-0.98763,2.17442,-0.23994,-0.62904,-1.27833,0.76364,0.54848,-0.99089,2.17155,-0.22790,-0.63319,-1.27970,0.78422,0.57954,-1.02238,2.18465,-0.25863,-0.61359,-1.28434,4.037,-0.663,1.526,1.343,-0.478,-0.328,-0.205
58.100000,2905,0.76183,0.51500,-0.99717,2.16145,-0.26016,-0.64735,-1.29245,0.76478,0.51281,-0.99875,2.15890,-0.24878,-0.65106,-1.29544,0.78563,0.54395,-1.02991,2.17203,-0.27915,-0.63183,-1.29916,4.138,-0.790,1.509,1.361,-0.475,-0.317,-0.211
58.200000,2910,0.76603,0.47876,-1.00518,2.14848,-0.27999,-0.66376,-1.30809,0.76698,0.47698,-1.00646,2.14494,-0.26924,-0.66886,-1.30974,0.78819,0.50837,-1.03749,2.15843,-0.29932,-0.64932,-1.31409,4.207,-0.918,1.485,1.374,-0.474,-0.306,-0.215
58.300000,2915,0.76718,0.44367,-1.01586,2.13284,-0.29907,-0.68092,-1.32258,0.76935,0.44151,-1.01527,2.12953,-0.29057,-0.68551,-1.32413,0.79097,0.47340,-1.04621,2.14335,-0.32031,-0.66552,-1.32818,4.308,-1.046,1.483,1.392,-0.469,-0.296,-0.222
58.400000,2920,0.77023,0.40971,-1.02082,2.12101,-0.31395,-0.69771,-1.33937,0.77931,0.41263,-1.01502,2.12112,-0.30196,-0.70434,-1.33938,0.80150,0.44565,-1.04348,2.13644,-0.32677,-0.68259,-1.34586,4.476,-1.096,2.086,1.832,0.185,-0.289,-0.240
58.500000,2925,0.79235,0.39293,-0.99869,2.12559,-0.28381,-0.71831,-1.35883,0.79979,0.39571,-0.99608,2.12535,-0.28874,-0.72764,-1.35772,0.82325,0.43122,-1.02200,2.14322,-0.30895,-0.70143,-1.36695,4.537,-1.095,2.083,1.853,0.215,-0.273,-0.250
58.600000,2930,0.81600,0.37843,-0.97237,2.13284,-0.26054,-0.73891,-1.37790,0.82189,0.38138,-0.97426,2.13230,-0.26998,-0.74697,-1.37902,0.84580,0.41773,-0.99918,2.15098,-0.28939,-0.72043,-1.38828,4.587,-1.100,2.061,1.725,0.220,-0.254,-0.258
58.700000,2935,0.83775,0.36508,-0.95101,2.13932,-0.24185,-0.75264,-1.39964,0.84100,0.37230,-0.95408,2.13993,-0.25053,-0.74798,-1.40000,0.86564,0.40978,-0.97842,2.15934,-0.26926,-0.73540,-1.40544,4.601,-0.487,2.025,1.623,0.228,-0.109,-0.182
58.800000,2940,0.84805,0.37347,-0.94224,2.15077,-0.22125,-0.72785,-1.38629,0.84342,0.39603,-0.94664,2.15178,-0.23058,-0.74798,-1.40369,0.86938,0.43505,-0.96919,2.17200,-0.24555,-0.72631,-1.39840,4.256,-0.305,1.991,1.604,0.234,0.423,0.399
58.900000,2945,0.84767,0.41238,-0.94185,2.16526,-0.19950,-0.71297,-1.37675,0.84295,0.42988,-0.94012,2.16545,-0.20513,-0.74073,-1.39462,0.86938,0.46956,-0.96210,2.18639,-0.22046,-0.71039,-1.38595,4.245,-0.181,1.990,1.574,0.231,0.415,0.405
59.000000,2950,0.84767,0.44481,-0.94185,2.17747,-0.17547,-0.70152,-1.36417,0.84331,0.46484,-0.93403,2.17803,-0.17960,-0.72383,-1.38109,0.86974,0.50455,-0.95673,2.19910,-0.19609,-0.69305,-1.37232,4.244,-0.062,1.993,1.546,0.228,0.405,0.410
59.100000,2955,0.84767,0.48105,-0.93537,2.18853,-0.14991,-0.68474,-1.35348,0.84457,0.49953,-0.92807,2.19001,-0.15423,-0.70610,-1.36815,0.87083,0.53933,-0.95114,2.21096,-0.17141,-0.67523,-1.35859,4.250,0.053,2.022,1.516,0.226,0.394,0.414
59.200000,2960,0.84805,0.51576,-0.92965,2.19922,-0.12435,-0.67062,-1.33823,0.84614,0.53467,-0.92309,2.20085,-0.12954,-0.68738,-1.35430,0.87233,0.57442,-0.94667,2.22179,-0.14758,-0.65635,-1.34436,4.226,0.167,1.988,1.483,0.221,0.384,0.420
59.300000,2965,0.84805,0.55162,-0.92698,2.20913,-0.10032,-0.64926,-1.32297,0.84809,0.57011,-0.91915,2.21071,-0.10565,-0.66747,-1.33996,0.87415,0.60986,-0.94352,2.23158,-0.12488,-0.63636,-1.32952,4.207,0.277,1.977,1.452,0.218,0.372,0.425
59.400000,2970,0.84843,0.58710,-0.92545,2.21715,-0.07667,-0.62904,-1.30809,0.85046,0.60573,-0.91603,2.21968,-0.08283,-0.64685,-1.32498,0.87636,0.64545,-0.94120,2.24048,-0.10307,-0.61556,-1.31418,4.184,0.383,1.962,1.418,0.215,0.359,0.429
59.500000,2975,0.85110,0.62410,-0.92202,2.22516,-0.05454,-0.61111,-1.29283,0.85314,0.64142,-0.91374,2.22774,-0.06080,-0.62566,-1.30956,0.87891,0.68118,-0.93970,2.24852,-0.08223,-0.59402,-1.29830,4.155,0.484,1.944,1.382,0.212,0.346,0.435
59.600000,2980,0.85148,0.65996,-0.92125,2.23355,-0.03661,-0.58975,-1.27872,0.85626,0.67730,-0.91239,2.23499,-0.03995,-0.60348,-1.29306,0.88177,0.71703,-0.93898,2.25573,-0.06248,-0.57181,-1.28183,4.122,0.583,1.929,1.342,0.209,0.333,0.440
59.700000,2985,0.85568,0.69582,-0.92087,2.23851,-0.01906,-0.56724,-1.26231,0.85959,0.71302,-0.91106,2.24121,-0.01984,-0.58111,-1.27613,0.88496,0.75272,-0.93846,2.26194,-0.04327,-0.54921,-1.26459,4.091,0.677,1.983,1.291,0.209,0.319,0.445
59.800000,2990,0.85682,0.73130,-0.92011,2.24385,0.00306,-0.54588,-1.24476,0.86337,0.74864,-0.91019,2.24659,-0.00050,-0.55812,-1.25837,0.88845,0.78824,-0.93809,2.26722,-0.02465,-0.52628,-1.24660,4.049,0.769,1.929,1.247,0.205,0.306,0.449
59.900000,2995,0.86483,0.76754,-0.92049,2.24728,0.02290,-0.52376,-1.22645,0.86711,0.78464,-0.91044,2.25139,0.01692,-0.53483,-1.24004,0.89209,0.82420,-0.93927,2.27203,-0.00830,-0.50256,-1.22819,4.003,0.859,1.893,1.199,0.201,0.293,0.453
60.000000,3000,0.86750,0.80378,-0.92049,2.25300,0.03472,-0.49972,-1.20662,0.87131,0.82072,-0.91165,2.25555,0.03278,-0.51075,-1.22114,0.89592,0.86023,-0.94123,2.27611,0.00657,-0.47847,-1.20909,3.955,0.945,1.884,1.142,0.198,0.279,0.457
60.100000,3005,0.87170,0.84040,-0.92049,2.25491,0.05113,-0.47912,-1.18640,0.87554,0.85692,-0.91363,2.25888,0.04715,-0.48684,-1.20124,0.89993,0.89635,-0.94391,2.27944,0.02006,-0.45435,-1.18915,3.905,1.029,1.876,1.080,0.195,0.264,0.461
60.200000,3010,0.87361,0.87664,-0.92049,2.25644,0.06143,-0.45433,-1.16618,0.88008,0.89314,-0.91636,2.26157,0.05996,-0.46269,-1.18078,0.90412,0.93250,-0.94731,2.28203,0.03206,-0.43024,-1.16836,3.851,1.110,1.876,1.012,0.190,0.251,0.464
60.300000,3015,0.88391,0.91326,-0.92049,2.25834,0.07592,-0.42953,-1.14520,0.88461,0.92926,-0.91953,2.26332,0.07109,-0.43885,-1.15880,0.90844,0.96856,-0.95132,2.28385,0.04236,-0.40592,-1.14682,3.794,1.188,1.883,0.939,0.182,0.237,0.466
60.400000,3020,0.88696,0.94874,-0.92125,2.25873,0.08088,-0.40741,-1.12307,0.88940,0.96531,-0.92360,2.26453,0.08023,-0.41411,-1.13685,0.91285,1.00447,-0.95591,2.28492,0.05087,-0.38145,-1.12452,3.734,1.262,1.893,0.861,0.167,0.224,0.468
60.500000,3025,0.88963,0.98536,-0.92278,2.25987,0.08432,-0.38376,-1.09904,0.89426,1.00110,-0.92809,2.26481,0.08764,-0.38979,-1.11374,0.91732,1.04018,-0.96102,2.28522,0.05751,-0.35693,-1.10143,3.670,1.335,1.906,0.780,0.137,0.211,0.469
60.600000,3030,0.89611,1.02122,-0.92583,2.26025,0.08889,-0.35896,-1.07920,0.89898,1.03671,-0.93290,2.26440,0.09293,-0.36548,-1.08969,0.92179,1.07565,-0.96658,2.28475,0.06222,-0.33246,-1.07756,3.604,1.404,1.921,0.699,0.083,0.198,0.469
60.700000,3035,0.90069,1.05746,-0.93194,2.25987,0.09500,-0.33569,-1.05212,0.90386,1.07191,-0.93820,2.26313,0.09640,-0.34138,-1.06491,0.92624,1.11080,-0.97255,2.28348,0.06498,-0.30815,-1.05289,3.536,1.472,1.939,0.620,-0.007,0.186,0.469
60.800000,3040,0.90451,1.09179,-0.93689,2.25987,0.09500,-0.31280,-1.02961,0.90866,1.10692,-0.94387,2.26112,0.09761,-0.31740,-1.03895,0.93062,1.14558,-0.97886,2.28140,0.06572,-0.28413,-1.02742,3.465,1.537,1.958,0.543,-0.125,0.174,0.468
60.900000,3045,0.90641,1.12765,-0.94338,2.25873,0.09423,-0.28915,-1.00024,0.91332,1.14133,-0.94965,2.25821,0.09702,-0.29410,-1.01259,0.93489,1.17994,-0.98545,2.27850,0.06442,-0.26050,-1.00116,3.392,1.600,1.978,0.472,-0.239,0.163,0.466
61.000000,3050,0.91710,1.16122,-0.94986,2.25529,0.08546,-0.26893,-0.97582,0.91785,1.17551,-0.95597,2.25461,0.09400,-0.27071,-0.98524,0.93900,1.21379,-0.99226,2.27476,0.06108,-0.23740,-0.97412,3.317,1.661,1.999,0.406,-0.319,0.152,0.463
61.100000,3055,0.92015,1.19594,-0.95597,2.25033,0.07897,-0.24604,-0.94721,0.92224,1.20887,-0.96226,2.24999,0.08913,-0.24866,-0.95686,0.94292,1.24707,-0.99923,2.27015,0.05568,-0.21495,-0.94631,3.240,1.721,2.022,0.345,-0.365,0.141,0.459
61.200000,3060,0.92320,1.22912,-0.96245,2.24461,0.07478,-0.22582,-0.91631,0.92636,1.24169,-0.96860,2.24448,0.08215,-0.22726,-0.92783,0.94661,1.27973,-1.00631,2.26466,0.04827,-0.19329,-0.91777,3.162,1.779,2.045,0.290,-0.388,0.131,0.455
61.300000,3065,0.92816,1.26193,-0.96970,2.23851,0.06372,-0.20637,-0.88999,0.93034,1.27393,-0.97536,2.23813,0.07320,-0.20651,-0.89811,0.95010,1.31171,-1.01351,2.25824,0.03889,-0.17264,-0.88849,3.085,1.836,2.067,0.240,-0.399,0.121,0.450
61.400000,3070,0.93350,1.29397,-0.97657,2.23050,0.05075,-0.18577,-0.85871,0.93413,1.30536,-0.98214,2.23080,0.06219,-0.18720,-0.86750,0.95336,1.34293,-1.02082,2.25089,0.02762,-0.15313,-0.85853,3.006,1.893,2.091,0.193,-0.404,0.112,0.443
61.500000,3075,0.93655,1.32564,-0.98267,2.22172,0.04083,-0.16860,-0.83048,0.93766,1.33593,-0.98886,2.22246,0.04944,-0.16914,-0.83588,0.95635,1.37332,-1.02812,2.24257,0.01448,-0.13482,-0.82796,2.926,1.948,2.117,0.149,-0.406,0.103,0.436
61.600000,3080,0.93808,1.35501,-0.98839,2.21219,0.02442,-0.15220,-0.79806,0.94086,1.36568,-0.99571,2.21331,0.03467,-0.15205,-0.80430,0.95903,1.40280,-1.03536,2.23329,-0.00041,-0.11783,-0.79685,2.845,2.003,2.144,0.108,-0.407,0.095,0.428
61.700000,3085,0.93960,1.38438,-0.99564,2.20189,0.00993,-0.13770,-0.76372,0.94377,1.39443,-1.00234,2.20301,0.01834,-0.13677,-0.77174,0.96141,1.43132,-1.04252,2.22303,-0.01693,-0.10228,-0.76529,2.766,2.058,2.172,0.069,-0.407,0.087,0.419
61.800000,3090,0.94494,1.41338,-1.00251,2.19044,-0.00762,-0.12473,-0.73473,0.94632,1.42214,-1.00899,2.19167,0.00067,-0.12313,-0.73866,0.96353,1.45879,-1.04963,2.21178,-0.03492,-0.08832,-0.73335,2.693,2.113,2.200,0.031,-0.407,0.079,0.409
61.900000,3095,0.94799,1.43970,-1.00861,2.17747,-0.02708,-0.11214,-0.70078,0.94894,1.44885,-1.01589,2.17957,-0.01865,-0.11063,-0.70550,0.96544,1.48514,-1.05673,2.19951,-0.05420,-0.07608,-0.70116,2.618,2.167,2.229,-0.006,-0.406,0.069,0.399
62.000000,3100,0.95028,1.46640,-1.01548,2.16412,-0.05035,-0.10223,-0.66759,0.95115,1.47423,-1.02251,2.16629,-0.03887,-0.10026,-0.67204,0.96706,1.51029,-1.06367,2.18627,-0.07462,-0.06556,-0.66887,2.544,2.222,2.261,-0.043,-0.406,0.058,0.387
62.100000,3105,0.95066,1.49120,-1.02196,2.15001,-0.06866,-0.09498,-0.63593,0.95295,1.49836,-1.02890,2.15202,-0.06018,-0.09181,-0.63869,0.96839,1.53419,-1.07040,2.17208,-0.09595,-0.05679,-0.63659,2.473,2.277,2.294,-0.078,-0.405,0.041,0.375
62.200000,3110,0.95334,1.51447,-1.02807,2.13513,-0.08735,-0.08735,-0.60465,0.95456,1.52127,-1.03530,2.13687,-0.08226,-0.08491,-0.60521,0.96945,1.55678,-1.07692,2.15696,-0.11797,-0.04982,-0.60448,2.406,2.331,2.328,-0.113,-0.403,0.013,0.363
62.300000,3115,0.95334,1.53697,-1.03417,2.11834,-0.11138,-0.08163,-0.57070,0.95599,1.54278,-1.04146,2.12088,-0.10472,-0.07969,-0.57223,0.97029,1.57804,-1.08324,2.14094,-0.14043,-0.04465,-0.57265,2.344,2.386,2.362,-0.148,-0.402,-0.034,0.350
62.400000,3120,0.95410,1.55681,-1.03646,2.10156,-0.13427,-0.08048,-0.53713,0.95716,1.56306,-1.04745,2.10391,-0.12749,-0.07651,-0.53924,0.97093,1.59795,-1.08935,2.12407,-0.16311,-0.04125,-0.54120,2.287,2.441,2.397,-0.182,-0.399,-0.106,0.337
62.500000,3125,0.95601,1.57741,-1.04523,2.08401,-0.15792,-0.08086,-0.50699,0.95779,1.58148,-1.05347,2.08595,-0.15038,-0.07546,-0.50719,0.97115,1.61614,-1.09558,2.10620,-0.18609,-0.04008,-0.51049,2.187,2.495,2.414,-0.214,-0.399,-0.287,0.322
62.600000,3130,0.95601,1.59381,-1.05286,2.06455,-0.18081,-0.08468,-0.47380,0.95781,1.59772,-1.06026,2.06678,-0.17389,-0.07728,-0.47611,0.97060,1.63210,-1.10244,2.08710,-0.20961,-0.04177,-0.48096,2.168,2.554,2.454,-0.241,-0.395,-0.350,0.310
62.700000,3135,0.95601,1.60869,-1.05668,2.04472,-0.20294,-0.08811,-0.44595,0.95855,1.61375,-1.06622,2.04725,-0.19645,-0.07900,-0.44501,0.97096,1.64798,-1.10806,2.06778,-0.23163,-0.04338,-0.45111,2.173,2.611,2.506,-0.272,-0.390,-0.366,0.298
62.800000,3140,0.95601,1.62624,-1.06126,2.02450,-0.22277,-0.09116,-0.41429,0.95933,1.62863,-1.07150,2.02710,-0.21798,-0.08209,-0.41459,0.97150,1.66283,-1.11334,2.04784,-0.25295,-0.04615,-0.42168,2.139,2.665,2.540,-0.305,-0.386,-0.430,0.285
62.900000,3145,0.95639,1.64074,-1.06621,2.00352,-0.24299,-0.09956,-0.38530,0.96025,1.64241,-1.07675,2.00626,-0.23884,-0.08644,-0.38445,0.97210,1.67643,-1.11854,2.02720,-0.27364,-0.05032,-0.39287,2.111,2.718,2.572,-0.337,-0.382,-0.474,0.273
63.000000,3150,0.95944,1.65332,-1.07041,1.98177,-0.26435,-0.10528,-0.35593,0.96117,1.65497,-1.08208,1.98471,-0.25915,-0.09203,-0.35513,0.97270,1.68869,-1.12366,2.00577,-0.29363,-0.05581,-0.36468,2.077,2.768,2.605,-0.369,-0.377,-0.502,0.261
63.100000,3155,0.96173,1.66515,-1.07461,1.95927,-0.28572,-0.11138,-0.32808,0.96207,1.66578,-1.08734,1.96222,-0.27847,-0.09887,-0.32646,0.97322,1.69944,-1.12865,1.98344,-0.31284,-0.06257,-0.33716,2.050,2.818,2.639,-0.399,-0.372,-0.518,0.250
63.200000,3160,0.96440,1.67621,-1.08071,1.93600,-0.30021,-0.12054,-0.30023,0.96282,1.67544,-1.09233,1.93888,-0.29696,-0.10698,-0.29842,0.97375,1.70896,-1.13349,1.96034,-0.33109,-0.07043,-0.31019,2.032,2.866,2.673,-0.427,-0.367,-0.527,0.239
63.300000,3165,0.96478,1.68308,-1.08681,1.91158,-0.31929,-0.12969,-0.27429,0.96372,1.68412,-1.09747,1.91490,-0.31460,-0.11581,-0.27075,0.97437,1.71732,-1.13819,1.93652,-0.34827,-0.07928,-0.28371,2.019,2.911,2.706,-0.455,-0.361,-0.532,0.229
63.400000,3170,0.96516,1.69109,-1.09025,1.88717,-0.33378,-0.13770,-0.24759,0.96468,1.69137,-1.10238,1.89018,-0.33081,-0.12569,-0.24403,0.97509,1.72456,-1.14276,1.91197,-0.36430,-0.08902,-0.25766,2.010,2.951,2.737,-0.483,-0.355,-0.534,0.220
63.500000,3175,0.96669,1.69719,-1.09444,1.86085,-0.34751,-0.14953,-0.22012,0.96573,1.69761,-1.10715,1.86464,-0.34589,-0.13636,-0.21732,0.97597,1.73070,-1.14723,1.88669,-0.37912,-0.09953,-0.23197,2.006,2.985,2.767,-0.509,-0.348,-0.534,0.211
63.600000,3180,0.96707,1.69948,-1.10055,1.83491,-0.36354,-0.16021,-0.19532,0.96701,1.70282,-1.11197,1.83847,-0.35971,-0.14752,-0.19129,0.97703,1.73577,-1.15161,1.86067,-0.39267,-0.11074,-0.20657,2.007,3.010,2.795,-0.534,-0.340,-0.534,0.203
63.700000,3185,0.96821,1.70902,-1.10589,1.80820,-0.37193,-0.17165,-0.17129,0.96820,1.70657,-1.11647,1.81133,-0.37202,-0.15982,-0.16574,0.97832,1.73974,-1.15594,1.83385,-0.40491,-0.12255,-0.18138,2.009,3.014,2.819,-0.559,-0.331,-0.533,0.196
63.800000,3190,0.97012,1.71283,-1.10780,1.77959,-0.38414,-0.18348,-0.14535,0.96973,1.70852,-1.12147,1.78301,-0.38297,-0.17210,-0.14008,0.97959,1.74150,-1.16037,1.80572,-0.41564,-0.13506,-0.15686,2.001,2.926,2.837,-0.581,-0.319,-0.533,0.189
63.900000,3195,0.97050,1.71245,-1.11352,1.74984,-0.39367,-0.19607,-0.11941,0.97145,1.70944,-1.12633,1.75382,-0.39280,-0.18511,-0.11501,0.98123,1.74234,-1.16473,1.77674,-0.42511,-0.14790,-0.13219,2.053,3.036,2.868,-0.601,-0.309,-0.530,0.186
64.000000,3200,0.97279,1.71283,-1.11810,1.72046,-0.39978,-0.20980,-0.09614,0.97391,1.71073,-1.13092,1.72417,-0.40141,-0.19829,-0.08883,0.98373,1.74381,-1.16892,1.74744,-0.43359,-0.16081,-0.10649,2.078,3.060,2.885,-0.623,-0.293,-0.528,0.182
64.100000,3205,0.97622,1.71283,-1.12611,1.68956,-0.40855,-0.22125,-0.06562,0.97677,1.71119,-1.13597,1.69332,-0.40900,-0.21187,-0.06176,0.98671,1.74432,-1.17330,1.71707,-0.44083,-0.17412,-0.08045,2.091,3.015,2.893,-0.645,-0.271,-0.527,0.177
64.200000,3210,0.98347,1.71283,-1.12878,1.65714,-0.41656,-0.23612,-0.03968,0.97998,1.70940,-1.14150,1.66083,-0.41560,-0.22623,-0.03450,0.98992,1.74279,-1.17800,1.68517,-0.44669,-0.18795,-0.05467,2.107,2.990,2.913,-0.663,-0.234,-0.524,0.173
64.300000,3215,0.98347,1.71283,-1.13221,1.62738,-0.41580,-0.24528,-0.01412,0.97941,1.70988,-1.14056,1.63502,-0.41958,-0.23448,-0.00830,0.98967,1.74392,-1.17383,1.66078,-0.44646,-0.19486,-0.03099,1.628,3.334,3.484,-0.639,0.309,0.011,0.155
64.400000,3220,0.97889,1.71512,-1.10741,1.62433,-0.39253,-0.22201,0.00190,0.96542,1.71404,-1.11733,1.63062,-0.41306,-0.22337,0.00834,0.97584,1.74873,-1.14390,1.65768,-0.43091,-0.18266,-0.01799,1.574,3.460,3.525,-0.314,0.340,0.131,0.137
64.500000,3225,0.96058,1.72123,-1.07041,1.62586,-0.38147,-0.20179,0.01296,0.94910,1.71907,-1.08473,1.63105,-0.39719,-0.20763,0.02012,0.95926,1.75394,-1.10902,1.65820,-0.41244,-0.16698,-0.00692,1.565,3.556,3.533,-0.339,0.337,0.130,0.141
64.600000,3230,0.94532,1.72886,-1.03722,1.62586,-0.36468,-0.18462,0.02364,0.93245,1.72437,-1.05005,1.63176,-0.37944,-0.19159,0.03123,0.94253,1.75919,-1.07383,1.65873,-0.39380,-0.15115,0.00425,1.557,3.650,3.540,-0.366,0.333,0.128,0.145
64.700000,3235,0.92739,1.73038,-1.00175,1.62586,-0.34484,-0.16937,0.03471,0.91581,1.72997,-1.01545,1.63243,-0.36159,-0.17565,0.04334,0.92583,1.76444,-1.03867,1.65925,-0.37519,-0.13535,0.01540,1.548,3.740,3.544,-0.395,0.329,0.126,0.148
64.800000,3240,0.91290,1.73496,-0.96741,1.62777,-0.33187,-0.15296,0.04958,0.89961,1.73549,-0.98141,1.63335,-0.34423,-0.15946,0.05438,0.90933,1.76961,-1.00395,1.65984,-0.35680,-0.11970,0.02634,1.541,3.819,3.544,-0.372,0.323,0.124,0.144
64.900000,3245,0.89802,1.74450,-0.93918,1.63311,-0.31547,-0.13961,0.04996,0.88899,1.73915,-0.95654,1.64309,-0.32980,-0.14375,0.05561,0.89850,1.77245,-0.97955,1.66948,-0.34350,-0.10464,0.02514,1.696,3.649,3.487,-0.129,0.259,0.120,-0.495
65.000000,3250,0.89764,1.74640,-0.93766,1.66896,-0.31433,-0.12397,0.01449,0.89099,1.74158,-0.95235,1.67358,-0.32532,-0.12827,0.03247,0.89982,1.77335,-0.97610,1.69931,-0.34020,-0.09054,-0.00002,2.039,3.646,3.234,-0.104,0.130,0.117,-0.513
65.100000,3255,0.89764,1.74640,-0.93766,1.70406,-0.31356,-0.10757,-0.01603,0.89426,1.74228,-0.95057,1.70532,-0.32193,-0.11405,0.00519,0.90292,1.77372,-0.97492,1.73069,-0.33699,-0.07642,-0.02721,2.048,3.400,3.220,-0.100,0.181,0.116,-0.512
65.200000,3260,0.90031,1.74640,-0.93804,1.73343,-0.31204,-0.09574,-0.04388,0.89746,1.74055,-0.94875,1.73534,-0.31727,-0.09988,-0.02211,0.90627,1.77207,-0.97371,1.76056,-0.33254,-0.06214,-0.05440,2.065,3.248,3.206,-0.090,0.215,0.114,-0.508
65.300000,3265,0.90107,1.74602,-0.93804,1.76243,-0.30784,-0.07934,-0.06829,0.90085,1.73786,-0.94695,1.76433,-0.31202,-0.08562,-0.04944,0.90990,1.76934,-0.97244,1.78935,-0.32684,-0.04787,-0.08132,2.083,3.114,3.191,-0.079,0.241,0.112,-0.504
65.400000,3270,0.90451,1.74564,-0.93804,1.79066,-0.29640,-0.06751,-0.09462,0.90463,1.73490,-0.94514,1.79273,-0.30507,-0.07175,-0.07610,0.91386,1.76657,-0.97113,1.81766,-0.31997,-0.03385,-0.10782,2.102,3.100,3.168,-0.067,0.254,0.109,-0.499
65.500000,3275,0.90641,1.74564,-0.93804,1.81965,-0.28686,-0.05340,-0.12056,0.90890,1.73303,-0.94336,1.82133,-0.29716,-0.05802,-0.10237,0.91822,1.76474,-0.96975,1.84606,-0.31200,-0.02021,-0.13374,2.107,2.934,3.157,-0.060,0.266,0.107,-0.495
65.600000,3280,0.91671,1.74221,-0.93766,1.84597,-0.28190,-0.04005,-0.14726,0.91319,1.72824,-0.94137,1.84826,-0.28784,-0.04384,-0.12911,0.92275,1.75975,-0.96806,1.87276,-0.30247,-0.00620,-0.16043,2.121,2.768,3.146,-0.049,0.274,0.105,-0.492
65.700000,3285,0.91900,1.73725,-0.93766,1.87191,-0.26741,-0.02631,-0.17282,0.91780,1.72157,-0.93925,1.87419,-0.27715,-0.03004,-0.15653,0.92746,1.75314,-0.96620,1.89850,-0.29151,0.00768,-0.18758,2.140,2.663,3.127,-0.034,0.278,0.102,-0.487
65.800000,3290,0.92244,1.72390,-0.93728,1.89747,-0.25672,-0.01487,-0.19723,0.92274,1.71415,-0.93729,1.89948,-0.26514,-0.01608,-0.18402,0.93232,1.74535,-0.96421,1.92350,-0.27921,0.02120,-0.21520,2.160,2.563,3.107,-0.019,0.280,0.098,-0.481
65.900000,3295,0.92816,1.71474,-0.93728,1.92150,-0.24261,0.00039,-0.22775,0.92744,1.70500,-0.93463,1.92399,-0.25136,-0.00319,-0.21272,0.93730,1.73635,-0.96207,1.94778,-0.26560,0.03425,-0.24337,2.182,2.468,3.086,-0.003,0.281,0.093,-0.475
66.000000,3300,0.93350,1.70673,-0.93651,1.94553,-0.23040,0.00993,-0.25751,0.93245,1.69461,-0.93177,1.94765,-0.23561,0.00923,-0.24163,0.94234,1.72611,-0.95977,1.97133,-0.25075,0.04670,-0.27218,2.206,2.376,3.064,0.014,0.281,0.088,-0.469
66.100000,3305,0.93731,1.69758,-0.93537,1.96804,-0.21171,0.02481,-0.28726,0.93744,1.68319,-0.92894,1.97077,-0.21959,0.02122,-0.27141,0.94740,1.71461,-0.95732,1.99414,-0.23473,0.05843,-0.30171,2.231,2.287,3.041,0.031,0.282,0.082,-0.463
66.200000,3310,0.93960,1.67926,-0.93537,1.99093,-0.19721,0.03282,-0.31396,0.94253,1.67075,-0.92619,1.99314,-0.20229,0.03240,-0.30170,0.95243,1.70184,-0.95469,2.01620,-0.21764,0.06931,-0.33200,2.258,2.200,3.018,0.049,0.282,0.075,-0.455
66.300000,3315,0.94838,1.66629,-0.93270,2.01229,-0.17776,0.04312,-0.34715,0.94735,1.65669,-0.92296,2.01475,-0.18358,0.04246,-0.33313,0.95739,1.68777,-0.95189,2.03751,-0.19962,0.07923,-0.36309,2.286,2.114,2.994,0.068,0.282,0.066,-0.448
66.400000,3320,0.95219,1.65142,-0.92736,2.03327,-0.15754,0.05303,-0.37729,0.95217,1.64119,-0.91957,2.03549,-0.16411,0.05141,-0.36515,0.96219,1.67227,-0.94890,2.05798,-0.18085,0.08809,-0.39503,2.316,2.030,2.969,0.086,0.282,0.054,-0.440
66.500000,3325,0.95562,1.63463,-0.92316,2.05273,-0.13580,0.05876,-0.40743,0.95663,1.62405,-0.91551,2.05527,-0.14358,0.05897,-0.39829,0.96681,1.65533,-0.94575,2.07758,-0.16151,0.09575,-0.42781,2.350,1.948,2.941,0.106,0.281,0.036,-0.432
66.600000,3330,0.95868,1.61594,-0.92011,2.07180,-0.11825,0.06295,-0.44367,0.96098,1.60601,-0.91182,2.07439,-0.12297,0.06575,-0.43212,0.97125,1.63706,-0.94249,2.09634,-0.14169,0.10209,-0.46136,2.387,1.868,2.912,0.126,0.281,0.008,-0.423
66.700000,3335,0.96631,1.59610,-0.91553,2.09011,-0.09765,0.06944,-0.47647,0.96516,1.58648,-0.90807,2.09267,-0.10197,0.07107,-0.46673,0.97547,1.61748,-0.93912,2.11424,-0.12156,0.10701,-0.49559,2.425,1.789,2.884,0.147,0.280,-0.034,-0.414
66.800000,3340,0.96745,1.57474,-0.91362,2.10766,-0.07552,0.07287,-0.50928,0.96921,1.56584,-0.90413,2.11013,-0.08082,0.07489,-0.50200,0.97952,1.59683,-0.93555,2.13133,-0.10115,0.11049,-0.53034,2.476,1.713,2.869,0.167,0.281,-0.081,-0.404
66.900000,3345,0.97279,1.55452,-0.90752,2.12483,-0.05302,0.07592,-0.54361,0.97350,1.54540,-0.89923,2.12725,-0.05826,0.07768,-0.53688,0.98407,1.57655,-0.93102,2.14826,-0.07928,0.11332,-0.56488,2.528,1.637,2.859,0.182,0.283,-0.127,-0.394
67.000000,3350,0.97622,1.53240,-0.90142,2.14123,-0.02936,0.07554,-0.58023,0.97715,1.52331,-0.89428,2.14318,-0.03597,0.07875,-0.57250,0.98785,1.55428,-0.92674,2.16379,-0.05839,0.11405,-0.60010,2.537,1.559,2.805,0.198,0.278,-0.276,-0.385
67.100000,3355,0.98080,1.50836,-0.89608,2.15535,-0.01105,0.07402,-0.61495,0.98029,1.49935,-0.88968,2.15793,-0.01480,0.07797,-0.60878,0.99098,1.53032,-0.92264,2.17806,-0.03847,0.11280,-0.63576,2.579,1.487,2.775,0.217,0.277,-0.373,-0.376
67.200000,3360,0.98347,1.48357,-0.89150,2.16908,0.00726,0.06791,-0.64966,0.98302,1.47434,-0.88504,2.17157,0.00562,0.07543,-0.64487,0.99379,1.50532,-0.91849,2.19138,-0.01918,0.10989,-0.67151,2.622,1.417,2.745,0.236,0.275,-0.448,-0.366
67.300000,3365,0.98385,1.45763,-0.88730,2.18167,0.02938,0.05990,-0.68552,0.98526,1.44838,-0.88036,2.18433,0.02508,0.07126,-0.68133,0.99624,1.47932,-0.91427,2.20377,-0.00064,0.10533,-0.70723,2.664,1.348,2.717,0.255,0.273,-0.498,-0.356
67.400000,3370,0.98385,1.42978,-0.88234,2.19311,0.04998,0.05303,-0.72252,0.98713,1.42147,-0.87577,2.19618,0.04354,0.06537,-0.71750,0.99829,1.45237,-0.90996,2.21523,0.01696,0.09913,-0.74285,2.706,1.280,2.689,0.273,0.270,-0.529,-0.347
67.500000,3375,0.98652,1.40193,-0.87700,2.20417,0.06143,0.04731,-0.75838,0.98865,1.39361,-0.87115,2.20719,0.06109,0.05827,-0.75362,0.99995,1.42450,-0.90557,2.22581,0.03350,0.09134,-0.77826,2.750,1.214,2.662,0.292,0.267,-0.545,-0.337
67.600000,3380,0.98652,1.37447,-0.87433,2.21447,0.08088,0.03739,-0.79310,0.98965,1.36495,-0.86633,2.21723,0.07720,0.04932,-0.78937,1.00122,1.39573,-0.90111,2.23551,0.04882,0.08203,-0.81340,2.794,1.149,2.635,0.309,0.263,-0.554,-0.329
67.700000,3385,0.98691,1.34433,-0.86861,2.22363,0.09500,0.02633,-0.82972,0.99032,1.33518,-0.86148,2.22644,0.09209,0.03889,-0.82486,1.00211,1.36609,-0.89661,2.24436,0.06278,0.07125,-0.84819,2.840,1.085,2.608,0.325,0.258,-0.559,-0.320
67.800000,3390,0.98652,1.31267,-0.86365,2.23202,0.10759,0.01527,-0.86253,0.99064,1.30479,-0.85688,2.23488,0.10527,0.02747,-0.86002,1.00263,1.33560,-0.89208,2.25236,0.07525,0.05908,-0.88256,2.888,1.021,2.580,0.340,0.251,-0.561,-0.312
67.900000,3395,0.98652,1.28215,-0.86022,2.23927,0.11789,0.00154,-0.89724,0.99041,1.27342,-0.85202,2.24234,0.11682,0.01428,-0.89474,1.00280,1.30430,-0.88757,2.25955,0.08609,0.04563,-0.91646,2.939,0.957,2.552,0.353,0.241,-0.560,-0.305
68.000000,3400,0.98652,1.25087,-0.85488,2.24614,0.12933,-0.01144,-0.93157,0.99008,1.24138,-0.84760,2.24913,0.12660,0.00028,-0.92879,1.00268,1.27222,-0.88319,2.26591,0.09521,0.03093,-0.94980,2.997,0.893,2.518,0.364,0.225,-0.559,-0.298
68.100000,3405,0.98652,1.21653,-0.85030,2.25186,0.13429,-0.02746,-0.96171,0.98948,1.20870,-0.84340,2.25513,0.13433,-0.01488,-0.96248,1.00234,1.23944,-0.87903,2.27146,0.10252,0.01505,-0.98253,3.055,0.829,2.486,0.371,0.198,-0.556,-0.292
68.200000,3410,0.98652,1.18335,-0.84839,2.25720,0.13696,-0.04272,-0.99642,0.98861,1.17531,-0.83938,2.26027,0.14020,-0.03105,-0.99538,1.00173,1.20597,-0.87502,2.27622,0.10791,-0.00179,-1.01459,3.112,0.764,2.455,0.374,0.147,-0.553,-0.286
68.300000,3415,0.98652,1.14978,-0.84343,2.26101,0.13963,-0.05721,-1.02923,0.98738,1.14103,-0.83530,2.26443,0.14430,-0.04846,-1.02743,1.00088,1.17189,-0.87120,2.28020,0.11129,-0.01944,-1.04595,3.173,0.698,2.421,0.374,0.062,-0.548,-0.281
68.400000,3420,0.98614,1.11468,-0.84153,2.26483,0.13925,-0.07552,-1.05860,0.98598,1.10657,-0.83190,2.26811,0.14570,-0.06588,-1.05910,0.99983,1.13724,-0.86765,2.28342,0.11263,-0.03775,-1.07657,3.237,0.631,2.384,0.369,-0.058,-0.542,-0.277
68.500000,3425,0.98614,1.07920,-0.83847,2.26712,0.13810,-0.09307,-1.08912,0.98450,1.07129,-0.82864,2.27081,0.14544,-0.08437,-1.08968,0.99864,1.10208,-0.86442,2.28588,0.11187,-0.05657,-1.10642,3.303,0.563,2.343,0.359,-0.186,-0.535,-0.274
68.600000,3430,0.98576,1.04296,-0.83695,2.26788,0.13200,-0.11100,-1.12155,0.98283,1.03570,-0.82580,2.27275,0.14286,-0.10295,-1.11945,0.99735,1.06649,-0.86160,2.28758,0.10901,-0.07574,-1.13548,3.372,0.494,2.297,0.345,-0.284,-0.528,-0.271
68.700000,3435,0.98576,1.00787,-0.83542,2.26864,0.12819,-0.12931,-1.14749,0.98116,0.99972,-0.82353,2.27398,0.13801,-0.12188,-1.14870,0.99603,1.03052,-0.85926,2.28852,0.10405,-0.09512,-1.16373,3.444,0.422,2.246,0.329,-0.344,-0.520,-0.269
68.800000,3440,0.98538,0.97125,-0.83504,2.26979,0.12399,-0.14915,-1.17648,0.97947,0.96355,-0.82192,2.27442,0.13100,-0.14070,-1.17697,0.99472,0.99426,-0.85749,2.28872,0.09702,-0.11455,-1.19115,3.518,0.349,2.189,0.311,-0.376,-0.511,-0.268
68.900000,3445,0.98233,0.93348,-0.83275,2.26941,0.10987,-0.16631,-1.20623,0.97803,0.92699,-0.82109,2.27425,0.12200,-0.15909,-1.20482,0.99348,0.95776,-0.85635,2.28817,0.08797,-0.13389,-1.21776,3.593,0.274,2.125,0.294,-0.394,-0.501,-0.267
69.000000,3450,0.98271,0.89724,-0.83046,2.26941,0.10110,-0.18424,-1.23218,0.97642,0.89018,-0.82076,2.27301,0.11091,-0.17815,-1.23131,0.99230,0.92111,-0.85613,2.28680,0.07669,-0.15297,-1.24344,3.657,0.196,2.003,0.269,-0.408,-0.491,-0.266
69.100000,3455,0.98042,0.86024,-0.83084,2.26941,0.08432,-0.20294,-1.25392,0.97478,0.85374,-0.82257,2.27083,0.09648,-0.19602,-1.25663,0.99095,0.88455,-0.85800,2.28438,0.06209,-0.17153,-1.26772,3.732,0.117,1.904,0.259,-0.415,-0.481,-0.266
69.200000,3460,0.98042,0.82323,-0.83084,2.26750,0.07173,-0.21858,-1.28024,0.97366,0.81708,-0.82453,2.26792,0.08122,-0.21449,-1.28112,0.99028,0.84790,-0.85976,2.28140,0.04720,-0.19027,-1.29164,3.846,0.035,1.905,0.266,-0.415,-0.472,-0.268
69.300000,3465,0.98042,0.78623,-0.83084,2.26597,0.05227,-0.23727,-1.30275,0.97324,0.78039,-0.82702,2.26447,0.06515,-0.23227,-1.30540,0.99010,0.81125,-0.86193,2.27771,0.03133,-0.20877,-1.31496,3.928,-0.050,1.836,0.263,-0.419,-0.461,-0.270
69.400000,3470,0.98004,0.74923,-0.83084,2.26330,0.03739,-0.25405,-1.32907,0.97298,0.74369,-0.83020,2.25996,0.04760,-0.25010,-1.32851,0.99022,0.77467,-0.86503,2.27320,0.01392,-0.22669,-1.33750,4.010,-0.137,1.775,0.265,-0.422,-0.450,-0.272
69.500000,3475,0.98042,0.71299,-0.83161,2.25567,0.01832,-0.27046,-1.34891,0.97314,0.70720,-0.83439,2.25470,0.02857,-0.26695,-1.35121,0.99072,0.73823,-0.86910,2.26784,-0.00492,-0.24390,-1.35928,4.093,-0.226,1.721,0.271,-0.424,-0.439,-0.274
69.600000,3480,0.98042,0.67713,-0.83771,2.25033,-0.00266,-0.28572,-1.37218,0.97362,0.67066,-0.83940,2.24843,0.00838,-0.28326,-1.37324,0.99163,0.70195,-0.87416,2.26162,-0.02504,-0.26031,-1.38035,4.177,-0.317,1.676,0.281,-0.426,-0.428,-0.277
69.700000,3485,0.98042,0.64127,-0.84534,2.24270,-0.02479,-0.29907,-1.39316,0.97472,0.63463,-0.84572,2.24136,-0.01325,-0.29835,-1.39433,0.99300,0.66589,-0.88028,2.25447,-0.04629,-0.27581,-1.40071,4.261,-0.411,1.640,0.295,-0.427,-0.416,-0.280
69.800000,3490,0.98042,0.60427,-0.85335,2.23469,-0.04539,-0.31433,-1.41376,0.97629,0.59865,-0.85297,2.23323,-0.03569,-0.31268,-1.41472,0.99489,0.63010,-0.88745,2.24639,-0.06850,-0.29032,-1.42040,4.343,-0.506,1.611,0.311,-0.428,-0.405,-0.284
69.900000,3495,0.98080,0.56841,-0.86327,2.22554,-0.06904,-0.32577,-1.43398,0.97847,0.56310,-0.86138,2.22410,-0.05897,-0.32607,-1.43443,0.99735,0.59463,-0.89571,2.23732,-0.09147,-0.30375,-1.43943,4.424,-0.603,1.590,0.329,-0.427,-0.394,-0.287
70.000000,3500,0.98080,0.53217,-0.87243,2.21524,-0.09040,-0.33950,-1.45305,0.98117,0.52787,-0.87099,2.21373,-0.08284,-0.33814,-1.45344,1.00034,0.55964,-0.90529,2.22703,-0.11511,-0.31595,-1.45753,4.489,-0.701,1.570,0.345,-0.428,-0.381,-0.288
70.100000,3505,0.98271,0.49745,-0.88540,2.20303,-0.11596,-0.34751,-1.46793,0.98413,0.49359,-0.88256,2.20151,-0.10766,-0.34889,-1.47077,1.00366,0.52544,-0.91686,2.21489,-0.13955,-0.32665,-1.47380,4.568,-0.799,1.566,0.372,-0.426,-0.369,-0.292
70.200000,3510,0.98385,0.46312,-0.89760,2.19006,-0.13847,-0.35934,-1.49005,0.98834,0.45921,-0.89408,2.18901,-0.13188,-0.35916,-1.48796,1.00811,0.49138,-0.92800,2.20279,-0.16319,-0.33649,-1.49103,4.648,-0.899,1.568,0.395,-0.422,-0.357,-0.299
70.300000,3515,0.98805,0.42917,-0.90981,2.17671,-0.16212,-0.36697,-1.50531,0.99309,0.42531,-0.90626,2.17543,-0.15595,-0.36862,-1.50468,1.01332,0.45797,-0.93979,2.18991,-0.18647,-0.34510,-1.50787,4.703,-0.996,1.566,0.412,-0.419,-0.339,-0.301
70.400000,3520,0.98958,0.39522,-0.92354,2.16107,-0.18730,-0.37307,-1.52057,0.99826,0.39243,-0.92025,2.16000,-0.18031,-0.37647,-1.52015,1.01888,0.42568,-0.95314,2.17520,-0.20951,-0.35221,-1.52276,4.755,-1.092,1.573,0.434,-0.416,-0.312,-0.303
70.500000,3525,0.99988,0.36432,-0.93499,2.14810,-0.20904,-0.36811,-1.53240,1.00161,0.36372,-0.92970,2.14733,-0.20249,-0.37574,-1.53367,1.02305,0.39848,-0.96039,2.16438,-0.22749,-0.34852,-1.53616,4.534,-1.141,2.034,0.513,-0.381,0.299,-0.273
70.600000,3530,0.99949,0.34601,-0.92927,2.14581,-0.21285,-0.32539,-1.53697,0.99675,0.35001,-0.92461,2.14310,-0.21608,-0.34266,-1.53903,1.01966,0.38687,-0.95091,2.16232,-0.23228,-0.31172,-1.53867,4.288,-1.131,2.212,0.725,-0.207,0.332,0.007
70.700000,3535,0.99759,0.34296,-0.91591,2.14581,-0.21514,-0.28343,-1.53392,0.99164,0.34107,-0.91369,2.14204,-0.22135,-0.30085,-1.53918,1.01485,0.37832,-0.93868,2.16168,-0.23468,-0.26947,-1.53886,4.291,-1.150,2.198,0.726,-0.204,0.321,0.007
70.800000,3540,0.99606,0.32922,-0.90409,2.14581,-0.22048,-0.24299,-1.53354,0.98712,0.33292,-0.90161,2.14153,-0.22463,-0.25929,-1.53918,1.01012,0.36992,-0.92665,2.16106,-0.23704,-0.22793,-1.53904,4.294,-1.170,2.184,0.726,-0.202,0.310,0.008
70.900000,3545,0.98576,0.32121,-0.89302,2.14543,-0.22926,-0.20255,-1.53354,0.98284,0.32473,-0.88974,2.14130,-0.22829,-0.21792,-1.53918,1.00552,0.36145,-0.91484,2.16042,-0.23942,-0.18697,-1.53916,4.301,-1.194,2.169,0.723,-0.206,0.300,0.015
71.000000,3550,0.98271,0.31053,-0.88196,2.14390,-0.23498,-0.16135,-1.53354,0.97859,0.31606,-0.87769,2.14068,-0.23105,-0.17783,-1.53909,1.00110,0.35270,-0.90323,2.15974,-0.24189,-0.14645,-1.53918,4.305,-1.217,2.153,0.722,-0.207,0.290,0.018
71.100000,3555,0.97966,0.30900,-0.86899,2.14390,-0.23574,-0.12321,-1.53354,0.97442,0.30737,-0.86575,2.14015,-0.23428,-0.13782,-1.53893,0.99674,0.34395,-0.89170,2.15906,-0.24435,-0.10618,-1.53918,4.307,-1.238,2.138,0.721,-0.206,0.281,0.018
71.200000,3560,0.97737,0.29375,-0.85678,2.14390,-0.23612,-0.08277,-1.53354,0.97039,0.29899,-0.85404,2.13967,-0.23758,-0.09763,-1.53773,0.99238,0.33523,-0.88022,2.15839,-0.24681,-0.06605,-1.53918,4.308,-1.260,2.121,0.721,-0.206,0.273,0.018
71.300000,3565,0.96898,0.28840,-0.84687,2.14352,-0.23918,-0.04615,-1.53354,0.96639,0.29031,-0.84271,2.13933,-0.24148,-0.05736,-1.53825,0.98812,0.32638,-0.86881,2.15769,-0.24933,-0.02599,-1.53918,4.315,-1.284,2.104,0.718,-0.212,0.264,0.018
71.400000,3570,0.96783,0.27734,-0.83580,2.14314,-0.24261,-0.00609,-1.53354,0.96252,0.28128,-0.83116,2.13874,-0.24473,-0.01756,-1.53766,0.98405,0.31720,-0.85754,2.15694,-0.25200,0.01401,-1.53918,4.319,-1.308,2.086,0.716,-0.216,0.256,0.018
71.500000,3575,0.96364,0.27086,-0.82360,2.14276,-0.24375,0.03205,-1.53354,0.95864,0.27222,-0.81984,2.13821,-0.24867,0.02241,-1.53783,0.98002,0.30796,-0.84629,2.15618,-0.25468,0.05400,-1.53918,4.320,-1.331,2.068,0.715,-0.216,0.249,0.018
71.600000,3580,0.96325,0.26018,-0.81215,2.14199,-0.25253,0.07325,-1.53354,0.95487,0.26315,-0.80829,2.13756,-0.25191,0.06225,-1.53714,0.97598,0.29873,-0.83504,2.15543,-0.25737,0.09399,-1.53918,4.321,-1.354,2.049,0.715,-0.216,0.241,0.018
71.700000,3585,0.95524,0.25064,-0.80033,2.14161,-0.25863,0.11102,-1.53354,0.95128,0.25410,-0.79727,2.13713,-0.25629,0.10251,-1.53701,0.97204,0.28938,-0.82385,2.15465,-0.26013,0.13399,-1.53918,4.330,-1.379,2.029,0.712,-0.223,0.234,0.018
71.800000,3590,0.95219,0.24263,-0.78888,2.14085,-0.26168,0.14993,-1.53316,0.94771,0.24456,-0.78585,2.13641,-0.25977,0.14219,-1.53661,0.96835,0.27973,-0.81283,2.15383,-0.26307,0.17398,-1.53918,4.336,-1.404,2.008,0.709,-0.228,0.227,0.018
71.900000,3595,0.94723,0.23271,-0.77782,2.14009,-0.26283,0.18960,-1.53316,0.94440,0.23517,-0.77510,2.13588,-0.26424,0.18234,-1.53615,0.96470,0.27002,-0.80185,2.15299,-0.26604,0.21397,-1.53918,4.336,-1.428,1.988,0.708,-0.228,0.220,0.018
72.000000,3600,0.94685,0.22470,-0.76752,2.14009,-0.26550,0.23195,-1.53316,0.94095,0.22552,-0.76356,2.13511,-0.26759,0.22192,-1.53569,0.96106,0.26031,-0.79087,2.15216,-0.26901,0.25397,-1.53918,4.337,-1.451,1.966,0.708,-0.228,0.213,0.018
72.100000,3605,0.94113,0.21325,-0.75569,2.13971,-0.26855,0.26781,-1.53278,0.93777,0.21610,-0.75277,2.13471,-0.27230,0.26237,-1.53564,0.95752,0.25051,-0.77995,2.15131,-0.27205,0.29398,-1.53918,4.348,-1.476,1.943,0.705,-0.235,0.207,0.018
72.200000,3610,0.93579,0.20448,-0.74425,2.13818,-0.27351,0.30633,-1.53278,0.93479,0.20628,-0.74205,2.13400,-0.27640,0.30240,-1.53542,0.95428,0.24046,-0.76924,2.15043,-0.27530,0.33404,-1.53918,4.357,-1.502,1.920,0.702,-0.241,0.201,0.018
72.300000,3615,0.93579,0.19304,-0.73471,2.13780,-0.28381,0.34563,-1.53240,0.93180,0.19633,-0.73130,2.13323,-0.28058,0.34240,-1.53514,0.95111,0.23034,-0.75856,2.14953,-0.27859,0.37416,-1.53918,4.357,-1.526,1.897,0.700,-0.241,0.195,0.018
72.400000,3620,0.93350,0.18274,-0.72289,2.13704,-0.28800,0.38835,-1.53240,0.92890,0.18626,-0.72022,2.13242,-0.28470,0.38226,-1.53455,0.94793,0.22018,-0.74785,2.14863,-0.28190,0.41442,-1.53918,4.357,-1.550,1.873,0.699,-0.242,0.189,0.018
72.500000,3625,0.93045,0.17473,-0.71411,2.13627,-0.28953,0.42955,-1.52973,0.92602,0.17627,-0.70962,2.13180,-0.28967,0.42277,-1.53452,0.94484,0.20992,-0.73715,2.14772,-0.28528,0.45491,-1.53918,4.369,-1.576,1.848,0.696,-0.249,0.184,0.019
72.600000,3630,0.93007,0.16290,-0.70343,2.13398,-0.29220,0.46999,-1.52973,0.92356,0.16609,-0.69886,2.13111,-0.29429,0.46368,-1.53387,0.94211,0.19938,-0.72663,2.14678,-0.28891,0.49576,-1.53918,4.381,-1.602,1.822,0.693,-0.256,0.180,0.019
72.700000,3635,0.92968,0.15260,-0.69199,2.13322,-0.29602,0.50890,-1.52973,0.92122,0.15570,-0.68744,2.13064,-0.29854,0.50512,-1.53378,0.93945,0.18868,-0.71607,2.14582,-0.29262,0.53708,-1.53918,4.380,-1.628,1.797,0.690,-0.258,0.175,0.019
72.800000,3640,0.92167,0.14154,-0.68016,2.13246,-0.30326,0.54972,-1.52973,0.91890,0.14525,-0.67601,2.13040,-0.30266,0.54756,-1.53458,0.93674,0.17788,-0.70536,2.14486,-0.29636,0.57891,-1.53917,4.378,-1.650,1.771,0.700,-0.246,0.170,0.028
72.900000,3645,0.91938,0.13353,-0.66795,2.13284,-0.30326,0.58329,-1.52629,0.91625,0.14397,-0.66258,2.13323,-0.29970,0.57761,-1.53196,0.93383,0.17671,-0.69351,2.14740,-0.29445,0.60938,-1.53689,4.356,-1.007,1.756,1.035,0.256,0.099,0.283
73.000000,3650,0.91900,0.14878,-0.65155,2.14466,-0.27313,0.56993,-1.51027,0.91340,0.17015,-0.64546,2.14478,-0.27704,0.57274,-1.52198,0.93064,0.20426,-0.67910,2.15971,-0.27586,0.60630,-1.52788,4.360,-0.871,1.753,1.038,0.284,-0.511,0.333
73.100000,3655,0.91633,0.18464,-0.63286,2.15802,-0.24566,0.55048,-1.49768,0.91061,0.20306,-0.62991,2.15776,-0.25249,0.56454,-1.51277,0.92813,0.23806,-0.66510,2.17312,-0.25348,0.59885,-1.51758,4.387,-0.748,1.756,0.999,0.288,-0.486,0.326
73.200000,3660,0.91404,0.21783,-0.61798,2.17175,-0.21667,0.54590,-1.49272,0.90879,0.23667,-0.61643,2.17187,-0.22882,0.55947,-1.50572,0.92659,0.27180,-0.65096,2.18719,-0.22895,0.59344,-1.50954,4.415,-0.625,1.757,0.951,0.291,-0.444,0.323
73.300000,3665,0.91404,0.25369,-0.60577,2.18358,-0.19531,0.54361,-1.48395,0.90784,0.27258,-0.60408,2.18390,-0.20386,0.55543,-1.49678,0.92585,0.30792,-0.63897,2.19919,-0.20513,0.58935,-1.49901,4.435,-0.495,1.762,0.898,0.289,-0.404,0.343
73.400000,3670,0.91366,0.29108,-0.59471,2.19349,-0.17204,0.54209,-1.47289,0.90768,0.31017,-0.59348,2.19438,-0.17945,0.55256,-1.48576,0.92581,0.34570,-0.62877,2.20967,-0.18205,0.58649,-1.48667,4.450,-0.367,1.773,0.851,0.288,-0.351,0.348
73.500000,3675,0.91404,0.32960,-0.58708,2.20227,-0.14953,0.54094,-1.45915,0.90818,0.34890,-0.58431,2.20369,-0.15579,0.55070,-1.47294,0.92637,0.38453,-0.62006,2.21902,-0.15975,0.58469,-1.47303,4.456,-0.240,1.784,0.801,0.286,-0.302,0.354
73.600000,3680,0.91404,0.37004,-0.57983,2.21066,-0.12435,0.54056,-1.44618,0.90931,0.38825,-0.57637,2.21211,-0.13298,0.54965,-1.45913,0.92754,0.42401,-0.61259,2.22748,-0.13820,0.58381,-1.45842,4.475,-0.117,1.804,0.757,0.287,-0.240,0.354
73.700000,3685,0.91404,0.40971,-0.57259,2.21829,-0.10032,0.54170,-1.43512,0.91159,0.42745,-0.56892,2.22056,-0.10983,0.54987,-1.44562,0.92978,0.46325,-0.60531,2.23602,-0.11584,0.58408,-1.44482,4.471,0.002,1.817,0.702,0.286,-0.196,0.356
73.800000,3690,0.91404,0.44977,-0.56686,2.22477,-0.08048,0.54323,-1.41719,0.91385,0.46759,-0.56282,2.22756,-0.08819,0.55034,-1.43016,0.93190,0.50338,-0.60010,2.24282,-0.09649,0.58441,-1.42810,4.415,0.121,1.794,0.630,0.279,-0.210,0.365
73.900000,3695,0.91442,0.49021,-0.56572,2.23050,-0.06332,0.54361,-1.40117,0.91608,0.50810,-0.55822,2.23321,-0.06913,0.55058,-1.41210,0.93400,0.54391,-0.59637,2.24839,-0.07951,0.58474,-1.40915,4.380,0.235,1.789,0.571,0.275,-0.211,0.369
74.000000,3700,0.91481,0.53102,-0.56190,2.23431,-0.04729,0.54399,-1.38286,0.91848,0.54870,-0.55480,2.23805,-0.05214,0.55090,-1.39228,0.93618,0.58448,-0.59360,2.25314,-0.06428,0.58499,-1.38875,4.337,0.346,1.782,0.510,0.270,-0.224,0.372
74.100000,3705,0.91710,0.57146,-0.56076,2.23813,-0.02898,0.54399,-1.35959,0.92080,0.58929,-0.55219,2.24203,-0.03709,0.55070,-1.37065,0.93836,0.62503,-0.59167,2.25715,-0.05083,0.58498,-1.36691,4.287,0.454,1.776,0.446,0.265,-0.249,0.375
74.200000,3710,0.91748,0.61304,-0.56038,2.24080,-0.02059,0.54399,-1.33594,0.92322,0.62986,-0.55048,2.24547,-0.02397,0.55039,-1.34779,0.94047,0.66549,-0.59045,2.26045,-0.03911,0.58453,-1.34365,4.231,0.558,1.775,0.381,0.257,-0.284,0.378
74.300000,3715,0.92053,0.65310,-0.56038,2.24385,-0.00609,0.54247,-1.31076,0.92537,0.67039,-0.54926,2.24806,-0.01258,0.54921,-1.32290,0.94245,0.70584,-0.58981,2.26308,-0.02907,0.58347,-1.31904,4.168,0.659,1.778,0.314,0.247,-0.326,0.380
74.400000,3720,0.92244,0.69429,-0.55923,2.24499,0.00192,0.54018,-1.28444,0.92746,0.71056,-0.54861,2.25010,-0.00271,0.54736,-1.29723,0.94422,0.74603,-0.58966,2.26506,-0.02061,0.58166,-1.29312,4.098,0.758,1.786,0.245,0.231,-0.373,0.382
74.500000,3725,0.92244,0.73473,-0.55923,2.24537,0.00611,0.53751,-1.25773,0.92924,0.75062,-0.54845,2.25147,0.00538,0.54466,-1.27033,0.94575,0.78602,-0.58993,2.26640,-0.01367,0.57898,-1.26600,4.023,0.854,1.798,0.175,0.208,-0.419,0.383
74.600000,3730,0.92320,0.77479,-0.55733,2.24537,0.01298,0.53064,-1.23179,0.93073,0.79041,-0.54860,2.25208,0.01212,0.54077,-1.24156,0.94698,0.82574,-0.59054,2.26712,-0.00812,0.57533,-1.23779,3.942,0.948,1.814,0.104,0.176,-0.459,0.384
74.700000,3735,0.92587,0.81484,-0.55733,2.24537,0.02252,0.52454,-1.20280,0.93179,0.82984,-0.54911,2.25212,0.01746,0.53593,-1.21204,0.94789,0.86512,-0.59146,2.26721,-0.00384,0.57062,-1.20862,3.857,1.039,1.832,0.034,0.136,-0.493,0.384
74.800000,3740,0.92816,0.85451,-0.55656,2.24537,0.02442,0.52034,-1.17228,0.93272,0.86900,-0.55010,2.25165,0.02128,0.53027,-1.18190,0.94844,0.90410,-0.59263,2.26666,-0.00070,0.56482,-1.17864,3.767,1.129,1.852,-0.036,0.088,-0.518,0.383
74.900000,3745,0.92854,0.89419,-0.55656,2.24499,0.02442,0.51271,-1.14291,0.93320,0.90754,-0.55132,2.25040,0.02423,0.52327,-1.15100,0.94862,0.94259,-0.59407,2.26545,0.00143,0.55785,-1.14798,3.676,1.216,1.872,-0.105,0.038,-0.537,0.382
75.000000,3750,0.92854,0.93195,-0.55656,2.24499,0.02481,0.50241,-1.11048,0.93330,0.94559,-0.55280,2.24849,0.02627,0.51512,-1.11921,0.94846,0.98056,-0.59576,2.26359,0.00269,0.54978,-1.11678,3.586,1.301,1.892,-0.167,-0.009,-0.549,0.381
75.100000,3755,0.93121,0.96934,-0.55656,2.24499,0.02442,0.49478,-1.07844,0.93307,0.98320,-0.55465,2.24602,0.02720,0.50601,-1.08727,0.94798,1.01802,-0.59770,2.26112,0.00323,0.54067,-1.08519,3.496,1.385,1.912,-0.225,-0.050,-0.558,0.379
75.200000,3760,0.93121,1.00710,-0.55656,2.24270,0.02442,0.48448,-1.04869,0.93249,1.02017,-0.55683,2.24285,0.02776,0.49577,-1.05513,0.94719,1.05493,-0.59993,2.25802,0.00318,0.53053,-1.05329,3.406,1.466,1.931,-0.279,-0.084,-0.565,0.377
75.300000,3765,0.93121,1.04449,-0.55656,2.23851,0.02442,0.47189,-1.01626,0.93171,1.05654,-0.55921,2.23902,0.02794,0.48454,-1.02232,0.94613,1.09131,-0.60244,2.25430,0.00267,0.51941,-1.02118,3.317,1.547,1.950,-0.329,-0.110,-0.570,0.374
75.400000,3770,0.93083,1.07959,-0.55695,2.23431,0.02404,0.46159,-0.98116,0.93061,1.09261,-0.56206,2.23459,0.02738,0.47245,-0.98936,0.94482,1.12714,-0.60528,2.24996,0.00179,0.50733,-0.98891,3.230,1.626,1.969,-0.375,-0.130,-0.573,0.372
75.500000,3775,0.93083,1.11583,-0.55695,2.22897,0.02366,0.44862,-0.95141,0.92920,1.12784,-0.56507,2.22943,0.02686,0.45919,-0.95657,0.94328,1.16243,-0.60847,2.24499,0.00066,0.49433,-0.95654,3.145,1.704,1.987,-0.417,-0.144,-0.577,0.369
75.600000,3780,0.93083,1.15130,-0.56076,2.22249,0.02366,0.43489,-0.91937,0.92761,1.16269,-0.56870,2.22374,0.02586,0.44536,-0.92371,0.94156,1.19717,-0.61204,2.23937,-0.00066,0.48044,-0.92411,3.061,1.780,2.006,-0.456,-0.152,-0.579,0.366
75.700000,3785,0.93045,1.18640,-0.56343,2.21638,0.02328,0.41925,-0.88503,0.92592,1.19686,-0.57274,2.21732,0.02495,0.43050,-0.89078,0.93968,1.23137,-0.61603,2.23311,-0.00206,0.46572,-0.89165,2.980,1.856,2.025,-0.492,-0.155,-0.581,0.363
75.800000,3790,0.93045,1.21921,-0.56610,2.20799,0.02290,0.40475,-0.85337,0.92406,1.23069,-0.57724,2.21022,0.02386,0.41492,-0.85762,0.93767,1.26501,-0.62047,2.22618,-0.00347,0.45019,-0.85917,2.901,1.930,2.045,-0.525,-0.154,-0.583,0.360
75.900000,3795,0.93007,1.25354,-0.57487,2.20112,0.02252,0.38911,-0.82209,0.92210,1.26381,-0.58228,2.20261,0.02267,0.39877,-0.82497,0.93557,1.29808,-0.62538,2.21857,-0.00482,0.43392,-0.82671,2.825,2.003,2.066,-0.557,-0.149,-0.585,0.357
76.000000,3800,0.92739,1.28711,-0.57869,2.19197,0.02099,0.37118,-0.78585,0.92013,1.29628,-0.58778,2.19408,0.02199,0.38158,-0.79200,0.93340,1.33056,-0.63078,2.21029,-0.00603,0.41693,-0.79426,2.743,2.076,2.090,-0.585,-0.143,-0.587,0.354
76.100000,3805,0.92167,1.32030,-0.58556,2.18358,0.02023,0.35516,-0.75571,0.91736,1.32861,-0.59362,2.18576,0.02092,0.36378,-0.75963,0.93048,1.36286,-0.63641,2.20210,-0.00735,0.39916,-0.76213,2.617,2.150,2.122,-0.601,-0.157,-0.588,0.351
76.200000,3810,0.91938,1.35158,-0.59166,2.17442,0.02023,0.33685,-0.72519,0.91438,1.36046,-0.59969,2.17685,0.02027,0.34522,-0.72671,0.92743,1.39464,-0.64255,2.19342,-0.00850,0.38076,-0.73010,2.588,2.222,2.135,-0.639,-0.118,-0.589,0.348
76.300000,3815,0.91900,1.38324,-0.59929,2.16412,0.02023,0.31663,-0.69010,0.91219,1.39103,-0.60691,2.16639,0.02011,0.32630,-0.69430,0.92524,1.42526,-0.64968,2.18309,-0.00898,0.36186,-0.69781,2.535,2.292,2.160,-0.667,-0.086,-0.590,0.346
76.400000,3820,0.91633,1.41490,-0.60844,2.15268,0.02061,0.29870,-0.65844,0.91028,1.42081,-0.61474,2.15498,0.02058,0.30674,-0.66167,0.92318,1.45510,-0.65738,2.17190,-0.00898,0.34246,-0.66551,2.473,2.360,2.189,-0.692,-0.054,-0.591,0.344
76.500000,3825,0.91633,1.44351,-0.61607,2.14047,0.02099,0.27925,-0.62716,0.90838,1.44988,-0.62313,2.14267,0.02157,0.28682,-0.62870,0.92125,1.48411,-0.66564,2.15985,-0.00842,0.32264,-0.63319,2.416,2.428,2.218,-0.716,-0.016,-0.591,0.342
76.600000,3830,0.91366,1.47212,-0.62523,2.12674,0.02404,0.25979,-0.59359,0.90678,1.47791,-0.63225,2.12954,0.02301,0.26669,-0.59611,0.91954,1.51220,-0.67449,2.14688,-0.00718,0.30251,-0.60083,2.366,2.495,2.249,-0.739,0.027,-0.591,0.340
76.700000,3835,0.91366,1.49997,-0.63591,2.11300,0.02481,0.23881,-0.56040,0.90528,1.50506,-0.64190,2.11535,0.02526,0.24621,-0.56337,0.91805,1.53927,-0.68389,2.13296,-0.00517,0.28218,-0.56845,2.315,2.561,2.281,-0.761,0.071,-0.592,0.339
76.800000,3840,0.91366,1.52667,-0.64621,2.09736,0.02786,0.21821,-0.52912,0.90399,1.53090,-0.65199,2.10020,0.02859,0.22566,-0.53072,0.91676,1.56522,-0.69374,2.11808,-0.00230,0.26177,-0.53605,2.268,2.626,2.314,-0.782,0.113,-0.591,0.338
76.900000,3845,0.91328,1.55147,-0.65651,2.08096,0.03129,0.19990,-0.49745,0.90296,1.55565,-0.66272,2.08414,0.03246,0.20537,-0.49789,0.91566,1.58994,-0.70397,2.10221,0.00151,0.24146,-0.50365,2.223,2.690,2.348,-0.801,0.151,-0.591,0.338
77.000000,3850,0.90794,1.57588,-0.66910,2.06417,0.03625,0.17968,-0.46236,0.90220,1.57884,-0.67352,2.06697,0.03766,0.18521,-0.46510,0.91477,1.61327,-0.71448,2.08533,0.00635,0.22145,-0.47126,2.189,2.753,2.384,-0.820,0.185,-0.589,0.338
77.100000,3855,0.90794,1.59763,-0.67902,2.04472,0.05036,0.15947,-0.43108,0.90189,1.59943,-0.68406,2.04735,0.04444,0.16625,-0.43216,0.91464,1.63390,-0.72465,2.06608,0.01307,0.20280,-0.43861,2.202,2.812,2.425,-0.840,0.224,-0.586,0.340
77.200000,3860,0.90794,1.61632,-0.68817,2.02336,0.05609,0.14344,-0.39941,0.90182,1.61882,-0.69484,2.02719,0.05234,0.14817,-0.39913,0.91447,1.65326,-0.73492,2.04617,0.02065,0.18469,-0.40611,2.110,2.878,2.458,-0.849,0.221,-0.587,0.341
77.300000,3865,0.90794,1.63616,-0.70000,2.00352,0.06143,0.12628,-0.36623,0.90139,1.63763,-0.70593,2.00739,0.06038,0.13018,-0.36677,0.91392,1.67207,-0.74555,2.02657,0.02847,0.16673,-0.37404,2.077,2.940,2.493,-0.863,0.232,-0.585,0.342
77.400000,3870,0.90603,1.65332,-0.70954,1.98292,0.07630,0.10797,-0.33189,0.90129,1.65456,-0.71708,1.98654,0.06941,0.11314,-0.33446,0.91375,1.68912,-0.75620,2.00607,0.03729,0.14991,-0.34217,2.070,3.001,2.528,-0.875,0.242,-0.582,0.344
77.500000,3875,0.90527,1.66935,-0.72098,1.96156,0.08317,0.09309,-0.29985,0.90164,1.66988,-0.72822,1.96487,0.07938,0.09770,-0.30236,0.91402,1.70436,-0.76680,1.98466,0.04702,0.13443,-0.31055,2.051,3.060,2.563,-0.886,0.248,-0.578,0.347
77.600000,3880,0.90527,1.68346,-0.73166,1.93905,0.09233,0.07783,-0.26933,0.90213,1.68336,-0.73896,1.94232,0.09019,0.08331,-0.27045,0.91446,1.71791,-0.77710,1.96247,0.05749,0.12034,-0.27918,2.027,3.117,2.599,-0.894,0.252,-0.574,0.349
77.700000,3885,0.90527,1.69643,-0.74311,1.91540,0.10682,0.06677,-0.23691,0.90271,1.69517,-0.74933,1.91917,0.10148,0.07054,-0.23921,0.91496,1.72985,-0.78699,1.93954,0.06855,0.10770,-0.24807,2.001,3.174,2.634,-0.901,0.254,-0.569,0.353
77.800000,3890,0.90527,1.70635,-0.75340,1.89175,0.11560,0.05494,-0.20639,0.90338,1.70564,-0.75932,1.89526,0.11315,0.05934,-0.20777,0.91545,1.74024,-0.79636,1.91589,0.08004,0.09656,-0.21722,1.973,3.228,2.670,-0.906,0.256,-0.562,0.356
77.900000,3895,0.90565,1.71589,-0.76065,1.86695,0.13124,0.04769,-0.17740,0.90385,1.71454,-0.76856,1.87061,0.12511,0.04952,-0.17656,0.91584,1.74916,-0.80512,1.89154,0.09183,0.08694,-0.18660,1.943,3.280,2.706,-0.910,0.257,-0.551,0.361
78.000000,3900,0.90565,1.72046,-0.76943,1.84215,0.13925,0.04045,-0.14497,0.90429,1.72204,-0.77720,1.84538,0.13726,0.04129,-0.14581,0.91602,1.75667,-0.81315,1.86646,0.10377,0.07883,-0.15621,1.909,3.327,2.743,-0.912,0.257,-0.535,0.365
78.100000,3905,0.90565,1.73191,-0.77515,1.81507,0.15565,0.03129,-0.11407,0.90423,1.72807,-0.78469,1.81915,0.14964,0.03437,-0.11524,0.91588,1.76283,-0.82034,1.84062,0.11572,0.07223,-0.12602,1.873,3.360,2.788,-0.913,0.256,-0.501,0.369
78.200000,3910,0.90565,1.73229,-0.78125,1.78837,0.16290,0.03015,-0.08699,0.90419,1.73162,-0.79059,1.79156,0.16141,0.03095,-0.08508,0.91552,1.76620,-0.82539,1.81310,0.12760,0.06864,-0.09644,1.855,3.296,2.883,-0.913,0.255,-0.367,0.373
78.300000,3915,0.90565,1.73229,-0.78163,1.75937,0.17816,0.03015,-0.05303,0.90348,1.73403,-0.79515,1.76313,0.17326,0.02828,-0.05497,0.91451,1.76861,-0.82953,1.78484,0.13919,0.06623,-0.06689,1.790,3.439,2.880,-0.906,0.253,-0.427,0.380
78.400000,3920,0.90527,1.73763,-0.78736,1.73153,0.18846,0.02709,-0.02404,0.90165,1.73722,-0.79976,1.73490,0.18503,0.02519,-0.02498,0.91245,1.77184,-0.83398,1.75675,0.15038,0.06318,-0.03673,1.730,3.496,2.927,-0.904,0.251,-0.396,0.385
78.500000,3925,0.90451,1.74602,-0.78850,1.70215,0.19914,0.02633,0.00457,0.89889,1.73944,-0.80345,1.70563,0.19600,0.02303,0.00586,0.90943,1.77408,-0.83721,1.72767,0.16120,0.06124,-0.00644,1.679,3.504,3.020,-0.903,0.248,-0.309,0.390
78.600000,3930,0.90260,1.74640,-0.79193,1.67125,0.21058,0.02748,0.03432,0.89533,1.73955,-0.80471,1.67470,0.20616,0.02365,0.03715,0.90545,1.77390,-0.83790,1.69684,0.17133,0.06178,0.02338,1.643,3.469,3.175,-0.899,0.243,-0.180,0.394
78.700000,3935,0.89726,1.74679,-0.79193,1.63959,0.21707,0.02824,0.06980,0.89023,1.74041,-0.80545,1.64365,0.21610,0.02334,0.06904,0.89974,1.77462,-0.83829,1.66587,0.18112,0.06156,0.05408,1.577,3.749,3.204,-0.890,0.238,-0.342,0.400
78.800000,3940,0.88429,1.74907,-0.79079,1.61518,0.22203,0.02481,0.09536,0.87522,1.74517,-0.79663,1.62306,0.22008,0.02090,0.09557,0.88334,1.77871,-0.82792,1.64564,0.18510,0.05923,0.07560,1.498,4.014,3.532,-0.836,-0.214,-0.428,0.348
78.900000,3945,0.85720,1.75480,-0.76142,1.61480,0.20677,0.02023,0.10108,0.84540,1.75354,-0.76951,1.62099,0.21378,0.01729,0.10459,0.85084,1.78630,-0.79846,1.64336,0.17930,0.05549,0.07985,1.473,4.202,3.544,-0.617,-0.340,-0.453,0.187
79.000000,3950,0.82516,1.76853,-0.72518,1.61594,0.19876,0.01489,0.10146,0.81132,1.76172,-0.73812,1.62042,0.20651,0.01327,0.10824,0.81634,1.79440,-0.76682,1.64263,0.17254,0.05150,0.08258,1.465,4.374,3.539,-0.675,-0.340,-0.466,0.183
79.100000,3955,0.79006,1.77654,-0.69466,1.61556,0.18770,0.00726,0.10528,0.77590,1.77068,-0.70667,1.61920,0.19934,0.00869,0.11120,0.78113,1.80315,-0.73523,1.64119,0.16588,0.04670,0.08542,1.458,4.548,3.533,-0.765,-0.336,-0.493,0.181
79.200000,3960,0.75459,1.78379,-0.66185,1.61556,0.18235,0.00154,0.10719,0.73992,1.77984,-0.67526,1.61757,0.19205,0.00349,0.11418,0.74544,1.81229,-0.70360,1.63936,0.15926,0.04145,0.08833,1.456,4.711,3.526,-0.813,-0.336,-0.496,0.175
79.300000,3965,0.71758,1.79638,-0.63095,1.61518,0.17701,-0.00266,0.10909,0.70357,1.78990,-0.64432,1.61608,0.18498,-0.00251,0.11681,0.70938,1.82232,-0.67254,1.63756,0.15271,0.03519,0.09137,1.454,4.880,3.515,-0.854,-0.331,-0.544,0.184
79.400000,3970,0.67982,1.80897,-0.60349,1.61441,0.17205,-0.01449,0.11253,0.66666,1.80303,-0.61578,1.61470,0.17852,-0.01201,0.12007,0.67264,1.83538,-0.64407,1.63590,0.14648,0.02541,0.09488,1.445,5.038,3.502,-0.905,-0.326,-0.560,0.187
79.500000,3975,0.64320,1.81927,-0.57564,1.61327,0.16023,-0.02555,0.11596,0.62955,1.81682,-0.58809,1.61334,0.17167,-0.02201,0.12349,0.63574,1.84899,-0.61603,1.63426,0.14031,0.01500,0.09847,1.442,5.180,3.489,-0.968,-0.324,-0.561,0.178
79.600000,3980,0.60734,1.83567,-0.54932,1.61136,0.15641,-0.03661,0.12016,0.59230,1.83212,-0.56176,1.61157,0.16555,-0.03432,0.12682,0.59888,1.86432,-0.58986,1.63232,0.13429,0.00265,0.10209,1.440,5.320,3.469,-1.061,-0.316,-0.573,0.170
79.700000,3985,0.56919,1.85398,-0.52605,1.60945,0.15336,-0.05302,0.12130,0.55516,1.84945,-0.53766,1.60939,0.15960,-0.04888,0.13041,0.56213,1.88173,-0.56596,1.63003,0.12844,-0.01202,0.10573,1.437,5.443,3.449,-1.138,-0.313,-0.573,0.160
79.800000,3990,0.53180,1.87038,-0.50354,1.60793,0.14955,-0.06599,0.12740,0.51827,1.86733,-0.51450,1.60720,0.15336,-0.06369,0.13392,0.52555,1.89947,-0.54258,1.62764,0.12262,-0.02705,0.10933,1.442,5.556,3.426,-1.229,-0.310,-0.575,0.144
79.900000,3995,0.49595,1.89251,-0.48446,1.60335,0.14116,-0.08239,0.12779,0.48226,1.88759,-0.49431,1.60444,0.14746,-0.08076,0.13645,0.48984,1.91973,-0.52255,1.62456,0.11681,-0.04468,0.11266,1.446,5.659,3.395,-1.340,-0.306,-0.578,0.122
80.000000,4000,0.46047,1.91349,-0.46844,1.60030,0.13162,-0.10337,0.13084,0.44669,1.90870,-0.47577,1.60112,0.14147,-0.09913,0.13975,0.45466,1.94080,-0.50386,1.62124,0.11105,-0.06316,0.11587,1.455,5.743,3.364,-1.428,-0.301,-0.575,0.107
80.100000,4005,0.42652,1.93523,-0.45204,1.59572,0.12819,-0.12092,0.13427,0.41216,1.93080,-0.45933,1.59722,0.13527,-0.11857,0.14298,0.42060,1.96296,-0.48723,1.61744,0.10510,-0.08257,0.11877,1.470,5.819,3.324,-1.550,-0.304,-0.576,0.070
80.200000,4010,0.39257,1.95736,-0.44174,1.59000,0.12437,-0.14152,0.13465,0.37932,1.95450,-0.44612,1.59276,0.12825,-0.13892,0.14562,0.38809,1.98662,-0.47341,1.61303,0.09894,-0.10324,0.12123,1.485,5.876,3.282,-1.625,-0.293,-0.572,0.017
80.300000,4015,0.36357,1.98139,-0.43030,1.58885,0.12399,-0.15868,0.12893,0.35199,1.97508,-0.43483,1.59614,0.12303,-0.15467,0.14272,0.36155,2.00723,-0.46016,1.61739,0.09673,-0.11862,0.11567,1.533,5.867,3.233,-1.175,0.158,-0.522,-0.437
80.400000,4020,0.34831,1.99589,-0.42228,1.61556,0.13200,-0.15945,0.10184,0.34066,1.98852,-0.42919,1.62262,0.12501,-0.15833,0.12015,0.35125,2.02046,-0.45128,1.64453,0.10379,-0.12282,0.09024,1.624,5.765,3.133,-1.191,0.265,-0.420,-0.462
80.500000,4025,0.34183,2.00695,-0.42228,1.65027,0.13581,-0.15945,0.07362,0.33538,2.00082,-0.42484,1.65411,0.13172,-0.16156,0.09183,0.34634,2.03257,-0.44645,1.67574,0.11143,-0.12651,0.06223,1.629,5.652,3.118,-1.223,0.256,-0.406,-0.461
80.600000,4030,0.33687,2.01649,-0.41732,1.68003,0.14383,-0.16021,0.04539,0.32846,2.01226,-0.41676,1.68393,0.13865,-0.16425,0.06405,0.33976,2.04403,-0.43856,1.70544,0.11841,-0.12909,0.03446,1.591,5.538,3.132,-1.255,0.247,-0.354,-0.462
80.700000,4035,0.33077,2.02870,-0.40817,1.70826,0.15413,-0.16021,0.02021,0.32061,2.02278,-0.40648,1.71259,0.14529,-0.16615,0.03612,0.33205,2.05481,-0.42864,1.73395,0.12472,-0.13106,0.00684,1.587,5.430,3.109,-1.285,0.235,-0.338,-0.462
80.800000,4040,0.31703,2.03709,-0.39634,1.73649,0.15756,-0.16059,-0.00840,0.31223,2.03328,-0.39544,1.74058,0.15061,-0.16758,0.00819,0.32370,2.06522,-0.41758,1.76158,0.13040,-0.13279,-0.02064,1.584,5.323,3.081,-1.313,0.222,-0.328,-0.462
80.900000,4045,0.31360,2.04777,-0.38452,1.76243,0.15832,-0.16135,-0.03739,0.30278,2.04338,-0.38285,1.76758,0.15597,-0.16915,-0.01948,0.31461,2.07544,-0.40539,1.78843,0.13549,-0.13438,-0.04805,1.583,5.218,3.049,-1.340,0.207,-0.322,-0.463
81.000000,4050,0.29987,2.05845,-0.37117,1.78913,0.16137,-0.16403,-0.06333,0.29271,2.05346,-0.36941,1.79397,0.16020,-0.17047,-0.04746,0.30466,2.08564,-0.39210,1.81455,0.14002,-0.13590,-0.07546,1.583,5.115,3.015,-1.367,0.190,-0.320,-0.464
81.100000,4055,0.28766,2.06761,-0.35400,1.81393,0.16481,-0.16631,-0.09156,0.28163,2.06376,-0.35485,1.81956,0.16394,-0.17193,-0.07512,0.29377,2.09598,-0.37772,1.83996,0.14397,-0.13742,-0.10292,1.585,5.012,2.977,-1.395,0.171,-0.322,-0.466
81.200000,4060,0.27850,2.07829,-0.33874,1.83987,0.16900,-0.16822,-0.11979,0.26935,2.07435,-0.33916,1.84448,0.16730,-0.17348,-0.10292,0.28188,2.10662,-0.36231,1.86470,0.14737,-0.13899,-0.13045,1.589,4.909,2.937,-1.422,0.148,-0.325,-0.468
81.300000,4065,0.26210,2.08477,-0.32234,1.86390,0.17320,-0.17089,-0.14611,0.25636,2.08537,-0.32268,1.86879,0.16989,-0.17485,-0.13079,0.26898,2.11773,-0.34593,1.88878,0.15020,-0.14063,-0.15807,1.595,4.806,2.894,-1.451,0.123,-0.329,-0.470
81.400000,4070,0.25028,2.09812,-0.30441,1.88679,0.17663,-0.17318,-0.17282,0.24200,2.09697,-0.30489,1.89230,0.17227,-0.17664,-0.15875,0.25504,2.12948,-0.32862,1.91217,0.15244,-0.14236,-0.18577,1.604,4.702,2.847,-1.481,0.094,-0.334,-0.472
81.500000,4075,0.23425,2.11148,-0.28495,1.90929,0.17701,-0.17585,-0.19990,0.22690,2.10936,-0.28648,1.91525,0.17376,-0.17827,-0.18713,0.24011,2.14202,-0.31048,1.93488,0.15410,-0.14417,-0.21356,1.613,4.596,2.798,-1.512,0.061,-0.337,-0.475
81.600000,4080,0.21861,2.12025,-0.26664,1.93218,0.17701,-0.17700,-0.23042,0.21084,2.12291,-0.26761,1.93752,0.17433,-0.17976,-0.21525,0.22422,2.15551,-0.29160,1.95687,0.15516,-0.14603,-0.24142,1.625,4.487,2.746,-1.544,0.028,-0.337,-0.479
81.700000,4085,0.20183,2.13513,-0.24757,1.95316,0.17663,-0.17852,-0.25636,0.19386,2.13740,-0.24806,1.95904,0.17430,-0.18143,-0.24366,0.20747,2.17007,-0.27209,1.97816,0.15564,-0.14789,-0.26934,1.639,4.375,2.690,-1.579,-0.007,-0.334,-0.482
81.800000,4090,0.18466,2.15077,-0.22697,1.97415,0.17663,-0.17890,-0.28497,0.17597,2.15311,-0.22778,1.97975,0.17380,-0.18303,-0.27217,0.18993,2.18586,-0.25203,1.99869,0.15554,-0.14967,-0.29731,1.655,4.259,2.631,-1.614,-0.040,-0.326,-0.487
81.900000,4095,0.16597,2.16565,-0.20637,1.99360,0.17625,-0.17967,-0.31320,0.15761,2.16999,-0.20719,1.99972,0.17278,-0.18452,-0.30070,0.17175,2.20296,-0.23155,2.01845,0.15488,-0.15128,-0.32531,1.673,4.138,2.569,-1.652,-0.071,-0.311,-0.491
82.000000,4100,0.14880,2.18396,-0.18577,2.01229,0.17244,-0.18195,-0.34067,0.13842,2.18823,-0.18587,2.01871,0.17169,-0.18588,-0.32931,0.15305,2.22147,-0.21071,2.03740,0.15371,-0.15258,-0.35330,1.694,4.012,2.504,-1.691,-0.098,-0.286,-0.496
82.100000,4105,0.12706,2.20341,-0.16479,2.03060,0.16862,-0.18272,-0.36737,0.11913,2.20812,-0.16445,2.03680,0.16961,-0.18668,-0.35760,0.13392,2.24149,-0.18953,2.05539,0.15209,-0.15337,-0.38117,1.717,3.881,2.437,-1.732,-0.120,-0.245,-0.501
82.200000,4110,0.10722,2.22325,-0.14266,2.04663,0.16366,-0.18195,-0.39903,0.09963,2.22970,-0.14316,2.05407,0.16663,-0.18638,-0.38584,0.11459,2.26305,-0.16811,2.07244,0.15008,-0.15348,-0.40891,1.743,3.745,2.365,-1.774,-0.136,-0.197,-0.506
82.300000,4115,0.08700,2.24652,-0.12168,2.06265,0.15832,-0.18119,-0.42688,0.07997,2.25252,-0.12158,2.07045,0.16376,-0.18559,-0.41430,0.09531,2.28610,-0.14667,2.08871,0.14778,-0.15280,-0.43657,1.771,3.602,2.291,-1.817,-0.147,-0.142,-0.512
82.400000,4120,0.06717,2.26864,-0.10108,2.07829,0.15680,-0.17814,-0.45168,0.06059,2.27679,-0.09998,2.08596,0.16056,-0.18401,-0.44237,0.07622,2.31059,-0.12528,2.10416,0.14526,-0.15121,-0.46407,1.800,3.453,2.214,-1.861,-0.155,-0.088,-0.517
82.500000,4125,0.04848,2.29458,-0.08086,2.09317,0.15374,-0.17700,-0.47952,0.04032,2.30132,-0.07855,2.10042,0.15733,-0.18238,-0.47055,0.05631,2.33522,-0.10408,2.11858,0.14233,-0.14963,-0.49186,1.832,3.298,2.137,-1.902,-0.182,-0.137,-0.524
82.600000,4130,0.02826,2.31747,-0.05950,2.10652,0.15336,-0.17547,-0.51119,0.01994,2.32641,-0.05746,2.11386,0.15354,-0.18034,-0.49877,0.03618,2.36051,-0.08311,2.13202,0.13922,-0.14751,-0.51963,1.874,3.148,2.059,-1.937,-0.162,0.000,-0.527
82.700000,4135,0.00956,2.34494,-0.03966,2.11911,0.15031,-0.16708,-0.53598,0.00131,2.35432,-0.03665,2.12667,0.14960,-0.17549,-0.52662,0.01795,2.38867,-0.06223,2.14479,0.13656,-0.14285,-0.54634,1.911,2.985,1.976,-1.979,-0.147,0.058,-0.532
82.800000,4140,-0.01104,2.37355,-0.01945,2.13093,0.14917,-0.15792,-0.56230,-0.01650,2.38351,-0.01596,2.13850,0.14620,-0.16944,-0.55382,0.00046,2.41813,-0.04156,2.15666,0.13417,-0.13674,-0.57248,1.947,2.815,1.890,-2.023,-0.130,0.093,-0.536
82.900000,4145,-0.02744,2.40292,0.00039,2.14161,0.14535,-0.15106,-0.58939,-0.03347,2.41398,0.00444,2.14943,0.14323,-0.16175,-0.57969,-0.01627,2.44870,-0.02112,2.16761,0.13219,-0.12917,-0.59792,1.985,2.641,1.803,-2.066,-0.104,0.120,-0.540
83.000000,4150,-0.04384,2.43268,0.01946,2.15115,0.14268,-0.14152,-0.61418,-0.04965,2.44542,0.02465,2.15941,0.14070,-0.15271,-0.60478,-0.03216,2.48027,-0.00090,2.17762,0.13075,-0.12008,-0.62251,2.023,2.462,1.714,-2.109,-0.069,0.140,-0.544
83.100000,4155,-0.05948,2.46549,0.03892,2.15802,0.13810,-0.12931,-0.63822,-0.06500,2.47753,0.04475,2.16837,0.13895,-0.14223,-0.62954,-0.04715,2.51272,0.01912,2.18668,0.12999,-0.10947,-0.64613,2.060,2.280,1.624,-2.153,-0.025,0.157,-0.546
83.200000,4160,-0.07474,2.49791,0.05838,2.16717,0.13772,-0.11825,-0.65996,-0.07932,2.51051,0.06462,2.17632,0.13803,-0.13021,-0.65256,-0.06121,2.54588,0.03895,2.19476,0.13004,-0.09737,-0.66862,2.098,2.095,1.534,-2.199,0.028,0.173,-0.549
83.300000,4165,-0.08695,2.53034,0.07669,2.17442,0.13848,-0.10299,-0.68285,-0.09265,2.54407,0.08441,2.18333,0.13820,-0.11671,-0.67452,-0.07431,2.57963,0.05864,2.20187,0.13102,-0.08382,-0.68988,2.135,1.907,1.443,-2.246,0.084,0.187,-0.550
83.400000,4170,-0.10068,2.56467,0.09614,2.17900,0.13848,-0.08887,-0.70421,-0.10492,2.57815,0.10380,2.18944,0.13884,-0.10169,-0.69531,-0.08645,2.61379,0.07823,2.20798,0.13302,-0.06890,-0.70977,2.172,1.717,1.351,-2.297,0.139,0.202,-0.551
83.500000,4175,-0.11174,2.59862,0.11521,2.18472,0.14268,-0.07209,-0.72062,-0.11634,2.61244,0.12326,2.19442,0.14088,-0.08564,-0.71414,-0.09762,2.64820,0.09775,2.21308,0.13612,-0.05272,-0.72820,2.208,1.525,1.261,-2.353,0.185,0.216,-0.551
83.600000,4180,-0.12014,2.63372,0.13467,2.18815,0.15146,-0.05530,-0.73893,-0.12674,2.64672,0.14275,2.19845,0.14418,-0.06836,-0.73203,-0.10784,2.68269,0.11727,2.21717,0.14039,-0.03541,-0.74510,2.243,1.333,1.170,-2.415,0.221,0.230,-0.551
83.700000,4185,-0.13311,2.66690,0.15336,2.18930,0.15565,-0.03661,-0.75571,-0.13616,2.68101,0.16250,2.20136,0.14917,-0.05024,-0.74765,-0.11715,2.71710,0.13683,2.22023,0.14587,-0.01713,-0.76044,2.278,1.140,1.081,-2.485,0.246,0.245,-0.549
83.800000,4190,-0.13883,2.70086,0.17282,2.19044,0.15870,-0.01906,-0.76792,-0.14461,2.71509,0.18197,2.20336,0.15503,-0.03106,-0.76188,-0.12559,2.75125,0.15647,2.22228,0.15256,0.00197,-0.77419,2.313,0.947,0.994,-2.562,0.262,0.259,-0.547
83.900000,4195,-0.14951,2.73366,0.19227,2.19311,0.16443,0.00306,-0.78165,-0.15223,2.74877,0.20166,2.20438,0.16180,-0.01114,-0.77450,-0.13319,2.78496,0.17628,2.22327,0.16045,0.02179,-0.78634,2.349,0.755,0.908,-2.647,0.271,0.274,-0.543
84.000000,4200,-0.15371,2.76800,0.21249,2.19311,0.17816,0.02328,-0.79081,-0.15820,2.78139,0.22196,2.20405,0.17018,0.00953,-0.78480,-0.13895,2.81778,0.19655,2.22304,0.16983,0.04280,-0.79574,2.440,0.564,0.826,-2.754,0.281,0.290,-0.511
84.100000,4205,-0.16134,2.80004,0.23271,2.19311,0.18541,0.04312,-0.79577,-0.16239,2.81313,0.24269,2.20253,0.18062,0.03147,-0.79242,-0.14310,2.84962,0.21731,2.22160,0.18070,0.06464,-0.80262,2.416,0.377,0.746,-2.826,0.277,0.301,-0.520
84.200000,4210,-0.16477,2.83018,0.25331,2.19273,0.19532,0.06562,-0.80645,-0.16797,2.84448,0.26342,2.20035,0.19134,0.05284,-0.79989,-0.14886,2.88083,0.23806,2.21936,0.19175,0.08590,-0.81041,2.427,0.190,0.669,-2.887,0.275,0.313,-0.517
84.300000,4215,-0.16782,2.86146,0.27391,2.19273,0.21058,0.08775,-0.81255,-0.17337,2.87476,0.28467,2.19711,0.20331,0.07409,-0.80664,-0.15431,2.91111,0.25908,2.21613,0.20375,0.10721,-0.81718,2.456,0.005,0.595,-2.942,0.274,0.325,-0.499
84.400000,4220,-0.17583,2.89121,0.29565,2.18777,0.21859,0.10797,-0.81637,-0.17824,2.90388,0.30603,2.19299,0.21594,0.09554,-0.81333,-0.15937,2.94030,0.28040,2.21186,0.21677,0.12852,-0.82284,2.483,-0.177,0.525,-2.987,0.271,0.337,-0.477
84.500000,4225,-0.17965,2.91830,0.31740,2.18510,0.23538,0.12933,-0.82018,-0.18300,2.93201,0.32776,2.18754,0.22984,0.11650,-0.81727,-0.16413,2.96836,0.30203,2.20659,0.23071,0.14970,-0.82757,2.507,-0.356,0.459,-3.021,0.268,0.347,-0.453
84.600000,4230,-0.18384,2.94576,0.33914,2.17671,0.24568,0.14955,-0.82209,-0.18740,2.95886,0.34981,2.18140,0.24446,0.13763,-0.82190,-0.16868,2.99521,0.32396,2.20029,0.24555,0.17067,-0.83151,2.528,-0.532,0.397,-3.047,0.265,0.357,-0.428
84.700000,4235,-0.18690,2.97209,0.36127,2.17022,0.26323,0.17015,-0.82438,-0.19174,2.98447,0.37209,2.17407,0.26005,0.15834,-0.82540,-0.17312,3.02084,0.34619,2.19299,0.26122,0.19136,-0.83483,2.545,-0.705,0.340,-3.068,0.262,0.365,-0.406
84.800000,4240,-0.19491,2.99574,0.38339,2.16145,0.27963,0.19075,-0.82781,-0.19595,3.00909,0.39441,2.16583,0.27618,0.17885,-0.82784,-0.17755,3.04526,0.36869,2.18468,0.27766,0.21170,-0.83768,2.559,-0.875,0.286,-3.083,0.258,0.373,-0.389
84.900000,4245,-0.19834,3.01863,0.40666,2.15191,0.29527,0.21249,-0.83124,-0.20030,3.03227,0.41739,2.15655,0.29379,0.19881,-0.83048,-0.18205,3.06849,0.39147,2.17535,0.29486,0.23169,-0.84024,2.570,-1.042,0.238,-3.096,0.254,0.379,-0.378
85.000000,4250,-0.20025,3.04151,0.42917,2.14085,0.31587,0.23195,-0.83163,-0.20462,3.05430,0.44056,2.14608,0.31162,0.21868,-0.83262,-0.18648,3.09038,0.41462,2.16475,0.31290,0.25131,-0.84220,2.604,-1.207,0.195,-3.112,0.251,0.385,-0.295
85.100000,4255,-0.20635,3.06135,0.45397,2.12788,0.33533,0.24873,-0.83124,-0.20844,3.07443,0.46418,2.13374,0.33047,0.23787,-0.83373,-0.19048,3.11057,0.43831,2.15239,0.33195,0.27056,-0.84290,2.596,-1.367,0.157,-3.125,0.248,0.389,-0.332
85.200000,4260,-0.21169,3.08081,0.47724,2.11605,0.35173,0.26781,-0.83506,-0.21373,3.09517,0.48766,2.12131,0.35025,0.25729,-0.83599,-0.19606,3.13106,0.46195,2.13988,0.35123,0.28961,-0.84585,2.578,-1.526,0.121,-3.129,0.243,0.393,-0.429
85.300000,4265,-0.21665,3.10255,0.50127,2.10385,0.37233,0.28802,-0.83887,-0.21977,3.11502,0.51245,2.10787,0.37146,0.27615,-0.84016,-0.20220,3.15092,0.48596,2.12619,0.37124,0.30845,-0.84924,2.596,-1.689,0.090,-3.139,0.240,0.396,-0.390
85.400000,4270,-0.22275,3.11972,0.52683,2.08782,0.39445,0.30519,-0.84269,-0.22558,3.13396,0.53719,2.09294,0.39340,0.29490,-0.84295,-0.20816,3.16950,0.51005,2.11087,0.39200,0.32668,-0.85190,2.667,-1.850,0.057,-3.146,0.235,0.393,-0.319
85.500000,4275,-0.22695,3.13765,0.54285,2.07524,0.41696,0.31473,-0.83201,-0.21911,3.14547,0.55199,2.08066,0.41558,0.30239,-0.83663,-0.20169,3.18066,0.52153,2.09724,0.40910,0.33234,-0.84109,3.206,-2.108,-0.336,-3.185,0.218,-0.206,0.113
85.600000,4280,-0.20673,3.13917,0.53522,2.06227,0.42879,0.28917,-0.79958,-0.19609,3.14672,0.55145,2.06765,0.43455,0.29351,-0.80681,-0.17831,3.18118,0.51745,2.08370,0.42185,0.32218,-0.80939,3.158,-2.302,-0.591,-3.270,0.215,-0.261,0.118
85.700000,4285,-0.18232,3.13955,0.52912,2.04777,0.44748,0.27772,-0.76258,-0.17145,3.14694,0.54655,2.05423,0.44820,0.28290,-0.77398,-0.15409,3.18118,0.51263,2.07011,0.43442,0.31125,-0.77662,3.092,-2.314,-0.629,-3.354,0.217,-0.268,0.109
85.800000,4290,-0.15600,3.13917,0.52301,2.03404,0.46121,0.26513,-0.73092,-0.14716,3.14726,0.54137,2.04069,0.46132,0.27217,-0.74035,-0.13008,3.18118,0.50785,2.05663,0.44688,0.30041,-0.74412,3.022,-2.325,-0.667,-3.433,0.218,-0.275,0.100
85.900000,4295,-0.13234,3.13917,0.51767,2.02183,0.47304,0.25483,-0.70116,-0.12474,3.14533,0.53438,2.03056,0.47212,0.26144,-0.70882,-0.10839,3.17856,0.50107,2.04631,0.45589,0.28874,-0.71503,2.937,-2.611,-0.784,-3.344,-0.035,-0.294,0.072
86.000000,4300,-0.11594,3.13230,0.49745,2.02450,0.45969,0.23805,-0.68705,-0.11266,3.13161,0.51621,2.03942,0.46650,0.24710,-0.69218,-0.09832,3.16198,0.48273,2.05398,0.44624,0.27147,-0.70434,2.827,-2.514,-0.779,-2.863,-0.426,-0.311,-0.109
86.100000,4305,-0.11098,3.11323,0.46884,2.04472,0.43756,0.22279,-0.68743,-0.10600,3.11213,0.49370,2.05512,0.45111,0.22853,-0.68741,-0.09308,3.14097,0.46055,2.06877,0.43013,0.25223,-0.70224,2.797,-2.345,-0.732,-2.864,-0.419,-0.316,-0.124
86.200000,4310,-0.10564,3.09187,0.44595,2.05769,0.42116,0.20257,-0.68438,-0.10081,3.09039,0.47191,2.06796,0.43634,0.20934,-0.68425,-0.08794,3.11907,0.43884,2.08142,0.41530,0.23315,-0.69930,2.778,-2.176,-0.680,-2.871,-0.410,-0.322,-0.103
86.300000,4315,-0.09992,3.07051,0.42574,2.06875,0.41200,0.18235,-0.68323,-0.09632,3.06798,0.45076,2.07916,0.42248,0.18971,-0.68072,-0.08308,3.09683,0.41762,2.09286,0.40148,0.21424,-0.69640,2.747,-2.007,-0.625,-2.875,-0.402,-0.328,-0.136
86.400000,4320,-0.09687,3.04800,0.40552,2.07943,0.39445,0.16443,-0.68056,-0.09259,3.04630,0.42960,2.09080,0.40879,0.17097,-0.67984,-0.07932,3.07514,0.39666,2.10438,0.38802,0.19525,-0.69538,2.692,-1.840,-0.569,-2.869,-0.395,-0.335,-0.250
86.500000,4325,-0.09458,3.02702,0.38530,2.09126,0.38606,0.14535,-0.68056,-0.08929,3.02374,0.40869,2.10115,0.39600,0.15159,-0.67876,-0.07570,3.05275,0.37597,2.11473,0.37545,0.17623,-0.69405,2.705,-1.678,-0.511,-2.876,-0.385,-0.342,-0.128
86.600000,4330,-0.09114,3.00337,0.36623,2.09965,0.37118,0.12666,-0.67789,-0.08551,2.99982,0.38823,2.10979,0.38441,0.13295,-0.67669,-0.07163,3.02896,0.35557,2.12327,0.36409,0.15725,-0.69115,2.696,-1.511,-0.449,-2.884,-0.375,-0.350,-0.093
86.700000,4335,-0.08847,2.98010,0.34601,2.10728,0.36356,0.10720,-0.67560,-0.08177,2.97500,0.36794,2.11722,0.37377,0.11350,-0.67335,-0.06752,3.00433,0.33537,2.13080,0.35360,0.13825,-0.68772,2.685,-1.341,-0.383,-2.892,-0.365,-0.359,-0.070
86.800000,4340,-0.08008,2.95416,0.32770,2.11300,0.35516,0.08622,-0.66912,-0.07791,2.94962,0.34761,2.12380,0.36400,0.09463,-0.66931,-0.06332,2.97886,0.31536,2.13736,0.34399,0.11925,-0.68370,2.676,-1.169,-0.314,-2.902,-0.353,-0.369,-0.044
86.900000,4345,-0.07894,2.92898,0.30786,2.11911,0.34372,0.06867,-0.66416,-0.07367,2.92332,0.32741,2.12948,0.35495,0.07580,-0.66500,-0.05896,2.95257,0.29553,2.14293,0.33527,0.10031,-0.67894,2.668,-0.995,-0.242,-2.918,-0.340,-0.378,-0.019
87.000000,4350,-0.07474,2.90304,0.29031,2.12292,0.33876,0.04960,-0.65577,-0.06943,2.89587,0.30768,2.13395,0.34715,0.05662,-0.65990,-0.05438,2.92548,0.27589,2.14752,0.32747,0.08153,-0.67336,2.662,-0.819,-0.167,-2.939,-0.324,-0.389,0.004
87.100000,4355,-0.07093,2.87519,0.27124,2.12750,0.33380,0.03091,-0.64966,-0.06487,2.86793,0.28795,2.13748,0.34032,0.03802,-0.65345,-0.04950,2.89765,0.25643,2.15113,0.32059,0.06298,-0.66684,2.656,-0.641,-0.090,-2.966,-0.304,-0.399,0.023
87.200000,4360,-0.06330,2.84658,0.25255,2.12864,0.33151,0.01412,-0.64165,-0.05995,2.83953,0.26840,2.14005,0.33405,0.01982,-0.64587,-0.04428,2.86917,0.23716,2.15375,0.31466,0.04478,-0.65932,2.650,-0.461,-0.010,-3.000,-0.280,-0.409,0.040
87.300000,4365,-0.06101,2.81950,0.23347,2.12941,0.32426,-0.00457,-0.63135,-0.05460,2.81007,0.24902,2.14173,0.32895,0.00180,-0.63858,-0.03866,2.84011,0.21806,2.15538,0.30969,0.02703,-0.65069,2.643,-0.279,0.072,-3.041,-0.249,-0.419,0.054
87.400000,4370,-0.05300,2.78860,0.21554,2.12941,0.31740,-0.02402,-0.62410,-0.04898,2.78026,0.23021,2.14199,0.32540,-0.01578,-0.62846,-0.03258,2.81056,0.19912,2.15601,0.30566,0.00985,-0.64092,2.635,-0.097,0.156,-3.084,-0.212,-0.429,0.066
87.500000,4375,-0.04537,2.75808,0.19800,2.12941,0.31663,-0.03776,-0.61380,-0.04259,2.75038,0.21109,2.14166,0.32205,-0.03234,-0.61760,-0.02599,2.78065,0.18032,2.15565,0.30257,-0.00665,-0.62996,2.626,0.087,0.241,-3.125,-0.168,-0.438,0.076
87.600000,4380,-0.04155,2.72909,0.18045,2.12941,0.31473,-0.05607,-0.60083,-0.03571,2.71966,0.19210,2.14016,0.31998,-0.04831,-0.60657,-0.01887,2.75046,0.16165,2.15431,0.30039,-0.02235,-0.61780,2.614,0.272,0.327,-3.161,-0.117,-0.447,0.085
87.700000,4385,-0.03240,2.69819,0.16137,2.12941,0.31511,-0.07095,-0.58710,-0.02836,2.68924,0.17337,2.13758,0.31876,-0.06336,-0.59311,-0.01116,2.72011,0.14310,2.15193,0.29910,-0.03710,-0.60438,2.601,0.457,0.415,-3.191,-0.064,-0.455,0.095
87.800000,4390,-0.02477,2.66919,0.14383,2.12941,0.31511,-0.08315,-0.57184,-0.02019,2.65846,0.15457,2.13416,0.31798,-0.07710,-0.57943,-0.00283,2.68970,0.12469,2.14847,0.29863,-0.05070,-0.58968,2.586,0.642,0.503,-3.207,-0.012,-0.461,0.103
87.900000,4395,-0.01638,2.63791,0.12704,2.12712,0.31549,-0.09727,-0.55887,-0.01153,2.62790,0.13611,2.12948,0.31863,-0.08984,-0.56412,0.00612,2.65939,0.10636,2.14399,0.29898,-0.06317,-0.57378,2.569,0.827,0.591,-3.208,0.037,-0.467,0.112
88.000000,4400,-0.00760,2.60892,0.10987,2.12101,0.31854,-0.10833,-0.54018,-0.00216,2.59768,0.11757,2.12395,0.31978,-0.10144,-0.54750,0.01567,2.62931,0.08805,2.13856,0.30009,-0.07453,-0.55680,2.551,1.010,0.680,-3.200,0.082,-0.472,0.121
88.100000,4405,0.00384,2.57878,0.09080,2.11567,0.31930,-0.11787,-0.52149,0.00784,2.56789,0.09889,2.11747,0.32171,-0.11177,-0.52959,0.02580,2.59956,0.06973,2.13219,0.30189,-0.08474,-0.53883,2.531,1.192,0.768,-3.184,0.119,-0.473,0.129
88.200000,4410,0.01338,2.54979,0.07287,2.10766,0.32579,-0.12779,-0.50432,0.01844,2.53844,0.08020,2.11009,0.32406,-0.12090,-0.51139,0.03652,2.57026,0.05140,2.12489,0.30432,-0.09377,-0.51991,2.511,1.372,0.855,-3.162,0.148,-0.472,0.138
88.300000,4415,0.02444,2.52156,0.05647,2.09927,0.33380,-0.13389,-0.48601,0.02956,2.50932,0.06184,2.10159,0.32755,-0.12942,-0.49166,0.04779,2.54149,0.03304,2.11667,0.30729,-0.10156,-0.50012,2.489,1.550,0.942,-3.134,0.170,-0.465,0.147
88.400000,4420,0.03627,2.49257,0.03739,2.09088,0.33838,-0.14152,-0.46503,0.04116,2.48100,0.04332,2.09225,0.33139,-0.13623,-0.47162,0.05960,2.51335,0.01465,2.10751,0.31073,-0.10812,-0.47954,2.468,1.725,1.027,-3.102,0.187,-0.451,0.156
88.500000,4425,0.04771,2.46587,0.01908,2.08020,0.34105,-0.14877,-0.44290,0.05339,2.45330,0.02493,2.08202,0.33566,-0.14200,-0.45083,0.07189,2.48593,-0.00377,2.09745,0.31453,-0.11346,-0.45827,2.446,1.898,1.112,-3.067,0.198,-0.427,0.165
88.600000,4430,0.06106,2.43840,0.00115,2.06837,0.34334,-0.15182,-0.42268,0.06616,2.42662,0.00607,2.07099,0.33976,-0.14610,-0.42937,0.08463,2.45930,-0.02222,2.08650,0.31862,-0.11761,-0.43636,2.424,2.067,1.195,-3.030,0.205,-0.393,0.175
88.700000,4435,0.07442,2.41284,-0.01563,2.05616,0.34601,-0.15258,-0.39789,0.07920,2.40080,-0.01244,2.05897,0.34459,-0.14954,-0.40700,0.09776,2.43354,-0.04068,2.07466,0.32291,-0.12058,-0.41391,2.402,2.232,1.276,-2.991,0.208,-0.347,0.184
88.800000,4440,0.08777,2.38843,-0.03432,2.04319,0.35135,-0.15334,-0.37805,0.09266,2.37559,-0.03071,2.04600,0.34965,-0.15205,-0.38452,0.11123,2.40871,-0.05916,2.06195,0.32731,-0.12245,-0.39099,2.381,2.394,1.356,-2.950,0.208,-0.293,0.193
88.900000,4445,0.10150,2.36325,-0.05187,2.02908,0.36012,-0.15411,-0.35249,0.10642,2.35183,-0.04928,2.03223,0.35448,-0.15308,-0.36076,0.12496,2.38485,-0.07762,2.04839,0.33174,-0.12328,-0.36767,2.360,2.551,1.434,-2.908,0.205,-0.236,0.202
89.000000,4450,0.11409,2.34112,-0.06980,2.01420,0.36508,-0.15296,-0.33037,0.12059,2.32877,-0.06763,2.01767,0.35964,-0.15322,-0.33720,0.13886,2.36204,-0.09601,2.03397,0.33611,-0.12312,-0.34400,2.339,2.704,1.510,-2.867,0.200,-0.182,0.210
89.100000,4455,0.12935,2.31938,-0.08735,1.99932,0.36813,-0.15182,-0.30710,0.13458,2.30704,-0.08588,2.00215,0.36440,-0.15238,-0.31339,0.15277,2.34036,-0.11422,2.01857,0.34035,-0.12200,-0.31997,2.320,2.853,1.583,-2.825,0.192,-0.131,0.219
89.200000,4460,0.14270,2.30107,-0.10452,1.98254,0.37157,-0.14991,-0.28116,0.14847,2.28636,-0.10375,1.98564,0.36917,-0.15098,-0.28916,0.16659,2.31982,-0.13224,2.00227,0.34439,-0.12009,-0.29564,2.302,2.998,1.655,-2.783,0.181,-0.095,0.227
89.300000,4465,0.15720,2.27856,-0.12092,1.96461,0.37309,-0.14838,-0.25903,0.16227,2.26704,-0.12158,1.96834,0.37344,-0.14864,-0.26396,0.18024,2.30038,-0.15007,1.98515,0.34818,-0.11752,-0.27110,2.284,3.139,1.723,-2.742,0.168,-0.068,0.235
89.400000,4470,0.17093,2.26369,-0.13847,1.94744,0.37538,-0.14419,-0.23195,0.17594,2.24856,-0.13928,1.95033,0.37739,-0.14571,-0.23952,0.19361,2.28206,-0.16764,1.96720,0.35164,-0.11440,-0.24637,2.268,3.275,1.789,-2.701,0.152,-0.049,0.242
89.500000,4475,0.18581,2.24347,-0.15411,1.92837,0.38301,-0.13923,-0.20715,0.18898,2.23142,-0.15638,1.93132,0.38118,-0.14261,-0.21402,0.20659,2.26483,-0.18491,1.94845,0.35476,-0.11082,-0.22147,2.253,3.408,1.853,-2.661,0.133,-0.035,0.250
89.600000,4480,0.19725,2.22783,-0.17051,1.90815,0.38911,-0.13313,-0.18045,0.20176,2.21515,-0.17323,1.91173,0.38435,-0.13890,-0.18947,0.21908,2.24864,-0.20182,1.92892,0.35747,-0.10688,-0.19642,2.238,3.538,1.914,-2.621,0.111,-0.025,0.257
89.700000,4485,0.20869,2.21486,-0.18577,1.88793,0.39064,-0.13007,-0.15641,0.21390,2.19980,-0.18959,1.89121,0.38751,-0.13508,-0.16386,0.23098,2.23345,-0.21829,1.90862,0.35975,-0.10267,-0.17123,2.224,3.664,1.972,-2.583,0.086,-0.018,0.263
89.800000,4490,0.22243,2.19769,-0.20179,1.86695,0.39140,-0.12626,-0.13047,0.22534,2.18568,-0.20547,1.87000,0.38980,-0.13083,-0.13817,0.24220,2.21919,-0.23427,1.88757,0.36159,-0.09826,-0.14590,2.211,3.789,2.028,-2.546,0.059,-0.014,0.269
89.900000,4495,0.23158,2.18739,-0.21743,1.84559,0.39293,-0.12359,-0.10606,0.23617,2.17222,-0.22091,1.84803,0.39165,-0.12662,-0.11265,0.25265,2.20580,-0.24967,1.86575,0.36295,-0.09370,-0.12044,2.198,3.911,2.081,-2.510,0.029,-0.012,0.275
90.000000,4500,0.24150,2.17480,-0.23002,1.82232,0.39331,-0.12016,-0.08203,0.24627,2.15961,-0.23592,1.82544,0.39283,-0.12206,-0.08665,0.26232,2.19319,-0.26448,1.84324,0.36384,-0.08907,-0.09487,2.188,4.031,2.131,-2.475,-0.001,-0.013,0.280
90.100000,4505,0.25333,2.16069,-0.24452,1.80057,0.39331,-0.11405,-0.05342,0.25680,2.14815,-0.25141,1.80336,0.39370,-0.11781,-0.06056,0.27273,2.18143,-0.28005,1.82135,0.36424,-0.08466,-0.06954,2.183,4.147,2.172,-2.436,-0.033,-0.025,0.284
90.200000,4510,0.26325,2.15268,-0.26130,1.77921,0.39331,-0.10909,-0.02862,0.26701,2.13687,-0.26647,1.78098,0.39418,-0.11381,-0.03556,0.28259,2.17036,-0.29521,1.79907,0.36416,-0.08029,-0.04420,2.148,4.259,2.221,-2.407,-0.063,-0.015,0.289
90.300000,4515,0.27011,2.14085,-0.27198,1.75289,0.39331,-0.10452,-0.00230,0.27352,2.12620,-0.27848,1.75577,0.39392,-0.10943,-0.00899,0.28866,2.15960,-0.30694,1.77405,0.36359,-0.07555,-0.01843,2.064,4.377,2.278,-2.381,-0.094,-0.006,0.293
90.400000,4520,0.27431,2.13284,-0.27961,1.72619,0.39255,-0.10223,0.02402,0.27694,2.11563,-0.28746,1.72880,0.39323,-0.10480,0.01728,0.29167,2.14910,-0.31576,1.74727,0.36254,-0.07058,0.00729,2.044,4.497,2.319,-2.352,-0.125,-0.007,0.296
90.500000,4525,0.27736,2.12139,-0.28877,1.70025,0.39026,-0.09803,0.04920,0.28140,2.10566,-0.29757,1.70232,0.39177,-0.09991,0.04365,0.29582,2.13888,-0.32568,1.72081,0.36099,-0.06580,0.03327,2.081,4.615,2.347,-2.320,-0.155,-0.012,0.300
90.600000,4530,0.28537,2.10842,-0.29869,1.67316,0.38950,-0.09460,0.07552,0.28545,2.09548,-0.30713,1.67517,0.39010,-0.09546,0.07026,0.29962,2.12880,-0.33524,1.69385,0.35892,-0.06104,0.05948,2.045,4.733,2.385,-2.292,-0.183,-0.010,0.303
90.700000,4535,0.28613,2.10270,-0.30593,1.64493,0.38644,-0.08773,0.10146,0.28868,2.08548,-0.31593,1.64720,0.38753,-0.09076,0.09671,0.30243,2.11872,-0.34375,1.66596,0.35631,-0.05618,0.08594,2.000,4.852,2.424,-2.263,-0.211,-0.006,0.307
90.800000,4540,0.28613,2.09317,-0.31089,1.61670,0.38454,-0.08163,0.12779,0.29078,2.07539,-0.32368,1.61805,0.38434,-0.08589,0.12450,0.30413,2.10848,-0.35100,1.63698,0.35313,-0.05113,0.11270,1.911,4.973,2.478,-2.235,-0.237,0.001,0.309
90.900000,4545,0.28804,2.08363,-0.31509,1.58466,0.37424,-0.07705,0.15678,0.29016,2.06494,-0.32831,1.58699,0.38044,-0.08086,0.15265,0.30319,2.09808,-0.35517,1.60635,0.34938,-0.04558,0.13950,1.749,5.101,2.616,-2.209,-0.260,0.017,0.312
91.000000,4550,0.28804,2.07028,-0.31509,1.55338,0.36775,-0.07209,0.18577,0.28955,2.05448,-0.33262,1.55526,0.37555,-0.07527,0.18113,0.30225,2.08764,-0.35872,1.57506,0.34513,-0.03958,0.16669,1.955,5.229,2.556,-2.175,-0.233,0.032,0.313
91.100000,4555,0.28842,2.06112,-0.31585,1.52629,0.37347,-0.05874,0.20599,0.28968,2.04775,-0.33121,1.52956,0.37585,-0.06304,0.20339,0.30256,2.08158,-0.35424,1.55094,0.34981,-0.02562,0.18523,1.729,5.605,3.131,-2.133,0.274,0.102,0.265
91.200000,4560,0.28766,2.06150,-0.29716,1.51142,0.39751,-0.03013,0.21018,0.28527,2.04922,-0.31128,1.51296,0.38940,-0.03674,0.21095,0.29807,2.08388,-0.33027,1.53545,0.36863,0.00172,0.18997,1.650,5.807,3.142,-2.131,0.284,0.112,0.168
91.300000,4565,0.28652,2.06188,-0.26893,1.49768,0.41658,0.00001,0.21362,0.28076,2.05223,-0.28619,1.49796,0.40871,-0.00796,0.21541,0.29309,2.08686,-0.30448,1.52043,0.38870,0.03036,0.19369,1.654,5.816,3.132,-2.138,0.282,0.111,0.176
91.400000,4570,0.28194,2.06227,-0.24528,1.48242,0.43718,0.02671,0.21743,0.27623,2.05556,-0.26023,1.48323,0.42884,0.02092,0.21958,0.28811,2.08984,-0.27871,1.50542,0.40875,0.05898,0.19741,1.658,5.822,3.120,-2.142,0.280,0.110,0.182
91.500000,4575,0.28118,2.06455,-0.21972,1.46755,0.45397,0.05456,0.22468,0.27187,2.05911,-0.23444,1.46945,0.44909,0.04906,0.22369,0.28322,2.09292,-0.25347,1.49134,0.42824,0.08671,0.20053,1.669,5.857,3.102,-2.125,0.273,0.101,-0.000
91.600000,4580,0.27393,2.06951,-0.19988,1.46793,0.46922,0.07020,0.21018,0.27085,2.06676,-0.21529,1.47695,0.46257,0.06301,0.21568,0.28043,2.09909,-0.23569,1.49801,0.43832,0.09887,0.18888,1.927,5.886,3.048,-1.489,0.085,-0.274,-0.353
91.700000,4585,0.27431,2.08134,-0.19760,1.50493,0.46808,0.05342,0.17928,0.27632,2.07555,-0.20798,1.50747,0.46624,0.05918,0.19190,0.28448,2.10675,-0.23074,1.52802,0.43820,0.09410,0.16224,2.165,5.746,2.861,-1.507,-0.120,-0.502,-0.364
91.800000,4590,0.27927,2.08248,-0.19760,1.53926,0.46503,0.04579,0.15601,0.28175,2.08358,-0.20437,1.53886,0.46484,0.05425,0.16518,0.28985,2.11418,-0.22740,1.55885,0.43698,0.08872,0.13561,2.072,5.622,2.958,-1.541,-0.150,-0.491,-0.368
91.900000,4595,0.28308,2.09660,-0.19492,1.56787,0.46427,0.04121,0.12550,0.28400,2.09111,-0.19798,1.56829,0.46321,0.04897,0.13814,0.29238,2.12206,-0.22135,1.58816,0.43525,0.08364,0.10922,2.037,5.495,2.954,-1.577,-0.175,-0.483,-0.371
92.000000,4600,0.28575,2.10575,-0.18882,1.59648,0.46045,0.03472,0.10261,0.28710,2.09866,-0.19243,1.59719,0.46103,0.04433,0.11233,0.29571,2.12972,-0.21618,1.61693,0.43310,0.07888,0.08375,2.013,5.369,2.936,-1.611,-0.197,-0.476,-0.374
92.100000,4605,0.28537,2.11186,-0.18272,1.62471,0.45015,0.03053,0.07590,0.28773,2.10664,-0.18507,1.62475,0.45821,0.03993,0.08690,0.29642,2.13776,-0.20875,1.64431,0.43050,0.07423,0.05849,1.810,5.254,2.955,-1.648,-0.218,-0.473,-0.380
92.200000,4610,0.28537,2.11529,-0.17165,1.64989,0.44595,0.02748,0.05302,0.28600,2.11510,-0.17572,1.65105,0.45481,0.03531,0.06170,0.29496,2.14621,-0.19951,1.67048,0.42745,0.06970,0.03346,1.731,5.138,2.936,-1.687,-0.237,-0.468,-0.384
92.300000,4615,0.28537,2.12521,-0.16135,1.67583,0.44519,0.02366,0.02822,0.28292,2.12361,-0.16512,1.67638,0.45128,0.03071,0.03655,0.29228,2.15503,-0.18933,1.69576,0.42398,0.06532,0.00878,1.671,5.025,2.911,-1.726,-0.253,-0.462,-0.390
92.400000,4620,0.28461,2.13169,-0.14800,1.69948,0.44214,0.02137,-0.00154,0.27875,2.13283,-0.15393,1.70095,0.44709,0.02663,0.01205,0.28842,2.16432,-0.17827,1.72021,0.42010,0.06110,-0.01560,1.628,4.913,2.882,-1.767,-0.267,-0.456,-0.395
92.500000,4625,0.28194,2.14352,-0.13580,1.72313,0.43871,0.01603,-0.02137,0.27347,2.14233,-0.14169,1.72466,0.44280,0.02244,-0.01257,0.28346,2.17415,-0.16641,1.74386,0.41582,0.05705,-0.03968,1.600,4.801,2.849,-1.809,-0.279,-0.449,-0.402
92.600000,4630,0.27278,2.15496,-0.12244,1.74526,0.43565,0.01260,-0.04693,0.26736,2.15260,-0.12902,1.74769,0.43766,0.01872,-0.03694,0.27745,2.18460,-0.15380,1.76674,0.41115,0.05319,-0.06349,1.582,4.688,2.812,-1.852,-0.289,-0.440,-0.408
92.700000,4635,0.26592,2.16298,-0.10986,1.76815,0.42345,0.00764,-0.07058,0.26015,2.16392,-0.11584,1.77004,0.43212,0.01557,-0.06066,0.27047,2.19573,-0.14051,1.78886,0.40611,0.04955,-0.08704,1.571,4.575,2.772,-1.896,-0.298,-0.430,-0.415
92.800000,4640,0.25905,2.17404,-0.09650,1.78837,0.41849,0.00611,-0.09233,0.25193,2.17564,-0.10176,1.79150,0.42619,0.01201,-0.08430,0.26258,2.20762,-0.12659,1.81022,0.40070,0.04617,-0.11031,1.565,4.461,2.729,-1.942,-0.305,-0.417,-0.422
92.900000,4645,0.24875,2.18548,-0.08201,1.80973,0.41544,0.00421,-0.11712,0.24283,2.18804,-0.08697,1.81211,0.42017,0.00878,-0.10769,0.25386,2.22031,-0.11210,1.83080,0.39494,0.04309,-0.13330,1.564,4.345,2.682,-1.990,-0.312,-0.400,-0.429
93.000000,4650,0.23998,2.19845,-0.06522,1.82880,0.41162,0.00115,-0.13848,0.23314,2.20149,-0.07188,1.83198,0.41372,0.00618,-0.13050,0.24442,2.23384,-0.09713,1.85061,0.38887,0.04038,-0.15602,1.567,4.228,2.633,-2.038,-0.316,-0.380,-0.437
93.100000,4655,0.23120,2.21219,-0.05111,1.84902,0.39827,0.00039,-0.16328,0.22287,2.21596,-0.05652,1.85121,0.40668,0.00424,-0.15340,0.23431,2.24826,-0.08170,1.86960,0.38251,0.03809,-0.17842,1.571,4.107,2.582,-2.088,-0.320,-0.353,-0.445
93.200000,4660,0.21785,2.22821,-0.03547,1.86542,0.39255,0.00039,-0.18426,0.21079,2.23120,-0.03980,1.86822,0.39968,0.00225,-0.17563,0.22255,2.26388,-0.06511,1.88654,0.37599,0.03640,-0.19989,1.575,3.988,2.530,-2.143,-0.319,-0.312,-0.451
93.300000,4665,0.20450,2.24499,-0.01678,1.87878,0.38873,0.00039,-0.20715,0.19771,2.24779,-0.02227,1.88368,0.39252,0.00120,-0.19666,0.20985,2.28060,-0.04783,1.90202,0.36931,0.03535,-0.22071,1.598,3.863,2.471,-2.192,-0.323,-0.277,-0.461
93.400000,4670,0.19305,2.25987,-0.00190,1.89632,0.38110,0.00039,-0.22737,0.18617,2.26494,-0.00591,1.90033,0.38496,0.00080,-0.21842,0.19861,2.29785,-0.03152,1.91861,0.36231,0.03483,-0.24209,1.613,3.733,2.410,-2.242,-0.325,-0.237,-0.470
93.500000,4675,0.18199,2.27780,0.01412,1.91273,0.36813,0.00077,-0.24759,0.17466,2.28285,0.01061,1.91636,0.37716,0.00097,-0.23997,0.18737,2.31593,-0.01515,1.93461,0.35517,0.03499,-0.26321,1.624,3.600,2.348,-2.293,-0.326,-0.187,-0.479
93.600000,4680,0.16978,2.29649,0.03167,1.92684,0.36356,0.00115,-0.27086,0.16300,2.30164,0.02723,1.93152,0.36923,0.00185,-0.26098,0.17596,2.33487,0.00141,1.94977,0.34796,0.03592,-0.28393,1.636,3.464,2.283,-2.345,-0.325,-0.136,-0.487
93.700000,4685,0.15758,2.31404,0.04693,1.94134,0.35898,0.00421,-0.29031,0.15121,2.32138,0.04390,1.94588,0.36113,0.00367,-0.28153,0.16448,2.35467,0.01812,1.96407,0.34074,0.03767,-0.30422,1.650,3.325,2.217,-2.397,-0.324,-0.085,-0.496
93.800000,4690,0.14613,2.33388,0.06333,1.95469,0.34753,0.00764,-0.31091,0.13949,2.34190,0.06070,1.95941,0.35314,0.00647,-0.30210,0.15298,2.37527,0.03498,1.97751,0.33356,0.04030,-0.32404,1.665,3.182,2.149,-2.448,-0.322,-0.037,-0.504
93.900000,4695,0.13278,2.35448,0.08088,1.96728,0.33952,0.00993,-0.33075,0.12780,2.36310,0.07770,1.97192,0.34535,0.00988,-0.32156,0.14155,2.39667,0.05195,1.99007,0.32648,0.04386,-0.34338,1.682,3.036,2.079,-2.499,-0.320,0.007,-0.513
94.000000,4700,0.12210,2.37813,0.09729,1.97834,0.33380,0.01908,-0.35020,0.11623,2.38503,0.09485,1.98361,0.33757,0.01437,-0.34098,0.13022,2.41881,0.06903,2.00175,0.31957,0.04839,-0.36218,1.699,2.888,2.007,-2.550,-0.316,0.044,-0.520
94.100000,4705,0.11180,2.39682,0.11293,1.98902,0.32655,0.02671,-0.36851,0.10484,2.40786,0.11203,1.99445,0.32998,0.02012,-0.35961,0.11908,2.44165,0.08620,2.01254,0.31289,0.05392,-0.38040,1.717,2.736,1.934,-2.601,-0.312,0.074,-0.528
94.200000,4710,0.09883,2.42085,0.13009,1.99932,0.31625,0.03205,-0.38721,0.09358,2.43113,0.12935,2.00421,0.32282,0.02629,-0.37748,0.10814,2.46514,0.10346,2.02244,0.30651,0.06047,-0.39799,1.736,2.581,1.860,-2.651,-0.307,0.099,-0.535
94.300000,4715,0.08777,2.44489,0.14726,2.00619,0.31129,0.03968,-0.40208,0.08274,2.45504,0.14678,2.01315,0.31600,0.03380,-0.39471,0.09747,2.48920,0.12079,2.03143,0.30048,0.06805,-0.41491,1.757,2.423,1.785,-2.702,-0.300,0.119,-0.542
94.400000,4720,0.07976,2.46777,0.16481,2.01496,0.30748,0.05075,-0.42040,0.07219,2.47958,0.16389,2.02123,0.30905,0.04258,-0.41138,0.08709,2.51378,0.13819,2.03950,0.29488,0.07665,-0.43111,1.777,2.263,1.709,-2.753,-0.291,0.137,-0.549
94.500000,4725,0.06526,2.49257,0.18083,2.02107,0.30252,0.05990,-0.43451,0.06193,2.50448,0.18134,2.02837,0.30286,0.05213,-0.42732,0.07703,2.53880,0.15567,2.04665,0.28976,0.08625,-0.44654,1.799,2.101,1.632,-2.807,-0.279,0.152,-0.555
94.600000,4730,0.05687,2.51698,0.19838,2.02679,0.29375,0.06982,-0.45053,0.05209,2.52983,0.19879,2.03455,0.29734,0.06281,-0.44230,0.06732,2.56419,0.17321,2.05287,0.28518,0.09685,-0.46115,1.821,1.936,1.554,-2.863,-0.263,0.166,-0.560
94.700000,4735,0.04886,2.54407,0.21440,2.03213,0.28802,0.08317,-0.46541,0.04251,2.55530,0.21632,2.03979,0.29231,0.07418,-0.45659,0.05795,2.58989,0.19083,2.05815,0.28120,0.10840,-0.47491,1.843,1.770,1.477,-2.922,-0.244,0.180,-0.564
94.800000,4740,0.04046,2.56810,0.23271,2.03366,0.28764,0.09538,-0.47647,0.03337,2.58117,0.23399,2.04399,0.28788,0.08648,-0.46943,0.04895,2.61579,0.20853,2.06249,0.27785,0.12083,-0.48779,1.866,1.602,1.399,-2.985,-0.220,0.193,-0.568
94.900000,4745,0.02978,2.59481,0.24949,2.03785,0.28459,0.10797,-0.48868,0.02456,2.60708,0.25168,2.04738,0.28421,0.09975,-0.48198,0.04030,2.64184,0.22630,2.06589,0.27519,0.13410,-0.49977,1.889,1.433,1.322,-3.056,-0.189,0.205,-0.570
95.000000,4750,0.01910,2.61922,0.26666,2.04014,0.28421,0.12132,-0.50051,0.01635,2.63312,0.26940,2.04977,0.28124,0.11378,-0.49322,0.03201,2.66795,0.24417,2.06833,0.27325,0.14816,-0.51083,1.913,1.263,1.245,-3.133,-0.153,0.218,-0.572
95.100000,4755,0.01529,2.64554,0.28421,2.04243,0.28383,0.13734,-0.51119,0.00817,2.65919,0.28727,2.05114,0.27933,0.12844,-0.50337,0.02406,2.69404,0.26213,2.06982,0.27206,0.16291,-0.52097,1.936,1.092,1.168,-3.213,-0.113,0.230,-0.572
95.200000,4760,0.00461,2.67186,0.30290,2.04243,0.28383,0.15374,-0.52072,0.00054,2.68509,0.30544,2.05170,0.27803,0.14380,-0.51318,0.01643,2.72005,0.28019,2.07036,0.27164,0.17829,-0.53021,1.959,0.921,1.093,-3.294,-0.070,0.242,-0.570
95.300000,4765,-0.00074,2.69704,0.31930,2.04243,0.28383,0.16710,-0.52797,-0.00691,2.71088,0.32340,2.05125,0.27734,0.15974,-0.52195,0.00910,2.74589,0.29836,2.06995,0.27202,0.19422,-0.53857,1.983,0.750,1.018,-3.375,-0.024,0.254,-0.565
95.400000,4770,-0.00951,2.72374,0.33723,2.04243,0.28421,0.18541,-0.53331,-0.01388,2.73649,0.34141,2.04984,0.27756,0.17615,-0.52938,0.00203,2.77150,0.31663,2.06857,0.27320,0.21063,-0.54606,2.006,0.578,0.945,-3.450,0.018,0.266,-0.559
95.500000,4775,-0.01523,2.74740,0.35516,2.04243,0.28459,0.20181,-0.54018,-0.02078,2.76178,0.35982,2.04750,0.27875,0.19296,-0.53640,-0.00479,2.79682,0.33501,2.06626,0.27519,0.22743,-0.55274,2.028,0.407,0.873,-3.514,0.055,0.277,-0.550
95.600000,4780,-0.02324,2.77219,0.37386,2.04128,0.28573,0.21898,-0.54743,-0.02720,2.78675,0.37814,2.04426,0.28079,0.21012,-0.54226,-0.01141,2.82181,0.35350,2.06300,0.27798,0.24454,-0.55866,2.051,0.236,0.803,-3.570,0.087,0.288,-0.537
95.700000,4785,-0.03125,2.79699,0.39140,2.03900,0.28840,0.23691,-0.55162,-0.03368,2.81138,0.39657,2.04011,0.28338,0.22759,-0.54799,-0.01786,2.84640,0.37209,2.05878,0.28159,0.26191,-0.56387,2.072,0.066,0.734,-3.615,0.114,0.299,-0.523
95.800000,4790,-0.03431,2.82102,0.40971,2.03366,0.28993,0.25369,-0.55506,-0.03999,2.83547,0.41535,2.03485,0.28746,0.24495,-0.55258,-0.02418,2.87056,0.39077,2.05363,0.28598,0.27946,-0.56844,2.093,-0.104,0.668,-3.650,0.132,0.309,-0.507
95.900000,4795,-0.04308,2.84582,0.42841,2.02755,0.29260,0.27162,-0.55887,-0.04611,2.85917,0.43407,2.02869,0.29220,0.26263,-0.55659,-0.03041,2.89429,0.40955,2.04754,0.29114,0.29715,-0.57245,2.113,-0.272,0.603,-3.678,0.147,0.319,-0.491
96.000000,4800,-0.04842,2.86756,0.44710,2.02069,0.30023,0.29031,-0.56230,-0.05234,2.88245,0.45301,2.02160,0.29766,0.28028,-0.56013,-0.03659,2.91756,0.42842,2.04050,0.29708,0.31493,-0.57596,2.133,-0.440,0.541,-3.700,0.157,0.328,-0.474
96.100000,4805,-0.05185,2.89121,0.46617,2.01267,0.31129,0.30672,-0.56307,-0.05841,2.90541,0.47188,2.01356,0.30369,0.29813,-0.56284,-0.04278,2.94042,0.44741,2.03248,0.30376,0.33279,-0.57904,2.152,-0.608,0.481,-3.719,0.164,0.336,-0.453
96.200000,4810,-0.06253,2.91219,0.48486,2.00237,0.31549,0.32350,-0.56574,-0.06435,2.92740,0.49103,2.00377,0.31122,0.31596,-0.56553,-0.04890,2.96261,0.46655,2.02272,0.31146,0.35067,-0.58104,2.174,-0.774,0.425,-3.741,0.172,0.344,-0.372
96.300000,4815,-0.06711,2.93508,0.50356,1.99017,0.32236,0.34257,-0.56574,-0.07055,2.94932,0.51020,1.99251,0.31927,0.33391,-0.56670,-0.05514,2.98441,0.48590,2.01150,0.32003,0.36863,-0.58244,2.187,-0.939,0.371,-3.746,0.170,0.352,-0.426
96.400000,4820,-0.07016,2.95683,0.52339,1.97834,0.33533,0.36165,-0.57108,-0.07713,2.97164,0.52976,1.98156,0.32755,0.35219,-0.56946,-0.06186,3.00681,0.50559,2.00057,0.32891,0.38702,-0.58519,2.202,-1.108,0.316,-3.750,0.169,0.360,-0.465
96.500000,4825,-0.08161,2.97743,0.54247,1.96690,0.34181,0.37958,-0.57566,-0.08379,2.99449,0.54938,1.96963,0.33648,0.37151,-0.57228,-0.06888,3.02940,0.52580,1.98853,0.33865,0.40583,-0.58804,2.219,-1.282,0.264,-3.757,0.169,0.368,-0.448
96.600000,4830,-0.08542,3.00070,0.56345,1.95278,0.34868,0.39903,-0.57680,-0.09098,3.01710,0.56977,1.95546,0.34703,0.39059,-0.57386,-0.07616,3.05179,0.54653,1.97426,0.34959,0.42498,-0.59012,2.238,-1.461,0.215,-3.764,0.168,0.374,-0.433
96.700000,4835,-0.09572,3.02091,0.58519,1.93829,0.36394,0.41811,-0.57909,-0.09862,3.03001,0.59039,1.94187,0.35674,0.41034,-0.57605,-0.08406,3.06406,0.56815,1.96043,0.36069,0.44412,-0.59379,2.257,-2.171,0.194,-3.771,0.159,0.375,-0.535
96.800000,4840,-0.10335,3.01405,0.60808,1.92608,0.37042,0.43604,-0.58138,-0.10684,3.01111,0.61151,1.92928,0.36520,0.42933,-0.57772,-0.09286,3.04346,0.59114,1.94718,0.37110,0.46166,-0.59855,2.278,-2.257,0.270,-3.792,0.152,0.363,-0.534
96.900000,4845,-0.11289,2.98467,0.63059,1.91196,0.37500,0.45435,-0.58443,-0.11583,2.98467,0.63368,1.91594,0.37315,0.44796,-0.58184,-0.10245,3.01601,0.61538,1.93317,0.38155,0.47926,-0.60371,2.301,-2.177,0.374,-3.812,0.148,0.350,-0.547
97.000000,4850,-0.12014,2.95721,0.65538,1.89747,0.38721,0.47151,-0.58977,-0.12606,2.95787,0.65823,1.90151,0.38281,0.46586,-0.58743,-0.11276,2.98919,0.64064,1.91861,0.39198,0.49722,-0.60952,2.328,-2.097,0.475,-3.828,0.144,0.337,-0.555
97.100000,4855,-0.13311,2.93165,0.68094,1.88297,0.39484,0.48868,-0.59664,-0.13664,2.93244,0.68366,1.88699,0.39229,0.48447,-0.59380,-0.12362,2.96346,0.66651,1.90371,0.40223,0.51527,-0.61584,2.356,-2.019,0.573,-3.840,0.138,0.324,-0.559
97.200000,4860,-0.14303,2.90685,0.70803,1.86848,0.40132,0.50585,-0.60389,-0.14761,2.90863,0.70938,1.87255,0.40174,0.50297,-0.60086,-0.13481,2.93924,0.69255,1.88870,0.41211,0.53307,-0.62253,2.385,-1.944,0.665,-3.847,0.132,0.310,-0.558
97.300000,4865,-0.15409,2.88587,0.73321,1.85398,0.41582,0.52416,-0.60961,-0.15887,2.88627,0.73526,1.85832,0.41145,0.51999,-0.60764,-0.14599,2.91666,0.71801,1.87409,0.42133,0.55008,-0.62935,2.419,-1.873,0.746,-3.843,0.114,0.292,-0.545
97.400000,4870,-0.16401,2.86336,0.74961,1.84673,0.41772,0.53102,-0.61418,-0.16425,2.86078,0.74946,1.85597,0.41784,0.52852,-0.61203,-0.15187,2.88970,0.72988,1.87035,0.42373,0.55580,-0.63345,2.692,-1.751,0.429,-3.225,-0.383,-0.276,-0.382
97.500000,4875,-0.16363,2.83170,0.73816,1.86008,0.40399,0.51157,-0.61418,-0.16171,2.83013,0.74475,1.87006,0.41550,0.52152,-0.61242,-0.15008,2.85667,0.72281,1.88306,0.41675,0.54636,-0.63471,2.874,-1.546,0.269,-3.162,-0.462,-0.369,-0.328
97.600000,4880,-0.16324,2.79966,0.72558,1.87649,0.39369,0.49822,-0.61380,-0.15911,2.79776,0.73621,1.88349,0.40837,0.51096,-0.61355,-0.14763,2.82383,0.71431,1.89584,0.40961,0.53587,-0.63524,2.853,-1.342,0.352,-3.153,-0.443,-0.375,-0.269
97.700000,4885,-0.16248,2.76990,0.71909,1.88831,0.39178,0.48906,-0.61380,-0.15706,2.76554,0.72776,1.89451,0.40144,0.50085,-0.61341,-0.14530,2.79157,0.70635,1.90676,0.40336,0.52586,-0.63512,2.839,-1.143,0.433,-3.141,-0.425,-0.381,-0.238
97.800000,4890,-0.16057,2.73671,0.71222,1.89709,0.38797,0.47647,-0.61342,-0.15500,2.73379,0.71984,1.90445,0.39525,0.49133,-0.61336,-0.14298,2.75994,0.69876,1.91656,0.39776,0.51623,-0.63468,2.833,-0.950,0.510,-3.124,-0.410,-0.387,-0.233
97.900000,4895,-0.15905,2.70658,0.70498,1.90739,0.38301,0.46922,-0.61342,-0.15278,2.70295,0.71197,1.91468,0.38941,0.48205,-0.61374,-0.14043,2.72926,0.69113,1.92670,0.39235,0.50695,-0.63470,2.832,-0.764,0.580,-3.097,-0.404,-0.393,-0.264
98.000000,4900,-0.15790,2.67606,0.69773,1.91807,0.37347,0.46121,-0.61380,-0.15049,2.67218,0.70449,1.92419,0.38419,0.47293,-0.61409,-0.13787,2.69873,0.68370,1.93608,0.38739,0.49790,-0.63448,2.806,-0.585,0.656,-3.089,-0.376,-0.400,-0.192
98.100000,4905,-0.15561,2.64554,0.69277,1.92303,0.36966,0.44977,-0.61075,-0.14849,2.64117,0.69738,1.93141,0.37974,0.46391,-0.61233,-0.13551,2.66759,0.67678,1.94335,0.38330,0.48904,-0.63318,2.790,-0.403,0.733,-3.081,-0.348,-0.407,-0.145
98.200000,4910,-0.14951,2.61464,0.68552,1.93066,0.36699,0.44252,-0.60617,-0.14637,2.60991,0.69032,1.93779,0.37573,0.45532,-0.61051,-0.13314,2.63623,0.67015,1.94955,0.37981,0.48041,-0.63134,2.780,-0.222,0.809,-3.069,-0.322,-0.414,-0.114
98.300000,4915,-0.14684,2.58412,0.68018,1.93485,0.36661,0.43489,-0.60541,-0.14421,2.57791,0.68374,1.94321,0.37236,0.44677,-0.60924,-0.13071,2.60471,0.66377,1.95484,0.37686,0.47203,-0.62905,2.771,-0.041,0.885,-3.060,-0.293,-0.420,-0.085
98.400000,4920,-0.14646,2.55323,0.67331,1.93905,0.36661,0.42612,-0.60198,-0.14199,2.54585,0.67752,1.94759,0.36986,0.43849,-0.60701,-0.12822,2.57304,0.65766,1.95923,0.37449,0.46393,-0.62626,2.762,0.138,0.962,-3.053,-0.261,-0.426,-0.057
98.500000,4925,-0.14493,2.52118,0.66912,1.94248,0.36584,0.41925,-0.59893,-0.13986,2.51388,0.67159,1.95113,0.36757,0.43066,-0.60428,-0.12564,2.54124,0.65182,1.96270,0.37270,0.45615,-0.62299,2.753,0.317,1.038,-3.053,-0.224,-0.430,-0.029
98.600000,4930,-0.14341,2.48914,0.66568,1.94439,0.36394,0.41277,-0.59626,-0.13730,2.48204,0.66540,1.95385,0.36576,0.42347,-0.60079,-0.12298,2.50938,0.64627,1.96528,0.37148,0.44873,-0.61923,2.744,0.494,1.115,-3.056,-0.186,-0.434,-0.004
98.700000,4935,-0.14150,2.45671,0.65996,1.94782,0.36394,0.40590,-0.59015,-0.13482,2.45002,0.65983,1.95559,0.36474,0.41636,-0.59694,-0.12023,2.47748,0.64102,1.96693,0.37088,0.44171,-0.61495,2.736,0.670,1.192,-3.062,-0.147,-0.437,0.020
98.800000,4940,-0.13921,2.42619,0.65462,1.94820,0.36432,0.39827,-0.58290,-0.13221,2.41798,0.65465,1.95639,0.36440,0.40971,-0.59251,-0.11737,2.44560,0.63608,1.96768,0.37087,0.43513,-0.61017,2.727,0.844,1.269,-3.074,-0.105,-0.437,0.042
98.900000,4945,-0.13273,2.39377,0.65348,1.94859,0.36394,0.39293,-0.57909,-0.12942,2.38626,0.64944,1.95627,0.36451,0.40369,-0.58710,-0.11441,2.41381,0.63146,1.96752,0.37145,0.42903,-0.60490,2.719,1.017,1.345,-3.079,-0.065,-0.436,0.062
99.000000,4950,-0.13006,2.36325,0.64737,1.94859,0.36661,0.38873,-0.57375,-0.12654,2.35444,0.64484,1.95523,0.36535,0.39805,-0.58179,-0.11133,2.38215,0.62717,1.96643,0.37265,0.42346,-0.59914,2.710,1.188,1.421,-3.080,-0.028,-0.431,0.081
99.100000,4955,-0.12967,2.33082,0.64356,1.94859,0.36775,0.38530,-0.56879,-0.12339,2.32310,0.64040,1.95335,0.36681,0.39316,-0.57543,-0.10816,2.35070,0.62321,1.96443,0.37443,0.41844,-0.59292,2.702,1.358,1.497,-3.075,0.009,-0.423,0.098
99.200000,4960,-0.12471,2.30145,0.64051,1.94859,0.36966,0.38072,-0.56078,-0.12036,2.29164,0.63665,1.95038,0.36929,0.38830,-0.56897,-0.10488,2.31949,0.61958,1.96153,0.37678,0.41401,-0.58624,2.693,1.525,1.572,-3.058,0.040,-0.411,0.114
99.300000,4965,-0.12319,2.27131,0.63822,1.94744,0.37157,0.37538,-0.55315,-0.11717,2.26036,0.63321,1.94662,0.37208,0.38440,-0.56271,-0.10150,2.28861,0.61630,1.95771,0.37970,0.41021,-0.57914,2.684,1.690,1.647,-3.031,0.068,-0.394,0.130
99.400000,4970,-0.11594,2.23889,0.63402,1.94515,0.37462,0.37309,-0.54590,-0.11394,2.23004,0.62996,1.94189,0.37527,0.38128,-0.55485,-0.09804,2.25810,0.61337,1.95298,0.38317,0.40706,-0.57162,2.675,1.852,1.721,-2.994,0.093,-0.372,0.144
99.500000,4975,-0.11289,2.20952,0.63364,1.93867,0.38263,0.37118,-0.53789,-0.11045,2.19969,0.62692,1.93630,0.37890,0.37859,-0.54756,-0.09450,2.22803,0.61078,1.94735,0.38717,0.40458,-0.56373,2.666,2.013,1.795,-2.949,0.115,-0.343,0.159
99.600000,4980,-0.11060,2.18052,0.63021,1.93218,0.39064,0.37004,-0.52759,-0.10708,2.16978,0.62483,1.92958,0.38384,0.37639,-0.53935,-0.09089,2.19844,0.60854,1.94082,0.39166,0.40279,-0.55547,2.657,2.171,1.866,-2.895,0.133,-0.311,0.173
99.700000,4985,-0.10831,2.15077,0.62792,1.92417,0.39369,0.37004,-0.51958,-0.10331,2.14108,0.62217,1.92238,0.38819,0.37584,-0.53077,-0.08723,2.16939,0.60666,1.93338,0.39662,0.40169,-0.54689,2.647,2.327,1.937,-2.836,0.148,-0.274,0.186
99.800000,4990,-0.10488,2.12292,0.62754,1.91502,0.39674,0.37042,-0.51195,-0.09969,2.11229,0.62029,1.91402,0.39346,0.37519,-0.52256,-0.08353,2.14093,0.60513,1.92503,0.40204,0.40131,-0.53799,2.638,2.480,2.006,-2.771,0.161,-0.236,0.200
99.900000,4995,-0.09954,2.09431,0.62754,1.90586,0.40132,0.37118,-0.50356,-0.09618,2.08437,0.61881,1.90475,0.39911,0.37516,-0.51341,-0.07980,2.11310,0.60393,1.91584,0.40787,0.40165,-0.52884,2.633,2.631,2.070,-2.700,0.171,-0.194,0.212
100.000000,5000,-0.09687,2.06723,0.62716,1.89671,0.40971,0.37309,-0.49364,-0.09188,2.05667,0.61732,1.89580,0.40481,0.37645,-0.50470,-0.07551,2.08550,0.60282,1.90690,0.41387,0.40286,-0.52011,2.650,2.778,2.108,-2.614,0.174,-0.138,0.215
100.100000,5005,-0.09267,2.04014,0.62716,1.88946,0.41772,0.37500,-0.48754,-0.08714,2.02931,0.61604,1.88706,0.41105,0.37852,-0.49649,-0.07069,2.05819,0.60181,1.89821,0.42001,0.40496,-0.51181,2.629,2.923,2.176,-2.545,0.185,-0.104,0.231
100.200000,5010,-0.08962,2.01458,0.62716,1.87878,0.42192,0.37881,-0.47380,-0.08299,2.00339,0.61538,1.87618,0.41767,0.38106,-0.48755,-0.06659,2.03228,0.60149,1.88724,0.42672,0.40757,-0.50251,2.592,3.066,2.258,-2.477,0.197,-0.084,0.250
100.300000,5015,-0.08046,1.99093,0.62601,1.86581,0.42764,0.38416,-0.46655,-0.07946,1.97832,0.61561,1.86361,0.42510,0.38390,-0.47830,-0.06290,2.00753,0.60167,1.87473,0.43382,0.41074,-0.49263,2.579,3.206,2.316,-2.399,0.203,-0.059,0.264
100.400000,5020,-0.08008,1.96652,0.62601,1.85207,0.43909,0.38950,-0.45587,-0.07588,1.95431,0.61600,1.85015,0.43251,0.38740,-0.46840,-0.05933,1.98374,0.60219,1.86136,0.44114,0.41454,-0.48258,2.567,3.344,2.369,-2.318,0.209,-0.038,0.276
100.500000,5025,-0.07627,1.94325,0.62639,1.83796,0.44634,0.39369,-0.44748,-0.07251,1.93139,0.61686,1.83590,0.44040,0.39161,-0.45839,-0.05591,1.96093,0.60300,1.84717,0.44865,0.41892,-0.47236,2.555,3.480,2.418,-2.236,0.214,-0.020,0.289
100.600000,5030,-0.07474,1.92188,0.62639,1.82270,0.45053,0.39751,-0.43985,-0.06908,1.90957,0.61768,1.82087,0.44832,0.39665,-0.44806,-0.05266,1.93916,0.60411,1.83214,0.45632,0.42385,-0.46198,2.542,3.613,2.464,-2.154,0.219,-0.006,0.302
100.700000,5035,-0.07436,1.90243,0.62639,1.80744,0.46045,0.40285,-0.42459,-0.06606,1.88866,0.61915,1.80491,0.45637,0.40157,-0.43772,-0.04962,1.91845,0.60549,1.81630,0.46412,0.42929,-0.45142,2.528,3.744,2.505,-2.071,0.223,0.006,0.314
100.800000,5040,-0.06597,1.88030,0.62639,1.79066,0.47113,0.40971,-0.41544,-0.06333,1.86904,0.62074,1.78816,0.46471,0.40723,-0.42674,-0.04680,1.89884,0.60710,1.79964,0.47203,0.43519,-0.44068,2.513,3.873,2.541,-1.987,0.227,0.015,0.327
100.900000,5045,-0.06368,1.86428,0.62639,1.77311,0.47571,0.41658,-0.40285,-0.06059,1.85031,0.62269,1.77066,0.47325,0.41351,-0.41642,-0.04423,1.88034,0.60893,1.78217,0.48003,0.44151,-0.42974,2.497,4.000,2.574,-1.904,0.232,0.023,0.339
101.000000,5050,-0.06368,1.84368,0.62639,1.75442,0.48410,0.42192,-0.39178,-0.05815,1.83311,0.62444,1.75235,0.48140,0.42019,-0.40497,-0.04194,1.86299,0.61094,1.76389,0.48811,0.44821,-0.41859,2.480,4.126,2.602,-1.820,0.236,0.030,0.352
101.100000,5055,-0.06139,1.83071,0.62677,1.73572,0.49669,0.42802,-0.38377,-0.05621,1.81652,0.62695,1.73306,0.49046,0.42656,-0.39393,-0.03994,1.84681,0.61309,1.74482,0.49625,0.45523,-0.40720,2.462,4.249,2.626,-1.737,0.240,0.036,0.364
101.200000,5060,-0.06063,1.81621,0.62792,1.71665,0.50279,0.43680,-0.36966,-0.05435,1.80146,0.62918,1.71317,0.49907,0.43389,-0.38246,-0.03826,1.83182,0.61535,1.72493,0.50446,0.46254,-0.39556,2.443,4.372,2.646,-1.655,0.244,0.041,0.376
101.300000,5065,-0.05796,1.80019,0.62868,1.69529,0.51081,0.44405,-0.35783,-0.05286,1.78775,0.63134,1.69247,0.50762,0.44139,-0.37055,-0.03691,1.81804,0.61767,1.70425,0.51272,0.47010,-0.38363,2.422,4.494,2.662,-1.573,0.249,0.046,0.389
101.400000,5070,-0.05796,1.78875,0.62868,1.67392,0.52339,0.45091,-0.34563,-0.05181,1.77494,0.63395,1.67085,0.51662,0.44887,-0.35870,-0.03592,1.80546,0.62002,1.68277,0.52104,0.47787,-0.37140,2.400,4.615,2.673,-1.492,0.253,0.051,0.401
101.500000,5075,-0.05834,1.77654,0.62944,1.65218,0.52873,0.45740,-0.33494,-0.05086,1.76378,0.63611,1.64854,0.52550,0.45703,-0.34562,-0.03529,1.79411,0.62233,1.66047,0.52944,0.48581,-0.35882,2.378,4.736,2.681,-1.413,0.258,0.055,0.412
101.600000,5080,-0.05758,1.76662,0.63250,1.62929,0.53713,0.46808,-0.32007,-0.05042,1.75364,0.63831,1.62541,0.53436,0.46485,-0.33300,-0.03504,1.78398,0.62458,1.63735,0.53793,0.49390,-0.34587,2.354,4.859,2.685,-1.335,0.263,0.059,0.424
101.700000,5085,-0.05529,1.75861,0.63517,1.60450,0.55086,0.47571,-0.30862,-0.05058,1.74427,0.64108,1.60115,0.54431,0.47236,-0.31973,-0.03519,1.77508,0.62670,1.61339,0.54653,0.50211,-0.33250,2.330,4.983,2.685,-1.258,0.268,0.063,0.436
101.800000,5090,-0.05529,1.75060,0.63707,1.58046,0.55582,0.48105,-0.29108,-0.05091,1.73673,0.64307,1.57620,0.55363,0.48080,-0.30597,-0.03575,1.76742,0.62865,1.58853,0.55526,0.51042,-0.31867,2.305,5.111,2.680,-1.183,0.274,0.067,0.447
101.900000,5095,-0.05529,1.74450,0.63974,1.55414,0.56803,0.49211,-0.28001,-0.05192,1.73033,0.64489,1.55033,0.56305,0.48874,-0.29210,-0.03685,1.76116,0.63036,1.56273,0.56418,0.51871,-0.30428,2.259,5.260,2.666,-1.110,0.280,0.066,0.459
102.000000,5100,-0.05567,1.74183,0.64165,1.52820,0.57756,0.49860,-0.26437,-0.05417,1.72647,0.64651,1.52328,0.57335,0.49593,-0.27702,-0.03927,1.75748,0.63160,1.53586,0.57329,0.52612,-0.28890,2.191,5.471,2.641,-1.045,0.286,0.057,0.471
102.100000,5105,-0.05567,1.74030,0.64165,1.49921,0.58481,0.50394,-0.24835,-0.05680,1.72377,0.64769,1.49516,0.58366,0.50332,-0.26110,-0.04209,1.75485,0.63254,1.50792,0.58271,0.53373,-0.27290,2.227,5.547,2.637,-0.981,0.293,0.077,0.481
102.200000,5110,-0.05605,1.73992,0.64165,1.47098,0.60045,0.51462,-0.23118,-0.05892,1.72046,0.64848,1.46588,0.59383,0.51218,-0.24498,-0.04429,1.75166,0.63331,1.47885,0.59252,0.54280,-0.25666,2.221,5.693,2.616,-0.912,0.301,0.087,0.492
102.300000,5115,-0.05643,1.73992,0.64203,1.44046,0.60732,0.52378,-0.21440,-0.06186,1.71919,0.64879,1.43532,0.60485,0.52075,-0.22784,-0.04751,1.75054,0.63355,1.44846,0.60275,0.55155,-0.23940,2.169,5.946,2.577,-0.850,0.308,0.085,0.505
102.400000,5120,-0.06215,1.73992,0.64280,1.40956,0.62258,0.53179,-0.19990,-0.06497,1.71846,0.64890,1.40318,0.61630,0.52967,-0.20960,-0.05086,1.75007,0.63338,1.41673,0.61341,0.56102,-0.22149,2.206,6.035,2.585,-0.786,0.315,0.104,0.513
102.500000,5125,-0.06482,1.74030,0.64547,1.37752,0.63173,0.54247,-0.18159,-0.06915,1.72427,0.65161,1.37219,0.62775,0.54004,-0.19421,-0.05544,1.75612,0.63631,1.38621,0.62461,0.57181,-0.20710,2.080,6.491,2.848,-0.734,0.323,0.104,0.495
102.600000,5130,-0.07283,1.74679,0.65882,1.35158,0.64508,0.55200,-0.17778,-0.07787,1.74693,0.66139,1.34555,0.64009,0.54905,-0.18566,-0.06505,1.77928,0.64649,1.36016,0.63649,0.58171,-0.20029,2.060,6.519,2.853,-0.754,0.327,0.101,0.440
102.700000,5135,-0.08313,1.77082,0.67446,1.32754,0.65767,0.55963,-0.17129,-0.08812,1.77313,0.67346,1.31963,0.65342,0.55880,-0.17969,-0.07565,1.80566,0.65804,1.33454,0.64865,0.59158,-0.19467,2.072,6.501,2.820,-0.798,0.329,0.101,0.441
102.800000,5140,-0.09305,1.79905,0.69010,1.30008,0.66797,0.57146,-0.16366,-0.09835,1.79981,0.68533,1.29396,0.66616,0.56883,-0.17325,-0.08628,1.83209,0.66962,1.30888,0.66083,0.60146,-0.18905,2.087,6.473,2.782,-0.840,0.329,0.100,0.438
102.900000,5145,-0.10106,1.82384,0.70116,1.27643,0.68285,0.57985,-0.15985,-0.10729,1.82510,0.69581,1.27276,0.67712,0.57813,-0.16689,-0.09573,1.85649,0.68033,1.28752,0.67130,0.60981,-0.18507,2.152,6.412,2.722,-0.833,0.257,-0.012,0.111
103.000000,5150,-0.10564,1.84330,0.70383,1.28291,0.67675,0.57184,-0.17320,-0.10621,1.83744,0.70050,1.28616,0.67668,0.57692,-0.17059,-0.09626,1.86644,0.68482,1.30032,0.66836,0.60610,-0.19460,2.634,6.128,2.503,-0.245,-0.300,-0.517,-0.157
103.100000,5155,-0.10259,1.84559,0.70459,1.32487,0.65615,0.55467,-0.19189,-0.09948,1.84026,0.70032,1.31900,0.66625,0.56916,-0.18498,-0.09092,1.86694,0.68539,1.33218,0.65785,0.59670,-0.21177,2.684,5.843,2.449,-0.306,-0.311,-0.515,-0.168
103.200000,5160,-0.09687,1.84559,0.70459,1.35692,0.64775,0.54781,-0.20715,-0.09425,1.84093,0.70012,1.35030,0.65494,0.56057,-0.20198,-0.08555,1.86736,0.68555,1.36304,0.64761,0.58815,-0.22846,2.645,5.855,2.442,-0.373,-0.314,-0.520,-0.176
103.300000,5165,-0.09420,1.84597,0.70459,1.38705,0.63211,0.54018,-0.22508,-0.09031,1.84325,0.69987,1.38011,0.64426,0.55235,-0.21857,-0.08141,1.86974,0.68551,1.39257,0.63777,0.57948,-0.24430,2.624,5.791,2.433,-0.445,-0.317,-0.519,-0.184
103.400000,5170,-0.09114,1.84597,0.70459,1.41452,0.62487,0.53179,-0.23996,-0.08650,1.84509,0.69970,1.40838,0.63386,0.54439,-0.23436,-0.07708,1.87189,0.68525,1.42087,0.62833,0.57194,-0.25968,2.635,5.648,2.421,-0.514,-0.319,-0.505,-0.193
103.500000,5175,-0.08580,1.84635,0.70459,1.44122,0.61686,0.52492,-0.25445,-0.08290,1.84740,0.69945,1.43559,0.62430,0.53737,-0.24959,-0.07302,1.87456,0.68481,1.44806,0.61923,0.56499,-0.27452,2.585,5.631,2.412,-0.582,-0.321,-0.512,-0.200
103.600000,5180,-0.08085,1.84902,0.70459,1.46755,0.60274,0.51996,-0.26971,-0.08049,1.85215,0.69925,1.46172,0.61529,0.52999,-0.26425,-0.07028,1.87951,0.68425,1.47412,0.61039,0.55755,-0.28861,2.536,5.573,2.402,-0.656,-0.324,-0.518,-0.208
103.700000,5185,-0.08046,1.85665,0.70459,1.49120,0.59816,0.51309,-0.28497,-0.07872,1.85791,0.69910,1.48671,0.60664,0.52225,-0.27832,-0.06818,1.88574,0.68359,1.49918,0.60177,0.55023,-0.30217,2.507,5.480,2.392,-0.732,-0.326,-0.517,-0.217
103.800000,5190,-0.08008,1.86504,0.70459,1.51599,0.59320,0.50356,-0.29603,-0.07748,1.86490,0.69880,1.51076,0.59805,0.51503,-0.29174,-0.06656,1.89301,0.68285,1.52327,0.59336,0.54315,-0.31527,2.480,5.380,2.383,-0.810,-0.329,-0.516,-0.226
103.900000,5195,-0.08008,1.86619,0.70459,1.53736,0.57833,0.49783,-0.31167,-0.07641,1.87327,0.69782,1.53418,0.58914,0.50866,-0.30479,-0.06538,1.90133,0.68207,1.54645,0.58513,0.53631,-0.32796,2.454,5.276,2.373,-0.888,-0.331,-0.515,-0.234
104.000000,5200,-0.08008,1.88068,0.70459,1.55986,0.57260,0.49402,-0.32312,-0.07612,1.88195,0.69766,1.55632,0.58099,0.50140,-0.31787,-0.06461,1.91068,0.68127,1.56875,0.57706,0.52973,-0.34026,2.430,5.167,2.363,-0.967,-0.334,-0.512,-0.243
104.100000,5205,-0.08008,1.89213,0.70459,1.58046,0.56879,0.48754,-0.33838,-0.07606,1.89209,0.69729,1.57768,0.57307,0.49488,-0.32992,-0.06423,1.92105,0.68048,1.59019,0.56915,0.52340,-0.35220,2.407,5.055,2.353,-1.047,-0.336,-0.510,-0.252
104.200000,5210,-0.08008,1.89861,0.70421,1.60068,0.55620,0.47952,-0.34868,-0.07620,1.90357,0.69661,1.59834,0.56486,0.48911,-0.34168,-0.06420,1.93243,0.67974,1.61079,0.56137,0.51734,-0.36382,2.386,4.940,2.343,-1.128,-0.339,-0.505,-0.261
104.300000,5215,-0.08008,1.91044,0.70421,1.61975,0.54933,0.47418,-0.36089,-0.07677,1.91567,0.69598,1.61812,0.55664,0.48315,-0.35355,-0.06453,1.94483,0.67905,1.63054,0.55372,0.51158,-0.37512,2.366,4.824,2.333,-1.209,-0.341,-0.500,-0.271
104.400000,5220,-0.08046,1.92493,0.70421,1.63883,0.54399,0.46961,-0.37195,-0.07771,1.92868,0.69581,1.63691,0.54920,0.47739,-0.36489,-0.06517,1.95824,0.67846,1.64945,0.54621,0.50614,-0.38613,2.349,4.705,2.322,-1.291,-0.343,-0.494,-0.280
104.500000,5225,-0.08008,1.93714,0.70307,1.65638,0.53522,0.46655,-0.38301,-0.07894,1.94285,0.69570,1.65499,0.54163,0.47233,-0.37618,-0.06611,1.97262,0.67798,1.66754,0.53883,0.50104,-0.39687,2.334,4.584,2.311,-1.373,-0.345,-0.485,-0.289
104.600000,5230,-0.08046,1.95049,0.70154,1.67354,0.52378,0.46121,-0.39484,-0.08033,1.95806,0.69553,1.67222,0.53404,0.46746,-0.38680,-0.06732,1.98793,0.67764,1.68482,0.53158,0.49629,-0.40734,2.321,4.461,2.300,-1.454,-0.347,-0.475,-0.298
104.700000,5235,-0.08085,1.96728,0.70078,1.68918,0.51996,0.45664,-0.40361,-0.08201,1.97402,0.69565,1.68853,0.52685,0.46272,-0.39729,-0.06879,2.00421,0.67745,1.70125,0.52449,0.49194,-0.41756,2.311,4.336,2.287,-1.536,-0.348,-0.462,-0.308
104.800000,5240,-0.08085,1.98483,0.70078,1.70406,0.51576,0.45129,-0.41505,-0.08395,1.99095,0.69606,1.70399,0.51991,0.45865,-0.40746,-0.07049,2.02139,0.67744,1.71686,0.51754,0.48800,-0.42753,2.302,4.210,2.274,-1.617,-0.350,-0.447,-0.317
104.900000,5245,-0.08123,1.99970,0.70078,1.71818,0.50470,0.44939,-0.42383,-0.08590,2.00915,0.69611,1.71887,0.51245,0.45535,-0.41743,-0.07240,2.03944,0.67762,1.73165,0.51076,0.48448,-0.43727,2.296,4.081,2.260,-1.698,-0.350,-0.429,-0.326
105.000000,5250,-0.08161,2.02145,0.70078,1.73191,0.49745,0.44862,-0.43260,-0.08825,2.02766,0.69671,1.73271,0.50559,0.45196,-0.42766,-0.07450,2.05840,0.67802,1.74558,0.50417,0.48144,-0.44677,2.292,3.950,2.244,-1.779,-0.350,-0.407,-0.336
105.100000,5255,-0.08390,2.03785,0.70078,1.74412,0.49364,0.44519,-0.44443,-0.09070,2.04742,0.69758,1.74563,0.49900,0.44929,-0.43665,-0.07677,2.07818,0.67863,1.75868,0.49778,0.47887,-0.45604,2.289,3.818,2.227,-1.859,-0.350,-0.383,-0.345
105.200000,5260,-0.08657,2.05807,0.70078,1.75594,0.48982,0.44443,-0.45168,-0.09321,2.06773,0.69858,1.75791,0.49249,0.44707,-0.44636,-0.07919,2.09875,0.67947,1.77096,0.49160,0.47680,-0.46509,2.289,3.683,2.209,-1.938,-0.349,-0.354,-0.354
105.300000,5265,-0.09229,2.07943,0.70078,1.76739,0.47914,0.44367,-0.46198,-0.09579,2.08900,0.69977,1.76928,0.48625,0.44569,-0.45545,-0.08174,2.12012,0.68057,1.78238,0.48566,0.47525,-0.47390,2.290,3.546,2.189,-2.017,-0.347,-0.323,-0.362
105.400000,5270,-0.09496,2.10003,0.70078,1.77616,0.47151,0.44290,-0.47228,-0.09866,2.11106,0.70121,1.77967,0.48016,0.44452,-0.46434,-0.08447,2.14228,0.68195,1.79280,0.48001,0.47421,-0.48240,2.282,3.407,2.173,-2.099,-0.342,-0.292,-0.368
105.500000,5275,-0.09534,2.12254,0.70078,1.78531,0.46884,0.44290,-0.47647,-0.10227,2.13401,0.70344,1.78784,0.47493,0.44341,-0.47230,-0.08780,2.16553,0.68380,1.80119,0.47487,0.47357,-0.49006,2.264,3.267,2.165,-2.193,-0.330,-0.266,-0.366
105.600000,5280,-0.10068,2.14657,0.70078,1.79104,0.46732,0.44328,-0.48448,-0.10607,2.15787,0.70598,1.79457,0.47005,0.44311,-0.47980,-0.09147,2.18965,0.68606,1.80805,0.47017,0.47345,-0.49714,2.287,3.124,2.134,-2.267,-0.327,-0.223,-0.376
105.700000,5285,-0.10183,2.17022,0.70116,1.79752,0.46388,0.44367,-0.49516,-0.10928,2.18187,0.70847,1.80176,0.46536,0.44358,-0.48740,-0.09458,2.21385,0.68832,1.81544,0.46553,0.47404,-0.50466,2.324,2.976,2.091,-2.327,-0.329,-0.176,-0.393
105.800000,5290,-0.10907,2.19502,0.70192,1.80439,0.45931,0.44634,-0.50279,-0.11203,2.20625,0.71086,1.80900,0.46056,0.44478,-0.49522,-0.09739,2.23831,0.69071,1.82273,0.46109,0.47526,-0.51230,2.335,2.828,2.058,-2.404,-0.321,-0.139,-0.400
105.900000,5295,-0.11174,2.21753,0.70307,1.80973,0.44901,0.44786,-0.51042,-0.11491,2.23125,0.71361,1.81533,0.45617,0.44659,-0.50252,-0.10022,2.26325,0.69336,1.82916,0.45702,0.47703,-0.51964,2.344,2.677,2.024,-2.484,-0.311,-0.105,-0.405
106.000000,5300,-0.11174,2.24232,0.70726,1.81545,0.44519,0.45053,-0.51805,-0.11790,2.25647,0.71670,1.82069,0.45220,0.44851,-0.50967,-0.10307,2.28866,0.69628,1.83470,0.45334,0.47934,-0.52668,2.353,2.525,1.988,-2.567,-0.299,-0.074,-0.410
106.100000,5305,-0.11480,2.26864,0.70955,1.82003,0.44481,0.45358,-0.52454,-0.12085,2.28200,0.72011,1.82517,0.44882,0.45106,-0.51668,-0.10593,2.31448,0.69946,1.83938,0.45007,0.48217,-0.53339,2.364,2.371,1.950,-2.653,-0.286,-0.045,-0.414
106.200000,5310,-0.11709,2.29458,0.71413,1.82194,0.44405,0.45664,-0.52873,-0.12383,2.30803,0.72391,1.82877,0.44600,0.45414,-0.52316,-0.10880,2.34068,0.70290,1.84317,0.44721,0.48551,-0.53978,2.374,2.215,1.909,-2.744,-0.269,-0.019,-0.417
106.300000,5315,-0.11823,2.31938,0.71871,1.82461,0.44138,0.46236,-0.53408,-0.12665,2.33462,0.72744,1.83166,0.44292,0.45813,-0.52938,-0.11167,2.36722,0.70661,1.84609,0.44478,0.48934,-0.54585,2.386,2.057,1.867,-2.839,-0.251,0.005,-0.419
106.400000,5320,-0.12586,2.34608,0.72252,1.82651,0.44138,0.46884,-0.54018,-0.12947,2.36131,0.73149,1.83360,0.44063,0.46231,-0.53540,-0.11453,2.39407,0.71058,1.84814,0.44279,0.49365,-0.55157,2.398,1.898,1.822,-2.938,-0.231,0.026,-0.419
106.500000,5325,-0.12815,2.37279,0.72672,1.82728,0.44099,0.47228,-0.54781,-0.13239,2.38827,0.73598,1.83454,0.43931,0.46679,-0.54079,-0.11738,2.42117,0.71481,1.84930,0.44126,0.49842,-0.55694,2.410,1.736,1.775,-3.041,-0.208,0.045,-0.419
106.600000,5330,-0.12929,2.39949,0.73168,1.82728,0.44099,0.47762,-0.55124,-0.13527,2.41544,0.74078,1.83471,0.43814,0.47186,-0.54614,-0.12022,2.44850,0.71928,1.84959,0.44018,0.50363,-0.56197,2.423,1.573,1.727,-3.142,-0.185,0.062,-0.417
106.700000,5335,-0.13158,2.42658,0.73549,1.82728,0.44061,0.48105,-0.55506,-0.13813,2.44284,0.74561,1.83394,0.43740,0.47739,-0.55095,-0.12306,2.47600,0.72400,1.84900,0.43957,0.50925,-0.56664,2.436,1.408,1.676,-3.241,-0.160,0.078,-0.414
106.800000,5340,-0.13387,2.45404,0.74198,1.82728,0.44099,0.48906,-0.56002,-0.14086,2.47049,0.75051,1.83239,0.43686,0.48339,-0.55526,-0.12588,2.50365,0.72896,1.84754,0.43942,0.51525,-0.57097,2.449,1.242,1.624,-3.333,-0.135,0.092,-0.409
106.900000,5345,-0.13654,2.48113,0.74808,1.82728,0.44099,0.49707,-0.56345,-0.14355,2.49820,0.75571,1.82995,0.43706,0.48966,-0.55922,-0.12869,2.53140,0.73414,1.84520,0.43973,0.52161,-0.57494,2.462,1.074,1.571,-3.417,-0.111,0.105,-0.404
107.000000,5350,-0.14455,2.50897,0.75380,1.82613,0.44138,0.50318,-0.56688,-0.14622,2.52601,0.76129,1.82663,0.43786,0.49632,-0.56277,-0.13150,2.55921,0.73955,1.84199,0.44051,0.52831,-0.57857,2.474,0.905,1.516,-3.492,-0.086,0.118,-0.397
107.100000,5355,-0.14493,2.53606,0.75991,1.82346,0.44176,0.50928,-0.57299,-0.14897,2.55383,0.76705,1.82242,0.43916,0.50323,-0.56599,-0.13431,2.58707,0.74516,1.83791,0.44175,0.53533,-0.58186,2.487,0.735,1.461,-3.558,-0.063,0.129,-0.389
107.200000,5360,-0.14760,2.56391,0.76678,1.81660,0.44214,0.51805,-0.57451,-0.15176,2.58158,0.77307,1.81734,0.44080,0.51040,-0.56938,-0.13713,2.61495,0.75098,1.83295,0.44344,0.54262,-0.58482,2.499,0.563,1.405,-3.615,-0.042,0.140,-0.380
107.300000,5365,-0.14798,2.59214,0.76945,1.81164,0.44328,0.52530,-0.57718,-0.15460,2.60936,0.77945,1.81128,0.44333,0.51774,-0.57211,-0.13996,2.64286,0.75700,1.82711,0.44558,0.55019,-0.58747,2.511,0.390,1.347,-3.665,-0.022,0.150,-0.370
107.400000,5370,-0.15066,2.61960,0.77669,1.80515,0.44595,0.53140,-0.57756,-0.15738,2.63720,0.78595,1.80434,0.44619,0.52538,-0.57443,-0.14283,2.67082,0.76321,1.82037,0.44818,0.55802,-0.58981,2.523,0.216,1.290,-3.709,-0.004,0.160,-0.360
107.500000,5375,-0.15561,2.64707,0.78623,1.79561,0.44824,0.53980,-0.57794,-0.16016,2.66519,0.79240,1.79633,0.44921,0.53342,-0.57640,-0.14581,2.69881,0.76966,1.81244,0.45128,0.56609,-0.59174,2.524,0.041,1.234,-3.755,0.020,0.169,-0.328
107.600000,5380,-0.16172,2.67492,0.79195,1.78570,0.45053,0.54933,-0.58062,-0.16349,2.69290,0.79937,1.78619,0.45305,0.54155,-0.57796,-0.14916,2.72662,0.77644,1.80242,0.45506,0.57431,-0.59289,2.529,-0.134,1.179,-3.790,0.039,0.178,-0.299
107.700000,5385,-0.16401,2.70276,0.79958,1.77387,0.45702,0.55658,-0.58062,-0.16672,2.72125,0.80657,1.77538,0.45751,0.54988,-0.57902,-0.15247,2.75514,0.78341,1.79190,0.45921,0.58295,-0.59410,2.558,-0.313,1.118,-3.810,0.041,0.190,-0.337
107.800000,5390,-0.16439,2.73061,0.80721,1.76319,0.46846,0.56612,-0.58100,-0.16965,2.75109,0.81387,1.76476,0.46210,0.55910,-0.58050,-0.15555,2.78493,0.79059,1.78141,0.46367,0.59220,-0.59571,2.569,-0.502,1.057,-3.836,0.054,0.202,-0.340
107.900000,5395,-0.16706,2.76342,0.81408,1.75098,0.47151,0.57718,-0.58176,-0.17291,2.78134,0.82190,1.75252,0.46800,0.56864,-0.58322,-0.15884,2.81551,0.79819,1.76919,0.46884,0.60194,-0.59693,2.569,-0.698,0.996,-3.865,0.072,0.212,-0.305
108.000000,5400,-0.16782,2.79317,0.82285,1.73610,0.47495,0.58557,-0.58367,-0.17576,2.81149,0.82975,1.73806,0.47506,0.57835,-0.58405,-0.16160,2.84568,0.80545,1.75468,0.47505,0.61160,-0.59667,2.744,-0.902,0.876,-3.895,0.099,0.203,-0.061
108.100000,5405,-0.16935,2.81950,0.82590,1.71741,0.48601,0.59015,-0.57337,-0.17204,2.83065,0.83144,1.71737,0.48618,0.58346,-0.57518,-0.15756,2.86470,0.80586,1.73367,0.48484,0.61623,-0.58549,3.070,-1.056,0.382,-3.942,0.131,-0.017,0.078
108.200000,5410,-0.16630,2.82827,0.82018,1.68651,0.50241,0.58557,-0.55010,-0.16264,2.83990,0.82671,1.68973,0.50058,0.58444,-0.55476,-0.14805,2.87352,0.80064,1.70591,0.49787,0.61648,-0.56433,3.066,-1.107,0.297,-3.968,0.135,-0.096,0.084
108.300000,5415,-0.15790,2.83208,0.81560,1.65599,0.52034,0.58405,-0.52530,-0.15250,2.84841,0.82103,1.66121,0.51481,0.58435,-0.53238,-0.13817,2.88183,0.79508,1.67752,0.51118,0.61647,-0.54243,3.042,-1.132,0.258,-3.986,0.135,-0.101,0.083
108.400000,5420,-0.14875,2.84315,0.81064,1.62815,0.53102,0.58405,-0.50508,-0.14238,2.85674,0.81551,1.63302,0.52909,0.58437,-0.50974,-0.12842,2.89002,0.78960,1.64951,0.52432,0.61647,-0.52082,3.011,-1.161,0.219,-3.998,0.133,-0.112,0.082
108.500000,5425,-0.13845,2.84887,0.80340,1.60297,0.54781,0.58214,-0.48525,-0.13285,2.85968,0.80869,1.61195,0.53973,0.58338,-0.48787,-0.11963,2.89190,0.78339,1.62835,0.53418,0.61473,-0.50218,2.956,-1.741,0.152,-3.953,0.027,-0.348,0.066
108.600000,5430,-0.12853,2.84086,0.79233,1.60373,0.54170,0.57070,-0.47113,-0.12483,2.84218,0.79843,1.61610,0.53978,0.57742,-0.47327,-0.11323,2.87185,0.77419,1.63188,0.53274,0.60669,-0.49381,2.900,-1.628,0.173,-3.312,-0.427,-0.426,-0.032
108.700000,5435,-0.12433,2.81835,0.77936,1.62242,0.52416,0.55849,-0.46732,-0.11791,2.81660,0.78687,1.62989,0.53373,0.56879,-0.46714,-0.10775,2.84453,0.76417,1.64474,0.52729,0.59671,-0.48991,2.871,-1.433,0.237,-3.296,-0.422,-0.429,-0.045
108.800000,5440,-0.11861,2.79203,0.76792,1.63387,0.52072,0.54972,-0.46388,-0.11281,2.79017,0.77665,1.64126,0.52808,0.55905,-0.46324,-0.10260,2.81803,0.75454,1.65591,0.52247,0.58734,-0.48592,2.854,-1.241,0.301,-3.282,-0.404,-0.429,-0.054
108.900000,5445,-0.11022,2.76723,0.75876,1.64531,0.51843,0.54285,-0.46312,-0.10771,2.76511,0.76706,1.65250,0.52296,0.55044,-0.46004,-0.09733,2.79303,0.74540,1.66707,0.51802,0.57871,-0.48266,2.837,-1.062,0.361,-3.265,-0.389,-0.428,-0.074
109.000000,5450,-0.10793,2.74167,0.75113,1.65638,0.51576,0.53484,-0.45892,-0.10288,2.74053,0.75812,1.66247,0.51877,0.54212,-0.45725,-0.09229,2.76870,0.73653,1.67696,0.51408,0.57054,-0.47929,2.806,-0.890,0.418,-3.260,-0.363,-0.430,-0.045
109.100000,5455,-0.10526,2.71917,0.74312,1.66362,0.51233,0.52530,-0.45282,-0.09844,2.71631,0.74933,1.67042,0.51545,0.53405,-0.45305,-0.08764,2.74448,0.72779,1.68492,0.51069,0.56263,-0.47535,2.784,-0.719,0.477,-3.253,-0.340,-0.432,-0.029
109.200000,5460,-0.09649,2.69437,0.73626,1.67049,0.50546,0.52034,-0.44862,-0.09417,2.69221,0.74064,1.67751,0.51226,0.52644,-0.44955,-0.08311,2.72051,0.71920,1.69184,0.50772,0.55506,-0.47122,2.767,-0.549,0.535,-3.244,-0.319,-0.433,-0.019
109.300000,5465,-0.09382,2.67110,0.72710,1.67583,0.50203,0.51348,-0.44557,-0.08998,2.66804,0.73228,1.68348,0.50971,0.51901,-0.44586,-0.07866,2.69671,0.71074,1.69784,0.50514,0.54779,-0.46691,2.751,-0.382,0.593,-3.237,-0.296,-0.434,-0.008
109.400000,5470,-0.09114,2.64859,0.71909,1.68117,0.50089,0.50394,-0.44138,-0.08571,2.64444,0.72367,1.68861,0.50731,0.51200,-0.44109,-0.07426,2.67303,0.70238,1.70296,0.50295,0.54083,-0.46240,2.735,-0.215,0.651,-3.233,-0.273,-0.435,0.003
109.500000,5475,-0.08695,2.62494,0.71184,1.68537,0.50089,0.49822,-0.43985,-0.08160,2.62075,0.71548,1.69288,0.50575,0.50509,-0.43640,-0.06991,2.64945,0.69414,1.70723,0.50113,0.53418,-0.45767,2.720,-0.050,0.709,-3.231,-0.250,-0.435,0.015
109.600000,5480,-0.07970,2.60282,0.70498,1.68956,0.49974,0.49440,-0.43260,-0.07761,2.59676,0.70756,1.69631,0.50431,0.49842,-0.43235,-0.06558,2.62595,0.68599,1.71065,0.49968,0.52785,-0.45270,2.706,0.115,0.767,-3.235,-0.225,-0.434,0.027
109.700000,5485,-0.07703,2.57726,0.69773,1.69071,0.49860,0.48754,-0.42345,-0.07342,2.57359,0.69907,1.69893,0.50272,0.49272,-0.42710,-0.06129,2.60255,0.67797,1.71321,0.49862,0.52186,-0.44749,2.692,0.278,0.825,-3.243,-0.199,-0.433,0.039
109.800000,5490,-0.07436,2.55437,0.69048,1.69300,0.49860,0.47991,-0.41849,-0.06915,2.55027,0.69077,1.70065,0.50204,0.48689,-0.42140,-0.05702,2.57927,0.67007,1.71493,0.49791,0.51621,-0.44203,2.679,0.441,0.883,-3.254,-0.173,-0.430,0.052
109.900000,5495,-0.06711,2.53301,0.68094,1.69376,0.49860,0.47571,-0.41429,-0.06521,2.52704,0.68326,1.70151,0.50201,0.48143,-0.41578,-0.05278,2.55612,0.66231,1.71579,0.49758,0.51095,-0.43630,2.666,0.603,0.941,-3.268,-0.147,-0.425,0.064
110.000000,5500,-0.06368,2.51050,0.67331,1.69376,0.49860,0.47189,-0.40743,-0.06105,2.50383,0.67548,1.70157,0.50189,0.47654,-0.41043,-0.04857,2.53314,0.65469,1.71578,0.49762,0.50607,-0.43029,2.653,0.763,0.998,-3.281,-0.122,-0.419,0.076
110.100000,5505,-0.06215,2.48799,0.66645,1.69376,0.49860,0.46846,-0.40018,-0.05690,2.48125,0.66743,1.70086,0.50171,0.47231,-0.40417,-0.04438,2.51033,0.64721,1.71494,0.49801,0.50159,-0.42401,2.641,0.923,1.056,-3.290,-0.096,-0.411,0.088
110.200000,5510,-0.05796,2.46663,0.65996,1.69376,0.49974,0.46503,-0.39484,-0.05277,2.45859,0.65986,1.69912,0.50259,0.46804,-0.39754,-0.04022,2.48772,0.63989,1.71321,0.49877,0.49755,-0.41744,2.629,1.082,1.112,-3.294,-0.072,-0.401,0.100
110.300000,5515,-0.05223,2.44298,0.65348,1.69376,0.50203,0.46121,-0.38835,-0.04883,2.43595,0.65285,1.69651,0.50388,0.46421,-0.39110,-0.03609,2.46533,0.63273,1.71064,0.49986,0.49392,-0.41058,2.617,1.240,1.169,-3.289,-0.048,-0.389,0.113
110.400000,5520,-0.04689,2.42238,0.64699,1.69300,0.50279,0.45816,-0.38034,-0.04486,2.41368,0.64586,1.69300,0.50558,0.46087,-0.38414,-0.03199,2.44319,0.62573,1.70717,0.50131,0.49076,-0.40340,2.606,1.396,1.224,-3.274,-0.026,-0.374,0.124
110.500000,5525,-0.04460,2.40063,0.63936,1.69071,0.50623,0.45435,-0.37233,-0.04076,2.39155,0.63903,1.68902,0.50740,0.45800,-0.37709,-0.02778,2.42127,0.61886,1.70322,0.50300,0.48805,-0.39611,2.608,1.552,1.278,-3.219,-0.016,-0.355,0.130
110.600000,5530,-0.04117,2.37813,0.63402,1.68804,0.50699,0.45206,-0.36546,-0.03597,2.36996,0.63170,1.68566,0.50893,0.45597,-0.36983,-0.02304,2.39944,0.61199,1.69981,0.50472,0.48586,-0.38920,2.608,1.704,1.328,-3.149,-0.011,-0.333,0.133
110.700000,5535,-0.03621,2.35638,0.62601,1.68651,0.51309,0.45168,-0.35821,-0.03134,2.34820,0.62515,1.68170,0.51133,0.45387,-0.36306,-0.01821,2.37790,0.60526,1.69590,0.50666,0.48414,-0.38218,2.584,1.855,1.382,-3.152,0.016,-0.310,0.150
110.800000,5540,-0.02820,2.33617,0.62067,1.67812,0.52072,0.45015,-0.35020,-0.02708,2.32712,0.61876,1.67558,0.51408,0.45250,-0.35530,-0.01397,2.35695,0.59890,1.68980,0.50917,0.48292,-0.37425,2.555,2.005,1.437,-3.139,0.045,-0.286,0.169
110.900000,5545,-0.02668,2.31595,0.61609,1.66935,0.52225,0.44977,-0.33952,-0.02313,2.30659,0.61263,1.66807,0.51730,0.45166,-0.34734,-0.01004,2.33654,0.59281,1.68229,0.51206,0.48216,-0.36577,2.542,2.154,1.488,-3.093,0.061,-0.260,0.181
111.000000,5550,-0.02477,2.29649,0.61418,1.66095,0.52492,0.45015,-0.33418,-0.01928,2.28656,0.60655,1.65963,0.52045,0.45133,-0.33872,-0.00624,2.31663,0.58696,1.67388,0.51522,0.48191,-0.35700,2.530,2.302,1.539,-3.041,0.075,-0.232,0.192
111.100000,5555,-0.01943,2.27551,0.60732,1.65294,0.52759,0.45053,-0.32426,-0.01571,2.26729,0.60082,1.65035,0.52400,0.45150,-0.32955,-0.00255,2.29722,0.58131,1.66464,0.51861,0.48214,-0.34796,2.519,2.448,1.588,-2.985,0.087,-0.205,0.204
111.200000,5560,-0.01371,2.25834,0.60121,1.64302,0.52873,0.45129,-0.31320,-0.01214,2.24833,0.59532,1.64022,0.52785,0.45206,-0.32045,0.00098,2.27838,0.57589,1.65454,0.52223,0.48287,-0.33863,2.507,2.592,1.636,-2.927,0.099,-0.179,0.215
111.300000,5565,-0.01180,2.23965,0.59435,1.63234,0.53255,0.45282,-0.30595,-0.00878,2.22989,0.59012,1.62921,0.53192,0.45309,-0.31105,0.00436,2.26009,0.57070,1.64361,0.52606,0.48406,-0.32903,2.494,2.735,1.683,-2.866,0.109,-0.154,0.226
111.400000,5570,-0.01065,2.22325,0.59168,1.61975,0.54056,0.45358,-0.29260,-0.00558,2.21193,0.58522,1.61726,0.53638,0.45419,-0.30133,0.00755,2.24241,0.56573,1.63183,0.53009,0.48572,-0.31914,2.481,2.875,1.728,-2.803,0.119,-0.130,0.238
111.500000,5575,-0.00836,2.20570,0.58786,1.60640,0.54895,0.45625,-0.28383,-0.00258,2.19477,0.58058,1.60460,0.54109,0.45632,-0.29117,0.01054,2.22534,0.56098,1.61919,0.53431,0.48783,-0.30896,2.467,3.014,1.772,-2.739,0.128,-0.108,0.249
111.600000,5580,-0.00569,2.18815,0.58214,1.59267,0.55162,0.46159,-0.27543,0.00032,2.17840,0.57568,1.59129,0.54535,0.45912,-0.28141,0.01329,2.20892,0.55645,1.60571,0.53870,0.49038,-0.29849,2.452,3.152,1.814,-2.673,0.137,-0.089,0.261
111.700000,5585,0.00079,2.17404,0.58138,1.57817,0.55429,0.46503,-0.26437,0.00284,2.16275,0.57117,1.57683,0.55013,0.46192,-0.27042,0.01577,2.19318,0.55215,1.59138,0.54326,0.49337,-0.28770,2.436,3.288,1.855,-2.606,0.145,-0.071,0.272
111.800000,5590,0.00270,2.15954,0.57566,1.56291,0.55658,0.46922,-0.25255,0.00514,2.14773,0.56710,1.56155,0.55515,0.46521,-0.25924,0.01797,2.17813,0.54806,1.57620,0.54798,0.49676,-0.27661,2.418,3.422,1.894,-2.539,0.152,-0.056,0.283
111.900000,5595,0.00346,2.14390,0.57299,1.54651,0.56230,0.47304,-0.23805,0.00710,2.13319,0.56328,1.54544,0.56042,0.46867,-0.24810,0.01984,2.16381,0.54420,1.56015,0.55285,0.50055,-0.26519,2.399,3.555,1.932,-2.470,0.160,-0.042,0.295
112.000000,5600,0.00537,2.13360,0.56879,1.53011,0.57413,0.47647,-0.23042,0.00856,2.11936,0.55979,1.52833,0.56608,0.47239,-0.23642,0.02136,2.15024,0.54055,1.54326,0.55787,0.50472,-0.25343,2.377,3.687,1.967,-2.401,0.167,-0.030,0.306
112.100000,5605,0.00575,2.11911,0.56536,1.51180,0.57718,0.47991,-0.21592,0.00996,2.10667,0.55630,1.51061,0.57163,0.47707,-0.22442,0.02249,2.13743,0.53710,1.52551,0.56303,0.50925,-0.24133,2.353,3.818,2.001,-2.332,0.174,-0.019,0.317
112.200000,5610,0.00804,2.10575,0.56078,1.49349,0.58100,0.48410,-0.20448,0.01069,2.09446,0.55316,1.49187,0.57742,0.48163,-0.21234,0.02319,2.12544,0.53387,1.50689,0.56833,0.51412,-0.22886,2.327,3.947,2.032,-2.263,0.181,-0.010,0.328
112.300000,5615,0.00804,2.09545,0.56002,1.47441,0.58519,0.49135,-0.19265,0.01109,2.08339,0.55002,1.47227,0.58323,0.48678,-0.19914,0.02343,2.11425,0.53083,1.48742,0.57378,0.51932,-0.21602,2.300,4.076,2.061,-2.194,0.188,-0.002,0.339
112.400000,5620,0.00804,2.08782,0.55582,1.45381,0.59664,0.49745,-0.17816,0.01095,2.07283,0.54731,1.45187,0.58930,0.49202,-0.18626,0.02319,2.10387,0.52797,1.46708,0.57937,0.52482,-0.20279,2.270,4.205,2.088,-2.126,0.195,0.006,0.350
112.500000,5625,0.00804,2.07524,0.55429,1.43245,0.60312,0.50203,-0.16252,0.01038,2.06323,0.54475,1.43051,0.59578,0.49760,-0.17252,0.02241,2.09434,0.52530,1.44585,0.58512,0.53062,-0.18915,2.240,4.333,2.113,-2.058,0.202,0.013,0.361
112.600000,5630,0.00804,2.06684,0.55200,1.41071,0.60579,0.50585,-0.15222,0.00923,2.05451,0.54222,1.40830,0.60221,0.50360,-0.15846,0.02104,2.08568,0.52280,1.42373,0.59103,0.53670,-0.17506,2.209,4.462,2.135,-1.991,0.209,0.019,0.372
112.700000,5635,0.00766,2.05769,0.54895,1.38820,0.61113,0.51348,-0.13429,0.00743,2.04674,0.53982,1.38520,0.60857,0.50977,-0.14403,0.01907,2.07788,0.52045,1.40070,0.59712,0.54307,-0.16052,2.179,4.592,2.153,-1.924,0.217,0.025,0.383
112.800000,5640,0.00766,2.05578,0.54895,1.36455,0.62296,0.52149,-0.12246,0.00484,2.03945,0.53786,1.36099,0.61554,0.51591,-0.12926,0.01644,2.07095,0.51825,1.37673,0.60340,0.54971,-0.14548,2.152,4.724,2.169,-1.859,0.224,0.030,0.393
112.900000,5645,0.00728,2.05273,0.54895,1.34013,0.62906,0.52645,-0.10339,0.00175,2.03348,0.53589,1.33591,0.62272,0.52287,-0.11361,0.01310,2.06489,0.51619,1.35177,0.60989,0.55663,-0.12991,2.127,4.859,2.181,-1.795,0.232,0.036,0.404
113.000000,5650,0.00194,2.04281,0.54590,1.31457,0.63364,0.53331,-0.08966,-0.00199,2.02847,0.53373,1.30989,0.62979,0.53018,-0.09736,0.00899,2.05973,0.51424,1.32577,0.61662,0.56384,-0.11377,2.107,4.998,2.190,-1.733,0.240,0.042,0.415
113.100000,5655,-0.00035,2.03900,0.54209,1.28673,0.64165,0.54132,-0.07402,-0.00678,2.02390,0.53199,1.28260,0.63746,0.53727,-0.08095,0.00407,2.05545,0.51240,1.29865,0.62361,0.57137,-0.09698,2.090,5.144,2.195,-1.672,0.249,0.047,0.426
113.200000,5660,-0.00379,2.03900,0.54209,1.25926,0.65310,0.54933,-0.05418,-0.01256,2.02057,0.53051,1.25411,0.64545,0.54487,-0.06367,-0.00188,2.05221,0.51071,1.27034,0.63092,0.57917,-0.07952,2.072,5.320,2.207,-1.613,0.258,0.050,0.436
113.300000,5665,-0.01485,2.03785,0.53903,1.23027,0.65844,0.55582,-0.03930,-0.01990,2.01921,0.52910,1.22446,0.65343,0.55253,-0.04589,-0.00960,2.05088,0.50947,1.24074,0.63863,0.58684,-0.06139,2.065,5.522,2.220,-1.560,0.267,0.052,0.446
113.400000,5670,-0.02095,2.03633,0.53675,1.19822,0.66492,0.56345,-0.01946,-0.02787,2.01804,0.52780,1.19338,0.66206,0.56084,-0.02713,-0.01779,2.04972,0.50802,1.20977,0.64665,0.59527,-0.04239,2.080,5.587,2.175,-1.507,0.274,0.066,0.457
113.500000,5675,-0.03163,2.03327,0.53598,1.16694,0.67865,0.57413,0.00266,-0.03626,2.01704,0.52605,1.16089,0.67073,0.57006,-0.00756,-0.02650,2.04880,0.50636,1.17739,0.65499,0.60454,-0.02247,2.079,5.775,2.168,-1.453,0.283,0.071,0.468
113.600000,5680,-0.03698,2.03022,0.53446,1.13147,0.68514,0.58329,0.02326,-0.04448,2.01885,0.52355,1.12836,0.68035,0.57899,0.01312,-0.03494,2.05059,0.50293,1.14494,0.66288,0.61350,-0.00130,2.135,6.186,1.955,-1.401,0.252,0.045,0.481
113.700000,5685,-0.04422,2.03442,0.51576,1.10667,0.68590,0.58405,0.04691,-0.04670,2.03589,0.51217,1.10316,0.68710,0.58214,0.03602,-0.03755,2.06781,0.48904,1.11975,0.66608,0.61646,0.02296,2.363,6.268,1.878,-1.413,0.071,-0.220,0.486
113.800000,5690,-0.04499,2.05845,0.49249,1.08454,0.68590,0.58023,0.07095,-0.04742,2.06017,0.49528,1.08042,0.69103,0.58155,0.06121,-0.03836,2.09255,0.47045,1.09734,0.66741,0.61648,0.04906,2.339,6.242,1.834,-1.475,0.074,-0.236,0.482
113.900000,5695,-0.04499,2.08668,0.47418,1.06242,0.68895,0.57871,0.09612,-0.04867,2.08513,0.47693,1.05696,0.69374,0.58110,0.08829,-0.03982,2.11764,0.45139,1.07430,0.66897,0.61648,0.07601,2.305,6.212,1.786,-1.539,0.084,-0.238,0.478
114.000000,5700,-0.04499,2.11224,0.45282,1.03724,0.69353,0.57718,0.12283,-0.05045,2.11029,0.45771,1.03324,0.69615,0.58094,0.11595,-0.04195,2.14277,0.43209,1.05079,0.67075,0.61648,0.10352,2.274,6.179,1.735,-1.603,0.092,-0.240,0.473
114.100000,5705,-0.04575,2.13589,0.43413,1.01321,0.70116,0.57756,0.14877,-0.05283,2.13521,0.43845,1.00920,0.69868,0.58075,0.14441,-0.04477,2.16763,0.41274,1.02704,0.67272,0.61648,0.13129,2.250,6.144,1.680,-1.665,0.098,-0.242,0.467
114.200000,5710,-0.04880,2.16221,0.41467,0.98841,0.70459,0.57718,0.18043,-0.05571,2.15989,0.41917,0.98522,0.70128,0.58072,0.17364,-0.04822,2.19195,0.39355,1.00325,0.67482,0.61648,0.15904,2.232,6.106,1.623,-1.727,0.102,-0.243,0.461
114.300000,5715,-0.05071,2.18625,0.39560,0.96476,0.70536,0.57718,0.20713,-0.05875,2.18379,0.40011,0.96209,0.70339,0.58068,0.20295,-0.05201,2.21530,0.37492,0.98032,0.67687,0.61633,0.18593,2.283,6.059,1.566,-1.775,0.036,-0.315,0.445
114.400000,5720,-0.05300,2.20570,0.38416,0.95713,0.70002,0.56993,0.22201,-0.05325,2.20000,0.38826,0.96452,0.69892,0.57609,0.21729,-0.04846,2.22966,0.36539,0.98319,0.67327,0.61076,0.19192,2.738,5.893,1.766,-1.144,-0.330,-0.556,-0.230
114.500000,5725,-0.04308,2.21180,0.38644,1.00024,0.68132,0.55391,0.19302,-0.03794,2.20499,0.38597,0.99793,0.68721,0.56575,0.20489,-0.03523,2.23245,0.36569,1.01632,0.66315,0.59946,0.17376,2.731,5.645,1.943,-1.176,-0.347,-0.562,-0.256
114.600000,5730,-0.02820,2.21333,0.38644,1.03686,0.67064,0.54514,0.17471,-0.02462,2.20757,0.38604,1.03177,0.67618,0.55524,0.18651,-0.02202,2.23458,0.36618,1.04978,0.65299,0.58873,0.15519,2.706,5.519,1.949,-1.226,-0.349,-0.558,-0.263
114.700000,5735,-0.01409,2.21371,0.38644,1.06852,0.65500,0.53484,0.15830,-0.01251,2.20954,0.38654,1.06395,0.66608,0.54504,0.16870,-0.00944,2.23673,0.36652,1.08201,0.64312,0.57882,0.13738,2.676,5.473,2.002,-1.277,-0.353,-0.556,-0.271
114.800000,5740,-0.00531,2.21409,0.38644,1.09828,0.64890,0.52416,0.14114,-0.00190,2.21297,0.38763,1.09494,0.65567,0.53544,0.15092,0.00139,2.24052,0.36754,1.11290,0.63335,0.56922,0.12009,2.649,5.405,2.046,-1.332,-0.356,-0.553,-0.280
114.900000,5745,0.00575,2.21486,0.38644,1.12765,0.63822,0.51805,0.12244,0.00741,2.21736,0.38888,1.12460,0.64563,0.52642,0.13382,0.01107,2.24515,0.36882,1.14248,0.62379,0.56015,0.10345,2.624,5.308,2.069,-1.390,-0.359,-0.549,-0.288
115.000000,5750,0.01185,2.22516,0.38644,1.15626,0.62792,0.50813,0.10680,0.01557,2.22218,0.39093,1.15276,0.63635,0.51745,0.11736,0.01974,2.25049,0.37031,1.17078,0.61445,0.55163,0.08747,2.599,5.205,2.087,-1.448,-0.361,-0.545,-0.296
115.100000,5755,0.02177,2.23317,0.38835,1.18220,0.62143,0.50051,0.09116,0.02279,2.22789,0.39303,1.17979,0.62691,0.50930,0.10190,0.02748,2.25654,0.37202,1.19787,0.60533,0.54363,0.07212,2.573,5.098,2.101,-1.508,-0.363,-0.539,-0.305
115.200000,5760,0.02482,2.23927,0.38911,1.20700,0.61113,0.49478,0.07667,0.02958,2.23460,0.39473,1.20587,0.61733,0.50213,0.08672,0.03432,2.26330,0.37394,1.22380,0.59641,0.53611,0.05735,2.546,4.987,2.110,-1.569,-0.365,-0.533,-0.313
115.300000,5765,0.03207,2.24499,0.39293,1.23141,0.60007,0.48944,0.06217,0.03516,2.24189,0.39709,1.23068,0.60823,0.49477,0.07231,0.04035,2.27076,0.37610,1.24863,0.58766,0.52906,0.04313,2.517,4.873,2.116,-1.631,-0.367,-0.526,-0.322
115.400000,5770,0.03856,2.24766,0.39522,1.25392,0.59549,0.47952,0.04882,0.04000,2.24975,0.39978,1.25431,0.59949,0.48789,0.05862,0.04560,2.27893,0.37848,1.27241,0.57909,0.52245,0.02944,2.487,4.755,2.118,-1.693,-0.370,-0.518,-0.331
115.500000,5775,0.03970,2.25644,0.39713,1.27566,0.58329,0.47571,0.03623,0.04436,2.25829,0.40247,1.27722,0.59065,0.48194,0.04466,0.05012,2.28780,0.38109,1.29517,0.57068,0.51628,0.01625,2.454,4.635,2.116,-1.756,-0.372,-0.509,-0.340
115.600000,5780,0.04504,2.26674,0.40285,1.29817,0.57337,0.47075,0.02097,0.04781,2.26766,0.40542,1.29894,0.58185,0.47592,0.03164,0.05397,2.29736,0.38395,1.31694,0.56242,0.51053,0.00353,2.421,4.512,2.110,-1.819,-0.373,-0.499,-0.348
115.700000,5785,0.05000,2.27818,0.40514,1.31801,0.56955,0.46541,0.00876,0.05065,2.27776,0.40863,1.31972,0.57331,0.47056,0.01933,0.05718,2.30759,0.38704,1.33775,0.55430,0.50520,-0.00872,2.387,4.387,2.101,-1.883,-0.375,-0.487,-0.357
115.800000,5790,0.05267,2.28772,0.40819,1.33746,0.55887,0.46198,-0.00230,0.05313,2.28840,0.41223,1.33958,0.56524,0.46555,0.00714,0.05980,2.31849,0.39037,1.35761,0.54633,0.50029,-0.02053,2.351,4.260,2.088,-1.947,-0.377,-0.474,-0.366
115.900000,5795,0.05267,2.29687,0.41010,1.35692,0.54972,0.45740,-0.01260,0.05494,2.29996,0.41571,1.35851,0.55660,0.46102,-0.00436,0.06185,2.33007,0.39395,1.37653,0.53850,0.49581,-0.03190,2.316,4.132,2.072,-2.011,-0.379,-0.458,-0.374
116.000000,5800,0.05267,2.30794,0.41467,1.37447,0.54552,0.45244,-0.02442,0.05614,2.31176,0.41991,1.37644,0.54881,0.45673,-0.01587,0.06338,2.34229,0.39777,1.39452,0.53080,0.49175,-0.04285,2.282,4.001,2.052,-2.074,-0.380,-0.442,-0.383
116.100000,5805,0.05343,2.31976,0.41887,1.39201,0.53789,0.44977,-0.03587,0.05698,2.32454,0.42388,1.39353,0.54063,0.45322,-0.02643,0.06444,2.35512,0.40182,1.41161,0.52325,0.48811,-0.05338,2.250,3.869,2.030,-2.138,-0.381,-0.422,-0.391
116.200000,5810,0.05534,2.33121,0.42307,1.40727,0.52568,0.44824,-0.04884,0.05744,2.33807,0.42809,1.40979,0.53261,0.45014,-0.03669,0.06504,2.36858,0.40611,1.42778,0.51584,0.48492,-0.06350,2.220,3.735,2.004,-2.201,-0.383,-0.401,-0.399
116.300000,5815,0.05534,2.34647,0.42726,1.42177,0.51996,0.44595,-0.05723,0.05733,2.35170,0.43302,1.42492,0.52527,0.44698,-0.04676,0.06524,2.38260,0.41063,1.44306,0.50857,0.48216,-0.07322,2.192,3.600,1.975,-2.264,-0.384,-0.378,-0.407
116.400000,5820,0.05496,2.36096,0.43298,1.43626,0.51538,0.44443,-0.06486,0.05695,2.36617,0.43775,1.43930,0.51768,0.44460,-0.05634,0.06505,2.39721,0.41539,1.45744,0.50145,0.47984,-0.08254,2.167,3.463,1.943,-2.326,-0.384,-0.352,-0.414
116.500000,5825,0.05534,2.37584,0.43909,1.44923,0.50470,0.44290,-0.07592,0.05623,2.38109,0.44300,1.45274,0.51061,0.44267,-0.06552,0.06451,2.41236,0.42038,1.47095,0.49449,0.47798,-0.09147,2.145,3.324,1.908,-2.387,-0.385,-0.324,-0.421
116.600000,5830,0.05496,2.38919,0.44367,1.46182,0.49707,0.44252,-0.08355,0.05523,2.39679,0.44817,1.46537,0.50312,0.44121,-0.07404,0.06365,2.42804,0.42559,1.48357,0.48770,0.47656,-0.10001,2.126,3.184,1.871,-2.448,-0.385,-0.294,-0.427
116.700000,5835,0.05496,2.40369,0.44977,1.47365,0.49288,0.44214,-0.09156,0.05381,2.41280,0.45372,1.47701,0.49607,0.44013,-0.08250,0.06249,2.44423,0.43102,1.49530,0.48107,0.47560,-0.10815,2.109,3.043,1.831,-2.509,-0.385,-0.263,-0.433
116.800000,5840,0.05496,2.42009,0.45511,1.48319,0.48868,0.44252,-0.10224,0.05225,2.42946,0.45930,1.48790,0.48894,0.43976,-0.09033,0.06107,2.46088,0.43665,1.50617,0.47462,0.47510,-0.11592,2.096,2.900,1.789,-2.568,-0.385,-0.231,-0.439
116.900000,5845,0.05496,2.43688,0.46083,1.49425,0.47609,0.44252,-0.10835,0.05053,2.44646,0.46501,1.49791,0.48228,0.43975,-0.09801,0.05941,2.47798,0.44249,1.51619,0.46836,0.47504,-0.12330,2.084,2.756,1.745,-2.628,-0.385,-0.198,-0.443
117.000000,5850,0.05420,2.45595,0.46617,1.50264,0.47037,0.44328,-0.11369,0.04845,2.46375,0.47124,1.50689,0.47579,0.43980,-0.10519,0.05751,2.49553,0.44854,1.52530,0.46230,0.47547,-0.13029,2.074,2.610,1.699,-2.687,-0.383,-0.164,-0.447
117.100000,5855,0.05153,2.47083,0.47266,1.51065,0.46694,0.44481,-0.12056,0.04630,2.48180,0.47721,1.51521,0.46889,0.44089,-0.11188,0.05542,2.51348,0.45478,1.53356,0.45644,0.47634,-0.13690,2.067,2.462,1.650,-2.747,-0.382,-0.133,-0.450
117.200000,5860,0.05153,2.48837,0.47838,1.51676,0.46274,0.44672,-0.12819,0.04389,2.50000,0.48362,1.52258,0.46289,0.44211,-0.11828,0.05315,2.53180,0.46120,1.54097,0.45080,0.47767,-0.14314,2.062,2.314,1.600,-2.808,-0.380,-0.101,-0.452
117.300000,5865,0.04924,2.50859,0.48563,1.52515,0.45129,0.44824,-0.13276,0.04135,2.51845,0.49042,1.52900,0.45738,0.44384,-0.12446,0.05071,2.55048,0.46781,1.54753,0.44538,0.47944,-0.14898,2.058,2.164,1.549,-2.871,-0.378,-0.070,-0.452
117.400000,5870,0.04886,2.52728,0.49364,1.52744,0.44481,0.45053,-0.13658,0.03864,2.53738,0.49731,1.53460,0.45178,0.44581,-0.13004,0.04811,2.56952,0.47459,1.55320,0.44020,0.48168,-0.15444,2.056,2.013,1.495,-2.936,-0.375,-0.041,-0.452
117.500000,5875,0.04313,2.54636,0.50012,1.53278,0.44328,0.45320,-0.14154,0.03590,2.55654,0.50431,1.53929,0.44638,0.44846,-0.13519,0.04538,2.58887,0.48155,1.55803,0.43526,0.48436,-0.15952,2.055,1.860,1.441,-3.004,-0.372,-0.015,-0.451
117.600000,5880,0.03779,2.56467,0.50623,1.53850,0.44061,0.45549,-0.14764,0.03289,2.57616,0.51157,1.54320,0.44140,0.45141,-0.13983,0.04251,2.60853,0.48867,1.56202,0.43058,0.48746,-0.16424,2.055,1.706,1.385,-3.077,-0.367,0.010,-0.447
117.700000,5885,0.03703,2.58451,0.51500,1.53850,0.43718,0.46083,-0.15451,0.02982,2.59607,0.51884,1.54632,0.43651,0.45494,-0.14446,0.03953,2.62848,0.49595,1.56514,0.42615,0.49101,-0.16856,2.056,1.550,1.327,-3.156,-0.362,0.033,-0.443
117.800000,5890,0.03245,2.60396,0.52110,1.54041,0.43222,0.46770,-0.15794,0.02672,2.61622,0.52617,1.54853,0.43177,0.45901,-0.14871,0.03643,2.64870,0.50338,1.56737,0.42201,0.49499,-0.17250,2.057,1.393,1.269,-3.243,-0.355,0.055,-0.436
117.900000,5895,0.03207,2.62342,0.52912,1.54117,0.42192,0.47189,-0.15870,0.02328,2.63658,0.53381,1.54932,0.42781,0.46322,-0.15203,0.03304,2.66909,0.51096,1.56828,0.41827,0.49937,-0.17588,2.046,1.237,1.211,-3.388,-0.338,0.074,-0.411
118.000000,5900,0.02406,2.64440,0.53713,1.54117,0.42001,0.47571,-0.15908,0.01931,2.65674,0.54166,1.54814,0.42442,0.46772,-0.15484,0.02914,2.68953,0.51866,1.56724,0.41511,0.50417,-0.17842,2.044,1.081,1.152,-3.519,-0.319,0.092,-0.384
118.100000,5905,0.01872,2.66347,0.54209,1.54117,0.41887,0.48029,-0.16175,0.01530,2.67732,0.54955,1.54620,0.42113,0.47288,-0.15701,0.02518,2.71011,0.52646,1.56539,0.41224,0.50935,-0.18062,2.067,0.925,1.092,-3.547,-0.320,0.107,-0.391
118.200000,5910,0.01796,2.68369,0.55124,1.54117,0.41734,0.48677,-0.16252,0.01175,2.69816,0.55729,1.54469,0.41775,0.47839,-0.15936,0.02161,2.73096,0.53433,1.56394,0.40935,0.51486,-0.18298,2.090,0.765,1.031,-3.563,-0.323,0.122,-0.403
118.300000,5915,0.01529,2.70582,0.55887,1.54079,0.41505,0.49478,-0.16595,0.00841,2.71924,0.56511,1.54292,0.41443,0.48432,-0.16156,0.01818,2.75197,0.54226,1.56219,0.40662,0.52071,-0.18521,2.098,0.603,0.969,-3.632,-0.314,0.136,-0.393
118.400000,5920,0.00995,2.72756,0.56612,1.54003,0.41467,0.49898,-0.16595,0.00496,2.74011,0.57317,1.54021,0.41186,0.49031,-0.16369,0.01469,2.77304,0.55026,1.55960,0.40421,0.52689,-0.18710,2.104,0.441,0.907,-3.699,-0.302,0.148,-0.380
118.500000,5925,0.00499,2.74701,0.57413,1.53736,0.41429,0.50432,-0.16671,0.00145,2.76126,0.58117,1.53673,0.40938,0.49678,-0.16517,0.01111,2.79418,0.55831,1.55619,0.40210,0.53337,-0.18865,2.110,0.278,0.845,-3.759,-0.289,0.160,-0.367
118.600000,5930,0.00194,2.76876,0.58290,1.53430,0.41162,0.51195,-0.16977,-0.00222,2.78249,0.58932,1.53241,0.40725,0.50358,-0.16637,0.00745,2.81537,0.56641,1.55191,0.40033,0.54017,-0.18985,2.117,0.115,0.783,-3.810,-0.275,0.172,-0.353
118.700000,5935,0.00155,2.78936,0.59091,1.52858,0.41086,0.52072,-0.16977,-0.00591,2.80375,0.59749,1.52720,0.40559,0.51060,-0.16726,0.00370,2.83666,0.57456,1.54681,0.39886,0.54727,-0.19075,2.124,-0.048,0.721,-3.853,-0.261,0.183,-0.339
118.800000,5940,-0.00302,2.81072,0.59893,1.52172,0.40743,0.52683,-0.16977,-0.00961,2.82505,0.60582,1.52109,0.40439,0.51795,-0.16803,-0.00015,2.85810,0.58279,1.54080,0.39770,0.55470,-0.19134,2.131,-0.213,0.659,-3.890,-0.247,0.194,-0.326
118.900000,5945,-0.01065,2.83132,0.60770,1.51294,0.40475,0.53255,-0.17015,-0.01346,2.84672,0.61401,1.51408,0.40309,0.52577,-0.16838,-0.00414,2.87980,0.59112,1.53390,0.39685,0.56247,-0.19164,2.137,-0.379,0.598,-3.923,-0.233,0.205,-0.312
119.000000,5950,-0.01218,2.85383,0.61533,1.50607,0.40323,0.54361,-0.16977,-0.01773,2.86871,0.62257,1.50606,0.40225,0.53373,-0.16869,-0.00830,2.90189,0.59959,1.52595,0.39633,0.57066,-0.19162,2.142,-0.548,0.536,-3.951,-0.216,0.216,-0.296
119.100000,5955,-0.01561,2.87557,0.62410,1.49654,0.40018,0.55162,-0.16977,-0.02212,2.89115,0.63127,1.49636,0.40216,0.54225,-0.16816,-0.01285,2.92443,0.60822,1.51642,0.39624,0.57930,-0.19114,2.139,-0.720,0.474,-3.980,-0.185,0.226,-0.260
119.200000,5960,-0.02248,2.89732,0.63250,1.48471,0.40018,0.55887,-0.16938,-0.02721,2.91417,0.64030,1.48458,0.40266,0.55130,-0.16725,-0.01798,2.94752,0.61703,1.50477,0.39670,0.58847,-0.19004,2.145,-0.894,0.413,-3.999,-0.166,0.237,-0.242
119.300000,5965,-0.02935,2.92020,0.64241,1.47174,0.40018,0.57032,-0.16938,-0.03235,2.93885,0.64976,1.47206,0.40315,0.56132,-0.16672,-0.02319,2.97227,0.62639,1.49226,0.39734,0.59853,-0.18891,2.162,-1.081,0.350,-4.012,-0.161,0.250,-0.248
119.400000,5970,-0.03163,2.94691,0.65157,1.45725,0.40094,0.58176,-0.16938,-0.03742,2.96498,0.65955,1.45818,0.40490,0.57208,-0.16549,-0.02833,2.99835,0.63584,1.47838,0.39870,0.60927,-0.18737,2.204,-1.282,0.259,-4.030,-0.028,0.252,-0.169
119.500000,5975,-0.03431,2.97285,0.65577,1.43970,0.41925,0.58634,-0.16137,-0.03990,2.98514,0.66214,1.43953,0.41441,0.57840,-0.16053,-0.03038,3.01874,0.63758,1.45975,0.40771,0.61575,-0.18115,2.466,-1.445,-0.322,-4.057,0.115,0.082,-0.013
119.600000,5980,-0.03354,2.98467,0.64737,1.41185,0.44176,0.58138,-0.14917,-0.03832,2.99674,0.65453,1.41354,0.43450,0.57846,-0.14850,-0.02833,3.03024,0.62946,1.43377,0.42708,0.61536,-0.16802,2.605,-1.505,-0.427,-4.061,0.128,-0.174,0.005
119.700000,5985,-0.03316,2.99268,0.63364,1.38286,0.46579,0.57680,-0.13047,-0.03539,3.00750,0.64516,1.38534,0.45704,0.57663,-0.13411,-0.02546,3.04101,0.62004,1.40582,0.44855,0.61368,-0.15346,2.563,-1.535,-0.472,-4.052,0.132,-0.124,0.009
119.800000,5990,-0.03316,3.00337,0.62220,1.35387,0.48486,0.57680,-0.11560,-0.03319,3.01848,0.63488,1.35661,0.48021,0.57638,-0.11994,-0.02360,3.05213,0.60975,1.37724,0.47015,0.61347,-0.13881,2.507,-1.567,-0.513,-4.040,0.133,-0.051,0.013
119.900000,5995,-0.03316,3.01481,0.61380,1.32564,0.50852,0.57794,-0.10224,-0.03192,3.02974,0.62417,1.32818,0.50285,0.57763,-0.10501,-0.02276,3.06320,0.59896,1.34893,0.49118,0.61467,-0.12453,2.439,-1.599,-0.552,-4.024,0.133,0.031,0.015
120.000000,6000,-0.03316,3.02625,0.60083,1.29779,0.52950,0.58062,-0.08851,-0.03082,3.04062,0.61365,1.30128,0.52408,0.57949,-0.09041,-0.02220,3.07355,0.58841,1.32197,0.51111,0.61611,-0.11092,2.494,-1.650,-0.583,-4.002,0.129,-0.090,0.017
120.100000,6005,-0.03011,3.03160,0.59244,1.28139,0.54705,0.57451,-0.07669,-0.02729,3.04033,0.60337,1.28727,0.53828,0.57675,-0.07608,-0.01973,3.07195,0.57818,1.30774,0.52296,0.61257,-0.10013,2.609,-2.215,-0.589,-3.696,-0.005,-0.380,-0.014
120.200000,6010,-0.02553,3.02244,0.58100,1.28787,0.54285,0.56078,-0.07020,-0.02034,3.02212,0.59260,1.29667,0.53857,0.56837,-0.06783,-0.01446,3.05163,0.56775,1.31639,0.52124,0.60258,-0.09528,2.646,-2.055,-0.529,-3.295,-0.422,-0.412,-0.130
120.300000,6015,-0.01866,2.99955,0.57146,1.30542,0.52645,0.54933,-0.06677,-0.01340,3.00079,0.58187,1.31125,0.53356,0.55850,-0.06418,-0.00832,3.02909,0.55808,1.33041,0.51684,0.59201,-0.09273,2.625,-1.864,-0.463,-3.291,-0.407,-0.411,-0.154
120.400000,6020,-0.00875,2.97895,0.56192,1.31763,0.52339,0.54285,-0.06372,-0.00791,2.97947,0.57226,1.32352,0.52929,0.54857,-0.06173,-0.00271,3.00784,0.54885,1.34260,0.51300,0.58240,-0.09013,2.588,-1.686,-0.402,-3.293,-0.381,-0.408,-0.130
120.500000,6025,-0.00836,2.95912,0.55315,1.32831,0.52110,0.53140,-0.06028,-0.00329,2.95839,0.56318,1.33328,0.52606,0.53949,-0.05908,0.00211,2.98717,0.53974,1.35236,0.50972,0.57356,-0.08700,2.556,-1.512,-0.341,-3.296,-0.356,-0.407,-0.111
120.600000,6030,-0.00569,2.93966,0.54628,1.33632,0.52072,0.52378,-0.05685,0.00086,2.93833,0.55425,1.34162,0.52306,0.53122,-0.05589,0.00650,2.96717,0.53085,1.36067,0.50687,0.56534,-0.08369,2.534,-1.342,-0.281,-3.296,-0.335,-0.405,-0.102
120.700000,6035,0.00308,2.91982,0.53636,1.34395,0.51996,0.51805,-0.05532,0.00452,2.91862,0.54560,1.34881,0.52066,0.52330,-0.05268,0.01062,2.94764,0.52211,1.36788,0.50436,0.55762,-0.08023,2.514,-1.176,-0.221,-3.297,-0.316,-0.404,-0.092
120.800000,6040,0.00575,2.90189,0.52912,1.34853,0.51958,0.51004,-0.05189,0.00843,2.89934,0.53680,1.35513,0.51842,0.51599,-0.04908,0.01454,2.92840,0.51347,1.37417,0.50215,0.55030,-0.07662,2.499,-1.013,-0.162,-3.295,-0.299,-0.403,-0.085
120.900000,6045,0.00842,2.88244,0.52072,1.35577,0.51729,0.50203,-0.04846,0.01234,2.88036,0.52821,1.36127,0.51636,0.50891,-0.04579,0.01856,2.90957,0.50500,1.38029,0.50012,0.54333,-0.07317,2.497,-0.852,-0.102,-3.274,-0.290,-0.403,-0.097
121.000000,6050,0.01376,2.86451,0.51233,1.36150,0.51653,0.49555,-0.04693,0.01634,2.86189,0.51998,1.36760,0.51444,0.50217,-0.04284,0.02283,2.89121,0.49672,1.38662,0.49820,0.53666,-0.07003,2.484,-0.698,-0.045,-3.263,-0.278,-0.401,-0.095
121.100000,6055,0.01948,2.84658,0.50546,1.36684,0.51615,0.49326,-0.04426,0.02021,2.84354,0.51165,1.37304,0.51272,0.49583,-0.03963,0.02687,2.87289,0.48844,1.39195,0.49655,0.53032,-0.06658,2.453,-0.544,0.010,-3.290,-0.253,-0.399,-0.064
121.200000,6060,0.01986,2.82979,0.49783,1.37027,0.51309,0.48601,-0.03701,0.02362,2.82486,0.50319,1.37656,0.51157,0.48990,-0.03593,0.03035,2.85434,0.48004,1.39539,0.49532,0.52440,-0.06236,2.424,-0.387,0.067,-3.333,-0.228,-0.395,-0.038
121.300000,6065,0.02292,2.81072,0.49021,1.37027,0.51271,0.47838,-0.03282,0.02658,2.80635,0.49485,1.37873,0.51083,0.48417,-0.03111,0.03354,2.83583,0.47166,1.39764,0.49440,0.51885,-0.05772,2.407,-0.228,0.126,-3.359,-0.208,-0.390,-0.024
121.400000,6070,0.02482,2.79203,0.48296,1.37180,0.51271,0.47380,-0.02557,0.02952,2.78795,0.48628,1.38018,0.50997,0.47899,-0.02646,0.03654,2.81750,0.46336,1.39901,0.49373,0.51369,-0.05280,2.391,-0.070,0.186,-3.383,-0.190,-0.385,-0.011
121.500000,6075,0.02482,2.77486,0.47571,1.37332,0.51271,0.47037,-0.02137,0.03217,2.76961,0.47812,1.38066,0.50957,0.47413,-0.02160,0.03937,2.79935,0.45516,1.39950,0.49332,0.50891,-0.04760,2.375,0.087,0.245,-3.411,-0.172,-0.378,0.002
121.600000,6080,0.03055,2.75617,0.46922,1.37447,0.51271,0.46770,-0.01451,0.03471,2.75186,0.46972,1.38037,0.50933,0.46977,-0.01599,0.04200,2.78140,0.44707,1.39912,0.49316,0.50452,-0.04209,2.359,0.243,0.304,-3.437,-0.153,-0.370,0.015
121.700000,6085,0.03551,2.73977,0.46236,1.37485,0.51271,0.46312,-0.00688,0.03705,2.73394,0.46182,1.37906,0.50962,0.46560,-0.01034,0.04445,2.76365,0.43909,1.39786,0.49323,0.50053,-0.03626,2.344,0.398,0.362,-3.459,-0.136,-0.361,0.027
121.800000,6090,0.03627,2.72222,0.45282,1.37485,0.51271,0.45931,0.00037,0.03938,2.71655,0.45364,1.37702,0.50979,0.46212,-0.00413,0.04670,2.74610,0.43122,1.39573,0.49354,0.49693,-0.03011,2.328,0.552,0.420,-3.474,-0.119,-0.350,0.040
121.900000,6095,0.03856,2.70467,0.44367,1.37447,0.51309,0.45664,0.00419,0.04128,2.69893,0.44608,1.37397,0.51071,0.45863,0.00194,0.04875,2.72877,0.42349,1.39271,0.49408,0.49372,-0.02362,2.312,0.706,0.477,-3.480,-0.102,-0.337,0.052
122.000000,6100,0.04085,2.68979,0.43718,1.37370,0.51348,0.45244,0.00915,0.04309,2.68166,0.43852,1.37005,0.51181,0.45568,0.00856,0.05059,2.71167,0.41588,1.38881,0.49484,0.49092,-0.01677,2.297,0.859,0.534,-3.478,-0.086,-0.323,0.064
122.100000,6105,0.04161,2.67110,0.43146,1.36798,0.51576,0.45015,0.01754,0.04461,2.66477,0.43114,1.36525,0.51291,0.45320,0.01557,0.05221,2.69482,0.40842,1.38403,0.49580,0.48852,-0.00957,2.281,1.011,0.590,-3.468,-0.071,-0.307,0.076
122.200000,6110,0.04161,2.65622,0.42383,1.36340,0.51767,0.44977,0.02555,0.04601,2.64820,0.42357,1.35966,0.51410,0.45124,0.02294,0.05360,2.67823,0.40110,1.37837,0.49697,0.48653,-0.00200,2.265,1.162,0.645,-3.450,-0.057,-0.290,0.087
122.300000,6115,0.04161,2.63944,0.41772,1.35615,0.52034,0.44901,0.03089,0.04699,2.63154,0.41679,1.35295,0.51606,0.44929,0.03063,0.05474,2.66193,0.39395,1.37182,0.49834,0.48494,0.00594,2.248,1.312,0.699,-3.425,-0.043,-0.271,0.098
122.400000,6120,0.04161,2.62304,0.41124,1.34891,0.52110,0.44862,0.04272,0.04785,2.61560,0.40976,1.34554,0.51767,0.44814,0.03878,0.05562,2.64594,0.38697,1.36439,0.49989,0.48375,0.01426,2.231,1.461,0.753,-3.396,-0.030,-0.251,0.109
122.500000,6125,0.04199,2.60968,0.40475,1.34128,0.52110,0.44672,0.05302,0.04851,2.60016,0.40251,1.33728,0.51918,0.44747,0.04757,0.05623,2.63028,0.38017,1.35607,0.50162,0.48297,0.02296,2.214,1.609,0.804,-3.362,-0.019,-0.231,0.120
122.600000,6130,0.04580,2.59366,0.39827,1.33174,0.52339,0.44710,0.06065,0.04876,2.58453,0.39620,1.32797,0.52177,0.44665,0.05644,0.05654,2.61499,0.37356,1.34687,0.50351,0.48259,0.03205,2.197,1.756,0.855,-3.325,-0.008,-0.211,0.130
122.700000,6135,0.04695,2.57878,0.39178,1.32144,0.52492,0.44748,0.07095,0.04882,2.56965,0.38958,1.31799,0.52362,0.44681,0.06549,0.05654,2.60007,0.36715,1.33680,0.50557,0.48262,0.04152,2.179,1.901,0.904,-3.286,0.003,-0.190,0.141
122.800000,6140,0.04733,2.56581,0.38759,1.31076,0.52530,0.44748,0.07934,0.04866,2.55506,0.38302,1.30717,0.52583,0.44718,0.07539,0.05634,2.58542,0.36087,1.32603,0.50775,0.48300,0.05133,2.181,2.046,0.949,-3.242,0.009,-0.176,0.150
122.900000,6145,0.04733,2.55132,0.37958,1.30008,0.52797,0.44862,0.08926,0.04880,2.54023,0.37663,1.29636,0.52836,0.44765,0.08538,0.05638,2.57060,0.35449,1.31524,0.50993,0.48359,0.06131,2.200,2.191,0.990,-3.194,0.010,-0.167,0.159
123.000000,6150,0.04733,2.53644,0.37347,1.28825,0.52873,0.44977,0.10184,0.04892,2.52537,0.37024,1.28518,0.53088,0.44845,0.09547,0.05643,2.55583,0.34810,1.30408,0.51216,0.48448,0.07156,2.172,2.338,1.036,-3.150,0.021,-0.145,0.169
123.100000,6155,0.04695,2.52271,0.36966,1.27643,0.53179,0.45015,0.11291,0.04813,2.51128,0.36441,1.27228,0.53375,0.44954,0.10633,0.05565,2.54189,0.34216,1.29133,0.51464,0.48589,0.08243,2.111,2.483,1.087,-3.107,0.038,-0.114,0.181
123.200000,6160,0.04695,2.50859,0.36546,1.26193,0.53598,0.45168,0.12511,0.04655,2.49841,0.35874,1.25782,0.53656,0.45153,0.11800,0.05394,2.52886,0.33669,1.27688,0.51739,0.48786,0.09397,2.079,2.624,1.131,-3.061,0.050,-0.092,0.191
123.300000,6165,0.04657,2.49639,0.35898,1.24515,0.54514,0.45397,0.13465,0.04433,2.48564,0.35360,1.24220,0.53997,0.45370,0.12972,0.05169,2.51634,0.33147,1.26134,0.52029,0.49023,0.10603,2.061,2.764,1.169,-3.012,0.058,-0.076,0.201
123.400000,6170,0.04657,2.48685,0.35440,1.22798,0.54857,0.45702,0.14610,0.04168,2.47345,0.34863,1.22565,0.54326,0.45629,0.14194,0.04897,2.50425,0.32646,1.24483,0.52333,0.49299,0.11857,2.044,2.903,1.205,-2.963,0.066,-0.060,0.211
123.500000,6175,0.04580,2.47426,0.35173,1.21005,0.55086,0.46198,0.16135,0.03866,2.46213,0.34338,1.20815,0.54627,0.45967,0.15517,0.04569,2.49266,0.32169,1.22728,0.52650,0.49615,0.13163,2.030,3.041,1.240,-2.913,0.075,-0.046,0.221
123.600000,6180,0.04008,2.46205,0.34601,1.19212,0.55200,0.46694,0.17623,0.03499,2.45091,0.33883,1.18953,0.54974,0.46299,0.16839,0.04186,2.48154,0.31714,1.20871,0.52981,0.49969,0.14521,2.019,3.178,1.271,-2.863,0.082,-0.033,0.231
123.700000,6185,0.03512,2.45213,0.34105,1.17267,0.55429,0.47113,0.18730,0.03060,2.44013,0.33451,1.16984,0.55356,0.46682,0.18216,0.03742,2.47092,0.31283,1.18908,0.53325,0.50362,0.15932,2.010,3.315,1.300,-2.812,0.090,-0.021,0.241
123.800000,6190,0.03283,2.44298,0.33914,1.15092,0.55620,0.47418,0.20255,0.02564,2.42995,0.33054,1.14897,0.55782,0.47081,0.19697,0.03232,2.46083,0.30876,1.16836,0.53682,0.50794,0.17399,2.005,3.451,1.327,-2.761,0.098,-0.010,0.250
123.900000,6195,0.02673,2.43535,0.33342,1.12880,0.56269,0.47838,0.21858,0.01990,2.42031,0.32679,1.12701,0.56176,0.47535,0.21217,0.02653,2.45129,0.30494,1.14653,0.54053,0.51266,0.18924,2.004,3.586,1.350,-2.710,0.106,-0.000,0.260
124.000000,6200,0.01834,2.42390,0.33075,1.10667,0.57337,0.48219,0.23727,0.01357,2.41131,0.32299,1.10402,0.56556,0.48036,0.22787,0.01999,2.44229,0.30136,1.12356,0.54439,0.51779,0.20508,2.006,3.720,1.370,-2.659,0.113,0.009,0.270
124.100000,6205,0.01529,2.41322,0.32617,1.08149,0.57489,0.49097,0.25062,0.00644,2.40307,0.31943,1.07987,0.56977,0.48606,0.24412,0.01266,2.43386,0.29803,1.09938,0.54838,0.52334,0.22156,2.012,3.854,1.387,-2.609,0.121,0.017,0.280
124.200000,6210,0.00422,2.40712,0.32312,1.05555,0.57756,0.49707,0.26779,-0.00138,2.39510,0.31624,1.05437,0.57442,0.49184,0.26125,0.00448,2.42600,0.29495,1.07397,0.55252,0.52931,0.23869,2.021,3.988,1.400,-2.559,0.129,0.024,0.289
124.300000,6215,-0.00341,2.40483,0.32007,1.02999,0.58100,0.50165,0.28800,-0.01031,2.38765,0.31349,1.02753,0.57902,0.49797,0.27873,-0.00460,2.41871,0.29212,1.04726,0.55682,0.53573,0.25652,2.034,4.122,1.408,-2.509,0.137,0.031,0.299
124.400000,6220,-0.01256,2.40102,0.31930,1.00024,0.58443,0.50737,0.30441,-0.02004,2.38104,0.31073,0.99947,0.58358,0.50494,0.29729,-0.01465,2.41202,0.28954,1.01924,0.56127,0.54261,0.27505,2.050,4.255,1.413,-2.461,0.144,0.037,0.309
124.500000,6225,-0.02439,2.38919,0.31511,0.97125,0.59130,0.51767,0.32272,-0.03085,2.37511,0.30818,0.97016,0.58813,0.51219,0.31643,-0.02567,2.40594,0.28722,0.98992,0.56586,0.54995,0.29428,2.069,4.389,1.413,-2.413,0.151,0.042,0.318
124.600000,6230,-0.03507,2.38271,0.31320,0.94149,0.60045,0.52454,0.34446,-0.04265,2.36973,0.30582,0.93947,0.59330,0.51972,0.33659,-0.03767,2.40050,0.28515,0.95942,0.57058,0.55773,0.31412,2.090,4.522,1.407,-2.366,0.157,0.046,0.327
124.700000,6235,-0.04842,2.37736,0.31320,0.90945,0.60389,0.53102,0.36430,-0.05511,2.36480,0.30407,0.90797,0.59857,0.52780,0.35683,-0.05056,2.39572,0.28335,0.92799,0.57537,0.56590,0.33442,2.114,4.656,1.398,-2.320,0.161,0.048,0.335
124.800000,6240,-0.06177,2.37431,0.31129,0.87740,0.60617,0.54018,0.38261,-0.06829,2.36075,0.30236,0.87607,0.60346,0.53625,0.37709,-0.06414,2.39162,0.28181,0.89610,0.58015,0.57433,0.35488,2.140,4.788,1.384,-2.275,0.162,0.049,0.342
124.900000,6245,-0.07398,2.37355,0.31129,0.84612,0.60846,0.54895,0.40474,-0.08210,2.35779,0.30093,0.84426,0.60828,0.54472,0.39751,-0.07826,2.38851,0.28070,0.86441,0.58486,0.58285,0.37496,2.167,4.946,1.388,-2.234,0.161,0.049,0.347
125.000000,6250,-0.08962,2.37164,0.31129,0.81522,0.61533,0.55582,0.42457,-0.09605,2.35588,0.30030,0.81342,0.61309,0.55286,0.41744,-0.09257,2.38653,0.28010,0.83372,0.58937,0.59121,0.39404,2.199,5.046,1.353,-2.195,0.154,0.045,0.351
125.100000,6255,-0.10106,2.37126,0.31129,0.78623,0.62372,0.56269,0.44174,-0.10919,2.35422,0.29959,0.78465,0.61758,0.56082,0.43629,-0.10604,2.38460,0.27941,0.80505,0.59349,0.59918,0.41204,2.228,5.153,1.326,-2.158,0.142,0.039,0.353
125.200000,6260,-0.11556,2.37164,0.31129,0.76029,0.62639,0.57108,0.45967,-0.12123,2.35365,0.29882,0.75879,0.62131,0.56850,0.45320,-0.11866,2.38346,0.27906,0.77905,0.59718,0.60650,0.42815,2.258,5.221,1.288,-2.126,0.124,0.028,0.353
125.300000,6265,-0.12548,2.37012,0.30748,0.73816,0.62716,0.57680,0.47455,-0.13057,2.35096,0.29748,0.73722,0.62391,0.57460,0.46801,-0.12858,2.37994,0.27805,0.75729,0.59966,0.61211,0.44153,2.306,5.090,1.194,-2.085,-0.002,-0.064,0.338
125.400000,6270,-0.13044,2.36058,0.30595,0.72901,0.62563,0.57527,0.47569,-0.13100,2.34593,0.30594,0.73238,0.62498,0.57536,0.46881,-0.13287,2.36817,0.27609,0.74355,0.59849,0.61257,0.44691,2.472,5.155,1.158,-2.012,-0.222,-0.376,0.103
125.500000,6275,-0.13044,2.35181,0.30595,0.72901,0.62029,0.56574,0.47035,-0.12987,2.33162,0.30322,0.72672,0.62134,0.57201,0.46800,-0.13306,2.35087,0.27392,0.73623,0.59456,0.60894,0.44548,2.585,5.292,1.176,-1.907,-0.274,-0.470,-0.123
125.600000,6280,-0.13006,2.33540,0.30595,0.72825,0.61113,0.55773,0.46539,-0.12855,2.31521,0.30041,0.72219,0.61654,0.56785,0.46501,-0.13213,2.33357,0.27189,0.73129,0.59020,0.60450,0.44228,2.567,5.431,1.207,-1.829,-0.263,-0.465,-0.126
125.700000,6285,-0.13006,2.31862,0.30481,0.72405,0.60503,0.55429,0.46310,-0.12758,2.30003,0.29788,0.71810,0.61196,0.56385,0.46172,-0.13125,2.31800,0.27008,0.72695,0.58626,0.60046,0.43933,2.532,5.555,1.233,-1.772,-0.248,-0.451,-0.108
125.800000,6290,-0.13006,2.30565,0.30481,0.72100,0.60274,0.55086,0.45891,-0.12701,2.28540,0.29610,0.71393,0.60803,0.56003,0.45896,-0.13044,2.30362,0.26840,0.72294,0.58263,0.59674,0.43661,2.502,5.667,1.254,-1.722,-0.237,-0.442,-0.096
125.900000,6295,-0.12777,2.29191,0.30137,0.71756,0.60198,0.54895,0.45585,-0.12652,2.27159,0.29455,0.71003,0.60444,0.55651,0.45634,-0.12966,2.28995,0.26681,0.71912,0.57917,0.59320,0.43402,2.474,5.771,1.272,-1.678,-0.230,-0.436,-0.087
126.000000,6300,-0.12739,2.27742,0.30099,0.71299,0.59931,0.54705,0.45509,-0.12567,2.25851,0.29254,0.70644,0.60076,0.55317,0.45381,-0.12891,2.27666,0.26526,0.71541,0.57581,0.58975,0.43150,2.448,5.871,1.286,-1.638,-0.226,-0.433,-0.080
126.100000,6305,-0.12739,2.26864,0.30023,0.71108,0.59854,0.54590,0.45051,-0.12508,2.24480,0.29121,0.70269,0.59762,0.54958,0.45084,-0.12817,2.26356,0.26374,0.71175,0.57249,0.58636,0.42901,2.422,5.967,1.299,-1.599,-0.223,-0.431,-0.075
126.200000,6310,-0.12739,2.25415,0.30023,0.70650,0.59587,0.54132,0.44822,-0.12445,2.23187,0.28967,0.69903,0.59429,0.54630,0.44857,-0.12743,2.25053,0.26222,0.70811,0.56920,0.58299,0.42655,2.397,6.062,1.311,-1.562,-0.221,-0.430,-0.071
126.300000,6315,-0.12739,2.23736,0.29870,0.70345,0.59473,0.53865,0.44784,-0.12383,2.21889,0.28805,0.69537,0.59083,0.54296,0.44617,-0.12670,2.23754,0.26070,0.70449,0.56591,0.57962,0.42408,2.371,6.155,1.322,-1.524,-0.219,-0.430,-0.067
126.400000,6320,-0.12700,2.22630,0.29413,0.70002,0.58710,0.53369,0.44441,-0.12314,2.20570,0.28654,0.69172,0.58770,0.53964,0.44355,-0.12596,2.22457,0.25919,0.70087,0.56263,0.57626,0.42162,2.346,6.247,1.332,-1.488,-0.218,-0.429,-0.063
126.500000,6325,-0.12700,2.21562,0.29336,0.69582,0.57909,0.52988,0.44098,-0.12248,2.19259,0.28500,0.68809,0.58432,0.53622,0.44101,-0.12523,2.21162,0.25768,0.69725,0.55936,0.57290,0.41917,2.320,6.337,1.342,-1.451,-0.216,-0.429,-0.059
126.600000,6330,-0.12700,2.19960,0.29222,0.69239,0.57642,0.52683,0.44021,-0.12190,2.17978,0.28333,0.68444,0.58080,0.53293,0.43876,-0.12450,2.19868,0.25618,0.69364,0.55609,0.56955,0.41672,2.295,6.426,1.352,-1.414,-0.215,-0.428,-0.055
126.700000,6335,-0.12700,2.18663,0.28764,0.68895,0.57489,0.52416,0.43716,-0.12129,2.16677,0.28175,0.68090,0.57752,0.52953,0.43609,-0.12376,2.18577,0.25467,0.69004,0.55282,0.56621,0.41427,2.269,6.514,1.361,-1.378,-0.213,-0.427,-0.051
126.800000,6340,-0.12471,2.17633,0.28764,0.68476,0.57299,0.52187,0.43335,-0.12063,2.15382,0.28019,0.67724,0.57423,0.52620,0.43376,-0.12303,2.17287,0.25317,0.68643,0.54956,0.56287,0.41183,2.243,6.601,1.369,-1.341,-0.212,-0.426,-0.047
126.900000,6345,-0.12471,2.16221,0.28688,0.68209,0.57260,0.52034,0.42953,-0.11997,2.14093,0.27860,0.67365,0.57080,0.52293,0.43137,-0.12230,2.15999,0.25167,0.68284,0.54630,0.55953,0.40939,2.218,6.686,1.377,-1.305,-0.210,-0.426,-0.043
127.000000,6350,-0.12471,2.14810,0.28497,0.67942,0.56993,0.51653,0.42610,-0.11923,2.12835,0.27673,0.67019,0.56728,0.51978,0.42889,-0.12158,2.14713,0.25017,0.67925,0.54305,0.55620,0.40695,2.192,6.769,1.385,-1.269,-0.209,-0.425,-0.039
127.100000,6355,-0.12471,2.13742,0.28116,0.67522,0.56612,0.51309,0.42534,-0.11863,2.11520,0.27537,0.66654,0.56424,0.51632,0.42616,-0.12085,2.13429,0.24867,0.67566,0.53980,0.55287,0.40451,2.166,6.851,1.392,-1.233,-0.208,-0.424,-0.036
127.200000,6360,-0.12471,2.12407,0.28039,0.67255,0.55735,0.50928,0.42190,-0.11790,2.10268,0.27361,0.66295,0.56071,0.51322,0.42416,-0.12012,2.12146,0.24718,0.67208,0.53656,0.54955,0.40208,2.140,6.932,1.398,-1.197,-0.206,-0.423,-0.032
127.300000,6365,-0.12433,2.10804,0.27963,0.66797,0.55315,0.50432,0.42152,-0.11726,2.08983,0.27198,0.65944,0.55730,0.50980,0.42152,-0.11940,2.10865,0.24569,0.66851,0.53332,0.54623,0.39966,2.115,7.012,1.404,-1.162,-0.205,-0.422,-0.028
127.400000,6370,-0.12433,2.09698,0.27849,0.66607,0.55048,0.50203,0.41847,-0.11664,2.07697,0.27023,0.65588,0.55386,0.50644,0.41897,-0.11867,2.09586,0.24420,0.66494,0.53008,0.54292,0.39723,2.089,7.089,1.410,-1.127,-0.204,-0.422,-0.025
127.500000,6375,-0.12433,2.08859,0.27467,0.66149,0.54972,0.49936,0.41732,-0.11617,2.06383,0.26903,0.65219,0.55082,0.50304,0.41638,-0.11795,2.08309,0.24271,0.66137,0.52685,0.53961,0.39481,2.063,7.166,1.415,-1.092,-0.203,-0.421,-0.021
127.600000,6380,-0.12166,2.07180,0.27391,0.65767,0.54781,0.49669,0.41465,-0.11551,2.05111,0.26746,0.64860,0.54751,0.49976,0.41425,-0.11723,2.07034,0.24122,0.65781,0.52363,0.53631,0.39239,2.037,7.241,1.419,-1.057,-0.202,-0.420,-0.018
127.700000,6385,-0.12128,2.05769,0.27391,0.65462,0.54628,0.49440,0.41389,-0.11492,2.03810,0.26597,0.64500,0.54423,0.49639,0.41150,-0.11651,2.05760,0.23974,0.65426,0.52040,0.53301,0.38998,2.011,7.314,1.423,-1.022,-0.201,-0.419,-0.014
127.800000,6390,-0.11937,2.05006,0.27391,0.65081,0.54323,0.49288,0.41084,-0.11440,2.02526,0.26456,0.64139,0.54104,0.49309,0.40907,-0.11579,2.04488,0.23826,0.65070,0.51719,0.52971,0.38757,1.986,7.386,1.427,-0.988,-0.200,-0.418,-0.011
127.900000,6395,-0.11861,2.03556,0.27048,0.64737,0.54209,0.48754,0.41008,-0.11375,2.01250,0.26296,0.63783,0.53767,0.48976,0.40663,-0.11507,2.03217,0.23678,0.64716,0.51397,0.52642,0.38516,1.960,7.457,1.430,-0.954,-0.199,-0.417,-0.008
128.000000,6400,-0.11899,2.01916,0.26742,0.64356,0.53217,0.48486,0.40664,-0.11295,2.00002,0.26119,0.63444,0.53433,0.48679,0.40416,-0.11435,2.01948,0.23530,0.64362,0.51076,0.52313,0.38275,1.934,7.526,1.433,-0.920,-0.198,-0.416,-0.004
128.100000,6405,-0.11632,2.00772,0.26666,0.64013,0.52683,0.47876,0.40359,-0.11230,1.98754,0.25942,0.63090,0.53089,0.48352,0.40197,-0.11363,2.00681,0.23382,0.64008,0.50756,0.51985,0.38035,1.909,7.594,1.435,-0.886,-0.197,-0.415,-0.001
128.200000,6410,-0.11365,1.99970,0.26513,0.63631,0.52454,0.47647,0.40321,-0.11175,1.97454,0.25806,0.62726,0.52774,0.48005,0.39945,-0.11291,1.99416,0.23235,0.63655,0.50436,0.51657,0.37795,1.883,7.660,1.437,-0.853,-0.196,-0.414,0.002
128.300000,6415,-0.11365,1.98216,0.26170,0.63364,0.52339,0.47456,0.39978,-0.11106,1.96211,0.25636,0.62375,0.52425,0.47693,0.39732,-0.11220,1.98152,0.23087,0.63302,0.50116,0.51330,0.37556,1.857,7.724,1.438,-0.819,-0.195,-0.413,0.005
128.400000,6420,-0.11365,1.96880,0.26094,0.62868,0.52072,0.47151,0.39596,-0.11036,1.94944,0.25468,0.62033,0.52093,0.47362,0.39465,-0.11148,1.96890,0.22940,0.62949,0.49797,0.51003,0.37317,1.832,7.787,1.438,-0.787,-0.195,-0.412,0.008
128.500000,6425,-0.11365,1.95889,0.26094,0.62716,0.51996,0.46884,0.39520,-0.10980,1.93659,0.25323,0.61668,0.51776,0.47027,0.39224,-0.11077,1.95629,0.22794,0.62598,0.49478,0.50676,0.37078,1.806,7.849,1.439,-0.754,-0.194,-0.411,0.011
128.600000,6430,-0.11327,1.94668,0.25903,0.62220,0.51691,0.46732,0.39215,-0.10923,1.92395,0.25187,0.61316,0.51458,0.46711,0.38980,-0.11006,1.94370,0.22647,0.62246,0.49160,0.50350,0.36839,1.781,7.909,1.439,-0.722,-0.193,-0.410,0.014
128.700000,6435,-0.11365,1.93028,0.25522,0.61991,0.51271,0.46312,0.39138,-0.10845,1.91199,0.24980,0.60980,0.51092,0.46415,0.38778,-0.10935,1.93112,0.22500,0.61895,0.48842,0.50025,0.36601,1.755,7.967,1.438,-0.690,-0.193,-0.409,0.017
128.800000,6440,-0.11365,1.92226,0.25407,0.61495,0.50699,0.45969,0.38833,-0.10776,1.89898,0.24831,0.60632,0.50784,0.46064,0.38486,-0.10863,1.91857,0.22354,0.61544,0.48524,0.49699,0.36363,1.730,8.024,1.437,-0.658,-0.192,-0.408,0.020
128.900000,6445,-0.11327,1.91349,0.25445,0.61380,0.50089,0.45549,0.38719,-0.10732,1.88611,0.24712,0.60260,0.50472,0.45731,0.38260,-0.10792,1.90602,0.22208,0.61194,0.48207,0.49374,0.36125,1.705,8.079,1.436,-0.627,-0.191,-0.407,0.023
129.000000,6450,-0.11327,1.89404,0.25026,0.60923,0.49822,0.45129,0.38414,-0.10665,1.87406,0.24529,0.59923,0.50112,0.45432,0.38051,-0.10722,1.89350,0.22062,0.60845,0.47890,0.49050,0.35888,1.680,8.133,1.434,-0.596,-0.191,-0.406,0.025
129.100000,6455,-0.11327,1.87954,0.24797,0.60541,0.49707,0.44939,0.38070,-0.10600,1.86136,0.24367,0.59574,0.49790,0.45092,0.37792,-0.10651,1.88098,0.21916,0.60495,0.47573,0.48726,0.35650,1.654,8.185,1.431,-0.565,-0.190,-0.405,0.028
129.200000,6460,-0.11327,1.87229,0.24759,0.60198,0.49516,0.44634,0.37765,-0.10542,1.84849,0.24235,0.59216,0.49493,0.44765,0.37534,-0.10580,1.86849,0.21770,0.60146,0.47257,0.48402,0.35414,1.629,8.235,1.429,-0.535,-0.190,-0.404,0.031
129.300000,6465,-0.11060,1.85818,0.24682,0.59893,0.49402,0.44290,0.37307,-0.10488,1.83588,0.24094,0.58862,0.49167,0.44438,0.37301,-0.10509,1.85600,0.21625,0.59798,0.46942,0.48079,0.35177,1.604,8.284,1.425,-0.504,-0.189,-0.402,0.033
129.400000,6470,-0.11060,1.84139,0.24377,0.59435,0.49021,0.44176,0.36964,-0.10420,1.82370,0.23924,0.58525,0.48832,0.44137,0.37065,-0.10439,1.84354,0.21480,0.59450,0.46626,0.47756,0.34941,1.579,8.332,1.422,-0.475,-0.189,-0.401,0.036
129.500000,6475,-0.11060,1.83414,0.24186,0.59206,0.48944,0.43832,0.36850,-0.10362,1.81091,0.23784,0.58167,0.48528,0.43792,0.36811,-0.10368,1.83109,0.21335,0.59102,0.46311,0.47433,0.34705,1.555,8.377,1.418,-0.445,-0.188,-0.400,0.038
129.600000,6480,-0.11060,1.82117,0.24110,0.58863,0.48181,0.43451,0.36583,-0.10278,1.79895,0.23598,0.57834,0.48180,0.43510,0.36606,-0.10298,1.81865,0.21190,0.58755,0.45997,0.47111,0.34469,1.530,8.422,1.414,-0.416,-0.188,-0.399,0.040
129.700000,6485,-0.10869,1.80477,0.23919,0.58481,0.47495,0.43222,0.36506,-0.10219,1.78668,0.23428,0.57492,0.47845,0.43176,0.36376,-0.10227,1.80622,0.21045,0.58408,0.45683,0.46789,0.34234,1.505,8.464,1.409,-0.387,-0.188,-0.398,0.043
129.800000,6490,-0.10831,1.79218,0.23538,0.58138,0.47189,0.42688,0.36239,-0.10164,1.77399,0.23295,0.57136,0.47529,0.42855,0.36130,-0.10157,1.79382,0.20900,0.58062,0.45369,0.46468,0.33998,1.481,8.505,1.404,-0.359,-0.187,-0.397,0.045
129.900000,6495,-0.10793,1.78455,0.23462,0.57794,0.47113,0.42383,0.36163,-0.10105,1.76142,0.23134,0.56788,0.47200,0.42520,0.35878,-0.10087,1.78142,0.20756,0.57716,0.45055,0.46147,0.33763,1.456,8.545,1.398,-0.331,-0.187,-0.395,0.047
130.000000,6500,-0.10793,1.76929,0.23462,0.57451,0.46846,0.42116,0.35858,-0.10034,1.74924,0.22966,0.56445,0.46874,0.42211,0.35671,-0.10017,1.76904,0.20612,0.57370,0.44742,0.45826,0.33529,1.432,8.582,1.392,-0.303,-0.187,-0.394,0.049
130.100000,6505,-0.10831,1.75442,0.23309,0.57032,0.46732,0.41887,0.35820,-0.09981,1.73685,0.22820,0.56100,0.46538,0.41892,0.35426,-0.09947,1.75668,0.20468,0.57025,0.44430,0.45506,0.33294,1.407,8.618,1.386,-0.276,-0.187,-0.393,0.051
130.200000,6510,-0.10793,1.74373,0.23080,0.56803,0.46465,0.41582,0.35476,-0.09921,1.72424,0.22677,0.55750,0.46234,0.41576,0.35170,-0.09877,1.74432,0.20324,0.56680,0.44117,0.45186,0.33060,1.383,8.653,1.379,-0.249,-0.187,-0.392,0.054
130.300000,6515,-0.10793,1.73458,0.22889,0.56383,0.46350,0.41315,0.35095,-0.09867,1.71157,0.22543,0.55400,0.45936,0.41237,0.34916,-0.09807,1.73199,0.20180,0.56336,0.43805,0.44866,0.32827,1.359,8.686,1.372,-0.223,-0.186,-0.391,0.056
130.400000,6520,-0.10755,1.71741,0.22813,0.56078,0.45892,0.40933,0.34751,-0.09796,1.69955,0.22369,0.55062,0.45595,0.40946,0.34711,-0.09737,1.71966,0.20036,0.55992,0.43493,0.44547,0.32593,1.335,8.717,1.365,-0.196,-0.186,-0.389,0.057
130.500000,6525,-0.10526,1.70635,0.22584,0.55582,0.44901,0.40704,0.34637,-0.09731,1.68709,0.22221,0.54724,0.45290,0.40625,0.34428,-0.09668,1.70735,0.19893,0.55648,0.43182,0.44228,0.32360,1.312,8.747,1.357,-0.171,-0.186,-0.388,0.059
130.600000,6530,-0.10488,1.70139,0.22317,0.55506,0.44557,0.40247,0.34332,-0.09684,1.67457,0.22094,0.54360,0.44976,0.40295,0.34221,-0.09598,1.69505,0.19750,0.55305,0.42871,0.43909,0.32127,1.288,8.775,1.349,-0.145,-0.186,-0.387,0.061
130.700000,6535,-0.10221,1.68117,0.22165,0.54933,0.44481,0.39827,0.34294,-0.09611,1.66284,0.21897,0.54029,0.44624,0.39982,0.34042,-0.09528,1.68277,0.19607,0.54962,0.42560,0.43591,0.31894,1.264,8.801,1.340,-0.120,-0.186,-0.386,0.063
130.800000,6540,-0.10221,1.66553,0.22165,0.54666,0.44214,0.39636,0.34027,-0.09545,1.65040,0.21733,0.53695,0.44290,0.39673,0.33767,-0.09459,1.67049,0.19464,0.54619,0.42250,0.43273,0.31661,1.241,8.826,1.331,-0.096,-0.186,-0.385,0.064
130.900000,6545,-0.10221,1.65752,0.22165,0.54361,0.44138,0.39293,0.33912,-0.09492,1.63771,0.21602,0.53339,0.43993,0.39337,0.33514,-0.09389,1.65817,0.19320,0.54275,0.41938,0.42954,0.31427,1.218,8.849,1.321,-0.072,-0.188,-0.384,0.065
131.000000,6550,-0.09992,1.64569,0.22165,0.54056,0.43871,0.39026,0.33607,-0.09433,1.62553,0.21447,0.52996,0.43659,0.39039,0.33306,-0.09319,1.64571,0.19175,0.53928,0.41623,0.42631,0.31191,1.195,8.870,1.310,-0.050,-0.190,-0.385,0.065
131.100000,6555,-0.09954,1.63082,0.21592,0.53598,0.43756,0.38873,0.33569,-0.09372,1.61274,0.21284,0.52645,0.43323,0.38697,0.33038,-0.09246,1.63296,0.19026,0.53572,0.41300,0.42301,0.30950,1.172,8.890,1.297,-0.030,-0.195,-0.389,0.062
131.200000,6560,-0.09916,1.61823,0.21478,0.53369,0.43375,0.38492,0.33454,-0.09281,1.59964,0.21097,0.52287,0.42986,0.38372,0.32795,-0.09171,1.61961,0.18871,0.53199,0.40963,0.41955,0.30697,1.150,8.907,1.281,-0.013,-0.203,-0.396,0.056
131.300000,6565,-0.09916,1.60678,0.21135,0.52797,0.42268,0.38072,0.33073,-0.09200,1.58556,0.20917,0.51900,0.42620,0.38011,0.32528,-0.09089,1.60523,0.18703,0.52798,0.40599,0.41582,0.30424,1.127,8.922,1.260,0.001,-0.216,-0.407,0.046
131.400000,6570,-0.09725,1.59000,0.20906,0.52416,0.41887,0.37386,0.32424,-0.09120,1.56970,0.20726,0.51458,0.42218,0.37601,0.32254,-0.08999,1.58924,0.18517,0.52351,0.40195,0.41168,0.30121,1.104,8.936,1.233,0.013,-0.234,-0.422,0.032
131.500000,6575,-0.09687,1.57093,0.20715,0.51920,0.41620,0.36928,0.31852,-0.09005,1.55198,0.20478,0.50980,0.41750,0.37156,0.31909,-0.08896,1.57102,0.18305,0.51843,0.39734,0.40696,0.29776,1.079,8.948,1.201,0.027,-0.253,-0.440,0.014
131.600000,6580,-0.09687,1.55414,0.20219,0.51348,0.41315,0.36432,0.31318,-0.08883,1.53158,0.20205,0.50419,0.41219,0.36638,0.31535,-0.08777,1.55001,0.18060,0.51256,0.39203,0.40152,0.29378,1.051,8.958,1.163,0.047,-0.273,-0.456,-0.004
131.700000,6585,-0.09572,1.52896,0.19990,0.50699,0.40552,0.35936,0.30975,-0.08733,1.50823,0.19877,0.49784,0.40615,0.36036,0.31093,-0.08640,1.52589,0.17779,0.50583,0.38593,0.39527,0.28920,1.018,8.964,1.121,0.074,-0.289,-0.469,-0.021
131.800000,6590,-0.09420,1.50531,0.19532,0.49974,0.39293,0.35097,0.30555,-0.08567,1.48187,0.19507,0.49060,0.39914,0.35369,0.30595,-0.08486,1.49871,0.17462,0.49824,0.37905,0.38823,0.28405,0.979,8.964,1.077,0.108,-0.302,-0.477,-0.033
131.900000,6595,-0.09153,1.47518,0.18998,0.49097,0.38911,0.34334,0.29830,-0.08401,1.45282,0.19118,0.48251,0.39134,0.34613,0.30084,-0.08317,1.46887,0.17114,0.48991,0.37150,0.38050,0.27840,0.934,8.957,1.033,0.148,-0.310,-0.481,-0.042
132.000000,6600,-0.09153,1.44466,0.18693,0.48258,0.38148,0.33647,0.29068,-0.08204,1.42184,0.18640,0.47409,0.38271,0.33826,0.29473,-0.08137,1.43708,0.16744,0.48103,0.36346,0.37227,0.27237,0.884,8.941,0.989,0.190,-0.316,-0.482,-0.046
132.100000,6605,-0.09114,1.41223,0.18235,0.47418,0.36775,0.32846,0.28724,-0.08021,1.38953,0.18201,0.46504,0.37405,0.32990,0.28877,-0.07951,1.40425,0.16362,0.47187,0.35516,0.36376,0.26615,0.831,8.916,0.946,0.233,-0.319,-0.479,-0.047
132.200000,6610,-0.08542,1.37942,0.17587,0.46503,0.36241,0.31854,0.28305,-0.07871,1.35664,0.17785,0.45587,0.36524,0.32127,0.28249,-0.07765,1.37138,0.15979,0.46270,0.34685,0.35525,0.25992,0.775,8.881,0.907,0.275,-0.319,-0.475,-0.044
132.300000,6615,-0.08542,1.34624,0.16977,0.45625,0.35554,0.31129,0.27809,-0.07713,1.32417,0.17391,0.44678,0.35684,0.31297,0.27612,-0.07584,1.33947,0.15607,0.45379,0.33878,0.34698,0.25387,0.719,8.838,0.871,0.314,-0.317,-0.467,-0.039
132.400000,6620,-0.08046,1.31305,0.16748,0.44786,0.34372,0.30328,0.27046,-0.07580,1.29353,0.17036,0.43809,0.34903,0.30515,0.27040,-0.07414,1.30943,0.15257,0.44540,0.33118,0.33920,0.24818,0.665,8.789,0.842,0.351,-0.311,-0.457,-0.029
132.500000,6625,-0.08046,1.28558,0.16328,0.43985,0.33800,0.29565,0.26397,-0.07464,1.26490,0.16739,0.43008,0.34197,0.29768,0.26459,-0.07259,1.28199,0.14937,0.43774,0.32424,0.33209,0.24298,0.612,8.738,0.818,0.387,-0.301,-0.443,-0.016
132.600000,6630,-0.08046,1.25888,0.16099,0.43260,0.33456,0.29069,0.25978,-0.07386,1.23904,0.16499,0.42279,0.33556,0.29099,0.25919,-0.07121,1.25760,0.14653,0.43093,0.31807,0.32577,0.23835,0.565,8.687,0.801,0.422,-0.287,-0.425,0.002
132.700000,6635,-0.08046,1.23408,0.16061,0.42650,0.33151,0.28535,0.25634,-0.07295,1.21751,0.16225,0.41657,0.32957,0.28558,0.25550,-0.07001,1.23637,0.14405,0.42500,0.31270,0.32027,0.23433,0.522,8.638,0.788,0.457,-0.269,-0.404,0.022
132.800000,6640,-0.08046,1.21539,0.15641,0.42154,0.32388,0.28383,0.25329,-0.07224,1.19826,0.16018,0.41123,0.32469,0.28060,0.25120,-0.06897,1.21802,0.14192,0.41988,0.30806,0.31552,0.23085,0.486,8.593,0.778,0.490,-0.250,-0.382,0.041
132.900000,6645,-0.08046,1.19708,0.15603,0.41658,0.31702,0.27810,0.24948,-0.07158,1.18177,0.15828,0.40647,0.32040,0.27631,0.24829,-0.06806,1.20202,0.14005,0.41542,0.30401,0.31138,0.22782,0.456,8.550,0.768,0.520,-0.233,-0.361,0.058
133.000000,6650,-0.08046,1.18029,0.15603,0.41277,0.31435,0.27620,0.24642,-0.07109,1.16695,0.15673,0.40228,0.31659,0.27241,0.24535,-0.06725,1.18776,0.13839,0.41144,0.30041,0.30768,0.22512,0.430,8.509,0.756,0.544,-0.220,-0.346,0.070
133.100000,6655,-0.08008,1.17114,0.15603,0.41010,0.31358,0.27200,0.24528,-0.07065,1.15328,0.15545,0.39835,0.31332,0.26891,0.24265,-0.06651,1.17464,0.13686,0.40777,0.29709,0.30428,0.22263,0.408,8.468,0.742,0.562,-0.211,-0.334,0.077
133.200000,6660,-0.08008,1.15359,0.15413,0.40475,0.31091,0.26819,0.24223,-0.07002,1.14094,0.15382,0.39490,0.30987,0.26585,0.24041,-0.06581,1.16220,0.13541,0.40430,0.29394,0.30106,0.22027,0.389,8.427,0.727,0.575,-0.207,-0.327,0.081
133.300000,6665,-0.08008,1.14062,0.14993,0.40247,0.31015,0.26590,0.23879,-0.06952,1.12859,0.15231,0.39151,0.30667,0.26260,0.23772,-0.06512,1.15012,0.13401,0.40093,0.29089,0.29793,0.21798,0.371,8.385,0.710,0.585,-0.205,-0.323,0.083
133.400000,6670,-0.08008,1.13299,0.14993,0.39903,0.30672,0.26246,0.23765,-0.06897,1.11644,0.15108,0.38803,0.30379,0.25949,0.23549,-0.06445,1.13822,0.13262,0.39761,0.28788,0.29485,0.21573,0.354,8.342,0.693,0.594,-0.204,-0.320,0.083
133.500000,6675,-0.07741,1.11926,0.14955,0.39598,0.30328,0.26018,0.23612,-0.06834,1.10498,0.14923,0.38486,0.30040,0.25658,0.23352,-0.06378,1.12639,0.13124,0.39431,0.28489,0.29178,0.21349,0.338,8.297,0.675,0.601,-0.204,-0.318,0.083
133.600000,6680,-0.07741,1.10476,0.14573,0.39217,0.29947,0.25789,0.23422,-0.06778,1.09293,0.14790,0.38154,0.29734,0.25352,0.23088,-0.06311,1.11459,0.12987,0.39101,0.28190,0.28873,0.21125,0.322,8.250,0.657,0.607,-0.205,-0.316,0.082
133.700000,6685,-0.07741,1.09332,0.14383,0.38950,0.29184,0.25483,0.23116,-0.06705,1.08134,0.14622,0.37831,0.29417,0.25066,0.22878,-0.06244,1.10279,0.12849,0.38772,0.27891,0.28567,0.20901,0.306,8.203,0.639,0.613,-0.205,-0.314,0.082
133.800000,6690,-0.07703,1.08454,0.14306,0.38568,0.28840,0.25178,0.23040,-0.06651,1.06940,0.14480,0.37495,0.29106,0.24747,0.22654,-0.06178,1.09099,0.12712,0.38442,0.27593,0.28261,0.20678,0.291,8.154,0.621,0.618,-0.206,-0.313,0.081
133.900000,6695,-0.07512,1.06890,0.14306,0.38187,0.28764,0.24835,0.22964,-0.06589,1.05783,0.14311,0.37170,0.28777,0.24437,0.22463,-0.06111,1.07921,0.12574,0.38113,0.27295,0.27956,0.20454,0.275,8.103,0.603,0.623,-0.206,-0.311,0.080
134.000000,6700,-0.07474,1.05593,0.14306,0.37881,0.28573,0.24339,0.22659,-0.06546,1.04543,0.14205,0.36820,0.28514,0.24110,0.22206,-0.06044,1.06743,0.12437,0.37784,0.26997,0.27651,0.20231,0.260,8.051,0.585,0.628,-0.207,-0.309,0.079
134.100000,6705,-0.07474,1.04449,0.13810,0.37538,0.28421,0.23996,0.22354,-0.06492,1.03367,0.14076,0.36491,0.28208,0.23819,0.21985,-0.05977,1.05565,0.12300,0.37456,0.26699,0.27346,0.20008,0.245,7.998,0.567,0.632,-0.208,-0.307,0.078
134.200000,6710,-0.07512,1.03533,0.13734,0.37233,0.28268,0.23843,0.22277,-0.06419,1.02218,0.13888,0.36175,0.27866,0.23535,0.21770,-0.05911,1.04388,0.12163,0.37127,0.26402,0.27041,0.19785,0.230,7.943,0.549,0.636,-0.208,-0.306,0.077
134.300000,6715,-0.07474,1.01931,0.13658,0.36890,0.28039,0.23538,0.21934,-0.06348,1.01064,0.13715,0.35853,0.27538,0.23230,0.21572,-0.05844,1.03212,0.12026,0.36799,0.26104,0.26736,0.19562,0.215,7.888,0.530,0.640,-0.209,-0.304,0.076
134.400000,6720,-0.07474,1.00863,0.13162,0.36546,0.27658,0.23271,0.21552,-0.06298,0.99863,0.13580,0.35529,0.27240,0.22938,0.21288,-0.05778,1.02037,0.11889,0.36471,0.25807,0.26432,0.19339,0.200,7.830,0.512,0.643,-0.209,-0.302,0.075
134.500000,6725,-0.07474,1.00024,0.13047,0.36317,0.26857,0.23156,0.21171,-0.06235,0.98691,0.13437,0.35199,0.26936,0.22644,0.21060,-0.05711,1.00861,0.11752,0.36143,0.25510,0.26128,0.19116,0.186,7.772,0.494,0.646,-0.210,-0.300,0.074
134.600000,6730,-0.07474,0.98422,0.12971,0.35936,0.26361,0.22813,0.21095,-0.06170,0.97534,0.13268,0.34873,0.26613,0.22329,0.20869,-0.05645,0.99687,0.11615,0.35815,0.25213,0.25823,0.18894,0.172,7.712,0.476,0.648,-0.211,-0.298,0.073
134.700000,6735,-0.07245,0.97086,0.12971,0.35593,0.26132,0.22470,0.20789,-0.06119,0.96363,0.13122,0.34543,0.26300,0.22018,0.20665,-0.05578,0.98513,0.11478,0.35487,0.24916,0.25519,0.18671,0.158,7.651,0.457,0.651,-0.211,-0.296,0.072
134.800000,6740,-0.06864,0.96133,0.12780,0.35326,0.26018,0.22165,0.20484,-0.06067,0.95150,0.12987,0.34208,0.26010,0.21705,0.20405,-0.05512,0.97339,0.11341,0.35159,0.24619,0.25215,0.18449,0.144,7.589,0.439,0.652,-0.212,-0.295,0.070
134.900000,6745,-0.06635,0.95026,0.12399,0.34830,0.25827,0.21631,0.20370,-0.06019,0.93951,0.12882,0.33867,0.25733,0.21395,0.20180,-0.05445,0.96166,0.11205,0.34832,0.24322,0.24911,0.18227,0.130,7.525,0.421,0.654,-0.212,-0.293,0.069
135.000000,6750,-0.06635,0.93577,0.12361,0.34563,0.25789,0.21325,0.20103,-0.05955,0.92770,0.12725,0.33540,0.25418,0.21093,0.19953,-0.05379,0.94994,0.11068,0.34505,0.24026,0.24608,0.18004,0.116,7.460,0.403,0.655,-0.213,-0.291,0.068
135.100000,6755,-0.06635,0.92394,0.12284,0.34181,0.25483,0.20982,0.20027,-0.05891,0.91608,0.12569,0.33216,0.25110,0.20800,0.19737,-0.05312,0.93822,0.10932,0.34178,0.23729,0.24304,0.17782,0.103,7.394,0.384,0.656,-0.213,-0.289,0.067
135.200000,6760,-0.06635,0.91364,0.12132,0.33876,0.25293,0.20868,0.19645,-0.05830,0.90445,0.12410,0.32892,0.24783,0.20505,0.19519,-0.05246,0.92650,0.10795,0.33850,0.23433,0.24000,0.17560,0.090,7.327,0.366,0.657,-0.214,-0.287,0.065
135.300000,6765,-0.06635,0.90182,0.11750,0.33494,0.24415,0.20639,0.19264,-0.05777,0.89277,0.12269,0.32568,0.24475,0.20215,0.19285,-0.05180,0.91479,0.10659,0.33524,0.23137,0.23697,0.17338,0.077,7.258,0.348,0.657,-0.215,-0.285,0.064
135.400000,6770,-0.06559,0.88694,0.11674,0.33266,0.23881,0.20448,0.18844,-0.05698,0.88128,0.12081,0.32254,0.24147,0.19915,0.19068,-0.05114,0.90308,0.10522,0.33197,0.22841,0.23394,0.17116,0.064,7.189,0.330,0.657,-0.215,-0.283,0.063
135.500000,6775,-0.06368,0.87588,0.11674,0.33037,0.23576,0.20028,0.18539,-0.05642,0.86942,0.11937,0.31921,0.23848,0.19602,0.18838,-0.05047,0.89138,0.10386,0.32870,0.22545,0.23091,0.16894,0.051,7.118,0.312,0.656,-0.216,-0.281,0.061
135.600000,6780,-0.06368,0.86977,0.11674,0.32503,0.23538,0.19761,0.18501,-0.05600,0.85733,0.11833,0.31579,0.23567,0.19282,0.18600,-0.04981,0.87968,0.10250,0.32543,0.22249,0.22788,0.16673,0.039,7.045,0.294,0.656,-0.216,-0.279,0.060
135.700000,6785,-0.06368,0.85184,0.11483,0.32197,0.23424,0.19151,0.18234,-0.05542,0.84583,0.11677,0.31251,0.23251,0.18994,0.18418,-0.04915,0.86799,0.10113,0.32217,0.21953,0.22485,0.16451,0.026,6.972,0.276,0.655,-0.217,-0.277,0.058
135.800000,6790,-0.06368,0.83811,0.11064,0.31930,0.23195,0.18808,0.18157,-0.05477,0.83423,0.11513,0.30933,0.22927,0.18696,0.18187,-0.04849,0.85630,0.09977,0.31891,0.21657,0.22182,0.16229,0.014,6.898,0.258,0.653,-0.217,-0.275,0.057
135.900000,6795,-0.06368,0.82857,0.11026,0.31473,0.22851,0.18693,0.17852,-0.05418,0.82229,0.11367,0.30609,0.22626,0.18396,0.17927,-0.04782,0.84461,0.09841,0.31564,0.21362,0.21879,0.16008,0.002,6.822,0.240,0.652,-0.218,-0.273,0.055
136.000000,6800,-0.06368,0.81866,0.11026,0.31282,0.22775,0.18350,0.17814,-0.05362,0.81059,0.11227,0.30274,0.22319,0.18088,0.17721,-0.04716,0.83292,0.09705,0.31238,0.21066,0.21576,0.15787,-0.010,6.745,0.222,0.650,-0.218,-0.271,0.054
136.100000,6805,-0.06368,0.80302,0.10835,0.30824,0.22203,0.18121,0.17776,-0.05301,0.79911,0.11069,0.29957,0.22003,0.17804,0.17503,-0.04650,0.82124,0.09569,0.30912,0.20771,0.21274,0.15565,-0.022,6.667,0.205,0.648,-0.219,-0.269,0.052
136.200000,6810,-0.06330,0.79195,0.10377,0.30595,0.21325,0.17968,0.17471,-0.05245,0.78722,0.10924,0.29632,0.21698,0.17498,0.17242,-0.04584,0.80957,0.09433,0.30586,0.20475,0.20971,0.15344,-0.033,6.588,0.187,0.645,-0.219,-0.266,0.051
136.300000,6815,-0.06101,0.78242,0.10377,0.30176,0.21211,0.17701,0.17318,-0.05188,0.77562,0.10773,0.29298,0.21383,0.17189,0.17056,-0.04518,0.79789,0.09297,0.30260,0.20180,0.20669,0.15122,-0.045,6.508,0.169,0.642,-0.220,-0.264,0.049
136.400000,6820,-0.06101,0.77021,0.10377,0.29947,0.20944,0.17244,0.17013,-0.05125,0.76373,0.10636,0.28970,0.21090,0.16876,0.16823,-0.04452,0.78622,0.09161,0.29934,0.19885,0.20366,0.14901,-0.056,6.427,0.152,0.639,-0.220,-0.262,0.048
136.500000,6825,-0.06063,0.75571,0.10377,0.29489,0.20791,0.16900,0.16708,-0.05076,0.75183,0.10503,0.28638,0.20795,0.16569,0.16585,-0.04386,0.77455,0.09025,0.29609,0.19590,0.20064,0.14680,-0.067,6.345,0.135,0.636,-0.221,-0.260,0.046
136.600000,6830,-0.06063,0.74351,0.09805,0.29146,0.20562,0.16443,0.16593,-0.05029,0.74029,0.10371,0.28306,0.20484,0.16276,0.16387,-0.04320,0.76288,0.08889,0.29283,0.19295,0.19762,0.14459,-0.078,6.261,0.117,0.633,-0.221,-0.258,0.044
136.700000,6835,-0.06063,0.73473,0.09805,0.28879,0.20486,0.16214,0.16250,-0.04958,0.72865,0.10199,0.27987,0.20163,0.15979,0.16162,-0.04254,0.75122,0.08753,0.28957,0.19000,0.19460,0.14238,-0.089,6.177,0.100,0.629,-0.222,-0.256,0.043
136.800000,6840,-0.05834,0.72024,0.09729,0.28573,0.20143,0.15985,0.15945,-0.04882,0.71760,0.09998,0.27678,0.19812,0.15711,0.15988,-0.04188,0.73955,0.08617,0.28632,0.18705,0.19158,0.14017,-0.100,6.092,0.083,0.625,-0.222,-0.253,0.041
136.900000,6845,-0.05834,0.70803,0.09271,0.28116,0.19761,0.15718,0.15907,-0.04819,0.70591,0.09844,0.27364,0.19499,0.15409,0.15725,-0.04122,0.72789,0.08481,0.28306,0.18410,0.18856,0.13796,-0.110,6.005,0.066,0.620,-0.222,-0.251,0.039
137.000000,6850,-0.05796,0.69773,0.09080,0.28001,0.19075,0.15451,0.15601,-0.04764,0.69391,0.09708,0.27029,0.19210,0.15099,0.15474,-0.04056,0.71623,0.08345,0.27981,0.18115,0.18554,0.13575,-0.120,5.918,0.049,0.616,-0.223,-0.249,0.037
137.100000,6855,-0.05796,0.68667,0.09080,0.27467,0.18655,0.15260,0.15525,-0.04715,0.68199,0.09591,0.26695,0.18925,0.14788,0.15239,-0.03990,0.70458,0.08209,0.27655,0.17820,0.18252,0.13354,-0.131,5.829,0.033,0.611,-0.223,-0.247,0.036
137.200000,6860,-0.05796,0.67179,0.09042,0.27238,0.18350,0.14917,0.15220,-0.04653,0.67061,0.09427,0.26369,0.18597,0.14498,0.15069,-0.03924,0.69292,0.08073,0.27330,0.17525,0.17950,0.13133,-0.141,5.740,0.016,0.606,-0.224,-0.244,0.034
137.300000,6865,-0.05529,0.65996,0.08737,0.26819,0.18274,0.14535,0.15144,-0.04605,0.65865,0.09301,0.26038,0.18315,0.14172,0.14813,-0.03858,0.68127,0.07938,0.27005,0.17230,0.17648,0.12912,-0.151,5.649,-0.000,0.601,-0.224,-0.242,0.032
137.400000,6870,-0.05262,0.65119,0.08508,0.26628,0.18045,0.14154,0.14800,-0.04551,0.64692,0.09169,0.25704,0.18021,0.13883,0.14611,-0.03792,0.66961,0.07802,0.26679,0.16936,0.17346,0.12691,-0.160,5.558,-0.017,0.595,-0.224,-0.240,0.030
137.500000,6875,-0.05262,0.63707,0.08470,0.26132,0.17892,0.13772,0.14381,-0.04472,0.63551,0.08983,0.25396,0.17675,0.13594,0.14389,-0.03726,0.65796,0.07666,0.26354,0.16641,0.17044,0.12470,-0.170,5.465,-0.033,0.589,-0.225,-0.237,0.029
137.600000,6880,-0.05262,0.62334,0.08393,0.25789,0.17587,0.13543,0.14037,-0.04411,0.62393,0.08815,0.25075,0.17349,0.13301,0.14161,-0.03660,0.64631,0.07530,0.26029,0.16346,0.16742,0.12250,-0.180,5.372,-0.049,0.583,-0.225,-0.235,0.027
137.700000,6885,-0.05223,0.61228,0.08203,0.25560,0.17434,0.13391,0.13618,-0.04364,0.61189,0.08695,0.24740,0.17070,0.12984,0.13904,-0.03594,0.63466,0.07395,0.25704,0.16052,0.16440,0.12029,-0.189,5.278,-0.065,0.577,-0.226,-0.232,0.025
137.800000,6890,-0.04956,0.60350,0.07821,0.25140,0.16786,0.13009,0.13351,-0.04312,0.60032,0.08563,0.24414,0.16786,0.12689,0.13690,-0.03528,0.62301,0.07259,0.25378,0.15757,0.16139,0.11808,-0.198,5.183,-0.081,0.571,-0.226,-0.230,0.023
137.900000,6895,-0.04728,0.58939,0.07783,0.24835,0.16137,0.12780,0.13313,-0.04247,0.58859,0.08417,0.24086,0.16481,0.12389,0.13470,-0.03462,0.61136,0.07123,0.25053,0.15462,0.15837,0.11587,-0.207,5.087,-0.096,0.564,-0.226,-0.228,0.021
138.000000,6900,-0.04728,0.57642,0.07783,0.24530,0.15870,0.12628,0.13122,-0.04189,0.57682,0.08265,0.23758,0.16161,0.12079,0.13243,-0.03396,0.59971,0.06988,0.24728,0.15168,0.15535,0.11366,-0.216,4.990,-0.112,0.557,-0.227,-0.225,0.019
138.100000,6905,-0.04728,0.56536,0.07745,0.24186,0.15680,0.12094,0.12931,-0.04132,0.56520,0.08123,0.23426,0.15857,0.11780,0.13048,-0.03330,0.58807,0.06852,0.24403,0.14873,0.15233,0.11146,-0.225,4.892,-0.127,0.550,-0.227,-0.223,0.018
138.200000,6910,-0.04728,0.55429,0.07745,0.23843,0.15489,0.11941,0.12740,-0.04069,0.55359,0.07954,0.23112,0.15526,0.11486,0.12808,-0.03264,0.57642,0.06716,0.24078,0.14579,0.14932,0.10925,-0.234,4.793,-0.142,0.543,-0.227,-0.220,0.016
138.300000,6915,-0.04728,0.53980,0.07173,0.23538,0.15298,0.11483,0.12550,-0.04011,0.54210,0.07798,0.22786,0.15216,0.11189,0.12600,-0.03198,0.56477,0.06580,0.23752,0.14284,0.14630,0.10704,-0.243,4.694,-0.157,0.536,-0.227,-0.218,0.014
138.400000,6920,-0.04689,0.52873,0.07096,0.23233,0.15222,0.11064,0.12397,-0.03951,0.53021,0.07651,0.22461,0.14913,0.10882,0.12354,-0.03132,0.55312,0.06445,0.23427,0.13989,0.14328,0.10483,-0.251,4.593,-0.172,0.528,-0.228,-0.215,0.012
138.500000,6925,-0.04689,0.51882,0.07096,0.22851,0.14917,0.10873,0.12168,-0.03896,0.51861,0.07514,0.22131,0.14603,0.10593,0.12144,-0.03066,0.54147,0.06309,0.23102,0.13695,0.14026,0.10263,-0.259,4.492,-0.186,0.520,-0.228,-0.213,0.010
138.600000,6930,-0.04689,0.50623,0.06753,0.22432,0.14611,0.10530,0.11825,-0.03831,0.50704,0.07358,0.21814,0.14300,0.10297,0.11925,-0.03000,0.52982,0.06173,0.22777,0.13400,0.13725,0.10042,-0.268,4.390,-0.201,0.513,-0.228,-0.210,0.008
138.700000,6935,-0.04689,0.49288,0.06524,0.22203,0.14077,0.10339,0.11520,-0.03782,0.49499,0.07233,0.21477,0.14015,0.09976,0.11667,-0.02934,0.51817,0.06037,0.22452,0.13105,0.13423,0.09821,-0.276,4.288,-0.215,0.505,-0.229,-0.207,0.006
138.800000,6940,-0.04460,0.48105,0.06524,0.21745,0.13391,0.10110,0.11367,-0.03716,0.48376,0.07063,0.21164,0.13678,0.09703,0.11475,-0.02868,0.50652,0.05902,0.22126,0.12811,0.13121,0.09600,-0.284,4.184,-0.229,0.496,-0.229,-0.205,0.004
138.900000,6945,-0.04422,0.47113,0.06448,0.21516,0.13086,0.09767,0.11062,-0.03661,0.47174,0.06928,0.20827,0.13386,0.09375,0.11235,-0.02802,0.49487,0.05766,0.21801,0.12516,0.12819,0.09379,-0.292,4.080,-0.243,0.488,-0.229,-0.202,0.002
139.000000,6950,-0.04422,0.45702,0.06448,0.21135,0.13009,0.09462,0.10947,-0.03597,0.46027,0.06762,0.20505,0.13058,0.09086,0.11043,-0.02736,0.48321,0.05630,0.21476,0.12221,0.12517,0.09158,-0.299,3.975,-0.256,0.479,-0.229,-0.199,0.001
139.100000,6955,-0.04422,0.44405,0.06257,0.20868,0.12704,0.09194,0.10719,-0.03533,0.44887,0.06591,0.20191,0.12722,0.08810,0.10818,-0.02670,0.47156,0.05494,0.21150,0.11927,0.12215,0.08937,-0.307,3.869,-0.270,0.471,-0.229,-0.197,-0.001
139.200000,6960,-0.04422,0.43489,0.05876,0.20601,0.12666,0.08737,0.10642,-0.03483,0.43689,0.06461,0.19853,0.12439,0.08486,0.10582,-0.02604,0.45990,0.05358,0.20825,0.11632,0.11913,0.08717,-0.315,3.763,-0.283,0.462,-0.230,-0.194,-0.003
139.300000,6965,-0.04422,0.42307,0.05838,0.20181,0.12361,0.08393,0.10375,-0.03416,0.42533,0.06298,0.19535,0.12120,0.08193,0.10367,-0.02538,0.44824,0.05223,0.20500,0.11337,0.11611,0.08496,-0.322,3.656,-0.296,0.453,-0.230,-0.191,-0.005
139.400000,6970,-0.04193,0.40933,0.05494,0.19761,0.12284,0.08203,0.10299,-0.03377,0.41333,0.06192,0.19201,0.11839,0.07876,0.10107,-0.02472,0.43658,0.05087,0.20174,0.11042,0.11309,0.08275,-0.329,3.548,-0.309,0.444,-0.230,-0.189,-0.007
139.500000,6975,-0.04193,0.39674,0.05227,0.19571,0.11827,0.07859,0.09956,-0.03308,0.40186,0.06036,0.18875,0.11531,0.07605,0.09918,-0.02406,0.42492,0.04951,0.19849,0.10747,0.11007,0.08054,-0.337,3.439,-0.321,0.435,-0.230,-0.186,-0.009
139.600000,6980,-0.04155,0.38759,0.05227,0.19113,0.10911,0.07592,0.09841,-0.03237,0.39020,0.05864,0.18562,0.11215,0.07303,0.09664,-0.02340,0.41325,0.04815,0.19523,0.10452,0.10705,0.07832,-0.344,3.330,-0.334,0.425,-0.230,-0.183,-0.011
139.700000,6985,-0.04193,0.37386,0.05151,0.18922,0.10606,0.07516,0.09574,-0.03187,0.37839,0.05726,0.18229,0.10900,0.06991,0.09436,-0.02274,0.40159,0.04679,0.19197,0.10157,0.10403,0.07611,-0.351,3.220,-0.346,0.416,-0.231,-0.180,-0.013
139.800000,6990,-0.04155,0.36012,0.05151,0.18464,0.10415,0.07211,0.09193,-0.03117,0.36712,0.05535,0.17910,0.10549,0.06705,0.09269,-0.02208,0.38992,0.04543,0.18871,0.09862,0.10101,0.07390,-0.358,3.110,-0.358,0.407,-0.231,-0.177,-0.014
139.900000,6995,-0.04155,0.34944,0.04731,0.18197,0.10224,0.06791,0.08887,-0.03065,0.35530,0.05412,0.17578,0.10261,0.06401,0.09041,-0.02142,0.37825,0.04407,0.18546,0.09567,0.09798,0.07169,-0.365,2.999,-0.370,0.397,-0.231,-0.175,-0.016
140.000000,7000,-0.04155,0.33952,0.04579,0.17778,0.10110,0.06562,0.08773,-0.03009,0.34345,0.05265,0.17251,0.09958,0.06086,0.08795,-0.02076,0.36657,0.04271,0.18220,0.09271,0.09496,0.06948,-0.371,2.887,-0.381,0.387,-0.231,-0.172,-0.018
140.100000,7005,-0.03926,0.32579,0.04502,0.17434,0.10072,0.05990,0.08353,-0.02955,0.33149,0.05149,0.16913,0.09695,0.05769,0.08577,-0.02010,0.35489,0.04135,0.17894,0.08976,0.09193,0.06726,-0.378,2.775,-0.392,0.377,-0.231,-0.169,-0.020
140.200000,7010,-0.03545,0.31282,0.04464,0.17167,0.09767,0.05685,0.08086,-0.02906,0.31952,0.05033,0.16579,0.09418,0.05459,0.08325,-0.01943,0.34321,0.03999,0.17568,0.08680,0.08891,0.06505,-0.385,2.662,-0.403,0.367,-0.231,-0.166,-0.022
140.300000,7015,-0.03316,0.30214,0.04312,0.16786,0.09538,0.05418,0.07781,-0.02847,0.30796,0.04873,0.16251,0.09085,0.05175,0.08123,-0.01877,0.33153,0.03863,0.17241,0.08385,0.08588,0.06283,-0.391,2.549,-0.414,0.358,-0.231,-0.163,-0.024
140.400000,7020,-0.03316,0.29069,0.04045,0.16404,0.08660,0.05189,0.07705,-0.02765,0.29675,0.04658,0.15953,0.08716,0.04906,0.07899,-0.01811,0.31984,0.03727,0.16915,0.08089,0.08285,0.06062,-0.398,2.435,-0.425,0.347,-0.231,-0.160,-0.025
140.500000,7025,-0.03316,0.27734,0.03854,0.16214,0.08050,0.04998,0.07400,-0.02711,0.28483,0.04520,0.15620,0.08414,0.04593,0.07652,-0.01745,0.30815,0.03590,0.16589,0.07794,0.07982,0.05840,-0.404,2.321,-0.435,0.337,-0.231,-0.157,-0.027
140.600000,7030,-0.03278,0.26590,0.03854,0.15756,0.07859,0.04808,0.07323,-0.02655,0.27304,0.04369,0.15294,0.08100,0.04277,0.07416,-0.01679,0.29645,0.03454,0.16262,0.07498,0.07679,0.05619,-0.410,2.206,-0.445,0.327,-0.231,-0.154,-0.029
140.700000,7035,-0.03278,0.25522,0.03854,0.15565,0.07821,0.04502,0.07018,-0.02607,0.26105,0.04251,0.14952,0.07816,0.03964,0.07199,-0.01612,0.28476,0.03318,0.15936,0.07202,0.07376,0.05397,-0.416,2.091,-0.455,0.317,-0.232,-0.151,-0.031
140.800000,7040,-0.03087,0.24148,0.03625,0.15184,0.07554,0.04159,0.06904,-0.02545,0.24964,0.04091,0.14631,0.07493,0.03683,0.07000,-0.01546,0.27305,0.03181,0.15609,0.06906,0.07073,0.05175,-0.423,1.975,-0.465,0.307,-0.232,-0.148,-0.032
140.900000,7045,-0.03049,0.22966,0.03243,0.14802,0.07440,0.03739,0.06637,-0.02481,0.23782,0.03940,0.14305,0.07199,0.03368,0.06767,-0.01480,0.26134,0.03045,0.15282,0.06610,0.06770,0.04953,-0.429,1.859,-0.474,0.296,-0.232,-0.145,-0.034
141.000000,7050,-0.03049,0.21859,0.03243,0.14459,0.07135,0.03243,0.06560,-0.02425,0.22585,0.03819,0.13967,0.06916,0.03055,0.06539,-0.01413,0.24963,0.02909,0.14955,0.06314,0.06467,0.04731,-0.435,1.742,-0.483,0.286,-0.232,-0.142,-0.036
141.100000,7055,-0.03049,0.20715,0.03167,0.14230,0.07058,0.03015,0.06255,-0.02367,0.21422,0.03660,0.13643,0.06582,0.02771,0.06323,-0.01347,0.23792,0.02772,0.14628,0.06017,0.06163,0.04509,-0.441,1.625,-0.492,0.276,-0.232,-0.139,-0.037
141.200000,7060,-0.03049,0.19456,0.03167,0.13734,0.06372,0.02862,0.05836,-0.02306,0.20232,0.03507,0.13322,0.06282,0.02464,0.06055,-0.01281,0.22620,0.02635,0.14301,0.05721,0.05859,0.04287,-0.446,1.507,-0.500,0.265,-0.232,-0.136,-0.039
141.300000,7065,-0.03049,0.18197,0.02671,0.13429,0.05609,0.02519,0.05530,-0.02242,0.19095,0.03345,0.12998,0.05951,0.02187,0.05872,-0.01214,0.21447,0.02499,0.13974,0.05424,0.05556,0.04065,-0.452,1.389,-0.509,0.255,-0.232,-0.133,-0.041
141.400000,7070,-0.03011,0.17205,0.02595,0.13086,0.05418,0.02290,0.05454,-0.02187,0.17896,0.03207,0.12665,0.05648,0.01859,0.05630,-0.01148,0.20274,0.02362,0.13646,0.05128,0.05252,0.03843,-0.458,1.271,-0.517,0.244,-0.232,-0.130,-0.042
141.500000,7075,-0.03011,0.15870,0.02519,0.12857,0.05227,0.02175,0.05340,-0.02121,0.16753,0.03025,0.12345,0.05296,0.01578,0.05432,-0.01082,0.19100,0.02225,0.13319,0.04831,0.04948,0.03620,-0.464,1.152,-0.524,0.234,-0.232,-0.127,-0.044
141.600000,7080,-0.02782,0.14611,0.02519,0.12399,0.04960,0.01718,0.05111,-0.02063,0.15555,0.02889,0.12010,0.05024,0.01251,0.05200,-0.01015,0.17926,0.02089,0.12991,0.04534,0.04644,0.03398,-0.469,1.033,-0.532,0.223,-0.232,-0.124,-0.046
141.700000,7085,-0.02782,0.13429,0.02519,0.12094,0.04884,0.01451,0.05035,-0.02008,0.14382,0.02741,0.11683,0.04690,0.00960,0.04976,-0.00949,0.16751,0.01952,0.12663,0.04237,0.04339,0.03175,-0.475,0.914,-0.539,0.213,-0.232,-0.120,-0.047
141.800000,7090,-0.02744,0.12323,0.01946,0.11750,0.04769,0.00878,0.04729,-0.01957,0.13194,0.02610,0.11345,0.04405,0.00650,0.04751,-0.00882,0.15576,0.01815,0.12335,0.03939,0.04035,0.02952,-0.481,0.794,-0.546,0.202,-0.232,-0.117,-0.049
141.900000,7095,-0.02706,0.10987,0.01946,0.11407,0.04464,0.00611,0.04691,-0.01887,0.12024,0.02449,0.11023,0.04089,0.00352,0.04532,-0.00815,0.14400,0.01678,0.12006,0.03642,0.03730,0.02729,-0.486,0.674,-0.553,0.192,-0.232,-0.114,-0.050
142.000000,7100,-0.02553,0.09652,0.01870,0.11064,0.04045,0.00382,0.04386,-0.01822,0.10886,0.02266,0.10705,0.03735,0.00083,0.04333,-0.00749,0.13224,0.01541,0.11678,0.03344,0.03425,0.02506,-0.492,0.554,-0.559,0.181,-0.232,-0.111,-0.052
142.100000,7105,-0.02515,0.08775,0.01527,0.10759,0.03205,0.00077,0.04348,-0.01756,0.09698,0.02099,0.10383,0.03419,-0.00231,0.04073,-0.00682,0.12046,0.01404,0.11349,0.03047,0.03120,0.02283,-0.497,0.433,-0.565,0.171,-0.232,-0.108,-0.053
142.200000,7110,-0.02515,0.07478,0.01298,0.10339,0.02709,-0.00075,0.03966,-0.01712,0.08473,0.01993,0.10038,0.03143,-0.00557,0.03816,-0.00615,0.10867,0.01266,0.11020,0.02748,0.02815,0.02060,-0.502,0.312,-0.571,0.160,-0.232,-0.105,-0.055
142.300000,7115,-0.02515,0.06219,0.01222,0.10110,0.02595,-0.00342,0.03585,-0.01641,0.07324,0.01814,0.09732,0.02798,-0.00845,0.03632,-0.00549,0.09687,0.01129,0.10691,0.02450,0.02509,0.01836,-0.508,0.191,-0.577,0.150,-0.232,-0.101,-0.056
142.400000,7120,-0.02515,0.04960,0.01222,0.09881,0.02519,-0.00648,0.03165,-0.01579,0.06161,0.01647,0.09732,0.02469,-0.01140,0.03438,-0.00482,0.08509,0.00991,0.10362,0.02152,0.02204,0.01613,-0.513,0.070,-0.582,0.140,-0.232,-0.098,-0.057
142.500000,7125,-0.02477,0.03854,0.01031,0.09805,0.02290,-0.01029,0.02860,-0.01519,0.04952,0.01517,0.09732,0.02191,-0.01468,0.03178,-0.00415,0.07335,0.00855,0.10034,0.01855,0.01900,0.01390,-0.519,-0.050,-0.586,0.131,-0.230,-0.093,-0.058
142.600000,7130,-0.02477,0.02709,0.01031,0.09805,0.02175,-0.01411,0.02822,-0.01459,0.03805,0.01356,0.09732,0.01866,-0.01756,0.02975,-0.00350,0.06176,0.00720,0.09711,0.01562,0.01600,0.01171,-0.525,-0.169,-0.590,0.123,-0.228,-0.088,-0.057
142.700000,7135,-0.02439,0.01336,0.00649,0.09805,0.01908,-0.01830,0.02555,-0.01398,0.02685,0.01205,0.09732,0.01558,-0.02035,0.02777,-0.00286,0.05047,0.00588,0.09396,0.01276,0.01307,0.00957,-0.531,-0.283,-0.591,0.119,-0.223,-0.079,-0.054
142.800000,7140,-0.02019,0.00230,0.00573,0.09805,0.01832,-0.02097,0.02479,-0.01362,0.01581,0.01085,0.09732,0.01286,-0.02338,0.02540,-0.00225,0.03974,0.00463,0.09096,0.01005,0.01029,0.00753,-0.539,-0.390,-0.590,0.119,-0.214,-0.068,-0.048
142.900000,7145,-0.01905,-0.00609,0.00573,0.09805,0.01107,-0.02212,0.02173,-0.01307,0.00581,0.00958,0.09732,0.01017,-0.02575,0.02313,-0.00170,0.03000,0.00350,0.08824,0.00759,0.00777,0.00569,-0.547,-0.482,-0.585,0.127,-0.199,-0.049,-0.036
143.000000,7150,-0.01638,-0.01639,0.00535,0.09805,0.00726,-0.02288,0.02135,-0.01278,-0.00264,0.00865,0.09732,0.00789,-0.02809,0.02125,-0.00124,0.02192,0.00255,0.08598,0.00554,0.00568,0.00415,-0.558,-0.545,-0.574,0.147,-0.173,-0.021,-0.016
143.100000,7155,-0.01676,-0.02441,0.00382,0.09805,0.00382,-0.02288,0.02135,-0.01259,-0.00895,0.00789,0.09732,0.00594,-0.02968,0.01996,-0.00090,0.01590,0.00185,0.08430,0.00402,0.00412,0.00301,-0.568,-0.562,-0.560,0.177,-0.141,0.014,0.009
143.200000,7160,-0.01676,-0.02517,0.00382,0.09805,0.00344,-0.02479,0.02097,-0.01256,-0.01371,0.00755,0.09732,0.00490,-0.03112,0.01889,-0.00066,0.01165,0.00136,0.08312,0.00295,0.00302,0.00221,-0.576,-0.542,-0.548,0.203,-0.114,0.043,0.029
143.300000,7165,-0.01638,-0.02822,0.00382,0.09805,0.00344,-0.02517,0.02135,-0.01257,-0.01626,0.00733,0.09732,0.00410,-0.03179,0.01850,-0.00053,0.00929,0.00108,0.08246,0.00235,0.00241,0.00176,-0.582,-0.507,-0.540,0.222,-0.095,0.063,0.043
143.400000,7170,-0.01676,-0.03547,0.00382,0.09805,0.00382,-0.02517,0.02135,-0.01250,-0.01783,0.00695,0.09732,0.00341,-0.03215,0.01813,-0.00044,0.00774,0.00090,0.08203,0.00196,0.00201,0.00147,-0.585,-0.483,-0.535,0.233,-0.084,0.075,0.051
143.500000,7175,-0.01676,-0.03547,0.00382,0.09805,0.00382,-0.02555,0.02135,-0.01254,-0.01905,0.00695,0.09732,0.00324,-0.03255,0.01766,-0.00039,0.00681,0.00079,0.08177,0.00172,0.00176,0.00129,-0.587,-0.461,-0.532,0.241,-0.076,0.083,0.057
