t,idx,q1,q2,q3,q4,q5,q6,q7,cmd1,cmd2,cmd3,cmd4,cmd5,cmd6,cmd7,qref1,qref2,qref3,qref4,qref5,qref6,qref7
0.000000,0,-0.00074,0.00039,-0.00037,0.07936,0.00001,0.00001,-0.00001,0.03346,0.05039,0.00487,0.12936,-0.02188,-0.01033,0.00198,0.00159,0.00308,-0.00455,0.08180,-0.00414,-0.00251,-0.00242
0.100000,5,0.00346,0.02633,0.00039,0.12170,-0.01411,-0.00075,-0.00688,0.03169,0.08650,-0.00163,0.14609,-0.01937,-0.01069,-0.00402,0.00179,0.00347,-0.00512,0.08204,-0.00466,-0.00283,-0.00272
0.200000,10,0.03398,0.08012,-0.00037,0.14573,-0.02173,-0.00838,-0.00497,0.03223,0.08618,-0.00283,0.14742,-0.02098,-0.01129,-0.00389,0.00214,0.00416,-0.00614,0.08247,-0.00559,-0.00339,-0.00326
0.300000,15,0.03894,0.09729,0.00039,0.15069,-0.02326,-0.01334,-0.00077,0.03269,0.10953,0.01058,0.14770,-0.02150,-0.01417,-0.00106,0.00276,0.00536,-0.00791,0.08322,-0.00720,-0.00437,-0.00421
0.400000,20,0.02330,0.09194,0.00192,0.14611,-0.02517,-0.01067,-0.00306,0.03424,0.11233,0.00990,0.14986,-0.02503,-0.01634,-0.00125,0.00390,0.00755,-0.01116,0.08460,-0.01015,-0.00616,-0.00593
0.500000,25,0.01872,0.09347,0.00611,0.14383,-0.02593,-0.01105,-0.00611,0.03551,0.11275,-0.00031,0.15104,-0.02958,-0.01934,-0.00637,0.00568,0.01101,-0.01626,0.08676,-0.01480,-0.00898,-0.00865
0.600000,30,0.02521,0.09729,0.00535,0.14459,-0.02822,-0.01525,-0.00764,0.03783,0.12064,-0.00718,0.15359,-0.03603,-0.02376,-0.01093,0.00818,0.01585,-0.02342,0.08980,-0.02131,-0.01293,-0.01245
0.700000,35,-0.01485,0.01184,-0.00037,0.11178,-0.03013,0.00192,-0.02252,0.04030,0.13612,-0.01207,0.15433,-0.04230,-0.02957,-0.01696,0.01125,0.02181,-0.03222,0.09353,-0.02931,-0.01779,-0.01713
0.800000,40,0.02368,0.07897,-0.02975,0.14154,-0.04653,-0.02097,-0.02633,0.04608,0.09600,-0.04752,0.16132,-0.05593,-0.03242,-0.02678,0.01474,0.02857,-0.04221,0.09777,-0.03840,-0.02331,-0.02244
0.900000,45,0.06106,0.12819,-0.04195,0.16900,-0.05530,-0.03699,-0.02519,0.04845,0.13549,-0.04228,0.16295,-0.06317,-0.03952,-0.02965,0.01853,0.03592,-0.05306,0.10237,-0.04827,-0.02930,-0.02821
1.000000,50,0.05458,0.12895,-0.04195,0.17205,-0.05988,-0.03623,-0.02671,0.05274,0.15367,-0.04336,0.16862,-0.07334,-0.04704,-0.03215,0.02251,0.04364,-0.06447,0.10721,-0.05865,-0.03561,-0.03428
1.100000,55,0.03474,0.12933,-0.04195,0.16290,-0.07819,-0.04233,-0.03930,0.05741,0.15697,-0.05628,0.17352,-0.08426,-0.05301,-0.03842,0.02661,0.05159,-0.07621,0.11219,-0.06933,-0.04209,-0.04051
1.200000,60,0.03970,0.13620,-0.05988,0.16404,-0.08430,-0.04844,-0.04617,0.06081,0.16719,-0.07033,0.17766,-0.09457,-0.06012,-0.04654,0.03076,0.05964,-0.08810,0.11724,-0.08015,-0.04866,-0.04684
1.300000,65,0.05305,0.14039,-0.07362,0.17091,-0.09689,-0.05530,-0.04998,0.06494,0.17633,-0.08197,0.18143,-0.10476,-0.06651,-0.05361,0.03495,0.06775,-0.10008,0.12231,-0.09104,-0.05527,-0.05320
1.400000,70,0.05572,0.14878,-0.08201,0.17625,-0.10757,-0.06141,-0.05342,0.06936,0.17890,-0.09602,0.18730,-0.11642,-0.07253,-0.05920,0.03914,0.07587,-0.11208,0.12740,-0.10196,-0.06190,-0.05958
1.500000,75,0.05534,0.15603,-0.09536,0.17625,-0.11596,-0.06675,-0.06105,0.07328,0.19248,-0.10559,0.19167,-0.12697,-0.07954,-0.06543,0.04333,0.08400,-0.12408,0.13250,-0.11288,-0.06853,-0.06597
1.600000,80,0.05801,0.16481,-0.10871,0.18121,-0.13046,-0.07400,-0.06753,0.07758,0.19719,-0.11969,0.19666,-0.13812,-0.08580,-0.07228,0.04752,0.09212,-0.13608,0.13759,-0.12380,-0.07515,-0.07234
1.700000,85,0.06373,0.17205,-0.12054,0.18579,-0.13808,-0.08086,-0.07554,0.08137,0.20569,-0.13254,0.20059,-0.14832,-0.09220,-0.07939,0.05171,0.10024,-0.14808,0.14268,-0.13472,-0.08178,-0.07872
1.800000,90,0.06946,0.18007,-0.13541,0.19151,-0.15106,-0.08392,-0.08088,0.08597,0.21235,-0.14435,0.20517,-0.15938,-0.09888,-0.08596,0.05590,0.10837,-0.16008,0.14776,-0.14563,-0.08841,-0.08510
1.900000,95,0.07213,0.18884,-0.14304,0.19532,-0.16059,-0.09269,-0.08699,0.09021,0.22161,-0.15504,0.21016,-0.17024,-0.10560,-0.09185,0.06009,0.11649,-0.17208,0.15285,-0.15655,-0.09504,-0.09148
2.000000,100,0.07365,0.19571,-0.15868,0.19876,-0.17051,-0.09956,-0.09194,0.09391,0.23317,-0.16694,0.21436,-0.18052,-0.11221,-0.09901,0.06428,0.12461,-0.18408,0.15794,-0.16747,-0.10166,-0.09786
2.100000,105,0.07556,0.20372,-0.16898,0.20410,-0.18386,-0.10642,-0.10263,0.09848,0.23994,-0.17847,0.21914,-0.19170,-0.11896,-0.10507,0.06847,0.13274,-0.19608,0.16303,-0.17838,-0.10829,-0.10424
2.200000,110,0.08281,0.21097,-0.18272,0.20868,-0.19073,-0.11138,-0.10911,0.10193,0.24869,-0.19298,0.22317,-0.20197,-0.12520,-0.11304,0.07266,0.14086,-0.20808,0.16812,-0.18930,-0.11492,-0.11062
2.300000,115,0.08967,0.21974,-0.19607,0.21554,-0.20637,-0.11863,-0.11293,0.10639,0.25845,-0.20291,0.22809,-0.21270,-0.13171,-0.11877,0.07685,0.14899,-0.22008,0.17321,-0.20022,-0.12155,-0.11700
2.400000,120,0.09158,0.22775,-0.20637,0.22088,-0.21362,-0.12626,-0.11712,0.11062,0.26677,-0.21426,0.23241,-0.22352,-0.13821,-0.12483,0.08104,0.15711,-0.23208,0.17830,-0.21114,-0.12817,-0.12338
2.500000,125,0.09158,0.23614,-0.21858,0.22279,-0.22621,-0.13198,-0.12819,0.11506,0.27577,-0.22570,0.23671,-0.23408,-0.14481,-0.13203,0.08523,0.16523,-0.24408,0.18339,-0.22205,-0.13480,-0.12976
2.600000,130,0.09463,0.24186,-0.23078,0.22546,-0.23689,-0.13541,-0.13314,0.11903,0.28487,-0.23755,0.24109,-0.24499,-0.15157,-0.13827,0.08942,0.17336,-0.25608,0.18848,-0.23297,-0.14143,-0.13614
2.700000,135,0.10303,0.25026,-0.24414,0.23233,-0.24566,-0.14381,-0.13887,0.12301,0.29262,-0.25073,0.24537,-0.25530,-0.15785,-0.14562,0.09361,0.18148,-0.26808,0.19357,-0.24389,-0.14806,-0.14252
2.800000,140,0.10837,0.25865,-0.25672,0.23843,-0.26130,-0.15258,-0.14421,0.12734,0.30227,-0.26134,0.24999,-0.26615,-0.16456,-0.15180,0.09780,0.18960,-0.28008,0.19866,-0.25480,-0.15468,-0.14890
2.900000,145,0.10837,0.26704,-0.26741,0.24225,-0.26779,-0.15716,-0.15413,0.13169,0.30928,-0.27323,0.25484,-0.27732,-0.17121,-0.15776,0.10199,0.19773,-0.29208,0.20375,-0.26572,-0.16131,-0.15528
3.000000,150,0.11104,0.27467,-0.27961,0.24263,-0.28114,-0.16212,-0.15908,0.13565,0.31666,-0.28614,0.25987,-0.28803,-0.17761,-0.16434,0.10618,0.20585,-0.30408,0.20884,-0.27664,-0.16794,-0.16166
3.100000,155,0.11905,0.28345,-0.29335,0.24949,-0.29144,-0.17013,-0.16519,0.13932,0.32623,-0.29961,0.26389,-0.29847,-0.18425,-0.17205,0.11037,0.21397,-0.31608,0.21393,-0.28756,-0.17457,-0.16804
3.200000,160,0.12439,0.28993,-0.30479,0.25751,-0.29983,-0.17852,-0.17167,0.14403,0.33262,-0.31042,0.26875,-0.30964,-0.19045,-0.17740,0.11456,0.22210,-0.32808,0.21902,-0.29847,-0.18119,-0.17442
3.300000,165,0.12477,0.29794,-0.31623,0.26132,-0.31509,-0.18310,-0.18007,0.14844,0.33915,-0.32274,0.27370,-0.32066,-0.19708,-0.18386,0.11875,0.23022,-0.34008,0.22411,-0.30939,-0.18782,-0.18080
3.400000,170,0.12553,0.30710,-0.32882,0.26361,-0.32196,-0.18768,-0.18464,0.15233,0.34891,-0.33467,0.27782,-0.33115,-0.20370,-0.19071,0.12294,0.23834,-0.35208,0.22920,-0.32031,-0.19445,-0.18718
3.500000,175,0.13164,0.31702,-0.34256,0.26781,-0.33607,-0.19531,-0.19151,0.15617,0.35707,-0.34850,0.28197,-0.34144,-0.21006,-0.19856,0.12713,0.24647,-0.36408,0.23429,-0.33122,-0.20108,-0.19356
3.600000,180,0.14117,0.32274,-0.35400,0.27582,-0.34446,-0.20408,-0.19723,0.15999,0.36838,-0.35950,0.28630,-0.35207,-0.21692,-0.20500,0.13132,0.25459,-0.37608,0.23938,-0.34214,-0.20770,-0.19994
3.700000,185,0.14384,0.33037,-0.36659,0.28192,-0.35362,-0.21018,-0.20334,0.16450,0.37581,-0.37066,0.29159,-0.36296,-0.22352,-0.21101,0.13551,0.26272,-0.38809,0.24447,-0.35306,-0.21433,-0.20632
3.800000,190,0.14690,0.33800,-0.37689,0.28268,-0.36773,-0.21591,-0.21173,0.16898,0.38251,-0.38247,0.29607,-0.37410,-0.22982,-0.21687,0.13970,0.27084,-0.40009,0.24956,-0.36398,-0.22096,-0.21270
3.900000,195,0.15033,0.34563,-0.39024,0.28879,-0.37460,-0.22087,-0.21745,0.17309,0.39113,-0.39466,0.30061,-0.38488,-0.23637,-0.22367,0.14390,0.27896,-0.41209,0.25465,-0.37489,-0.22759,-0.21908
4.000000,200,0.15567,0.35593,-0.40168,0.29336,-0.39100,-0.23116,-0.22470,0.17746,0.40080,-0.40514,0.30488,-0.39533,-0.24306,-0.23016,0.14809,0.28709,-0.42409,0.25974,-0.38581,-0.23421,-0.22546
4.100000,205,0.15605,0.36508,-0.41656,0.29909,-0.39787,-0.23689,-0.23004,0.18153,0.40760,-0.41806,0.30971,-0.40630,-0.24941,-0.23657,0.15228,0.29521,-0.43609,0.26483,-0.39673,-0.24084,-0.23184
4.200000,210,0.15834,0.37157,-0.42381,0.30290,-0.41008,-0.24146,-0.23691,0.18557,0.41583,-0.43079,0.31366,-0.41662,-0.25594,-0.24399,0.15647,0.30333,-0.44809,0.26992,-0.40764,-0.24747,-0.23822
4.300000,215,0.16444,0.37843,-0.44059,0.30672,-0.42228,-0.24757,-0.24034,0.18974,0.42566,-0.44248,0.31765,-0.42734,-0.26257,-0.25084,0.16066,0.31146,-0.46009,0.27501,-0.41856,-0.25410,-0.24460
4.400000,220,0.17207,0.38721,-0.45242,0.31358,-0.43030,-0.25749,-0.24797,0.19400,0.43315,-0.45377,0.32303,-0.43844,-0.26909,-0.25632,0.16485,0.31958,-0.47209,0.28010,-0.42948,-0.26072,-0.25098
4.500000,225,0.17474,0.39713,-0.46387,0.31854,-0.44403,-0.26206,-0.25445,0.19822,0.43955,-0.46669,0.32761,-0.44933,-0.27552,-0.26300,0.16904,0.32770,-0.48409,0.28519,-0.44040,-0.26735,-0.25736
4.600000,230,0.17513,0.40590,-0.47645,0.32121,-0.45242,-0.26855,-0.26285,0.20247,0.44924,-0.47772,0.33256,-0.46030,-0.28218,-0.26909,0.17323,0.33583,-0.49609,0.29028,-0.45131,-0.27398,-0.26374
4.700000,235,0.17780,0.41391,-0.48828,0.32579,-0.46463,-0.27351,-0.27009,0.20641,0.45874,-0.48990,0.33688,-0.47071,-0.28875,-0.27617,0.17742,0.34395,-0.50809,0.29537,-0.46223,-0.28061,-0.27012
4.800000,240,0.18886,0.42078,-0.50049,0.33075,-0.47493,-0.28419,-0.27696,0.20985,0.46740,-0.50449,0.34039,-0.48089,-0.29509,-0.28429,0.18161,0.35208,-0.52009,0.30046,-0.47315,-0.28723,-0.27650
4.900000,245,0.19153,0.42841,-0.51346,0.33990,-0.48370,-0.28991,-0.28192,0.21482,0.47363,-0.51492,0.34543,-0.49228,-0.30140,-0.28959,0.18580,0.36020,-0.53209,0.30555,-0.48406,-0.29386,-0.28288
5.000000,250,0.19153,0.43642,-0.52490,0.34181,-0.49820,-0.29487,-0.28879,0.21875,0.48436,-0.52545,0.35064,-0.50288,-0.30834,-0.29562,0.18999,0.36832,-0.54409,0.31064,-0.49498,-0.30049,-0.28926
5.100000,255,0.19420,0.44672,-0.53711,0.34677,-0.50468,-0.30021,-0.29298,0.22235,0.49264,-0.53962,0.35457,-0.51322,-0.31500,-0.30343,0.19418,0.37645,-0.55609,0.31573,-0.50590,-0.30712,-0.29564
5.200000,260,0.20297,0.45549,-0.55008,0.34982,-0.51842,-0.30899,-0.30023,0.22725,0.49967,-0.55065,0.35875,-0.52425,-0.32128,-0.30969,0.19837,0.38457,-0.56809,0.32082,-0.51682,-0.31374,-0.30202
5.300000,265,0.20755,0.46312,-0.56038,0.35974,-0.52795,-0.31585,-0.30557,0.23119,0.50954,-0.56155,0.36386,-0.53504,-0.32788,-0.31543,0.20256,0.39269,-0.58009,0.32591,-0.52773,-0.32037,-0.30840
5.400000,270,0.20793,0.46961,-0.57030,0.36127,-0.53863,-0.32196,-0.31511,0.23542,0.51844,-0.57329,0.36830,-0.54562,-0.33426,-0.32234,0.20675,0.40082,-0.59209,0.33100,-0.53865,-0.32700,-0.31478
5.500000,275,0.20831,0.47800,-0.58632,0.36623,-0.55122,-0.32882,-0.31892,0.23975,0.52432,-0.58684,0.37227,-0.55655,-0.34073,-0.32946,0.21094,0.40894,-0.60409,0.33609,-0.54957,-0.33363,-0.32116
5.600000,280,0.21823,0.48715,-0.60043,0.36890,-0.55771,-0.33607,-0.32846,0.24343,0.53108,-0.60059,0.37816,-0.56755,-0.34729,-0.33568,0.21513,0.41706,-0.61609,0.34118,-0.56048,-0.34025,-0.32753
5.700000,285,0.22472,0.49707,-0.60959,0.37767,-0.57449,-0.34332,-0.33494,0.24776,0.54255,-0.61056,0.38164,-0.57784,-0.35374,-0.34236,0.21932,0.42519,-0.62809,0.34627,-0.57140,-0.34688,-0.33391
5.800000,290,0.22739,0.50318,-0.62294,0.37996,-0.58098,-0.34904,-0.34029,0.25203,0.55092,-0.62136,0.38684,-0.58882,-0.36047,-0.34813,0.22351,0.43331,-0.64009,0.35136,-0.58232,-0.35351,-0.34029
5.900000,295,0.23006,0.51081,-0.63553,0.38454,-0.59395,-0.35514,-0.34524,0.25622,0.55940,-0.63387,0.39043,-0.59917,-0.36720,-0.35568,0.22770,0.44144,-0.65209,0.35645,-0.59324,-0.36013,-0.34667
6.000000,300,0.23731,0.52034,-0.64888,0.38873,-0.60539,-0.36354,-0.35287,0.26006,0.56697,-0.64677,0.39606,-0.61025,-0.37358,-0.36175,0.23189,0.44956,-0.66409,0.36154,-0.60415,-0.36676,-0.35305
6.100000,305,0.23921,0.53026,-0.65994,0.39674,-0.61493,-0.37002,-0.35745,0.26472,0.57532,-0.65754,0.40022,-0.62099,-0.38015,-0.36825,0.23608,0.45768,-0.67609,0.36663,-0.61507,-0.37339,-0.35943
6.200000,310,0.24112,0.53789,-0.66872,0.39941,-0.62828,-0.37536,-0.36432,0.26877,0.58017,-0.67183,0.40426,-0.63188,-0.38618,-0.37490,0.24027,0.46581,-0.68809,0.37172,-0.62599,-0.38002,-0.36581
6.300000,315,0.24455,0.54628,-0.68474,0.40361,-0.63553,-0.38223,-0.37004,0.27301,0.58768,-0.68417,0.40904,-0.64288,-0.39288,-0.38159,0.24446,0.47393,-0.70009,0.37681,-0.63690,-0.38664,-0.37219
6.400000,320,0.25256,0.55353,-0.69466,0.40628,-0.65003,-0.39024,-0.37881,0.27689,0.59943,-0.69481,0.41420,-0.65323,-0.39986,-0.38832,0.24865,0.48205,-0.71209,0.38190,-0.64782,-0.39327,-0.37857
6.500000,325,0.25562,0.56345,-0.70915,0.41658,-0.65880,-0.39673,-0.38416,0.28119,0.60940,-0.70551,0.41746,-0.66380,-0.40622,-0.39472,0.25284,0.49018,-0.72409,0.38699,-0.65874,-0.39990,-0.38495
6.600000,330,0.25791,0.57184,-0.72060,0.41925,-0.66795,-0.40321,-0.39178,0.28558,0.61762,-0.71697,0.42233,-0.67461,-0.41290,-0.40123,0.25703,0.49830,-0.73609,0.39208,-0.66966,-0.40653,-0.39133
6.700000,335,0.25943,0.58252,-0.73395,0.42383,-0.68169,-0.40970,-0.39827,0.28922,0.62267,-0.73238,0.42773,-0.68564,-0.41914,-0.40803,0.26122,0.50642,-0.74809,0.39717,-0.68057,-0.41315,-0.39771
6.800000,340,0.26897,0.58863,-0.74578,0.42764,-0.68894,-0.41732,-0.40475,0.29291,0.63660,-0.74313,0.43098,-0.69557,-0.42609,-0.41582,0.26542,0.51455,-0.76009,0.40226,-0.69149,-0.41978,-0.40409
6.900000,345,0.27469,0.59664,-0.75760,0.43642,-0.70496,-0.42343,-0.40895,0.29772,0.64291,-0.75374,0.43581,-0.70662,-0.43243,-0.42120,0.26961,0.52267,-0.77209,0.40735,-0.70241,-0.42641,-0.41047
7.000000,350,0.27469,0.60465,-0.76866,0.43909,-0.71144,-0.42953,-0.41696,0.30215,0.64928,-0.76556,0.44094,-0.71787,-0.43890,-0.42690,0.27380,0.53079,-0.78409,0.41244,-0.71332,-0.43304,-0.41685
7.100000,355,0.27736,0.61342,-0.78202,0.44328,-0.72594,-0.43678,-0.42154,0.30580,0.65836,-0.77933,0.44496,-0.72809,-0.44547,-0.43488,0.27799,0.53892,-0.79609,0.41753,-0.72424,-0.43966,-0.42323
7.200000,360,0.28575,0.62448,-0.79499,0.44786,-0.73586,-0.44365,-0.42955,0.31068,0.66116,-0.79212,0.44991,-0.73970,-0.45168,-0.44048,0.28218,0.54704,-0.80809,0.42262,-0.73516,-0.44629,-0.42961
7.300000,365,0.29071,0.63250,-0.80681,0.45397,-0.74539,-0.44937,-0.43718,0.31441,0.67691,-0.80074,0.45416,-0.74974,-0.45859,-0.44685,0.28637,0.55517,-0.82009,0.42771,-0.74608,-0.45292,-0.43599
7.400000,370,0.29071,0.63784,-0.81559,0.45702,-0.75913,-0.45624,-0.44481,0.31860,0.68415,-0.81328,0.45879,-0.76064,-0.46506,-0.45339,0.29056,0.56329,-0.83209,0.43280,-0.75699,-0.45955,-0.44237
7.500000,375,0.29376,0.64775,-0.82970,0.46427,-0.76676,-0.46501,-0.45053,0.32296,0.69019,-0.82589,0.46397,-0.77182,-0.47147,-0.45957,0.29475,0.57141,-0.84409,0.43789,-0.76791,-0.46617,-0.44875
7.600000,380,0.30216,0.65729,-0.84191,0.46732,-0.78125,-0.47111,-0.45625,0.32707,0.69815,-0.83848,0.46771,-0.78228,-0.47796,-0.46677,0.29894,0.57954,-0.85609,0.44298,-0.77883,-0.47280,-0.45513
7.700000,385,0.30712,0.66797,-0.85488,0.47342,-0.78965,-0.47798,-0.46198,0.33115,0.70937,-0.84915,0.47249,-0.79292,-0.48468,-0.47316,0.30313,0.58766,-0.86809,0.44807,-0.78974,-0.47943,-0.46151
7.800000,390,0.30750,0.67408,-0.86594,0.47762,-0.79880,-0.48370,-0.46884,0.33538,0.71964,-0.85999,0.47581,-0.80322,-0.49150,-0.48032,0.30732,0.59578,-0.88009,0.45316,-0.80066,-0.48606,-0.46789
7.900000,395,0.31207,0.68285,-0.88005,0.48296,-0.81330,-0.49209,-0.47342,0.33895,0.72608,-0.87492,0.48162,-0.81403,-0.49772,-0.48728,0.31151,0.60391,-0.89210,0.45825,-0.81158,-0.49268,-0.47427
8.000000,400,0.32123,0.68781,-0.89074,0.48754,-0.81978,-0.49858,-0.47991,0.34332,0.73686,-0.88503,0.48458,-0.82462,-0.50448,-0.49396,0.31570,0.61203,-0.90410,0.46334,-0.82250,-0.49931,-0.48065
8.100000,405,0.32276,0.69887,-0.90371,0.49516,-0.83695,-0.50545,-0.48868,0.34776,0.74070,-0.89823,0.49069,-0.83591,-0.51078,-0.49970,0.31989,0.62015,-0.91610,0.46843,-0.83341,-0.50594,-0.48703
8.200000,410,0.32428,0.70955,-0.91324,0.49783,-0.84420,-0.51155,-0.49631,0.35232,0.74561,-0.91197,0.49480,-0.84688,-0.51679,-0.50683,0.32408,0.62828,-0.92810,0.47352,-0.84433,-0.51257,-0.49341
8.300000,415,0.32962,0.71795,-0.92888,0.50051,-0.85526,-0.51842,-0.50318,0.35602,0.75950,-0.92107,0.49915,-0.85699,-0.52387,-0.51287,0.32827,0.63640,-0.94010,0.47861,-0.85525,-0.51919,-0.49979
8.400000,420,0.33611,0.72558,-0.93842,0.50737,-0.86747,-0.52643,-0.51004,0.36009,0.76564,-0.93523,0.50406,-0.86800,-0.53024,-0.52005,0.33246,0.64453,-0.95210,0.48370,-0.86616,-0.52582,-0.50617
8.500000,425,0.34069,0.73321,-0.95177,0.51233,-0.87662,-0.53177,-0.51767,0.36435,0.77591,-0.94516,0.50838,-0.87871,-0.53687,-0.52584,0.33665,0.65265,-0.96410,0.48879,-0.87708,-0.53245,-0.51255
8.600000,430,0.34069,0.74312,-0.96360,0.51767,-0.89074,-0.53825,-0.52225,0.36892,0.77764,-0.96056,0.51267,-0.88987,-0.54298,-0.53307,0.34084,0.66077,-0.97610,0.49388,-0.88800,-0.53908,-0.51893
8.700000,435,0.34641,0.75152,-0.97771,0.51996,-0.89760,-0.54550,-0.52797,0.37260,0.79348,-0.96898,0.51713,-0.90001,-0.54987,-0.53913,0.34503,0.66890,-0.98810,0.49897,-0.89892,-0.54570,-0.52531
8.800000,440,0.35480,0.76220,-0.98916,0.52683,-0.91286,-0.55313,-0.53446,0.37708,0.79903,-0.98190,0.52142,-0.91100,-0.55638,-0.54597,0.34922,0.67702,-1.00010,0.50406,-0.90983,-0.55233,-0.53169
8.900000,445,0.35747,0.76792,-0.99564,0.52873,-0.92049,-0.55885,-0.54056,0.38113,0.80976,-0.99207,0.52684,-0.92181,-0.56327,-0.55170,0.35341,0.68514,-1.01210,0.50915,-0.92075,-0.55896,-0.53807
9.000000,450,0.35747,0.77517,-1.01205,0.53522,-0.93232,-0.56648,-0.54781,0.38511,0.81551,-1.00630,0.53142,-0.93248,-0.56944,-0.55879,0.35760,0.69327,-1.02410,0.51424,-0.93167,-0.56559,-0.54445
9.100000,455,0.36624,0.78509,-1.02540,0.53980,-0.94376,-0.57449,-0.55544,0.38936,0.82538,-1.01770,0.53579,-0.94330,-0.57596,-0.56542,0.36179,0.70139,-1.03610,0.51933,-0.94258,-0.57221,-0.55083
9.200000,460,0.37120,0.79615,-1.03722,0.54781,-0.95368,-0.57983,-0.56230,0.39347,0.83371,-1.02980,0.53949,-0.95374,-0.58253,-0.57248,0.36598,0.70951,-1.04810,0.52442,-0.95350,-0.57884,-0.55721
9.300000,465,0.37349,0.80378,-1.04829,0.54933,-0.96589,-0.58517,-0.57108,0.39777,0.83991,-1.04204,0.54497,-0.96492,-0.58907,-0.57823,0.37017,0.71764,-1.06010,0.52951,-0.96442,-0.58547,-0.56359
9.400000,470,0.37654,0.81026,-1.05935,0.55735,-0.97581,-0.59357,-0.57527,0.40180,0.85014,-1.05447,0.54824,-0.97519,-0.59560,-0.58617,0.37436,0.72576,-1.07210,0.53460,-0.97534,-0.59210,-0.56997
9.500000,475,0.38456,0.81827,-1.07308,0.55849,-0.98649,-0.59967,-0.58176,0.40540,0.86178,-1.06544,0.55350,-0.98555,-0.60247,-0.59257,0.37855,0.73389,-1.08410,0.53969,-0.98625,-0.59872,-0.57634
9.600000,480,0.38761,0.82896,-1.08338,0.56536,-0.99869,-0.60577,-0.58672,0.40972,0.86535,-1.07964,0.55858,-0.99697,-0.60892,-0.59876,0.38274,0.74201,-1.09610,0.54478,-0.99717,-0.60535,-0.58272
9.700000,485,0.38990,0.83811,-1.09597,0.56917,-1.00861,-0.61302,-0.59282,0.41420,0.87670,-1.08968,0.56198,-1.00727,-0.61523,-0.60580,0.38693,0.75013,-1.10810,0.54987,-1.00809,-0.61198,-0.58910
9.800000,490,0.39524,0.84879,-1.10856,0.57413,-1.02120,-0.62141,-0.60198,0.41794,0.88475,-1.10247,0.56710,-1.01804,-0.62172,-0.61212,0.39113,0.75826,-1.12010,0.55496,-1.01900,-0.61861,-0.59548
9.900000,495,0.40439,0.85223,-1.11962,0.57718,-1.02845,-0.62752,-0.60732,0.42187,0.89483,-1.11445,0.57033,-1.02824,-0.62843,-0.61956,0.39532,0.76638,-1.13210,0.56005,-1.02992,-0.62523,-0.60186
10.000000,500,0.40592,0.86176,-1.13259,0.58481,-1.04333,-0.63324,-0.61304,0.42655,0.89911,-1.12649,0.57657,-1.03988,-0.63482,-0.62464,0.39951,0.77450,-1.14410,0.56514,-1.04084,-0.63186,-0.60824
10.100000,505,0.40744,0.87054,-1.14213,0.58557,-1.05134,-0.63896,-0.62258,0.43106,0.91000,-1.13622,0.58033,-1.05068,-0.64141,-0.63088,0.40370,0.78263,-1.15610,0.57023,-1.05176,-0.63849,-0.61462
10.200000,510,0.41469,0.88274,-1.15815,0.59244,-1.06240,-0.64774,-0.63021,0.43427,0.91759,-1.15163,0.58523,-1.06078,-0.64790,-0.63883,0.40789,0.79075,-1.16810,0.57532,-1.06267,-0.64512,-0.62100
10.300000,515,0.41965,0.89152,-1.16807,0.59740,-1.07537,-0.65460,-0.63402,0.43904,0.92492,-1.16225,0.58940,-1.07185,-0.65435,-0.64469,0.41208,0.79887,-1.18010,0.58041,-1.07359,-0.65174,-0.62738
10.400000,520,0.42118,0.89915,-1.17989,0.60160,-1.08300,-0.65918,-0.64089,0.44330,0.93402,-1.17320,0.59419,-1.08278,-0.66089,-0.65066,0.41627,0.80700,-1.19210,0.58550,-1.08451,-0.65837,-0.63376
10.500000,525,0.42347,0.90372,-1.19248,0.60389,-1.09711,-0.66605,-0.64775,0.44754,0.94416,-1.18409,0.59769,-1.09323,-0.66774,-0.65773,0.42046,0.81512,-1.20410,0.59059,-1.09542,-0.66500,-0.64014
10.600000,530,0.42957,0.91402,-1.20660,0.61266,-1.10741,-0.67482,-0.65271,0.45188,0.94788,-1.19861,0.60315,-1.10436,-0.67387,-0.66441,0.42465,0.82324,-1.21610,0.59568,-1.10634,-0.67163,-0.64652
10.700000,535,0.43758,0.92356,-1.21385,0.61571,-1.11810,-0.68092,-0.65920,0.45544,0.95871,-1.21112,0.60703,-1.11464,-0.68021,-0.67155,0.42884,0.83137,-1.22810,0.60077,-1.11726,-0.67825,-0.65290
10.800000,540,0.44025,0.93424,-1.22758,0.62029,-1.12916,-0.68703,-0.66835,0.46013,0.96737,-1.22060,0.61235,-1.12588,-0.68702,-0.67669,0.43303,0.83949,-1.24010,0.60586,-1.12818,-0.68488,-0.65928
10.900000,545,0.44063,0.94073,-1.24055,0.62525,-1.13602,-0.69237,-0.67484,0.46424,0.97657,-1.23276,0.61599,-1.13617,-0.69369,-0.68427,0.43723,0.84763,-1.25213,0.61096,-1.13911,-0.69152,-0.66567
11.000000,550,0.44979,0.94912,-1.25543,0.62983,-1.15281,-0.70191,-0.68323,0.46810,0.98344,-1.24638,0.62158,-1.14735,-0.70029,-0.69048,0.44145,0.85581,-1.26421,0.61608,-1.15011,-0.69820,-0.67210
11.100000,555,0.45475,0.95751,-1.26267,0.63402,-1.15853,-0.70839,-0.68972,0.47279,0.99059,-1.25853,0.62547,-1.15855,-0.70685,-0.69737,0.44572,0.86409,-1.27644,0.62127,-1.16123,-0.70495,-0.67860
11.200000,560,0.45704,0.96819,-1.27755,0.63898,-1.17303,-0.71221,-0.69468,0.47691,1.00137,-1.27015,0.63039,-1.16937,-0.71365,-0.70411,0.45008,0.87255,-1.28893,0.62657,-1.17260,-0.71185,-0.68524
11.300000,565,0.46047,0.97849,-1.29014,0.64470,-1.18295,-0.72022,-0.70116,0.48145,1.00774,-1.28473,0.63531,-1.18135,-0.72089,-0.71147,0.45461,0.88134,-1.30192,0.63208,-1.18441,-0.71902,-0.69214
11.400000,570,0.46848,0.98498,-1.30311,0.64775,-1.19630,-0.72861,-0.71032,0.48614,1.01926,-1.29772,0.64047,-1.19350,-0.72858,-0.71919,0.45942,0.89065,-1.31567,0.63791,-1.19692,-0.72662,-0.69946
11.500000,575,0.47344,0.99528,-1.31684,0.65691,-1.20812,-0.73624,-0.71566,0.49101,1.02976,-1.31293,0.64677,-1.20692,-0.73677,-0.72707,0.46460,0.90070,-1.33052,0.64421,-1.21043,-0.73482,-0.70735
11.600000,580,0.47649,1.00443,-1.33325,0.65996,-1.22071,-0.74311,-0.72367,0.49642,1.04030,-1.32574,0.65521,-1.21879,-0.74272,-0.73472,0.46951,0.91096,-1.34523,0.65272,-1.22314,-0.74221,-0.71530
11.700000,585,0.48450,1.01473,-1.34164,0.67522,-1.23063,-0.74997,-0.73282,0.49707,1.02826,-1.32637,0.67970,-1.21764,-0.74046,-0.73548,0.47044,0.91833,-1.35248,0.67139,-1.22523,-0.74128,-0.72004
11.800000,590,0.48450,1.01473,-1.34164,0.70459,-1.23025,-0.74921,-0.73473,0.49349,1.03517,-1.32463,0.70838,-1.20782,-0.72978,-0.73709,0.46705,0.92424,-1.35169,0.70086,-1.21657,-0.73193,-0.72147
11.900000,595,0.48450,1.01473,-1.34164,0.73511,-1.22567,-0.73929,-0.73588,0.48928,1.03839,-1.32316,0.74252,-1.19794,-0.71904,-0.73758,0.46289,0.93077,-1.34981,0.73347,-1.20616,-0.72128,-0.72277
12.000000,600,0.48183,1.01740,-1.34164,0.76792,-1.21156,-0.72937,-0.73778,0.48502,1.04177,-1.32136,0.77634,-1.18717,-0.70803,-0.73881,0.45857,0.93687,-1.34782,0.76752,-1.19495,-0.71034,-0.72444
12.100000,605,0.48107,1.01817,-1.34164,0.80111,-1.20088,-0.71716,-0.73816,0.48037,1.04768,-1.31829,0.81105,-1.17543,-0.69763,-0.74054,0.45419,0.94265,-1.34576,0.80222,-1.18331,-0.69946,-0.72645
12.200000,610,0.47878,1.02465,-1.34164,0.83773,-1.19019,-0.70648,-0.73969,0.47604,1.04222,-1.31987,0.84748,-1.16425,-0.68641,-0.74235,0.44988,0.94695,-1.34364,0.83677,-1.17113,-0.68874,-0.72878
12.300000,615,0.47001,1.03152,-1.34164,0.86901,-1.17532,-0.69504,-0.74160,0.47182,1.04610,-1.31596,0.88099,-1.15215,-0.67678,-0.74444,0.44569,0.95020,-1.34149,0.87056,-1.15884,-0.67849,-0.73141
12.400000,620,0.46505,1.03190,-1.34164,0.90182,-1.16120,-0.68321,-0.74236,0.46723,1.04822,-1.31396,0.91377,-1.14003,-0.66725,-0.74717,0.44167,0.95243,-1.33934,0.90317,-1.14663,-0.66885,-0.73429
12.500000,625,0.46467,1.03190,-1.34164,0.93577,-1.14938,-0.67482,-0.74579,0.46324,1.04791,-1.31120,0.94581,-1.12826,-0.65868,-0.74957,0.43784,0.95362,-1.33720,0.93438,-1.13461,-0.65988,-0.73739
12.600000,630,0.46047,1.03190,-1.34126,0.96362,-1.13870,-0.66719,-0.75113,0.46014,1.04474,-1.30792,0.97562,-1.11731,-0.65057,-0.75181,0.43420,0.95381,-1.33506,0.96409,-1.12282,-0.65158,-0.74068
12.700000,635,0.45208,1.03152,-1.34050,0.99375,-1.12420,-0.65613,-0.75380,0.45640,1.04350,-1.30549,1.00408,-1.10600,-0.64341,-0.75493,0.43075,0.95301,-1.33293,0.99230,-1.11131,-0.64395,-0.74413
12.800000,640,0.45093,1.03190,-1.34050,1.02046,-1.11237,-0.64926,-0.75724,0.45255,1.03833,-1.30575,1.03176,-1.09519,-0.63654,-0.75851,0.42748,0.95128,-1.33081,1.01907,-1.10008,-0.63694,-0.74772
12.900000,645,0.45017,1.03152,-1.34050,1.04640,-1.09864,-0.64278,-0.76029,0.44962,1.03389,-1.30289,1.05748,-1.08466,-0.63043,-0.76158,0.42437,0.94866,-1.32870,1.04445,-1.08912,-0.63054,-0.75144
13.000000,650,0.44788,1.03152,-1.33516,1.07081,-1.09101,-0.63477,-0.76105,0.44647,1.02663,-1.30213,1.08232,-1.07452,-0.62466,-0.76504,0.42141,0.94519,-1.32660,1.06853,-1.07843,-0.62471,-0.75528
13.100000,655,0.44750,1.03114,-1.33477,1.09408,-1.07575,-0.62790,-0.76487,0.44377,1.02101,-1.29947,1.10540,-1.06458,-0.61970,-0.76845,0.41860,0.94086,-1.32451,1.09133,-1.06800,-0.61943,-0.75922
13.200000,660,0.43911,1.03037,-1.33325,1.11621,-1.06850,-0.62332,-0.76792,0.44116,1.01455,-1.29703,1.12708,-1.05477,-0.61522,-0.77218,0.41592,0.93576,-1.32244,1.11292,-1.05785,-0.61467,-0.76326
13.300000,665,0.43682,1.02656,-1.33287,1.13604,-1.05668,-0.61951,-0.77250,0.43832,1.00900,-1.29466,1.14829,-1.04524,-0.61130,-0.77578,0.41337,0.92988,-1.32037,1.13334,-1.04797,-0.61040,-0.76738
13.400000,670,0.43682,1.02007,-1.32829,1.15626,-1.04562,-0.61722,-0.77975,0.43581,1.00266,-1.29180,1.16811,-1.03593,-0.60786,-0.77939,0.41093,0.92330,-1.31833,1.15263,-1.03837,-0.60662,-0.77156
13.500000,675,0.43300,1.01168,-1.32562,1.17495,-1.03837,-0.61188,-0.78356,0.43366,0.99065,-1.29032,1.18697,-1.02715,-0.60472,-0.78279,0.40865,0.91573,-1.31631,1.17063,-1.02902,-0.60332,-0.77580
13.600000,680,0.43148,1.00825,-1.32562,1.19250,-1.02578,-0.60768,-0.78737,0.43175,0.97509,-1.29057,1.20441,-1.01913,-0.60202,-0.78647,0.40658,0.90660,-1.31432,1.18690,-1.01990,-0.60054,-0.78004
13.700000,685,0.42842,0.99986,-1.32104,1.20356,-1.01662,-0.60387,-0.79119,0.42986,0.97481,-1.28166,1.21997,-1.01026,-0.60034,-0.78844,0.40465,0.89646,-1.31235,1.20193,-1.01101,-0.59822,-0.78432
13.800000,690,0.42537,0.98651,-1.31494,1.22035,-1.01052,-0.60234,-0.79500,0.42732,0.96154,-1.28327,1.23491,-1.00168,-0.59857,-0.79399,0.40273,0.88634,-1.31041,1.21654,-1.00240,-0.59624,-0.78869
13.900000,695,0.42080,0.97239,-1.31417,1.23408,-0.99755,-0.60081,-0.80111,0.42650,0.94142,-1.28275,1.25047,-0.99479,-0.59655,-0.79737,0.40080,0.87624,-1.30847,1.23080,-0.99405,-0.59459,-0.79316
14.000000,700,0.41774,0.96209,-1.31417,1.24782,-0.99183,-0.59814,-0.80530,0.42383,0.93419,-1.28139,1.26379,-0.98637,-0.59578,-0.80258,0.39894,0.86560,-1.30656,1.24427,-0.98595,-0.59332,-0.79769
14.100000,705,0.41774,0.95561,-1.31417,1.26040,-0.98572,-0.59700,-0.80988,0.42218,0.91762,-1.28098,1.27835,-0.97935,-0.59489,-0.80628,0.39716,0.85429,-1.30469,1.25685,-0.97808,-0.59242,-0.80225
14.200000,710,0.41698,0.93997,-1.31303,1.27261,-0.97313,-0.59624,-0.81255,0.41986,0.91659,-1.27448,1.28909,-0.97089,-0.59531,-0.81054,0.39546,0.84235,-1.30284,1.26854,-0.97046,-0.59189,-0.80684
14.300000,715,0.41507,0.92661,-1.30731,1.28444,-0.96703,-0.59662,-0.81713,0.41902,0.89376,-1.27575,1.30201,-0.96519,-0.59478,-0.81435,0.39385,0.82978,-1.30104,1.27935,-0.96310,-0.59172,-0.81146
14.400000,720,0.41507,0.91441,-1.30654,1.29359,-0.96245,-0.59624,-0.82056,0.41747,0.87637,-1.27524,1.31324,-0.95872,-0.59503,-0.81824,0.39231,0.81661,-1.29928,1.28928,-0.95602,-0.59189,-0.81608
14.500000,725,0.41469,0.90029,-1.30654,1.30389,-0.95444,-0.59624,-0.82476,0.41583,0.86572,-1.27192,1.32268,-0.95217,-0.59604,-0.82210,0.39086,0.80288,-1.29758,1.29832,-0.94921,-0.59241,-0.82069
14.600000,730,0.41164,0.88427,-1.30006,1.31267,-0.94452,-0.59662,-0.83086,0.41447,0.85284,-1.26955,1.33098,-0.94574,-0.59718,-0.82666,0.38949,0.78857,-1.29593,1.30647,-0.94269,-0.59326,-0.82530
14.700000,735,0.40897,0.87283,-1.29968,1.32220,-0.94071,-0.59662,-0.83506,0.41374,0.82616,-1.27233,1.33965,-0.94083,-0.59791,-0.83101,0.38820,0.77372,-1.29434,1.31371,-0.93647,-0.59443,-0.82988
14.800000,740,0.40592,0.85642,-1.29701,1.32564,-0.93689,-0.59662,-0.83849,0.41220,0.81857,-1.26730,1.34605,-0.93454,-0.60013,-0.83493,0.38700,0.75836,-1.29282,1.32008,-0.93055,-0.59591,-0.83443
14.900000,745,0.40401,0.84002,-1.29510,1.33479,-0.92927,-0.59738,-0.84307,0.41126,0.79902,-1.26722,1.35288,-0.92982,-0.60200,-0.83899,0.38588,0.74250,-1.29137,1.32559,-0.92492,-0.59769,-0.83895
15.000000,750,0.40363,0.82361,-1.29510,1.33937,-0.92125,-0.59776,-0.84727,0.41044,0.78002,-1.26608,1.35883,-0.92516,-0.60420,-0.84263,0.38484,0.72616,-1.28999,1.33024,-0.91960,-0.59974,-0.84342
15.100000,755,0.40363,0.80874,-1.29472,1.34357,-0.91553,-0.60043,-0.85375,0.40972,0.75582,-1.26761,1.36411,-0.92116,-0.60619,-0.84654,0.38388,0.70936,-1.28868,1.33402,-0.91458,-0.60207,-0.84785
15.200000,760,0.40363,0.78852,-1.29357,1.34624,-0.91439,-0.60234,-0.85795,0.40861,0.74583,-1.26339,1.36662,-0.91602,-0.60956,-0.85076,0.38301,0.69210,-1.28745,1.33696,-0.90986,-0.60465,-0.85222
15.300000,765,0.40363,0.77326,-1.29319,1.35081,-0.91095,-0.60463,-0.86138,0.40794,0.72632,-1.26236,1.37023,-0.91223,-0.61258,-0.85415,0.38222,0.67440,-1.28631,1.33904,-0.90545,-0.60749,-0.85653
15.400000,770,0.40096,0.75686,-1.28442,1.35081,-0.90714,-0.60577,-0.86558,0.40749,0.70629,-1.26206,1.37225,-0.90875,-0.61560,-0.85814,0.38152,0.65627,-1.28524,1.34026,-0.90134,-0.61056,-0.86078
15.500000,775,0.40096,0.73778,-1.28404,1.35425,-0.90180,-0.61035,-0.86901,0.40702,0.68353,-1.26237,1.37393,-0.90573,-0.61890,-0.86161,0.38090,0.63771,-1.28426,1.34063,-0.89754,-0.61386,-0.86496
15.600000,780,0.40096,0.71718,-1.28366,1.35425,-0.89341,-0.61378,-0.87244,0.40638,0.66963,-1.25923,1.37397,-0.90238,-0.62299,-0.86498,0.38037,0.61873,-1.28336,1.34016,-0.89402,-0.61738,-0.86907
15.700000,785,0.40096,0.70002,-1.28213,1.35539,-0.89150,-0.62065,-0.87626,0.40630,0.64145,-1.26177,1.37390,-0.89987,-0.62640,-0.86905,0.37993,0.59932,-1.28256,1.33884,-0.89081,-0.62111,-0.87311
15.800000,790,0.40058,0.68056,-1.28137,1.35539,-0.88845,-0.62332,-0.88045,0.40593,0.62465,-1.25935,1.37215,-0.89704,-0.63083,-0.87234,0.37958,0.57950,-1.28184,1.33665,-0.88789,-0.62504,-0.87708
15.900000,795,0.40058,0.65958,-1.28060,1.35539,-0.88768,-0.62752,-0.88389,0.40578,0.60624,-1.25822,1.36944,-0.89480,-0.63517,-0.87592,0.37937,0.55934,-1.28124,1.33335,-0.88533,-0.62912,-0.88089
16.000000,800,0.40058,0.64241,-1.28022,1.35501,-0.88578,-0.63095,-0.88808,0.40630,0.58188,-1.25883,1.36554,-0.89370,-0.63924,-0.87866,0.37943,0.53904,-1.28085,1.32835,-0.88328,-0.63326,-0.88432
16.100000,805,0.40058,0.62143,-1.28022,1.35501,-0.88540,-0.63477,-0.89114,0.40616,0.56383,-1.25844,1.35994,-0.89181,-0.64381,-0.88193,0.37966,0.51850,-1.28059,1.32217,-0.88158,-0.63750,-0.88755
16.200000,810,0.40058,0.60045,-1.28022,1.35348,-0.88501,-0.64011,-0.89342,0.40688,0.54046,-1.25782,1.35589,-0.89126,-0.64831,-0.88412,0.37980,0.49747,-1.28031,1.31602,-0.87995,-0.64197,-0.89098
16.300000,815,0.40058,0.57909,-1.27946,1.34700,-0.88463,-0.64583,-0.89571,0.40715,0.51772,-1.25808,1.35032,-0.89005,-0.65315,-0.88764,0.37988,0.47591,-1.28001,1.30987,-0.87838,-0.64669,-0.89461
16.400000,820,0.40058,0.55658,-1.27870,1.34433,-0.88463,-0.65079,-0.89877,0.40738,0.49460,-1.25836,1.34440,-0.88917,-0.65809,-0.89078,0.38003,0.45391,-1.27978,1.30292,-0.87707,-0.65158,-0.89819
16.500000,825,0.40058,0.53408,-1.27526,1.33823,-0.88425,-0.65575,-0.90258,0.40782,0.47388,-1.25730,1.33705,-0.88842,-0.66349,-0.89395,0.38029,0.43133,-1.27964,1.29499,-0.87602,-0.65664,-0.90172
16.600000,830,0.40058,0.51195,-1.27374,1.32945,-0.88273,-0.65880,-0.91021,0.40848,0.44700,-1.25808,1.32968,-0.88854,-0.66892,-0.89647,0.38068,0.40794,-1.27960,1.28586,-0.87525,-0.66191,-0.90519
16.700000,835,0.40096,0.48944,-1.27374,1.32449,-0.88158,-0.66567,-0.91288,0.40902,0.42550,-1.25728,1.31903,-0.88807,-0.67468,-0.89939,0.38135,0.38373,-1.27975,1.27477,-0.87490,-0.66734,-0.90844
16.800000,840,0.40058,0.46579,-1.27297,1.31114,-0.88158,-0.67330,-0.91441,0.41025,0.39354,-1.26002,1.30739,-0.88893,-0.68007,-0.90211,0.38226,0.35833,-1.28008,1.26166,-0.87495,-0.67304,-0.91156
16.900000,845,0.40096,0.44138,-1.27259,1.29626,-0.88158,-0.67902,-0.91784,0.41149,0.36861,-1.25926,1.29697,-0.88915,-0.68555,-0.90502,0.38302,0.33213,-1.28010,1.24939,-0.87479,-0.67897,-0.91503
17.000000,850,0.40096,0.41620,-1.27145,1.29092,-0.88120,-0.68245,-0.92013,0.41102,0.36468,-1.25588,1.30360,-0.88300,-0.68495,-0.90874,0.38308,0.31800,-1.27680,1.25415,-0.87075,-0.68096,-0.91793
17.100000,855,0.40096,0.41086,-1.26725,1.29436,-0.87395,-0.68207,-0.92089,0.41055,0.36848,-1.25006,1.33358,-0.87371,-0.67871,-0.90934,0.38249,0.32443,-1.26892,1.28263,-0.86140,-0.67629,-0.91889
17.200000,860,0.40020,0.41620,-1.26267,1.31496,-0.86174,-0.67902,-0.92204,0.40969,0.38084,-1.24083,1.36433,-0.86269,-0.67255,-0.91103,0.38181,0.33464,-1.26009,1.31567,-0.85095,-0.67033,-0.91944
17.300000,865,0.40058,0.41696,-1.24856,1.34967,-0.85488,-0.67482,-0.92432,0.40848,0.39127,-1.23260,1.39665,-0.85171,-0.66630,-0.91228,0.38112,0.34500,-1.25111,1.34922,-0.84034,-0.66427,-0.92000
17.400000,870,0.40058,0.42497,-1.24284,1.38324,-0.83962,-0.67139,-0.92509,0.40805,0.39629,-1.22403,1.43041,-0.84212,-0.66044,-0.91191,0.38043,0.35525,-1.24224,1.38237,-0.82985,-0.65829,-0.92056
17.500000,875,0.39867,0.43871,-1.23368,1.41338,-0.83161,-0.66376,-0.92509,0.40651,0.41765,-1.21485,1.45581,-0.83236,-0.65480,-0.91148,0.37984,0.36844,-1.23490,1.41136,-0.82084,-0.65240,-0.92002
17.600000,880,0.39829,0.45854,-1.22567,1.44084,-0.82665,-0.65804,-0.92394,0.40524,0.45153,-1.20922,1.47086,-0.82732,-0.64985,-0.90761,0.37926,0.39261,-1.23211,1.42941,-0.81612,-0.64649,-0.91621
17.700000,885,0.39867,0.48906,-1.22300,1.45305,-0.81635,-0.65231,-0.92204,0.40473,0.47254,-1.21099,1.48373,-0.82524,-0.64396,-0.90294,0.37860,0.42083,-1.23141,1.44245,-0.81356,-0.64082,-0.91135
17.800000,890,0.39829,0.51653,-1.22262,1.46144,-0.81292,-0.64697,-0.92013,0.40386,0.50117,-1.20935,1.49444,-0.82274,-0.63888,-0.89885,0.37790,0.44752,-1.23085,1.45443,-0.81145,-0.63560,-0.90685
17.900000,895,0.39829,0.53942,-1.22224,1.47556,-0.81063,-0.64278,-0.91631,0.40250,0.53343,-1.20617,1.50341,-0.81980,-0.63453,-0.89510,0.37723,0.47269,-1.23036,1.46557,-0.80967,-0.63076,-0.90266
18.000000,900,0.39829,0.56345,-1.22224,1.48357,-0.81024,-0.63591,-0.91250,0.40189,0.55843,-1.20537,1.51200,-0.81823,-0.62988,-0.89048,0.37688,0.49714,-1.23013,1.47467,-0.80837,-0.62603,-0.89815
18.100000,905,0.39829,0.58863,-1.22224,1.49158,-0.80986,-0.62981,-0.90868,0.40174,0.57943,-1.20652,1.51863,-0.81724,-0.62504,-0.88641,0.37673,0.52093,-1.23009,1.48238,-0.80745,-0.62145,-0.89348
18.200000,910,0.39829,0.60999,-1.22224,1.49654,-0.80986,-0.62637,-0.90105,0.40142,0.60335,-1.20652,1.52412,-0.81614,-0.62058,-0.88221,0.37669,0.54414,-1.23017,1.48916,-0.80686,-0.61704,-0.88877
18.300000,915,0.39829,0.63173,-1.22224,1.50493,-0.80986,-0.62218,-0.89381,0.40108,0.63236,-1.20440,1.52815,-0.81501,-0.61663,-0.87792,0.37676,0.56691,-1.23038,1.49505,-0.80659,-0.61277,-0.88397
18.400000,920,0.39829,0.65310,-1.22224,1.50798,-0.80948,-0.61913,-0.88961,0.40137,0.65224,-1.20536,1.53281,-0.81522,-0.61229,-0.87309,0.37694,0.58932,-1.23071,1.50010,-0.80663,-0.60864,-0.87908
18.500000,925,0.39829,0.67598,-1.22224,1.51256,-0.80948,-0.61455,-0.88580,0.40133,0.67663,-1.20500,1.53556,-0.81502,-0.60848,-0.86848,0.37720,0.61142,-1.23116,1.50434,-0.80700,-0.60465,-0.87408
18.600000,930,0.39829,0.69544,-1.22186,1.51637,-0.80986,-0.61073,-0.87817,0.40132,0.70201,-1.20458,1.53756,-0.81488,-0.60471,-0.86405,0.37757,0.63322,-1.23174,1.50775,-0.80769,-0.60082,-0.86896
18.700000,935,0.39829,0.71795,-1.22148,1.51866,-0.80986,-0.60425,-0.87397,0.40171,0.72269,-1.20556,1.53902,-0.81574,-0.60101,-0.85918,0.37803,0.65472,-1.23244,1.51038,-0.80871,-0.59714,-0.86373
18.800000,940,0.39829,0.73855,-1.22148,1.51981,-0.80986,-0.60158,-0.86787,0.40205,0.74740,-1.20481,1.53986,-0.81666,-0.59766,-0.85395,0.37858,0.67593,-1.23326,1.51220,-0.81006,-0.59364,-0.85837
18.900000,945,0.39829,0.75876,-1.22148,1.52248,-0.81024,-0.59814,-0.86291,0.40254,0.76748,-1.20626,1.53970,-0.81799,-0.59432,-0.84896,0.37922,0.69684,-1.23420,1.51320,-0.81175,-0.59032,-0.85289
19.000000,950,0.39829,0.77860,-1.22148,1.52248,-0.81063,-0.59586,-0.85680,0.40299,0.79072,-1.20665,1.53859,-0.81938,-0.59120,-0.84396,0.37995,0.71744,-1.23525,1.51338,-0.81379,-0.58720,-0.84727
19.100000,955,0.39829,0.79958,-1.22148,1.52248,-0.81101,-0.59357,-0.85108,0.40376,0.81277,-1.20663,1.53716,-0.82150,-0.58835,-0.83836,0.38072,0.73774,-1.23640,1.51299,-0.81612,-0.58430,-0.84162
19.200000,960,0.39829,0.81827,-1.22148,1.52286,-0.81253,-0.58975,-0.84460,0.40427,0.83277,-1.20820,1.53598,-0.82357,-0.58565,-0.83365,0.38137,0.75778,-1.23752,1.51280,-0.81857,-0.58165,-0.83619
19.300000,965,0.39829,0.83811,-1.22148,1.52286,-0.81406,-0.58517,-0.84040,0.40478,0.84967,-1.21076,1.53487,-0.82602,-0.58304,-0.82893,0.38195,0.77752,-1.23867,1.51256,-0.82120,-0.57924,-0.83092
19.400000,970,0.39829,0.85451,-1.22148,1.52248,-0.81482,-0.58174,-0.83315,0.40475,0.88015,-1.20790,1.53107,-0.82766,-0.58157,-0.82377,0.38273,0.79678,-1.23998,1.51094,-0.82427,-0.57706,-0.82535
19.500000,975,0.39867,0.87664,-1.22148,1.52248,-0.81787,-0.57983,-0.82705,0.40633,0.89095,-1.21249,1.52696,-0.83176,-0.57911,-0.81834,0.38377,0.81550,-1.24151,1.50754,-0.82787,-0.57514,-0.81937
19.600000,980,0.39867,0.89533,-1.22148,1.52248,-0.81902,-0.57754,-0.81827,0.40715,0.91165,-1.21373,1.52117,-0.83513,-0.57757,-0.81283,0.38494,0.83368,-1.24317,1.50302,-0.83187,-0.57350,-0.81320
19.700000,985,0.39867,0.90907,-1.22148,1.52248,-0.82894,-0.57564,-0.81446,0.40814,0.93174,-1.21497,1.51447,-0.83882,-0.57636,-0.80736,0.38619,0.85134,-1.24491,1.49766,-0.83618,-0.57216,-0.80697
19.800000,990,0.39943,0.92738,-1.22148,1.51981,-0.83619,-0.57487,-0.80759,0.40945,0.95204,-1.21470,1.50737,-0.84319,-0.57553,-0.80073,0.38751,0.86846,-1.24673,1.49147,-0.84081,-0.57113,-0.80066
19.900000,995,0.40134,0.94645,-1.22148,1.51180,-0.83847,-0.57449,-0.80378,0.41081,0.96585,-1.21827,1.49974,-0.84792,-0.57462,-0.79508,0.38890,0.88503,-1.24862,1.48446,-0.84575,-0.57042,-0.79428
20.000000,1000,0.40134,0.96133,-1.22148,1.50607,-0.84114,-0.57449,-0.79539,0.41189,0.98751,-1.21820,1.49062,-0.85239,-0.57450,-0.78901,0.39035,0.90104,-1.25057,1.47661,-0.85099,-0.57003,-0.78785
20.100000,1005,0.40172,0.97735,-1.22148,1.49845,-0.84534,-0.57449,-0.78776,0.41358,1.00389,-1.21972,1.48048,-0.85773,-0.57446,-0.78301,0.39188,0.91647,-1.25259,1.46792,-0.85653,-0.56998,-0.78137
20.200000,1010,0.40172,0.99261,-1.22148,1.48700,-0.85564,-0.57411,-0.78165,0.41483,1.01811,-1.22277,1.47047,-0.86288,-0.57472,-0.77715,0.39348,0.93133,-1.25466,1.45840,-0.86235,-0.57028,-0.77483
20.300000,1015,0.40630,1.00596,-1.22186,1.47746,-0.86365,-0.57411,-0.77707,0.41603,1.03700,-1.22446,1.45845,-0.86826,-0.57572,-0.77167,0.39515,0.94559,-1.25677,1.44804,-0.86846,-0.57093,-0.76825
20.400000,1020,0.40668,1.02160,-1.22186,1.46831,-0.86670,-0.57449,-0.76868,0.41791,1.05296,-1.22428,1.44707,-0.87457,-0.57681,-0.76422,0.39688,0.95924,-1.25892,1.43683,-0.87485,-0.57195,-0.76164
20.500000,1025,0.40706,1.03686,-1.22224,1.45572,-0.87090,-0.57526,-0.76105,0.41984,1.06007,-1.22962,1.43427,-0.88123,-0.57771,-0.75845,0.39869,0.97227,-1.26110,1.42477,-0.88150,-0.57334,-0.75500
20.600000,1030,0.40935,1.04830,-1.22415,1.44122,-0.88120,-0.57487,-0.75533,0.42148,1.08246,-1.22740,1.41942,-0.88698,-0.58014,-0.75226,0.40057,0.98466,-1.26332,1.41185,-0.88840,-0.57510,-0.74833
20.700000,1035,0.41545,1.06204,-1.22453,1.42787,-0.88997,-0.57564,-0.74808,0.42324,1.09284,-1.23144,1.40494,-0.89381,-0.58215,-0.74639,0.40251,0.99639,-1.26555,1.39808,-0.89556,-0.57725,-0.74166
20.800000,1040,0.41774,1.07310,-1.22453,1.41071,-0.89341,-0.57831,-0.74083,0.42543,1.10394,-1.23336,1.38961,-0.90127,-0.58477,-0.73973,0.40454,1.00745,-1.26779,1.38344,-0.90295,-0.57981,-0.73497
20.900000,1045,0.41812,1.08340,-1.22453,1.39697,-0.90065,-0.57983,-0.73588,0.42736,1.11751,-1.23448,1.37328,-0.90832,-0.58790,-0.73337,0.40664,1.01782,-1.27004,1.36791,-0.91058,-0.58276,-0.72829
21.000000,1050,0.41812,1.09332,-1.22453,1.38248,-0.91286,-0.58289,-0.72825,0.42955,1.12780,-1.23712,1.35541,-0.91573,-0.59123,-0.72762,0.40881,1.02751,-1.27229,1.35151,-0.91843,-0.58612,-0.72162
21.100000,1055,0.42156,1.10629,-1.23025,1.36264,-0.91973,-0.58708,-0.72329,0.43178,1.13474,-1.24050,1.33830,-0.92377,-0.59485,-0.72094,0.41107,1.03650,-1.27453,1.33421,-0.92650,-0.58990,-0.71495
21.200000,1060,0.42232,1.11468,-1.23368,1.34509,-0.92431,-0.59166,-0.71375,0.43387,1.15045,-1.24031,1.31842,-0.93109,-0.59957,-0.71533,0.41341,1.04478,-1.27676,1.31601,-0.93477,-0.59410,-0.70829
21.300000,1065,0.42347,1.11811,-1.23597,1.32831,-0.93689,-0.59814,-0.70841,0.43615,1.15865,-1.24253,1.29885,-0.93908,-0.60407,-0.70892,0.41584,1.05232,-1.27898,1.29688,-0.94326,-0.59874,-0.70167
21.400000,1070,0.42690,1.12841,-1.23788,1.30961,-0.94567,-0.60196,-0.70154,0.43885,1.16230,-1.24667,1.27858,-0.94804,-0.60896,-0.70264,0.41836,1.05915,-1.28117,1.27681,-0.95194,-0.60382,-0.69506
21.500000,1075,0.43491,1.13642,-1.23940,1.28444,-0.94986,-0.60539,-0.69468,0.44159,1.17259,-1.24685,1.25616,-0.95642,-0.61475,-0.69634,0.42098,1.06519,-1.28333,1.25576,-0.96081,-0.60936,-0.68848
21.600000,1080,0.43529,1.14711,-1.24284,1.26765,-0.96551,-0.61264,-0.68895,0.44453,1.17486,-1.25065,1.23397,-0.96533,-0.62067,-0.69049,0.42371,1.07051,-1.28547,1.23373,-0.96988,-0.61536,-0.68193
21.700000,1085,0.43796,1.14940,-1.24475,1.24209,-0.97237,-0.62027,-0.68361,0.44719,1.18375,-1.25143,1.20972,-0.97413,-0.62721,-0.68423,0.42655,1.07503,-1.28757,1.21066,-0.97915,-0.62186,-0.67541
21.800000,1090,0.44025,1.15054,-1.24551,1.22035,-0.97809,-0.62752,-0.67675,0.44994,1.19183,-1.25220,1.18473,-0.98301,-0.63452,-0.67815,0.42952,1.07877,-1.28963,1.18652,-0.98861,-0.62885,-0.66892
21.900000,1095,0.44063,1.15283,-1.24627,1.19594,-0.99221,-0.63286,-0.66950,0.45341,1.19378,-1.25464,1.15881,-0.99271,-0.64209,-0.67197,0.43263,1.08170,-1.29165,1.16124,-0.99828,-0.63638,-0.66247
22.000000,1100,0.44826,1.16084,-1.25123,1.17114,-0.99984,-0.64240,-0.66187,0.45595,1.19401,-1.26092,1.13254,-1.00221,-0.64983,-0.66705,0.43588,1.08381,-1.29363,1.13475,-1.00816,-0.64446,-0.65603
22.100000,1105,0.45398,1.16618,-1.25199,1.14177,-1.01052,-0.65079,-0.65729,0.46015,1.19995,-1.25873,1.10345,-1.01186,-0.65881,-0.66038,0.43931,1.08507,-1.29557,1.10697,-1.01827,-0.65314,-0.64962
22.200000,1110,0.45437,1.16656,-1.25199,1.11354,-1.02235,-0.65842,-0.64966,0.46361,1.20258,-1.26020,1.07357,-1.02202,-0.66837,-0.65407,0.44292,1.08545,-1.29746,1.07778,-1.02863,-0.66247,-0.64322
22.300000,1115,0.45704,1.16656,-1.25314,1.08340,-1.02921,-0.66834,-0.64356,0.46753,1.20205,-1.26241,1.04288,-1.03246,-0.67828,-0.64783,0.44678,1.08466,-1.29931,1.04706,-1.03921,-0.67243,-0.63685
22.400000,1120,0.46276,1.16656,-1.25695,1.05059,-1.04523,-0.68016,-0.63784,0.47131,1.20116,-1.26566,1.00988,-1.04260,-0.68911,-0.64288,0.45094,1.08204,-1.30108,1.01464,-1.04987,-0.68292,-0.63054
22.500000,1125,0.46695,1.16656,-1.25772,1.01969,-1.05439,-0.69084,-0.63135,0.47611,1.19921,-1.26645,0.97537,-1.05378,-0.70031,-0.63613,0.45530,1.07929,-1.30285,0.98055,-1.06102,-0.69442,-0.62420
22.600000,1130,0.47115,1.16656,-1.25772,0.98383,-1.06736,-0.70305,-0.62525,0.48104,1.19742,-1.26686,0.93884,-1.06485,-0.71261,-0.62988,0.45989,1.07592,-1.30460,0.94476,-1.07253,-0.70687,-0.61789
22.700000,1135,0.47458,1.16618,-1.25772,0.94912,-1.07728,-0.71411,-0.62105,0.48552,1.20004,-1.26838,0.91351,-1.07240,-0.72042,-0.62337,0.46443,1.07521,-1.30572,0.91530,-1.08171,-0.71761,-0.61144
22.800000,1140,0.48031,1.16961,-1.25848,0.93310,-1.08033,-0.71716,-0.61609,0.48908,1.21850,-1.26793,0.93208,-1.06360,-0.71152,-0.61750,0.46754,1.09186,-1.30343,0.93057,-1.07558,-0.71349,-0.60401
22.900000,1145,0.48526,1.18754,-1.25962,0.95942,-1.07575,-0.71488,-0.60541,0.49186,1.23714,-1.26692,0.96306,-1.05106,-0.70013,-0.61093,0.47013,1.11539,-1.29972,0.96421,-1.06306,-0.70310,-0.59611
23.000000,1150,0.48794,1.20852,-1.25962,0.98956,-1.06660,-0.70572,-0.60007,0.49407,1.26084,-1.26307,0.99603,-1.03815,-0.68966,-0.60332,0.47273,1.13915,-1.29598,0.99822,-1.05041,-0.69259,-0.58813
23.100000,1155,0.48832,1.23294,-1.25962,1.02542,-1.05248,-0.69657,-0.59282,0.49645,1.28403,-1.25837,1.02916,-1.02562,-0.67935,-0.59496,0.47532,1.16272,-1.29226,1.03196,-1.03786,-0.68217,-0.58022
23.200000,1160,0.49366,1.25430,-1.25924,1.05593,-1.03989,-0.68398,-0.58329,0.49842,1.30537,-1.25471,1.06291,-1.01349,-0.66920,-0.58665,0.47779,1.18553,-1.28866,1.06491,-1.02561,-0.67197,-0.57264
23.300000,1165,0.49709,1.27604,-1.25924,1.08988,-1.02502,-0.67368,-0.57871,0.49941,1.30679,-1.25568,1.09861,-1.00270,-0.65721,-0.58523,0.47792,1.20005,-1.28605,1.09837,-1.01329,-0.66089,-0.57100
23.400000,1170,0.49900,1.28329,-1.25924,1.12193,-1.01548,-0.66147,-0.57947,0.49642,1.30889,-1.25188,1.13358,-0.99049,-0.64538,-0.59177,0.47457,1.20272,-1.28481,1.13300,-1.00075,-0.64868,-0.57829
23.500000,1175,0.49862,1.28291,-1.25924,1.16160,-1.00060,-0.65003,-0.58023,0.49237,1.30856,-1.25181,1.16706,-0.97914,-0.63458,-0.59948,0.47096,1.20487,-1.28368,1.16618,-0.98889,-0.63758,-0.58634
23.600000,1180,0.49785,1.28291,-1.25924,1.19098,-0.99030,-0.63896,-0.58481,0.48915,1.30601,-1.25062,1.19898,-0.96803,-0.62456,-0.60694,0.46767,1.20544,-1.28246,1.19743,-0.97726,-0.62722,-0.59432
23.700000,1185,0.49747,1.28291,-1.25924,1.21997,-0.97466,-0.62676,-0.59511,0.48603,1.30248,-1.24977,1.22887,-0.95734,-0.61525,-0.61416,0.46463,1.20482,-1.28114,1.22695,-0.96588,-0.61757,-0.60223
23.800000,1190,0.49175,1.28291,-1.25886,1.24934,-0.96627,-0.61874,-0.60236,0.48325,1.29991,-1.24746,1.25717,-0.94636,-0.60663,-0.62167,0.46179,1.20335,-1.27975,1.25502,-0.95478,-0.60864,-0.61010
23.900000,1195,0.48679,1.28253,-1.25886,1.27566,-0.95482,-0.60921,-0.60961,0.48036,1.29436,-1.24709,1.28494,-0.93611,-0.59853,-0.62895,0.45910,1.20105,-1.27828,1.28185,-0.94388,-0.60033,-0.61798
24.000000,1200,0.48679,1.28100,-1.25886,1.30122,-0.94109,-0.60081,-0.62220,0.47777,1.29065,-1.24500,1.31112,-0.92576,-0.59113,-0.63643,0.45653,1.19799,-1.27673,1.30762,-0.93315,-0.59259,-0.62588
24.100000,1205,0.48374,1.28024,-1.25848,1.32716,-0.93308,-0.59357,-0.62906,0.47528,1.28468,-1.24420,1.33621,-0.91581,-0.58426,-0.64418,0.45399,1.19493,-1.27514,1.33259,-0.92273,-0.58552,-0.63382
24.200000,1210,0.48145,1.28024,-1.25810,1.35196,-0.91858,-0.58556,-0.63593,0.47288,1.27903,-1.24247,1.36119,-0.90642,-0.57812,-0.65128,0.45145,1.19208,-1.27353,1.35686,-0.91266,-0.57910,-0.64177
24.300000,1215,0.48107,1.27986,-1.25810,1.37447,-0.91095,-0.57754,-0.64394,0.47036,1.27176,-1.24158,1.38538,-0.89667,-0.57210,-0.65894,0.44909,1.18765,-1.27182,1.38000,-0.90256,-0.57304,-0.64978
24.400000,1220,0.47611,1.27452,-1.25657,1.39697,-0.89913,-0.57335,-0.65271,0.46892,1.26338,-1.23745,1.40777,-0.88748,-0.56657,-0.66528,0.44692,1.18166,-1.26999,1.40201,-0.89247,-0.56737,-0.65786
24.500000,1225,0.47039,1.26613,-1.25619,1.41872,-0.88768,-0.56763,-0.65958,0.46622,1.25823,-1.23565,1.42949,-0.87746,-0.56198,-0.67349,0.44483,1.17487,-1.26812,1.42306,-0.88256,-0.56218,-0.66596
24.600000,1230,0.47001,1.26040,-1.25619,1.44161,-0.88120,-0.56343,-0.66759,0.46410,1.24498,-1.23704,1.44987,-0.86828,-0.55722,-0.68225,0.44283,1.16732,-1.26619,1.44316,-0.87283,-0.55748,-0.67409
24.700000,1235,0.46924,1.25163,-1.25619,1.45839,-0.86632,-0.55733,-0.68018,0.46243,1.23716,-1.23232,1.47076,-0.85957,-0.55348,-0.68833,0.44090,1.15902,-1.26422,1.46235,-0.86330,-0.55327,-0.68224
24.800000,1240,0.46505,1.24019,-1.25428,1.47937,-0.85946,-0.55199,-0.68552,0.46028,1.22524,-1.23279,1.48823,-0.85025,-0.54985,-0.69759,0.43903,1.14998,-1.26221,1.48065,-0.85396,-0.54953,-0.69041
24.900000,1245,0.46428,1.22798,-1.25199,1.49539,-0.85030,-0.55008,-0.69391,0.45830,1.21761,-1.22855,1.50729,-0.84149,-0.54707,-0.70421,0.43723,1.14023,-1.26017,1.49808,-0.84483,-0.54625,-0.69860
25.000000,1250,0.46467,1.22302,-1.24894,1.51447,-0.83847,-0.54779,-0.70345,0.45729,1.19763,-1.22917,1.52559,-0.83423,-0.54397,-0.71161,0.43549,1.12973,-1.25811,1.51465,-0.83592,-0.54343,-0.70682
25.100000,1255,0.46123,1.20814,-1.24780,1.52782,-0.83161,-0.54397,-0.71146,0.45514,1.19074,-1.22501,1.54117,-0.82520,-0.54227,-0.71942,0.43380,1.11853,-1.25602,1.53039,-0.82722,-0.54106,-0.71505
25.200000,1260,0.45589,1.19479,-1.24513,1.54575,-0.82360,-0.54321,-0.71909,0.45386,1.17682,-1.22275,1.55764,-0.81775,-0.54051,-0.72675,0.43216,1.10663,-1.25392,1.54530,-0.81875,-0.53913,-0.72328
25.300000,1265,0.45398,1.17991,-1.24322,1.56024,-0.81063,-0.54092,-0.72825,0.45242,1.15558,-1.22412,1.57293,-0.81057,-0.53887,-0.73467,0.43057,1.09400,-1.25181,1.55935,-0.81053,-0.53765,-0.73152
25.400000,1270,0.45360,1.16694,-1.24208,1.57360,-0.80643,-0.53978,-0.73740,0.45046,1.14821,-1.21910,1.58653,-0.80226,-0.53846,-0.74214,0.42904,1.08067,-1.24970,1.57255,-0.80257,-0.53660,-0.73975
25.500000,1275,0.45360,1.15474,-1.23635,1.58657,-0.79842,-0.53863,-0.74503,0.44957,1.12774,-1.21888,1.59937,-0.79594,-0.53786,-0.74975,0.42764,1.06629,-1.24764,1.58437,-0.79497,-0.53600,-0.74781
25.600000,1280,0.45093,1.13719,-1.23521,1.59839,-0.78774,-0.53673,-0.75342,0.44871,1.10693,-1.21757,1.61022,-0.78944,-0.53784,-0.75678,0.42645,1.05058,-1.24566,1.59439,-0.78778,-0.53586,-0.75560
25.700000,1285,0.45055,1.12078,-1.23483,1.60717,-0.78316,-0.53673,-0.76105,0.44742,1.09049,-1.21589,1.62107,-0.78302,-0.53842,-0.76407,0.42530,1.03426,-1.24370,1.60365,-0.78089,-0.53612,-0.76337
25.800000,1290,0.44864,1.10400,-1.23330,1.61708,-0.77935,-0.53635,-0.76563,0.44626,1.07171,-1.21496,1.63082,-0.77666,-0.53916,-0.77216,0.42401,1.01803,-1.24171,1.61313,-0.77415,-0.53675,-0.77137
25.900000,1295,0.44826,1.08798,-1.23178,1.62777,-0.77210,-0.53673,-0.77479,0.44502,1.05211,-1.21354,1.64173,-0.77099,-0.54029,-0.77918,0.42267,1.00154,-1.23973,1.62232,-0.76766,-0.53777,-0.77945
26.000000,1300,0.44826,1.06890,-1.22872,1.63425,-0.76103,-0.53673,-0.78661,0.44374,1.04060,-1.20866,1.65076,-0.76511,-0.54244,-0.78636,0.42138,0.98447,-1.23780,1.63072,-0.76150,-0.53917,-0.78747
26.100000,1305,0.44826,1.05059,-1.22796,1.64608,-0.75722,-0.53787,-0.79195,0.44289,1.01635,-1.20905,1.65947,-0.76022,-0.54405,-0.79405,0.42012,0.96681,-1.23591,1.63832,-0.75567,-0.54094,-0.79543
26.200000,1310,0.44559,1.03190,-1.22682,1.65065,-0.75379,-0.54054,-0.80187,0.44154,0.99426,-1.20877,1.66827,-0.75537,-0.54607,-0.80110,0.41891,0.94859,-1.23409,1.64511,-0.75019,-0.54309,-0.80330
26.300000,1315,0.44216,1.01092,-1.22262,1.65638,-0.74959,-0.54169,-0.80950,0.44041,0.97825,-1.20574,1.67383,-0.75035,-0.54917,-0.80877,0.41774,0.92981,-1.23233,1.65108,-0.74509,-0.54559,-0.81108
26.400000,1320,0.44216,0.99490,-1.22109,1.66362,-0.74349,-0.54512,-0.81675,0.43932,0.96014,-1.20266,1.68057,-0.74656,-0.55234,-0.81469,0.41662,0.91051,-1.23065,1.65622,-0.74035,-0.54843,-0.81875
26.500000,1325,0.43796,0.97392,-1.21842,1.66668,-0.73509,-0.54626,-0.82438,0.43904,0.93416,-1.20215,1.68591,-0.74307,-0.55557,-0.82205,0.41555,0.89070,-1.22905,1.66057,-0.73600,-0.55160,-0.82631
26.600000,1330,0.43682,0.95255,-1.21690,1.67316,-0.73166,-0.55122,-0.82896,0.43763,0.90852,-1.20439,1.69039,-0.73946,-0.55876,-0.82978,0.41453,0.87042,-1.22755,1.66410,-0.73203,-0.55507,-0.83375
26.700000,1335,0.43720,0.93119,-1.21652,1.67431,-0.73013,-0.55313,-0.83926,0.43687,0.89274,-1.19970,1.69448,-0.73642,-0.56340,-0.83571,0.41357,0.84967,-1.22614,1.66681,-0.72845,-0.55885,-0.84105
26.800000,1340,0.43682,0.91174,-1.21499,1.67812,-0.72823,-0.55695,-0.84574,0.43634,0.86350,-1.20156,1.69783,-0.73428,-0.56704,-0.84261,0.41266,0.82847,-1.22484,1.66870,-0.72528,-0.56290,-0.84821
26.900000,1345,0.43682,0.88885,-1.21461,1.67926,-0.72746,-0.56152,-0.85337,0.43540,0.84759,-1.19791,1.69879,-0.73132,-0.57218,-0.84930,0.41181,0.80687,-1.22365,1.66980,-0.72249,-0.56722,-0.85523
27.000000,1350,0.43682,0.86748,-1.21461,1.68155,-0.72556,-0.56915,-0.86214,0.43501,0.81947,-1.19896,1.70083,-0.73015,-0.57644,-0.85545,0.41102,0.78487,-1.22258,1.67009,-0.72010,-0.57177,-0.86210
27.100000,1355,0.43605,0.84498,-1.21232,1.68155,-0.72365,-0.57411,-0.86596,0.43408,0.80002,-1.19676,1.70102,-0.72811,-0.58161,-0.86147,0.41031,0.76249,-1.22163,1.66955,-0.71812,-0.57656,-0.86881
27.200000,1360,0.43415,0.82285,-1.20889,1.68270,-0.72022,-0.57793,-0.87244,0.43393,0.77301,-1.19706,1.70126,-0.72771,-0.58674,-0.86732,0.40966,0.73977,-1.22081,1.66822,-0.71652,-0.58156,-0.87536
27.300000,1365,0.43377,0.79882,-1.20812,1.68270,-0.71907,-0.58250,-0.87702,0.43326,0.75327,-1.19510,1.69969,-0.72658,-0.59233,-0.87326,0.40909,0.71671,-1.22013,1.66606,-0.71534,-0.58674,-0.88174
27.400000,1370,0.43377,0.77784,-1.20736,1.68270,-0.71449,-0.58823,-0.88618,0.43324,0.72117,-1.19769,1.69813,-0.72681,-0.59751,-0.87913,0.40859,0.69334,-1.21958,1.66311,-0.71453,-0.59210,-0.88796
27.500000,1375,0.43300,0.75419,-1.20698,1.68232,-0.71221,-0.59624,-0.89152,0.43305,0.70029,-1.19551,1.69526,-0.72672,-0.60325,-0.88438,0.40818,0.66967,-1.21918,1.65933,-0.71412,-0.59762,-0.89400
27.600000,1380,0.43186,0.72863,-1.20355,1.68270,-0.71221,-0.60120,-0.89533,0.43254,0.67665,-1.19612,1.69158,-0.72698,-0.60913,-0.89028,0.40786,0.64572,-1.21891,1.65476,-0.71407,-0.60328,-0.89989
27.700000,1385,0.43148,0.70612,-1.20355,1.68232,-0.71221,-0.60539,-0.90258,0.43253,0.65252,-1.19568,1.68692,-0.72782,-0.61524,-0.89552,0.40763,0.62149,-1.21880,1.64934,-0.71441,-0.60906,-0.90561
27.800000,1390,0.43148,0.68209,-1.20355,1.68193,-0.71297,-0.61302,-0.91021,0.43276,0.62473,-1.19621,1.68234,-0.72941,-0.62112,-0.90014,0.40749,0.59692,-1.21883,1.64310,-0.71511,-0.61497,-0.91119
27.900000,1395,0.43148,0.65805,-1.20355,1.67507,-0.71259,-0.62103,-0.91593,0.43290,0.59608,-1.19809,1.67626,-0.73095,-0.62713,-0.90540,0.40745,0.57197,-1.21901,1.63600,-0.71617,-0.62100,-0.91664
28.000000,1400,0.43148,0.63135,-1.20355,1.66935,-0.71335,-0.62790,-0.92089,0.43300,0.57488,-1.19692,1.66908,-0.73263,-0.63366,-0.90994,0.40759,0.54661,-1.21940,1.62763,-0.71765,-0.62711,-0.92182
28.100000,1405,0.43148,0.60617,-1.20355,1.66210,-0.71411,-0.63171,-0.92127,0.43356,0.55190,-1.19609,1.65939,-0.73476,-0.64027,-0.91399,0.40804,0.52084,-1.22011,1.61735,-0.71962,-0.63320,-0.92652
28.200000,1410,0.43148,0.58481,-1.20355,1.65104,-0.72098,-0.63820,-0.92890,0.43484,0.51279,-1.20093,1.65115,-0.73861,-0.64615,-0.91841,0.40849,0.49397,-1.22087,1.60655,-0.72191,-0.63963,-0.93151
28.300000,1415,0.43148,0.55582,-1.20355,1.64150,-0.72785,-0.64659,-0.93234,0.43471,0.48959,-1.20087,1.63941,-0.74064,-0.65345,-0.92424,0.40885,0.46562,-1.22166,1.59541,-0.72453,-0.64657,-0.93699
28.400000,1420,0.43148,0.52683,-1.20355,1.63005,-0.72937,-0.65422,-0.93997,0.43554,0.46154,-1.20028,1.63048,-0.74390,-0.65968,-0.92790,0.40939,0.43696,-1.22239,1.58354,-0.72737,-0.65337,-0.94232
28.500000,1425,0.43186,0.50279,-1.20355,1.62510,-0.73090,-0.65727,-0.94378,0.43597,0.45518,-1.19523,1.63671,-0.73920,-0.65780,-0.93430,0.40998,0.41976,-1.21790,1.58752,-0.72505,-0.65474,-0.94775
28.600000,1430,0.43148,0.49402,-1.19935,1.62815,-0.72823,-0.65613,-0.94454,0.43717,0.44866,-1.18740,1.66562,-0.72885,-0.64783,-0.93922,0.41076,0.42169,-1.20565,1.61494,-0.71477,-0.64733,-0.95238
28.700000,1435,0.43148,0.49402,-1.18371,1.64837,-0.71984,-0.64964,-0.95446,0.43779,0.45320,-1.17521,1.69525,-0.71696,-0.63852,-0.94497,0.41160,0.42695,-1.19191,1.64660,-0.70300,-0.63827,-0.95688
28.800000,1440,0.43186,0.49364,-1.16959,1.68232,-0.70610,-0.64392,-0.95904,0.43842,0.45926,-1.16029,1.72663,-0.70512,-0.62959,-0.94909,0.41244,0.43227,-1.17812,1.67840,-0.69118,-0.62917,-0.96138
28.900000,1445,0.43186,0.49669,-1.15586,1.71207,-0.69847,-0.63248,-0.96591,0.43803,0.48292,-1.14571,1.75002,-0.69407,-0.62164,-0.95153,0.41300,0.44264,-1.16671,1.70604,-0.68077,-0.62027,-0.96357
29.000000,1450,0.43186,0.51462,-1.14480,1.73839,-0.68588,-0.62599,-0.96591,0.43677,0.51266,-1.14111,1.76448,-0.68761,-0.61374,-0.94678,0.41252,0.46882,-1.16230,1.72260,-0.67434,-0.61193,-0.95929
29.100000,1455,0.43186,0.54895,-1.14327,1.74335,-0.67902,-0.61874,-0.96514,0.43607,0.54179,-1.13829,1.77701,-0.68278,-0.60609,-0.94043,0.41176,0.49918,-1.16018,1.73537,-0.66947,-0.60400,-0.95330
29.200000,1460,0.43186,0.58062,-1.14289,1.75403,-0.67597,-0.61111,-0.96095,0.43508,0.57742,-1.13464,1.78473,-0.67746,-0.59853,-0.93527,0.41122,0.52877,-1.15851,1.74610,-0.66534,-0.59623,-0.94694
29.300000,1465,0.43186,0.60808,-1.14137,1.76624,-0.67291,-0.60196,-0.95026,0.43439,0.60097,-1.13528,1.79420,-0.67381,-0.59078,-0.92960,0.41073,0.55730,-1.15701,1.75605,-0.66170,-0.58878,-0.94081
29.400000,1470,0.43186,0.63364,-1.13793,1.77425,-0.66795,-0.59509,-0.94302,0.43371,0.63194,-1.13163,1.80281,-0.67007,-0.58406,-0.92433,0.41011,0.58473,-1.15546,1.76631,-0.65834,-0.58176,-0.93534
29.500000,1475,0.43186,0.65920,-1.13717,1.78646,-0.65994,-0.58708,-0.93882,0.43302,0.65864,-1.13066,1.81051,-0.66683,-0.57712,-0.91900,0.40969,0.61175,-1.15420,1.77520,-0.65549,-0.57481,-0.92955
29.600000,1480,0.43148,0.68552,-1.13641,1.79523,-0.65651,-0.57754,-0.93310,0.43244,0.69073,-1.12791,1.81577,-0.66375,-0.57039,-0.91316,0.40954,0.63860,-1.15330,1.78235,-0.65320,-0.56781,-0.92319
29.700000,1485,0.43148,0.71375,-1.13602,1.79752,-0.65537,-0.57220,-0.92394,0.43224,0.71786,-1.12658,1.82123,-0.66155,-0.56348,-0.90657,0.40951,0.66518,-1.15261,1.78857,-0.65137,-0.56092,-0.91660
29.800000,1490,0.43148,0.73893,-1.13335,1.80134,-0.65346,-0.56648,-0.91898,0.43190,0.74564,-1.12605,1.82495,-0.65952,-0.55656,-0.90055,0.40957,0.69151,-1.15212,1.79394,-0.64999,-0.55414,-0.90981
29.900000,1495,0.43148,0.76525,-1.13183,1.80782,-0.65308,-0.55809,-0.91250,0.43195,0.77267,-1.12488,1.82845,-0.65837,-0.55013,-0.89358,0.40973,0.71759,-1.15182,1.79849,-0.64907,-0.54749,-0.90281
30.000000,1500,0.43148,0.78966,-1.13183,1.80897,-0.65308,-0.55160,-0.90449,0.43190,0.79810,-1.12568,1.83092,-0.65737,-0.54345,-0.88733,0.40997,0.74343,-1.15170,1.80220,-0.64862,-0.54099,-0.89560
30.100000,1505,0.43148,0.81484,-1.13183,1.81164,-0.65308,-0.54474,-0.89342,0.43200,0.82623,-1.12515,1.83132,-0.65672,-0.53726,-0.88093,0.41028,0.76900,-1.15177,1.80509,-0.64866,-0.53466,-0.88816
30.200000,1510,0.43148,0.84002,-1.13183,1.81621,-0.65308,-0.53902,-0.88770,0.43215,0.85301,-1.12461,1.83244,-0.65682,-0.53127,-0.87340,0.41066,0.79428,-1.15202,1.80715,-0.64917,-0.52853,-0.88051
30.300000,1515,0.43148,0.86558,-1.13183,1.81660,-0.65308,-0.53100,-0.87817,0.43224,0.88348,-1.12286,1.83221,-0.65706,-0.52567,-0.86593,0.41111,0.81924,-1.15245,1.80838,-0.65018,-0.52262,-0.87264
30.400000,1520,0.43148,0.88847,-1.13183,1.81774,-0.65308,-0.52452,-0.87092,0.43251,0.91103,-1.12234,1.83119,-0.65805,-0.52014,-0.85830,0.41162,0.84385,-1.15304,1.80878,-0.65168,-0.51695,-0.86457
30.500000,1525,0.43186,0.91288,-1.13183,1.81812,-0.65308,-0.51956,-0.86253,0.43287,0.93459,-1.12364,1.82935,-0.65959,-0.51471,-0.85069,0.41219,0.86808,-1.15380,1.80834,-0.65369,-0.51156,-0.85628
30.600000,1530,0.43186,0.93997,-1.13183,1.81812,-0.65346,-0.51498,-0.85642,0.43323,0.95949,-1.12432,1.82703,-0.66171,-0.50953,-0.84258,0.41280,0.89191,-1.15471,1.80709,-0.65617,-0.50645,-0.84779
30.700000,1535,0.43186,0.96285,-1.13183,1.81812,-0.65422,-0.50888,-0.84727,0.43388,0.98351,-1.12515,1.82328,-0.66427,-0.50487,-0.83466,0.41345,0.91530,-1.15576,1.80500,-0.65915,-0.50166,-0.83912
30.800000,1540,0.43186,0.98536,-1.13183,1.81812,-0.65689,-0.50430,-0.83620,0.43407,1.00957,-1.12580,1.81893,-0.66692,-0.50051,-0.82657,0.41415,0.93822,-1.15695,1.80209,-0.66262,-0.49720,-0.83027
30.900000,1545,0.43186,1.00939,-1.13183,1.81812,-0.65765,-0.49858,-0.82857,0.43494,1.02782,-1.12879,1.81415,-0.67079,-0.49613,-0.81821,0.41488,0.96065,-1.15827,1.79835,-0.66656,-0.49309,-0.82124
31.000000,1550,0.43186,1.02999,-1.13183,1.81774,-0.66109,-0.49591,-0.81522,0.43503,1.05928,-1.12679,1.80733,-0.67378,-0.49298,-0.80974,0.41565,0.98255,-1.15970,1.79378,-0.67098,-0.48937,-0.81206
31.100000,1555,0.43224,1.05326,-1.13183,1.81431,-0.66490,-0.49209,-0.80797,0.43588,1.07775,-1.12951,1.80146,-0.67876,-0.48954,-0.80071,0.41644,1.00391,-1.16123,1.78838,-0.67585,-0.48604,-0.80274
31.200000,1560,0.43224,1.07424,-1.13183,1.80630,-0.67597,-0.49019,-0.79996,0.43637,1.10680,-1.12789,1.79310,-0.68281,-0.48704,-0.79214,0.41727,1.02469,-1.16287,1.78216,-0.68116,-0.48311,-0.79329
31.300000,1565,0.43224,1.09561,-1.13183,1.80057,-0.68131,-0.48752,-0.78737,0.43731,1.12302,-1.13140,1.78509,-0.68869,-0.48433,-0.78300,0.41812,1.04487,-1.16459,1.77511,-0.68691,-0.48062,-0.78372
31.400000,1570,0.43224,1.11506,-1.13183,1.79294,-0.68398,-0.48485,-0.78127,0.43794,1.14677,-1.13141,1.77627,-0.69434,-0.48252,-0.77348,0.41899,1.06444,-1.16638,1.76726,-0.69306,-0.47855,-0.77406
31.500000,1575,0.43224,1.13452,-1.13183,1.78379,-0.68779,-0.48103,-0.76945,0.43869,1.16424,-1.13456,1.76673,-0.70062,-0.48076,-0.76452,0.41989,1.08334,-1.16824,1.75857,-0.69963,-0.47695,-0.76430
31.600000,1580,0.43491,1.15435,-1.13183,1.77463,-0.69924,-0.47874,-0.76143,0.43928,1.18863,-1.13390,1.75550,-0.70630,-0.48004,-0.75538,0.42081,1.10160,-1.17016,1.74908,-0.70656,-0.47580,-0.75448
31.700000,1585,0.43491,1.17038,-1.13183,1.76433,-0.70648,-0.47722,-0.75228,0.43978,1.20980,-1.13473,1.74414,-0.71310,-0.47960,-0.74555,0.42175,1.11917,-1.17212,1.73878,-0.71385,-0.47512,-0.74460
31.800000,1590,0.43491,1.19288,-1.13183,1.75251,-0.71144,-0.47645,-0.73969,0.44114,1.21850,-1.14046,1.73244,-0.72103,-0.47883,-0.73658,0.42272,1.13604,-1.17411,1.72767,-0.72148,-0.47492,-0.73467
31.900000,1595,0.43529,1.20585,-1.13183,1.73877,-0.71793,-0.47607,-0.72939,0.44178,1.24216,-1.13976,1.71815,-0.72763,-0.47956,-0.72765,0.42372,1.15221,-1.17614,1.71578,-0.72943,-0.47519,-0.72471
32.000000,1600,0.43758,1.22340,-1.13183,1.72657,-0.73052,-0.47684,-0.71985,0.44286,1.25199,-1.14465,1.70537,-0.73612,-0.47991,-0.71806,0.42474,1.16763,-1.17817,1.70305,-0.73768,-0.47596,-0.71474
32.100000,1605,0.43758,1.23866,-1.13221,1.71169,-0.73700,-0.47645,-0.70955,0.44396,1.27318,-1.14335,1.69060,-0.74425,-0.48167,-0.70800,0.42580,1.18232,-1.18022,1.68954,-0.74620,-0.47721,-0.70476
32.200000,1610,0.43987,1.25239,-1.13221,1.69948,-0.74425,-0.47760,-0.69925,0.44457,1.28808,-1.14619,1.67520,-0.75219,-0.48332,-0.69895,0.42689,1.19625,-1.18226,1.67524,-0.75499,-0.47896,-0.69478
32.300000,1615,0.44025,1.26689,-1.13221,1.68461,-0.75798,-0.47760,-0.69048,0.44545,1.30899,-1.14498,1.65837,-0.76025,-0.48615,-0.68955,0.42801,1.20941,-1.18428,1.66014,-0.76400,-0.48119,-0.68482
32.400000,1620,0.44025,1.28444,-1.13297,1.66744,-0.76370,-0.48065,-0.68018,0.44686,1.31746,-1.14892,1.64237,-0.76976,-0.48850,-0.67995,0.42917,1.22182,-1.18629,1.64426,-0.77324,-0.48391,-0.67487
32.500000,1625,0.44063,1.29588,-1.13297,1.65027,-0.77095,-0.48294,-0.67217,0.44769,1.33200,-1.15039,1.62451,-0.77828,-0.49180,-0.67080,0.43038,1.23344,-1.18827,1.62758,-0.78267,-0.48713,-0.66496
32.600000,1630,0.44063,1.30694,-1.13297,1.63311,-0.78545,-0.48752,-0.65958,0.44876,1.34561,-1.15150,1.60586,-0.78742,-0.49570,-0.66122,0.43163,1.24430,-1.19021,1.61012,-0.79228,-0.49083,-0.65508
32.700000,1635,0.44635,1.32068,-1.13908,1.61480,-0.79155,-0.49209,-0.64966,0.45012,1.35684,-1.15294,1.58688,-0.79701,-0.49997,-0.65161,0.43294,1.25436,-1.19211,1.59187,-0.80205,-0.49502,-0.64524
32.800000,1640,0.44902,1.33250,-1.13984,1.59572,-0.80376,-0.49591,-0.64013,0.45136,1.36673,-1.15570,1.56656,-0.80602,-0.50457,-0.64334,0.43430,1.26365,-1.19395,1.57284,-0.81197,-0.49969,-0.63544
32.900000,1645,0.45131,1.33708,-1.13984,1.57703,-0.81406,-0.50011,-0.62906,0.45252,1.38128,-1.15523,1.54464,-0.81528,-0.51010,-0.63409,0.43573,1.27214,-1.19574,1.55300,-0.82203,-0.50484,-0.62567
33.000000,1650,0.45169,1.34967,-1.14137,1.55719,-0.82016,-0.50697,-0.62334,0.45410,1.38627,-1.15788,1.52558,-0.82591,-0.51559,-0.62360,0.43723,1.27983,-1.19745,1.53236,-0.83220,-0.51049,-0.61596
33.100000,1655,0.45169,1.35768,-1.14442,1.53430,-0.83428,-0.51231,-0.61266,0.45585,1.39023,-1.16137,1.50312,-0.83572,-0.52142,-0.61504,0.43880,1.28674,-1.19909,1.51092,-0.84248,-0.51661,-0.60628
33.200000,1660,0.45246,1.36455,-1.14632,1.51294,-0.84191,-0.51956,-0.60083,0.45679,1.40672,-1.15953,1.47948,-0.84509,-0.52861,-0.60570,0.44046,1.29287,-1.20064,1.48865,-0.85287,-0.52321,-0.59663
33.300000,1665,0.45627,1.37065,-1.14632,1.48929,-0.85411,-0.52566,-0.59359,0.45909,1.41036,-1.16182,1.45464,-0.85521,-0.53554,-0.59733,0.44221,1.29820,-1.20211,1.46553,-0.86336,-0.53031,-0.58700
33.400000,1670,0.45665,1.38057,-1.14823,1.46755,-0.86632,-0.53368,-0.58176,0.46091,1.41644,-1.16270,1.43058,-0.86573,-0.54317,-0.58754,0.44407,1.30274,-1.20348,1.44150,-0.87396,-0.53792,-0.57738
33.500000,1675,0.45704,1.38095,-1.14823,1.44046,-0.87395,-0.54169,-0.57489,0.46259,1.42457,-1.16273,1.40457,-0.87582,-0.55149,-0.57829,0.44605,1.30650,-1.20475,1.41650,-0.88469,-0.54605,-0.56774
33.600000,1680,0.45971,1.38324,-1.15205,1.41757,-0.88921,-0.55160,-0.56612,0.46423,1.43022,-1.16442,1.37791,-0.88606,-0.56068,-0.56960,0.44817,1.30946,-1.20592,1.39041,-0.89557,-0.55476,-0.55805
33.700000,1685,0.46238,1.38477,-1.15281,1.39087,-0.89570,-0.55885,-0.55315,0.46668,1.43216,-1.16568,1.34992,-0.89691,-0.56968,-0.55992,0.45046,1.31160,-1.20697,1.36309,-0.90665,-0.56408,-0.54826
33.800000,1690,0.46734,1.39392,-1.15281,1.36455,-0.91210,-0.57068,-0.54514,0.46920,1.43115,-1.16910,1.32092,-0.90805,-0.57924,-0.55114,0.45300,1.31252,-1.20788,1.33434,-0.91789,-0.57398,-0.53833
33.900000,1695,0.46810,1.39926,-1.15281,1.33403,-0.92049,-0.57945,-0.53484,0.47253,1.43404,-1.16588,1.29011,-0.91918,-0.58990,-0.53967,0.45588,1.31166,-1.20861,1.30393,-0.92923,-0.58437,-0.52825
34.000000,1700,0.47115,1.39926,-1.15357,1.30351,-0.93194,-0.58975,-0.52339,0.47496,1.43652,-1.16693,1.25714,-0.93001,-0.60128,-0.53078,0.45883,1.31057,-1.20929,1.27200,-0.94099,-0.59585,-0.51807
34.100000,1705,0.47382,1.39926,-1.15472,1.27261,-0.94491,-0.60272,-0.51615,0.47920,1.44289,-1.16611,1.23553,-0.93861,-0.60695,-0.52087,0.46249,1.31357,-1.20943,1.24678,-0.95107,-0.60481,-0.50830
34.200000,1710,0.47573,1.40651,-1.15510,1.26040,-0.94758,-0.60387,-0.50775,0.48652,1.46073,-1.16836,1.25028,-0.93581,-0.59384,-0.51694,0.46937,1.33207,-1.20744,1.25890,-0.95071,-0.59664,-0.50174
34.300000,1715,0.49022,1.42825,-1.16006,1.27490,-0.94605,-0.59586,-0.50394,0.49486,1.47847,-1.17022,1.27649,-0.93078,-0.57707,-0.51380,0.47769,1.35626,-1.20456,1.28687,-0.94573,-0.58090,-0.49663
34.400000,1720,0.49938,1.45267,-1.16044,1.30313,-0.94529,-0.57945,-0.49936,0.50340,1.50342,-1.16491,1.30327,-0.92541,-0.56141,-0.50829,0.48609,1.38067,-1.20165,1.31519,-0.94067,-0.56497,-0.49150
34.500000,1725,0.50625,1.47556,-1.16044,1.33060,-0.94147,-0.56496,-0.49326,0.51113,1.52151,-1.16363,1.33165,-0.92009,-0.54565,-0.50413,0.49401,1.40379,-1.19886,1.34340,-0.93532,-0.54925,-0.48707
34.600000,1730,0.51311,1.49158,-1.16044,1.35844,-0.93766,-0.54817,-0.49326,0.51471,1.51716,-1.16466,1.36570,-0.91203,-0.53027,-0.50720,0.49670,1.41402,-1.19724,1.37374,-0.92585,-0.53465,-0.49094
34.700000,1735,0.51807,1.49616,-1.16044,1.39163,-0.92354,-0.53444,-0.49669,0.51309,1.51846,-1.16141,1.39834,-0.90012,-0.51796,-0.51665,0.49489,1.41513,-1.19655,1.40599,-0.91321,-0.52170,-0.50173
34.800000,1740,0.51769,1.49616,-1.16044,1.42673,-0.91324,-0.52185,-0.50241,0.51088,1.51502,-1.16190,1.43032,-0.88820,-0.50645,-0.52743,0.49282,1.41568,-1.19588,1.43703,-0.90074,-0.50999,-0.51288
34.900000,1745,0.51769,1.49616,-1.16044,1.45534,-0.90180,-0.51041,-0.51424,0.50913,1.51053,-1.16194,1.46003,-0.87671,-0.49579,-0.53807,0.49090,1.41535,-1.19509,1.46648,-0.88852,-0.49914,-0.52387
35.000000,1750,0.51731,1.49616,-1.16044,1.48433,-0.88692,-0.49782,-0.52492,0.50749,1.50563,-1.16088,1.48862,-0.86497,-0.48573,-0.54817,0.48926,1.41326,-1.19407,1.49430,-0.87633,-0.48881,-0.53471
35.100000,1755,0.51731,1.49577,-1.16044,1.51142,-0.87548,-0.48904,-0.53369,0.50614,1.49889,-1.16025,1.51587,-0.85365,-0.47628,-0.55833,0.48778,1.41025,-1.19291,1.52082,-0.86428,-0.47915,-0.54544
35.200000,1760,0.51616,1.49387,-1.16044,1.53659,-0.86213,-0.47798,-0.54743,0.50478,1.49546,-1.15763,1.54185,-0.84202,-0.46780,-0.56832,0.48642,1.40643,-1.19163,1.54622,-0.85234,-0.47011,-0.55611
35.300000,1765,0.51502,1.49272,-1.16044,1.56215,-0.85144,-0.46882,-0.55582,0.50342,1.48463,-1.15898,1.56723,-0.83081,-0.45923,-0.57892,0.48516,1.40180,-1.19023,1.57064,-0.84048,-0.46164,-0.56679
35.400000,1770,0.51464,1.48662,-1.16044,1.58504,-0.83619,-0.46158,-0.57108,0.50211,1.48203,-1.15511,1.59088,-0.81902,-0.45196,-0.58899,0.48399,1.39634,-1.18870,1.59418,-0.82865,-0.45372,-0.57751
35.500000,1775,0.51426,1.47670,-1.16044,1.60831,-0.82779,-0.45204,-0.58062,0.50098,1.47029,-1.15556,1.61446,-0.80784,-0.44461,-0.59951,0.48289,1.39005,-1.18707,1.61689,-0.81686,-0.44633,-0.58831
35.600000,1780,0.50930,1.46945,-1.16044,1.63234,-0.81024,-0.44403,-0.58977,0.50016,1.46188,-1.15219,1.63842,-0.79725,-0.43809,-0.60832,0.48186,1.38293,-1.18533,1.63881,-0.80509,-0.43947,-0.59920
35.700000,1785,0.50625,1.45763,-1.16006,1.65142,-0.80300,-0.43869,-0.60274,0.49971,1.45050,-1.15091,1.65877,-0.78572,-0.43191,-0.62000,0.48089,1.37497,-1.18350,1.65996,-0.79337,-0.43313,-0.61019
35.800000,1790,0.50548,1.44695,-1.16006,1.67354,-0.78621,-0.43525,-0.61151,0.49829,1.44117,-1.14951,1.68080,-0.77459,-0.42643,-0.63031,0.47996,1.36617,-1.18157,1.68034,-0.78170,-0.42732,-0.62129
35.900000,1795,0.50358,1.43932,-1.16006,1.69376,-0.77858,-0.42534,-0.62601,0.49783,1.42498,-1.14911,1.70129,-0.76394,-0.42124,-0.64096,0.47907,1.35652,-1.17956,1.69996,-0.77011,-0.42206,-0.63251
36.000000,1800,0.50319,1.42711,-1.16006,1.71169,-0.76332,-0.41923,-0.63669,0.49698,1.41877,-1.14386,1.72048,-0.75260,-0.41723,-0.65134,0.47822,1.34602,-1.17748,1.71882,-0.75862,-0.41734,-0.64384
36.100000,1805,0.50358,1.41452,-1.15891,1.73115,-0.75417,-0.41656,-0.64890,0.49640,1.39857,-1.14517,1.74042,-0.74240,-0.41275,-0.66241,0.47740,1.33466,-1.17533,1.73691,-0.74724,-0.41318,-0.65528
36.200000,1810,0.50319,1.40193,-1.15815,1.75022,-0.74196,-0.41275,-0.65653,0.49573,1.37959,-1.14533,1.75908,-0.73203,-0.40918,-0.67353,0.47660,1.32246,-1.17312,1.75424,-0.73601,-0.40958,-0.66683
36.300000,1815,0.50091,1.38972,-1.15739,1.76548,-0.72937,-0.40931,-0.67064,0.49490,1.36676,-1.14220,1.77627,-0.72146,-0.40657,-0.68428,0.47582,1.30942,-1.17086,1.77080,-0.72495,-0.40655,-0.67848
36.400000,1820,0.50091,1.37180,-1.15739,1.78112,-0.72022,-0.40626,-0.68590,0.49411,1.35644,-1.13724,1.79301,-0.71112,-0.40476,-0.69469,0.47506,1.29550,-1.16855,1.78657,-0.71409,-0.40410,-0.69024
36.500000,1825,0.49976,1.35730,-1.15701,1.80019,-0.70648,-0.40207,-0.69391,0.49402,1.32869,-1.13962,1.80964,-0.70172,-0.40255,-0.70673,0.47430,1.28075,-1.16622,1.80157,-0.70346,-0.40223,-0.70207
36.600000,1830,0.49823,1.33937,-1.15548,1.81164,-0.69962,-0.40054,-0.70726,0.49309,1.31504,-1.13574,1.82519,-0.69195,-0.40177,-0.71732,0.47354,1.26518,-1.16386,1.81579,-0.69309,-0.40093,-0.71398
36.700000,1835,0.49823,1.32068,-1.15357,1.82690,-0.68741,-0.39825,-0.71833,0.49261,1.29378,-1.13467,1.83921,-0.68287,-0.40133,-0.72870,0.47278,1.24876,-1.16148,1.82921,-0.68301,-0.40023,-0.72596
36.800000,1840,0.49823,1.30313,-1.15052,1.83987,-0.67825,-0.39749,-0.73130,0.49218,1.27592,-1.13189,1.85299,-0.67369,-0.40147,-0.74035,0.47202,1.23153,-1.15911,1.84183,-0.67325,-0.40011,-0.73797
36.900000,1845,0.49785,1.28482,-1.14976,1.85245,-0.67101,-0.39749,-0.74312,0.49139,1.25547,-1.13012,1.86585,-0.66478,-0.40219,-0.75186,0.47126,1.21350,-1.15674,1.85366,-0.66385,-0.40058,-0.75002
37.000000,1850,0.49785,1.26422,-1.14938,1.86542,-0.65651,-0.39711,-0.75800,0.49106,1.23524,-1.12669,1.87877,-0.65701,-0.40367,-0.76228,0.47048,1.19465,-1.15438,1.86465,-0.65485,-0.40165,-0.76207
37.100000,1855,0.49785,1.24438,-1.14747,1.87496,-0.65155,-0.39863,-0.76792,0.49024,1.21310,-1.12549,1.89016,-0.64899,-0.40527,-0.77386,0.46969,1.17504,-1.15206,1.87484,-0.64626,-0.40328,-0.77411
37.200000,1860,0.49442,1.22149,-1.13984,1.88564,-0.64507,-0.39940,-0.77822,0.48965,1.19194,-1.12328,1.89973,-0.64139,-0.40783,-0.78579,0.46889,1.15468,-1.14977,1.88423,-0.63811,-0.40548,-0.78612
37.300000,1865,0.49251,1.19937,-1.13641,1.89404,-0.63362,-0.40321,-0.79233,0.48882,1.17183,-1.11949,1.91059,-0.63442,-0.41120,-0.79609,0.46808,1.13357,-1.14754,1.89276,-0.63045,-0.40824,-0.79807
37.400000,1870,0.49213,1.17762,-1.13641,1.90319,-0.62637,-0.40474,-0.80607,0.48845,1.14360,-1.11996,1.91883,-0.62829,-0.41453,-0.80809,0.46725,1.11174,-1.14538,1.90046,-0.62330,-0.41156,-0.80995
37.500000,1875,0.49175,1.15512,-1.13641,1.91006,-0.62294,-0.41084,-0.81713,0.48792,1.11839,-1.11772,1.92749,-0.62263,-0.41866,-0.81856,0.46642,1.08924,-1.14329,1.90733,-0.61667,-0.41540,-0.82172
37.600000,1880,0.48717,1.13108,-1.13183,1.91921,-0.61569,-0.41465,-0.82590,0.48714,1.08862,-1.11859,1.93481,-0.61756,-0.42296,-0.82972,0.46557,1.06607,-1.14129,1.91336,-0.61061,-0.41975,-0.83337
37.700000,1885,0.48717,1.10705,-1.13145,1.92112,-0.60616,-0.41923,-0.83964,0.48679,1.06346,-1.11606,1.94176,-0.61306,-0.42814,-0.84013,0.46472,1.04226,-1.13940,1.91853,-0.60513,-0.42460,-0.84487
37.800000,1890,0.48717,1.08073,-1.13068,1.93104,-0.60158,-0.42305,-0.85146,0.48591,1.03755,-1.11530,1.94639,-0.60873,-0.43368,-0.85134,0.46387,1.01786,-1.13763,1.92285,-0.60026,-0.42992,-0.85620
37.900000,1895,0.48679,1.05517,-1.12573,1.93295,-0.59967,-0.42877,-0.86176,0.48497,1.01577,-1.11221,1.95159,-0.60482,-0.43987,-0.86143,0.46302,0.99289,-1.13599,1.92632,-0.59599,-0.43568,-0.86734
38.000000,1900,0.48679,1.03190,-1.12229,1.93714,-0.59776,-0.43831,-0.87397,0.48467,0.98570,-1.11206,1.95539,-0.60231,-0.44601,-0.87194,0.46218,0.96739,-1.13450,1.92894,-0.59235,-0.44185,-0.87826
38.100000,1905,0.48679,1.00367,-1.12038,1.94096,-0.59547,-0.44327,-0.88084,0.48385,0.95762,-1.11161,1.95817,-0.59987,-0.45292,-0.88220,0.46136,0.94140,-1.13317,1.93069,-0.58936,-0.44841,-0.88896
38.200000,1910,0.48641,0.97849,-1.11771,1.94439,-0.59319,-0.44937,-0.89533,0.48332,0.93219,-1.10866,1.96078,-0.59833,-0.46033,-0.89101,0.46055,0.91496,-1.13202,1.93159,-0.58701,-0.45532,-0.89940
38.300000,1915,0.48374,0.94988,-1.11733,1.94515,-0.59242,-0.45662,-0.90449,0.48321,0.90019,-1.10936,1.96231,-0.59796,-0.46758,-0.90075,0.45977,0.88809,-1.13105,1.93163,-0.58531,-0.46256,-0.90959
38.400000,1920,0.48374,0.91975,-1.11733,1.94592,-0.58975,-0.46654,-0.91593,0.48287,0.86130,-1.11320,1.96316,-0.59809,-0.47470,-0.91033,0.45904,0.86086,-1.13028,1.93081,-0.58426,-0.47008,-0.91950
38.500000,1925,0.48374,0.89037,-1.11733,1.94668,-0.58861,-0.47378,-0.92394,0.48165,0.84436,-1.10884,1.96185,-0.59714,-0.48335,-0.91932,0.45835,0.83328,-1.12972,1.92913,-0.58385,-0.47785,-0.92912
38.600000,1930,0.48145,0.86405,-1.11657,1.94706,-0.58861,-0.48256,-0.93577,0.48155,0.81438,-1.10843,1.96099,-0.59858,-0.49140,-0.92758,0.45771,0.80541,-1.12938,1.92659,-0.58408,-0.48584,-0.93845
38.700000,1935,0.48145,0.83735,-1.11657,1.94706,-0.58861,-0.49209,-0.94340,0.48114,0.78491,-1.10952,1.95859,-0.60001,-0.49968,-0.93655,0.45714,0.77728,-1.12927,1.92319,-0.58494,-0.49401,-0.94748
38.800000,1940,0.48145,0.81064,-1.11657,1.94668,-0.58937,-0.49972,-0.95141,0.48106,0.74605,-1.11329,1.95589,-0.60255,-0.50781,-0.94466,0.45665,0.74892,-1.12940,1.91894,-0.58640,-0.50232,-0.95622
38.900000,1945,0.48145,0.78165,-1.11657,1.94668,-0.59013,-0.50812,-0.95942,0.48033,0.72768,-1.10996,1.95107,-0.60426,-0.51701,-0.95256,0.45624,0.72037,-1.12978,1.91384,-0.58846,-0.51075,-0.96466
39.000000,1950,0.48107,0.75533,-1.11657,1.94553,-0.59357,-0.51803,-0.96934,0.48032,0.69937,-1.10989,1.94607,-0.60748,-0.52583,-0.95992,0.45592,0.69164,-1.13039,1.90788,-0.59110,-0.51926,-0.97281
39.100000,1955,0.48107,0.72710,-1.11657,1.94134,-0.59586,-0.52681,-0.97773,0.48035,0.66839,-1.11146,1.94144,-0.61163,-0.53441,-0.96693,0.45571,0.66273,-1.13127,1.90106,-0.59430,-0.52784,-0.98070
39.200000,1960,0.48107,0.69811,-1.11657,1.93638,-0.60081,-0.53482,-0.98383,0.48050,0.63682,-1.11369,1.93445,-0.61599,-0.54309,-0.97406,0.45564,0.63365,-1.13245,1.89314,-0.59809,-0.53644,-0.98821
39.300000,1965,0.48107,0.67064,-1.11657,1.92837,-0.60272,-0.54588,-0.99185,0.48093,0.60571,-1.11617,1.92584,-0.62127,-0.55167,-0.98014,0.45584,0.60447,-1.13416,1.88327,-0.60262,-0.54491,-0.99493
39.400000,1970,0.48107,0.64089,-1.11657,1.92150,-0.60616,-0.55389,-0.99833,0.48170,0.57111,-1.11980,1.91701,-0.62697,-0.56023,-0.98686,0.45611,0.57473,-1.13601,1.87292,-0.60758,-0.55354,-1.00179
39.500000,1975,0.48107,0.60770,-1.11657,1.91082,-0.60959,-0.56229,-1.00253,0.48227,0.53709,-1.12251,1.90850,-0.63317,-0.56929,-0.99343,0.45638,0.54404,-1.13786,1.86261,-0.61294,-0.56250,-1.00921
39.600000,1980,0.48107,0.57718,-1.11657,1.90052,-0.61798,-0.57335,-1.01130,0.48260,0.51195,-1.12255,1.89709,-0.63921,-0.57881,-1.00026,0.45681,0.51251,-1.14008,1.85091,-0.61900,-0.57162,-1.01649
39.700000,1985,0.48145,0.54857,-1.11657,1.88831,-0.62866,-0.58174,-1.01855,0.48391,0.47441,-1.12671,1.88681,-0.64613,-0.58737,-1.00632,0.45763,0.48077,-1.14257,1.83809,-0.62531,-0.58078,-1.02351
39.800000,1990,0.48145,0.51729,-1.11657,1.87839,-0.63095,-0.58899,-1.02618,0.48807,0.46866,-1.12150,1.89253,-0.63656,-0.59336,-1.01579,0.46246,0.46127,-1.13975,1.84142,-0.61969,-0.58910,-1.03208
39.900000,1995,0.48221,0.50699,-1.11657,1.88107,-0.62485,-0.59738,-1.03190,0.49904,0.45042,-1.11892,1.91915,-0.61491,-0.59802,-1.02538,0.47281,0.46002,-1.13000,1.86590,-0.59753,-0.59599,-1.04158
40.000000,2000,0.48755,0.50432,-1.11657,1.89938,-0.60081,-0.60158,-1.04830,0.51027,0.45392,-1.10735,1.94505,-0.59072,-0.60462,-1.03519,0.48395,0.46088,-1.11933,1.89308,-0.57313,-0.60282,-1.05126
40.100000,2005,0.50052,0.49898,-1.10856,1.93333,-0.57754,-0.60692,-1.05403,0.51963,0.46095,-1.10000,1.96973,-0.56645,-0.60990,-1.04557,0.49470,0.46300,-1.10891,1.91979,-0.54923,-0.60899,-1.06027
40.200000,2010,0.50739,0.50394,-1.08872,1.95660,-0.55771,-0.61264,-1.05860,0.52318,0.50840,-1.08461,1.98385,-0.54952,-0.60554,-1.04339,0.49921,0.48231,-1.10230,1.93905,-0.53339,-0.60560,-1.05995
40.300000,2015,0.51082,0.53942,-1.08414,1.96804,-0.54436,-0.61073,-1.05899,0.52328,0.53175,-1.08265,1.99844,-0.54114,-0.59380,-1.03552,0.49872,0.51526,-1.09836,1.95319,-0.52410,-0.59439,-1.05290
40.400000,2020,0.51044,0.57527,-1.08376,1.97567,-0.53291,-0.60081,-1.05479,0.52222,0.57600,-1.07515,2.00793,-0.53185,-0.58277,-1.02834,0.49817,0.54843,-1.09508,1.96551,-0.51592,-0.58276,-1.04512
40.500000,2025,0.51006,0.60808,-1.08033,1.99055,-0.52261,-0.58975,-1.04716,0.52154,0.60496,-1.07455,2.01672,-0.52395,-0.57076,-1.02142,0.49779,0.58109,-1.09232,1.97634,-0.50854,-0.57112,-1.03699
40.600000,2030,0.51006,0.63936,-1.07232,1.99665,-0.51842,-0.57602,-1.04106,0.52082,0.64339,-1.06901,2.02634,-0.51608,-0.55965,-1.01383,0.49756,0.61308,-1.08963,1.98692,-0.50161,-0.55966,-1.02920
40.700000,2035,0.51006,0.67064,-1.07117,2.00924,-0.51041,-0.56572,-1.03190,0.52065,0.67594,-1.06541,2.03463,-0.50926,-0.54847,-1.00664,0.49748,0.64456,-1.08699,1.99730,-0.49505,-0.54834,-1.02169
40.800000,2040,0.51006,0.70231,-1.07079,2.01840,-0.49934,-0.55237,-1.02351,0.52059,0.71098,-1.06166,2.04110,-0.50326,-0.53736,-0.99845,0.49756,0.67605,-1.08503,2.00572,-0.48944,-0.53681,-1.01323
40.900000,2045,0.51006,0.73435,-1.07079,2.02526,-0.49591,-0.54207,-1.01626,0.52054,0.74074,-1.06136,2.04690,-0.49782,-0.52548,-0.99062,0.49776,0.70747,-1.08348,2.01299,-0.48456,-0.52520,-1.00427
41.000000,2050,0.51006,0.76487,-1.06889,2.03060,-0.49209,-0.52910,-1.00176,0.51994,0.77724,-1.05894,2.05158,-0.49235,-0.51400,-0.98192,0.49807,0.73880,-1.08225,2.01939,-0.48037,-0.51360,-0.99494
41.100000,2055,0.51197,0.79615,-1.06507,2.03442,-0.48866,-0.51727,-0.99413,0.52048,0.80674,-1.05830,2.05623,-0.48895,-0.50236,-0.97257,0.49846,0.77004,-1.08133,2.02488,-0.47690,-0.50201,-0.98519
41.200000,2060,0.51235,0.82476,-1.06507,2.04243,-0.48141,-0.50506,-0.98345,0.52047,0.84598,-1.05405,2.05839,-0.48511,-0.49135,-0.96276,0.49893,0.80115,-1.08070,2.02950,-0.47416,-0.49049,-0.97503
41.300000,2065,0.51235,0.85833,-1.06507,2.04396,-0.47645,-0.49248,-0.97277,0.52068,0.87891,-1.05312,2.06057,-0.48257,-0.48023,-0.95274,0.49945,0.83211,-1.08037,2.03321,-0.47222,-0.47908,-0.96444
41.400000,2070,0.51235,0.88847,-1.06507,2.04434,-0.47416,-0.48218,-0.96400,0.52126,0.90907,-1.05324,2.06218,-0.48130,-0.46881,-0.94234,0.50002,0.86286,-1.08033,2.03604,-0.47107,-0.46784,-0.95344
41.500000,2075,0.51273,0.91898,-1.06431,2.04434,-0.47378,-0.46921,-0.94874,0.52141,0.94076,-1.05339,2.06239,-0.48016,-0.45787,-0.93177,0.50061,0.89334,-1.08055,2.03797,-0.47075,-0.45682,-0.94201
41.600000,2080,0.51273,0.94988,-1.06431,2.04624,-0.47378,-0.45891,-0.93729,0.52189,0.97015,-1.05442,2.06139,-0.48018,-0.44713,-0.92093,0.50122,0.92350,-1.08103,2.03901,-0.47125,-0.44606,-0.93019
41.700000,2085,0.51273,0.98002,-1.06431,2.04891,-0.47378,-0.44555,-0.92356,0.52188,1.00580,-1.05297,2.05949,-0.48031,-0.43712,-0.90938,0.50183,0.95329,-1.08174,2.03914,-0.47262,-0.43564,-0.91798
41.800000,2090,0.51311,1.01206,-1.06431,2.04891,-0.47378,-0.43754,-0.91441,0.52236,1.03641,-1.05353,2.05731,-0.48230,-0.42714,-0.89743,0.50242,0.98266,-1.08268,2.03837,-0.47484,-0.42559,-0.90539
41.900000,2095,0.51578,1.04029,-1.06431,2.04891,-0.47416,-0.42762,-0.90105,0.52235,1.06701,-1.05486,2.05402,-0.48446,-0.41756,-0.88555,0.50299,1.01155,-1.08382,2.03671,-0.47791,-0.41596,-0.89247
42.000000,2100,0.51769,1.07119,-1.06393,2.04891,-0.47455,-0.41656,-0.88694,0.52298,1.09592,-1.05555,2.04987,-0.48818,-0.40850,-0.87285,0.50352,1.03991,-1.08514,2.03414,-0.48183,-0.40682,-0.87923
42.100000,2105,0.51769,1.09599,-1.06393,2.04891,-0.47760,-0.40817,-0.87015,0.52288,1.13181,-1.05392,2.04393,-0.49158,-0.40047,-0.86006,0.50402,1.06769,-1.08663,2.03068,-0.48658,-0.39820,-0.86569
42.200000,2110,0.51807,1.12841,-1.06393,2.04853,-0.48256,-0.39749,-0.85947,0.52363,1.15223,-1.05812,2.03836,-0.49738,-0.39219,-0.84712,0.50446,1.09485,-1.08827,2.02633,-0.49214,-0.39014,-0.85190
42.300000,2115,0.51807,1.15397,-1.06393,2.04663,-0.49286,-0.39024,-0.84460,0.52312,1.18788,-1.05742,2.03085,-0.50209,-0.38523,-0.83451,0.50485,1.12134,-1.09004,2.02110,-0.49850,-0.38268,-0.83789
42.400000,2120,0.51807,1.18144,-1.06393,2.03900,-0.49743,-0.38376,-0.82972,0.52340,1.21094,-1.05991,2.02441,-0.50929,-0.37839,-0.82008,0.50517,1.14713,-1.09192,2.01499,-0.50561,-0.37586,-0.82370
42.500000,2125,0.51807,1.20700,-1.06393,2.03213,-0.50354,-0.37765,-0.81484,0.52330,1.23875,-1.06137,2.01543,-0.51617,-0.37238,-0.80689,0.50544,1.17216,-1.09391,2.00799,-0.51346,-0.36970,-0.80934
42.600000,2130,0.51807,1.23332,-1.06393,2.02412,-0.50888,-0.36888,-0.79996,0.52314,1.26721,-1.06184,2.00594,-0.52395,-0.36736,-0.79295,0.50564,1.19642,-1.09597,2.00013,-0.52199,-0.36424,-0.79488
42.700000,2135,0.51807,1.25926,-1.06393,2.01306,-0.52338,-0.36430,-0.78661,0.52309,1.29121,-1.06412,1.99553,-0.53248,-0.36273,-0.77937,0.50577,1.21987,-1.09810,1.99141,-0.53118,-0.35949,-0.78033
42.800000,2140,0.51807,1.28329,-1.06393,2.00466,-0.52795,-0.35972,-0.77135,0.52292,1.31758,-1.06490,1.98400,-0.54166,-0.35892,-0.76540,0.50585,1.24248,-1.10029,1.98183,-0.54097,-0.35548,-0.76575
42.900000,2145,0.51845,1.30656,-1.06393,1.99322,-0.53863,-0.35705,-0.75838,0.52271,1.33777,-1.06807,1.97308,-0.55159,-0.35563,-0.75140,0.50586,1.26423,-1.10252,1.97141,-0.55133,-0.35220,-0.75115
43.000000,2150,0.51845,1.33021,-1.06393,1.98292,-0.55122,-0.35438,-0.74160,0.52262,1.36133,-1.06965,1.95968,-0.56186,-0.35326,-0.73791,0.50583,1.28510,-1.10477,1.96016,-0.56219,-0.34967,-0.73657
43.100000,2155,0.51845,1.35005,-1.06393,1.96957,-0.55885,-0.34980,-0.72863,0.52214,1.38469,-1.07081,1.94639,-0.57237,-0.35177,-0.72402,0.50574,1.30507,-1.10704,1.94809,-0.57353,-0.34789,-0.72204
43.200000,2160,0.51845,1.37218,-1.06393,1.95545,-0.57526,-0.34904,-0.71451,0.52161,1.40722,-1.07247,1.93218,-0.58313,-0.35092,-0.71061,0.50560,1.32412,-1.10931,1.93520,-0.58528,-0.34686,-0.70760
43.300000,2165,0.51845,1.38972,-1.06393,1.94096,-0.58289,-0.34828,-0.69811,0.52095,1.43058,-1.07281,1.91667,-0.59433,-0.35103,-0.69665,0.50543,1.34225,-1.11158,1.92150,-0.59740,-0.34658,-0.69325
43.400000,2170,0.51845,1.41223,-1.06469,1.92608,-0.59967,-0.34790,-0.68361,0.52096,1.44692,-1.07563,1.90065,-0.60649,-0.35146,-0.68348,0.50522,1.35944,-1.11383,1.90701,-0.60984,-0.34704,-0.67904
43.500000,2175,0.51845,1.42711,-1.06469,1.91120,-0.60959,-0.34790,-0.67179,0.52053,1.46437,-1.07793,1.88405,-0.61858,-0.35274,-0.67023,0.50499,1.37569,-1.11606,1.89173,-0.62256,-0.34824,-0.66496
43.600000,2180,0.51845,1.44351,-1.06583,1.89594,-0.62485,-0.34904,-0.65462,0.52008,1.48197,-1.07932,1.86689,-0.63064,-0.35473,-0.65704,0.50474,1.39100,-1.11825,1.87567,-0.63551,-0.35016,-0.65104
43.700000,2185,0.51845,1.46335,-1.06660,1.87763,-0.63438,-0.34980,-0.64280,0.51961,1.49575,-1.08232,1.84948,-0.64368,-0.35736,-0.64354,0.50449,1.40536,-1.12040,1.85884,-0.64864,-0.35278,-0.63730
43.800000,2190,0.51845,1.47518,-1.06660,1.85932,-0.65041,-0.35057,-0.62716,0.51890,1.51802,-1.08144,1.82940,-0.65534,-0.36119,-0.63137,0.50423,1.41878,-1.12249,1.84125,-0.66191,-0.35610,-0.62373
43.900000,2195,0.51845,1.49234,-1.06698,1.84177,-0.66147,-0.35476,-0.61838,0.51879,1.52818,-1.08413,1.81127,-0.66912,-0.36515,-0.61757,0.50398,1.43125,-1.12452,1.82291,-0.67529,-0.36009,-0.61035
44.000000,2200,0.51845,1.50417,-1.06736,1.82041,-0.67749,-0.35896,-0.60198,0.51806,1.54355,-1.08576,1.79039,-0.68147,-0.36997,-0.60554,0.50375,1.44278,-1.12648,1.80381,-0.68874,-0.36474,-0.59715
44.100000,2205,0.51845,1.51676,-1.06736,1.80363,-0.68817,-0.36583,-0.58939,0.51774,1.55710,-1.08673,1.76986,-0.69445,-0.37527,-0.59299,0.50355,1.45338,-1.12836,1.78398,-0.70221,-0.37004,-0.58414
44.200000,2210,0.51845,1.52896,-1.07079,1.78112,-0.70534,-0.36964,-0.57566,0.51772,1.56461,-1.08943,1.74832,-0.70759,-0.38120,-0.58080,0.50338,1.46305,-1.13015,1.76340,-0.71569,-0.37596,-0.57131
44.300000,2215,0.51845,1.53888,-1.07766,1.75976,-0.71449,-0.37536,-0.56497,0.51721,1.58047,-1.08846,1.72611,-0.72014,-0.38807,-0.56838,0.50326,1.47179,-1.13185,1.74208,-0.72915,-0.38249,-0.55865
44.400000,2220,0.51845,1.54956,-1.07995,1.73763,-0.73128,-0.38452,-0.55239,0.51732,1.58716,-1.09091,1.70361,-0.73355,-0.39489,-0.55631,0.50318,1.47963,-1.13343,1.72002,-0.74255,-0.38961,-0.54615
44.500000,2225,0.51845,1.55185,-1.07995,1.71474,-0.74120,-0.39138,-0.53942,0.51706,1.59316,-1.09365,1.67939,-0.74611,-0.40256,-0.54480,0.50317,1.48656,-1.13490,1.69721,-0.75588,-0.39732,-0.53379
44.600000,2230,0.51883,1.56330,-1.08071,1.69223,-0.75951,-0.39901,-0.52683,0.51714,1.60451,-1.09277,1.65513,-0.75901,-0.41115,-0.53278,0.50323,1.49261,-1.13625,1.67362,-0.76914,-0.40559,-0.52156
44.700000,2235,0.51845,1.56902,-1.08071,1.66553,-0.76752,-0.40664,-0.51538,0.51708,1.61157,-1.09419,1.62980,-0.77171,-0.42005,-0.52136,0.50338,1.49777,-1.13747,1.64923,-0.78233,-0.41443,-0.50941
44.800000,2240,0.52074,1.58008,-1.08147,1.64379,-0.78621,-0.41847,-0.50432,0.51741,1.61773,-1.09473,1.60403,-0.78440,-0.42940,-0.50974,0.50362,1.50208,-1.13855,1.62397,-0.79545,-0.42386,-0.49732
44.900000,2245,0.52074,1.58237,-1.08300,1.61594,-0.79575,-0.42572,-0.49249,0.51742,1.62398,-1.09514,1.57672,-0.79669,-0.43966,-0.49827,0.50396,1.50550,-1.13948,1.59775,-0.80853,-0.43388,-0.48523
45.000000,2250,0.52112,1.58733,-1.08300,1.58885,-0.81177,-0.43945,-0.48105,0.51798,1.62498,-1.09654,1.54912,-0.80946,-0.44992,-0.48609,0.50450,1.50748,-1.14019,1.57035,-0.82147,-0.44438,-0.47308
45.100000,2255,0.52112,1.59343,-1.08681,1.56177,-0.82054,-0.44861,-0.46732,0.51881,1.62819,-1.09594,1.51958,-0.82186,-0.46097,-0.47416,0.50530,1.50769,-1.14063,1.54158,-0.83423,-0.45529,-0.46081
45.200000,2260,0.52112,1.59381,-1.08681,1.53049,-0.83771,-0.46005,-0.45587,0.51921,1.63409,-1.09512,1.48833,-0.83394,-0.47307,-0.46256,0.50608,1.50849,-1.14106,1.51182,-0.84740,-0.46735,-0.44840
45.300000,2265,0.52112,1.59381,-1.08681,1.50150,-0.84725,-0.47302,-0.44443,0.52016,1.63491,-1.09512,1.45783,-0.84656,-0.48507,-0.45035,0.50694,1.50839,-1.14130,1.48099,-0.86051,-0.48014,-0.43602
45.400000,2270,0.52112,1.59572,-1.08681,1.47250,-0.86327,-0.48294,-0.43260,0.52209,1.64644,-1.09125,1.44564,-0.85253,-0.48386,-0.43869,0.50863,1.51587,-1.13678,1.46471,-0.86938,-0.48444,-0.42379
45.500000,2275,0.52379,1.61098,-1.08681,1.46907,-0.86480,-0.48103,-0.42001,0.52565,1.66612,-1.07937,1.46074,-0.85009,-0.46529,-0.42958,0.51172,1.53648,-1.12254,1.47991,-0.86854,-0.46947,-0.41276
45.600000,2280,0.53295,1.63616,-1.08643,1.48433,-0.86441,-0.46539,-0.41277,0.52859,1.68690,-1.06557,1.48041,-0.84702,-0.44660,-0.42011,0.51508,1.55938,-1.10638,1.50099,-0.86584,-0.45078,-0.40190
45.700000,2285,0.53486,1.65828,-1.07995,1.50417,-0.86289,-0.44708,-0.40132,0.53196,1.70431,-1.05022,1.50208,-0.84409,-0.42752,-0.40923,0.51840,1.58179,-1.09053,1.52226,-0.86294,-0.43213,-0.39149
45.800000,2290,0.53867,1.67545,-1.06736,1.52782,-0.86251,-0.43068,-0.39560,0.53525,1.69951,-1.04704,1.53116,-0.83762,-0.40939,-0.41075,0.52060,1.59331,-1.08196,1.54783,-0.85535,-0.41477,-0.39183
45.900000,2295,0.54020,1.67659,-1.06354,1.55834,-0.85564,-0.41275,-0.39674,0.53684,1.69942,-1.04463,1.56253,-0.82544,-0.39470,-0.42260,0.52163,1.59455,-1.08169,1.57876,-0.84262,-0.39938,-0.40416
46.000000,2300,0.54058,1.67621,-1.06354,1.59458,-0.84000,-0.39673,-0.40437,0.53808,1.69206,-1.04631,1.59508,-0.81326,-0.38038,-0.43464,0.52269,1.59400,-1.08199,1.60907,-0.82924,-0.38486,-0.41747
46.100000,2305,0.54058,1.67621,-1.06354,1.62166,-0.82932,-0.38337,-0.41658,0.53909,1.68918,-1.04693,1.62495,-0.80046,-0.36729,-0.44757,0.52372,1.59360,-1.08227,1.63840,-0.81599,-0.37148,-0.43077
46.200000,2310,0.54058,1.67621,-1.06354,1.65104,-0.81177,-0.36811,-0.43031,0.54041,1.68310,-1.04801,1.65346,-0.78778,-0.35473,-0.46027,0.52490,1.59235,-1.08234,1.66656,-0.80261,-0.35877,-0.44391
46.300000,2315,0.54363,1.67316,-1.06354,1.67888,-0.79994,-0.35667,-0.44672,0.54184,1.67501,-1.04881,1.68187,-0.77471,-0.34250,-0.47237,0.52633,1.58918,-1.08213,1.69342,-0.78883,-0.34644,-0.45696
46.400000,2320,0.54897,1.67011,-1.06354,1.70520,-0.78430,-0.34294,-0.45931,0.54348,1.66892,-1.04881,1.70762,-0.76088,-0.33107,-0.48582,0.52789,1.58503,-1.08175,1.71931,-0.77482,-0.33472,-0.47002
46.500000,2325,0.54897,1.66248,-1.06354,1.73000,-0.76981,-0.33111,-0.47189,0.54499,1.66320,-1.04710,1.73372,-0.74722,-0.32051,-0.49742,0.52956,1.57995,-1.08121,1.74433,-0.76056,-0.32360,-0.48317
46.600000,2330,0.55126,1.66172,-1.06354,1.75670,-0.75531,-0.32043,-0.48448,0.54732,1.64918,-1.04850,1.75946,-0.73387,-0.30978,-0.51028,0.53131,1.57395,-1.08054,1.76856,-0.74605,-0.31308,-0.49646
46.700000,2335,0.55126,1.65142,-1.06354,1.77883,-0.73891,-0.30937,-0.50012,0.54922,1.64082,-1.04747,1.78325,-0.71948,-0.30028,-0.52344,0.53315,1.56699,-1.07973,1.79203,-0.73128,-0.30316,-0.50995
46.800000,2340,0.55202,1.63959,-1.06354,1.80363,-0.72632,-0.30021,-0.51424,0.55091,1.63096,-1.04681,1.80683,-0.70481,-0.29120,-0.53657,0.53505,1.55906,-1.07880,1.81477,-0.71626,-0.29386,-0.52367
46.900000,2345,0.55431,1.62624,-1.06354,1.82499,-0.70725,-0.28953,-0.52797,0.55334,1.61789,-1.04591,1.83062,-0.69076,-0.28282,-0.54947,0.53701,1.55016,-1.07776,1.83680,-0.70101,-0.28520,-0.53766
47.000000,2350,0.55431,1.61670,-1.06354,1.84711,-0.69695,-0.28152,-0.54094,0.55560,1.60504,-1.04519,1.85247,-0.67587,-0.27504,-0.56357,0.53902,1.54025,-1.07662,1.85810,-0.68557,-0.27721,-0.55195
47.100000,2355,0.55660,1.60602,-1.06316,1.87000,-0.67864,-0.27389,-0.55582,0.55803,1.58515,-1.04682,1.87400,-0.66128,-0.26769,-0.57791,0.54106,1.52934,-1.07538,1.87868,-0.66997,-0.26993,-0.56655
47.200000,2360,0.55698,1.58771,-1.06240,1.88755,-0.65994,-0.26435,-0.57337,0.55967,1.58019,-1.04150,1.89508,-0.64587,-0.26203,-0.59099,0.54311,1.51742,-1.07406,1.89854,-0.65426,-0.26336,-0.58148
47.300000,2365,0.55813,1.57436,-1.05782,1.91006,-0.64888,-0.25978,-0.58519,0.56213,1.55604,-1.04457,1.91597,-0.63109,-0.25593,-0.60660,0.54517,1.50447,-1.07267,1.91766,-0.63849,-0.25755,-0.59675
47.400000,2370,0.56766,1.55986,-1.05782,1.92761,-0.62904,-0.25482,-0.60465,0.56404,1.54169,-1.04285,1.93610,-0.61616,-0.25152,-0.62112,0.54723,1.49048,-1.07121,1.93603,-0.62271,-0.25254,-0.61237
47.500000,2375,0.56804,1.54117,-1.05782,1.94668,-0.61531,-0.25138,-0.61838,0.56686,1.51911,-1.04225,1.95429,-0.60159,-0.24726,-0.63626,0.54926,1.47544,-1.06970,1.95365,-0.60697,-0.24834,-0.62834
47.600000,2380,0.56804,1.52362,-1.05706,1.96575,-0.59891,-0.24528,-0.63364,0.56905,1.50089,-1.04041,1.97276,-0.58681,-0.24436,-0.65151,0.55125,1.45937,-1.06813,1.97051,-0.59133,-0.24499,-0.64465
47.700000,2385,0.56881,1.50569,-1.05324,1.98025,-0.58289,-0.24146,-0.65271,0.57126,1.47734,-1.04063,1.99066,-0.57266,-0.24204,-0.66715,0.55320,1.44225,-1.06652,1.98660,-0.57587,-0.24249,-0.66129
47.800000,2390,0.57110,1.48357,-1.05134,1.99818,-0.56992,-0.23765,-0.66759,0.57363,1.45560,-1.03892,2.00716,-0.55830,-0.24070,-0.68339,0.55508,1.42406,-1.06488,2.00188,-0.56064,-0.24090,-0.67825
47.900000,2395,0.57377,1.46259,-1.05096,2.01229,-0.55160,-0.23727,-0.68705,0.57573,1.43272,-1.03778,2.02408,-0.54468,-0.24035,-0.69932,0.55689,1.40483,-1.06321,2.01638,-0.54572,-0.24023,-0.69552
48.000000,2400,0.57377,1.43779,-1.05057,2.02717,-0.54054,-0.23727,-0.70231,0.57757,1.41162,-1.03622,2.03792,-0.53057,-0.24100,-0.71679,0.55861,1.38458,-1.06153,2.03008,-0.53118,-0.24047,-0.71305
48.100000,2405,0.57377,1.41490,-1.05019,2.04167,-0.52299,-0.23727,-0.72062,0.57931,1.38906,-1.03380,2.05308,-0.51783,-0.24276,-0.73257,0.56024,1.36326,-1.05984,2.04293,-0.51709,-0.24168,-0.73082
48.200000,2410,0.57644,1.39240,-1.04714,2.05464,-0.51269,-0.23727,-0.73931,0.58164,1.35927,-1.03411,2.06602,-0.50558,-0.24501,-0.75026,0.56176,1.34091,-1.05818,2.05492,-0.50353,-0.24387,-0.74878
48.300000,2415,0.58292,1.36645,-1.04294,2.06608,-0.49705,-0.23879,-0.75800,0.58285,1.33573,-1.03303,2.07855,-0.49318,-0.24870,-0.76792,0.56316,1.31753,-1.05655,2.06601,-0.49056,-0.24705,-0.76689
48.400000,2420,0.58445,1.34166,-1.03951,2.07905,-0.48752,-0.24146,-0.77555,0.58497,1.29985,-1.03411,2.09142,-0.48287,-0.25270,-0.78469,0.56444,1.29318,-1.05495,2.07626,-0.47827,-0.25118,-0.78512
48.500000,2425,0.58445,1.31000,-1.03913,2.08859,-0.47340,-0.24604,-0.79272,0.58615,1.27910,-1.03019,2.10161,-0.47175,-0.25862,-0.80217,0.56558,1.26789,-1.05337,2.08568,-0.46674,-0.25622,-0.80343
48.600000,2430,0.58483,1.28482,-1.03913,2.09927,-0.46577,-0.25405,-0.81332,0.58774,1.24376,-1.03124,2.11254,-0.46279,-0.26453,-0.81923,0.56659,1.24170,-1.05183,2.09424,-0.45603,-0.26215,-0.82178
48.700000,2435,0.58445,1.25659,-1.03913,2.10842,-0.45433,-0.26054,-0.82934,0.58904,1.21213,-1.03127,2.12117,-0.45400,-0.27155,-0.83721,0.56747,1.21463,-1.05033,2.10196,-0.44621,-0.26894,-0.84012
48.800000,2440,0.58445,1.22493,-1.03799,2.11377,-0.44327,-0.26664,-0.85070,0.58978,1.18541,-1.02826,2.13055,-0.44605,-0.27975,-0.85357,0.56821,1.18673,-1.04891,2.10881,-0.43732,-0.27656,-0.85839
48.900000,2445,0.58483,1.19670,-1.03760,2.12292,-0.43754,-0.27580,-0.86787,0.59098,1.15255,-1.02823,2.13798,-0.43966,-0.28836,-0.87099,0.56881,1.15800,-1.04760,2.11473,-0.42946,-0.28501,-0.87651
49.000000,2450,0.58483,1.16465,-1.03722,2.12788,-0.42877,-0.28533,-0.88541,0.59191,1.11467,-1.03002,2.14445,-0.43437,-0.29770,-0.88810,0.56930,1.12849,-1.04645,2.11969,-0.42264,-0.29428,-0.89442
49.100000,2455,0.58483,1.13261,-1.03722,2.13246,-0.42114,-0.29411,-0.90067,0.59246,1.08668,-1.02769,2.14981,-0.42927,-0.30839,-0.90489,0.56966,1.09826,-1.04546,2.12370,-0.41692,-0.30432,-0.91207
49.200000,2460,0.58483,1.10209,-1.03532,2.13665,-0.41771,-0.30708,-0.92051,0.59287,1.05288,-1.02819,2.15422,-0.42561,-0.31909,-0.92145,0.56991,1.06738,-1.04466,2.12675,-0.41236,-0.31503,-0.92941
49.300000,2465,0.58750,1.06967,-1.03341,2.14085,-0.41656,-0.31738,-0.93958,0.59330,1.02280,-1.02632,2.15783,-0.42305,-0.33118,-0.93737,0.57007,1.03591,-1.04407,2.12887,-0.40894,-0.32634,-0.94641
49.400000,2470,0.58750,1.03800,-1.03265,2.14390,-0.41427,-0.33111,-0.95141,0.59373,0.98370,-1.02892,2.16091,-0.42197,-0.34276,-0.95351,0.57015,1.00391,-1.04370,2.13004,-0.40670,-0.33818,-0.96303
49.500000,2475,0.58750,1.00367,-1.03226,2.14428,-0.41389,-0.34332,-0.97048,0.59382,0.95565,-1.02686,2.16215,-0.42160,-0.35587,-0.96861,0.57016,0.97145,-1.04358,2.13027,-0.40564,-0.35047,-0.97924
49.600000,2480,0.58750,0.96972,-1.03188,2.14466,-0.41389,-0.35781,-0.98918,0.59428,0.91907,-1.02808,2.16349,-0.42300,-0.36841,-0.98340,0.57013,0.93861,-1.04375,2.12956,-0.40575,-0.36314,-0.99498
49.700000,2485,0.58750,0.93653,-1.03188,2.14505,-0.41427,-0.36964,-1.00062,0.59452,0.88176,-1.03001,2.16287,-0.42517,-0.38173,-0.99794,0.57008,0.90546,-1.04422,2.12790,-0.40703,-0.37611,-1.01025
49.800000,2490,0.58750,0.90334,-1.03188,2.14543,-0.41427,-0.38452,-1.01855,0.59483,0.84427,-1.03239,2.16210,-0.42873,-0.39483,-1.01197,0.57003,0.87206,-1.04503,2.12530,-0.40944,-0.38929,-1.02503
49.900000,2495,0.58712,0.86863,-1.03188,2.14543,-0.41504,-0.39749,-1.03076,0.59482,0.81356,-1.03260,2.15926,-0.43257,-0.40869,-1.02560,0.56999,0.83849,-1.04618,2.12175,-0.41296,-0.40261,-1.03929
50.000000,2500,0.58750,0.83735,-1.03188,2.14505,-0.41885,-0.41160,-1.04716,0.59542,0.78028,-1.03345,2.15599,-0.43828,-0.42237,-1.03842,0.57001,0.80482,-1.04770,2.11727,-0.41754,-0.41598,-1.05304
50.100000,2505,0.58750,0.80340,-1.03188,2.14505,-0.42190,-0.42572,-1.05670,0.59562,0.74165,-1.03779,2.15236,-0.44462,-0.43547,-1.05121,0.57010,0.77112,-1.04961,2.11187,-0.42313,-0.42934,-1.06628
50.200000,2510,0.58750,0.76945,-1.03188,2.14505,-0.42877,-0.44059,-1.07196,0.59615,0.70772,-1.04030,2.14677,-0.45158,-0.44896,-1.06385,0.57029,0.73743,-1.05191,2.10554,-0.42966,-0.44261,-1.07902
50.300000,2515,0.58750,0.73321,-1.03188,2.14390,-0.43831,-0.45280,-1.08187,0.59641,0.67911,-1.04108,2.14049,-0.45945,-0.46263,-1.07502,0.57060,0.70380,-1.05462,2.09829,-0.43710,-0.45574,-1.09129
50.400000,2520,0.58750,0.70536,-1.03188,2.13780,-0.44708,-0.46806,-1.09828,0.59751,0.63702,-1.04700,2.13476,-0.46921,-0.47532,-1.08578,0.57105,0.67022,-1.05776,2.09009,-0.44540,-0.46868,-1.10310
50.500000,2525,0.58750,0.66988,-1.03188,2.12979,-0.45357,-0.48027,-1.10591,0.59780,0.60974,-1.04936,2.12503,-0.47859,-0.48845,-1.09647,0.57153,0.63685,-1.06168,2.08027,-0.45489,-0.48133,-1.11400
50.600000,2530,0.58750,0.63860,-1.03188,2.12178,-0.46844,-0.49438,-1.11583,0.59915,0.56590,-1.05754,2.11654,-0.49027,-0.50037,-1.10618,0.57217,0.60344,-1.06614,2.06923,-0.46524,-0.49373,-1.12441
50.700000,2535,0.58750,0.60236,-1.03379,2.10919,-0.47607,-0.50697,-1.12841,0.60010,0.54191,-1.05809,2.10623,-0.50057,-0.51345,-1.11655,0.57332,0.56947,-1.07046,2.05825,-0.47572,-0.50606,-1.13552
50.800000,2540,0.58864,0.56841,-1.03417,2.10194,-0.49019,-0.52032,-1.13719,0.60223,0.49656,-1.06759,2.09584,-0.51313,-0.52518,-1.12773,0.57475,0.53507,-1.07527,2.04618,-0.48700,-0.51821,-1.14655
50.900000,2545,0.59017,0.53484,-1.03608,2.08706,-0.50239,-0.53253,-1.14978,0.60380,0.46631,-1.07085,2.08281,-0.52610,-0.53787,-1.13643,0.57633,0.50035,-1.08098,2.03213,-0.49945,-0.53010,-1.15695
51.000000,2550,0.59017,0.50203,-1.04790,2.07562,-0.51422,-0.54550,-1.15741,0.60742,0.44102,-1.07405,2.07410,-0.52976,-0.55279,-1.14742,0.58054,0.47032,-1.08478,2.02225,-0.50580,-0.54500,-1.16740
51.100000,2555,0.59627,0.47876,-1.04981,2.07257,-0.51842,-0.56267,-1.16999,0.61903,0.43815,-1.07141,2.08245,-0.50792,-0.57982,-1.15604,0.59342,0.46193,-1.08089,2.02993,-0.48657,-0.57236,-1.17527
51.200000,2560,0.61611,0.47571,-1.04981,2.07257,-0.49743,-0.59128,-1.17877,0.63450,0.41782,-1.07569,2.09730,-0.48343,-0.60964,-1.16320,0.60882,0.45966,-1.07496,2.04234,-0.45995,-0.60368,-1.18219
51.300000,2565,0.62946,0.46503,-1.04981,2.08020,-0.47188,-0.62103,-1.18335,0.65071,0.41870,-1.06647,2.10849,-0.45669,-0.64121,-1.16886,0.62447,0.45735,-1.06894,2.05493,-0.43292,-0.63548,-1.18922
51.400000,2570,0.64510,0.46045,-1.04981,2.09584,-0.44632,-0.65231,-1.19059,0.66642,0.41583,-1.06090,2.12170,-0.42998,-0.67231,-1.17521,0.64021,0.45502,-1.06287,2.06762,-0.40571,-0.66748,-1.19629
51.500000,2575,0.66189,0.46007,-1.04943,2.10842,-0.41885,-0.68436,-1.19899,0.68153,0.42339,-1.05306,2.13387,-0.40296,-0.70075,-1.18109,0.65546,0.45378,-1.05689,2.08029,-0.37888,-0.69809,-1.20283
51.600000,2580,0.67371,0.46732,-1.04333,2.12063,-0.39177,-0.70648,-1.20166,0.68655,0.47948,-1.03956,2.14304,-0.37944,-0.69872,-1.17651,0.66160,0.47372,-1.05188,2.09362,-0.35851,-0.70204,-1.19968
51.700000,2585,0.67600,0.50966,-1.03799,2.13055,-0.37078,-0.70458,-1.20051,0.68751,0.50379,-1.03665,2.15816,-0.36459,-0.68095,-1.16645,0.66157,0.50937,-1.04656,2.10845,-0.34251,-0.68572,-1.19054
51.800000,2590,0.67600,0.54590,-1.03646,2.14009,-0.35705,-0.69122,-1.19288,0.68664,0.55431,-1.02711,2.16789,-0.34772,-0.66431,-1.15749,0.66154,0.54549,-1.04220,2.12171,-0.32759,-0.66829,-1.18051
51.900000,2595,0.67638,0.58290,-1.03074,2.15763,-0.33912,-0.67444,-1.17801,0.68710,0.58349,-1.02579,2.17892,-0.33345,-0.64573,-1.14805,0.66184,0.58157,-1.03845,2.13379,-0.31339,-0.65037,-1.17005
52.000000,2600,0.67638,0.61800,-1.02463,2.16488,-0.32386,-0.65537,-1.16809,0.68722,0.62673,-1.01946,2.18883,-0.31793,-0.62796,-1.13821,0.66287,0.61733,-1.03445,2.14555,-0.29903,-0.63225,-1.15988
52.100000,2605,0.67829,0.65538,-1.02044,2.17823,-0.30860,-0.63705,-1.15664,0.68809,0.66394,-1.01567,2.19718,-0.30443,-0.60930,-1.12767,0.66389,0.65342,-1.03148,2.15583,-0.28597,-0.61346,-1.14875
52.200000,2610,0.67867,0.69124,-1.01891,2.18472,-0.29563,-0.61874,-1.14672,0.68886,0.70440,-1.01127,2.20529,-0.29190,-0.59005,-1.11572,0.66500,0.68977,-1.02926,2.16496,-0.27397,-0.59412,-1.13686
52.300000,2615,0.67905,0.72863,-1.01853,2.19388,-0.28381,-0.59624,-1.13375,0.69010,0.74351,-1.00819,2.21086,-0.28016,-0.57068,-1.10399,0.66630,0.72634,-1.02757,2.17313,-0.26290,-0.57433,-1.12429
52.400000,2620,0.68211,0.76639,-1.01739,2.19883,-0.27198,-0.57487,-1.11888,0.69118,0.77814,-1.00862,2.21621,-0.26957,-0.55025,-1.09202,0.66774,0.76308,-1.02640,2.18036,-0.25283,-0.55416,-1.11102
52.500000,2625,0.68401,0.80263,-1.01090,2.20417,-0.25939,-0.55427,-1.10362,0.69236,0.82283,-1.00440,2.21992,-0.25954,-0.53031,-1.07851,0.66929,0.79995,-1.02573,2.18663,-0.24385,-0.53367,-1.09702
52.600000,2630,0.68439,0.83887,-1.00899,2.21142,-0.25520,-0.53368,-1.09103,0.69364,0.86188,-1.00341,2.22365,-0.25110,-0.50962,-1.06448,0.67092,0.83687,-1.02554,2.19192,-0.23609,-0.51295,-1.08226
52.700000,2635,0.68439,0.87702,-1.00861,2.21257,-0.24452,-0.51384,-1.07615,0.69521,0.89700,-1.00404,2.22720,-0.24447,-0.48864,-1.04942,0.67259,0.87376,-1.02580,2.19626,-0.22959,-0.49212,-1.06673
52.800000,2640,0.68745,0.91326,-1.00747,2.21447,-0.23460,-0.49095,-1.05784,0.69624,0.93847,-1.00318,2.22755,-0.23787,-0.46831,-1.03434,0.67426,0.91053,-1.02650,2.19960,-0.22448,-0.47128,-1.05043
52.900000,2645,0.68783,0.95103,-1.00747,2.22020,-0.23345,-0.46844,-1.04106,0.69752,0.98030,-1.00243,2.22788,-0.23355,-0.44805,-1.01822,0.67589,0.94708,-1.02757,2.20197,-0.22079,-0.45055,-1.03339
53.000000,2650,0.68974,0.98803,-1.00747,2.22096,-0.23078,-0.44746,-1.02351,0.69881,1.01715,-1.00325,2.22731,-0.23075,-0.42782,-1.00107,0.67747,0.98332,-1.02899,2.20334,-0.21860,-0.43006,-1.01562
53.100000,2655,0.69012,1.02732,-1.00747,2.22096,-0.22926,-0.42762,-1.00634,0.70017,1.05053,-1.00607,2.22601,-0.22972,-0.40762,-0.98373,0.67894,1.01915,-1.03073,2.20372,-0.21795,-0.40991,-0.99714
53.200000,2660,0.69508,1.06280,-1.00747,2.22096,-0.22697,-0.40703,-0.98574,0.70091,1.08731,-1.00829,2.22318,-0.22978,-0.38832,-0.96585,0.68029,1.05450,-1.03273,2.20310,-0.21885,-0.39025,-0.97801
53.300000,2665,0.70042,1.09866,-1.00747,2.22096,-0.22697,-0.38604,-0.96591,0.70111,1.13235,-1.00770,2.21863,-0.23060,-0.37016,-0.94746,0.68148,1.08928,-1.03502,2.20142,-0.22132,-0.37127,-0.95818
53.400000,2670,0.70080,1.13490,-1.00747,2.22096,-0.22735,-0.36659,-0.94492,0.70213,1.16984,-1.00791,2.21371,-0.23415,-0.35249,-0.92738,0.68247,1.12342,-1.03761,2.19862,-0.22535,-0.35319,-0.93765
53.500000,2675,0.70080,1.17076,-1.00747,2.22058,-0.23040,-0.34904,-0.92394,0.70265,1.20214,-1.01114,2.20807,-0.23846,-0.33510,-0.90763,0.68339,1.15685,-1.04025,2.19493,-0.23072,-0.33580,-0.91666
53.600000,2680,0.70080,1.20509,-1.00747,2.21791,-0.23460,-0.33073,-0.90563,0.70407,1.23848,-1.01120,2.20292,-0.24291,-0.31814,-0.88707,0.68499,1.18973,-1.04213,2.19108,-0.23585,-0.31858,-0.89553
53.700000,2685,0.70156,1.23942,-1.00747,2.21486,-0.23498,-0.31318,-0.88198,0.70436,1.27015,-1.01508,2.19525,-0.24986,-0.30267,-0.86716,0.68594,1.22163,-1.04455,2.18594,-0.24338,-0.30258,-0.87395
53.800000,2690,0.70423,1.27337,-1.00747,2.20532,-0.24108,-0.29792,-0.86024,0.70453,1.30676,-1.01477,2.18681,-0.25908,-0.28872,-0.84556,0.68622,1.25249,-1.04750,2.17946,-0.25331,-0.28790,-0.85197
53.900000,2695,0.70423,1.30466,-1.00747,2.19655,-0.25291,-0.28266,-0.83926,0.70381,1.34190,-1.01677,2.17723,-0.26891,-0.27547,-0.82513,0.68627,1.28236,-1.05049,2.17203,-0.26465,-0.27432,-0.82978
54.000000,2700,0.70461,1.33708,-1.00747,2.18815,-0.26435,-0.26931,-0.81408,0.70325,1.37081,-1.01985,2.16763,-0.28124,-0.26348,-0.80321,0.68608,1.31120,-1.05351,2.16366,-0.27729,-0.26189,-0.80746
54.100000,2705,0.70614,1.36722,-1.00785,2.17709,-0.27580,-0.25634,-0.79233,0.70237,1.40423,-1.02044,2.15438,-0.29469,-0.25378,-0.78239,0.68532,1.33860,-1.05682,2.15403,-0.29171,-0.25110,-0.78515
54.200000,2710,0.70576,1.39545,-1.00785,2.16450,-0.29296,-0.25062,-0.77021,0.70023,1.42963,-1.02515,2.14207,-0.31040,-0.24494,-0.76130,0.68370,1.36418,-1.06069,2.14282,-0.30829,-0.24242,-0.76302
54.300000,2715,0.70576,1.42291,-1.01052,2.15306,-0.31051,-0.23765,-0.74846,0.69867,1.45966,-1.02702,2.12867,-0.32490,-0.23670,-0.74058,0.68272,1.38956,-1.06377,2.13157,-0.32442,-0.23395,-0.74078
54.400000,2720,0.70576,1.45114,-1.01052,2.13971,-0.32310,-0.23002,-0.72863,0.69765,1.48459,-1.02937,2.11582,-0.34152,-0.22944,-0.71864,0.68178,1.41405,-1.06661,2.11970,-0.34104,-0.22646,-0.71865
54.500000,2725,0.70576,1.47632,-1.01548,2.12635,-0.34141,-0.22239,-0.70192,0.69597,1.51034,-1.03195,2.10045,-0.35769,-0.22380,-0.69797,0.68067,1.43740,-1.06940,2.10700,-0.35840,-0.22027,-0.69673
54.600000,2730,0.70538,1.50073,-1.01700,2.11148,-0.35972,-0.21591,-0.68399,0.69450,1.53841,-1.03200,2.08578,-0.37471,-0.21930,-0.67712,0.67943,1.45956,-1.07218,2.09344,-0.37639,-0.21542,-0.67506
54.700000,2735,0.70538,1.52515,-1.01739,2.09622,-0.37651,-0.21095,-0.66034,0.69274,1.55747,-1.03670,2.06962,-0.39240,-0.21589,-0.65721,0.67805,1.48052,-1.07495,2.07900,-0.39490,-0.21193,-0.65366
54.800000,2740,0.70538,1.54727,-1.02349,2.08134,-0.39596,-0.20828,-0.64013,0.69085,1.58125,-1.03812,2.05286,-0.41055,-0.21400,-0.63684,0.67657,1.50032,-1.07768,2.06377,-0.41384,-0.20969,-0.63263
54.900000,2745,0.70309,1.56673,-1.02769,2.06379,-0.41618,-0.20751,-0.62067,0.68887,1.60573,-1.03862,2.03518,-0.42880,-0.21347,-0.61688,0.67500,1.51898,-1.08035,2.04778,-0.43310,-0.20867,-0.61198
55.000000,2750,0.70309,1.58809,-1.02807,2.04548,-0.43487,-0.20751,-0.59931,0.68727,1.62175,-1.04242,2.01687,-0.44753,-0.21369,-0.59822,0.67337,1.53642,-1.08301,2.03095,-0.45257,-0.20891,-0.59173
55.100000,2755,0.70271,1.60488,-1.02921,2.02793,-0.45357,-0.20828,-0.57756,0.68517,1.63996,-1.04500,1.99737,-0.46643,-0.21534,-0.57921,0.67169,1.55265,-1.08564,2.01329,-0.47215,-0.21037,-0.57191
55.200000,2760,0.70004,1.62433,-1.03417,2.00848,-0.47416,-0.20828,-0.55887,0.68306,1.65412,-1.04839,1.97825,-0.48540,-0.21804,-0.56033,0.66998,1.56772,-1.08822,1.99486,-0.49177,-0.21296,-0.55255
55.300000,2765,0.69775,1.63959,-1.03493,1.98864,-0.49400,-0.20904,-0.53980,0.68085,1.67595,-1.04856,1.95669,-0.50346,-0.22208,-0.54293,0.66826,1.58167,-1.09074,1.97569,-0.51134,-0.21661,-0.53364
55.400000,2770,0.69737,1.65638,-1.03493,1.97033,-0.51193,-0.21285,-0.51996,0.67912,1.69023,-1.05046,1.93561,-0.52239,-0.22702,-0.52505,0.66654,1.59449,-1.09319,1.95579,-0.53077,-0.22129,-0.51520
55.500000,2775,0.69698,1.67049,-1.04218,1.94820,-0.53024,-0.21819,-0.50470,0.67720,1.70586,-1.05116,1.91410,-0.54098,-0.23293,-0.50732,0.66485,1.60621,-1.09556,1.93516,-0.55001,-0.22696,-0.49721
55.600000,2780,0.69393,1.68270,-1.04523,1.92608,-0.55122,-0.22468,-0.48677,0.67533,1.71832,-1.05295,1.89217,-0.55932,-0.23946,-0.49007,0.66320,1.61687,-1.09785,1.91383,-0.56897,-0.23355,-0.47966
55.700000,2785,0.69164,1.69452,-1.04600,1.90434,-0.57144,-0.23193,-0.46694,0.67352,1.72822,-1.05639,1.86833,-0.57708,-0.24698,-0.47461,0.66161,1.62644,-1.10006,1.89178,-0.58759,-0.24105,-0.46253
55.800000,2790,0.68783,1.70520,-1.04714,1.88030,-0.58746,-0.23918,-0.45206,0.67194,1.74112,-1.05643,1.84475,-0.59460,-0.25551,-0.45806,0.66009,1.63498,-1.10218,1.86903,-0.60583,-0.24938,-0.44580
55.900000,2795,0.68630,1.71627,-1.04829,1.85703,-0.60692,-0.24757,-0.43756,0.67002,1.75074,-1.05906,1.82053,-0.61181,-0.26472,-0.44247,0.65866,1.64248,-1.10421,1.84557,-0.62362,-0.25853,-0.42944
56.000000,2800,0.68630,1.72085,-1.04867,1.83376,-0.62523,-0.26016,-0.41849,0.66847,1.75625,-1.06220,1.79536,-0.62848,-0.27431,-0.42717,0.65733,1.64899,-1.10613,1.82139,-0.64095,-0.26845,-0.41340
56.100000,2805,0.68592,1.73115,-1.05401,1.80858,-0.64011,-0.26893,-0.40590,0.66748,1.76769,-1.06024,1.77002,-0.64505,-0.28548,-0.41081,0.65612,1.65451,-1.10795,1.79648,-0.65778,-0.27909,-0.39762
56.200000,2810,0.68325,1.73267,-1.05439,1.78112,-0.65842,-0.28190,-0.38988,0.66586,1.77451,-1.06290,1.74326,-0.66030,-0.29664,-0.39664,0.65504,1.65906,-1.10966,1.77079,-0.67411,-0.29045,-0.38206
56.300000,2815,0.68325,1.74183,-1.05477,1.75823,-0.67749,-0.29296,-0.37271,0.66513,1.77744,-1.06508,1.71553,-0.67555,-0.30857,-0.38214,0.65411,1.66255,-1.11126,1.74423,-0.68992,-0.30249,-0.36666
56.400000,2820,0.68325,1.74869,-1.05477,1.72657,-0.68779,-0.30555,-0.35936,0.66402,1.78136,-1.06549,1.68809,-0.69047,-0.32142,-0.36631,0.65328,1.66387,-1.11272,1.71635,-0.70489,-0.31516,-0.35153
56.500000,2825,0.68096,1.74907,-1.05477,1.69910,-0.70686,-0.31890,-0.34296,0.66322,1.78658,-1.06554,1.65798,-0.70430,-0.33490,-0.35159,0.65269,1.66474,-1.11404,1.68757,-0.71959,-0.32852,-0.33622
56.600000,2830,0.68096,1.74946,-1.05668,1.67011,-0.71869,-0.33416,-0.33151,0.66284,1.78940,-1.06709,1.62780,-0.71832,-0.34882,-0.33689,0.65241,1.66611,-1.11529,1.65802,-0.73434,-0.34277,-0.32052
56.700000,2835,0.68096,1.75518,-1.05782,1.63997,-0.73471,-0.34751,-0.31244,0.66287,1.78710,-1.06924,1.59660,-0.73237,-0.36356,-0.32139,0.65224,1.66570,-1.11659,1.62698,-0.74848,-0.35794,-0.30502
56.800000,2840,0.68096,1.76128,-1.06126,1.60755,-0.74845,-0.36201,-0.29794,0.66207,1.79960,-1.06321,1.57381,-0.74022,-0.36967,-0.30528,0.65191,1.66848,-1.11315,1.60187,-0.75970,-0.36848,-0.28877
56.900000,2845,0.68058,1.76929,-1.06126,1.59381,-0.75608,-0.36430,-0.28306,0.65939,1.81618,-1.04114,1.57708,-0.73628,-0.35290,-0.28976,0.64903,1.68256,-1.09035,1.60438,-0.75857,-0.35706,-0.27192
57.000000,2850,0.67982,1.78379,-1.05515,1.59534,-0.75569,-0.35324,-0.26666,0.65542,1.83174,-1.01336,1.58695,-0.73079,-0.33413,-0.27358,0.64518,1.69954,-1.06148,1.61521,-0.75352,-0.33881,-0.25500
57.100000,2855,0.66990,1.80172,-1.03265,1.60564,-0.75188,-0.33264,-0.24911,0.65071,1.84515,-0.98802,1.59823,-0.72530,-0.31526,-0.25738,0.64132,1.71657,-1.03252,1.62614,-0.74842,-0.32046,-0.23806
57.200000,2860,0.66952,1.81507,-1.00022,1.61899,-0.74578,-0.31623,-0.23538,0.65059,1.84093,-0.97181,1.61978,-0.71973,-0.29589,-0.25070,0.63917,1.72824,-1.01188,1.64266,-0.74098,-0.30220,-0.23085
57.300000,2865,0.66990,1.81469,-0.98687,1.64417,-0.73471,-0.29754,-0.23538,0.65408,1.83401,-0.97108,1.65051,-0.70834,-0.27793,-0.26524,0.64134,1.73029,-1.00914,1.67223,-0.72866,-0.28398,-0.24416
57.400000,2870,0.66990,1.81240,-0.98687,1.68079,-0.72632,-0.27961,-0.24339,0.65746,1.82967,-0.97100,1.68368,-0.69555,-0.26058,-0.28000,0.64463,1.73059,-1.00923,1.70327,-0.71502,-0.26627,-0.26043
57.500000,2875,0.67028,1.81240,-0.98687,1.71055,-0.70839,-0.26016,-0.26018,0.66132,1.82096,-0.97293,1.71482,-0.68202,-0.24377,-0.29570,0.64813,1.72906,-1.00948,1.73291,-0.70041,-0.24940,-0.27691
57.600000,2880,0.67066,1.81202,-0.98687,1.74030,-0.69771,-0.24375,-0.28001,0.66522,1.81651,-0.97360,1.74258,-0.66693,-0.22790,-0.31239,0.65190,1.72686,-1.00963,1.76153,-0.68514,-0.23328,-0.29320
57.700000,2885,0.67333,1.80897,-0.98687,1.76853,-0.67787,-0.22773,-0.29527,0.66915,1.81344,-0.97313,1.77231,-0.65165,-0.21256,-0.32718,0.65609,1.72544,-1.00930,1.78970,-0.66960,-0.21762,-0.30888
57.800000,2890,0.67638,1.80553,-0.98687,1.79676,-0.65994,-0.20980,-0.31129,0.67391,1.80301,-0.97441,1.80048,-0.63647,-0.19760,-0.34204,0.66049,1.72229,-1.00896,1.81675,-0.65300,-0.20262,-0.32482
57.900000,2895,0.68439,1.79943,-0.98687,1.82384,-0.64697,-0.19760,-0.32884,0.67867,1.79444,-0.97432,1.82769,-0.61913,-0.18353,-0.35797,0.66505,1.71727,-1.00868,1.84271,-0.63527,-0.18837,-0.34121
58.000000,2900,0.68439,1.79218,-0.98687,1.85055,-0.62637,-0.18081,-0.34448,0.68379,1.78162,-0.97544,1.85340,-0.60113,-0.17023,-0.37446,0.66981,1.71118,-1.00832,1.86791,-0.61666,-0.17485,-0.35793
58.100000,2905,0.69050,1.78646,-0.98687,1.87534,-0.60577,-0.16898,-0.36394,0.68886,1.77090,-0.97558,1.87968,-0.58267,-0.15769,-0.39072,0.67475,1.70403,-1.00791,1.89239,-0.59718,-0.16210,-0.37508
58.200000,2910,0.69546,1.77234,-0.98687,1.90014,-0.58670,-0.15373,-0.37996,0.69404,1.75933,-0.97485,1.90464,-0.56290,-0.14612,-0.40715,0.67985,1.69580,-1.00744,1.91615,-0.57687,-0.15018,-0.39274
58.300000,2915,0.70194,1.75861,-0.98687,1.92417,-0.56763,-0.14495,-0.39903,0.69941,1.74545,-0.97609,1.92837,-0.54243,-0.13522,-0.42555,0.68508,1.68644,-1.00692,1.93921,-0.55579,-0.13916,-0.41096
58.400000,2920,0.70614,1.74564,-0.98687,1.94782,-0.54474,-0.13122,-0.41696,0.70544,1.72594,-0.97662,1.95324,-0.52218,-0.12515,-0.44270,0.69042,1.67596,-1.00637,1.96157,-0.53400,-0.12910,-0.42983
58.500000,2925,0.71186,1.73153,-0.98687,1.97147,-0.52223,-0.12283,-0.43604,0.71116,1.71096,-0.97615,1.97586,-0.50051,-0.11652,-0.46168,0.69583,1.66426,-1.00580,1.98317,-0.51159,-0.12011,-0.44939
58.600000,2930,0.72025,1.71245,-0.98687,1.99207,-0.49858,-0.11253,-0.45740,0.71647,1.69909,-0.97480,1.99753,-0.47820,-0.10955,-0.48137,0.70124,1.65115,-1.00525,2.00392,-0.48863,-0.11235,-0.46972
58.700000,2935,0.72178,1.70101,-0.98687,2.01496,-0.47531,-0.10375,-0.47647,0.72259,1.67361,-0.97774,2.01982,-0.45653,-0.10299,-0.50189,0.70667,1.63678,-1.00475,2.02390,-0.46524,-0.10585,-0.49083
58.800000,2940,0.72636,1.67583,-0.98687,2.03289,-0.45280,-0.09803,-0.50012,0.72780,1.65824,-0.97670,2.04025,-0.43327,-0.09847,-0.52277,0.71213,1.62126,-1.00428,2.04320,-0.44153,-0.10063,-0.51272
58.900000,2945,0.73361,1.65714,-0.98687,2.05464,-0.42915,-0.09498,-0.52263,0.73418,1.62874,-0.98000,2.06121,-0.41140,-0.09423,-0.54460,0.71758,1.60455,-1.00381,2.06180,-0.41760,-0.09677,-0.53539
59.000000,2950,0.73780,1.63539,-0.98687,2.07295,-0.40664,-0.09078,-0.54628,0.74025,1.61365,-0.97600,2.08088,-0.38756,-0.09160,-0.56567,0.72339,1.58712,-1.00290,2.07986,-0.39319,-0.09365,-0.55840
59.100000,2955,0.74314,1.61518,-0.98687,2.09393,-0.38337,-0.08659,-0.56841,0.74723,1.58709,-0.97854,2.09957,-0.36363,-0.08884,-0.58950,0.72994,1.56943,-1.00113,2.09752,-0.36802,-0.09064,-0.58131
59.200000,2960,0.75382,1.59000,-0.98687,2.10957,-0.36049,-0.08353,-0.59244,0.75306,1.56258,-0.97770,2.11803,-0.34060,-0.08973,-0.61242,0.73549,1.54949,-1.00025,2.11399,-0.34374,-0.09071,-0.60582
59.300000,2965,0.75497,1.56368,-0.98687,2.12750,-0.33416,-0.08315,-0.61457,0.75888,1.53429,-0.97762,2.13597,-0.31884,-0.09189,-0.63566,0.74069,1.52812,-0.99950,2.12959,-0.31994,-0.09269,-0.63116
59.400000,2970,0.76107,1.53926,-0.98687,2.14276,-0.31051,-0.08430,-0.64394,0.76461,1.50472,-0.97839,2.15277,-0.29695,-0.09597,-0.66094,0.74568,1.50548,-0.99870,2.14437,-0.29662,-0.09636,-0.65709
59.500000,2975,0.76718,1.51256,-0.98687,2.15954,-0.28686,-0.08849,-0.66759,0.77025,1.47195,-0.97907,2.16854,-0.27646,-0.10149,-0.68562,0.75042,1.48162,-0.99784,2.15833,-0.27395,-0.10172,-0.68354
59.600000,2980,0.77023,1.48280,-0.98687,2.17366,-0.26359,-0.09536,-0.69506,0.77454,1.44611,-0.97902,2.18361,-0.25581,-0.10919,-0.71156,0.75488,1.45650,-0.99692,2.17143,-0.25211,-0.10881,-0.71043
59.700000,2985,0.77252,1.45381,-0.98687,2.18815,-0.24719,-0.10375,-0.72252,0.77978,1.41486,-0.97724,2.19731,-0.23644,-0.11850,-0.73726,0.75903,1.43015,-0.99592,2.18368,-0.23124,-0.11760,-0.73768
59.800000,2990,0.77442,1.42253,-0.98687,2.20074,-0.22773,-0.11214,-0.75037,0.78409,1.37523,-0.98073,2.21179,-0.21894,-0.12888,-0.76362,0.76286,1.40256,-0.99486,2.19504,-0.21155,-0.12810,-0.76520
59.900000,2995,0.78396,1.39011,-0.98687,2.21295,-0.20675,-0.12588,-0.77555,0.78837,1.34107,-0.98089,2.22357,-0.20220,-0.14134,-0.79050,0.76635,1.37376,-0.99376,2.20549,-0.19317,-0.14030,-0.79288
60.000000,3000,0.78434,1.35654,-0.98687,2.22401,-0.18920,-0.13847,-0.80645,0.79145,1.31144,-0.97864,2.23576,-0.18657,-0.15606,-0.81583,0.76949,1.34381,-0.99265,2.21500,-0.17621,-0.15426,-0.82057
60.100000,3005,0.78701,1.32449,-0.98687,2.23507,-0.17547,-0.15296,-0.83277,0.79483,1.27710,-0.97849,2.24540,-0.17275,-0.17217,-0.84276,0.77225,1.31274,-0.99153,2.22355,-0.16086,-0.16984,-0.84820
60.200000,3010,0.78968,1.29016,-0.98687,2.24461,-0.15945,-0.17089,-0.86253,0.79773,1.24370,-0.97688,2.25463,-0.16065,-0.18985,-0.86883,0.77463,1.28058,-0.99039,2.23114,-0.14728,-0.18692,-0.87568
60.300000,3015,0.78968,1.25697,-0.98687,2.25300,-0.15067,-0.18844,-0.88618,0.80064,1.19949,-0.97967,2.26351,-0.15117,-0.20823,-0.89504,0.77664,1.24741,-0.98927,2.23776,-0.13559,-0.20540,-0.90289
60.400000,3020,0.79235,1.21653,-0.98687,2.25949,-0.13618,-0.20866,-0.91441,0.80214,1.17339,-0.97515,2.27038,-0.14224,-0.22915,-0.92001,0.77828,1.21335,-0.98821,2.24336,-0.12586,-0.22522,-0.92969
60.500000,3025,0.79846,1.18373,-0.98611,2.26712,-0.12931,-0.23116,-0.94149,0.80419,1.12874,-0.97779,2.27759,-0.13660,-0.24992,-0.94547,0.77956,1.17846,-0.98723,2.24797,-0.11822,-0.24615,-0.95601
60.600000,3030,0.80036,1.14558,-0.98572,2.26979,-0.12550,-0.25253,-0.96781,0.80537,1.09365,-0.97633,2.28241,-0.13230,-0.27237,-0.96980,0.78052,1.14286,-0.98637,2.25156,-0.11273,-0.26799,-0.98178
60.700000,3035,0.80074,1.11010,-0.98572,2.27437,-0.12244,-0.27542,-0.99375,0.80664,1.05560,-0.97608,2.28694,-0.13050,-0.29517,-0.99377,0.78120,1.10666,-0.98569,2.25415,-0.10941,-0.29058,-1.00691
60.800000,3040,0.80074,1.07157,-0.98572,2.27742,-0.12168,-0.29945,-1.01588,0.80736,1.01808,-0.97653,2.28927,-0.13043,-0.31870,-1.01765,0.78162,1.06997,-0.98525,2.25573,-0.10828,-0.31372,-1.03135
60.900000,3045,0.80036,1.03457,-0.98572,2.27933,-0.12168,-0.32386,-1.03991,0.80797,0.97595,-0.97770,2.29244,-0.13301,-0.34222,-1.03948,0.78185,1.03291,-0.98508,2.25631,-0.10928,-0.33726,-1.05505
61.000000,3050,0.80074,0.99604,-0.98496,2.28009,-0.12206,-0.34828,-1.06204,0.80810,0.93941,-0.97798,2.29325,-0.13701,-0.36644,-1.06141,0.78193,0.99557,-0.98526,2.25590,-0.11237,-0.36103,-1.07799
61.100000,3055,0.80074,0.95828,-0.98496,2.28009,-0.12359,-0.37346,-1.08607,0.80823,0.90806,-0.97641,2.29274,-0.14329,-0.39092,-1.08264,0.78176,0.95810,-0.98598,2.25451,-0.11774,-0.38491,-1.10013
61.200000,3060,0.80074,0.92280,-0.98496,2.28009,-0.13007,-0.39901,-1.10705,0.80779,0.86355,-0.98183,2.29221,-0.15362,-0.41471,-1.10326,0.78071,0.92090,-0.98790,2.25224,-0.12649,-0.40893,-1.12131
61.300000,3065,0.80036,0.88351,-0.98496,2.28009,-0.13580,-0.42305,-1.12803,0.80765,0.82397,-0.98432,2.29027,-0.16323,-0.43890,-1.12280,0.78034,0.88338,-0.98950,2.24893,-0.13537,-0.43304,-1.14173
61.400000,3070,0.80036,0.84727,-0.98496,2.27971,-0.14610,-0.44861,-1.14940,0.80802,0.78392,-0.98703,2.28732,-0.17426,-0.46284,-1.14164,0.78024,0.84575,-0.99130,2.24463,-0.14539,-0.45699,-1.16141
61.500000,3075,0.80036,0.80683,-0.98496,2.27971,-0.16021,-0.47302,-1.16847,0.80761,0.76018,-0.98398,2.28219,-0.18559,-0.48743,-1.15939,0.78021,0.80818,-0.99363,2.23937,-0.15702,-0.48061,-1.18037
61.600000,3080,0.80036,0.77440,-0.98496,2.27933,-0.17013,-0.49820,-1.18564,0.80873,0.70885,-0.99264,2.27817,-0.20058,-0.50976,-1.17736,0.78028,0.77073,-0.99654,2.23313,-0.17016,-0.50379,-1.19864
61.700000,3085,0.80036,0.73626,-0.98496,2.27742,-0.18653,-0.52185,-1.20471,0.80869,0.67655,-0.99515,2.27189,-0.21551,-0.53282,-1.19403,0.78052,0.73346,-1.00006,2.22593,-0.18468,-0.52642,-1.21626
61.800000,3090,0.80036,0.69773,-0.98496,2.27208,-0.20255,-0.54436,-1.22073,0.80939,0.64049,-0.99853,2.26530,-0.23191,-0.55502,-1.20985,0.78097,0.69642,-1.00421,2.21775,-0.20045,-0.54841,-1.23328
61.900000,3095,0.80036,0.66340,-0.98496,2.26292,-0.21858,-0.56724,-1.23675,0.81041,0.60769,-1.00218,2.25718,-0.24921,-0.57629,-1.22590,0.78169,0.65968,-1.00902,2.20860,-0.21736,-0.56965,-1.24973
62.000000,3100,0.80036,0.62906,-0.98534,2.25758,-0.23879,-0.58784,-1.25430,0.81191,0.56301,-1.01173,2.24896,-0.26827,-0.59607,-1.24145,0.78272,0.62330,-1.01451,2.19846,-0.23526,-0.59006,-1.26566
62.100000,3105,0.80036,0.59244,-0.98801,2.24423,-0.25863,-0.60806,-1.26727,0.81319,0.53008,-1.01719,2.23847,-0.28728,-0.61570,-1.25627,0.78398,0.58738,-1.02080,2.18728,-0.25421,-0.60948,-1.28106
62.200000,3110,0.80074,0.55773,-0.98916,2.23507,-0.27809,-0.62790,-1.28177,0.81463,0.49624,-1.02406,2.22702,-0.30790,-0.63416,-1.27027,0.78519,0.55208,-1.02822,2.17498,-0.27453,-0.62772,-1.29575
62.300000,3115,0.80151,0.52530,-0.99984,2.22287,-0.29792,-0.64812,-1.29703,0.81743,0.46167,-1.03064,2.21545,-0.32831,-0.65169,-1.28429,0.78756,0.51677,-1.03559,2.16180,-0.29445,-0.64528,-1.31062
62.400000,3120,0.80380,0.48944,-1.00899,2.21142,-0.31967,-0.66490,-1.31076,0.82021,0.42343,-1.04168,2.20201,-0.34964,-0.66724,-1.29790,0.79015,0.48197,-1.04413,2.14706,-0.31522,-0.66159,-1.32463
62.500000,3125,0.80609,0.45625,-1.01929,2.19540,-0.34141,-0.68016,-1.32487,0.82749,0.39328,-1.04369,2.19392,-0.35941,-0.68169,-1.31443,0.79734,0.45103,-1.04661,2.13642,-0.32827,-0.67801,-1.34085
62.600000,3130,0.81448,0.42726,-1.02158,2.19235,-0.34370,-0.69351,-1.34471,0.84618,0.37127,-1.03354,2.20053,-0.34234,-0.69707,-1.33774,0.81737,0.43473,-1.02795,2.14121,-0.31405,-0.69648,-1.36140
62.700000,3135,0.84233,0.40857,-1.02082,2.19273,-0.33607,-0.71030,-1.36607,0.86876,0.35659,-1.01205,2.20885,-0.32346,-0.71530,-1.35842,0.83981,0.42131,-1.00524,2.14892,-0.29458,-0.71538,-1.38262
62.800000,3140,0.85987,0.38873,-1.00670,2.19845,-0.31433,-0.72861,-1.38744,0.89063,0.35377,-0.98621,2.21560,-0.30391,-0.73090,-1.37622,0.86145,0.40962,-0.98313,2.15684,-0.27488,-0.73305,-1.40257
62.900000,3145,0.88238,0.38873,-0.98115,2.20608,-0.29487,-0.73967,-1.39850,0.89565,0.39910,-0.97288,2.22344,-0.27749,-0.72370,-1.37544,0.86940,0.42595,-0.97110,2.16814,-0.25228,-0.73037,-1.40176
63.000000,3150,0.88658,0.42650,-0.96398,2.21791,-0.27427,-0.73357,-1.39583,0.89776,0.42467,-0.96315,2.23716,-0.25360,-0.70750,-1.36165,0.86935,0.46014,-0.96384,2.18265,-0.22720,-0.71486,-1.38945
63.100000,3155,0.88658,0.45931,-0.95864,2.22935,-0.24642,-0.72174,-1.38591,0.89723,0.46953,-0.95360,2.24759,-0.22786,-0.69099,-1.34845,0.86958,0.49503,-0.95813,2.19575,-0.20269,-0.69785,-1.37606
63.200000,3160,0.88658,0.49783,-0.95368,2.24270,-0.22201,-0.70458,-1.37218,0.89838,0.49705,-0.95024,2.25899,-0.20330,-0.67259,-1.33530,0.87047,0.52989,-0.95269,2.20781,-0.17815,-0.68012,-1.36233
63.300000,3165,0.88658,0.52835,-0.95292,2.25110,-0.19454,-0.68512,-1.35730,0.89915,0.53985,-0.94216,2.26805,-0.17821,-0.65468,-1.32146,0.87190,0.56481,-0.94770,2.21895,-0.15392,-0.66163,-1.34831
63.400000,3170,0.88696,0.56612,-0.94529,2.26292,-0.17013,-0.66605,-1.34128,0.90074,0.57354,-0.93972,2.27678,-0.15507,-0.63444,-1.30732,0.87361,0.60020,-0.94429,2.22901,-0.13098,-0.64188,-1.33361
63.500000,3175,0.88696,0.60160,-0.93537,2.26979,-0.14724,-0.64621,-1.32678,0.90245,0.61623,-0.93351,2.28464,-0.13232,-0.61434,-1.29199,0.87572,0.63575,-0.94175,2.23814,-0.10891,-0.62129,-1.31841
63.600000,3180,0.88925,0.63784,-0.93537,2.27818,-0.12283,-0.62332,-1.31190,0.90460,0.65530,-0.93051,2.29117,-0.11055,-0.59329,-1.27708,0.87818,0.67144,-0.94003,2.24642,-0.08780,-0.59995,-1.30267
63.700000,3185,0.89268,0.67560,-0.93537,2.28505,-0.10070,-0.60310,-1.29359,0.90743,0.68661,-0.93058,2.29788,-0.09052,-0.57078,-1.26098,0.88096,0.70726,-0.93910,2.25385,-0.06775,-0.57792,-1.28637
63.800000,3190,0.89802,0.71184,-0.93537,2.29115,-0.07934,-0.57907,-1.27795,0.90949,0.72593,-0.93075,2.30278,-0.07023,-0.54846,-1.24553,0.88405,0.74305,-0.93866,2.26037,-0.04853,-0.55536,-1.26938
63.900000,3195,0.89993,0.74694,-0.93537,2.29611,-0.06103,-0.55618,-1.25850,0.91327,0.76542,-0.92618,2.30628,-0.05080,-0.52600,-1.22730,0.88749,0.77852,-0.93803,2.26582,-0.02949,-0.53261,-1.25153
64.000000,3200,0.90069,0.78318,-0.93422,2.30145,-0.04386,-0.53215,-1.24019,0.91648,0.80343,-0.92640,2.30896,-0.03296,-0.50255,-1.21023,0.89108,0.81440,-0.93886,2.27079,-0.01259,-0.50907,-1.23326
64.100000,3205,0.90603,0.82018,-0.93346,2.30450,-0.02402,-0.50697,-1.22226,0.91997,0.84444,-0.92597,2.31133,-0.01701,-0.47888,-1.19203,0.89486,0.85042,-0.94063,2.27507,0.00265,-0.48504,-1.21436
64.200000,3210,0.90718,0.85757,-0.93346,2.30794,-0.00915,-0.48256,-1.20204,0.92355,0.88384,-0.92737,2.31347,-0.00274,-0.45517,-1.17300,0.89882,0.88651,-0.94311,2.27861,0.01651,-0.46089,-1.19466
64.300000,3215,0.91633,0.89533,-0.93346,2.30908,0.00497,-0.45776,-1.18068,0.92721,0.91693,-0.93269,2.31449,0.01046,-0.43104,-1.15386,0.90297,0.92267,-0.94632,2.28140,0.02895,-0.43683,-1.17409
64.400000,3220,0.92053,0.93195,-0.93346,2.31213,0.01794,-0.43411,-1.15817,0.93159,0.95700,-0.93303,2.31451,0.02173,-0.40703,-1.13245,0.90725,0.95876,-0.95017,2.28343,0.03972,-0.41256,-1.15275
64.500000,3225,0.92358,0.96934,-0.93346,2.31290,0.02862,-0.40817,-1.13795,0.93539,0.99707,-0.93671,2.31367,0.03172,-0.38302,-1.11178,0.91164,0.99471,-0.95461,2.28471,0.04872,-0.38812,-1.13066
64.600000,3230,0.93197,1.00672,-0.93346,2.31251,0.03816,-0.38223,-1.11544,0.93957,1.03593,-0.94014,2.31245,0.03950,-0.35871,-1.08955,0.91610,1.03048,-0.95958,2.28522,0.05588,-0.36360,-1.10779
64.700000,3235,0.93655,1.04678,-0.93384,2.31251,0.04922,-0.35743,-1.09141,0.94389,1.06952,-0.94599,2.31047,0.04519,-0.33431,-1.06684,0.92058,1.06602,-0.96503,2.28495,0.06113,-0.33911,-1.08413
64.800000,3240,0.93769,1.08264,-0.93384,2.31251,0.05342,-0.33149,-1.06776,0.94780,1.10886,-0.95036,2.30703,0.04941,-0.31061,-1.04334,0.92504,1.10126,-0.97089,2.28390,0.06442,-0.31475,-1.05968
64.900000,3245,0.94494,1.12002,-0.93575,2.31251,0.05494,-0.30670,-1.04182,0.95099,1.14884,-0.95703,2.30287,0.05218,-0.28711,-1.02036,0.92944,1.13616,-0.97712,2.28205,0.06571,-0.29064,-1.03443
65.000000,3250,0.95028,1.15664,-0.93842,2.31175,0.05685,-0.28152,-1.01626,0.95536,1.19130,-0.95890,2.29752,0.05226,-0.26397,-0.99470,0.93374,1.17063,-0.98364,2.27937,0.06497,-0.26689,-1.00839
65.100000,3255,0.95219,1.19479,-0.94147,2.31061,0.05647,-0.25939,-0.98918,0.95908,1.22250,-0.96743,2.29268,0.05005,-0.24085,-0.96947,0.93790,1.20463,-0.99039,2.27586,0.06219,-0.24363,-0.98156
65.200000,3260,0.95601,1.23065,-0.94986,2.30565,0.05647,-0.23345,-0.96171,0.96303,1.25840,-0.97184,2.28597,0.04567,-0.21872,-0.94191,0.94187,1.23807,-0.99732,2.27149,0.05735,-0.22099,-0.95396
65.300000,3265,0.96364,1.26651,-0.95711,2.29726,0.05303,-0.21057,-0.93348,0.96563,1.29581,-0.97948,2.27807,0.04033,-0.19749,-0.91593,0.94563,1.27091,-1.00437,2.26624,0.05048,-0.19910,-0.92561
65.400000,3270,0.96707,1.30199,-0.96322,2.29153,0.04960,-0.18997,-0.90678,0.96899,1.33574,-0.98182,2.26981,0.03240,-0.17724,-0.88678,0.94917,1.30306,-1.01153,2.26008,0.04162,-0.17816,-0.89654
65.500000,3275,0.97126,1.33784,-0.96856,2.28123,0.04159,-0.16860,-0.87702,0.97198,1.36638,-0.98968,2.26116,0.02241,-0.15802,-0.85860,0.95250,1.33449,-1.01883,2.25298,0.03087,-0.15834,-0.86676
65.600000,3280,0.97279,1.37256,-0.97733,2.27208,0.02671,-0.14838,-0.84650,0.97472,1.40097,-0.99484,2.25086,0.01066,-0.13974,-0.82889,0.95556,1.36509,-1.02613,2.24494,0.01825,-0.13971,-0.83638
65.700000,3285,0.97622,1.40460,-0.97962,2.26063,0.01832,-0.12855,-0.81484,0.97639,1.43816,-1.00114,2.23907,-0.00218,-0.12345,-0.80011,0.95833,1.39478,-1.03338,2.23594,0.00385,-0.12237,-0.80546
65.800000,3290,0.98271,1.43817,-0.98687,2.24919,-0.00114,-0.11291,-0.78509,0.97821,1.46824,-1.00839,2.22696,-0.01696,-0.10790,-0.77037,0.96078,1.42350,-1.04054,2.22598,-0.01219,-0.10645,-0.77409
65.900000,3295,0.98385,1.46983,-0.99488,2.23698,-0.01334,-0.09841,-0.75380,0.98047,1.49685,-1.01381,2.21399,-0.03383,-0.09381,-0.73946,0.96295,1.45115,-1.04762,2.21505,-0.02972,-0.09208,-0.74239
66.000000,3300,0.98385,1.49997,-1.00213,2.22439,-0.03127,-0.08163,-0.72138,0.98189,1.53024,-1.01831,2.19896,-0.05160,-0.08211,-0.70835,0.96492,1.47766,-1.05470,2.20315,-0.04852,-0.07944,-0.71046
66.100000,3305,0.98691,1.53087,-1.00938,2.20913,-0.05340,-0.07171,-0.68934,0.98306,1.55533,-1.02572,2.18516,-0.07050,-0.07138,-0.67766,0.96661,1.50296,-1.06163,2.19030,-0.06845,-0.06850,-0.67845
66.200000,3310,0.98652,1.55796,-1.01739,2.19464,-0.07209,-0.06065,-0.65729,0.98362,1.58449,-1.03122,2.16877,-0.08969,-0.06271,-0.64731,0.96801,1.52698,-1.06835,2.17655,-0.08930,-0.05929,-0.64652
66.300000,3315,0.98919,1.58428,-1.02311,2.17823,-0.09116,-0.05073,-0.62639,0.98448,1.61155,-1.03566,2.15236,-0.11046,-0.05584,-0.61632,0.96914,1.54968,-1.07485,2.16191,-0.11084,-0.05185,-0.61476
66.400000,3320,0.98919,1.60984,-1.02845,2.16183,-0.11291,-0.04386,-0.59473,0.98483,1.63275,-1.04302,2.13494,-0.13172,-0.05057,-0.58616,0.97003,1.57105,-1.08114,2.14642,-0.13285,-0.04619,-0.58330
66.500000,3325,0.98919,1.63311,-1.03455,2.14543,-0.13580,-0.04043,-0.56459,0.98507,1.66107,-1.04572,2.11642,-0.15257,-0.04719,-0.55606,0.97072,1.59109,-1.08722,2.13011,-0.15510,-0.04226,-0.55224
66.600000,3330,0.99148,1.65599,-1.04104,2.12597,-0.15983,-0.03585,-0.53293,0.98409,1.68050,-1.05492,2.09851,-0.17352,-0.04561,-0.52812,0.97120,1.60972,-1.09317,2.11298,-0.17747,-0.04011,-0.52168
66.700000,3335,0.99225,1.67736,-1.04829,2.10690,-0.18157,-0.03471,-0.50356,0.98400,1.70223,-1.05706,2.07763,-0.19599,-0.04712,-0.49875,0.97076,1.62599,-1.09987,2.09457,-0.20060,-0.04102,-0.49240
66.800000,3340,0.99225,1.69452,-1.05057,2.08668,-0.20484,-0.03509,-0.47304,0.98356,1.71913,-1.06341,2.05738,-0.21686,-0.04837,-0.47075,0.97075,1.64159,-1.10587,2.07568,-0.22282,-0.04266,-0.46324
66.900000,3345,0.99492,1.71360,-1.05859,2.06761,-0.22315,-0.03585,-0.44634,0.98375,1.73326,-1.06943,2.03753,-0.23758,-0.05052,-0.44226,0.97127,1.65667,-1.11110,2.05640,-0.24395,-0.04480,-0.43412
67.000000,3350,0.99492,1.73000,-1.06126,2.04548,-0.24375,-0.03623,-0.41658,0.98392,1.75205,-1.07278,2.01585,-0.25707,-0.05430,-0.41439,0.97182,1.67054,-1.11624,2.03645,-0.26454,-0.04831,-0.40559
67.100000,3355,0.99530,1.74640,-1.06469,2.02488,-0.26588,-0.04043,-0.39026,0.98413,1.76500,-1.07819,1.99409,-0.27611,-0.05932,-0.38739,0.97243,1.68321,-1.12130,2.01581,-0.28447,-0.05310,-0.37764
67.200000,3360,0.99759,1.76090,-1.07346,2.00276,-0.28800,-0.04653,-0.36127,0.98411,1.78590,-1.07976,1.97045,-0.29379,-0.06577,-0.36108,0.97297,1.69443,-1.12627,1.99430,-0.30369,-0.05917,-0.35035
67.300000,3365,0.99797,1.77578,-1.07423,1.97910,-0.30365,-0.05302,-0.33456,0.98436,1.79257,-1.08683,1.94784,-0.31181,-0.07260,-0.33507,0.97348,1.70434,-1.13108,1.97200,-0.32207,-0.06637,-0.32364
67.400000,3370,0.99835,1.78722,-1.07919,1.95583,-0.32196,-0.06026,-0.30939,0.98456,1.80526,-1.09006,1.92352,-0.32823,-0.08132,-0.30952,0.97404,1.71312,-1.13576,1.94900,-0.33948,-0.07456,-0.29742
67.500000,3375,0.99988,1.79905,-1.08681,1.93218,-0.34065,-0.06942,-0.28230,0.98483,1.81875,-1.09221,1.89898,-0.34361,-0.09044,-0.28378,0.97469,1.72080,-1.14031,1.92529,-0.35581,-0.08367,-0.27165
67.600000,3380,0.99988,1.80782,-1.08796,1.90624,-0.35476,-0.07857,-0.25789,0.98550,1.82879,-1.09565,1.87334,-0.35776,-0.10039,-0.25955,0.97546,1.72741,-1.14474,1.90089,-0.37101,-0.09358,-0.24627
67.700000,3385,1.00026,1.81507,-1.09368,1.87954,-0.37002,-0.08926,-0.23233,0.98588,1.83834,-1.09877,1.84747,-0.37087,-0.11126,-0.23456,0.97639,1.73297,-1.14909,1.87578,-0.38501,-0.10419,-0.22120
67.800000,3390,1.00026,1.81927,-1.09788,1.85551,-0.38414,-0.10223,-0.20829,0.98701,1.84271,-1.10385,1.82048,-0.38282,-0.12213,-0.21114,0.97753,1.73751,-1.15336,1.84994,-0.39777,-0.11544,-0.19638
67.900000,3395,1.00026,1.82918,-1.10436,1.82842,-0.39634,-0.11176,-0.18235,0.98819,1.84797,-1.10656,1.79451,-0.39423,-0.13419,-0.18552,0.97883,1.74076,-1.15762,1.82322,-0.40922,-0.12727,-0.17183
68.000000,3400,1.00026,1.83185,-1.10703,1.79828,-0.40550,-0.12511,-0.15908,0.98889,1.85186,-1.11108,1.76516,-0.40308,-0.14635,-0.16271,0.98008,1.74167,-1.16200,1.79510,-0.41921,-0.13977,-0.14797
68.100000,3405,1.00293,1.83224,-1.10703,1.77120,-0.41847,-0.13732,-0.13505,0.99036,1.85882,-1.11396,1.73528,-0.41091,-0.15910,-0.13875,0.98204,1.74291,-1.16618,1.76662,-0.42820,-0.15236,-0.12329
68.200000,3410,1.00369,1.83758,-1.11161,1.74106,-0.42381,-0.15258,-0.11026,0.99333,1.85953,-1.11777,1.70631,-0.41885,-0.17180,-0.11318,0.98467,1.74412,-1.17035,1.73749,-0.43614,-0.16518,-0.09787
68.300000,3415,1.00598,1.84711,-1.12000,1.71016,-0.43144,-0.16364,-0.08699,0.99609,1.86225,-1.12110,1.67585,-0.42465,-0.18476,-0.08750,0.98771,1.74406,-1.17476,1.70709,-0.44284,-0.17847,-0.07222
68.400000,3420,1.00903,1.84788,-1.12038,1.67888,-0.44174,-0.17814,-0.05952,0.99812,1.86440,-1.12761,1.64387,-0.42792,-0.19670,-0.06396,0.99089,1.74251,-1.17901,1.67572,-0.44799,-0.19181,-0.04670
68.500000,3425,1.01666,1.84826,-1.12573,1.65294,-0.44479,-0.18653,-0.03854,0.99495,1.86674,-1.11433,1.63106,-0.42005,-0.19000,-0.04284,0.98669,1.74520,-1.16695,1.65826,-0.44304,-0.19270,-0.02622
68.600000,3430,1.01437,1.84864,-1.12496,1.64341,-0.43678,-0.18119,-0.02213,0.97979,1.87053,-1.08115,1.63080,-0.40215,-0.17322,-0.03119,0.97106,1.75024,-1.13384,1.65783,-0.42558,-0.17814,-0.01479
68.700000,3435,0.99606,1.84826,-1.10207,1.64379,-0.41732,-0.16746,-0.00535,0.96255,1.87530,-1.04840,1.63167,-0.38373,-0.15715,-0.02035,0.95452,1.75543,-1.09903,1.65835,-0.40715,-0.16249,-0.00375
68.800000,3440,0.98004,1.85245,-1.06583,1.64379,-0.39940,-0.15067,0.00304,0.94604,1.87909,-1.01405,1.63230,-0.36552,-0.14139,-0.00939,0.93786,1.76066,-1.06399,1.65887,-0.38860,-0.14673,0.00736
68.900000,3445,0.96325,1.85970,-1.02730,1.64455,-0.38337,-0.13694,0.01105,0.92982,1.88288,-0.97887,1.63281,-0.34715,-0.12562,0.00185,0.92128,1.76586,-1.02910,1.65939,-0.37012,-0.13104,0.01843
69.000000,3450,0.94647,1.86466,-0.99259,1.64455,-0.36354,-0.12168,0.02250,0.91441,1.88403,-0.94583,1.63549,-0.33008,-0.11048,0.01200,0.90526,1.77084,-0.99531,1.66048,-0.35221,-0.11559,0.02859
69.100000,3455,0.93274,1.86466,-0.96131,1.64798,-0.34561,-0.10528,0.02708,0.91005,1.86604,-0.93649,1.65786,-0.32422,-0.09594,0.00121,0.89814,1.77251,-0.97755,1.67601,-0.34216,-0.10094,0.01978
69.200000,3460,0.93312,1.86314,-0.95482,1.67621,-0.33950,-0.09269,0.01258,0.91352,1.86604,-0.93437,1.68807,-0.32243,-0.08282,-0.02635,0.90057,1.77372,-0.97581,1.70722,-0.33952,-0.08709,-0.00668
69.300000,3465,0.93312,1.85932,-0.95482,1.71245,-0.33874,-0.07857,-0.00878,0.91676,1.85732,-0.93527,1.72082,-0.31975,-0.06857,-0.05211,0.90367,1.77344,-0.97464,1.73774,-0.33607,-0.07310,-0.03357
69.400000,3470,0.93350,1.85627,-0.95482,1.74068,-0.33569,-0.06332,-0.03778,0.92055,1.84823,-0.93631,1.75003,-0.31581,-0.05436,-0.07891,0.90703,1.77158,-0.97344,1.76688,-0.33141,-0.05905,-0.06024
69.500000,3475,0.93388,1.85512,-0.95482,1.77006,-0.33111,-0.04844,-0.06524,0.92430,1.84210,-0.93535,1.77917,-0.31037,-0.04042,-0.10464,0.91066,1.76870,-0.97218,1.79496,-0.32556,-0.04505,-0.08665
69.600000,3480,0.93655,1.84254,-0.95482,1.79828,-0.31852,-0.03394,-0.09194,0.92814,1.84386,-0.93184,1.80635,-0.30322,-0.02753,-0.13030,0.91462,1.76630,-0.97090,1.82282,-0.31863,-0.03139,-0.11250
69.700000,3485,0.93922,1.83987,-0.95482,1.82842,-0.31280,-0.02135,-0.11789,0.93297,1.82715,-0.93534,1.83652,-0.29645,-0.01326,-0.15521,0.91894,1.76414,-0.96950,1.85048,-0.31057,-0.01797,-0.13799
69.800000,3490,0.94265,1.83262,-0.95482,1.85436,-0.30593,-0.00762,-0.14497,0.93759,1.81929,-0.93310,1.86394,-0.28765,0.00026,-0.18016,0.92341,1.75888,-0.96781,1.87646,-0.30098,-0.00421,-0.16427
69.900000,3495,0.94876,1.82308,-0.95482,1.88297,-0.29220,0.00573,-0.17205,0.94257,1.80220,-0.93531,1.88978,-0.27745,0.01425,-0.20726,0.92805,1.75225,-0.96597,1.90162,-0.29007,0.00937,-0.19096
70.000000,3500,0.95295,1.80973,-0.95482,1.90624,-0.28266,0.01985,-0.19990,0.94755,1.79628,-0.92992,1.91603,-0.26566,0.02685,-0.23238,0.93283,1.74447,-0.96399,1.92607,-0.27786,0.02259,-0.21810
70.100000,3505,0.95601,1.79676,-0.95406,1.93295,-0.26817,0.03396,-0.22737,0.95292,1.77579,-0.93210,1.94105,-0.25353,0.03974,-0.25997,0.93772,1.73553,-0.96188,1.94981,-0.26438,0.03534,-0.24580
70.200000,3510,0.96211,1.78226,-0.95330,1.95850,-0.25596,0.04617,-0.25369,0.95831,1.76114,-0.93072,1.96477,-0.23908,0.05201,-0.28858,0.94267,1.72538,-0.95962,1.97286,-0.24972,0.04750,-0.27412
70.300000,3515,0.96745,1.76662,-0.95292,1.98025,-0.24070,0.05799,-0.28650,0.96390,1.74214,-0.92966,1.98896,-0.22468,0.06328,-0.31655,0.94764,1.71404,-0.95720,1.99520,-0.23394,0.05896,-0.30313
70.400000,3520,0.97165,1.74717,-0.95292,2.00466,-0.22735,0.06982,-0.31396,0.96860,1.72768,-0.92764,2.01206,-0.20860,0.07347,-0.34527,0.95258,1.70145,-0.95461,2.01683,-0.21714,0.06961,-0.33289
70.500000,3525,0.97584,1.73038,-0.95025,2.02755,-0.20751,0.08241,-0.34486,0.97343,1.71075,-0.92675,2.03510,-0.19158,0.08297,-0.37601,0.95744,1.68761,-0.95185,2.03773,-0.19942,0.07934,-0.36343
70.600000,3530,0.98309,1.70788,-0.94338,2.04739,-0.18882,0.08927,-0.37500,0.97948,1.68105,-0.92595,2.05689,-0.17510,0.09197,-0.40544,0.96216,1.67238,-0.94892,2.05785,-0.18097,0.08803,-0.39482
70.700000,3535,0.98652,1.68689,-0.93995,2.07028,-0.17471,0.09652,-0.40857,0.98455,1.66298,-0.92087,2.07824,-0.15712,0.09902,-0.43585,0.96670,1.65573,-0.94583,2.07714,-0.16195,0.09559,-0.42706
70.800000,3540,0.98729,1.66286,-0.93995,2.09011,-0.15411,0.10568,-0.43947,0.98969,1.63914,-0.91974,2.09726,-0.13882,0.10496,-0.46941,0.97108,1.63777,-0.94262,2.09565,-0.14244,0.10187,-0.46009
70.900000,3545,0.99263,1.63997,-0.93613,2.11109,-0.13198,0.11140,-0.47342,0.99438,1.60459,-0.92073,2.11902,-0.12116,0.11017,-0.50085,0.97527,1.61849,-0.93929,2.11336,-0.12258,0.10680,-0.49386
71.000000,3550,0.99988,1.61251,-0.93499,2.12788,-0.11481,0.11369,-0.50775,0.99906,1.57815,-0.91871,2.13694,-0.10239,0.11349,-0.53463,0.97927,1.59808,-0.93579,2.13030,-0.10242,0.11031,-0.52823
71.100000,3555,1.00064,1.58771,-0.93422,2.14734,-0.09574,0.11636,-0.54056,1.00410,1.55579,-0.91379,2.15539,-0.08145,0.11600,-0.56788,0.98377,1.57797,-0.93134,2.14714,-0.08078,0.11318,-0.56251
71.200000,3560,1.00331,1.56063,-0.92850,2.16641,-0.07362,0.12132,-0.57794,1.00876,1.52182,-0.91360,2.17267,-0.06289,0.11682,-0.60220,0.98761,1.55601,-0.92704,2.16270,-0.05988,0.11408,-0.59746
71.300000,3565,1.00636,1.53125,-0.92087,2.18167,-0.05378,0.12132,-0.61037,1.01249,1.49747,-0.90804,2.18907,-0.04425,0.11482,-0.63632,0.99075,1.53223,-0.92296,2.17699,-0.04000,0.11296,-0.63297
71.400000,3570,1.01552,1.50417,-0.92049,2.19807,-0.03509,0.12056,-0.64661,1.01521,1.46361,-0.90841,2.20527,-0.02672,0.11190,-0.67077,0.99357,1.50736,-0.91882,2.19035,-0.02070,0.11019,-0.66864
71.500000,3575,1.01666,1.47289,-0.91973,2.21180,-0.01983,0.11941,-0.68361,1.01891,1.43383,-0.90308,2.21874,-0.00955,0.10680,-0.70540,0.99605,1.48148,-0.91462,2.20279,-0.00212,0.10576,-0.70432
71.600000,3580,1.01704,1.44046,-0.91553,2.22554,0.00154,0.11178,-0.71756,1.02142,1.40119,-0.90044,2.23275,0.00646,0.10050,-0.73949,0.99814,1.45462,-0.91032,2.21433,0.01556,0.09970,-0.73993
71.700000,3585,1.01971,1.40842,-0.90714,2.23774,0.01641,0.10568,-0.75380,1.02365,1.37074,-0.89685,2.24514,0.02127,0.09247,-0.77370,0.99983,1.42683,-0.90593,2.22497,0.03218,0.09205,-0.77535
71.800000,3590,1.01971,1.37675,-0.90256,2.25110,0.03129,0.09729,-0.79005,1.02568,1.33709,-0.89328,2.25642,0.03531,0.08273,-0.80790,1.00114,1.39814,-0.90148,2.23474,0.04761,0.08286,-0.81051
71.900000,3595,1.02009,1.34357,-0.90256,2.26025,0.04769,0.08622,-0.82247,1.02716,1.29979,-0.89174,2.26784,0.04741,0.07195,-0.84157,1.00205,1.36857,-0.89698,2.24366,0.06169,0.07219,-0.84533
72.000000,3600,1.01971,1.30885,-0.90027,2.27055,0.05799,0.07554,-0.85833,1.02806,1.27014,-0.88627,2.27693,0.05901,0.05912,-0.87475,1.00260,1.33815,-0.89246,2.25174,0.07428,0.06014,-0.87974
72.100000,3605,1.02124,1.27604,-0.88768,2.28009,0.06982,0.06028,-0.89266,1.02816,1.23508,-0.88516,2.28653,0.06857,0.04580,-0.90821,1.00280,1.30691,-0.88794,2.25899,0.08527,0.04679,-0.91368
72.200000,3610,1.02200,1.24248,-0.88578,2.28810,0.08050,0.04693,-0.92661,1.02941,1.19731,-0.88002,2.29492,0.07580,0.03064,-0.93942,1.00270,1.27490,-0.88354,2.26542,0.09453,0.03219,-0.94707
72.300000,3615,1.02200,1.20623,-0.88273,2.29611,0.08508,0.03015,-0.95828,1.02964,1.16070,-0.87705,2.30191,0.08172,0.01436,-0.97105,1.00238,1.24217,-0.87936,2.27103,0.10199,0.01641,-0.97985
72.400000,3620,1.02200,1.17076,-0.88044,2.30221,0.09194,0.01412,-0.99032,1.02907,1.12758,-0.87341,2.30837,0.08620,-0.00287,-1.00203,1.00179,1.20876,-0.87534,2.27586,0.10754,-0.00037,-1.01197
72.500000,3625,1.02238,1.13490,-0.87586,2.30794,0.10034,-0.00533,-1.02275,1.02882,1.09126,-0.87058,2.31415,0.08825,-0.02070,-1.03262,1.00096,1.17473,-0.87151,2.27990,0.11109,-0.01796,-1.04339
72.600000,3630,1.02200,1.09866,-0.87433,2.31366,0.10263,-0.02479,-1.05288,1.02837,1.05325,-0.86818,2.31919,0.08814,-0.03920,-1.06217,0.99993,1.14012,-0.86793,2.28318,0.11260,-0.03622,-1.07407
72.700000,3635,1.02162,1.06127,-0.87281,2.31633,0.10263,-0.04424,-1.08416,1.02749,1.01364,-0.86703,2.32341,0.08629,-0.05802,-1.09103,0.99874,1.10500,-0.86467,2.28570,0.11202,-0.05500,-1.10399
72.800000,3640,1.02162,1.02389,-0.86708,2.32205,0.10224,-0.06370,-1.11392,1.02677,0.97861,-0.86329,2.32658,0.08238,-0.07764,-1.11891,0.99746,1.06944,-0.86182,2.28747,0.10933,-0.07415,-1.13311
72.900000,3645,1.02162,0.98803,-0.86708,2.32396,0.10072,-0.08353,-1.14177,1.02597,0.93835,-0.86283,2.32979,0.07605,-0.09714,-1.14612,0.99614,1.03351,-0.85944,2.28848,0.10454,-0.09351,-1.16142
73.000000,3650,1.01933,0.94912,-0.86403,2.32396,0.09576,-0.10452,-1.16923,1.02500,0.90152,-0.86139,2.33109,0.06824,-0.11663,-1.17272,0.99482,0.99726,-0.85761,2.28874,0.09768,-0.11295,-1.18892
73.100000,3655,1.01895,0.91212,-0.86174,2.32472,0.08088,-0.12550,-1.19708,1.02389,0.86420,-0.86090,2.33234,0.05836,-0.13639,-1.19844,0.99357,0.96078,-0.85641,2.28825,0.08880,-0.13230,-1.21560
73.200000,3660,1.01933,0.87435,-0.86136,2.32587,0.07287,-0.14495,-1.22493,1.02308,0.83082,-0.85907,2.33212,0.04634,-0.15605,-1.22327,0.99241,0.92414,-0.85607,2.28696,0.07776,-0.15141,-1.24138
73.300000,3665,1.01895,0.83964,-0.86136,2.32587,0.05952,-0.16441,-1.24820,1.02235,0.78639,-0.86478,2.33126,0.03043,-0.17458,-1.24719,0.99105,0.88757,-0.85782,2.28461,0.06335,-0.17000,-1.26575
73.400000,3670,1.01857,0.80340,-0.86136,2.32587,0.04540,-0.18501,-1.27109,1.02180,0.75147,-0.86562,2.32955,0.01525,-0.19335,-1.27031,0.99031,0.85093,-0.85962,2.28167,0.04845,-0.18872,-1.28968
73.500000,3675,1.01857,0.76258,-0.86136,2.32548,0.02595,-0.20408,-1.29588,1.02145,0.71813,-0.86707,2.32682,-0.00091,-0.21239,-1.29299,0.99010,0.81427,-0.86172,2.27805,0.03271,-0.20727,-1.31306
73.600000,3680,1.01857,0.72786,-0.86136,2.32548,0.01069,-0.22277,-1.31953,1.02210,0.68130,-0.87032,2.32352,-0.01906,-0.23042,-1.31517,0.99020,0.77769,-0.86473,2.27361,0.01542,-0.22524,-1.33567
73.700000,3685,1.01857,0.69315,-0.86136,2.32548,-0.00762,-0.24108,-1.34128,1.02338,0.63713,-0.87752,2.32021,-0.03936,-0.24724,-1.33613,0.99066,0.74124,-0.86872,2.26832,-0.00331,-0.24251,-1.35751
73.800000,3690,1.01857,0.65386,-0.86136,2.32281,-0.02975,-0.26016,-1.36073,1.02407,0.60226,-0.88260,2.31492,-0.05931,-0.26391,-1.35686,0.99153,0.70496,-0.87370,2.26217,-0.02333,-0.25898,-1.37863
73.900000,3695,1.01857,0.61495,-0.86174,2.31747,-0.05302,-0.27656,-1.38438,1.02524,0.57495,-0.88489,2.30925,-0.08051,-0.28005,-1.37623,0.99287,0.66889,-0.87972,2.25511,-0.04448,-0.27455,-1.39904
74.000000,3700,1.01895,0.58100,-0.86441,2.31023,-0.07552,-0.29144,-1.40346,1.02799,0.53211,-0.89497,2.30207,-0.10364,-0.29433,-1.39594,0.99471,0.63311,-0.88680,2.24711,-0.06659,-0.28914,-1.41877
74.100000,3705,1.01933,0.54552,-0.86708,2.30336,-0.09803,-0.30708,-1.42215,1.03071,0.49753,-0.90260,2.29436,-0.12686,-0.30800,-1.41439,0.99711,0.59768,-0.89496,2.23814,-0.08946,-0.30264,-1.43782
74.200000,3710,1.01933,0.51195,-0.87853,2.29420,-0.12130,-0.32005,-1.44122,1.03396,0.46138,-0.91306,2.28495,-0.15043,-0.32018,-1.43290,1.00006,0.56272,-0.90435,2.22803,-0.11296,-0.31493,-1.45600
74.300000,3715,1.01971,0.47685,-0.88921,2.28390,-0.14571,-0.33378,-1.45877,1.03740,0.42682,-0.92477,2.27454,-0.17539,-0.33098,-1.44823,1.00331,0.52860,-0.91578,2.21603,-0.13730,-0.32570,-1.47227
74.400000,3720,1.02009,0.44176,-0.90218,2.27322,-0.16898,-0.34370,-1.47403,1.04219,0.39076,-0.93679,2.26362,-0.19932,-0.34049,-1.46494,1.00764,0.49469,-0.92691,2.20398,-0.16091,-0.33558,-1.48933
74.500000,3725,1.02543,0.40895,-0.91248,2.26063,-0.19187,-0.35286,-1.49234,1.04733,0.35606,-0.95021,2.25242,-0.22247,-0.34827,-1.48173,1.01276,0.46136,-0.93853,2.19129,-0.18409,-0.34427,-1.50620
74.600000,3730,1.03306,0.37653,-0.92698,2.24881,-0.21743,-0.36201,-1.50569,1.05315,0.32496,-0.96255,2.23850,-0.24529,-0.35514,-1.49645,1.01824,0.42914,-0.95168,2.17680,-0.20705,-0.35150,-1.52114
74.700000,3735,1.03497,0.34334,-0.94147,2.23507,-0.24032,-0.36735,-1.52095,1.05755,0.30559,-0.97007,2.22886,-0.26105,-0.34879,-1.51058,1.02299,0.40068,-0.96058,2.16505,-0.22623,-0.35085,-1.53519
74.800000,3740,1.03879,0.32960,-0.94719,2.22973,-0.25329,-0.35591,-1.52744,1.05480,0.29403,-0.96380,2.22614,-0.26383,-0.30842,-1.51440,1.02023,0.38789,-0.95236,2.16240,-0.23200,-0.31676,-1.53865
74.900000,3745,1.03840,0.32655,-0.94719,2.22706,-0.26130,-0.31623,-1.53430,1.05012,0.28766,-0.94879,2.22595,-0.26618,-0.26740,-1.51387,1.01543,0.37935,-0.94015,2.16176,-0.23440,-0.27455,-1.53883
75.000000,3750,1.03764,0.31015,-0.94376,2.22668,-0.26168,-0.27694,-1.53392,1.04506,0.27790,-0.93792,2.22548,-0.26805,-0.22589,-1.51507,1.01070,0.37095,-0.92813,2.16114,-0.23675,-0.23303,-1.53902
75.100000,3755,1.03573,0.30366,-0.93537,2.22668,-0.26435,-0.23345,-1.53430,1.04091,0.26384,-0.92804,2.22555,-0.27085,-0.18540,-1.51602,1.00608,0.36253,-0.91630,2.16050,-0.23912,-0.19206,-1.53916
75.200000,3760,1.03116,0.29146,-0.92087,2.22592,-0.26473,-0.19187,-1.53392,1.03677,0.25325,-0.91557,2.22473,-0.27333,-0.14571,-1.51577,1.00165,0.35380,-0.90468,2.15983,-0.24158,-0.15153,-1.53918
75.300000,3765,1.03001,0.28116,-0.91210,2.22592,-0.26741,-0.15067,-1.53430,1.03205,0.24636,-0.90407,2.22465,-0.27537,-0.10575,-1.51681,0.99729,0.34505,-0.89315,2.15915,-0.24404,-0.11125,-1.53918
75.400000,3770,1.02696,0.26399,-0.89913,2.22592,-0.27122,-0.10986,-1.53354,1.02771,0.23731,-0.89210,2.22421,-0.27737,-0.06595,-1.51744,0.99293,0.33633,-0.88167,2.15847,-0.24650,-0.07111,-1.53918
75.500000,3775,1.01819,0.26056,-0.88730,2.22477,-0.27427,-0.06942,-1.53430,1.02420,0.21425,-0.88644,2.22579,-0.28114,-0.02564,-1.51784,0.98865,0.32752,-0.87024,2.15778,-0.24900,-0.03105,-1.53918
75.600000,3780,1.01552,0.24110,-0.87624,2.22439,-0.28038,-0.02822,-1.53354,1.01954,0.20995,-0.87280,2.22451,-0.28285,0.01367,-1.51810,0.98456,0.31836,-0.85896,2.15704,-0.25166,0.00895,-1.53918
75.700000,3785,1.01323,0.23080,-0.86441,2.22401,-0.28457,0.01069,-1.53392,1.01580,0.19918,-0.86134,2.22447,-0.28555,0.05340,-1.51852,0.98053,0.30913,-0.84771,2.15628,-0.25435,0.04895,-1.53918
75.800000,3790,1.01246,0.22050,-0.85488,2.22401,-0.28762,0.05380,-1.53392,1.01212,0.18596,-0.85120,2.22417,-0.28855,0.09267,-1.51893,0.97649,0.29989,-0.83646,2.15552,-0.25703,0.08894,-1.53918
75.900000,3795,1.00407,0.20791,-0.84229,2.22401,-0.28800,0.09423,-1.53316,1.00881,0.16883,-0.84219,2.22422,-0.29184,0.13273,-1.51900,0.97252,0.29058,-0.82525,2.15475,-0.25977,0.12894,-1.53918
76.000000,3800,0.99988,0.19418,-0.83504,2.22401,-0.29144,0.13581,-1.53316,1.00485,0.15888,-0.83176,2.22387,-0.29442,0.17216,-1.51988,0.96881,0.28095,-0.81422,2.15393,-0.26269,0.16893,-1.53918
76.100000,3805,0.99682,0.18045,-0.82169,2.22401,-0.29144,0.17396,-1.53316,1.00081,0.15154,-0.81981,2.22339,-0.29681,0.21165,-1.52043,0.96516,0.27124,-0.80324,2.15310,-0.26567,0.20892,-1.53918
76.200000,3810,0.99644,0.17473,-0.80834,2.22401,-0.29525,0.21364,-1.53392,0.99783,0.13186,-0.81297,2.22424,-0.30048,0.25208,-1.52108,0.96152,0.26153,-0.79226,2.15227,-0.26864,0.24892,-1.53918
76.300000,3815,0.99606,0.15794,-0.79918,2.22401,-0.29563,0.25636,-1.53316,0.99421,0.12186,-0.80160,2.22336,-0.30335,0.29115,-1.52131,0.95795,0.25176,-0.78132,2.15142,-0.27166,0.28893,-1.53918
76.400000,3820,0.98500,0.14383,-0.78774,2.22401,-0.30212,0.29489,-1.53049,0.99110,0.10977,-0.79113,2.22335,-0.30643,0.33109,-1.52177,0.95468,0.24174,-0.77059,2.15054,-0.27488,0.32897,-1.53918
76.500000,3825,0.98271,0.13314,-0.77820,2.22401,-0.30822,0.33723,-1.52973,0.98756,0.10397,-0.77854,2.22220,-0.30901,0.37023,-1.52252,0.95151,0.23162,-0.75991,2.14964,-0.27818,0.36908,-1.53918
76.600000,3830,0.98195,0.11979,-0.76676,2.22401,-0.31318,0.37691,-1.52973,0.98459,0.08960,-0.76926,2.22225,-0.31247,0.41033,-1.52277,0.94834,0.22147,-0.74921,2.14874,-0.28148,0.40930,-1.53918
76.700000,3835,0.98042,0.10987,-0.75608,2.22401,-0.31585,0.41772,-1.52973,0.98199,0.07295,-0.76107,2.22217,-0.31625,0.45059,-1.52335,0.94522,0.21124,-0.73851,2.14783,-0.28484,0.44972,-1.53918
76.800000,3840,0.97470,0.09385,-0.74501,2.22401,-0.31738,0.45931,-1.52896,0.97926,0.06341,-0.74893,2.22144,-0.31962,0.49064,-1.52331,0.94245,0.20076,-0.72799,2.14690,-0.28843,0.49045,-1.53918
76.900000,3845,0.97088,0.08012,-0.73662,2.22401,-0.32005,0.50165,-1.52934,0.97650,0.05253,-0.73814,2.22066,-0.32317,0.53090,-1.52364,0.93980,0.19011,-0.71747,2.14595,-0.29213,0.53158,-1.53918
77.000000,3850,0.97050,0.07211,-0.72708,2.22401,-0.32348,0.54094,-1.52896,0.97393,0.04050,-0.72786,2.21973,-0.32700,0.57216,-1.52408,0.93712,0.17933,-0.70683,2.14498,-0.29587,0.57319,-1.53918
77.100000,3855,0.96859,0.05990,-0.71640,2.22287,-0.32653,0.58252,-1.52667,0.96949,0.04065,-0.71622,2.21881,-0.32538,0.60215,-1.52425,0.93428,0.17502,-0.69539,2.14637,-0.29581,0.60727,-1.53765
77.200000,3860,0.96325,0.05952,-0.70267,2.22134,-0.32424,0.60160,-1.52629,0.96445,0.06759,-0.70368,2.22855,-0.30707,0.59974,-1.51753,0.93109,0.19929,-0.68127,2.15765,-0.27912,0.60756,-1.52944
77.300000,3865,0.96325,0.08012,-0.68894,2.22477,-0.31013,0.60198,-1.52019,0.96204,0.09440,-0.69398,2.24122,-0.28548,0.59337,-1.50768,0.92847,0.23265,-0.66733,2.17095,-0.25718,0.59991,-1.51911
77.400000,3870,0.95753,0.10949,-0.67673,2.23736,-0.28800,0.59969,-1.51218,0.96060,0.12640,-0.68059,2.25397,-0.26117,0.58879,-1.50002,0.92679,0.26600,-0.65327,2.18488,-0.23313,0.59424,-1.51094
77.500000,3875,0.95257,0.14230,-0.66300,2.24995,-0.26245,0.59587,-1.50150,0.95921,0.16328,-0.66824,2.26461,-0.23702,0.58482,-1.49004,0.92593,0.30132,-0.64094,2.19720,-0.20930,0.58999,-1.50108
77.600000,3880,0.95257,0.18045,-0.65079,2.25949,-0.23879,0.59168,-1.49310,0.95894,0.19983,-0.65840,2.27422,-0.21428,0.58218,-1.47768,0.92577,0.33858,-0.63055,2.20780,-0.18630,0.58694,-1.48907
77.700000,3885,0.95257,0.21821,-0.64049,2.26864,-0.21476,0.58863,-1.47823,0.95867,0.24449,-0.64716,2.28134,-0.19087,0.58040,-1.46484,0.92622,0.37698,-0.62162,2.21730,-0.16397,0.58497,-1.47577
77.800000,3890,0.95257,0.25865,-0.63667,2.27513,-0.19264,0.58481,-1.46564,0.95930,0.28849,-0.63692,2.28820,-0.16895,0.57919,-1.45010,0.92723,0.41622,-0.61403,2.22582,-0.14249,0.58389,-1.46125
77.900000,3895,0.95257,0.29756,-0.62561,2.28200,-0.17013,0.58443,-1.45000,0.96120,0.32691,-0.62988,2.29573,-0.14626,0.57985,-1.43672,0.92930,0.45536,-0.60667,2.23438,-0.12022,0.58398,-1.44765
78.000000,3900,0.95295,0.33990,-0.61951,2.29039,-0.14724,0.58405,-1.43626,0.96308,0.37075,-0.62231,2.30027,-0.12598,0.57976,-1.42103,0.93149,0.49519,-0.60099,2.24159,-0.10014,0.58436,-1.43175
78.100000,3905,0.95295,0.38110,-0.61378,2.29191,-0.12588,0.58405,-1.41643,0.96457,0.41393,-0.61777,2.30386,-0.10785,0.57995,-1.40323,0.93356,0.53565,-0.59704,2.24732,-0.08282,0.58467,-1.41313
78.200000,3910,0.95295,0.42459,-0.60768,2.29687,-0.10642,0.58443,-1.40079,0.96636,0.45923,-0.61229,2.30670,-0.09200,0.57998,-1.38284,0.93573,0.57621,-0.59410,2.25224,-0.06725,0.58496,-1.39303
78.300000,3915,0.95334,0.46579,-0.60692,2.30183,-0.09307,0.58443,-1.37904,0.96831,0.50469,-0.60735,2.30869,-0.07747,0.57962,-1.36170,0.93792,0.61675,-0.59200,2.25639,-0.05343,0.58502,-1.37148
78.400000,3920,0.95334,0.50966,-0.60616,2.30260,-0.07552,0.58481,-1.35654,0.96990,0.54919,-0.60454,2.30990,-0.06486,0.57899,-1.33919,0.94005,0.65723,-0.59064,2.25983,-0.04137,0.58466,-1.34851
78.500000,3925,0.95562,0.55315,-0.60539,2.30260,-0.06560,0.58443,-1.33098,0.97137,0.59262,-0.60320,2.31045,-0.05381,0.57792,-1.31566,0.94206,0.69761,-0.58990,2.26259,-0.03098,0.58374,-1.32417
78.600000,3930,0.95601,0.59664,-0.59967,2.30450,-0.05149,0.58405,-1.30771,0.97259,0.63568,-0.60214,2.31003,-0.04431,0.57607,-1.29077,0.94388,0.73784,-0.58966,2.26471,-0.02221,0.58210,-1.29852
78.700000,3935,0.95639,0.63936,-0.59967,2.30641,-0.04615,0.58405,-1.27986,0.97351,0.68380,-0.59876,2.30886,-0.03594,0.57300,-1.26426,0.94546,0.77787,-0.58985,2.26618,-0.01497,0.57960,-1.27163
78.800000,3940,0.96440,0.68361,-0.59967,2.30641,-0.03547,0.58138,-1.25354,0.97369,0.72618,-0.60087,2.30762,-0.02942,0.56939,-1.23771,0.94676,0.81765,-0.59039,2.26702,-0.00914,0.57616,-1.24364
78.900000,3945,0.96631,0.72558,-0.59967,2.30641,-0.02555,0.57833,-1.22569,0.97451,0.77067,-0.59780,2.30536,-0.02406,0.56468,-1.20848,0.94773,0.85710,-0.59125,2.26724,-0.00462,0.57167,-1.21465
79.000000,3950,0.96669,0.77021,-0.59967,2.30603,-0.02364,0.57489,-1.19746,0.97485,0.81377,-0.59701,2.30235,-0.02005,0.55876,-1.17912,0.94836,0.89617,-0.59237,2.26682,-0.00125,0.56610,-1.18482
79.100000,3955,0.96669,0.81293,-0.59967,2.30603,-0.02097,0.56955,-1.16542,0.97409,0.85691,-0.59811,2.29871,-0.01642,0.55188,-1.14994,0.94861,0.93476,-0.59375,2.26575,0.00107,0.55937,-1.15429
79.200000,3960,0.96669,0.85566,-0.59967,2.30603,-0.01830,0.56269,-1.13604,0.97345,0.90041,-0.59726,2.29464,-0.01420,0.54379,-1.11892,0.94852,0.97285,-0.59539,2.26402,0.00249,0.55151,-1.12319
79.300000,3965,0.96669,0.89762,-0.59967,2.30260,-0.01716,0.55353,-1.10286,0.97241,0.94420,-0.59723,2.28993,-0.01246,0.53460,-1.08823,0.94810,1.01041,-0.59728,2.26167,0.00317,0.54261,-1.09167
79.400000,3970,0.96669,0.93958,-0.59967,2.29840,-0.01182,0.54628,-1.07196,0.97121,0.98297,-0.59905,2.28485,-0.01196,0.52471,-1.05684,0.94738,1.04744,-0.59945,2.25870,0.00324,0.53269,-1.05983
79.500000,3975,0.96669,0.98002,-0.59967,2.29344,-0.00876,0.53560,-1.04067,0.96946,1.02423,-0.60023,2.27963,-0.01133,0.51383,-1.02536,0.94637,1.08392,-0.60190,2.25511,0.00281,0.52176,-1.02776
79.600000,3980,0.96669,1.02198,-0.59967,2.28696,-0.00609,0.52378,-1.00825,0.96774,1.06418,-0.60182,2.27270,-0.01128,0.50175,-0.99381,0.94511,1.11986,-0.60467,2.25090,0.00200,0.50987,-0.99551
79.700000,3985,0.96631,1.06242,-0.59967,2.28085,-0.00571,0.51271,-0.97621,0.96543,1.10831,-0.60208,2.26521,-0.01091,0.48873,-0.96219,0.94361,1.15526,-0.60779,2.24606,0.00090,0.49705,-0.96316
79.800000,3990,0.96631,1.10247,-0.59967,2.27437,-0.00571,0.49898,-0.94378,0.96305,1.15069,-0.60303,2.25792,-0.01124,0.47477,-0.92995,0.94193,1.19012,-0.61128,2.24057,-0.00038,0.48335,-0.93074
79.900000,3995,0.96631,1.14367,-0.59967,2.26521,-0.00571,0.48677,-0.91174,0.96056,1.18982,-0.60580,2.24936,-0.01162,0.46018,-0.89830,0.94007,1.22443,-0.61518,2.23444,-0.00177,0.46879,-0.89828
80.000000,4000,0.96592,1.18296,-0.59967,2.25720,-0.00609,0.47037,-0.88007,0.95794,1.22987,-0.60835,2.24044,-0.01196,0.44482,-0.86636,0.93809,1.25818,-0.61952,2.22765,-0.00319,0.45343,-0.86581
80.100000,4005,0.96592,1.21882,-0.60005,2.24881,-0.00609,0.45511,-0.84803,0.95511,1.27331,-0.60974,2.23017,-0.01193,0.42843,-0.83446,0.93601,1.29137,-0.62433,2.22018,-0.00455,0.43730,-0.83334
80.200000,4010,0.96364,1.26002,-0.60043,2.23889,-0.00609,0.44023,-0.81446,0.95243,1.30726,-0.61521,2.22048,-0.01246,0.41168,-0.80245,0.93386,1.32397,-0.62964,2.21202,-0.00579,0.42046,-0.80089
80.300000,4015,0.96325,1.29817,-0.60196,2.22859,-0.00648,0.42154,-0.78318,0.94928,1.34423,-0.61962,2.20997,-0.01287,0.39425,-0.77079,0.93118,1.35625,-0.63526,2.20372,-0.00705,0.40286,-0.76865
80.400000,4020,0.96287,1.33517,-0.60272,2.21905,-0.00609,0.40437,-0.75266,0.94545,1.38408,-0.62353,2.19900,-0.01325,0.37579,-0.73954,0.92795,1.38826,-0.64120,2.19537,-0.00833,0.38456,-0.73668
80.500000,4025,0.95601,1.37294,-0.60844,2.20837,-0.00953,0.38683,-0.72024,0.94306,1.41758,-0.62820,2.18721,-0.01290,0.35706,-0.70708,0.92567,1.41906,-0.64817,2.18528,-0.00892,0.36576,-0.70442
80.600000,4030,0.95219,1.40842,-0.61455,2.19540,-0.00953,0.36661,-0.68743,0.94013,1.45246,-0.63574,2.17429,-0.01189,0.33795,-0.67574,0.92360,1.44906,-0.65576,2.17426,-0.00902,0.34647,-0.67212
80.700000,4035,0.95219,1.44428,-0.62218,2.18319,-0.00953,0.34601,-0.65500,0.93753,1.48878,-0.64186,2.16087,-0.01037,0.31824,-0.64381,0.92163,1.47824,-0.66390,2.16240,-0.00858,0.32674,-0.63981
80.800000,4040,0.94952,1.47823,-0.62943,2.16984,-0.00953,0.32808,-0.62296,0.93539,1.52474,-0.64786,2.14574,-0.00837,0.29805,-0.61184,0.91987,1.50650,-0.67262,2.14963,-0.00749,0.30668,-0.60750
80.900000,4045,0.94876,1.51180,-0.63629,2.15496,-0.00876,0.30786,-0.59206,0.93313,1.56111,-0.65385,2.13057,-0.00520,0.27791,-0.57938,0.91835,1.53374,-0.68189,2.13593,-0.00566,0.28642,-0.57518
81.000000,4050,0.94723,1.54422,-0.64735,2.13894,-0.00571,0.28612,-0.55849,0.93122,1.59655,-0.66022,2.11382,-0.00125,0.25719,-0.54741,0.91701,1.55985,-0.69163,2.12130,-0.00298,0.26607,-0.54288
81.100000,4055,0.94685,1.57550,-0.65689,2.12178,-0.00228,0.26552,-0.52606,0.92944,1.62206,-0.67174,2.09733,0.00323,0.23786,-0.51593,0.91588,1.58472,-0.70174,2.10572,0.00061,0.24582,-0.51063
81.200000,4060,0.94647,1.60488,-0.66567,2.10461,-0.00037,0.24682,-0.49478,0.92805,1.65032,-0.68037,2.07919,0.00869,0.21790,-0.48378,0.91495,1.60822,-0.71213,2.08919,0.00517,0.22586,-0.47847
81.300000,4065,0.94685,1.63311,-0.67482,2.08668,0.00230,0.22584,-0.46274,0.92739,1.67888,-0.68789,2.05865,0.01621,0.19955,-0.45211,0.91458,1.62942,-0.72235,2.07082,0.01131,0.20695,-0.44622
81.400000,4070,0.94380,1.65866,-0.68169,2.06723,0.00649,0.20791,-0.43222,0.92717,1.69733,-0.69874,2.03830,0.02393,0.18208,-0.41986,0.91460,1.64849,-0.73234,2.05088,0.01885,0.18917,-0.41396
81.500000,4075,0.94380,1.68117,-0.69084,2.04548,0.01870,0.19037,-0.39789,0.92630,1.71981,-0.70828,2.01801,0.03200,0.16442,-0.38839,0.91404,1.66738,-0.74282,2.03170,0.02637,0.17126,-0.38228
81.600000,4080,0.94380,1.70368,-0.70191,2.02526,0.02786,0.17244,-0.36699,0.92556,1.74691,-0.71461,1.99730,0.04153,0.14773,-0.35648,0.91374,1.68464,-0.75328,2.01176,0.03478,0.15438,-0.35085
81.700000,4085,0.94151,1.72504,-0.71106,2.00390,0.03282,0.15603,-0.33494,0.92567,1.75959,-0.72658,1.97588,0.05133,0.13279,-0.32589,0.91392,1.70012,-0.76375,1.99096,0.04411,0.13878,-0.31970
81.800000,4090,0.94113,1.74183,-0.72060,1.98177,0.04693,0.14039,-0.30443,0.92589,1.77528,-0.73635,1.95307,0.06196,0.11919,-0.29514,0.91431,1.71391,-0.77397,1.96939,0.05420,0.12453,-0.28882
81.900000,4095,0.94113,1.76128,-0.72937,1.96041,0.05609,0.12742,-0.27391,0.92644,1.79335,-0.74397,1.92989,0.07338,0.10643,-0.26515,0.91479,1.72613,-0.78382,1.94711,0.06488,0.11166,-0.25820
82.000000,4100,0.94151,1.77730,-0.74120,1.93714,0.06333,0.11331,-0.24263,0.92662,1.80859,-0.75141,1.90741,0.08507,0.09542,-0.23425,0.91529,1.73682,-0.79319,1.92414,0.07603,0.10024,-0.22785
82.100000,4105,0.94151,1.79142,-0.75035,1.91235,0.08012,0.10415,-0.21287,0.92688,1.82157,-0.75924,1.88290,0.09715,0.08571,-0.20450,0.91571,1.74607,-0.80200,1.90049,0.08751,0.09027,-0.19773
82.200000,4110,0.94151,1.80477,-0.75531,1.88717,0.08775,0.09538,-0.18388,0.92689,1.83449,-0.76569,1.85825,0.10954,0.07761,-0.17475,0.91598,1.75395,-0.81016,1.87616,0.09918,0.08176,-0.16784
82.300000,4115,0.94151,1.81545,-0.76256,1.86275,0.10301,0.08470,-0.15451,0.92664,1.84940,-0.76950,1.83200,0.12221,0.07043,-0.14504,0.91598,1.76054,-0.81758,1.85114,0.11091,0.07467,-0.13814
82.400000,4120,0.94113,1.81888,-0.76714,1.83681,0.11254,0.07821,-0.12437,0.92617,1.85543,-0.77557,1.80565,0.13436,0.06635,-0.11579,0.91569,1.76523,-0.82362,1.82498,0.12260,0.06967,-0.10880
82.500000,4125,0.94189,1.82918,-0.77095,1.81011,0.12742,0.07478,-0.09843,0.92583,1.86025,-0.77771,1.77837,0.14577,0.06410,-0.08673,0.91509,1.76731,-0.82755,1.79717,0.13414,0.06751,-0.08001
82.600000,4130,0.94151,1.83224,-0.77667,1.77959,0.13581,0.07363,-0.06715,0.92343,1.87122,-0.77999,1.74949,0.15842,0.06067,-0.05793,0.91351,1.77045,-0.83205,1.76973,0.14529,0.06447,-0.05058
82.700000,4135,0.94113,1.84063,-0.78011,1.75327,0.14993,0.06867,-0.03968,0.92117,1.87331,-0.78406,1.72145,0.16891,0.05877,-0.02800,0.91099,1.77318,-0.83587,1.74165,0.15612,0.06198,-0.02084
82.800000,4140,0.94113,1.84750,-0.78163,1.72085,0.15947,0.06677,-0.01031,0.91727,1.87956,-0.78414,1.69195,0.18016,0.05806,0.00170,0.90752,1.77430,-0.83789,1.71218,0.16646,0.06120,0.00882
82.900000,4145,0.93731,1.84826,-0.78163,1.69185,0.16900,0.06562,0.02059,0.91268,1.88150,-0.78314,1.66023,0.18987,0.05879,0.03149,0.90293,1.77384,-0.83796,1.68130,0.17621,0.06206,0.03842
83.000000,4150,0.93197,1.84864,-0.78163,1.66057,0.18121,0.06410,0.05111,0.90424,1.88690,-0.78129,1.63264,0.19818,0.05751,0.05917,0.89438,1.77606,-0.83634,1.65314,0.18465,0.06065,0.06734
83.100000,4155,0.91824,1.85245,-0.78163,1.63768,0.18464,0.05952,0.07247,0.88043,1.88530,-0.76243,1.62457,0.19386,0.05630,0.06879,0.86854,1.78217,-0.81470,1.64375,0.18277,0.05751,0.07839
83.200000,4160,0.88581,1.85970,-0.77744,1.63501,0.18388,0.05914,0.07896,0.84664,1.89751,-0.72836,1.62285,0.18721,0.05256,0.07235,0.83458,1.79010,-0.78351,1.64304,0.17610,0.05364,0.08113
83.300000,4165,0.84881,1.86237,-0.75035,1.63501,0.18045,0.05647,0.08239,0.81149,1.90726,-0.69753,1.62064,0.18093,0.04875,0.07476,0.79987,1.79841,-0.75192,1.64206,0.16938,0.04937,0.08390
83.400000,4170,0.81639,1.87115,-0.71449,1.63501,0.17663,0.05113,0.08353,0.77577,1.91358,-0.66917,1.61892,0.17407,0.04392,0.07711,0.76445,1.80742,-0.72044,1.64034,0.16278,0.04425,0.08678
83.500000,4175,0.78053,1.88450,-0.68474,1.63311,0.16862,0.04769,0.08659,0.73972,1.92847,-0.63502,1.61649,0.16789,0.03781,0.08033,0.72867,1.81667,-0.68883,1.63850,0.15617,0.03888,0.08970
83.600000,4180,0.74314,1.89404,-0.65003,1.63120,0.15832,0.04426,0.09078,0.70266,1.94578,-0.60469,1.61253,0.16212,0.02888,0.08251,0.69228,1.82819,-0.65906,1.63677,0.14978,0.03088,0.09298
83.700000,4185,0.70652,1.90586,-0.61607,1.62929,0.15489,0.03129,0.09536,0.66566,1.95929,-0.57681,1.61064,0.15608,0.01905,0.08649,0.65542,1.84171,-0.63097,1.63514,0.14360,0.02057,0.09656
83.800000,4190,0.66799,1.92074,-0.58594,1.62738,0.15260,0.02175,0.10146,0.62893,1.97400,-0.54847,1.60799,0.14968,0.00783,0.09064,0.61853,1.85572,-0.60337,1.63343,0.13746,0.00971,0.10015
83.900000,4195,0.63137,1.93791,-0.55618,1.62662,0.14611,0.00802,0.10413,0.59151,1.99305,-0.52453,1.60511,0.14426,-0.00624,0.09370,0.58174,1.87240,-0.57867,1.63126,0.13156,-0.00415,0.10379
84.000000,4200,0.59475,1.95316,-0.53062,1.62357,0.13848,-0.00571,0.10871,0.55426,2.01635,-0.49908,1.60158,0.13886,-0.02135,0.09749,0.54504,1.88987,-0.55489,1.62895,0.12573,-0.01889,0.10742
84.100000,4205,0.55736,1.97338,-0.50697,1.62166,0.13124,-0.02097,0.11100,0.51793,2.03501,-0.47820,1.59750,0.13323,-0.03748,0.10022,0.50882,1.90858,-0.53283,1.62629,0.11992,-0.03493,0.11092
84.200000,4210,0.52112,1.99474,-0.48485,1.61861,0.12742,-0.03852,0.11443,0.48247,2.06300,-0.45544,1.59286,0.12793,-0.05618,0.10416,0.47348,1.92951,-0.51385,1.62302,0.11413,-0.05326,0.11415
84.300000,4215,0.48565,2.02030,-0.46806,1.61441,0.12399,-0.05759,0.11787,0.44711,2.08692,-0.43867,1.58858,0.12248,-0.07486,0.10609,0.43870,1.95070,-0.49567,1.61962,0.10836,-0.07184,0.11728
84.400000,4220,0.44864,2.04510,-0.44975,1.61060,0.11941,-0.07629,0.12054,0.41418,2.11011,-0.42412,1.58298,0.11638,-0.09477,0.10878,0.40563,1.97377,-0.48080,1.61542,0.10228,-0.09202,0.11993
84.500000,4225,0.41507,2.07142,-0.43258,1.60831,0.10797,-0.09727,0.12359,0.38358,2.12881,-0.41250,1.58226,0.11102,-0.11267,0.11007,0.37438,1.99682,-0.46733,1.61224,0.09672,-0.11177,0.12123
84.600000,4230,0.39218,2.08744,-0.42038,1.60717,0.10492,-0.11367,0.12473,0.36630,2.13350,-0.40615,1.60523,0.11439,-0.11739,0.09337,0.35547,2.01361,-0.45533,1.62770,0.09931,-0.12098,0.10574
84.700000,4235,0.38112,2.09507,-0.41694,1.62548,0.10568,-0.11863,0.10413,0.35991,2.14759,-0.40122,1.63351,0.12242,-0.12147,0.06372,0.34909,2.02567,-0.44928,1.65804,0.10717,-0.12446,0.07811
84.800000,4240,0.37044,2.10461,-0.41542,1.65943,0.11064,-0.12435,0.07705,0.35518,2.15677,-0.39558,1.66315,0.12884,-0.12417,0.03715,0.34388,2.03747,-0.44361,1.68831,0.11442,-0.12773,0.05067
84.900000,4245,0.36701,2.11491,-0.41122,1.68956,0.11789,-0.12588,0.05035,0.34741,2.16685,-0.38844,1.69267,0.13521,-0.12602,0.01014,0.33674,2.04840,-0.43472,1.71695,0.12101,-0.12991,0.02338
85.000000,4250,0.35900,2.12521,-0.40207,1.71665,0.12857,-0.12702,0.02135,0.33985,2.17286,-0.38029,1.72008,0.14040,-0.12760,-0.01685,0.32894,2.05883,-0.42454,1.74461,0.12696,-0.13175,-0.00369
85.100000,4255,0.35060,2.13475,-0.38871,1.74450,0.13276,-0.12855,-0.00497,0.33158,2.18074,-0.36924,1.74675,0.14548,-0.12882,-0.04306,0.32049,2.06896,-0.41328,1.77145,0.13233,-0.13339,-0.03062
85.200000,4260,0.34603,2.14810,-0.37613,1.77158,0.13581,-0.13046,-0.03396,0.32277,2.19181,-0.35478,1.77253,0.14968,-0.13047,-0.06878,0.31127,2.07896,-0.40093,1.79752,0.13712,-0.13491,-0.05751
85.300000,4265,0.33153,2.16069,-0.35858,1.79790,0.14230,-0.13274,-0.05914,0.31192,2.20294,-0.34341,1.79721,0.15413,-0.13185,-0.09651,0.30121,2.08899,-0.38753,1.82290,0.14137,-0.13640,-0.08441
85.400000,4270,0.31970,2.17022,-0.34408,1.82346,0.15184,-0.13313,-0.08660,0.30194,2.20383,-0.33112,1.82300,0.15608,-0.13284,-0.12203,0.29023,2.09920,-0.37310,1.84762,0.14507,-0.13790,-0.11136
85.500000,4275,0.31322,2.18090,-0.33187,1.85055,0.15489,-0.13351,-0.11483,0.28954,2.21948,-0.31395,1.84592,0.15990,-0.13454,-0.14916,0.27828,2.10976,-0.35770,1.87170,0.14824,-0.13945,-0.13839
85.600000,4280,0.29796,2.19464,-0.31395,1.86962,0.15794,-0.13389,-0.14039,0.27640,2.23088,-0.29882,1.86877,0.16218,-0.13615,-0.17661,0.26533,2.12082,-0.34136,1.89513,0.15085,-0.14108,-0.16551
85.700000,4285,0.28156,2.20608,-0.29640,1.89251,0.15832,-0.13580,-0.17015,0.26377,2.23366,-0.28224,1.89198,0.16276,-0.13727,-0.20202,0.25140,2.13254,-0.32416,1.91791,0.15291,-0.14280,-0.19271
85.800000,4290,0.26782,2.21715,-0.27694,1.91845,0.16061,-0.13770,-0.19418,0.24813,2.24838,-0.26566,1.91343,0.16442,-0.13886,-0.22982,0.23652,2.14505,-0.30618,1.94003,0.15440,-0.14460,-0.22000
85.900000,4295,0.25333,2.23431,-0.25825,1.93905,0.16175,-0.14114,-0.22470,0.23234,2.26021,-0.24811,1.93446,0.16506,-0.14084,-0.25727,0.22073,2.15851,-0.28751,1.96146,0.15531,-0.14643,-0.24735
86.000000,4300,0.23692,2.24728,-0.23994,1.95965,0.16175,-0.14228,-0.25026,0.21525,2.28236,-0.22630,1.95322,0.16603,-0.14264,-0.28472,0.20412,2.17304,-0.26824,1.98220,0.15567,-0.14825,-0.27476
86.100000,4305,0.21709,2.26407,-0.21896,1.98177,0.16137,-0.14266,-0.28001,0.19850,2.29349,-0.20859,1.97330,0.16494,-0.14392,-0.31214,0.18678,2.18877,-0.24847,2.00221,0.15546,-0.14997,-0.30222
86.200000,4310,0.19992,2.28543,-0.19798,2.00085,0.16214,-0.14762,-0.30595,0.18140,2.30081,-0.19114,1.99355,0.16289,-0.14459,-0.33826,0.16884,2.20577,-0.22829,2.02149,0.15473,-0.15151,-0.32971
86.300000,4315,0.18199,2.30107,-0.17623,2.01725,0.16175,-0.14953,-0.33571,0.16226,2.32680,-0.16915,2.00971,0.16251,-0.14603,-0.36654,0.15041,2.22416,-0.20778,2.03997,0.15351,-0.15273,-0.35719
86.400000,4320,0.16483,2.32358,-0.15449,2.03442,0.16175,-0.15067,-0.36241,0.14298,2.34348,-0.15164,2.02655,0.16114,-0.14617,-0.39462,0.13157,2.24404,-0.18692,2.05751,0.15186,-0.15342,-0.38456
86.500000,4325,0.14384,2.34494,-0.13198,2.05197,0.16137,-0.15220,-0.39064,0.12449,2.36700,-0.12836,2.04217,0.15896,-0.14570,-0.42106,0.11255,2.26541,-0.16586,2.07419,0.14985,-0.15344,-0.41183
86.600000,4330,0.12515,2.36935,-0.11100,2.06684,0.16099,-0.15220,-0.41811,0.10566,2.39329,-0.10569,2.05741,0.15663,-0.14505,-0.44792,0.09359,2.28822,-0.14476,2.09012,0.14756,-0.15270,-0.43903
86.700000,4335,0.10341,2.39606,-0.08773,2.08172,0.15870,-0.15182,-0.44595,0.08675,2.41738,-0.08555,2.07138,0.15436,-0.14298,-0.47528,0.07481,2.31244,-0.12370,2.10527,0.14507,-0.15106,-0.46610
86.800000,4340,0.08510,2.42314,-0.06637,2.09584,0.15756,-0.15106,-0.47266,0.06764,2.43808,-0.06524,2.08411,0.15101,-0.14130,-0.50269,0.05508,2.33663,-0.10284,2.11939,0.14214,-0.14957,-0.49352
86.900000,4345,0.06450,2.45099,-0.04233,2.11033,0.15680,-0.14953,-0.49974,0.04789,2.45826,-0.04893,2.09658,0.14793,-0.13807,-0.53097,0.03535,2.36171,-0.08218,2.13261,0.13909,-0.14735,-0.52082
87.000000,4350,0.04580,2.47579,-0.02288,2.12407,0.15489,-0.14838,-0.52721,0.02968,2.49526,-0.02417,2.10760,0.14638,-0.13336,-0.55681,0.01743,2.38951,-0.06162,2.14514,0.13648,-0.14269,-0.54711
87.100000,4355,0.02788,2.50859,-0.00190,2.13475,0.15374,-0.14495,-0.55315,0.01223,2.52395,-0.00530,2.11836,0.14463,-0.12657,-0.58316,0.00023,2.41852,-0.04128,2.15681,0.13414,-0.13665,-0.57282
87.200000,4360,0.00995,2.54254,0.02213,2.14657,0.15298,-0.13694,-0.58100,-0.00374,2.55509,0.01624,2.12764,0.14267,-0.11884,-0.60779,-0.01622,2.44860,-0.02118,2.16758,0.13219,-0.12919,-0.59784
87.300000,4365,-0.00722,2.57726,0.04312,2.15077,0.15107,-0.12969,-0.60503,-0.01938,2.58305,0.03353,2.13709,0.14143,-0.10920,-0.63261,-0.03185,2.47962,-0.00130,2.17743,0.13077,-0.12028,-0.62202
87.400000,4370,-0.02172,2.61083,0.06257,2.15916,0.14993,-0.12168,-0.63097,-0.03412,2.61510,0.05268,2.14371,0.14135,-0.09843,-0.65672,-0.04660,2.51146,0.01836,2.18635,0.13000,-0.10991,-0.64525
87.500000,4375,-0.03812,2.64745,0.08317,2.16793,0.14993,-0.10871,-0.65081,-0.04810,2.65122,0.07341,2.15070,0.14212,-0.08628,-0.67906,-0.06045,2.54400,0.03784,2.19434,0.13001,-0.09809,-0.66740
87.600000,4380,-0.05109,2.68369,0.10492,2.17213,0.14993,-0.09727,-0.67598,-0.06096,2.68186,0.09054,2.15596,0.14335,-0.07250,-0.70101,-0.07337,2.57710,0.05718,2.20137,0.13091,-0.08488,-0.68833
87.700000,4385,-0.06520,2.72069,0.12551,2.17900,0.15031,-0.08353,-0.69773,-0.07220,2.71547,0.11260,2.16127,0.14524,-0.05776,-0.71936,-0.08535,2.61059,0.07641,2.20745,0.13279,-0.07034,-0.70797
87.800000,4390,-0.07817,2.75846,0.14688,2.18205,0.15184,-0.06866,-0.71413,-0.08379,2.74794,0.12846,2.16488,0.14901,-0.04139,-0.73940,-0.09642,2.64435,0.09557,2.21256,0.13572,-0.05459,-0.72621
87.900000,4395,-0.08619,2.79508,0.16710,2.18472,0.15413,-0.05111,-0.73435,-0.09407,2.78022,0.14653,2.16758,0.15362,-0.02432,-0.75665,-0.10657,2.67819,0.11472,2.21670,0.13976,-0.03774,-0.74299
88.000000,4400,-0.09687,2.83094,0.18960,2.18663,0.15641,-0.03547,-0.75228,-0.10357,2.81804,0.16711,2.16862,0.15978,-0.00630,-0.77244,-0.11582,2.71198,0.13391,2.21984,0.14498,-0.01991,-0.75825
88.100000,4405,-0.10907,2.86871,0.20982,2.18930,0.16023,-0.01906,-0.76449,-0.11195,2.85247,0.18740,2.17031,0.16680,0.01271,-0.78609,-0.12423,2.74554,0.15317,2.22200,0.15136,-0.00128,-0.77199
88.200000,4410,-0.11518,2.90533,0.22966,2.18968,0.16557,0.00154,-0.77860,-0.12004,2.88517,0.20431,2.16967,0.17504,0.03207,-0.79996,-0.13184,2.77872,0.17257,2.22317,0.15889,0.01803,-0.78421
88.300000,4415,-0.12052,2.94042,0.24988,2.18930,0.17740,0.02023,-0.79386,-0.12596,2.91799,0.22571,2.16852,0.18435,0.05249,-0.80953,-0.13806,2.81115,0.19233,2.22321,0.16773,0.03835,-0.79419
88.400000,4420,-0.12929,2.97704,0.27086,2.18968,0.18541,0.04312,-0.80263,-0.12962,2.95069,0.24657,2.16529,0.19549,0.07380,-0.81737,-0.14198,2.84254,0.21267,2.22199,0.17828,0.05982,-0.80094
88.500000,4425,-0.13158,3.00985,0.29146,2.18968,0.19647,0.06143,-0.81255,-0.13546,2.97643,0.26359,2.16363,0.20614,0.09541,-0.82542,-0.14747,2.87334,0.23301,2.21999,0.18899,0.08075,-0.80859
88.600000,4430,-0.13692,3.04037,0.31206,2.18930,0.20906,0.08393,-0.81751,-0.14083,3.00458,0.28360,2.15934,0.21828,0.11649,-0.83304,-0.15293,2.90330,0.25356,2.21708,0.20052,0.10164,-0.81552
88.700000,4435,-0.14646,3.07241,0.33494,2.18892,0.21859,0.10606,-0.82400,-0.14572,3.03300,0.30473,2.15392,0.23123,0.13740,-0.83919,-0.15799,2.93224,0.27440,2.21316,0.21303,0.12256,-0.82136
88.800000,4440,-0.14989,3.10217,0.35745,2.18892,0.23538,0.12666,-0.83201,-0.15083,3.06232,0.32569,2.14804,0.24521,0.15815,-0.84475,-0.16273,2.96010,0.29554,2.20827,0.22645,0.14339,-0.82625
88.900000,4445,-0.15142,3.13307,0.37729,2.18663,0.24530,0.14688,-0.83620,-0.15550,3.09402,0.34956,2.14094,0.26040,0.17844,-0.84931,-0.16725,2.98682,0.31697,2.20241,0.24074,0.16404,-0.83034
89.000000,4450,-0.15981,3.16244,0.40208,2.17785,0.26323,0.16710,-0.84231,-0.15985,3.11757,0.37100,2.13419,0.27569,0.19903,-0.85251,-0.17163,3.01235,0.33868,2.19556,0.25586,0.18444,-0.83377
89.100000,4455,-0.16210,3.19067,0.42459,2.17175,0.27963,0.18884,-0.84612,-0.16439,3.13664,0.38884,2.12546,0.29127,0.21937,-0.85635,-0.17597,3.03672,0.36066,2.18775,0.27174,0.20452,-0.83671
89.200000,4460,-0.16668,3.21470,0.44595,2.16069,0.29375,0.21135,-0.85032,-0.16826,3.16336,0.41414,2.11552,0.30833,0.23852,-0.85914,-0.18035,3.05993,0.38292,2.17896,0.28834,0.22426,-0.83931
89.300000,4465,-0.16706,3.23874,0.46808,2.15077,0.31358,0.23042,-0.85375,-0.17253,3.17946,0.43411,2.10569,0.32542,0.25810,-0.86156,-0.18482,3.08202,0.40546,2.16914,0.30568,0.24366,-0.84164
89.400000,4470,-0.17545,3.25361,0.49288,2.13589,0.33151,0.24911,-0.85795,-0.17627,3.18118,0.46221,2.09333,0.34415,0.27710,-0.86092,-0.18874,3.10234,0.42856,2.15756,0.32406,0.26269,-0.84251
89.500000,4475,-0.18155,3.25628,0.51882,2.12407,0.34944,0.26781,-0.85795,-0.18200,3.18118,0.48528,2.07990,0.36451,0.29554,-0.86508,-0.19352,3.12228,0.45183,2.14528,0.34294,0.28148,-0.84436
89.600000,4480,-0.18346,3.25590,0.53980,2.10995,0.37157,0.28840,-0.86176,-0.18789,3.18118,0.50901,2.06719,0.38370,0.31366,-0.86833,-0.19948,3.14231,0.47526,2.13252,0.36226,0.30015,-0.84786
89.700000,4485,-0.19262,3.25590,0.56192,2.09507,0.39331,0.30557,-0.86481,-0.19314,3.18118,0.53520,2.05200,0.40350,0.33206,-0.86976,-0.20553,3.16112,0.49925,2.11778,0.38256,0.31857,-0.85063
89.800000,4490,-0.19987,3.25590,0.58710,2.08172,0.41353,0.32312,-0.86558,-0.19653,3.18118,0.55094,2.03825,0.42152,0.34180,-0.86965,-0.20792,3.17745,0.51922,2.10346,0.40200,0.33276,-0.84999
89.900000,4495,-0.19948,3.25628,0.59816,2.06455,0.42574,0.32960,-0.86214,-0.17864,3.18118,0.55423,2.02348,0.43438,0.33036,-0.84384,-0.18981,3.18118,0.51974,2.09014,0.41589,0.32736,-0.82494
90.000000,4500,-0.18346,3.25590,0.59778,2.04968,0.44481,0.32274,-0.83544,-0.15603,3.18118,0.54712,2.00861,0.44816,0.31933,-0.81359,-0.16576,3.18118,0.51495,2.07665,0.42837,0.31651,-0.79240
90.100000,4505,-0.15714,3.25590,0.59778,2.03594,0.45397,0.31396,-0.80492,-0.13168,3.18118,0.54428,1.99592,0.46033,0.30864,-0.78020,-0.14178,3.18118,0.51018,2.06320,0.44081,0.30569,-0.75996
90.200000,4510,-0.13120,3.25590,0.59473,2.02412,0.46999,0.30443,-0.77250,-0.10830,3.18118,0.53842,1.98304,0.47205,0.29774,-0.74896,-0.11829,3.18098,0.50532,2.05015,0.45283,0.29495,-0.72818
90.300000,4515,-0.10755,3.25590,0.58748,2.01840,0.47609,0.29260,-0.74274,-0.08937,3.18118,0.52158,1.98537,0.46635,0.28188,-0.72785,-0.10197,3.17190,0.49337,2.04775,0.45338,0.28088,-0.70725
90.400000,4520,-0.09305,3.25552,0.56688,2.01840,0.47113,0.27696,-0.72901,-0.08144,3.18118,0.49850,2.00191,0.44830,0.26301,-0.72296,-0.09576,3.15194,0.47199,2.06132,0.43834,0.26218,-0.70336
90.500000,4525,-0.09114,3.25552,0.54094,2.02030,0.46045,0.25827,-0.72481,-0.07643,3.18118,0.47746,2.01500,0.43314,0.24432,-0.72015,-0.09065,3.13079,0.45032,2.07488,0.42304,0.24328,-0.70090
90.600000,4530,-0.08237,3.25552,0.52034,2.03099,0.44138,0.23881,-0.71833,-0.07184,3.18118,0.45547,2.02610,0.41966,0.22575,-0.71819,-0.08568,3.10905,0.42921,2.08669,0.40895,0.22460,-0.69792
90.700000,4535,-0.07741,3.25285,0.49783,2.04205,0.42650,0.22088,-0.71680,-0.06721,3.17292,0.43996,2.03758,0.40643,0.20668,-0.71474,-0.08128,3.08733,0.40851,2.09780,0.39563,0.20602,-0.69565
90.800000,4540,-0.07589,3.23912,0.48067,2.05502,0.41467,0.20143,-0.71337,-0.06524,3.15350,0.41780,2.04958,0.39397,0.18818,-0.71422,-0.07792,3.06607,0.38802,2.10898,0.38262,0.18734,-0.69514
90.900000,4545,-0.07398,3.21852,0.46121,2.06646,0.39980,0.18083,-0.71070,-0.06142,3.13025,0.39892,2.05974,0.38204,0.16945,-0.71068,-0.07410,3.04342,0.36786,2.11825,0.37084,0.16871,-0.69298
91.000000,4550,-0.06597,3.19067,0.43756,2.07562,0.38911,0.16290,-0.70917,-0.05769,3.11509,0.38353,2.06794,0.37158,0.15009,-0.70683,-0.07009,3.01976,0.34792,2.12623,0.36003,0.15008,-0.68992
91.100000,4555,-0.06368,3.16282,0.41658,2.07981,0.37767,0.14459,-0.70536,-0.05387,3.09003,0.36365,2.07557,0.36174,0.13145,-0.70290,-0.06603,2.99529,0.32818,2.13326,0.35006,0.13144,-0.68635
91.200000,4560,-0.06101,3.13726,0.39598,2.09050,0.36623,0.12742,-0.70154,-0.04986,3.06258,0.34325,2.08244,0.35221,0.11271,-0.69790,-0.06186,2.97002,0.30860,2.13936,0.34093,0.11281,-0.68217
91.300000,4565,-0.05681,3.10713,0.37500,2.09889,0.35936,0.10873,-0.69544,-0.04597,3.04207,0.32634,2.08875,0.34400,0.09377,-0.69210,-0.05752,2.94396,0.28921,2.14451,0.33267,0.09427,-0.67724
91.400000,4570,-0.05071,3.07432,0.35173,2.10041,0.34753,0.09004,-0.69086,-0.04170,3.01490,0.30612,2.09388,0.33653,0.07529,-0.68641,-0.05294,2.91715,0.26999,2.14871,0.32529,0.07590,-0.67149
91.500000,4575,-0.04422,3.04685,0.33151,2.10499,0.33990,0.07287,-0.68552,-0.03591,2.97927,0.28603,2.09862,0.32880,0.05782,-0.67812,-0.04806,2.88965,0.25095,2.15197,0.31882,0.05778,-0.66482
91.600000,4580,-0.04232,3.01481,0.31129,2.11453,0.33609,0.05418,-0.67637,-0.03092,2.95505,0.26944,2.10259,0.32323,0.03984,-0.66940,-0.04284,2.86153,0.23209,2.15428,0.31325,0.04003,-0.65714
91.700000,4585,-0.03621,2.98277,0.29069,2.11567,0.33266,0.03778,-0.66874,-0.02654,2.92888,0.24945,2.10462,0.31928,0.02240,-0.66105,-0.03721,2.83288,0.21339,2.15562,0.30861,0.02275,-0.64840
91.800000,4590,-0.02782,2.94958,0.27200,2.11644,0.32426,0.01946,-0.65729,-0.02023,2.90628,0.23614,2.10533,0.31580,0.00538,-0.64947,-0.03113,2.80379,0.19484,2.15601,0.30487,0.00604,-0.63853
91.900000,4595,-0.02477,2.91601,0.25140,2.11644,0.31740,0.00306,-0.64699,-0.01403,2.87980,0.21906,2.10571,0.31305,-0.01072,-0.63767,-0.02455,2.77437,0.17642,2.15545,0.30204,-0.00999,-0.62753
92.000000,4600,-0.01905,2.88663,0.23195,2.11720,0.31435,-0.01105,-0.63364,-0.00714,2.85050,0.20033,2.10538,0.31098,-0.02582,-0.62535,-0.01745,2.74471,0.15812,2.15394,0.30008,-0.02523,-0.61535
92.100000,4605,-0.00836,2.85574,0.20944,2.11720,0.31396,-0.02593,-0.62410,0.00104,2.82160,0.18431,2.10398,0.30929,-0.04024,-0.61068,-0.00978,2.71491,0.13994,2.15141,0.29896,-0.03951,-0.60195
92.200000,4610,-0.00264,2.82522,0.19037,2.11720,0.31320,-0.03738,-0.60884,0.00950,2.78752,0.16445,2.10153,0.30851,-0.05316,-0.59579,-0.00151,2.68507,0.12190,2.14785,0.29864,-0.05267,-0.58732
92.300000,4615,0.00880,2.79241,0.17320,2.11720,0.31167,-0.05225,-0.59282,0.01751,2.75666,0.14375,2.09804,0.30947,-0.06482,-0.58068,0.00736,2.65535,0.10391,2.14332,0.29909,-0.06475,-0.57156
92.400000,4620,0.01758,2.75731,0.15260,2.11720,0.31206,-0.06179,-0.57489,0.02688,2.72992,0.12889,2.09368,0.31078,-0.07588,-0.56218,0.01680,2.62586,0.08594,2.13788,0.30026,-0.07577,-0.55479
92.500000,4625,0.02597,2.72565,0.13581,2.11720,0.31167,-0.07514,-0.55925,0.03617,2.70624,0.11199,2.08764,0.31336,-0.08580,-0.54477,0.02681,2.59671,0.06796,2.13154,0.30210,-0.08568,-0.53704
92.600000,4630,0.03665,2.69437,0.11636,2.11605,0.31320,-0.08277,-0.54018,0.04665,2.68097,0.09606,2.08106,0.31594,-0.09491,-0.52569,0.03738,2.56799,0.04997,2.12429,0.30453,-0.09442,-0.51840
92.700000,4635,0.05000,2.66423,0.09500,2.11262,0.31396,-0.09040,-0.51958,0.05737,2.65580,0.07887,2.07410,0.31911,-0.10256,-0.50598,0.04848,2.53980,0.03195,2.11615,0.30749,-0.10198,-0.49892
92.800000,4640,0.06106,2.63601,0.07669,2.10575,0.31625,-0.09879,-0.50203,0.06904,2.62503,0.05953,2.06699,0.32200,-0.10829,-0.48490,0.06009,2.51222,0.01391,2.10712,0.31088,-0.10836,-0.47869
92.900000,4645,0.07251,2.60968,0.05952,2.09736,0.31930,-0.10375,-0.48181,0.08122,2.59826,0.04225,2.05845,0.32544,-0.11382,-0.46337,0.07216,2.48533,-0.00417,2.09722,0.31462,-0.11357,-0.45779
93.000000,4650,0.08433,2.58145,0.04121,2.08630,0.32236,-0.10757,-0.45854,0.09395,2.56958,0.02414,2.04838,0.32912,-0.11748,-0.44088,0.08467,2.45921,-0.02228,2.08646,0.31864,-0.11762,-0.43629
93.100000,4655,0.09769,2.55284,0.01946,2.07409,0.32770,-0.11100,-0.43832,0.10678,2.54618,0.00751,2.03772,0.33342,-0.12048,-0.41836,0.09756,2.43392,-0.04041,2.07484,0.32285,-0.12055,-0.41425
93.200000,4660,0.11142,2.52538,0.00154,2.05921,0.33533,-0.11367,-0.41544,0.11984,2.52573,-0.00884,2.02618,0.33795,-0.12262,-0.39561,0.11077,2.40953,-0.05854,2.06239,0.32716,-0.12240,-0.39177
93.300000,4665,0.12477,2.49867,-0.01563,2.04663,0.33876,-0.11558,-0.39217,0.13294,2.50283,-0.02782,2.01276,0.34288,-0.12306,-0.37347,0.12424,2.38607,-0.07666,2.04912,0.33151,-0.12326,-0.36890
93.400000,4670,0.13888,2.47579,-0.03547,2.03289,0.34219,-0.11596,-0.36928,0.14613,2.48056,-0.04711,2.00017,0.34707,-0.12296,-0.35046,0.13788,2.36362,-0.09471,2.03502,0.33580,-0.12316,-0.34569
93.500000,4675,0.15262,2.45061,-0.05607,2.01878,0.34486,-0.11558,-0.34524,0.16060,2.46277,-0.05973,1.98537,0.35115,-0.12224,-0.32522,0.15153,2.34225,-0.11260,2.01999,0.33998,-0.12214,-0.32213
93.600000,4680,0.16406,2.43192,-0.07514,2.00276,0.34791,-0.11443,-0.32350,0.17384,2.44291,-0.07897,1.96986,0.35539,-0.12044,-0.30249,0.16511,2.32198,-0.13030,2.00407,0.34397,-0.12033,-0.29828
93.700000,4685,0.18047,2.40750,-0.09154,1.98483,0.35211,-0.11405,-0.29947,0.18697,2.42905,-0.09315,1.95418,0.35954,-0.11838,-0.27755,0.17853,2.30278,-0.14782,1.98736,0.34771,-0.11788,-0.27422
93.800000,4690,0.19534,2.39377,-0.10986,1.96575,0.35707,-0.11138,-0.27582,0.19943,2.41155,-0.11292,1.93619,0.36365,-0.11526,-0.25507,0.19169,2.28466,-0.16511,1.96985,0.35116,-0.11488,-0.24997
93.900000,4695,0.20717,2.37393,-0.12550,1.94782,0.36394,-0.10909,-0.25140,0.21293,2.39157,-0.12957,1.91843,0.36630,-0.11146,-0.23008,0.20449,2.26758,-0.18211,1.95158,0.35427,-0.11143,-0.22556
94.000000,4700,0.21785,2.35753,-0.14571,1.93142,0.36470,-0.10375,-0.22622,0.22520,2.37431,-0.14727,1.89954,0.36901,-0.10791,-0.20610,0.21684,2.25152,-0.19876,1.93255,0.35700,-0.10763,-0.20100
94.100000,4705,0.23349,2.33884,-0.16021,1.90815,0.36737,-0.10337,-0.20295,0.23610,2.36743,-0.16022,1.88075,0.37226,-0.10419,-0.18111,0.22863,2.23643,-0.21501,1.91277,0.35933,-0.10354,-0.17631
94.200000,4710,0.24494,2.32396,-0.17356,1.88602,0.36813,-0.09879,-0.17816,0.24824,2.35283,-0.17342,1.85943,0.37382,-0.10005,-0.15540,0.23979,2.22225,-0.23080,1.89227,0.36122,-0.09924,-0.15148
94.300000,4715,0.25562,2.31557,-0.19264,1.86810,0.36966,-0.09574,-0.15298,0.25775,2.34130,-0.19079,1.83865,0.37578,-0.09566,-0.13192,0.25023,2.20893,-0.24604,1.87103,0.36267,-0.09480,-0.12653
94.400000,4720,0.26172,2.30183,-0.20751,1.84368,0.37080,-0.09002,-0.12666,0.26819,2.33089,-0.20189,1.81632,0.37674,-0.09134,-0.10616,0.25988,2.19637,-0.26070,1.84908,0.36366,-0.09027,-0.10146
94.500000,4725,0.27355,2.28886,-0.22163,1.81965,0.37118,-0.08620,-0.10339,0.27816,2.31187,-0.22087,1.79641,0.37659,-0.08667,-0.08156,0.26967,2.18460,-0.27557,1.82725,0.36417,-0.08584,-0.07650
94.600000,4730,0.28575,2.27513,-0.23574,1.80019,0.37118,-0.08086,-0.07745,0.28842,2.30415,-0.23429,1.77359,0.37773,-0.08239,-0.05721,0.28005,2.17360,-0.29106,1.80595,0.36423,-0.08162,-0.05175
94.700000,4735,0.29109,2.27017,-0.25024,1.77692,0.37080,-0.07705,-0.05189,0.29552,2.29613,-0.24520,1.75002,0.37732,-0.07790,-0.03170,0.28716,2.16295,-0.30365,1.78216,0.36382,-0.07707,-0.02652
94.800000,4740,0.30216,2.25567,-0.26054,1.74946,0.37157,-0.07323,-0.02786,0.29846,2.29120,-0.25190,1.72402,0.37722,-0.07339,-0.00639,0.29069,2.15257,-0.31283,1.75623,0.36295,-0.07223,-0.00130
94.900000,4745,0.30368,2.24576,-0.26931,1.72046,0.37080,-0.07018,-0.00154,0.30172,2.28389,-0.26158,1.69719,0.37639,-0.06893,0.01753,0.29427,2.14246,-0.32210,1.73013,0.36159,-0.06747,0.02408
95.000000,4750,0.30521,2.23851,-0.27694,1.69834,0.37042,-0.06408,0.02402,0.30659,2.26978,-0.27168,1.67186,0.37397,-0.06418,0.04363,0.29832,2.13254,-0.33181,1.70397,0.35975,-0.06282,0.04972
95.100000,4755,0.31055,2.22783,-0.28724,1.66820,0.36966,-0.05798,0.04996,0.30910,2.26551,-0.27836,1.64448,0.37266,-0.05988,0.06903,0.30145,2.12266,-0.34056,1.67695,0.35739,-0.05809,0.07559
95.200000,4760,0.31360,2.22058,-0.29525,1.64074,0.36699,-0.05340,0.07552,0.31135,2.25678,-0.28572,1.61604,0.37009,-0.05480,0.09459,0.30363,2.11267,-0.34827,1.64893,0.35449,-0.05322,0.10178
95.300000,4765,0.31856,2.20761,-0.29830,1.61136,0.36661,-0.04920,0.10108,0.31147,2.24913,-0.29008,1.58667,0.36713,-0.04964,0.12100,0.30399,2.10247,-0.35389,1.61951,0.35103,-0.04802,0.12819
95.400000,4770,0.31856,2.20150,-0.30784,1.58046,0.36317,-0.04310,0.12740,0.30977,2.23976,-0.29246,1.55617,0.36329,-0.04348,0.14751,0.30214,2.09225,-0.35672,1.58852,0.34698,-0.04220,0.15481
95.500000,4775,0.31818,2.18892,-0.30860,1.54956,0.36241,-0.03661,0.15182,0.31098,2.23020,-0.29589,1.52967,0.36378,-0.03213,0.17097,0.30302,2.08292,-0.35932,1.56011,0.34531,-0.03408,0.17934
95.600000,4780,0.31856,2.18548,-0.30860,1.52477,0.36394,-0.02135,0.17051,0.30901,2.22473,-0.28231,1.51451,0.38036,-0.00325,0.17841,0.30033,2.08253,-0.34193,1.54224,0.35955,-0.01123,0.18828
95.700000,4785,0.31818,2.18510,-0.30746,1.51294,0.37386,0.00649,0.18005,0.30427,2.22783,-0.25671,1.49903,0.40026,0.02488,0.18173,0.29540,2.08548,-0.31643,1.52738,0.37940,0.01710,0.19197
95.800000,4790,0.31551,2.17823,-0.28839,1.49959,0.39522,0.03358,0.18081,0.29910,2.22832,-0.23331,1.48490,0.42004,0.05396,0.18543,0.29044,2.08845,-0.29079,1.51245,0.39936,0.04557,0.19567
95.900000,4795,0.31246,2.17785,-0.26130,1.48624,0.41658,0.06219,0.18424,0.29444,2.22780,-0.20983,1.47108,0.43900,0.08144,0.18891,0.28552,2.09139,-0.26533,1.49762,0.41917,0.07385,0.19934
96.000000,4800,0.30406,2.17785,-0.23536,1.47060,0.43222,0.08889,0.18691,0.29173,2.22291,-0.18986,1.46728,0.45173,0.10104,0.18684,0.28115,2.09551,-0.24253,1.49024,0.43544,0.09633,0.19771
96.100000,4805,0.30406,2.17747,-0.22239,1.46793,0.44405,0.10453,0.18119,0.29415,2.22061,-0.18397,1.49193,0.45140,0.09801,0.16235,0.28167,2.10312,-0.23220,1.51237,0.43860,0.09695,0.17572
96.200000,4810,0.30483,2.17747,-0.21629,1.48967,0.44557,0.10415,0.15754,0.30019,2.22498,-0.18366,1.52070,0.45013,0.09259,0.13440,0.28754,2.11030,-0.22952,1.54335,0.43767,0.09141,0.14915
96.300000,4815,0.30483,2.17785,-0.21629,1.52400,0.44557,0.10186,0.13122,0.30365,2.23308,-0.17833,1.54919,0.44865,0.08763,0.10844,0.29112,2.11793,-0.22458,1.57289,0.43621,0.08627,0.12298
96.400000,4820,0.30521,2.17823,-0.21552,1.55300,0.44557,0.09843,0.10528,0.30651,2.23852,-0.17302,1.57869,0.44609,0.08278,0.08399,0.29391,2.12558,-0.21897,1.60144,0.43432,0.08143,0.09746
96.500000,4825,0.30750,2.18052,-0.21247,1.58008,0.44519,0.09462,0.07934,0.30916,2.24024,-0.17051,1.60605,0.44313,0.07893,0.05910,0.29649,2.13318,-0.21332,1.62918,0.43202,0.07683,0.07264
96.600000,4830,0.30750,2.18968,-0.20141,1.60755,0.44290,0.09042,0.05378,0.30890,2.24181,-0.16543,1.63210,0.43959,0.07503,0.03425,0.29597,2.14127,-0.20499,1.65544,0.42927,0.07230,0.04791
96.700000,4835,0.31055,2.19769,-0.19187,1.63463,0.44252,0.08279,0.03127,0.30627,2.25792,-0.15244,1.65693,0.43681,0.07048,0.01094,0.29403,2.14971,-0.19552,1.68075,0.42610,0.06792,0.02350
96.800000,4840,0.31055,2.20952,-0.18272,1.65981,0.44023,0.07859,0.00495,0.30359,2.26265,-0.14309,1.68105,0.43280,0.06631,-0.01296,0.29093,2.15853,-0.18519,1.70522,0.42254,0.06369,-0.00059
96.900000,4845,0.30979,2.21943,-0.17051,1.68461,0.43871,0.07592,-0.01641,0.29898,2.27278,-0.13321,1.70329,0.42903,0.06268,-0.03735,0.28674,2.16783,-0.17405,1.72891,0.41859,0.05961,-0.02439
97.000000,4850,0.30940,2.23240,-0.15868,1.70749,0.43451,0.07363,-0.04121,0.29383,2.28152,-0.12133,1.72634,0.42453,0.05894,-0.06043,0.28151,2.17768,-0.16215,1.75184,0.41426,0.05570,-0.04792
97.100000,4855,0.30292,2.24499,-0.14114,1.72962,0.42612,0.06791,-0.06410,0.28747,2.29545,-0.10728,1.74731,0.41974,0.05516,-0.08331,0.27528,2.18815,-0.14954,1.77403,0.40955,0.05198,-0.07119
97.200000,4860,0.29758,2.25873,-0.12893,1.75213,0.42001,0.06219,-0.08737,0.28083,2.29780,-0.09726,1.76911,0.41366,0.05225,-0.10594,0.26813,2.19930,-0.13630,1.79549,0.40448,0.04848,-0.09421
97.300000,4865,0.28880,2.26903,-0.11291,1.77425,0.41696,0.05647,-0.10987,0.27273,2.30936,-0.08365,1.78904,0.40853,0.04956,-0.12846,0.26015,2.21119,-0.12247,1.81622,0.39908,0.04525,-0.11696
97.400000,4870,0.28156,2.28085,-0.09956,1.79676,0.41505,0.05456,-0.13086,0.26316,2.33152,-0.06649,1.80784,0.40356,0.04612,-0.15123,0.25139,2.22387,-0.10812,1.83621,0.39334,0.04232,-0.13945
97.500000,4875,0.27088,2.29687,-0.08353,1.81278,0.40857,0.05151,-0.15603,0.25391,2.34710,-0.05049,1.82605,0.39738,0.04373,-0.17314,0.24195,2.23737,-0.09331,1.85545,0.38730,0.03977,-0.16166
97.600000,4880,0.25981,2.31633,-0.06751,1.83453,0.39941,0.04998,-0.17701,0.24410,2.35067,-0.04085,1.84456,0.39006,0.04264,-0.19531,0.23181,2.25175,-0.07801,1.87381,0.38100,0.03764,-0.18352
97.700000,4885,0.24875,2.33578,-0.05073,1.85093,0.39331,0.04922,-0.19647,0.23172,2.37030,-0.02243,1.85957,0.38397,0.04102,-0.21554,0.21977,2.26739,-0.06137,1.88980,0.37459,0.03613,-0.20431
97.800000,4890,0.23616,2.35104,-0.03089,1.86199,0.38950,0.04731,-0.21783,0.21964,2.39025,-0.00345,1.87402,0.37784,0.04009,-0.23578,0.20760,2.28391,-0.04461,1.90522,0.36797,0.03521,-0.22485
97.900000,4895,0.22624,2.37164,-0.01411,1.88030,0.38530,0.04502,-0.23729,0.20846,2.40171,0.00813,1.88947,0.37108,0.04053,-0.25787,0.19665,2.30097,-0.02865,1.92149,0.36106,0.03481,-0.24583
98.000000,4900,0.21442,2.39034,0.00611,1.89747,0.37424,0.04502,-0.25865,0.19760,2.42372,0.02638,1.90295,0.36450,0.04072,-0.27902,0.18558,2.31885,-0.01256,1.93706,0.35404,0.03509,-0.26650
98.100000,4905,0.20145,2.41246,0.02366,1.91158,0.36699,0.04464,-0.28116,0.18640,2.44256,0.04253,1.91777,0.35705,0.04208,-0.29868,0.17437,2.33757,0.00372,1.95181,0.34696,0.03611,-0.28677
98.200000,4910,0.18962,2.43382,0.04006,1.92646,0.36356,0.04540,-0.29794,0.17521,2.46129,0.05952,1.93187,0.34984,0.04427,-0.31746,0.16310,2.35709,0.02014,1.96573,0.33987,0.03794,-0.30662
98.300000,4915,0.17894,2.45709,0.05609,1.93791,0.35783,0.04579,-0.31892,0.16346,2.47815,0.07183,1.94303,0.34353,0.04751,-0.33889,0.15182,2.37741,0.03669,1.97882,0.33283,0.04062,-0.32603
98.400000,4920,0.16559,2.48036,0.07478,1.94859,0.34753,0.04693,-0.34105,0.15269,2.49836,0.08936,1.95450,0.33649,0.05161,-0.35713,0.14060,2.39848,0.05336,1.99107,0.32590,0.04420,-0.34495
98.500000,4925,0.15414,2.50669,0.09347,1.96308,0.34067,0.05113,-0.35707,0.14138,2.52459,0.10741,1.96429,0.33025,0.05622,-0.37592,0.12950,2.42026,0.07013,2.00247,0.31913,0.04872,-0.36336
98.600000,4930,0.14308,2.53034,0.11293,1.97529,0.33647,0.05380,-0.37347,0.13021,2.54571,0.12232,1.97385,0.32420,0.06213,-0.39472,0.11857,2.44270,0.08698,2.01301,0.31259,0.05419,-0.38121
98.700000,4935,0.13278,2.55323,0.12857,1.98483,0.33266,0.05799,-0.39445,0.11959,2.57337,0.14284,1.98252,0.31839,0.06859,-0.41094,0.10785,2.46577,0.10392,2.02269,0.30634,0.06066,-0.39845
98.800000,4940,0.12096,2.58184,0.14802,1.98750,0.32503,0.06295,-0.41010,0.10875,2.59233,0.15534,1.99116,0.31257,0.07685,-0.42869,0.09739,2.48940,0.12093,2.03149,0.30044,0.06811,-0.41504
98.900000,4945,0.11294,2.60930,0.16862,1.99932,0.31625,0.07249,-0.42612,0.09860,2.61962,0.17325,1.99619,0.30803,0.08551,-0.44585,0.08720,2.51351,0.13801,2.03942,0.29494,0.07655,-0.43094
99.000000,4950,0.09883,2.63601,0.18693,2.00237,0.31244,0.08088,-0.44367,0.08883,2.64640,0.19200,2.00268,0.30322,0.09487,-0.46073,0.07732,2.53806,0.15515,2.04646,0.28990,0.08596,-0.44610
99.100000,4955,0.09006,2.66423,0.20410,2.00886,0.31015,0.08927,-0.45854,0.08000,2.66656,0.20914,2.00774,0.29860,0.10601,-0.47427,0.06778,2.56297,0.17237,2.05259,0.28539,0.09633,-0.46047
99.200000,4960,0.08205,2.69323,0.22584,2.01534,0.30710,0.10148,-0.47189,0.06963,2.69378,0.22324,2.01155,0.29589,0.11749,-0.49020,0.05857,2.58816,0.18965,2.05783,0.28144,0.10760,-0.47402
99.300000,4965,0.07136,2.71955,0.24415,2.01725,0.30252,0.11102,-0.48525,0.06159,2.72061,0.24475,2.01521,0.29248,0.12958,-0.50131,0.04970,2.61357,0.20701,2.06216,0.27811,0.11973,-0.48673
99.400000,4970,0.06068,2.74854,0.26285,2.02030,0.29909,0.12399,-0.49936,0.05305,2.74458,0.26060,2.01713,0.29059,0.14311,-0.51432,0.04119,2.63913,0.22445,2.06557,0.27544,0.13269,-0.49856
99.500000,4975,0.05153,2.77753,0.28078,2.02107,0.29260,0.13658,-0.51157,0.04446,2.76899,0.27611,2.01886,0.28912,0.15738,-0.52606,0.03301,2.66474,0.24197,2.06808,0.27345,0.14639,-0.50952
99.600000,4980,0.04848,2.80424,0.29756,2.02183,0.29108,0.15031,-0.52301,0.03624,2.79801,0.29402,2.01877,0.28852,0.17131,-0.53709,0.02517,2.69035,0.25958,2.06967,0.27218,0.16078,-0.51960
99.700000,4985,0.03741,2.83399,0.31930,2.02297,0.29031,0.16519,-0.53217,0.02889,2.82118,0.31146,2.01843,0.28831,0.18688,-0.54621,0.01763,2.71589,0.27729,2.07033,0.27166,0.17579,-0.52879
99.800000,4990,0.02749,2.86413,0.33914,2.02374,0.28879,0.18121,-0.53980,0.02121,2.84888,0.32834,2.01673,0.28933,0.20240,-0.55598,0.01039,2.74127,0.29510,2.07009,0.27189,0.19133,-0.53713
99.900000,4995,0.02025,2.89274,0.35554,2.02412,0.28917,0.19532,-0.55048,0.01461,2.87394,0.34756,2.01445,0.29084,0.21851,-0.56349,0.00341,2.76645,0.31301,2.06893,0.27290,0.20735,-0.54465
100.000000,5000,0.01567,2.91944,0.37538,2.02412,0.29108,0.21135,-0.55811,0.00708,2.90015,0.36395,2.01151,0.29352,0.23533,-0.57143,-0.00333,2.79137,0.33102,2.06684,0.27469,0.22376,-0.55136
100.100000,5005,0.00689,2.94614,0.39560,2.02412,0.29184,0.22699,-0.56650,0.00123,2.92827,0.38644,2.00700,0.29637,0.25191,-0.57650,-0.00987,2.81596,0.34914,2.06385,0.27726,0.24049,-0.55733
100.200000,5010,0.00003,2.97552,0.41429,2.02412,0.29451,0.24492,-0.57375,-0.00511,2.94803,0.40155,2.00212,0.29980,0.26903,-0.58287,-0.01623,2.84019,0.36736,2.05994,0.28060,0.25748,-0.56261
100.300000,5015,-0.00112,3.00070,0.43260,2.02374,0.29718,0.26208,-0.58023,-0.01159,2.96919,0.41729,1.99662,0.30433,0.28662,-0.58864,-0.02246,2.86401,0.38566,2.05513,0.28470,0.27466,-0.56725
100.400000,5020,-0.01218,3.02397,0.45320,2.02297,0.30748,0.27925,-0.58290,-0.01747,2.98725,0.43401,1.99050,0.30919,0.30429,-0.59266,-0.02860,2.88741,0.40406,2.04942,0.28955,0.29198,-0.57133
100.500000,5025,-0.01981,3.05105,0.47304,2.02069,0.31320,0.29718,-0.58596,-0.02408,3.01617,0.45446,1.98308,0.31561,0.32133,-0.59644,-0.03467,2.91037,0.42254,2.04279,0.29515,0.30940,-0.57492
100.600000,5030,-0.02706,3.07585,0.49326,2.01000,0.31587,0.31511,-0.58901,-0.03001,3.04289,0.47610,1.97411,0.32277,0.33857,-0.59967,-0.04073,2.93293,0.44113,2.03525,0.30147,0.32689,-0.57808
100.700000,5035,-0.03125,3.09874,0.51004,2.00390,0.32236,0.33189,-0.59397,-0.03667,3.06698,0.49401,1.96395,0.33080,0.35613,-0.60326,-0.04678,2.95498,0.45985,2.02641,0.30863,0.34444,-0.58054
100.800000,5040,-0.03621,3.12696,0.52912,1.98826,0.33418,0.34944,-0.59626,-0.04148,3.08328,0.51245,1.95283,0.33837,0.37408,-0.60444,-0.05280,2.97634,0.47875,2.01560,0.31685,0.36199,-0.58179
100.900000,5045,-0.04346,3.14909,0.55124,1.97224,0.34143,0.36813,-0.60083,-0.04776,3.10598,0.53139,1.94140,0.34715,0.39227,-0.60747,-0.05923,2.99813,0.49795,2.00484,0.32541,0.37988,-0.58405
101.000000,5050,-0.05033,3.17160,0.56841,1.96385,0.34868,0.38683,-0.60312,-0.05512,3.12709,0.54901,1.92898,0.35740,0.41063,-0.61153,-0.06603,3.02031,0.51761,1.99357,0.33461,0.39822,-0.58693
101.100000,5055,-0.05605,3.19563,0.58977,1.95088,0.36203,0.40361,-0.60617,-0.06205,3.14701,0.56876,1.91603,0.36753,0.42997,-0.61315,-0.07309,3.04251,0.53783,1.98046,0.34489,0.41697,-0.58933
101.200000,5060,-0.06673,3.21966,0.61037,1.93600,0.37080,0.42307,-0.60732,-0.06874,3.15743,0.58635,1.90259,0.37818,0.44915,-0.61680,-0.08056,3.06228,0.55874,1.96607,0.35605,0.43607,-0.59187
101.300000,5065,-0.07131,3.22729,0.63097,1.92684,0.37958,0.44290,-0.61037,-0.07583,3.13277,0.60702,1.89366,0.38632,0.46595,-0.61962,-0.08892,3.05500,0.58094,1.95307,0.36658,0.45412,-0.59648
101.400000,5070,-0.07970,3.20822,0.65004,1.91425,0.39369,0.45892,-0.61266,-0.08532,3.11057,0.63266,1.88144,0.39667,0.48289,-0.62383,-0.09810,3.02812,0.60450,1.93946,0.37691,0.47140,-0.60134
101.500000,5075,-0.08809,3.18037,0.67217,1.89976,0.39903,0.47800,-0.62220,-0.09490,3.08374,0.65801,1.86845,0.40691,0.50050,-0.62899,-0.10807,3.00109,0.62923,1.92519,0.38732,0.48915,-0.60685
101.600000,5080,-0.10030,3.15100,0.69697,1.88450,0.41238,0.49745,-0.62830,-0.10507,3.05733,0.68399,1.85482,0.41635,0.51800,-0.63435,-0.11865,2.97492,0.65476,1.91047,0.39763,0.50712,-0.61293
101.700000,5085,-0.11174,3.12162,0.71947,1.87305,0.42307,0.51500,-0.63288,-0.11607,3.02915,0.70788,1.84187,0.42595,0.53559,-0.64079,-0.12967,2.95008,0.68067,1.89555,0.40765,0.52499,-0.61944
101.800000,5090,-0.12128,3.09187,0.74160,1.86123,0.43184,0.53369,-0.63784,-0.12723,3.00812,0.73458,1.82807,0.43481,0.55209,-0.64680,-0.14089,2.92695,0.70648,1.88067,0.41722,0.54244,-0.62623
101.900000,5095,-0.13311,3.06478,0.76563,1.84521,0.44367,0.55124,-0.64470,-0.13535,2.97194,0.75210,1.81972,0.43834,0.56184,-0.65264,-0.15040,2.90359,0.72756,1.86941,0.42421,0.55577,-0.63214
102.000000,5100,-0.13616,3.02816,0.77707,1.84330,0.44557,0.55506,-0.65195,-0.13584,2.94014,0.75207,1.82963,0.43150,0.55230,-0.65445,-0.15129,2.87261,0.72702,1.87621,0.42049,0.55151,-0.63417
102.100000,5105,-0.13883,2.98620,0.77631,1.84368,0.44290,0.55048,-0.65195,-0.13374,2.90286,0.74068,1.84460,0.42386,0.54175,-0.65550,-0.14881,2.83998,0.71841,1.88986,0.41299,0.54098,-0.63511
102.200000,5110,-0.13845,2.94843,0.76639,1.84788,0.43832,0.54437,-0.65271,-0.13145,2.87091,0.73304,1.85645,0.41723,0.53122,-0.65538,-0.14647,2.80789,0.71034,1.90138,0.40645,0.53090,-0.63523
102.300000,5115,-0.13883,2.91067,0.75686,1.85780,0.43108,0.53560,-0.65233,-0.12919,2.84531,0.72850,1.86701,0.41144,0.52116,-0.65429,-0.14421,2.77650,0.70273,1.91148,0.40065,0.52125,-0.63492
102.400000,5120,-0.13845,2.87443,0.74923,1.86848,0.42001,0.52454,-0.65233,-0.12693,2.81157,0.71937,1.87788,0.40573,0.51223,-0.65377,-0.14186,2.74586,0.69531,1.92107,0.39530,0.51197,-0.63460
102.500000,5125,-0.13807,2.83895,0.73855,1.88107,0.41582,0.51576,-0.65233,-0.12448,2.78153,0.71236,1.88949,0.40004,0.50322,-0.65278,-0.13928,2.71603,0.68782,1.93107,0.39008,0.50298,-0.63475
102.600000,5130,-0.13578,2.80462,0.73130,1.89175,0.41505,0.50813,-0.65195,-0.12197,2.74718,0.70383,1.89907,0.39477,0.49436,-0.65144,-0.13687,2.68579,0.68076,1.93930,0.38560,0.49419,-0.63403
102.700000,5135,-0.13006,2.76876,0.72138,1.90090,0.40743,0.49822,-0.65195,-0.11995,2.71701,0.69788,1.90713,0.39118,0.48564,-0.64927,-0.13457,2.65513,0.67411,1.94592,0.38185,0.48558,-0.63250
102.800000,5140,-0.13006,2.73595,0.71222,1.90586,0.39941,0.49135,-0.65157,-0.11751,2.68309,0.69035,1.91427,0.38725,0.47740,-0.64657,-0.13222,2.62430,0.66770,1.95166,0.37863,0.47721,-0.63053
102.900000,5145,-0.12700,2.69933,0.70459,1.91578,0.39407,0.48296,-0.65119,-0.11517,2.65572,0.68652,1.92021,0.38439,0.46876,-0.64314,-0.12982,2.59331,0.66153,1.95653,0.37594,0.46908,-0.62810
103.000000,5150,-0.12700,2.66309,0.69735,1.91845,0.39293,0.47418,-0.64966,-0.11275,2.62154,0.67999,1.92642,0.38178,0.46091,-0.63926,-0.12735,2.56218,0.65563,1.96051,0.37381,0.46124,-0.62520
103.100000,5155,-0.12433,2.62571,0.69048,1.92226,0.39255,0.46732,-0.64661,-0.11057,2.59595,0.67630,1.92999,0.38038,0.45312,-0.63534,-0.12479,2.53096,0.64999,1.96363,0.37224,0.45371,-0.62183
103.200000,5160,-0.11937,2.59214,0.68056,1.92875,0.39064,0.45969,-0.64051,-0.10816,2.56045,0.66798,1.93357,0.37912,0.44606,-0.63200,-0.12216,2.49967,0.64464,1.96588,0.37124,0.44655,-0.61798
103.300000,5165,-0.11441,2.55666,0.67408,1.92951,0.38950,0.45129,-0.63631,-0.10542,2.52951,0.66352,1.93676,0.37820,0.43926,-0.62663,-0.11942,2.46837,0.63958,1.96724,0.37082,0.43978,-0.61363
103.400000,5170,-0.11365,2.52118,0.67179,1.93104,0.38950,0.44634,-0.63173,-0.10210,2.49247,0.65798,1.93896,0.37742,0.43324,-0.62051,-0.11659,2.43711,0.63482,1.96772,0.37097,0.43345,-0.60881
103.500000,5175,-0.11060,2.48609,0.66530,1.93142,0.38873,0.44176,-0.62754,-0.09925,2.46165,0.65397,1.93967,0.37806,0.42719,-0.61462,-0.11365,2.40594,0.63036,1.96733,0.37170,0.42760,-0.60352
103.600000,5180,-0.10869,2.45023,0.65958,1.93218,0.38911,0.43680,-0.62448,-0.09625,2.43145,0.65052,1.93968,0.37917,0.42184,-0.60816,-0.11062,2.37491,0.62623,1.96606,0.37300,0.42225,-0.59776
103.700000,5185,-0.10755,2.41551,0.65691,1.93218,0.38911,0.42955,-0.61647,-0.09316,2.40752,0.65019,1.93842,0.38102,0.41650,-0.60099,-0.10748,2.34409,0.62241,1.96390,0.37487,0.41746,-0.59155
103.800000,5190,-0.10183,2.38118,0.64775,1.93218,0.38911,0.42345,-0.60732,-0.09027,2.37549,0.64499,1.93647,0.38353,0.41254,-0.59450,-0.10424,2.31353,0.61893,1.96086,0.37730,0.41324,-0.58491
103.900000,5195,-0.09687,2.35104,0.64508,1.93218,0.39026,0.42040,-0.60083,-0.08628,2.33396,0.63823,1.93454,0.38527,0.40958,-0.58669,-0.10091,2.28329,0.61577,1.95696,0.38027,0.40962,-0.57786
104.000000,5200,-0.09649,2.31900,0.64241,1.93218,0.39064,0.41849,-0.59587,-0.08283,2.30591,0.63686,1.93097,0.38867,0.40624,-0.57869,-0.09750,2.25342,0.61294,1.95218,0.38375,0.40663,-0.57043
104.100000,5205,-0.09191,2.28428,0.63898,1.93218,0.39331,0.41620,-0.58596,-0.08034,2.28587,0.63599,1.92585,0.39329,0.40345,-0.57108,-0.09401,2.22397,0.61045,1.94652,0.38774,0.40429,-0.56263
104.200000,5210,-0.08847,2.25606,0.63364,1.93180,0.39369,0.41353,-0.57794,-0.07623,2.25780,0.63600,1.92047,0.39725,0.40158,-0.56184,-0.09046,2.19500,0.60831,1.93999,0.39222,0.40263,-0.55448
104.300000,5215,-0.08161,2.22287,0.63059,1.93066,0.39560,0.41124,-0.57184,-0.07313,2.22480,0.63067,1.91456,0.40220,0.40112,-0.55374,-0.08686,2.16656,0.60649,1.93259,0.39714,0.40163,-0.54602
104.400000,5220,-0.07779,2.19082,0.62754,1.92493,0.39827,0.41162,-0.56078,-0.06927,2.19906,0.63116,1.90737,0.40729,0.40070,-0.54391,-0.08324,2.13869,0.60502,1.92432,0.40250,0.40131,-0.53727
104.500000,5225,-0.07474,2.16374,0.62754,1.91616,0.40361,0.41162,-0.55124,-0.06530,2.16891,0.62971,1.90054,0.41233,0.40127,-0.53382,-0.07956,2.11141,0.60387,1.91526,0.40824,0.40169,-0.52828
104.600000,5230,-0.07207,2.13284,0.62716,1.90548,0.41277,0.41086,-0.54476,-0.06130,2.14199,0.62699,1.89284,0.41819,0.40241,-0.52612,-0.07531,2.08432,0.60277,1.90654,0.41412,0.40293,-0.51975
104.700000,5235,-0.06368,2.10003,0.62258,1.89747,0.41887,0.41162,-0.53331,-0.05654,2.11713,0.62806,1.88548,0.42430,0.40425,-0.51684,-0.07058,2.05755,0.60179,1.89798,0.42016,0.40501,-0.51160
104.800000,5240,-0.06292,2.07218,0.62105,1.88641,0.42116,0.41200,-0.52378,-0.05234,2.09741,0.63104,1.87485,0.43106,0.40686,-0.50690,-0.06657,2.03215,0.60149,1.88717,0.42676,0.40758,-0.50246
104.900000,5245,-0.06025,2.05006,0.62105,1.87534,0.42497,0.41582,-0.51653,-0.04814,2.06128,0.62646,1.86491,0.43671,0.41055,-0.49692,-0.06295,2.00786,0.60167,1.87490,0.43372,0.41069,-0.49277
105.000000,5250,-0.05529,2.02107,0.62105,1.86428,0.43527,0.41925,-0.50775,-0.04478,2.03911,0.62766,1.85284,0.44352,0.41421,-0.48601,-0.05944,1.98449,0.60217,1.86180,0.44090,0.41441,-0.48291
105.100000,5255,-0.05109,1.99703,0.62067,1.84902,0.44519,0.42230,-0.49669,-0.04188,2.02339,0.62960,1.83921,0.45182,0.41814,-0.47699,-0.05608,1.96208,0.60296,1.84791,0.44826,0.41868,-0.47289
105.200000,5260,-0.04422,1.97529,0.62067,1.83338,0.44824,0.42535,-0.48830,-0.03880,2.00532,0.63118,1.82500,0.45942,0.42274,-0.46707,-0.05288,1.94066,0.60403,1.83322,0.45578,0.42349,-0.46271
105.300000,5265,-0.04422,1.95316,0.62067,1.81660,0.45397,0.42879,-0.47418,-0.03501,1.97964,0.63252,1.81071,0.46640,0.42839,-0.45553,-0.04988,1.92025,0.60536,1.81774,0.46342,0.42879,-0.45237
105.400000,5270,-0.04193,1.93218,0.62067,1.80210,0.46655,0.43565,-0.46694,-0.03201,1.95504,0.63225,1.79609,0.47311,0.43436,-0.44401,-0.04709,1.90090,0.60692,1.80147,0.47117,0.43453,-0.44185
105.500000,5275,-0.04117,1.91235,0.62067,1.78379,0.47266,0.44214,-0.45549,-0.02941,1.94196,0.63606,1.77926,0.48153,0.44016,-0.43369,-0.04454,1.88263,0.60869,1.78443,0.47901,0.44069,-0.43114
105.600000,5280,-0.03278,1.89098,0.62067,1.76739,0.47609,0.44710,-0.44443,-0.02815,1.93135,0.63751,1.76097,0.49075,0.44637,-0.42450,-0.04225,1.86545,0.61064,1.76661,0.48693,0.44721,-0.42023
105.700000,5285,-0.02935,1.87496,0.62105,1.74602,0.48448,0.45206,-0.43718,-0.02497,1.90546,0.63789,1.74396,0.49724,0.45378,-0.41203,-0.04025,1.84940,0.61273,1.74802,0.49491,0.45405,-0.40910
105.800000,5290,-0.02782,1.85780,0.62105,1.72771,0.49593,0.45931,-0.42116,-0.02305,1.89295,0.64181,1.72480,0.50534,0.46071,-0.40016,-0.03854,1.83448,0.61493,1.72866,0.50294,0.46118,-0.39772
105.900000,5295,-0.02782,1.84254,0.62105,1.70788,0.50127,0.46770,-0.41124,-0.02152,1.87819,0.64373,1.70575,0.51308,0.46799,-0.38811,-0.03715,1.82072,0.61720,1.70852,0.51104,0.46855,-0.38608
106.000000,5300,-0.02744,1.83224,0.62105,1.68461,0.50699,0.47418,-0.39941,-0.02041,1.87106,0.64801,1.68496,0.52135,0.47541,-0.37625,-0.03610,1.80813,0.61950,1.68762,0.51919,0.47613,-0.37414
106.100000,5305,-0.02782,1.82003,0.62105,1.66286,0.51882,0.48258,-0.38911,-0.01959,1.86107,0.65077,1.66353,0.52955,0.48300,-0.36395,-0.03540,1.79672,0.62178,1.66593,0.52741,0.48388,-0.36189
106.200000,5310,-0.02553,1.80630,0.62181,1.63997,0.52606,0.49059,-0.37729,-0.01935,1.84932,0.65220,1.64169,0.53822,0.49096,-0.35144,-0.03506,1.78649,0.62401,1.64346,0.53571,0.49178,-0.34928
106.300000,5315,-0.02477,1.79752,0.62220,1.61632,0.52950,0.49745,-0.36317,-0.01946,1.84642,0.65588,1.61730,0.54730,0.49867,-0.33938,-0.03510,1.77744,0.62612,1.62018,0.54411,0.49980,-0.33628
106.400000,5320,-0.02553,1.79218,0.62220,1.59305,0.54247,0.50585,-0.35097,-0.01947,1.83052,0.65477,1.59479,0.55457,0.50728,-0.32518,-0.03554,1.76958,0.62809,1.59605,0.55264,0.50793,-0.32286
106.500000,5325,-0.02515,1.78722,0.62410,1.56673,0.55124,0.51195,-0.33571,-0.02055,1.83250,0.65910,1.56854,0.56439,0.51495,-0.31230,-0.03641,1.76294,0.62985,1.57104,0.56132,0.51612,-0.30894
106.600000,5330,-0.02553,1.77807,0.62716,1.54117,0.55620,0.52225,-0.32426,-0.02288,1.83292,0.66222,1.54282,0.57371,0.52232,-0.29697,-0.03829,1.75841,0.63124,1.54504,0.57019,0.52374,-0.29420
106.700000,5335,-0.02553,1.77387,0.62868,1.51065,0.56688,0.52721,-0.30977,-0.02535,1.82773,0.66212,1.51593,0.58228,0.52953,-0.28137,-0.04119,1.75591,0.63221,1.51798,0.57932,0.53081,-0.27860
106.800000,5340,-0.02629,1.77349,0.62868,1.48548,0.57718,0.53598,-0.29069,-0.02743,1.82694,0.66356,1.48713,0.59272,0.53814,-0.26666,-0.04344,1.75276,0.63306,1.48986,0.58881,0.53935,-0.26281
106.900000,5345,-0.02744,1.77349,0.62868,1.45648,0.58329,0.54628,-0.27810,-0.02991,1.82794,0.66586,1.45734,0.60279,0.54683,-0.24969,-0.04608,1.75064,0.63353,1.46047,0.59871,0.54824,-0.24628
107.000000,5350,-0.02858,1.77311,0.62868,1.42329,0.59664,0.55315,-0.26056,-0.03370,1.83079,0.66562,1.42626,0.61379,0.55560,-0.23305,-0.04968,1.75044,0.63345,1.42971,0.60905,0.55688,-0.22870
107.100000,5355,-0.03125,1.77349,0.63478,1.39278,0.60617,0.56040,-0.24148,-0.03709,1.83751,0.66671,1.39375,0.62579,0.56716,-0.21766,-0.05287,1.75126,0.63411,1.39833,0.61985,0.56739,-0.21206
107.200000,5360,-0.03392,1.77463,0.63784,1.36035,0.61762,0.57413,-0.23080,-0.04451,1.86441,0.67806,1.36523,0.63795,0.57790,-0.20829,-0.06059,1.76822,0.64164,1.37103,0.63135,0.57753,-0.20271
107.300000,5365,-0.04575,1.78570,0.65119,1.33212,0.63021,0.58367,-0.22317,-0.05507,1.89178,0.68780,1.33782,0.65083,0.58765,-0.20490,-0.07101,1.79410,0.65298,1.34577,0.64332,0.58726,-0.19714
107.400000,5370,-0.05147,1.81507,0.65462,1.31000,0.63936,0.59397,-0.21669,-0.06508,1.90976,0.69470,1.31192,0.66227,0.59839,-0.20010,-0.08155,1.82032,0.66447,1.32030,0.65541,0.59706,-0.19155
107.500000,5375,-0.06597,1.84177,0.67446,1.28482,0.65577,0.60503,-0.21135,-0.07476,1.92732,0.70317,1.28846,0.67310,0.60791,-0.19461,-0.09194,1.84623,0.67581,1.29529,0.66731,0.60671,-0.18611
107.600000,5380,-0.07016,1.86275,0.68514,1.26613,0.66340,0.61075,-0.20868,-0.07811,1.92284,0.70391,1.28968,0.67302,0.60821,-0.19763,-0.09737,1.86398,0.68368,1.28918,0.67176,0.60964,-0.18810
107.700000,5385,-0.07016,1.86390,0.69048,1.27070,0.66225,0.60961,-0.21211,-0.07311,1.92373,0.70579,1.31788,0.66244,0.59798,-0.21447,-0.09367,1.86702,0.68521,1.31689,0.66291,0.60100,-0.20351
107.800000,5390,-0.06978,1.86237,0.69048,1.29970,0.65462,0.60617,-0.22622,-0.06765,1.92332,0.70509,1.34667,0.65268,0.58967,-0.23241,-0.08803,1.86686,0.68550,1.34795,0.65262,0.59242,-0.22032
107.900000,5395,-0.06902,1.86275,0.69048,1.33441,0.65081,0.59931,-0.23958,-0.06337,1.92491,0.70504,1.37596,0.64274,0.58120,-0.24807,-0.08345,1.86840,0.68556,1.37764,0.64275,0.58386,-0.23629
108.000000,5400,-0.06826,1.86275,0.69048,1.36264,0.64318,0.59168,-0.25598,-0.05955,1.92562,0.70441,1.40502,0.63278,0.57327,-0.26256,-0.07946,1.87088,0.68541,1.40604,0.63328,0.57573,-0.25158
108.100000,5405,-0.06330,1.86504,0.69048,1.38972,0.62868,0.58214,-0.27009,-0.05522,1.92591,0.70352,1.43170,0.62382,0.56675,-0.27752,-0.07510,1.87285,0.68507,1.43331,0.62418,0.56884,-0.26648
108.200000,5410,-0.06101,1.86504,0.69048,1.41834,0.62410,0.57604,-0.28535,-0.05252,1.93430,0.70464,1.45718,0.61551,0.55941,-0.29131,-0.07171,1.87649,0.68458,1.45948,0.61537,0.56179,-0.28071
108.300000,5415,-0.06025,1.87344,0.69048,1.44313,0.61724,0.56955,-0.29642,-0.05003,1.93279,0.70089,1.48169,0.60644,0.55275,-0.30524,-0.06935,1.88196,0.68399,1.48461,0.60679,0.55449,-0.29429
108.400000,5420,-0.05567,1.88564,0.69048,1.47098,0.60427,0.56078,-0.31244,-0.04844,1.94127,0.70038,1.50519,0.59817,0.54570,-0.31856,-0.06749,1.88848,0.68331,1.50880,0.59842,0.54741,-0.30740
108.500000,5425,-0.05452,1.89747,0.69048,1.49463,0.59931,0.55353,-0.32274,-0.04743,1.95323,0.70186,1.52771,0.59036,0.53873,-0.33047,-0.06606,1.89601,0.68256,1.53208,0.59025,0.54056,-0.32008
108.600000,5430,-0.05262,1.90662,0.69048,1.51828,0.59473,0.54743,-0.33762,-0.04584,1.95035,0.69744,1.55077,0.58122,0.53298,-0.34226,-0.06506,1.90454,0.68179,1.55450,0.58224,0.53394,-0.33238
108.700000,5435,-0.04995,1.91502,0.69010,1.54193,0.58329,0.54285,-0.34563,-0.04593,1.96939,0.70042,1.57085,0.57448,0.52619,-0.35396,-0.06444,1.91406,0.68100,1.57607,0.57438,0.52756,-0.34432
108.800000,5440,-0.04766,1.93066,0.69048,1.56215,0.57527,0.53293,-0.35669,-0.04643,1.98322,0.69869,1.59063,0.56741,0.52041,-0.36673,-0.06418,1.92456,0.68024,1.59683,0.56666,0.52144,-0.35593
108.900000,5445,-0.04766,1.94630,0.69048,1.58275,0.57222,0.52721,-0.36775,-0.04605,1.99214,0.69865,1.61018,0.55929,0.51477,-0.37702,-0.06426,1.93602,0.67952,1.61678,0.55907,0.51559,-0.36723
109.000000,5450,-0.04766,1.96003,0.69048,1.60221,0.56726,0.52301,-0.38072,-0.04640,2.00103,0.69643,1.62848,0.55170,0.50947,-0.38828,-0.06468,1.94849,0.67888,1.63591,0.55161,0.51003,-0.37823
109.100000,5455,-0.04766,1.97720,0.69048,1.62166,0.55277,0.51767,-0.39178,-0.04729,2.01622,0.69668,1.64574,0.54492,0.50432,-0.39916,-0.06539,1.96190,0.67833,1.65425,0.54427,0.50478,-0.38896
109.200000,5460,-0.04766,1.99322,0.69010,1.64074,0.54933,0.51081,-0.40208,-0.04862,2.03655,0.69868,1.66220,0.53786,0.49936,-0.40904,-0.06638,1.97622,0.67789,1.67180,0.53706,0.49985,-0.39942
109.300000,5465,-0.04804,2.01077,0.69010,1.65828,0.54514,0.50508,-0.40933,-0.05033,2.05302,0.69804,1.67764,0.53157,0.49508,-0.41990,-0.06763,1.99148,0.67758,1.68854,0.52999,0.49529,-0.40963
109.400000,5470,-0.04766,2.03137,0.69048,1.67469,0.53865,0.50089,-0.41963,-0.05190,2.06864,0.69740,1.69242,0.52475,0.49121,-0.43005,-0.06912,2.00763,0.67744,1.70450,0.52306,0.49110,-0.41961
109.500000,5475,-0.04995,2.05006,0.69048,1.69033,0.52721,0.49631,-0.42764,-0.05374,2.08171,0.69563,1.70738,0.51804,0.48797,-0.43990,-0.07083,2.02465,0.67746,1.71966,0.51628,0.48731,-0.42935
109.600000,5480,-0.05033,2.07066,0.69048,1.70597,0.52301,0.49326,-0.43604,-0.05573,2.09991,0.69578,1.72038,0.51169,0.48483,-0.44961,-0.07274,2.04253,0.67767,1.73400,0.50966,0.48395,-0.43885
109.700000,5485,-0.05033,2.09011,0.69048,1.71894,0.51958,0.48944,-0.44901,-0.05800,2.11625,0.69529,1.73386,0.50526,0.48231,-0.45853,-0.07482,2.06123,0.67809,1.74756,0.50322,0.48103,-0.44814
109.800000,5490,-0.05490,2.11491,0.69048,1.73038,0.51462,0.48677,-0.45587,-0.05961,2.13945,0.69919,1.74469,0.49906,0.47987,-0.46720,-0.07707,2.08076,0.67872,1.76029,0.49698,0.47858,-0.45721
109.900000,5495,-0.06063,2.14009,0.69048,1.74183,0.50546,0.48525,-0.46541,-0.06181,2.15629,0.69884,1.75621,0.49293,0.47838,-0.47616,-0.07946,2.10105,0.67958,1.77223,0.49095,0.47661,-0.46606
110.000000,5500,-0.06215,2.15992,0.69048,1.75518,0.49783,0.48029,-0.47304,-0.06570,2.18635,0.70049,1.76473,0.48891,0.47690,-0.48645,-0.08197,2.12207,0.68068,1.78337,0.48514,0.47513,-0.47468
110.100000,5505,-0.06444,2.18777,0.69086,1.76472,0.49555,0.47876,-0.47952,-0.06840,2.21031,0.70292,1.77330,0.48373,0.47609,-0.49484,-0.08468,2.14389,0.68206,1.79347,0.47963,0.47415,-0.48298
110.200000,5510,-0.06711,2.21562,0.69353,1.77616,0.49364,0.47838,-0.48830,-0.07203,2.23498,0.70546,1.78089,0.47906,0.47576,-0.50185,-0.08799,2.16679,0.68392,1.80155,0.47462,0.47356,-0.49043
110.300000,5515,-0.06749,2.24194,0.69429,1.77883,0.48982,0.47724,-0.49860,-0.07553,2.25852,0.70729,1.78606,0.47485,0.47602,-0.50957,-0.09159,2.19047,0.68613,1.80828,0.47002,0.47345,-0.49738
110.400000,5520,-0.07283,2.26864,0.69887,1.78608,0.48296,0.47724,-0.50546,-0.07793,2.27844,0.70934,1.79265,0.47009,0.47745,-0.51657,-0.09462,2.21421,0.68836,1.81555,0.46546,0.47405,-0.50478
110.500000,5525,-0.07856,2.29726,0.70192,1.79371,0.47495,0.47800,-0.51348,-0.08131,2.30109,0.70891,1.79853,0.46640,0.47881,-0.52553,-0.09738,2.23821,0.69070,1.82270,0.46111,0.47526,-0.51227
110.600000,5530,-0.07856,2.32320,0.70192,1.80134,0.47151,0.47838,-0.52110,-0.08443,2.33104,0.71323,1.80305,0.46337,0.48060,-0.53331,-0.10015,2.26269,0.69330,1.82902,0.45711,0.47699,-0.51948
110.700000,5535,-0.08199,2.34990,0.70765,1.80363,0.46999,0.47876,-0.52568,-0.08753,2.35905,0.71703,1.80726,0.46048,0.48303,-0.54053,-0.10295,2.28760,0.69615,1.83449,0.45349,0.47923,-0.52639
110.800000,5540,-0.08390,2.37851,0.71451,1.80935,0.46808,0.47952,-0.53102,-0.09037,2.38387,0.71963,1.81085,0.45749,0.48627,-0.54742,-0.10576,2.31292,0.69926,1.83912,0.45025,0.48198,-0.53300
110.900000,5545,-0.08428,2.40941,0.71756,1.81354,0.46732,0.48029,-0.53827,-0.09353,2.41108,0.72329,1.81321,0.45550,0.48978,-0.55404,-0.10857,2.33860,0.70262,1.84291,0.44741,0.48522,-0.53930
111.000000,5550,-0.09229,2.43993,0.72481,1.81469,0.46694,0.48525,-0.54476,-0.09537,2.43598,0.72850,1.81439,0.45275,0.49385,-0.55971,-0.11139,2.36462,0.70624,1.84584,0.44500,0.48895,-0.54527
111.100000,5555,-0.09496,2.46816,0.72977,1.81812,0.46388,0.48906,-0.55124,-0.09928,2.47014,0.73338,1.81499,0.45230,0.49779,-0.56656,-0.11420,2.39093,0.71011,1.84794,0.44300,0.49313,-0.55092
111.200000,5560,-0.09649,2.50058,0.73359,1.81812,0.46350,0.49516,-0.55849,-0.10174,2.49345,0.73638,1.81522,0.45070,0.50318,-0.57202,-0.11700,2.41750,0.71422,1.84919,0.44144,0.49775,-0.55624
111.300000,5565,-0.10030,2.52996,0.74122,1.81888,0.46083,0.49822,-0.56421,-0.10478,2.51827,0.73887,1.81455,0.45008,0.50840,-0.57803,-0.11979,2.44429,0.71858,1.84960,0.44032,0.50280,-0.56122
111.400000,5570,-0.10068,2.55971,0.74541,1.81927,0.46045,0.50241,-0.57032,-0.10782,2.54757,0.74386,1.81250,0.45006,0.51420,-0.58305,-0.12257,2.47125,0.72317,1.84918,0.43963,0.50824,-0.56587
111.500000,5575,-0.10640,2.59023,0.75533,1.81888,0.46007,0.50623,-0.57527,-0.11046,2.57444,0.74873,1.80999,0.45020,0.52020,-0.58784,-0.12534,2.49836,0.72799,1.84789,0.43941,0.51407,-0.57017
111.600000,5580,-0.11251,2.62227,0.76182,1.81888,0.46007,0.51348,-0.57756,-0.11348,2.60296,0.75406,1.80629,0.45128,0.52655,-0.59231,-0.12810,2.52557,0.73304,1.84577,0.43963,0.52025,-0.57414
111.700000,5585,-0.11213,2.65203,0.76754,1.81888,0.46007,0.52149,-0.58138,-0.11656,2.63510,0.76033,1.80147,0.45288,0.53320,-0.59682,-0.13086,2.55285,0.73829,1.84281,0.44029,0.52675,-0.57777
111.800000,5590,-0.11518,2.68216,0.77288,1.81888,0.46007,0.52683,-0.58443,-0.11909,2.66526,0.76731,1.79609,0.45426,0.54014,-0.60034,-0.13362,2.58018,0.74376,1.83900,0.44140,0.53356,-0.58108
111.900000,5595,-0.11709,2.71383,0.77975,1.81888,0.46083,0.53293,-0.58786,-0.12214,2.69089,0.77087,1.79037,0.45639,0.54763,-0.60452,-0.13638,2.60754,0.74942,1.83436,0.44294,0.54065,-0.58407
112.000000,5600,-0.11747,2.74740,0.78814,1.81698,0.46121,0.54094,-0.59206,-0.12467,2.71639,0.77611,1.78368,0.45857,0.55533,-0.60762,-0.13916,2.63490,0.75527,1.82887,0.44493,0.54801,-0.58674
112.100000,5605,-0.12243,2.77791,0.79920,1.81393,0.46427,0.54933,-0.59587,-0.12752,2.74145,0.78108,1.77698,0.46111,0.56327,-0.60989,-0.14195,2.66231,0.76130,1.82252,0.44734,0.55562,-0.58913
112.200000,5610,-0.12815,2.80538,0.80111,1.80706,0.46732,0.55506,-0.59931,-0.13043,2.77377,0.78917,1.76722,0.46501,0.57094,-0.61307,-0.14481,2.68978,0.76754,1.81521,0.45021,0.56347,-0.59119
112.300000,5615,-0.12891,2.83628,0.80759,1.79523,0.46922,0.56383,-0.60121,-0.13408,2.80657,0.79765,1.75703,0.46940,0.57896,-0.61433,-0.14798,2.71708,0.77408,1.80605,0.45370,0.57147,-0.59256
112.400000,5620,-0.13158,2.87099,0.82247,1.78264,0.47151,0.57108,-0.60312,-0.13708,2.83024,0.80196,1.74485,0.47370,0.58808,-0.61669,-0.15132,2.74467,0.78088,1.79562,0.45769,0.57975,-0.59358
112.500000,5625,-0.13387,2.90304,0.82819,1.77273,0.47380,0.57985,-0.60389,-0.14004,2.86246,0.81074,1.73427,0.47835,0.59696,-0.61814,-0.15438,2.77351,0.78783,1.78551,0.46191,0.58863,-0.59511
112.600000,5630,-0.14036,2.93432,0.83544,1.75594,0.47647,0.58824,-0.60694,-0.14314,2.89141,0.81762,1.72179,0.48361,0.60658,-0.61980,-0.15750,2.80335,0.79512,1.77431,0.46669,0.59803,-0.59653
112.700000,5635,-0.14455,2.97018,0.84612,1.74297,0.48410,0.60007,-0.60732,-0.14645,2.91953,0.82310,1.70684,0.48958,0.61648,-0.62179,-0.16081,2.83373,0.80279,1.76092,0.47232,0.60784,-0.59725
112.800000,5640,-0.14531,3.00108,0.85261,1.72809,0.49555,0.60656,-0.60808,-0.14665,2.94726,0.83058,1.68823,0.49810,0.61648,-0.61580,-0.16042,2.85881,0.80687,1.74380,0.48008,0.61521,-0.59222
112.900000,5645,-0.14722,3.02397,0.85795,1.70826,0.50203,0.60694,-0.60274,-0.13911,2.95961,0.82837,1.66165,0.51082,0.61648,-0.59667,-0.15229,2.86995,0.80303,1.71809,0.49215,0.61648,-0.57373
113.000000,5650,-0.14455,3.03999,0.85795,1.67545,0.51500,0.60770,-0.58519,-0.12963,2.97255,0.82456,1.63369,0.52450,0.61648,-0.57484,-0.14250,2.87818,0.79752,1.68998,0.50534,0.61648,-0.55204
113.100000,5655,-0.13540,3.04838,0.85795,1.64722,0.52835,0.60884,-0.56764,-0.12038,2.98267,0.81776,1.60532,0.53807,0.61648,-0.55442,-0.13275,2.88638,0.79204,1.66197,0.51848,0.61647,-0.53043
113.200000,5660,-0.12357,3.05754,0.85680,1.61899,0.54209,0.60961,-0.54705,-0.11030,2.98243,0.81075,1.58144,0.54897,0.61648,-0.53297,-0.12337,2.89332,0.78654,1.63566,0.53080,0.61617,-0.50975
113.300000,5665,-0.11060,3.05868,0.85032,1.59839,0.55162,0.60923,-0.52530,-0.10102,2.95322,0.79681,1.57831,0.54878,0.61305,-0.52147,-0.11600,2.88354,0.77881,1.62738,0.53466,0.61112,-0.49650
113.400000,5670,-0.10450,3.03503,0.83926,1.59763,0.55048,0.60617,-0.51615,-0.09466,2.93659,0.79472,1.59088,0.54332,0.60211,-0.51498,-0.11034,2.85768,0.76897,1.63868,0.52987,0.60148,-0.49178
113.500000,5675,-0.09992,3.00146,0.82514,1.59839,0.54972,0.60045,-0.51271,-0.09047,2.91583,0.78563,1.60251,0.53900,0.59216,-0.51150,-0.10517,2.83108,0.75928,1.65041,0.52481,0.59192,-0.48786
113.600000,5680,-0.09343,2.97247,0.81713,1.60869,0.54666,0.59244,-0.50966,-0.08475,2.88456,0.77471,1.61398,0.53365,0.58425,-0.50744,-0.10007,2.80581,0.75008,1.66131,0.52028,0.58309,-0.48428
113.700000,5685,-0.08847,2.94424,0.80492,1.62090,0.54323,0.58290,-0.50432,-0.07933,2.85979,0.76711,1.62538,0.52905,0.57574,-0.50352,-0.09494,2.78175,0.74127,1.67193,0.51612,0.57489,-0.48118
113.800000,5690,-0.08313,2.91525,0.79386,1.62815,0.53980,0.57680,-0.50051,-0.07471,2.83270,0.75769,1.63620,0.52500,0.56797,-0.49888,-0.09020,2.75793,0.73264,1.68066,0.51252,0.56699,-0.47758
113.900000,5695,-0.07589,2.88358,0.78547,1.63768,0.52797,0.56879,-0.49707,-0.07123,2.81270,0.74791,1.64274,0.52269,0.56027,-0.49625,-0.08571,2.73429,0.72414,1.68796,0.50938,0.55938,-0.47362
114.000000,5700,-0.07512,2.85802,0.77555,1.64684,0.52568,0.56192,-0.49326,-0.06609,2.78674,0.74139,1.65066,0.51887,0.55306,-0.49007,-0.08130,2.71087,0.71577,1.69437,0.50663,0.55208,-0.46950
114.100000,5705,-0.07169,2.82941,0.76487,1.65638,0.52378,0.55277,-0.48906,-0.06232,2.76507,0.73333,1.65715,0.51683,0.54585,-0.48552,-0.07696,2.68758,0.70751,1.69992,0.50425,0.54507,-0.46520
114.200000,5710,-0.06368,2.80080,0.75609,1.65828,0.52110,0.54705,-0.48258,-0.05826,2.74761,0.72789,1.66268,0.51487,0.53896,-0.48011,-0.07266,2.66438,0.69935,1.70462,0.50224,0.53836,-0.46069
114.300000,5715,-0.06063,2.77524,0.74503,1.66172,0.52034,0.54247,-0.47724,-0.05364,2.72637,0.72162,1.66673,0.51284,0.53205,-0.47516,-0.06840,2.64127,0.69129,1.70851,0.50059,0.53194,-0.45597
114.400000,5720,-0.05948,2.75045,0.73816,1.67125,0.51996,0.53522,-0.47075,-0.04943,2.69285,0.70923,1.67233,0.51072,0.52674,-0.46950,-0.06417,2.61825,0.68334,1.71158,0.49929,0.52584,-0.45102
114.500000,5725,-0.05529,2.72184,0.73130,1.67392,0.51958,0.52835,-0.46732,-0.04517,2.66882,0.70143,1.67523,0.50949,0.52092,-0.46370,-0.05996,2.59532,0.67551,1.71383,0.49836,0.52007,-0.44583
114.600000,5730,-0.04689,2.69399,0.71871,1.67431,0.51653,0.52339,-0.46350,-0.04146,2.65290,0.69665,1.67752,0.50936,0.51500,-0.45768,-0.05579,2.57252,0.66780,1.71527,0.49778,0.51464,-0.44039
114.700000,5735,-0.04422,2.66652,0.71222,1.67659,0.51576,0.51958,-0.45702,-0.03733,2.63369,0.69062,1.67799,0.50920,0.50977,-0.45181,-0.05163,2.54985,0.66022,1.71587,0.49756,0.50958,-0.43469
114.800000,5740,-0.04193,2.64440,0.69964,1.67850,0.51309,0.51538,-0.44862,-0.03284,2.60850,0.68243,1.67889,0.50879,0.50501,-0.44589,-0.04751,2.52734,0.65278,1.71566,0.49768,0.50489,-0.42873
114.900000,5745,-0.03850,2.61998,0.69315,1.68079,0.51309,0.50852,-0.44443,-0.02923,2.57855,0.67147,1.67977,0.50910,0.50127,-0.43901,-0.04340,2.50501,0.64548,1.71460,0.49816,0.50061,-0.42250
115.000000,5750,-0.02896,2.59252,0.68514,1.68270,0.51271,0.50318,-0.44061,-0.02522,2.55469,0.66239,1.67878,0.50940,0.49763,-0.43270,-0.03932,2.48288,0.63833,1.71274,0.49897,0.49672,-0.41599
115.100000,5755,-0.02515,2.56124,0.67446,1.68270,0.51195,0.50012,-0.43337,-0.02096,2.54473,0.66343,1.67617,0.51100,0.49307,-0.42421,-0.03528,2.46096,0.63134,1.71001,0.50013,0.49327,-0.40918
115.200000,5760,-0.02515,2.53949,0.66835,1.68270,0.51271,0.49669,-0.42230,-0.01704,2.51589,0.65262,1.67393,0.51203,0.49089,-0.41721,-0.03126,2.43928,0.62450,1.70649,0.50159,0.49024,-0.40211
115.300000,5765,-0.02019,2.51775,0.66072,1.68270,0.51271,0.49478,-0.41505,-0.01293,2.49160,0.64384,1.67120,0.51336,0.48837,-0.41033,-0.02706,2.41780,0.61777,1.70265,0.50327,0.48768,-0.39499
115.400000,5770,-0.01371,2.49066,0.65310,1.68232,0.51309,0.49440,-0.41277,-0.00778,2.47502,0.64118,1.66867,0.51482,0.48582,-0.40239,-0.02235,2.39639,0.61103,1.69935,0.50497,0.48559,-0.38825
115.500000,5775,-0.01104,2.46892,0.64661,1.68232,0.51348,0.49364,-0.40361,-0.00310,2.45208,0.63403,1.66519,0.51665,0.48437,-0.39505,-0.01767,2.37533,0.60447,1.69525,0.50695,0.48397,-0.38125
115.600000,5780,-0.00798,2.44527,0.63898,1.68193,0.51424,0.49288,-0.39598,0.00091,2.42991,0.62700,1.65987,0.51904,0.48324,-0.38698,-0.01356,2.35483,0.59826,1.68908,0.50945,0.48282,-0.37340
115.700000,5785,-0.00264,2.42238,0.63097,1.67659,0.51843,0.49059,-0.38873,0.00474,2.40999,0.62116,1.65387,0.52152,0.48245,-0.37807,-0.00972,2.33485,0.59232,1.68161,0.51232,0.48212,-0.36505
115.800000,5790,0.00308,2.40140,0.62525,1.66591,0.52072,0.48868,-0.38110,0.00881,2.38587,0.61438,1.64739,0.52399,0.48260,-0.36849,-0.00600,2.31535,0.58658,1.67330,0.51543,0.48192,-0.35642
115.900000,5795,0.00728,2.37660,0.61953,1.65943,0.52187,0.48830,-0.37042,0.01140,2.37929,0.61165,1.63645,0.52896,0.48221,-0.36111,-0.00239,2.29634,0.58106,1.66420,0.51877,0.48216,-0.34754
116.000000,5800,0.00880,2.35867,0.61228,1.64837,0.52454,0.48715,-0.36089,0.01509,2.36049,0.60717,1.62779,0.53212,0.48298,-0.35100,0.00108,2.27787,0.57575,1.65426,0.52233,0.48289,-0.33838
116.100000,5805,0.01491,2.33845,0.60579,1.64112,0.52530,0.48754,-0.35135,0.01821,2.34258,0.60162,1.61773,0.53614,0.48421,-0.34170,0.00439,2.25995,0.57066,1.64352,0.52609,0.48407,-0.32895
116.200000,5810,0.01910,2.32053,0.60121,1.62510,0.52797,0.48830,-0.34296,0.02202,2.32014,0.59561,1.60726,0.53920,0.48617,-0.33141,0.00752,2.24259,0.56578,1.63196,0.53005,0.48570,-0.31925
116.300000,5815,0.02177,2.30145,0.59397,1.61251,0.52912,0.48906,-0.33609,0.02530,2.30695,0.59366,1.59545,0.54317,0.48780,-0.32077,0.01045,2.22584,0.56112,1.61958,0.53418,0.48776,-0.30927
116.400000,5820,0.02215,2.27933,0.59130,1.59839,0.53255,0.49326,-0.32503,0.02751,2.29574,0.59060,1.58292,0.54804,0.49003,-0.31038,0.01316,2.20970,0.55666,1.60640,0.53848,0.49025,-0.29901
116.500000,5825,0.02482,2.26559,0.58596,1.58313,0.53980,0.49516,-0.31244,0.03010,2.27635,0.58397,1.56911,0.55231,0.49341,-0.30031,0.01561,2.19422,0.55243,1.59237,0.54295,0.49316,-0.28844
116.600000,5830,0.02597,2.24766,0.58252,1.57093,0.54819,0.49669,-0.30290,0.03217,2.26256,0.58034,1.55498,0.55708,0.49652,-0.28935,0.01780,2.17939,0.54840,1.57755,0.54756,0.49645,-0.27758
116.700000,5835,0.02940,2.23050,0.58138,1.55300,0.55086,0.49936,-0.29031,0.03358,2.25161,0.57649,1.53996,0.56224,0.50023,-0.27848,0.01966,2.16529,0.54460,1.56189,0.55233,0.50014,-0.26641
116.800000,5840,0.03360,2.22058,0.57985,1.53507,0.55239,0.50318,-0.28268,0.03578,2.23603,0.57281,1.52320,0.56657,0.50414,-0.26696,0.02120,2.15187,0.54098,1.54542,0.55723,0.50418,-0.25492
116.900000,5845,0.03589,2.20379,0.57337,1.51790,0.55773,0.50546,-0.27048,0.03679,2.22592,0.57156,1.50696,0.57183,0.50860,-0.25380,0.02235,2.13923,0.53759,1.52811,0.56228,0.50858,-0.24309
117.000000,5850,0.03589,2.18968,0.56803,1.49883,0.56192,0.51157,-0.26056,0.03801,2.20917,0.56648,1.48973,0.57623,0.51345,-0.24143,0.02311,2.12733,0.53438,1.50998,0.56746,0.51331,-0.23092
117.100000,5855,0.03627,2.18243,0.56154,1.48204,0.57032,0.51805,-0.24568,0.03824,2.20662,0.56650,1.46972,0.58251,0.51800,-0.22989,0.02343,2.11621,0.53136,1.49102,0.57278,0.51835,-0.21838
117.200000,5860,0.03589,2.17137,0.55963,1.46221,0.57642,0.52416,-0.23309,0.03811,2.19388,0.56287,1.45110,0.58784,0.52366,-0.21650,0.02327,2.10589,0.52853,1.47122,0.57824,0.52369,-0.20548
117.300000,5865,0.03818,2.15611,0.55773,1.43894,0.57794,0.52645,-0.22088,0.03682,2.19123,0.56150,1.42952,0.59456,0.52891,-0.20416,0.02262,2.09636,0.52587,1.45059,0.58385,0.52932,-0.19218
117.400000,5870,0.03856,2.14772,0.55429,1.41757,0.58176,0.53217,-0.20829,0.03592,2.18246,0.55932,1.40852,0.59996,0.53494,-0.19009,0.02142,2.08766,0.52338,1.42909,0.58961,0.53523,-0.17846
117.500000,5875,0.03818,2.14123,0.55391,1.39659,0.58863,0.53980,-0.19380,0.03466,2.16918,0.55505,1.38697,0.60535,0.54143,-0.17585,0.01964,2.07980,0.52104,1.40672,0.59554,0.54140,-0.16431
117.600000,5880,0.03818,2.13627,0.55048,1.37065,0.59931,0.54705,-0.17892,0.03205,2.16730,0.55451,1.36327,0.61210,0.54764,-0.16160,0.01724,2.07277,0.51885,1.38346,0.60164,0.54784,-0.14969
117.700000,5885,0.03779,2.12712,0.54972,1.34891,0.60389,0.55086,-0.16404,0.02880,2.16414,0.55403,1.33904,0.61898,0.55423,-0.14623,0.01416,2.06659,0.51679,1.35926,0.60795,0.55455,-0.13458
117.800000,5890,0.03512,2.12254,0.54933,1.32182,0.60808,0.55582,-0.15184,0.02518,2.15815,0.55118,1.31366,0.62534,0.56140,-0.13100,0.01037,2.06126,0.51484,1.33406,0.61448,0.56154,-0.11891
117.900000,5895,0.03245,2.12101,0.54857,1.29664,0.61190,0.56345,-0.13391,0.02060,2.15608,0.54987,1.28742,0.63252,0.56860,-0.11513,0.00580,2.05678,0.51300,1.30781,0.62125,0.56883,-0.10265
118.000000,5900,0.03131,2.11300,0.54857,1.27032,0.62563,0.57222,-0.11789,0.01529,2.15751,0.55131,1.25979,0.64003,0.57595,-0.09766,0.00038,2.05317,0.51126,1.28042,0.62831,0.57642,-0.08573
118.100000,5905,0.01910,2.10766,0.54819,1.23942,0.63059,0.58023,-0.10224,0.00869,2.15919,0.55296,1.23086,0.64751,0.58319,-0.07929,-0.00657,2.05118,0.50988,1.25179,0.63574,0.58401,-0.06815
118.200000,5910,0.01300,2.10881,0.54666,1.21119,0.63478,0.58672,-0.08584,0.00003,2.15593,0.54750,1.20101,0.65577,0.59146,-0.06278,-0.01470,2.05029,0.50866,1.22182,0.64354,0.59187,-0.04981
118.300000,5915,0.00499,2.10842,0.54666,1.17801,0.64623,0.59549,-0.06600,-0.00801,2.15612,0.54686,1.16966,0.66378,0.60032,-0.04302,-0.02285,2.04899,0.50699,1.19042,0.65163,0.60083,-0.03048
118.400000,5920,-0.00455,2.10842,0.54285,1.14405,0.65577,0.60541,-0.04540,-0.01705,2.16258,0.54815,1.13550,0.67312,0.60915,-0.02327,-0.03196,2.04892,0.50512,1.15776,0.65998,0.61015,-0.01022
118.500000,5925,-0.01485,2.10881,0.54285,1.10934,0.65996,0.61075,-0.02633,-0.02250,2.18624,0.54384,1.10416,0.67904,0.61253,-0.00159,-0.03713,2.05847,0.49615,1.12927,0.66535,0.61611,0.01247
118.600000,5930,-0.01676,2.12139,0.53408,1.07844,0.66378,0.61266,-0.00268,-0.02345,2.20670,0.52210,1.08107,0.68042,0.61266,0.02200,-0.03794,2.08201,0.47839,1.10691,0.66682,0.61648,0.03790
118.700000,5935,-0.01714,2.15001,0.51195,1.05593,0.66607,0.61495,0.01792,-0.02481,2.23306,0.50322,1.05598,0.68269,0.61276,0.04732,-0.03910,2.10689,0.45958,1.08423,0.66828,0.61648,0.06440
118.800000,5940,-0.01752,2.18167,0.49593,1.03495,0.67217,0.61533,0.04920,-0.02679,2.26140,0.48586,1.03173,0.68522,0.61276,0.07419,-0.04095,2.13195,0.44043,1.06097,0.66996,0.61648,0.09161
118.900000,5945,-0.01752,2.21486,0.47800,1.01092,0.67751,0.61533,0.07705,-0.02968,2.29264,0.46935,1.00592,0.68839,0.61251,0.10080,-0.04347,2.15688,0.42114,1.03737,0.67184,0.61648,0.11922
119.000000,5950,-0.02286,2.24690,0.46083,0.98345,0.67942,0.61533,0.10452,-0.03267,2.31370,0.44808,0.98170,0.69032,0.61294,0.12796,-0.04664,2.18138,0.40193,1.01365,0.67389,0.61648,0.14691
119.100000,5955,-0.02820,2.27246,0.44138,0.96247,0.68171,0.61533,0.13274,-0.03640,2.33568,0.42815,0.95742,0.69284,0.61307,0.15468,-0.05038,2.20519,0.38299,0.99006,0.67604,0.61648,0.17438
119.200000,5960,-0.03125,2.29535,0.42268,0.94225,0.68171,0.61571,0.15983,-0.03654,2.34788,0.41033,0.94881,0.69192,0.61105,0.17293,-0.05193,2.22535,0.36754,0.97567,0.67626,0.61456,0.19423
119.300000,5965,-0.02782,2.30260,0.40819,0.93920,0.68132,0.61380,0.16822,-0.02434,2.33769,0.39960,0.97836,0.68117,0.60188,0.15766,-0.04151,2.23151,0.36541,1.00059,0.66789,0.60465,0.18251
119.400000,5970,-0.02172,2.30221,0.39636,0.96781,0.67370,0.60694,0.15525,-0.01097,2.34050,0.40057,1.00890,0.67143,0.59140,0.13831,-0.02820,2.23364,0.36600,1.03421,0.65772,0.59364,0.16381
119.500000,5975,-0.00951,2.30260,0.39636,1.00710,0.66416,0.59931,0.13732,0.00150,2.34055,0.39916,1.04100,0.66148,0.58173,0.12032,-0.01532,2.23551,0.36629,1.06659,0.64788,0.58357,0.14593
119.600000,5980,0.00537,2.30298,0.39636,1.03724,0.65424,0.58901,0.12244,0.01208,2.34473,0.39896,1.07263,0.65211,0.57238,0.10321,-0.00384,2.23848,0.36698,1.09765,0.63821,0.57395,0.12865
119.700000,5985,0.01643,2.30336,0.39636,1.06547,0.64775,0.57680,0.10490,0.02201,2.34739,0.39946,1.10129,0.64249,0.56358,0.08664,0.00620,2.24267,0.36813,1.12738,0.62869,0.56476,0.11196
119.800000,5990,0.02482,2.31099,0.39636,1.09675,0.63822,0.56993,0.08964,0.03166,2.35134,0.40331,1.12925,0.63269,0.55504,0.07214,0.01523,2.24755,0.36949,1.15582,0.61941,0.55612,0.09593
119.900000,5995,0.03360,2.31442,0.39636,1.12574,0.62754,0.56116,0.07362,0.03867,2.35886,0.40330,1.15613,0.62430,0.54719,0.05604,0.02332,2.25310,0.37105,1.18304,0.61035,0.54799,0.08053
120.000000,6000,0.04008,2.32091,0.39636,1.15054,0.62181,0.55277,0.05798,0.04645,2.35818,0.40371,1.18220,0.61449,0.54020,0.04234,0.03051,2.25935,0.37282,1.20911,0.60149,0.54036,0.06573
120.100000,6005,0.04848,2.33159,0.39674,1.17991,0.61342,0.54628,0.04729,0.05239,2.36884,0.40656,1.20559,0.60635,0.53297,0.02763,0.03688,2.26627,0.37480,1.23409,0.59281,0.53318,0.05147
120.200000,6010,0.05496,2.34265,0.39674,1.20204,0.60198,0.53980,0.02898,0.05858,2.37364,0.41018,1.23022,0.59683,0.52649,0.01577,0.04248,2.27386,0.37700,1.25802,0.58430,0.52643,0.03774
120.300000,6015,0.05801,2.35066,0.39713,1.22416,0.59778,0.53026,0.01830,0.06300,2.38447,0.41342,1.25209,0.58911,0.52035,0.00245,0.04736,2.28213,0.37942,1.28096,0.57596,0.52011,0.02449
120.400000,6020,0.05954,2.36211,0.39789,1.24858,0.59015,0.52454,0.00304,0.06690,2.39281,0.41458,1.27300,0.58107,0.51461,-0.01114,0.05155,2.29108,0.38207,1.30294,0.56776,0.51421,0.01172
120.500000,6025,0.06679,2.37508,0.39941,1.26765,0.57756,0.52110,-0.00573,0.07015,2.40586,0.41947,1.29347,0.57337,0.50914,-0.02273,0.05510,2.30068,0.38495,1.32397,0.55970,0.50871,-0.00059
120.600000,6030,0.07213,2.38538,0.40056,1.28673,0.57299,0.51424,-0.01870,0.07321,2.40931,0.41969,1.31328,0.56494,0.50473,-0.03446,0.05807,2.31093,0.38806,1.34408,0.55179,0.50361,-0.01247
120.700000,6035,0.07213,2.39720,0.40361,1.31076,0.56917,0.50928,-0.03129,0.07514,2.42372,0.42388,1.33103,0.55776,0.50017,-0.04615,0.06046,2.32183,0.39140,1.36328,0.54401,0.49892,-0.02392
120.800000,6040,0.07251,2.41322,0.40628,1.33136,0.55735,0.50318,-0.04312,0.07692,2.43836,0.42861,1.34832,0.55070,0.49598,-0.05774,0.06232,2.33338,0.39498,1.38157,0.53636,0.49465,-0.03496
120.900000,6045,0.07442,2.42581,0.41277,1.34814,0.55010,0.50012,-0.05380,0.07802,2.44854,0.43170,1.36590,0.54290,0.49235,-0.06757,0.06371,2.34551,0.39878,1.39899,0.52885,0.49077,-0.04559
121.000000,6050,0.07480,2.44222,0.41772,1.36455,0.54590,0.49555,-0.06181,0.07916,2.45636,0.43391,1.38149,0.53545,0.48940,-0.07803,0.06462,2.35827,0.40282,1.41551,0.52148,0.48732,-0.05581
121.100000,6055,0.07480,2.45976,0.42116,1.38248,0.54094,0.49402,-0.07058,0.07954,2.47280,0.43960,1.39643,0.52843,0.48629,-0.08777,0.06513,2.37157,0.40707,1.43119,0.51424,0.48428,-0.06565
121.200000,6060,0.07480,2.47312,0.42688,1.39735,0.53026,0.48944,-0.08088,0.07872,2.49392,0.44641,1.40961,0.52267,0.48362,-0.09757,0.06523,2.38547,0.41157,1.44599,0.50714,0.48167,-0.07510
121.300000,6065,0.07518,2.49181,0.43298,1.40765,0.52339,0.48677,-0.09118,0.07850,2.50742,0.45036,1.42251,0.51549,0.48181,-0.10663,0.06498,2.39989,0.41627,1.45994,0.50019,0.47947,-0.08417
121.400000,6070,0.07518,2.51088,0.43909,1.42101,0.51958,0.48486,-0.10186,0.07803,2.52064,0.45448,1.43498,0.50864,0.48032,-0.11568,0.06440,2.41484,0.42120,1.47304,0.49339,0.47771,-0.09287
121.500000,6075,0.07480,2.52805,0.44443,1.43474,0.51500,0.48143,-0.10949,0.07702,2.53332,0.45801,1.44652,0.50223,0.47957,-0.12424,0.06350,2.43031,0.42635,1.48527,0.48675,0.47640,-0.10118
121.600000,6080,0.07480,2.54636,0.45206,1.44656,0.50432,0.47952,-0.11674,0.07580,2.55083,0.46403,1.45698,0.49619,0.47872,-0.13261,0.06233,2.44624,0.43170,1.49668,0.48027,0.47552,-0.10912
121.700000,6085,0.07480,2.56505,0.45931,1.45877,0.49707,0.47800,-0.12437,0.07394,2.56957,0.47041,1.46636,0.49036,0.47843,-0.13995,0.06091,2.46262,0.43724,1.50726,0.47396,0.47506,-0.11671
121.800000,6090,0.07442,2.58451,0.46694,1.46831,0.49402,0.47685,-0.13162,0.07190,2.58714,0.47541,1.47491,0.48484,0.47880,-0.14788,0.05925,2.47945,0.44300,1.51698,0.46784,0.47507,-0.12391
121.900000,6095,0.07403,2.60472,0.47380,1.47708,0.49059,0.47685,-0.13620,0.07002,2.60494,0.48224,1.48321,0.47906,0.47943,-0.15424,0.05738,2.49670,0.44894,1.52586,0.46191,0.47551,-0.13074
122.000000,6100,0.07403,2.62761,0.48105,1.48242,0.48525,0.47762,-0.14497,0.06797,2.62122,0.48722,1.49035,0.47344,0.48070,-0.16128,0.05532,2.51432,0.45507,1.53393,0.45617,0.47639,-0.13720
122.100000,6105,0.07403,2.64554,0.48982,1.49196,0.47456,0.47800,-0.15565,0.06571,2.64240,0.49542,1.49612,0.46831,0.48191,-0.16740,0.05308,2.53231,0.46138,1.54117,0.45064,0.47771,-0.14330
122.200000,6110,0.07136,2.66805,0.49478,1.49577,0.47113,0.47876,-0.15870,0.06323,2.65780,0.50032,1.50222,0.46318,0.48408,-0.17328,0.05068,2.55065,0.46787,1.54758,0.44533,0.47946,-0.14903
122.300000,6115,0.07136,2.68979,0.50546,1.50569,0.46770,0.47952,-0.16443,0.06035,2.67802,0.50671,1.50638,0.45867,0.48660,-0.17922,0.04814,2.56932,0.47452,1.55314,0.44025,0.48166,-0.15439
122.400000,6120,0.06831,2.71306,0.51271,1.51027,0.46655,0.48029,-0.16977,0.05766,2.69921,0.51437,1.50956,0.45423,0.48930,-0.18480,0.04546,2.58830,0.48134,1.55790,0.43541,0.48427,-0.15938
122.500000,6125,0.06602,2.73252,0.52187,1.51256,0.46274,0.48143,-0.17358,0.05465,2.71766,0.52084,1.51319,0.45006,0.49272,-0.18939,0.04265,2.60758,0.48832,1.56184,0.43080,0.48731,-0.16402
122.600000,6130,0.06602,2.75617,0.52912,1.51447,0.45587,0.48754,-0.18083,0.05162,2.73586,0.52662,1.51500,0.44609,0.49645,-0.19439,0.03974,2.62714,0.49545,1.56496,0.42644,0.49075,-0.16829
122.700000,6135,0.06183,2.77944,0.53942,1.51599,0.44786,0.49097,-0.18426,0.04893,2.75967,0.53727,1.51611,0.44230,0.50011,-0.19797,0.03670,2.64696,0.50274,1.56722,0.42235,0.49463,-0.17219
122.800000,6140,0.05382,2.80233,0.54972,1.51828,0.44519,0.49478,-0.18502,0.04495,2.78747,0.54701,1.51465,0.43985,0.50444,-0.20219,0.03342,2.66695,0.51016,1.56827,0.41863,0.49890,-0.17556
122.900000,6145,0.05191,2.82865,0.55429,1.52095,0.44481,0.49822,-0.18846,0.04097,2.80128,0.55077,1.51390,0.43670,0.50958,-0.20516,0.02964,2.68700,0.51771,1.56744,0.41548,0.50356,-0.17814
123.000000,6150,0.04924,2.85154,0.56688,1.52095,0.44214,0.50165,-0.19151,0.03707,2.82009,0.55727,1.51108,0.43415,0.51502,-0.20794,0.02571,2.70717,0.52535,1.56563,0.41265,0.50859,-0.18029
123.100000,6155,0.04886,2.87405,0.57451,1.52095,0.44099,0.50546,-0.19571,0.03335,2.84720,0.56824,1.50842,0.43200,0.52014,-0.21041,0.02216,2.72760,0.53306,1.56416,0.40981,0.51395,-0.18259
123.200000,6160,0.04161,2.89579,0.58481,1.52095,0.43871,0.51081,-0.19952,0.03078,2.86457,0.57678,1.50604,0.42919,0.52610,-0.21211,0.01880,2.74820,0.54083,1.56256,0.40709,0.51963,-0.18483
123.300000,6165,0.03436,2.92097,0.59282,1.52095,0.43794,0.51805,-0.20334,0.02686,2.88251,0.58085,1.50273,0.42723,0.53266,-0.21557,0.01539,2.76886,0.54867,1.56019,0.40466,0.52563,-0.18675
123.400000,6170,0.03283,2.94462,0.60274,1.52057,0.43756,0.52568,-0.20677,0.02322,2.90499,0.58858,1.49818,0.42554,0.53908,-0.21787,0.01189,2.78958,0.55655,1.55699,0.40254,0.53194,-0.18833
123.500000,6175,0.03245,2.96636,0.61151,1.52057,0.43718,0.53064,-0.20829,0.01928,2.93234,0.60004,1.49284,0.42477,0.54529,-0.21920,0.00832,2.81036,0.56449,1.55300,0.40072,0.53854,-0.18960
123.600000,6180,0.02368,2.99268,0.62220,1.51904,0.43146,0.53560,-0.21097,0.01617,2.95023,0.60777,1.48674,0.42353,0.55291,-0.22027,0.00467,2.83121,0.57248,1.54819,0.39920,0.54543,-0.19055
123.700000,6185,0.01796,3.01634,0.63135,1.51561,0.42917,0.54476,-0.21058,0.01170,2.97709,0.61682,1.47997,0.42312,0.55981,-0.22186,0.00092,2.85219,0.58052,1.54254,0.39799,0.55263,-0.19121
123.800000,6190,0.01605,3.04037,0.63936,1.50951,0.42383,0.55086,-0.21287,0.00753,2.99549,0.62233,1.47279,0.42269,0.56779,-0.22298,-0.00295,2.87337,0.58865,1.53603,0.39707,0.56015,-0.19158
123.900000,6195,0.01567,3.06402,0.64775,1.49845,0.42268,0.55849,-0.21402,0.00375,3.01866,0.63145,1.46441,0.42219,0.57581,-0.22326,-0.00697,2.89490,0.59691,1.52857,0.39645,0.56804,-0.19166
124.000000,6200,0.01147,3.08767,0.65767,1.48929,0.42268,0.56688,-0.21440,-0.00012,3.03896,0.64053,1.45494,0.42214,0.58433,-0.22276,-0.01127,2.91688,0.60533,1.51984,0.39620,0.57637,-0.19138
124.100000,6205,0.00194,3.11323,0.66950,1.48013,0.42268,0.57718,-0.21402,-0.00515,3.06782,0.65190,1.44139,0.42353,0.59307,-0.22250,-0.01614,2.93927,0.61389,1.50904,0.39649,0.58516,-0.19046
124.200000,6210,-0.00074,3.14146,0.67751,1.46564,0.42268,0.58443,-0.21402,-0.01075,3.09111,0.65875,1.42913,0.42478,0.60301,-0.22251,-0.02128,2.96293,0.62287,1.49695,0.39708,0.59470,-0.18932
124.300000,6215,-0.00341,3.17007,0.69010,1.44771,0.42307,0.59549,-0.21402,-0.01566,3.11551,0.66821,1.41521,0.42587,0.61387,-0.22123,-0.02645,2.98841,0.63242,1.48392,0.39792,0.60522,-0.18811
124.400000,6220,-0.01256,3.19716,0.70078,1.43131,0.42345,0.60389,-0.21402,-0.01997,3.13838,0.67349,1.39773,0.43156,0.61648,-0.21853,-0.03019,3.01212,0.63854,1.46807,0.40258,0.61419,-0.18461
124.500000,6225,-0.01714,3.22233,0.70269,1.41719,0.43680,0.60656,-0.20944,-0.01940,3.14607,0.66733,1.37473,0.44773,0.61648,-0.20632,-0.02945,3.02603,0.63311,1.44466,0.41873,0.61601,-0.17370
124.600000,6230,-0.01676,3.23378,0.70231,1.38705,0.45397,0.60770,-0.19800,-0.01693,3.16405,0.66234,1.34792,0.46934,0.61648,-0.19084,-0.02652,3.03656,0.62399,1.41732,0.43975,0.61420,-0.15943
124.700000,6235,-0.01599,3.24179,0.69925,1.35196,0.47304,0.60846,-0.18312,-0.01461,3.18118,0.65491,1.31697,0.49232,0.61648,-0.17833,-0.02426,3.04753,0.61406,1.38905,0.46126,0.61341,-0.14484
124.800000,6240,-0.01409,3.25590,0.68895,1.32716,0.49822,0.60808,-0.17129,-0.01275,3.18118,0.64364,1.28974,0.51241,0.61648,-0.16276,-0.02296,3.05861,0.60352,1.36067,0.48252,0.61396,-0.13041
124.900000,6245,-0.01409,3.26124,0.68094,1.30122,0.52034,0.60884,-0.15527,-0.01239,3.18118,0.63328,1.26276,0.53266,0.61648,-0.14882,-0.02256,3.06940,0.59276,1.33308,0.50285,0.61573,-0.11660
125.000000,6250,-0.01409,3.26086,0.67064,1.27185,0.53369,0.60961,-0.14383,-0.00993,3.18118,0.62191,1.24279,0.54769,0.61648,-0.13650,-0.02118,3.07562,0.58268,1.31061,0.51988,0.61515,-0.10403
125.100000,6255,-0.01027,3.26086,0.65424,1.26117,0.54972,0.60923,-0.13124,-0.00364,3.16915,0.60490,1.24764,0.54635,0.60941,-0.13003,-0.01704,3.06179,0.57231,1.31080,0.52296,0.60740,-0.09688
125.200000,6260,-0.00875,3.25209,0.64013,1.26117,0.55048,0.60350,-0.12628,0.00215,3.15088,0.59712,1.26190,0.54218,0.59870,-0.12665,-0.01110,3.03916,0.56240,1.32414,0.51879,0.59670,-0.09384
125.300000,6265,-0.00188,3.22996,0.63173,1.26460,0.54933,0.59702,-0.12361,0.00712,3.13694,0.58998,1.27421,0.53899,0.58828,-0.12466,-0.00527,3.01780,0.55319,1.33712,0.51475,0.58685,-0.09141
125.400000,6270,0.00842,3.20517,0.62067,1.27185,0.54628,0.58710,-0.12284,0.01213,3.11657,0.58169,1.28527,0.53545,0.57973,-0.12103,-0.00019,2.99726,0.54420,1.34778,0.51128,0.57783,-0.08858
125.500000,6275,0.01376,3.18152,0.61037,1.28329,0.54361,0.57833,-0.11827,0.01678,3.09414,0.57284,1.29480,0.53204,0.57124,-0.11703,0.00429,2.97735,0.53538,1.35657,0.50828,0.56948,-0.08540
125.600000,6280,0.01643,3.15748,0.60083,1.29397,0.54247,0.57108,-0.11254,0.02031,3.07719,0.56375,1.30274,0.52969,0.56334,-0.11418,0.00846,2.95800,0.52675,1.36416,0.50566,0.56167,-0.08209
125.700000,6285,0.02025,3.13307,0.59091,1.30237,0.53560,0.56459,-0.10911,0.02414,3.06244,0.55851,1.30967,0.52749,0.55562,-0.10966,0.01239,2.93900,0.51823,1.37078,0.50334,0.55430,-0.07863
125.800000,6290,0.02368,3.11132,0.58100,1.30847,0.52721,0.55467,-0.10835,0.02822,3.04024,0.54793,1.31610,0.52485,0.54908,-0.10637,0.01622,2.92028,0.50982,1.37674,0.50127,0.54728,-0.07509
125.900000,6295,0.02482,3.08805,0.56955,1.31496,0.52683,0.54933,-0.10301,0.03237,3.02210,0.54118,1.32375,0.52269,0.54212,-0.10208,0.02029,2.90203,0.50160,1.38290,0.49931,0.54057,-0.07187
126.000000,6300,0.02940,3.06707,0.56040,1.32411,0.52454,0.54361,-0.10110,0.03574,3.00218,0.52963,1.33020,0.52104,0.53603,-0.09977,0.02446,2.88409,0.49351,1.38888,0.49751,0.53415,-0.06876
126.100000,6305,0.03627,3.04609,0.55353,1.32907,0.52378,0.53865,-0.09767,0.03988,2.98536,0.52476,1.33575,0.51910,0.52984,-0.09399,0.02821,2.86601,0.48533,1.39340,0.49606,0.52808,-0.06508
126.200000,6310,0.03932,3.02206,0.54476,1.33098,0.52263,0.53026,-0.09271,0.04327,2.96963,0.51855,1.33922,0.51790,0.52367,-0.08926,0.03150,2.84780,0.47708,1.39630,0.49496,0.52239,-0.06076
126.300000,6315,0.04123,3.00031,0.53369,1.33098,0.52072,0.52454,-0.08851,0.04628,2.94992,0.50943,1.34187,0.51676,0.51856,-0.08424,0.03456,2.82970,0.46888,1.39821,0.49414,0.51708,-0.05612
126.400000,6320,0.04390,2.97704,0.52263,1.33288,0.52034,0.52072,-0.08165,0.04837,2.93763,0.50214,1.34253,0.51691,0.51327,-0.08019,0.03745,2.81177,0.46077,1.39926,0.49358,0.51214,-0.05120
126.500000,6325,0.05038,2.95683,0.51119,1.34242,0.52072,0.51729,-0.07707,0.05133,2.91807,0.49431,1.34337,0.51630,0.50882,-0.07423,0.04016,2.79403,0.45276,1.39947,0.49325,0.50758,-0.04600
126.600000,6330,0.05267,2.93661,0.50699,1.34318,0.51996,0.51271,-0.07402,0.05437,2.89476,0.48490,1.34440,0.51522,0.50509,-0.06764,0.04269,2.77648,0.44486,1.39885,0.49316,0.50339,-0.04051
126.700000,6335,0.05534,2.91753,0.49478,1.34318,0.51996,0.50775,-0.06639,0.05687,2.87934,0.47868,1.34351,0.51517,0.50103,-0.06135,0.04504,2.75912,0.43706,1.39738,0.49330,0.49957,-0.03471
126.800000,6340,0.05572,2.89274,0.48792,1.34318,0.51996,0.50279,-0.05876,0.05830,2.87020,0.47467,1.34100,0.51656,0.49699,-0.05501,0.04721,2.74196,0.42937,1.39507,0.49366,0.49614,-0.02859
126.900000,6345,0.05763,2.87519,0.47685,1.34318,0.51996,0.49974,-0.05227,0.06018,2.84554,0.46240,1.33884,0.51672,0.49462,-0.04883,0.04917,2.72501,0.42181,1.39191,0.49423,0.49309,-0.02214
127.000000,6350,0.05954,2.85688,0.47075,1.34318,0.51996,0.49669,-0.04808,0.06208,2.83165,0.45662,1.33531,0.51720,0.49176,-0.04168,0.05093,2.70829,0.41438,1.38791,0.49502,0.49042,-0.01536
127.100000,6355,0.06335,2.83590,0.46350,1.34280,0.51958,0.49555,-0.04388,0.06346,2.81687,0.44967,1.33088,0.51820,0.48935,-0.03454,0.05248,2.69180,0.40708,1.38306,0.49600,0.48814,-0.00823
127.200000,6360,0.06564,2.81606,0.45320,1.34280,0.51958,0.49440,-0.03396,0.06484,2.80230,0.44401,1.32564,0.51951,0.48704,-0.02685,0.05380,2.67557,0.39994,1.37736,0.49718,0.48624,-0.00074
127.300000,6365,0.06717,2.80080,0.44481,1.34166,0.51996,0.49326,-0.02671,0.06636,2.77689,0.43276,1.32030,0.51993,0.48633,-0.01865,0.05489,2.65963,0.39294,1.37081,0.49855,0.48474,0.00711
127.400000,6370,0.06907,2.78287,0.43985,1.34090,0.52034,0.49364,-0.01794,0.06717,2.76771,0.43018,1.31330,0.52176,0.48467,-0.00950,0.05572,2.64398,0.38612,1.36341,0.50009,0.48363,0.01532
127.500000,6375,0.06869,2.76342,0.43184,1.33365,0.52034,0.48944,-0.00802,0.06735,2.75676,0.42575,1.30555,0.52398,0.48367,-0.00059,0.05628,2.62866,0.37947,1.35515,0.50181,0.48291,0.02389
127.600000,6380,0.06907,2.74854,0.42497,1.31877,0.52072,0.48754,0.00114,0.06801,2.73278,0.41492,1.29831,0.52480,0.48406,0.00881,0.05656,2.61369,0.37300,1.34605,0.50368,0.48258,0.03284
127.700000,6385,0.06907,2.73214,0.42192,1.30733,0.52072,0.48792,0.00686,0.06813,2.72279,0.41153,1.28822,0.52697,0.48367,0.01849,0.05653,2.59908,0.36672,1.33611,0.50571,0.48263,0.04216
127.800000,6390,0.06907,2.71459,0.41086,1.29855,0.52149,0.48715,0.01601,0.06758,2.71119,0.40650,1.27786,0.52959,0.48385,0.02813,0.05633,2.58472,0.36057,1.32551,0.50785,0.48302,0.05180
127.900000,6395,0.06907,2.70086,0.40437,1.28749,0.52378,0.48792,0.02746,0.06787,2.69130,0.39708,1.26826,0.53120,0.48488,0.03764,0.05638,2.57017,0.35430,1.31493,0.50999,0.48361,0.06159
128.000000,6400,0.06869,2.68140,0.39636,1.27872,0.52454,0.48792,0.03585,0.06770,2.68529,0.39550,1.25670,0.53407,0.48505,0.04803,0.05642,2.55569,0.34805,1.30396,0.51218,0.48449,0.07166
128.100000,6405,0.06869,2.66423,0.38988,1.26651,0.52530,0.48906,0.04920,0.06660,2.67221,0.38883,1.24441,0.53681,0.48671,0.05837,0.05566,2.54202,0.34221,1.29146,0.51462,0.48588,0.08232
128.200000,6410,0.06907,2.65355,0.38606,1.25316,0.52797,0.48868,0.05950,0.06525,2.65577,0.38212,1.23136,0.53906,0.48884,0.06998,0.05400,2.52922,0.33684,1.27731,0.51731,0.48779,0.09364
128.300000,6415,0.06831,2.64020,0.37996,1.23713,0.52835,0.49173,0.07133,0.06319,2.64362,0.37731,1.21658,0.54176,0.49115,0.08218,0.05181,2.51693,0.33171,1.26211,0.52015,0.49011,0.10544
128.400000,6420,0.06869,2.62342,0.37347,1.21806,0.52950,0.49478,0.08086,0.06030,2.63391,0.37315,1.20084,0.54494,0.49363,0.09458,0.04916,2.50504,0.32679,1.24595,0.52312,0.49280,0.11772
128.500000,6425,0.06831,2.61197,0.36737,1.20242,0.53217,0.49631,0.09307,0.05682,2.63160,0.37264,1.18241,0.54908,0.49616,0.10683,0.04599,2.49363,0.32209,1.22882,0.52623,0.49586,0.13049
128.600000,6430,0.06526,2.60205,0.36623,1.18564,0.54018,0.49783,0.10795,0.05327,2.61897,0.36742,1.16502,0.55204,0.49983,0.12044,0.04229,2.48266,0.31760,1.21069,0.52946,0.49930,0.14377
128.700000,6435,0.06030,2.59023,0.36584,1.16351,0.54705,0.50203,0.12092,0.04945,2.60341,0.36181,1.14801,0.55449,0.50406,0.13555,0.03800,2.47220,0.31335,1.19155,0.53282,0.50311,0.15756
128.800000,6440,0.05458,2.57878,0.35898,1.14177,0.54819,0.50394,0.13274,0.04437,2.59807,0.35909,1.12688,0.55871,0.50788,0.14872,0.03308,2.46224,0.30932,1.17136,0.53631,0.50731,0.17188
128.900000,6445,0.04962,2.56848,0.35516,1.12422,0.55048,0.50852,0.14724,0.03887,2.59369,0.35865,1.10505,0.56300,0.51206,0.16371,0.02750,2.45279,0.30554,1.15011,0.53993,0.51188,0.18675
129.000000,6450,0.04733,2.55971,0.35249,1.10095,0.55315,0.51386,0.16403,0.03286,2.58006,0.35276,1.08356,0.56622,0.51758,0.17949,0.02122,2.44388,0.30198,1.12776,0.54368,0.51684,0.20219
129.100000,6455,0.03856,2.55094,0.35059,1.07119,0.55467,0.52034,0.18005,0.02588,2.57509,0.35190,1.06044,0.57020,0.52254,0.19610,0.01418,2.43550,0.29867,1.10427,0.54758,0.52220,0.21824
129.200000,6460,0.02940,2.54140,0.34448,1.04983,0.55773,0.52530,0.19149,0.01859,2.56869,0.35055,1.03530,0.57419,0.52821,0.21290,0.00633,2.42766,0.29560,1.07959,0.55161,0.52798,0.23491
129.300000,6465,0.01986,2.53568,0.34029,1.02275,0.56192,0.53179,0.21018,0.00916,2.56540,0.34743,1.00877,0.57941,0.53421,0.22890,-0.00238,2.42038,0.29276,1.05367,0.55580,0.53418,0.25225
129.400000,6470,0.01262,2.53110,0.33990,0.99604,0.57299,0.53713,0.23155,-0.00109,2.55968,0.34382,0.98229,0.58396,0.54088,0.24680,-0.01201,2.41366,0.29017,1.02647,0.56013,0.54082,0.27028
129.500000,6475,0.00270,2.52309,0.33952,0.96629,0.57489,0.54514,0.24604,-0.01115,2.55552,0.34384,0.95333,0.58869,0.54787,0.26572,-0.02259,2.40753,0.28782,0.99799,0.56461,0.54791,0.28900
129.600000,6480,-0.00951,2.51622,0.33914,0.93691,0.57756,0.55048,0.26588,-0.02225,2.55182,0.34394,0.92361,0.59353,0.55544,0.28552,-0.03413,2.40200,0.28572,0.96829,0.56921,0.55545,0.30837
129.700000,6485,-0.02133,2.51279,0.33838,0.90678,0.58100,0.55696,0.28839,-0.03539,2.54821,0.33991,0.89267,0.59880,0.56332,0.30381,-0.04658,2.39709,0.28386,0.93755,0.57392,0.56340,0.32826
129.800000,6490,-0.03431,2.50630,0.33380,0.87550,0.58481,0.56497,0.30593,-0.04825,2.54537,0.33982,0.86136,0.60383,0.57160,0.32414,-0.05980,2.39284,0.28226,0.90616,0.57865,0.57166,0.34844
129.900000,6495,-0.04918,2.50401,0.33380,0.83964,0.59015,0.57527,0.32234,-0.06205,2.54046,0.33656,0.83072,0.60838,0.58016,0.34364,-0.07358,2.38937,0.28098,0.87470,0.58333,0.58007,0.36849
130.000000,6500,-0.06139,2.50478,0.33380,0.81103,0.60007,0.58214,0.34484,-0.07572,2.53892,0.33752,0.80046,0.61273,0.58845,0.36338,-0.08779,2.38718,0.28031,0.84393,0.58788,0.58841,0.38768
130.100000,6505,-0.07894,2.50401,0.33380,0.77936,0.60312,0.58977,0.36354,-0.08897,2.53744,0.33737,0.77179,0.61698,0.59619,0.38131,-0.10140,2.38519,0.27962,0.81484,0.59209,0.59644,0.40591
130.200000,6510,-0.08962,2.49944,0.33380,0.75228,0.60465,0.59931,0.37803,-0.10244,2.53916,0.33561,0.74481,0.62178,0.60339,0.39579,-0.11419,2.38387,0.27919,0.78823,0.59589,0.60391,0.42245
130.300000,6515,-0.10183,2.49448,0.33342,0.72481,0.60694,0.60541,0.39558,-0.11274,2.53425,0.33437,0.72245,0.62420,0.60926,0.41016,-0.12530,2.38209,0.27859,0.76495,0.59903,0.61038,0.43700
130.400000,6520,-0.11289,2.49066,0.33113,0.70879,0.60770,0.60999,0.40931,-0.11926,2.52965,0.32008,0.72323,0.62267,0.61648,0.41802,-0.13174,2.37415,0.27698,0.74833,0.59946,0.61306,0.44574
130.500000,6525,-0.11670,2.48914,0.31358,0.70841,0.60694,0.61533,0.41542,-0.12050,2.51099,0.31519,0.71647,0.61880,0.61478,0.41821,-0.13329,2.35931,0.27494,0.73912,0.59660,0.61094,0.44668
130.600000,6530,-0.11670,2.47235,0.31320,0.70688,0.60617,0.61495,0.41542,-0.12025,2.50053,0.31624,0.71133,0.61530,0.61014,0.41543,-0.13264,2.34258,0.27294,0.73382,0.59248,0.60683,0.44399
130.700000,6535,-0.11709,2.44946,0.31320,0.70116,0.60274,0.61418,0.41465,-0.11947,2.48560,0.31436,0.70784,0.61141,0.60622,0.41283,-0.13178,2.32734,0.27117,0.72956,0.58863,0.60288,0.44110
130.800000,6540,-0.11670,2.43115,0.31244,0.69735,0.60274,0.61075,0.41198,-0.11821,2.46735,0.31036,0.70572,0.60715,0.60322,0.41064,-0.13100,2.31357,0.26956,0.72571,0.58514,0.59932,0.43849
130.900000,6545,-0.11670,2.41818,0.30710,0.69429,0.60045,0.60694,0.41160,-0.11727,2.45262,0.30826,0.70282,0.60349,0.60003,0.40881,-0.13027,2.30070,0.26806,0.72212,0.58189,0.59598,0.43605
131.000000,6550,-0.11670,2.40369,0.30633,0.69277,0.59778,0.60617,0.40779,-0.11665,2.44200,0.30743,0.69932,0.60050,0.59648,0.40621,-0.12957,2.28831,0.26662,0.71866,0.57876,0.59277,0.43371
131.100000,6555,-0.11632,2.39110,0.30481,0.68895,0.59587,0.60083,0.40703,-0.11636,2.43501,0.30876,0.69600,0.59798,0.59302,0.40414,-0.12888,2.27617,0.26521,0.71527,0.57569,0.58963,0.43141
131.200000,6560,-0.11632,2.37965,0.30481,0.68667,0.59511,0.59893,0.40397,-0.11535,2.42075,0.30584,0.69263,0.59453,0.59000,0.40163,-0.12820,2.26414,0.26380,0.71191,0.57264,0.58651,0.42912
131.300000,6565,-0.11632,2.36592,0.30023,0.68323,0.58863,0.59740,0.40321,-0.11432,2.40447,0.30228,0.69071,0.59101,0.58720,0.39958,-0.12752,2.25213,0.26240,0.70856,0.56960,0.58340,0.42685
131.400000,6570,-0.11632,2.35181,0.29909,0.67904,0.58062,0.59282,0.39901,-0.11359,2.39072,0.29966,0.68819,0.58748,0.58418,0.39764,-0.12684,2.24013,0.26101,0.70521,0.56657,0.58029,0.42457
131.500000,6575,-0.11556,2.33769,0.29603,0.67827,0.57718,0.59015,0.39634,-0.11281,2.37972,0.29879,0.68488,0.58449,0.58078,0.39516,-0.12616,2.22813,0.25961,0.70186,0.56353,0.57718,0.42230
131.600000,6580,-0.11403,2.32167,0.29375,0.67675,0.57566,0.58481,0.39405,-0.11210,2.36703,0.29707,0.68250,0.58116,0.57786,0.39343,-0.12548,2.21613,0.25821,0.69851,0.56050,0.57407,0.42002
131.700000,6585,-0.11365,2.30870,0.29336,0.66988,0.57375,0.58138,0.39215,-0.11157,2.35942,0.29826,0.67909,0.57843,0.57430,0.39139,-0.12480,2.20413,0.25681,0.69516,0.55746,0.57097,0.41775
131.800000,6590,-0.11365,2.30107,0.29336,0.66759,0.57299,0.57794,0.39215,-0.11067,2.34592,0.29576,0.67597,0.57502,0.57135,0.38901,-0.12412,2.19213,0.25541,0.69181,0.55443,0.56786,0.41548
131.900000,6595,-0.11365,2.28772,0.29336,0.66645,0.57184,0.57642,0.38833,-0.11007,2.33341,0.29394,0.67296,0.57197,0.56812,0.38683,-0.12345,2.18013,0.25402,0.68846,0.55139,0.56475,0.41320
132.000000,6600,-0.11365,2.27322,0.28879,0.66225,0.56917,0.57299,0.38681,-0.10911,2.32031,0.29264,0.67066,0.56851,0.56480,0.38506,-0.12277,2.16813,0.25262,0.68511,0.54836,0.56164,0.41093
132.100000,6605,-0.11327,2.26521,0.28535,0.65844,0.56459,0.56993,0.38376,-0.10852,2.30744,0.28992,0.66816,0.56532,0.56198,0.38281,-0.12209,2.15613,0.25122,0.68176,0.54532,0.55853,0.40865
132.200000,6610,-0.11327,2.25033,0.28497,0.65500,0.55696,0.56764,0.38070,-0.10781,2.29613,0.28898,0.66492,0.56228,0.55881,0.38060,-0.12141,2.14413,0.24982,0.67841,0.54229,0.55542,0.40638
132.300000,6615,-0.11060,2.23279,0.28345,0.65004,0.55162,0.56383,0.37765,-0.10696,2.28474,0.28848,0.66225,0.55911,0.55541,0.37867,-0.12073,2.13213,0.24842,0.67506,0.53925,0.55231,0.40410
132.400000,6620,-0.11060,2.22210,0.28078,0.64547,0.55010,0.55849,0.37307,-0.10601,2.27020,0.28506,0.65914,0.55557,0.55270,0.37623,-0.12005,2.12013,0.24702,0.67171,0.53622,0.54920,0.40183
132.500000,6625,-0.11060,2.20990,0.28039,0.64547,0.54972,0.55467,0.37040,-0.10534,2.25734,0.28302,0.65626,0.55248,0.54960,0.37399,-0.11937,2.10813,0.24563,0.66836,0.53318,0.54610,0.39956
132.600000,6630,-0.11060,2.19426,0.28039,0.64165,0.54705,0.55277,0.36926,-0.10477,2.24770,0.28327,0.65381,0.54941,0.54619,0.37237,-0.11869,2.09613,0.24423,0.66501,0.53015,0.54299,0.39728
132.700000,6635,-0.10831,2.18243,0.27505,0.63631,0.54552,0.54972,0.36659,-0.10370,2.23276,0.28050,0.65093,0.54586,0.54307,0.37014,-0.11801,2.08412,0.24283,0.66166,0.52711,0.53988,0.39501
132.800000,6640,-0.10831,2.17175,0.27391,0.63364,0.54285,0.54705,0.36544,-0.10314,2.22069,0.27848,0.64788,0.54285,0.54011,0.36779,-0.11733,2.07212,0.24143,0.65831,0.52408,0.53677,0.39273
132.900000,6645,-0.10755,2.16069,0.27391,0.63364,0.53942,0.54437,0.36239,-0.10263,2.21292,0.27954,0.64444,0.54017,0.53660,0.36565,-0.11665,2.06012,0.24003,0.65496,0.52104,0.53366,0.39046
133.000000,6650,-0.10793,2.14619,0.27391,0.62792,0.53140,0.54018,0.36201,-0.10166,2.19687,0.27556,0.64237,0.53664,0.53381,0.36329,-0.11597,2.04812,0.23864,0.65161,0.51801,0.53055,0.38818
133.100000,6655,-0.10488,2.13360,0.26742,0.62334,0.52683,0.53751,0.35858,-0.10058,2.18169,0.27316,0.64038,0.53272,0.53081,0.36186,-0.11529,2.03612,0.23724,0.64826,0.51497,0.52744,0.38591
133.200000,6660,-0.10259,2.12063,0.26742,0.62143,0.52416,0.53179,0.35820,-0.10012,2.17320,0.27379,0.63707,0.53004,0.52746,0.35995,-0.11461,2.02412,0.23584,0.64491,0.51194,0.52434,0.38363
133.300000,6665,-0.10259,2.10537,0.26742,0.61609,0.52263,0.52873,0.35667,-0.09944,2.16165,0.27210,0.63385,0.52689,0.52419,0.35740,-0.11393,2.01212,0.23444,0.64156,0.50890,0.52123,0.38136
133.400000,6670,-0.09954,2.09469,0.26742,0.61571,0.52072,0.52530,0.35438,-0.09867,2.15112,0.27162,0.63032,0.52388,0.52095,0.35523,-0.11325,2.00012,0.23304,0.63821,0.50587,0.51812,0.37909
133.500000,6675,-0.09954,2.08859,0.26704,0.61190,0.51920,0.52378,0.35095,-0.09757,2.13179,0.26617,0.62873,0.52000,0.51838,0.35312,-0.11257,1.98812,0.23164,0.63486,0.50283,0.51501,0.37681
133.600000,6680,-0.09687,2.07485,0.26170,0.61037,0.51653,0.52034,0.34828,-0.09721,2.12759,0.26894,0.62472,0.51743,0.51461,0.35097,-0.11189,1.97612,0.23025,0.63151,0.49980,0.51190,0.37454
133.700000,6685,-0.09725,2.05578,0.26132,0.60656,0.51424,0.51767,0.34370,-0.09636,2.11265,0.26603,0.62195,0.51421,0.51158,0.34871,-0.11121,1.96412,0.22885,0.62816,0.49676,0.50879,0.37226
133.800000,6690,-0.09649,2.04472,0.25903,0.60045,0.50585,0.51424,0.34332,-0.09557,2.09731,0.26209,0.61967,0.51087,0.50885,0.34624,-0.11053,1.95212,0.22745,0.62481,0.49373,0.50568,0.36999
133.900000,6695,-0.09687,2.03633,0.25827,0.60007,0.50165,0.51195,0.34179,-0.09461,2.08479,0.26111,0.61679,0.50733,0.50561,0.34459,-0.10986,1.94012,0.22605,0.62146,0.49069,0.50258,0.36771
134.000000,6700,-0.09687,2.01954,0.25522,0.59702,0.49860,0.50623,0.33989,-0.09415,2.07853,0.26353,0.61413,0.50465,0.50202,0.34319,-0.10918,1.92812,0.22465,0.61811,0.48766,0.49947,0.36544
134.100000,6705,-0.09687,2.00886,0.25483,0.59244,0.49707,0.50279,0.33645,-0.09318,2.06046,0.25799,0.61167,0.50077,0.49934,0.34063,-0.10850,1.91612,0.22326,0.61476,0.48462,0.49636,0.36316
134.200000,6710,-0.09343,2.00085,0.25255,0.58977,0.49478,0.49898,0.33607,-0.09250,2.04901,0.25649,0.60814,0.49791,0.49622,0.33798,-0.10782,1.90412,0.22186,0.61141,0.48159,0.49325,0.36089
134.300000,6715,-0.09153,1.98750,0.25216,0.58863,0.49364,0.49669,0.33607,-0.09178,2.03989,0.25741,0.60493,0.49490,0.49277,0.33638,-0.10714,1.89212,0.22046,0.60806,0.47855,0.49014,0.35862
134.400000,6720,-0.09153,1.96995,0.24797,0.58290,0.49021,0.49478,0.33302,-0.09091,2.02582,0.25508,0.60283,0.49138,0.48947,0.33432,-0.10646,1.88012,0.21906,0.60471,0.47552,0.48703,0.35634
134.500000,6725,-0.09153,1.95889,0.24759,0.57985,0.48868,0.49326,0.33073,-0.09019,2.01314,0.25261,0.59986,0.48822,0.48665,0.33183,-0.10578,1.86812,0.21766,0.60136,0.47248,0.48392,0.35407
134.600000,6730,-0.09114,1.94973,0.24759,0.57833,0.48296,0.48868,0.32844,-0.08954,1.99993,0.25053,0.59719,0.48511,0.48369,0.32984,-0.10510,1.85612,0.21626,0.59801,0.46945,0.48082,0.35179
134.700000,6735,-0.09114,1.93333,0.24606,0.57642,0.47685,0.48601,0.32463,-0.08881,1.99131,0.25171,0.59380,0.48222,0.48005,0.32800,-0.10442,1.84412,0.21487,0.59466,0.46641,0.47771,0.34952
134.800000,6740,-0.09114,1.92188,0.24148,0.57260,0.47151,0.48143,0.32005,-0.08751,1.97276,0.24699,0.59165,0.47815,0.47721,0.32581,-0.10374,1.83212,0.21347,0.59131,0.46338,0.47460,0.34724
134.900000,6745,-0.08580,1.91273,0.23958,0.56993,0.47113,0.47609,0.31700,-0.08749,1.96662,0.24770,0.58808,0.47595,0.47405,0.32348,-0.10306,1.82012,0.21207,0.58796,0.46034,0.47149,0.34497
135.000000,6750,-0.08542,1.90014,0.23958,0.56536,0.46922,0.47304,0.31623,-0.08680,1.95615,0.24724,0.58488,0.47289,0.47067,0.32131,-0.10238,1.80812,0.21067,0.58461,0.45731,0.46838,0.34269
135.100000,6755,-0.08313,1.88374,0.23767,0.56230,0.46770,0.47151,0.31356,-0.08583,1.94207,0.24545,0.58298,0.46923,0.46740,0.31982,-0.10170,1.79612,0.20927,0.58126,0.45427,0.46527,0.34042
135.200000,6760,-0.08275,1.87534,0.23538,0.55887,0.46579,0.46884,0.31318,-0.08492,1.92485,0.24053,0.58038,0.46565,0.46489,0.31729,-0.10102,1.78412,0.20787,0.57791,0.45124,0.46216,0.33815
135.300000,6765,-0.08046,1.86619,0.23538,0.55658,0.46350,0.46579,0.31280,-0.08460,1.91595,0.23974,0.57702,0.46298,0.46152,0.31461,-0.10034,1.77212,0.20648,0.57456,0.44820,0.45906,0.33587
135.400000,6770,-0.08046,1.85093,0.23500,0.55467,0.45969,0.46159,0.30937,-0.08351,1.90379,0.23948,0.57444,0.45952,0.45835,0.31319,-0.09966,1.76012,0.20508,0.57121,0.44517,0.45595,0.33360
135.500000,6775,-0.08046,1.83605,0.23462,0.54933,0.45244,0.45854,0.30593,-0.08275,1.88911,0.23670,0.57187,0.45624,0.45543,0.31111,-0.09898,1.74812,0.20368,0.56786,0.44213,0.45284,0.33132
135.600000,6780,-0.08008,1.82804,0.23462,0.54552,0.44824,0.45282,0.30555,-0.08189,1.87619,0.23441,0.56876,0.45289,0.45241,0.30868,-0.09830,1.73612,0.20228,0.56451,0.43910,0.44973,0.32905
135.700000,6785,-0.08008,1.81660,0.23271,0.54476,0.44557,0.44977,0.30212,-0.08126,1.86569,0.23379,0.56563,0.44990,0.44912,0.30655,-0.09762,1.72412,0.20088,0.56116,0.43606,0.44662,0.32677
135.800000,6790,-0.07779,1.79752,0.23271,0.54209,0.44443,0.44901,0.29830,-0.08073,1.85665,0.23406,0.56285,0.44692,0.44556,0.30472,-0.09695,1.71212,0.19949,0.55781,0.43303,0.44351,0.32450
135.900000,6795,-0.07741,1.79104,0.22622,0.53789,0.44138,0.44672,0.29754,-0.07946,1.83812,0.22904,0.56022,0.44301,0.44291,0.30220,-0.09627,1.70012,0.19809,0.55446,0.42999,0.44040,0.32222
136.000000,6800,-0.07703,1.78455,0.22622,0.53598,0.44099,0.44176,0.29487,-0.07880,1.82736,0.22814,0.55708,0.43999,0.43976,0.30002,-0.09559,1.68812,0.19669,0.55111,0.42696,0.43730,0.31995
136.100000,6805,-0.07512,1.76967,0.22241,0.53408,0.43794,0.43985,0.29182,-0.07840,1.82405,0.23257,0.55368,0.43762,0.43577,0.29860,-0.09491,1.67612,0.19529,0.54776,0.42392,0.43419,0.31768
136.200000,6810,-0.07512,1.75060,0.22241,0.52797,0.43642,0.43565,0.29068,-0.07763,1.80691,0.22772,0.55164,0.43402,0.43309,0.29638,-0.09423,1.66412,0.19389,0.54441,0.42089,0.43108,0.31540
136.300000,6815,-0.07512,1.74068,0.22241,0.52683,0.42879,0.43337,0.28991,-0.07644,1.79016,0.22356,0.54851,0.43041,0.43035,0.29365,-0.09355,1.65212,0.19249,0.54106,0.41785,0.42797,0.31313
136.400000,6820,-0.07474,1.73649,0.22165,0.52454,0.42268,0.43031,0.28991,-0.07599,1.77759,0.22138,0.54631,0.42729,0.42735,0.29161,-0.09287,1.64012,0.19110,0.53771,0.41481,0.42486,0.31085
136.500000,6825,-0.07474,1.72046,0.22165,0.52110,0.41963,0.42497,0.28724,-0.07536,1.77445,0.22547,0.54195,0.42488,0.42335,0.28961,-0.09219,1.62812,0.18970,0.53436,0.41178,0.42175,0.30858
136.600000,6830,-0.07474,1.70406,0.21783,0.51653,0.41772,0.42307,0.28343,-0.07406,1.75270,0.21944,0.54108,0.42043,0.42061,0.28800,-0.09151,1.61612,0.18830,0.53101,0.40874,0.41864,0.30630
136.700000,6835,-0.06978,1.69300,0.21554,0.51576,0.41582,0.41887,0.28305,-0.07455,1.74883,0.21949,0.53639,0.41878,0.41717,0.28451,-0.09083,1.60412,0.18690,0.52766,0.40571,0.41554,0.30403
136.800000,6840,-0.06902,1.68461,0.21516,0.51348,0.41544,0.41658,0.28266,-0.07285,1.72994,0.21638,0.53506,0.41430,0.41460,0.28356,-0.09015,1.59212,0.18550,0.52431,0.40267,0.41243,0.30176
136.900000,6845,-0.06635,1.66858,0.21516,0.50966,0.41238,0.41353,0.27847,-0.07219,1.72066,0.21668,0.53163,0.41143,0.41120,0.28147,-0.08947,1.58011,0.18411,0.52096,0.39964,0.40932,0.29948
137.000000,6850,-0.06597,1.65752,0.21516,0.50546,0.40857,0.41010,0.27580,-0.07128,1.70327,0.21167,0.52885,0.40800,0.40854,0.27857,-0.08879,1.56811,0.18271,0.51761,0.39660,0.40621,0.29721
137.100000,6855,-0.06597,1.65523,0.20944,0.50279,0.40361,0.40628,0.27503,-0.07032,1.69244,0.21156,0.52576,0.40466,0.40522,0.27686,-0.08811,1.55611,0.18131,0.51426,0.39357,0.40310,0.29493
137.200000,6860,-0.06406,1.63959,0.20944,0.50165,0.39827,0.40094,0.27198,-0.07006,1.68405,0.21221,0.52319,0.40206,0.40174,0.27519,-0.08743,1.54411,0.17991,0.51091,0.39053,0.39999,0.29266
137.300000,6865,-0.06406,1.61937,0.20868,0.49593,0.39331,0.39903,0.26779,-0.06911,1.66976,0.20967,0.52054,0.39847,0.39867,0.27314,-0.08675,1.53211,0.17851,0.50756,0.38750,0.39688,0.29038
137.400000,6870,-0.06406,1.60907,0.20868,0.49326,0.39255,0.39674,0.26473,-0.06824,1.65573,0.20690,0.51734,0.39512,0.39572,0.27067,-0.08607,1.52011,0.17711,0.50421,0.38446,0.39378,0.28811
137.500000,6875,-0.06368,1.60183,0.20829,0.49326,0.39217,0.39331,0.26435,-0.06737,1.64137,0.20420,0.51472,0.39171,0.39280,0.26850,-0.08539,1.50811,0.17572,0.50086,0.38143,0.39067,0.28583
137.600000,6880,-0.06368,1.58542,0.20524,0.48944,0.38988,0.39026,0.26130,-0.06676,1.63337,0.20557,0.51214,0.38876,0.38900,0.26688,-0.08471,1.49611,0.17432,0.49751,0.37839,0.38756,0.28356
137.700000,6885,-0.06406,1.57360,0.20181,0.48486,0.38835,0.38950,0.25939,-0.06598,1.61682,0.20129,0.50959,0.38540,0.38640,0.26454,-0.08403,1.48411,0.17292,0.49416,0.37536,0.38445,0.28129
137.800000,6890,-0.06330,1.57207,0.20028,0.48296,0.38492,0.38568,0.25711,-0.06493,1.60547,0.20047,0.50599,0.38207,0.38329,0.26226,-0.08336,1.47211,0.17152,0.49081,0.37232,0.38134,0.27901
137.900000,6895,-0.06101,1.55948,0.20028,0.48219,0.38187,0.38148,0.25672,-0.06481,1.60008,0.20212,0.50228,0.37988,0.37957,0.25993,-0.08268,1.46011,0.17012,0.48746,0.36929,0.37823,0.27674
138.000000,6900,-0.06101,1.54041,0.20028,0.47724,0.37614,0.37843,0.25367,-0.06389,1.58431,0.19907,0.50016,0.37624,0.37670,0.25819,-0.08200,1.44811,0.16873,0.48411,0.36625,0.37512,0.27446
138.100000,6905,-0.06063,1.52706,0.19914,0.47266,0.36890,0.37424,0.25138,-0.06282,1.56837,0.19553,0.49795,0.37246,0.37370,0.25598,-0.08132,1.43611,0.16733,0.48076,0.36322,0.37202,0.27219
138.200000,6910,-0.06025,1.52095,0.19342,0.47075,0.36699,0.36966,0.24909,-0.06225,1.55577,0.19310,0.49470,0.36945,0.37081,0.25346,-0.08064,1.42411,0.16593,0.47741,0.36018,0.36891,0.26991
138.300000,6915,-0.05834,1.50722,0.19342,0.47075,0.36584,0.36737,0.24719,-0.06183,1.55084,0.19586,0.49104,0.36700,0.36703,0.25162,-0.07996,1.41211,0.16453,0.47407,0.35715,0.36580,0.26764
138.400000,6920,-0.05834,1.49310,0.19342,0.46503,0.36317,0.36508,0.24528,-0.06088,1.53598,0.19315,0.48882,0.36346,0.36402,0.24965,-0.07928,1.40011,0.16313,0.47072,0.35411,0.36269,0.26536
138.500000,6925,-0.05834,1.48586,0.19342,0.46236,0.36203,0.36317,0.24223,-0.05980,1.51867,0.18854,0.48625,0.35962,0.36135,0.24715,-0.07860,1.38811,0.16173,0.46737,0.35108,0.35958,0.26309
138.600000,6930,-0.05796,1.47365,0.18884,0.46159,0.35936,0.35936,0.24146,-0.05949,1.51272,0.19108,0.48340,0.35715,0.35769,0.24588,-0.07792,1.37611,0.16034,0.46402,0.34804,0.35647,0.26082
138.700000,6935,-0.05529,1.45915,0.18884,0.45778,0.35707,0.35554,0.23765,-0.05938,1.50196,0.18776,0.48023,0.35443,0.35436,0.24234,-0.07724,1.36411,0.15894,0.46067,0.34501,0.35336,0.25854
138.800000,6940,-0.05490,1.44580,0.18884,0.45473,0.35059,0.35135,0.23765,-0.05773,1.48221,0.18377,0.47754,0.35032,0.35198,0.24063,-0.07656,1.35211,0.15754,0.45732,0.34197,0.35026,0.25627
138.900000,6945,-0.05490,1.43970,0.18121,0.45397,0.34410,0.34830,0.23460,-0.05671,1.46869,0.18223,0.47496,0.34678,0.34889,0.23883,-0.07588,1.34011,0.15614,0.45397,0.33894,0.34715,0.25399
139.000000,6950,-0.04956,1.42825,0.18121,0.44939,0.34257,0.34410,0.23422,-0.05621,1.46076,0.18320,0.47165,0.34404,0.34540,0.23701,-0.07520,1.32811,0.15474,0.45062,0.33590,0.34404,0.25172
139.100000,6955,-0.04956,1.41185,0.18121,0.44748,0.34029,0.34143,0.23116,-0.05569,1.44919,0.18161,0.46880,0.34103,0.34218,0.23478,-0.07452,1.31611,0.15335,0.44727,0.33287,0.34093,0.24944
139.200000,6960,-0.04956,1.39697,0.18045,0.44367,0.33800,0.33990,0.23040,-0.05481,1.43630,0.17975,0.46625,0.33767,0.33900,0.23260,-0.07384,1.30411,0.15195,0.44392,0.32983,0.33782,0.24717
139.300000,6965,-0.04728,1.39316,0.17701,0.44252,0.33609,0.33647,0.23002,-0.05348,1.41797,0.17581,0.46385,0.33380,0.33636,0.23062,-0.07316,1.29211,0.15055,0.44057,0.32680,0.33471,0.24489
139.400000,6970,-0.04689,1.38171,0.17625,0.43985,0.33418,0.33380,0.22849,-0.05349,1.41567,0.17868,0.46018,0.33165,0.33248,0.22837,-0.07248,1.28011,0.14915,0.43722,0.32376,0.33160,0.24262
139.500000,6975,-0.04728,1.36455,0.17625,0.43527,0.33266,0.32884,0.22582,-0.05258,1.39838,0.17460,0.45801,0.32794,0.32981,0.22652,-0.07180,1.26811,0.14775,0.43387,0.32073,0.32850,0.24035
139.600000,6980,-0.04728,1.35272,0.17587,0.43184,0.32579,0.32808,0.22277,-0.05153,1.38258,0.17105,0.45489,0.32453,0.32693,0.22377,-0.07112,1.25611,0.14635,0.43052,0.31769,0.32539,0.23807
139.700000,6985,-0.04651,1.34624,0.17587,0.43184,0.32083,0.32121,0.22277,-0.05094,1.37298,0.17098,0.45176,0.32152,0.32360,0.22193,-0.07044,1.24411,0.14496,0.42717,0.31466,0.32228,0.23580
139.800000,6990,-0.04422,1.33212,0.17549,0.42879,0.31587,0.31930,0.21934,-0.05072,1.36796,0.17289,0.44896,0.31898,0.31986,0.22003,-0.06977,1.23211,0.14356,0.42382,0.31162,0.31917,0.23352
139.900000,6995,-0.04460,1.31953,0.17320,0.42421,0.31358,0.31587,0.21476,-0.04961,1.35141,0.16996,0.44645,0.31535,0.31688,0.21820,-0.06909,1.22011,0.14216,0.42047,0.30859,0.31606,0.23125
140.000000,7000,-0.04460,1.30923,0.16900,0.42230,0.31206,0.31396,0.21171,-0.04871,1.33738,0.16706,0.44306,0.31208,0.31398,0.21552,-0.06841,1.20811,0.14076,0.41712,0.30555,0.31295,0.22897
140.100000,7005,-0.04422,1.30008,0.16748,0.41963,0.31053,0.31053,0.21133,-0.04780,1.32606,0.16619,0.44020,0.30866,0.31080,0.21358,-0.06773,1.19611,0.13936,0.41377,0.30252,0.30984,0.22670
140.200000,7010,-0.04384,1.28520,0.16748,0.41658,0.30939,0.30786,0.20828,-0.04754,1.31526,0.16491,0.43722,0.30605,0.30759,0.21129,-0.06705,1.18411,0.13797,0.41042,0.29948,0.30674,0.22443
140.300000,7015,-0.04422,1.27185,0.16633,0.41238,0.30633,0.30595,0.20599,-0.04606,1.29970,0.16287,0.43532,0.30182,0.30446,0.20983,-0.06637,1.17211,0.13657,0.40707,0.29645,0.30363,0.22215
140.400000,7020,-0.04270,1.26269,0.16252,0.41200,0.30252,0.30061,0.20446,-0.04612,1.28764,0.15905,0.43182,0.29938,0.30151,0.20651,-0.06569,1.16011,0.13517,0.40372,0.29341,0.30052,0.21988
140.500000,7025,-0.04155,1.25545,0.16252,0.41010,0.29832,0.29832,0.20332,-0.04485,1.27283,0.15733,0.42937,0.29567,0.29862,0.20485,-0.06501,1.14811,0.13377,0.40037,0.29038,0.29741,0.21760
140.600000,7030,-0.04155,1.24095,0.16252,0.40437,0.29108,0.29298,0.20065,-0.04446,1.26647,0.15919,0.42597,0.29311,0.29494,0.20314,-0.06433,1.13611,0.13237,0.39702,0.28734,0.29430,0.21533
140.700000,7035,-0.04155,1.22645,0.16137,0.40247,0.28840,0.29146,0.19988,-0.04314,1.24745,0.15465,0.42387,0.28903,0.29220,0.20107,-0.06365,1.12411,0.13097,0.39367,0.28431,0.29119,0.21305
140.800000,7040,-0.04117,1.21959,0.15451,0.40170,0.28726,0.28802,0.19683,-0.04257,1.23517,0.15255,0.42144,0.28585,0.28925,0.19893,-0.06297,1.11211,0.12958,0.39032,0.28127,0.28808,0.21078
140.900000,7045,-0.03583,1.20738,0.15451,0.39713,0.28459,0.28497,0.19340,-0.04163,1.22370,0.15170,0.41788,0.28260,0.28600,0.19671,-0.06229,1.10011,0.12818,0.38697,0.27824,0.28498,0.20850
141.000000,7050,-0.03583,1.19059,0.15451,0.39598,0.28383,0.28383,0.19187,-0.04108,1.21212,0.15054,0.41554,0.27960,0.28278,0.19485,-0.06161,1.08810,0.12678,0.38362,0.27520,0.28187,0.20623
141.100000,7055,-0.03316,1.17915,0.15413,0.39217,0.28078,0.28116,0.18539,-0.04006,1.19726,0.14768,0.41245,0.27603,0.27981,0.19249,-0.06093,1.07610,0.12538,0.38027,0.27217,0.27876,0.20396
141.200000,7060,-0.03202,1.17495,0.14993,0.39064,0.28001,0.27543,0.18539,-0.03944,1.18419,0.14513,0.40975,0.27288,0.27663,0.18990,-0.06025,1.06410,0.12398,0.37692,0.26913,0.27565,0.20168
141.300000,7065,-0.03087,1.16313,0.14955,0.38759,0.27391,0.26971,0.18501,-0.03908,1.17983,0.14825,0.40641,0.27064,0.27303,0.18840,-0.05957,1.05210,0.12258,0.37357,0.26610,0.27254,0.19941
141.400000,7070,-0.03087,1.14634,0.14955,0.38263,0.26628,0.26704,0.18272,-0.03830,1.16561,0.14545,0.40345,0.26736,0.27004,0.18603,-0.05889,1.04010,0.12119,0.37022,0.26306,0.26943,0.19713
141.500000,7075,-0.03087,1.13566,0.14955,0.38110,0.26170,0.26590,0.18119,-0.03732,1.15016,0.14199,0.40054,0.26369,0.26713,0.18368,-0.05821,1.02810,0.11979,0.36687,0.26003,0.26632,0.19486
141.600000,7080,-0.03049,1.12536,0.14955,0.37996,0.26132,0.26208,0.18081,-0.03642,1.13906,0.14158,0.39783,0.26032,0.26395,0.18194,-0.05753,1.01610,0.11839,0.36352,0.25699,0.26322,0.19258
141.700000,7085,-0.03049,1.11430,0.14421,0.37576,0.25903,0.25865,0.17814,-0.03591,1.13006,0.14207,0.39514,0.25762,0.26039,0.18000,-0.05686,1.00410,0.11699,0.36017,0.25396,0.26011,0.19031
141.800000,7090,-0.03049,1.09980,0.14383,0.37271,0.25751,0.25751,0.17776,-0.03530,1.11895,0.14046,0.39153,0.25460,0.25730,0.17754,-0.05618,0.99210,0.11559,0.35682,0.25092,0.25700,0.18803
141.900000,7095,-0.03049,1.09217,0.14344,0.37042,0.25674,0.25483,0.17776,-0.03402,1.09816,0.13482,0.38948,0.25046,0.25478,0.17539,-0.05550,0.98010,0.11420,0.35347,0.24789,0.25389,0.18576
142.000000,7100,-0.02782,1.08454,0.14306,0.36699,0.25331,0.25026,0.17471,-0.03356,1.09028,0.13531,0.38667,0.24766,0.25134,0.17343,-0.05482,0.96810,0.11280,0.35012,0.24485,0.25078,0.18349
142.100000,7105,-0.02782,1.06890,0.14306,0.36508,0.24797,0.24606,0.17204,-0.03316,1.08032,0.13475,0.38322,0.24509,0.24806,0.17110,-0.05414,0.95610,0.11140,0.34677,0.24182,0.24767,0.18121
142.200000,7110,-0.02782,1.05403,0.14268,0.36241,0.23996,0.24263,0.16975,-0.03220,1.06756,0.13332,0.38072,0.24158,0.24492,0.16930,-0.05346,0.94410,0.11000,0.34342,0.23878,0.24456,0.17894
142.300000,7115,-0.02744,1.04449,0.13658,0.35936,0.23614,0.23996,0.16670,-0.03116,1.05241,0.13031,0.37772,0.23797,0.24201,0.16696,-0.05278,0.93210,0.10860,0.34007,0.23575,0.24146,0.17666
142.400000,7120,-0.02591,1.03686,0.13658,0.35745,0.23538,0.23614,0.16593,-0.03093,1.04147,0.12766,0.37491,0.23504,0.23887,0.16410,-0.05210,0.92010,0.10720,0.33672,0.23271,0.23835,0.17439
142.500000,7125,-0.02515,1.02198,0.13658,0.35554,0.23385,0.23309,0.16250,-0.02990,1.03385,0.13042,0.37173,0.23202,0.23527,0.16301,-0.05142,0.90810,0.10581,0.33337,0.22968,0.23524,0.17211
142.600000,7130,-0.02515,1.00825,0.13505,0.35287,0.23195,0.23233,0.15945,-0.02893,1.01522,0.12596,0.36932,0.22843,0.23232,0.16079,-0.05074,0.89610,0.10441,0.33002,0.22664,0.23213,0.16984
142.700000,7135,-0.02515,1.00482,0.12971,0.35020,0.23080,0.22851,0.15907,-0.02796,0.99987,0.12245,0.36661,0.22481,0.22971,0.15843,-0.05006,0.88410,0.10301,0.32667,0.22361,0.22902,0.16756
142.800000,7140,-0.02515,0.99146,0.12971,0.34677,0.22737,0.22470,0.15640,-0.02727,0.98868,0.12150,0.36367,0.22169,0.22646,0.15636,-0.04938,0.87210,0.10161,0.32332,0.22057,0.22591,0.16529
142.900000,7145,-0.02477,0.97239,0.12971,0.34372,0.22317,0.22279,0.15563,-0.02711,0.98507,0.12430,0.36041,0.21940,0.22260,0.15466,-0.04870,0.86010,0.10021,0.31997,0.21753,0.22280,0.16302
143.000000,7150,-0.02515,0.96438,0.12971,0.34067,0.21631,0.21821,0.15334,-0.02569,0.96173,0.11759,0.35869,0.21498,0.22028,0.15259,-0.04802,0.84810,0.09882,0.31662,0.21450,0.21969,0.16074
143.100000,7155,-0.02401,0.96171,0.12246,0.33914,0.21249,0.21364,0.15182,-0.02519,0.95023,0.11509,0.35526,0.21203,0.21720,0.14959,-0.04734,0.83610,0.09742,0.31327,0.21146,0.21659,0.15847
143.200000,7160,-0.01943,0.94759,0.12246,0.33647,0.20944,0.20982,0.15106,-0.02475,0.94523,0.11811,0.35136,0.20988,0.21346,0.14790,-0.04666,0.82410,0.09602,0.30992,0.20843,0.21348,0.15619
143.300000,7165,-0.01905,0.93081,0.12246,0.33266,0.20868,0.20791,0.14800,-0.02371,0.93023,0.11558,0.34933,0.20606,0.21049,0.14616,-0.04598,0.81210,0.09462,0.30657,0.20539,0.21037,0.15392
143.400000,7170,-0.01905,0.91593,0.12246,0.32960,0.20601,0.20677,0.14381,-0.02311,0.92005,0.11486,0.34600,0.20314,0.20721,0.14386,-0.04530,0.80010,0.09322,0.30322,0.20236,0.20726,0.15164
143.500000,7175,-0.01638,0.90945,0.11789,0.32579,0.20524,0.20334,0.13999,-0.02174,0.90064,0.11042,0.34429,0.19883,0.20427,0.14188,-0.04462,0.78810,0.09182,0.29987,0.19932,0.20415,0.14937
143.600000,7180,-0.01447,0.89838,0.11598,0.32464,0.20219,0.19876,0.13885,-0.02168,0.89664,0.11226,0.34068,0.19668,0.20092,0.13981,-0.04394,0.77610,0.09043,0.29652,0.19629,0.20104,0.14709
143.700000,7185,-0.01409,0.88427,0.11598,0.32197,0.19838,0.19609,0.13503,-0.02072,0.88300,0.10990,0.33733,0.19352,0.19787,0.13708,-0.04327,0.76410,0.08903,0.29317,0.19325,0.19793,0.14482
143.800000,7190,-0.01409,0.87511,0.11560,0.31930,0.19342,0.19189,0.13313,-0.01956,0.86423,0.10565,0.33513,0.18956,0.19518,0.13527,-0.04259,0.75210,0.08763,0.28982,0.19022,0.19483,0.14255
143.900000,7195,-0.01371,0.86787,0.11064,0.31778,0.18655,0.18693,0.13313,-0.01919,0.85791,0.10673,0.33207,0.18686,0.19170,0.13331,-0.04191,0.74010,0.08623,0.28647,0.18718,0.19172,0.14027
144.000000,7200,-0.01409,0.85337,0.11064,0.31358,0.18350,0.18502,0.13198,-0.01856,0.84578,0.10512,0.32895,0.18379,0.18848,0.13107,-0.04123,0.72810,0.08483,0.28312,0.18415,0.18861,0.13800
144.100000,7205,-0.01371,0.83735,0.11026,0.31091,0.18274,0.18274,0.12969,-0.01768,0.83046,0.10206,0.32645,0.18025,0.18555,0.12901,-0.04055,0.71610,0.08344,0.27977,0.18111,0.18550,0.13572
144.200000,7210,-0.01332,0.82743,0.11026,0.30786,0.17968,0.18045,0.12817,-0.01670,0.81522,0.09904,0.32394,0.17667,0.18258,0.12673,-0.03987,0.70410,0.08204,0.27642,0.17808,0.18239,0.13345
144.300000,7215,-0.01294,0.81980,0.11026,0.30557,0.17892,0.17816,0.12588,-0.01609,0.80343,0.09786,0.32143,0.17358,0.17935,0.12493,-0.03919,0.69210,0.08064,0.27307,0.17504,0.17928,0.13117
144.400000,7220,-0.01065,0.80416,0.10339,0.30252,0.17587,0.17358,0.12511,-0.01511,0.79394,0.09861,0.31794,0.17051,0.17589,0.12290,-0.03851,0.68010,0.07924,0.26972,0.17201,0.17617,0.12890
144.500000,7225,-0.01065,0.78966,0.10263,0.29985,0.17358,0.17205,0.12206,-0.01441,0.77979,0.09530,0.31496,0.16726,0.17304,0.12030,-0.03783,0.66810,0.07784,0.26637,0.16897,0.17307,0.12663
144.600000,7230,-0.01065,0.78318,0.10186,0.29832,0.16748,0.16519,0.11863,-0.01377,0.76691,0.09357,0.31284,0.16404,0.17007,0.11855,-0.03715,0.65610,0.07644,0.26302,0.16594,0.16996,0.12435
144.700000,7235,-0.00875,0.77288,0.09767,0.29527,0.16061,0.16366,0.11749,-0.01307,0.75370,0.09116,0.30935,0.16088,0.16685,0.11600,-0.03647,0.64410,0.07505,0.25967,0.16290,0.16685,0.12208
144.800000,7240,-0.00875,0.75876,0.09767,0.29222,0.15718,0.16061,0.11443,-0.01230,0.74226,0.09035,0.30654,0.15767,0.16366,0.11418,-0.03579,0.63210,0.07365,0.25632,0.15987,0.16374,0.11980
144.900000,7245,-0.00875,0.74503,0.09729,0.28840,0.15641,0.15756,0.11214,-0.01116,0.72736,0.08816,0.30394,0.15392,0.16068,0.11232,-0.03511,0.62010,0.07225,0.25297,0.15683,0.16063,0.11753
145.000000,7250,-0.00836,0.73702,0.09729,0.28688,0.15374,0.15527,0.11062,-0.01058,0.71539,0.08631,0.30122,0.15093,0.15757,0.10999,-0.03443,0.60810,0.07085,0.24962,0.15380,0.15752,0.11525
145.100000,7255,-0.00836,0.72596,0.09729,0.28383,0.15298,0.15222,0.10947,-0.00991,0.70429,0.08559,0.29874,0.14766,0.15431,0.10833,-0.03375,0.59610,0.06945,0.24627,0.15076,0.15441,0.11298
145.200000,7260,-0.00798,0.71184,0.09729,0.28039,0.14993,0.14917,0.10680,-0.00950,0.69818,0.08668,0.29476,0.14534,0.15069,0.10581,-0.03307,0.58409,0.06806,0.24292,0.14773,0.15131,0.11070
145.300000,7265,-0.00798,0.70307,0.09652,0.28039,0.14917,0.14497,0.10604,-0.00837,0.67980,0.08236,0.29234,0.14148,0.14801,0.10358,-0.03239,0.57209,0.06666,0.23957,0.14469,0.14820,0.10843
145.400000,7270,-0.00264,0.69277,0.08813,0.27696,0.14497,0.14116,0.10337,-0.00784,0.66651,0.07931,0.28965,0.13831,0.14497,0.10104,-0.03171,0.56009,0.06526,0.23622,0.14166,0.14509,0.10616
145.500000,7275,0.00003,0.68056,0.08508,0.27276,0.13810,0.13620,0.10184,-0.00706,0.65593,0.07948,0.28727,0.13499,0.14175,0.09980,-0.03103,0.54809,0.06386,0.23287,0.13862,0.14198,0.10388
145.600000,7280,0.00003,0.66607,0.08470,0.27124,0.13162,0.13467,0.09956,-0.00629,0.64738,0.07992,0.28354,0.13225,0.13830,0.09741,-0.03036,0.53609,0.06246,0.22952,0.13559,0.13887,0.10161
145.700000,7285,0.00003,0.65691,0.08470,0.26781,0.13047,0.13314,0.09917,-0.00535,0.62804,0.07471,0.28110,0.12852,0.13574,0.09497,-0.02968,0.52409,0.06106,0.22617,0.13255,0.13576,0.09933
145.800000,7290,0.00232,0.64852,0.08393,0.26552,0.12819,0.12780,0.09574,-0.00473,0.61953,0.07485,0.27804,0.12563,0.13232,0.09288,-0.02900,0.51209,0.05967,0.22282,0.12952,0.13265,0.09706
145.900000,7295,0.00232,0.63440,0.08432,0.26323,0.12666,0.12742,0.09498,-0.00441,0.61510,0.07721,0.27409,0.12327,0.12847,0.09092,-0.02832,0.50009,0.05827,0.21947,0.12648,0.12955,0.09478
146.000000,7300,0.00270,0.62372,0.08393,0.25979,0.12399,0.12437,0.09116,-0.00309,0.59266,0.07110,0.27263,0.11895,0.12613,0.08894,-0.02764,0.48809,0.05687,0.21612,0.12345,0.12644,0.09251
146.100000,7305,0.00270,0.61228,0.07745,0.25751,0.12323,0.12017,0.08849,-0.00227,0.58117,0.07030,0.26940,0.11577,0.12270,0.08684,-0.02696,0.47609,0.05547,0.21277,0.12041,0.12333,0.09023
146.200000,7310,0.00270,0.60121,0.07745,0.25483,0.11941,0.11674,0.08811,-0.00148,0.56776,0.06774,0.26650,0.11250,0.11991,0.08443,-0.02628,0.46409,0.05407,0.20942,0.11738,0.12022,0.08796
146.300000,7315,0.00308,0.58710,0.07745,0.25216,0.10987,0.11178,0.08430,-0.00086,0.55905,0.06808,0.26309,0.10984,0.11651,0.08224,-0.02560,0.45209,0.05268,0.20607,0.11434,0.11711,0.08569
146.400000,7320,0.00308,0.57337,0.07745,0.24835,0.10568,0.10987,0.08086,-0.00008,0.54498,0.06529,0.26073,0.10625,0.11347,0.08014,-0.02492,0.44009,0.05128,0.20272,0.11131,0.11400,0.08341
146.500000,7325,0.00308,0.56345,0.07554,0.24644,0.10453,0.10644,0.07857,0.00063,0.53334,0.06413,0.25773,0.10298,0.11024,0.07818,-0.02424,0.42809,0.04988,0.19937,0.10827,0.11089,0.08114
146.600000,7330,0.00537,0.55582,0.07211,0.24415,0.10301,0.10339,0.07743,0.00113,0.51972,0.06136,0.25585,0.09983,0.10685,0.07579,-0.02356,0.41609,0.04848,0.19602,0.10524,0.10779,0.07886
146.700000,7335,0.00575,0.54209,0.06982,0.24186,0.10110,0.10110,0.07590,0.00221,0.50724,0.06058,0.25204,0.09652,0.10405,0.07403,-0.02288,0.40409,0.04708,0.19267,0.10220,0.10468,0.07659
146.800000,7340,0.00613,0.52645,0.06982,0.23843,0.10034,0.09881,0.07362,0.00274,0.49782,0.06042,0.24923,0.09363,0.10066,0.07211,-0.02220,0.39209,0.04568,0.18932,0.09917,0.10157,0.07431
146.900000,7345,0.00575,0.52263,0.06791,0.23538,0.09767,0.09462,0.07285,0.00407,0.47990,0.05690,0.24666,0.08976,0.09777,0.06990,-0.02152,0.38009,0.04429,0.18597,0.09613,0.09846,0.07204
147.000000,7350,0.00804,0.51157,0.06486,0.23385,0.09347,0.09004,0.06980,0.00431,0.47050,0.05577,0.24390,0.08709,0.09468,0.06775,-0.02084,0.36809,0.04289,0.18262,0.09310,0.09535,0.06976
147.100000,7355,0.01109,0.49402,0.06448,0.22928,0.08584,0.08660,0.06637,0.00518,0.45939,0.05515,0.24067,0.08380,0.09144,0.06565,-0.02016,0.35609,0.04149,0.17927,0.09006,0.09224,0.06749
147.200000,7360,0.01109,0.48219,0.06448,0.22737,0.08012,0.08317,0.06599,0.00596,0.44467,0.05226,0.23835,0.08042,0.08849,0.06353,-0.01948,0.34409,0.04009,0.17592,0.08703,0.08913,0.06522
147.300000,7365,0.01109,0.47418,0.06448,0.22432,0.07859,0.08165,0.06560,0.00678,0.43245,0.05102,0.23525,0.07722,0.08531,0.06150,-0.01880,0.33209,0.03869,0.17257,0.08399,0.08603,0.06294
147.400000,7370,0.01109,0.46236,0.06333,0.22203,0.07745,0.07707,0.06217,0.00773,0.42013,0.04995,0.23214,0.07390,0.08198,0.05936,-0.01812,0.32009,0.03729,0.16922,0.08096,0.08292,0.06067
147.500000,7375,0.01147,0.44634,0.05609,0.22127,0.07516,0.07516,0.06141,0.00799,0.41317,0.05020,0.22913,0.07123,0.07859,0.05733,-0.01744,0.30809,0.03590,0.16587,0.07792,0.07981,0.05839
147.600000,7380,0.01338,0.43794,0.05609,0.21631,0.07402,0.07402,0.05530,0.00927,0.39192,0.04493,0.22669,0.06726,0.07615,0.05505,-0.01677,0.29609,0.03450,0.16252,0.07489,0.07670,0.05612
147.700000,7385,0.01376,0.42841,0.05189,0.21478,0.07096,0.06829,0.05492,0.00961,0.38588,0.04606,0.22354,0.06471,0.07253,0.05306,-0.01609,0.28409,0.03310,0.15917,0.07185,0.07359,0.05384
147.800000,7390,0.01414,0.41544,0.05151,0.21249,0.06715,0.06562,0.05378,0.01031,0.37402,0.04451,0.22030,0.06165,0.06939,0.05075,-0.01541,0.27209,0.03170,0.15582,0.06882,0.07048,0.05157
147.900000,7395,0.01643,0.40285,0.05151,0.20791,0.05914,0.06066,0.05111,0.01098,0.36303,0.04330,0.21716,0.05873,0.06627,0.04831,-0.01473,0.26009,0.03030,0.15247,0.06578,0.06737,0.04929
148.000000,7400,0.01681,0.39369,0.05151,0.20791,0.05570,0.05838,0.05073,0.01215,0.34465,0.03958,0.21476,0.05477,0.06345,0.04654,-0.01405,0.24809,0.02891,0.14912,0.06275,0.06427,0.04702
148.100000,7405,0.01872,0.38263,0.05151,0.20410,0.05265,0.05418,0.04920,0.01229,0.33940,0.04053,0.21232,0.05217,0.05992,0.04454,-0.01337,0.23609,0.02751,0.14577,0.05971,0.06116,0.04475
148.200000,7410,0.01910,0.37118,0.05113,0.20219,0.05151,0.05189,0.04691,0.01366,0.31882,0.03578,0.20939,0.04815,0.05727,0.04235,-0.01269,0.22409,0.02611,0.14242,0.05668,0.05805,0.04247
148.300000,7415,0.01910,0.35669,0.04197,0.20143,0.04884,0.04960,0.04462,0.01430,0.30916,0.03540,0.20615,0.04520,0.05390,0.04017,-0.01201,0.21209,0.02471,0.13907,0.05364,0.05494,0.04020
148.400000,7420,0.01948,0.34334,0.04006,0.19685,0.04808,0.04808,0.04386,0.01525,0.29514,0.03349,0.20352,0.04173,0.05086,0.03827,-0.01133,0.20009,0.02331,0.13572,0.05061,0.05183,0.03792
148.500000,7425,0.01948,0.33304,0.03930,0.19227,0.04464,0.04388,0.04310,0.01555,0.29000,0.03461,0.19991,0.03938,0.04731,0.03577,-0.01065,0.18809,0.02191,0.13237,0.04757,0.04872,0.03565
148.600000,7430,0.01948,0.32236,0.03930,0.19113,0.04083,0.04083,0.03928,0.01655,0.27439,0.03170,0.19710,0.03585,0.04433,0.03363,-0.00997,0.17609,0.02052,0.12902,0.04454,0.04561,0.03337
148.700000,7435,0.02025,0.31053,0.03854,0.18922,0.03358,0.03701,0.03585,0.01759,0.25683,0.02790,0.19473,0.03209,0.04156,0.03152,-0.00929,0.16409,0.01912,0.12567,0.04150,0.04251,0.03110
148.800000,7440,0.02215,0.29909,0.03854,0.18388,0.02938,0.03167,0.02936,0.01796,0.24681,0.02719,0.19229,0.02907,0.03825,0.02978,-0.00861,0.15209,0.01772,0.12232,0.03847,0.03940,0.02883
148.900000,7445,0.02215,0.28840,0.03816,0.18197,0.02633,0.03015,0.02860,0.01895,0.23348,0.02576,0.18971,0.02563,0.03515,0.02801,-0.00793,0.14009,0.01632,0.11897,0.03543,0.03629,0.02655
149.000000,7450,0.02215,0.27658,0.03625,0.17854,0.02557,0.02709,0.02822,0.01925,0.22481,0.02538,0.18606,0.02321,0.03171,0.02557,-0.00725,0.12809,0.01492,0.11562,0.03240,0.03318,0.02428
149.100000,7455,0.02215,0.26590,0.03091,0.17625,0.02290,0.02328,0.02479,0.02019,0.21140,0.02341,0.18277,0.01987,0.02856,0.02319,-0.00657,0.11608,0.01352,0.11227,0.02936,0.03007,0.02200
149.200000,7460,0.02292,0.25522,0.03091,0.17473,0.02213,0.02175,0.02441,0.02107,0.19850,0.02147,0.18053,0.01624,0.02561,0.02124,-0.00589,0.10406,0.01212,0.10892,0.02632,0.02696,0.01972
149.300000,7465,0.02482,0.24415,0.03091,0.17244,0.01946,0.01908,0.02135,0.02195,0.18343,0.01895,0.17754,0.01296,0.02258,0.01912,-0.00521,0.09206,0.01073,0.10556,0.02328,0.02385,0.01745
149.400000,7470,0.02482,0.23004,0.02519,0.16862,0.01718,0.01489,0.02097,0.02282,0.17200,0.01799,0.17452,0.00981,0.01934,0.01683,-0.00453,0.08009,0.00933,0.10222,0.02026,0.02075,0.01518
149.500000,7475,0.02482,0.21592,0.02519,0.16519,0.01031,0.01184,0.02021,0.02346,0.16026,0.01635,0.17148,0.00676,0.01631,0.01466,-0.00386,0.06822,0.00795,0.09891,0.01725,0.01767,0.01293
149.600000,7480,0.02521,0.20601,0.02519,0.16252,0.00344,0.00726,0.01678,0.02417,0.15015,0.01572,0.16848,0.00372,0.01319,0.01274,-0.00320,0.05658,0.00659,0.09566,0.01431,0.01466,0.01072
149.700000,7485,0.02559,0.19456,0.02519,0.15870,0.00039,0.00382,0.01334,0.02464,0.14186,0.01579,0.16629,0.00100,0.01018,0.01119,-0.00257,0.04538,0.00529,0.09253,0.01148,0.01175,0.00860
149.800000,7490,0.02788,0.18426,0.02519,0.15565,-0.00037,0.00115,0.00991,0.02500,0.13314,0.01436,0.16298,-0.00129,0.00753,0.00869,-0.00198,0.03493,0.00407,0.08962,0.00884,0.00905,0.00662
149.900000,7495,0.03093,0.17701,0.02213,0.15413,-0.00266,0.00001,0.00648,0.02623,0.11774,0.01128,0.16112,-0.00434,0.00535,0.00709,-0.00146,0.02582,0.00301,0.08708,0.00653,0.00669,0.00489
150.000000,7500,0.03055,0.17129,0.01756,0.15336,-0.00342,-0.00266,0.00609,0.02626,0.11402,0.01131,0.15960,-0.00583,0.00387,0.00613,-0.00105,0.01859,0.00217,0.08506,0.00470,0.00482,0.00352
150.100000,7505,0.03055,0.16252,0.01756,0.14993,-0.00381,-0.00304,0.00571,0.02634,0.11325,0.01224,0.15749,-0.00659,0.00235,0.00508,-0.00077,0.01364,0.00159,0.08367,0.00345,0.00353,0.00258
150.200000,7510,0.03093,0.15756,0.01756,0.14993,-0.00381,-0.00342,0.00495,0.02672,0.10671,0.01004,0.15686,-0.00767,0.00198,0.00434,-0.00059,0.01039,0.00121,0.08277,0.00263,0.00269,0.00197
150.300000,7515,0.03055,0.15565,0.01756,0.14993,-0.00419,-0.00381,0.00266,0.02685,0.10486,0.00974,0.15642,-0.00816,0.00160,0.00398,-0.00048,0.00846,0.00099,0.08223,0.00214,0.00219,0.00160
150.400000,7520,0.03093,0.15413,0.01679,0.14917,-0.00419,-0.00381,0.00266,0.02699,0.10295,0.00924,0.15613,-0.00855,0.00138,0.00375,-0.00041,0.00725,0.00084,0.08189,0.00183,0.00188,0.00137
150.500000,7525,0.03055,0.15031,0.01679,0.14917,-0.00457,-0.00457,0.00266,0.02674,0.10612,0.01070,0.15577,-0.00832,0.00103,0.00371,-0.00037,0.00656,0.00076,0.08170,0.00166,0.00170,0.00124
