t,idx,q1,q2,q3,q4,q5,q6,q7,cmd1,cmd2,cmd3,cmd4,cmd5,cmd6,cmd7,qref1,qref2,qref3,qref4,qref5,qref6,qref7,ff1,ff2,ff3,ff4,ff5,ff6,ff7
0.000000,0,0.00003,0.00001,0.00001,0.08012,-0.00037,0.00001,-0.00001,0.00160,0.00310,-0.00458,0.09732,-0.00416,-0.00253,-0.00243,0.00160,0.00310,-0.00458,0.08181,-0.00416,-0.00253,-0.00243,0.000,0.000,-0.000,0.000,-0.000,-0.000,0.000
0.100000,5,0.00003,0.00039,-0.00037,0.08851,-0.00266,-0.00114,-0.00001,0.00135,0.00474,-0.00580,0.09732,-0.00427,-0.00231,-0.00128,0.00181,0.00350,-0.00517,0.08206,-0.00471,-0.00286,-0.00275,0.026,0.015,-0.005,0.032,-0.005,-0.009,0.002
0.200000,10,0.00232,0.00039,-0.00037,0.09271,-0.00304,-0.00190,-0.00001,0.00153,0.00744,-0.00811,0.09732,-0.00505,-0.00222,-0.00027,0.00218,0.00423,-0.00624,0.08251,-0.00568,-0.00345,-0.00332,0.055,0.036,-0.016,0.067,-0.016,-0.022,0.000
0.300000,15,0.00194,0.00077,-0.00075,0.09271,-0.00342,-0.00266,-0.00001,0.00203,0.01059,-0.01126,0.09732,-0.00667,-0.00249,0.00016,0.00285,0.00552,-0.00816,0.08333,-0.00742,-0.00451,-0.00434,0.095,0.074,-0.047,0.113,-0.046,-0.047,-0.013
0.400000,20,0.00270,0.00268,-0.00800,0.09462,-0.00686,-0.00304,-0.00001,0.00302,0.01472,-0.01574,0.09732,-0.00948,-0.00350,-0.00022,0.00404,0.00783,-0.01157,0.08477,-0.01052,-0.00639,-0.00615,0.146,0.128,-0.086,0.169,-0.084,-0.081,-0.033
0.500000,25,0.00270,0.00688,-0.01678,0.09614,-0.01678,-0.00800,-0.00154,0.00479,0.02023,-0.02209,0.09732,-0.01383,-0.00560,-0.00168,0.00594,0.01152,-0.01701,0.08708,-0.01548,-0.00939,-0.00904,0.218,0.209,-0.135,0.243,-0.134,-0.130,-0.068
0.600000,30,0.00308,0.01603,-0.02746,0.09652,-0.02631,-0.01411,-0.00497,0.00730,0.02719,-0.03038,0.09732,-0.01992,-0.00903,-0.00422,0.00859,0.01666,-0.02461,0.09030,-0.02239,-0.01359,-0.01308,0.306,0.303,-0.176,0.327,-0.178,-0.181,-0.103
0.700000,35,0.00842,0.02366,-0.04005,0.09767,-0.03165,-0.02135,-0.00955,0.01031,0.03524,-0.04020,0.09732,-0.02744,-0.01346,-0.00752,0.01182,0.02292,-0.03385,0.09423,-0.03080,-0.01870,-0.01800,0.406,0.411,-0.212,0.415,-0.217,-0.230,-0.133
0.800000,40,0.01376,0.03320,-0.05225,0.09996,-0.04310,-0.02746,-0.01565,0.01377,0.04403,-0.05122,0.10209,-0.03595,-0.01862,-0.01167,0.01549,0.03002,-0.04435,0.09868,-0.04035,-0.02449,-0.02358,0.521,0.536,-0.245,0.509,-0.254,-0.277,-0.161
0.900000,45,0.01948,0.04235,-0.06560,0.10568,-0.05569,-0.03203,-0.02290,0.01759,0.05355,-0.06318,0.10731,-0.04554,-0.02413,-0.01621,0.01947,0.03774,-0.05576,0.10352,-0.05072,-0.03079,-0.02964,0.650,0.678,-0.276,0.609,-0.290,-0.325,-0.185
1.000000,50,0.02215,0.05342,-0.07896,0.11254,-0.06103,-0.04043,-0.02671,0.02150,0.06318,-0.07548,0.11265,-0.05538,-0.03047,-0.02105,0.02365,0.04586,-0.06774,0.10860,-0.06163,-0.03741,-0.03601,0.792,0.837,-0.304,0.713,-0.325,-0.371,-0.207
1.100000,55,0.02482,0.06448,-0.09231,0.11712,-0.07857,-0.04844,-0.03167,0.02559,0.07324,-0.08825,0.11820,-0.06576,-0.03654,-0.02602,0.02796,0.05420,-0.08006,0.11382,-0.07283,-0.04421,-0.04256,0.860,0.921,-0.301,0.747,-0.327,-0.380,-0.207
1.200000,60,0.03016,0.07516,-0.10528,0.12323,-0.08544,-0.05454,-0.03930,0.02965,0.08339,-0.10134,0.12382,-0.07639,-0.04291,-0.03107,0.03231,0.06264,-0.09254,0.11912,-0.08419,-0.05111,-0.04920,0.928,1.005,-0.297,0.780,-0.329,-0.388,-0.205
1.300000,65,0.03665,0.08622,-0.11863,0.13047,-0.09803,-0.05988,-0.04579,0.03380,0.09358,-0.11449,0.12945,-0.08711,-0.04914,-0.03634,0.03670,0.07114,-0.10509,0.12444,-0.09560,-0.05804,-0.05587,0.995,1.088,-0.292,0.811,-0.330,-0.396,-0.203
1.400000,70,0.03894,0.09538,-0.13160,0.13581,-0.10795,-0.06675,-0.04960,0.03794,0.10363,-0.12748,0.13496,-0.09775,-0.05575,-0.04143,0.04108,0.07965,-0.11766,0.12977,-0.10704,-0.06498,-0.06255,1.062,1.170,-0.287,0.841,-0.331,-0.403,-0.201
1.500000,75,0.04237,0.10644,-0.14457,0.14116,-0.11672,-0.07476,-0.05342,0.04196,0.11363,-0.14040,0.14044,-0.10835,-0.06243,-0.04655,0.04547,0.08816,-0.13023,0.13510,-0.11847,-0.07192,-0.06923,1.129,1.252,-0.281,0.869,-0.332,-0.410,-0.199
1.600000,80,0.04924,0.11712,-0.15678,0.14650,-0.13046,-0.08086,-0.05761,0.04624,0.12208,-0.15266,0.14564,-0.11961,-0.06956,-0.05319,0.04986,0.09666,-0.14279,0.14043,-0.12990,-0.07886,-0.07591,1.190,1.339,-0.266,0.915,-0.330,-0.410,-0.195
1.700000,85,0.05496,0.12475,-0.16784,0.15260,-0.13808,-0.08544,-0.06448,0.05049,0.13035,-0.16485,0.15076,-0.13093,-0.07672,-0.05983,0.05424,0.10516,-0.15534,0.14576,-0.14132,-0.08579,-0.08259,1.250,1.425,-0.251,0.958,-0.327,-0.410,-0.192
1.800000,90,0.05572,0.13353,-0.18043,0.15794,-0.15144,-0.09345,-0.06982,0.05496,0.13876,-0.17720,0.15596,-0.14219,-0.08353,-0.06656,0.05863,0.11366,-0.16790,0.15108,-0.15274,-0.09273,-0.08926,1.308,1.508,-0.234,0.997,-0.325,-0.409,-0.188
1.900000,95,0.06068,0.14230,-0.19264,0.16252,-0.16097,-0.10184,-0.07707,0.05917,0.14712,-0.18941,0.16106,-0.15345,-0.09101,-0.07303,0.06301,0.12216,-0.18046,0.15641,-0.16417,-0.09966,-0.09594,1.364,1.590,-0.217,1.032,-0.322,-0.408,-0.185
2.000000,100,0.06755,0.15184,-0.20484,0.16824,-0.16898,-0.10719,-0.08355,0.06342,0.15550,-0.20167,0.16623,-0.16473,-0.09806,-0.07970,0.06740,0.13067,-0.19302,0.16174,-0.17560,-0.10660,-0.10262,1.419,1.669,-0.198,1.064,-0.319,-0.406,-0.181
2.100000,105,0.07136,0.15870,-0.21705,0.17320,-0.18424,-0.11291,-0.09080,0.06789,0.16394,-0.21409,0.17149,-0.17614,-0.10486,-0.08651,0.07179,0.13918,-0.20560,0.16707,-0.18704,-0.11355,-0.10930,1.472,1.747,-0.179,1.092,-0.316,-0.404,-0.178
2.200000,110,0.07403,0.16938,-0.22926,0.17892,-0.19111,-0.12168,-0.09843,0.07213,0.17218,-0.22636,0.17654,-0.18748,-0.11242,-0.09314,0.07619,0.14770,-0.21818,0.17241,-0.19849,-0.12050,-0.11599,1.523,1.823,-0.159,1.117,-0.313,-0.401,-0.174
2.300000,115,0.07785,0.17625,-0.24032,0.18312,-0.20637,-0.12817,-0.10530,0.07642,0.18063,-0.23862,0.18174,-0.19872,-0.11946,-0.09974,0.08059,0.15623,-0.23078,0.17775,-0.20995,-0.12745,-0.12269,1.573,1.897,-0.138,1.139,-0.309,-0.398,-0.170
2.400000,120,0.08586,0.18617,-0.25176,0.18922,-0.21362,-0.13389,-0.10987,0.08066,0.18904,-0.25093,0.18685,-0.21019,-0.12682,-0.10625,0.08499,0.16477,-0.24340,0.18310,-0.22143,-0.13442,-0.12940,1.621,1.969,-0.116,1.158,-0.306,-0.395,-0.167
2.500000,125,0.08891,0.19342,-0.26435,0.19456,-0.22735,-0.14076,-0.11445,0.08508,0.19740,-0.26333,0.19203,-0.22143,-0.13394,-0.11295,0.08940,0.17332,-0.25603,0.18846,-0.23292,-0.14140,-0.13611,1.667,2.039,-0.094,1.174,-0.302,-0.391,-0.163
2.600000,130,0.09082,0.20295,-0.27694,0.19876,-0.23879,-0.14915,-0.12132,0.08937,0.20566,-0.27545,0.19719,-0.23269,-0.14134,-0.11977,0.09382,0.18189,-0.26869,0.19383,-0.24444,-0.14839,-0.14284,1.711,2.107,-0.071,1.188,-0.298,-0.387,-0.159
2.700000,135,0.09540,0.20906,-0.28915,0.20410,-0.24833,-0.15601,-0.12895,0.09362,0.21411,-0.28784,0.20240,-0.24418,-0.14845,-0.12651,0.09825,0.19048,-0.28137,0.19921,-0.25598,-0.15540,-0.14959,1.754,2.174,-0.047,1.198,-0.294,-0.382,-0.155
2.800000,140,0.10303,0.22012,-0.30136,0.20982,-0.26168,-0.16059,-0.13543,0.09796,0.22265,-0.30034,0.20769,-0.25569,-0.15554,-0.13341,0.10269,0.19908,-0.29408,0.20460,-0.26754,-0.16242,-0.15635,1.794,2.238,-0.023,1.206,-0.291,-0.377,-0.152
2.900000,145,0.10570,0.22813,-0.31280,0.21631,-0.26931,-0.16784,-0.13963,0.10241,0.23109,-0.31287,0.21284,-0.26728,-0.16292,-0.13992,0.10714,0.20771,-0.30683,0.21001,-0.27914,-0.16946,-0.16312,1.833,2.301,0.001,1.211,-0.287,-0.372,-0.148
3.000000,150,0.10799,0.23805,-0.32386,0.22012,-0.28495,-0.17700,-0.15146,0.10685,0.23934,-0.32515,0.21808,-0.27838,-0.17003,-0.14689,0.11160,0.21636,-0.31961,0.21543,-0.29076,-0.17651,-0.16992,1.870,2.362,0.026,1.213,-0.283,-0.366,-0.144
3.100000,155,0.11371,0.24454,-0.33683,0.22584,-0.29258,-0.18234,-0.15756,0.11114,0.24806,-0.33774,0.22336,-0.29016,-0.17749,-0.15359,0.11608,0.22504,-0.33243,0.22087,-0.30243,-0.18359,-0.17673,1.905,2.422,0.052,1.214,-0.279,-0.360,-0.140
3.200000,160,0.11981,0.25407,-0.34942,0.23118,-0.30555,-0.18768,-0.16214,0.11543,0.25644,-0.35005,0.22855,-0.30149,-0.18499,-0.16038,0.12057,0.23375,-0.34530,0.22632,-0.31413,-0.19070,-0.18357,1.938,2.479,0.078,1.212,-0.275,-0.354,-0.136
3.300000,165,0.12248,0.26208,-0.36163,0.23691,-0.31776,-0.19531,-0.16671,0.12000,0.26505,-0.36277,0.23391,-0.31326,-0.19211,-0.16737,0.12508,0.24249,-0.35821,0.23180,-0.32588,-0.19783,-0.19043,1.969,2.535,0.104,1.208,-0.272,-0.347,-0.132
3.400000,170,0.12515,0.27200,-0.37422,0.23996,-0.32577,-0.20484,-0.17625,0.12428,0.27344,-0.37522,0.23907,-0.32470,-0.19995,-0.17409,0.12961,0.25126,-0.37117,0.23730,-0.33767,-0.20499,-0.19733,1.998,2.590,0.130,1.201,-0.268,-0.340,-0.129
3.500000,175,0.13049,0.28039,-0.38719,0.24606,-0.34027,-0.21095,-0.18159,0.12868,0.28208,-0.38767,0.24437,-0.33627,-0.20737,-0.18094,0.13415,0.26007,-0.38418,0.24282,-0.34951,-0.21218,-0.20424,2.025,2.642,0.157,1.193,-0.265,-0.333,-0.125
3.600000,180,0.13736,0.28802,-0.39863,0.25140,-0.34751,-0.21743,-0.18770,0.13312,0.29080,-0.40048,0.24971,-0.34804,-0.21483,-0.18773,0.13872,0.26893,-0.39726,0.24836,-0.36140,-0.21940,-0.21120,2.070,2.698,0.172,1.186,-0.266,-0.337,-0.125
3.700000,185,0.13965,0.29680,-0.41198,0.25751,-0.36430,-0.22544,-0.19304,0.13779,0.29944,-0.41334,0.25515,-0.35973,-0.22201,-0.19489,0.14331,0.27782,-0.41040,0.25394,-0.37335,-0.22665,-0.21818,2.115,2.753,0.188,1.179,-0.266,-0.341,-0.126
3.800000,190,0.14461,0.30519,-0.42419,0.26132,-0.37155,-0.23307,-0.20295,0.14218,0.30820,-0.42607,0.26046,-0.37163,-0.22990,-0.20168,0.14792,0.28676,-0.42360,0.25954,-0.38537,-0.23395,-0.22520,2.159,2.808,0.204,1.172,-0.267,-0.345,-0.127
3.900000,195,0.15071,0.31549,-0.43678,0.26819,-0.38528,-0.23918,-0.21058,0.14661,0.31683,-0.43883,0.26589,-0.38327,-0.23748,-0.20884,0.15255,0.29575,-0.43688,0.26517,-0.39745,-0.24128,-0.23226,2.202,2.862,0.220,1.164,-0.268,-0.349,-0.128
4.000000,200,0.15529,0.32197,-0.44937,0.27276,-0.39634,-0.24681,-0.21783,0.15142,0.32592,-0.45213,0.27146,-0.39558,-0.24472,-0.21576,0.15722,0.30479,-0.45024,0.27084,-0.40960,-0.24866,-0.23936,2.246,2.915,0.236,1.156,-0.269,-0.353,-0.130
4.100000,205,0.15796,0.33189,-0.46272,0.27925,-0.40893,-0.25634,-0.22470,0.15594,0.33443,-0.46494,0.27689,-0.40727,-0.25258,-0.22318,0.16191,0.31389,-0.46368,0.27654,-0.42183,-0.25608,-0.24651,2.288,2.968,0.253,1.148,-0.270,-0.357,-0.132
4.200000,210,0.16215,0.33990,-0.47493,0.28421,-0.42228,-0.26359,-0.23233,0.16051,0.34357,-0.47812,0.28243,-0.41959,-0.26020,-0.23022,0.16663,0.32305,-0.47720,0.28227,-0.43413,-0.26355,-0.25370,2.331,3.021,0.269,1.139,-0.271,-0.361,-0.134
4.300000,215,0.16940,0.35059,-0.48866,0.29069,-0.43068,-0.26969,-0.23729,0.16510,0.35256,-0.49131,0.28792,-0.43168,-0.26821,-0.23728,0.17139,0.33227,-0.49083,0.28805,-0.44653,-0.27107,-0.26094,2.373,3.073,0.286,1.130,-0.272,-0.365,-0.136
4.400000,220,0.17207,0.35821,-0.50201,0.29603,-0.44594,-0.27999,-0.24415,0.17001,0.36177,-0.50484,0.29361,-0.44403,-0.27573,-0.24448,0.17618,0.34156,-0.50455,0.29387,-0.45901,-0.27865,-0.26824,2.414,3.125,0.303,1.120,-0.273,-0.369,-0.139
4.500000,225,0.17513,0.36928,-0.51460,0.30061,-0.45738,-0.28724,-0.25178,0.17464,0.37066,-0.51812,0.29925,-0.45641,-0.28374,-0.25205,0.18101,0.35092,-0.51838,0.29974,-0.47159,-0.28629,-0.27559,2.455,3.176,0.321,1.109,-0.274,-0.373,-0.142
4.600000,230,0.18314,0.37729,-0.52910,0.30633,-0.47188,-0.29296,-0.26208,0.17935,0.37987,-0.53155,0.30497,-0.46882,-0.29163,-0.25945,0.18588,0.36036,-0.53232,0.30565,-0.48428,-0.29399,-0.28300,2.495,3.227,0.338,1.098,-0.276,-0.377,-0.145
4.700000,235,0.18886,0.38606,-0.54245,0.31244,-0.48141,-0.30250,-0.26781,0.18411,0.38917,-0.54518,0.31059,-0.48139,-0.30006,-0.26665,0.19079,0.36988,-0.54639,0.31162,-0.49707,-0.30176,-0.29048,2.535,3.277,0.356,1.087,-0.277,-0.381,-0.149
4.800000,240,0.18924,0.39636,-0.55656,0.31740,-0.49820,-0.31127,-0.27543,0.18912,0.39841,-0.55904,0.31652,-0.49410,-0.30769,-0.27459,0.19575,0.37949,-0.56058,0.31764,-0.50998,-0.30960,-0.29802,2.574,3.327,0.374,1.075,-0.278,-0.386,-0.153
4.900000,245,0.19687,0.40552,-0.57030,0.32350,-0.50583,-0.31776,-0.28497,0.19373,0.40788,-0.57264,0.32217,-0.50678,-0.31642,-0.28169,0.20075,0.38919,-0.57491,0.32372,-0.52302,-0.31751,-0.30564,2.613,3.377,0.393,1.062,-0.279,-0.390,-0.157
5.000000,250,0.20335,0.41620,-0.58403,0.32884,-0.52299,-0.32692,-0.28993,0.19883,0.41741,-0.58665,0.32815,-0.51952,-0.32436,-0.28951,0.20581,0.39899,-0.58939,0.32986,-0.53619,-0.32550,-0.31334,2.652,3.426,0.411,1.049,-0.281,-0.394,-0.161
5.100000,255,0.20564,0.42307,-0.59814,0.33609,-0.53139,-0.33683,-0.29642,0.20385,0.42710,-0.60102,0.33410,-0.53291,-0.33296,-0.29703,0.21092,0.40889,-0.60402,0.33606,-0.54950,-0.33359,-0.32112,2.689,3.475,0.430,1.035,-0.282,-0.398,-0.166
5.200000,260,0.21060,0.43565,-0.61188,0.34105,-0.54893,-0.34408,-0.30481,0.20901,0.43689,-0.61540,0.34032,-0.54613,-0.34078,-0.30525,0.21608,0.41891,-0.61882,0.34234,-0.56297,-0.34176,-0.32899,2.726,3.523,0.449,1.020,-0.283,-0.402,-0.171
5.300000,265,0.21785,0.44672,-0.62676,0.34791,-0.55733,-0.35171,-0.31511,0.21392,0.44665,-0.62966,0.34629,-0.55936,-0.34977,-0.31299,0.22131,0.42905,-0.63379,0.34869,-0.57659,-0.35003,-0.33695,2.763,3.571,0.468,1.004,-0.285,-0.406,-0.176
5.400000,270,0.22205,0.45473,-0.64125,0.35402,-0.57526,-0.36201,-0.32236,0.21928,0.45676,-0.64455,0.35258,-0.57301,-0.35796,-0.32107,0.22661,0.43931,-0.64896,0.35512,-0.59039,-0.35841,-0.34501,2.799,3.619,0.488,0.988,-0.286,-0.410,-0.182
5.500000,275,0.22510,0.46388,-0.65651,0.36050,-0.58670,-0.37002,-0.33266,0.22453,0.46661,-0.65931,0.35877,-0.58661,-0.36714,-0.32923,0.23197,0.44972,-0.66433,0.36164,-0.60437,-0.36689,-0.35318,2.834,3.667,0.508,0.971,-0.287,-0.414,-0.188
5.600000,280,0.23311,0.47495,-0.67101,0.36661,-0.60272,-0.37841,-0.34143,0.22975,0.47694,-0.67427,0.36510,-0.60039,-0.37609,-0.33738,0.23742,0.46027,-0.67991,0.36825,-0.61854,-0.37550,-0.36146,2.868,3.714,0.528,0.953,-0.289,-0.418,-0.194
5.700000,285,0.23921,0.48601,-0.68627,0.37271,-0.61417,-0.38948,-0.34753,0.23508,0.48716,-0.68936,0.37146,-0.61437,-0.38532,-0.34568,0.24294,0.47097,-0.69572,0.37496,-0.63293,-0.38423,-0.36987,2.902,3.762,0.549,0.934,-0.290,-0.422,-0.200
5.800000,290,0.24379,0.49631,-0.70191,0.37996,-0.63095,-0.39711,-0.35745,0.24074,0.49793,-0.70513,0.37813,-0.62885,-0.39402,-0.35416,0.24855,0.48185,-0.71179,0.38177,-0.64754,-0.39310,-0.37841,2.935,3.809,0.570,0.914,-0.291,-0.426,-0.207
5.900000,295,0.24989,0.50546,-0.71716,0.38492,-0.64316,-0.40474,-0.36470,0.24627,0.50861,-0.72081,0.38481,-0.64334,-0.40346,-0.36287,0.25425,0.49290,-0.72812,0.38870,-0.66240,-0.40212,-0.38709,2.968,3.856,0.591,0.893,-0.292,-0.429,-0.214
6.000000,300,0.25562,0.51691,-0.73395,0.39331,-0.65804,-0.41694,-0.37233,0.25188,0.51940,-0.73668,0.39155,-0.65805,-0.41314,-0.37171,0.26006,0.50416,-0.74475,0.39575,-0.67753,-0.41131,-0.39594,3.000,3.903,0.612,0.871,-0.293,-0.433,-0.222
6.100000,305,0.25867,0.52759,-0.74997,0.40018,-0.67482,-0.42457,-0.38301,0.25787,0.53057,-0.75326,0.39854,-0.67334,-0.42240,-0.38069,0.26599,0.51565,-0.76173,0.40295,-0.69297,-0.42068,-0.40496,3.031,3.950,0.634,0.848,-0.294,-0.436,-0.230
6.200000,310,0.26668,0.53942,-0.76714,0.40628,-0.68855,-0.43487,-0.39369,0.26373,0.54209,-0.77000,0.40569,-0.68865,-0.43251,-0.39003,0.27206,0.52742,-0.77911,0.41033,-0.70879,-0.43028,-0.41420,3.062,3.997,0.656,0.823,-0.295,-0.440,-0.238
6.300000,315,0.27393,0.55200,-0.78392,0.41353,-0.70648,-0.44594,-0.40208,0.26995,0.55402,-0.78728,0.41303,-0.70464,-0.44251,-0.39928,0.27830,0.53953,-0.79700,0.41792,-0.72507,-0.44017,-0.42371,3.092,4.045,0.679,0.798,-0.297,-0.444,-0.247
6.400000,320,0.27698,0.56307,-0.80262,0.42154,-0.72136,-0.45547,-0.41353,0.27640,0.56603,-0.80513,0.42071,-0.72101,-0.45281,-0.40939,0.28478,0.55208,-0.81554,0.42578,-0.74193,-0.45041,-0.43357,3.123,4.094,0.701,0.771,-0.298,-0.448,-0.257
6.500000,325,0.28728,0.57756,-0.82093,0.42955,-0.73815,-0.46654,-0.42154,0.28294,0.57898,-0.82361,0.42865,-0.73806,-0.46382,-0.41958,0.29154,0.56520,-0.83491,0.43400,-0.75956,-0.46110,-0.44387,3.154,4.145,0.725,0.743,-0.299,-0.451,-0.268
6.600000,330,0.29071,0.58863,-0.84038,0.43756,-0.75913,-0.47760,-0.43184,0.29018,0.59290,-0.84357,0.43721,-0.75623,-0.47471,-0.43042,0.29866,0.57901,-0.85531,0.44265,-0.77811,-0.47237,-0.45471,3.184,4.197,0.749,0.712,-0.300,-0.455,-0.279
6.700000,335,0.29720,0.60350,-0.86174,0.44710,-0.77477,-0.48981,-0.44710,0.29771,0.60717,-0.86427,0.44618,-0.77520,-0.48704,-0.44195,0.30621,0.59363,-0.87691,0.45181,-0.79776,-0.48430,-0.46620,3.214,4.252,0.774,0.678,-0.301,-0.458,-0.291
6.800000,340,0.30940,0.61991,-0.88387,0.45702,-0.79384,-0.50125,-0.45854,0.30551,0.62211,-0.88597,0.45549,-0.79504,-0.50040,-0.45397,0.31421,0.60913,-0.89982,0.46153,-0.81860,-0.49695,-0.47837,3.243,4.308,0.801,0.640,-0.302,-0.461,-0.303
6.900000,345,0.31665,0.63517,-0.90752,0.46579,-0.81749,-0.51651,-0.47228,0.31379,0.63776,-0.90885,0.46538,-0.81615,-0.51412,-0.46686,0.32266,0.62552,-0.92402,0.47179,-0.84062,-0.51032,-0.49124,3.269,4.366,0.828,0.597,-0.302,-0.462,-0.315
7.000000,350,0.32428,0.65004,-0.93155,0.47647,-0.84076,-0.53100,-0.48143,0.32266,0.65486,-0.93357,0.47599,-0.83899,-0.52771,-0.48034,0.33152,0.64270,-0.94940,0.48256,-0.86371,-0.52433,-0.50473,3.292,4.425,0.857,0.551,-0.301,-0.463,-0.327
7.100000,355,0.33306,0.66874,-0.95826,0.48715,-0.86403,-0.54550,-0.50012,0.33175,0.67226,-0.95900,0.48674,-0.86215,-0.54298,-0.49422,0.34071,0.66053,-0.97574,0.49373,-0.88767,-0.53888,-0.51873,3.311,4.484,0.886,0.500,-0.300,-0.463,-0.339
7.200000,360,0.34336,0.68628,-0.98382,0.49783,-0.88845,-0.56000,-0.51576,0.34111,0.69042,-0.98542,0.49799,-0.88651,-0.55775,-0.50857,0.35016,0.67884,-1.00278,0.50520,-0.91228,-0.55381,-0.53311,3.326,4.543,0.916,0.447,-0.298,-0.461,-0.350
7.300000,365,0.35213,0.70383,-1.01128,0.50966,-0.91210,-0.57640,-0.52873,0.35058,0.70826,-1.01201,0.50917,-0.91101,-0.57392,-0.52307,0.35977,0.69747,-1.03030,0.51687,-0.93731,-0.56901,-0.54774,3.336,4.601,0.944,0.391,-0.296,-0.459,-0.360
7.400000,370,0.36129,0.72405,-1.03760,0.51996,-0.93537,-0.58975,-0.54209,0.36006,0.72628,-1.03896,0.52059,-0.93596,-0.58935,-0.53810,0.36948,0.71629,-1.05810,0.52866,-0.96260,-0.58437,-0.56253,3.341,4.658,0.971,0.333,-0.293,-0.457,-0.370
7.500000,375,0.37120,0.74122,-1.06431,0.53217,-0.96131,-0.60616,-0.55849,0.36959,0.74449,-1.06605,0.53197,-0.96120,-0.60514,-0.55287,0.37924,0.73521,-1.08606,0.54052,-0.98804,-0.59981,-0.57739,3.341,4.713,0.997,0.274,-0.290,-0.454,-0.380
7.600000,380,0.37960,0.76029,-1.09177,0.54323,-0.98611,-0.62332,-0.57566,0.37912,0.76266,-1.09315,0.54329,-0.98630,-0.62142,-0.56760,0.38903,0.75418,-1.11409,0.55241,-1.01353,-0.61528,-0.59229,3.336,4.767,1.020,0.214,-0.288,-0.450,-0.389
7.700000,385,0.38990,0.77746,-1.11810,0.55467,-1.01014,-0.63705,-0.58710,0.38866,0.78087,-1.12036,0.55472,-1.01167,-0.63720,-0.58253,0.39882,0.77318,-1.14214,0.56431,-1.03906,-0.63078,-0.60720,3.325,4.819,1.040,0.153,-0.285,-0.447,-0.397
7.800000,390,0.39905,0.79653,-1.14556,0.56612,-1.03493,-0.65346,-0.60350,0.39827,0.79899,-1.14756,0.56612,-1.03670,-0.65318,-0.59735,0.40862,0.79217,-1.17020,0.57621,-1.06458,-0.64627,-0.62212,3.310,4.870,1.058,0.092,-0.283,-0.443,-0.405
7.900000,395,0.40897,0.81560,-1.17227,0.57718,-1.05973,-0.66948,-0.61609,0.40778,0.81700,-1.17469,0.57747,-1.06203,-0.66937,-0.61227,0.41841,0.81115,-1.19823,0.58810,-1.09008,-0.66175,-0.63702,3.289,4.919,1.073,0.031,-0.282,-0.440,-0.412
8.000000,400,0.41851,0.83124,-1.20011,0.58786,-1.08300,-0.68474,-0.63364,0.41743,0.83541,-1.20209,0.58900,-1.08754,-0.68497,-0.62714,0.42818,0.83009,-1.22621,0.59997,-1.11554,-0.67721,-0.65190,3.263,4.967,1.085,-0.029,-0.281,-0.436,-0.418
8.100000,405,0.42690,0.85108,-1.22682,0.59816,-1.11161,-0.70191,-0.64699,0.42683,0.85264,-1.22876,0.60013,-1.11230,-0.70135,-0.64208,0.43792,0.84897,-1.25411,0.61180,-1.14092,-0.69262,-0.66673,3.232,5.014,1.094,-0.090,-0.280,-0.432,-0.423
8.200000,410,0.43644,0.86787,-1.25390,0.60923,-1.13374,-0.71449,-0.65996,0.43600,0.87019,-1.25542,0.61110,-1.13735,-0.71769,-0.65644,0.44760,0.86775,-1.28184,0.62356,-1.16615,-0.70793,-0.68147,3.196,5.059,1.099,-0.150,-0.279,-0.429,-0.428
8.300000,415,0.44635,0.88465,-1.27984,0.61991,-1.15968,-0.73090,-0.67827,0.44518,0.88692,-1.28220,0.62183,-1.16252,-0.73369,-0.67068,0.45720,0.88635,-1.30932,0.63522,-1.19114,-0.72311,-0.69608,3.155,5.102,1.102,-0.209,-0.279,-0.425,-0.431
8.400000,420,0.45551,0.90105,-1.30578,0.63059,-1.18524,-0.74578,-0.69048,0.45392,0.90325,-1.30877,0.63234,-1.18763,-0.74798,-0.68443,0.46660,0.90464,-1.33630,0.64684,-1.21564,-0.73795,-0.71044,3.105,5.141,1.105,-0.261,-0.276,-0.418,-0.432
8.500000,425,0.45704,0.91555,-1.32486,0.64699,-1.20393,-0.75073,-0.70116,0.45807,0.89791,-1.33613,0.64593,-1.21677,-0.74798,-0.69558,0.47056,0.91783,-1.35226,0.66934,-1.22558,-0.74177,-0.71981,2.658,5.100,1.270,-0.210,0.319,0.196,-0.318
8.600000,430,0.45627,0.91326,-1.32562,0.68094,-1.19973,-0.72594,-0.70040,0.44990,0.89309,-1.34004,0.67941,-1.22136,-0.74798,-0.69694,0.46602,0.92592,-1.35123,0.70888,-1.21405,-0.72930,-0.72177,2.506,5.044,1.665,-0.116,0.377,0.217,-0.200
8.700000,435,0.45322,0.90945,-1.32562,0.72024,-1.19325,-0.72365,-0.70040,0.44413,0.89939,-1.33775,0.71882,-1.20999,-0.74503,-0.69836,0.46095,0.93349,-1.34892,0.74875,-1.20113,-0.71632,-0.72348,2.480,4.966,1.712,-0.031,0.367,0.206,-0.217
8.800000,440,0.44826,0.91097,-1.32371,0.75800,-1.17761,-0.71716,-0.70040,0.43905,0.90611,-1.33469,0.75760,-1.19683,-0.73299,-0.70070,0.45606,0.94034,-1.34665,0.78735,-1.18837,-0.70411,-0.72555,2.454,4.892,1.755,0.052,0.357,0.194,-0.231
8.900000,445,0.44750,0.91288,-1.32180,0.79500,-1.17036,-0.70648,-0.70116,0.43436,0.91152,-1.33197,0.79511,-1.18392,-0.72111,-0.70346,0.45140,0.94554,-1.34440,0.82449,-1.17551,-0.69253,-0.72791,2.435,4.774,1.795,0.137,0.348,0.182,-0.243
9.000000,450,0.43796,0.91517,-1.31951,0.83124,-1.15357,-0.69847,-0.70459,0.43002,0.91525,-1.32918,0.83095,-1.17070,-0.71031,-0.70633,0.44699,0.94928,-1.34217,0.86007,-1.16269,-0.68165,-0.73055,2.417,4.654,1.831,0.222,0.337,0.169,-0.253
9.100000,455,0.43415,0.91517,-1.31913,0.86596,-1.14632,-0.68703,-0.70803,0.42582,0.91817,-1.32636,0.86530,-1.15745,-0.69964,-0.70950,0.44280,0.95190,-1.33996,0.89402,-1.15009,-0.67153,-0.73344,2.402,4.522,1.862,0.306,0.327,0.156,-0.261
9.200000,460,0.43148,0.91517,-1.31417,0.89915,-1.13107,-0.67940,-0.71108,0.42184,0.91976,-1.32355,0.89785,-1.14457,-0.69057,-0.71267,0.43883,0.95341,-1.33776,0.92632,-1.13774,-0.66217,-0.73655,2.389,4.377,1.889,0.390,0.317,0.142,-0.268
9.300000,465,0.42575,0.91517,-1.31341,0.92967,-1.12153,-0.67215,-0.71261,0.41813,0.92041,-1.32071,0.92891,-1.13186,-0.68143,-0.71647,0.43507,0.95385,-1.33558,0.95699,-1.12567,-0.65354,-0.73986,2.378,4.231,1.913,0.472,0.307,0.127,-0.272
9.400000,470,0.42003,0.91517,-1.31303,0.95866,-1.10856,-0.66414,-0.71680,0.41450,0.91992,-1.31786,0.95830,-1.11952,-0.67355,-0.72023,0.43151,0.95327,-1.33341,0.98609,-1.11387,-0.64561,-0.74334,2.368,4.081,1.934,0.553,0.298,0.112,-0.276
9.500000,475,0.41774,0.91517,-1.30769,0.98727,-1.09788,-0.65651,-0.72062,0.41118,0.91854,-1.31527,0.98621,-1.10733,-0.66600,-0.72407,0.42814,0.95171,-1.33125,1.01367,-1.10237,-0.63833,-0.74697,2.360,3.939,1.952,0.633,0.289,0.096,-0.279
9.600000,480,0.41545,0.91517,-1.30654,1.01359,-1.08567,-0.65231,-0.72863,0.40793,0.91608,-1.31236,1.01259,-1.09524,-0.65939,-0.72799,0.42494,0.94921,-1.32910,1.03982,-1.09114,-0.63169,-0.75074,2.353,3.805,1.967,0.712,0.280,0.078,-0.281
9.700000,485,0.41469,0.91479,-1.30273,1.03839,-1.07270,-0.64774,-0.73435,0.40481,0.91273,-1.30956,1.03758,-1.08350,-0.65343,-0.73204,0.42190,0.94581,-1.32695,1.06458,-1.08020,-0.62565,-0.75463,2.348,3.678,1.979,0.789,0.271,0.060,-0.282
9.800000,490,0.41164,0.91441,-1.30082,1.06242,-1.06545,-0.64354,-0.73778,0.40195,0.90860,-1.30693,1.06135,-1.07232,-0.64767,-0.73640,0.41900,0.94155,-1.32482,1.08803,-1.06953,-0.62018,-0.75863,2.344,3.558,1.989,0.866,0.262,0.041,-0.282
9.900000,495,0.40401,0.91059,-1.30006,1.08454,-1.05248,-0.63782,-0.74045,0.39925,0.90370,-1.30458,1.08384,-1.06170,-0.64242,-0.74075,0.41625,0.93646,-1.32270,1.11021,-1.05915,-0.61525,-0.76273,2.341,3.442,1.996,0.941,0.254,0.020,-0.283
10.000000,500,0.40325,0.90372,-1.29701,1.10629,-1.04333,-0.63286,-0.74312,0.39662,0.89811,-1.30223,1.10509,-1.05116,-0.63771,-0.74498,0.41364,0.93056,-1.32060,1.13116,-1.04904,-0.61085,-0.76692,2.340,3.332,2.002,1.015,0.246,-0.002,-0.283
10.100000,505,0.40096,0.89381,-1.29510,1.12651,-1.03570,-0.62866,-0.74885,0.39414,0.89161,-1.29983,1.12517,-1.04090,-0.63360,-0.74951,0.41115,0.92391,-1.31851,1.15094,-1.03922,-0.60694,-0.77118,2.339,3.223,2.005,1.087,0.238,-0.025,-0.282
10.200000,510,0.39829,0.89190,-1.29357,1.14558,-1.02196,-0.62714,-0.75686,0.39162,0.88381,-1.29701,1.14380,-1.03034,-0.63054,-0.75427,0.40880,0.91633,-1.31645,1.16943,-1.02967,-0.60353,-0.77550,2.345,3.110,2.006,1.157,0.231,-0.052,-0.280
10.300000,515,0.39829,0.88045,-1.28862,1.16084,-1.01624,-0.62676,-0.75876,0.38959,0.87505,-1.29484,1.16080,-1.02060,-0.62703,-0.75832,0.40668,0.90710,-1.31442,1.18612,-1.02035,-0.60067,-0.77983,2.355,2.994,2.004,1.227,0.223,-0.081,-0.278
10.400000,520,0.39791,0.87015,-1.28709,1.17724,-1.00823,-0.62408,-0.76182,0.38759,0.86472,-1.29260,1.17645,-1.01116,-0.62450,-0.76335,0.40471,0.89678,-1.31242,1.20147,-1.01128,-0.59829,-0.78419,2.361,2.886,2.002,1.297,0.216,-0.105,-0.277
10.500000,525,0.39257,0.85833,-1.28327,1.19212,-0.99564,-0.62294,-0.76487,0.38562,0.85454,-1.29059,1.19156,-1.00229,-0.62224,-0.76783,0.40275,0.88645,-1.31043,1.21638,-1.00249,-0.59626,-0.78864,2.359,2.784,1.998,1.367,0.209,-0.126,-0.277
10.600000,530,0.38723,0.84574,-1.28213,1.20700,-0.98992,-0.62256,-0.76945,0.38364,0.84433,-1.28841,1.20633,-0.99340,-0.62034,-0.77267,0.40078,0.87615,-1.30846,1.23092,-0.99398,-0.59458,-0.79320,2.361,2.681,1.994,1.433,0.201,-0.150,-0.277
10.700000,535,0.38684,0.83697,-1.28099,1.22073,-0.98115,-0.62180,-0.77593,0.38159,0.83344,-1.28602,1.22021,-0.98449,-0.61918,-0.77760,0.39889,0.86529,-1.30651,1.24463,-0.98572,-0.59329,-0.79781,2.367,2.575,1.988,1.498,0.195,-0.176,-0.276
10.800000,540,0.38646,0.82667,-1.28022,1.23294,-0.97046,-0.62141,-0.78318,0.37971,0.82195,-1.28385,1.23323,-0.97602,-0.61804,-0.78254,0.39708,0.85374,-1.30460,1.25742,-0.97771,-0.59239,-0.80247,2.373,2.468,1.980,1.561,0.188,-0.202,-0.274
10.900000,545,0.38341,0.81293,-1.27564,1.24438,-0.96474,-0.62103,-0.78661,0.37805,0.80979,-1.28184,1.24535,-0.96793,-0.61727,-0.78767,0.39535,0.84153,-1.30272,1.26929,-0.96996,-0.59187,-0.80715,2.380,2.360,1.970,1.622,0.181,-0.227,-0.272
11.000000,550,0.38150,0.79882,-1.27526,1.25583,-0.95978,-0.62103,-0.79081,0.37631,0.79715,-1.27994,1.25655,-0.96022,-0.61674,-0.79253,0.39371,0.82866,-1.30089,1.28024,-0.96248,-0.59172,-0.81186,2.389,2.251,1.959,1.681,0.174,-0.253,-0.270
11.100000,555,0.38150,0.78699,-1.27374,1.26613,-0.94796,-0.62103,-0.79500,0.37464,0.78369,-1.27794,1.26674,-0.95269,-0.61714,-0.79736,0.39215,0.81518,-1.29910,1.29027,-0.95528,-0.59194,-0.81657,2.399,2.141,1.946,1.737,0.166,-0.279,-0.268
11.200000,560,0.38150,0.77326,-1.27297,1.27604,-0.94147,-0.62141,-0.80225,0.37317,0.76968,-1.27603,1.27605,-0.94518,-0.61739,-0.80221,0.39068,0.80110,-1.29737,1.29937,-0.94838,-0.59250,-0.82127,2.410,2.030,1.932,1.789,0.158,-0.302,-0.265
11.300000,565,0.37845,0.75609,-1.26916,1.28367,-0.93766,-0.62218,-0.80874,0.37184,0.75524,-1.27436,1.28451,-0.93838,-0.61781,-0.80716,0.38930,0.78644,-1.29570,1.30756,-0.94177,-0.59341,-0.82596,2.422,1.918,1.916,1.839,0.150,-0.323,-0.262
11.400000,570,0.37349,0.74198,-1.26878,1.29169,-0.93232,-0.62294,-0.81026,0.37038,0.73992,-1.27252,1.29198,-0.93175,-0.61911,-0.81268,0.38800,0.77124,-1.29409,1.31483,-0.93547,-0.59465,-0.83063,2.434,1.805,1.899,1.883,0.142,-0.343,-0.259
11.500000,575,0.37044,0.72786,-1.26763,1.29664,-0.92240,-0.62408,-0.81637,0.36895,0.72402,-1.27066,1.29843,-0.92522,-0.62080,-0.81767,0.38678,0.75549,-1.29255,1.32119,-0.92948,-0.59621,-0.83527,2.447,1.690,1.881,1.923,0.133,-0.361,-0.256
11.600000,580,0.37044,0.70879,-1.26725,1.30313,-0.91591,-0.62599,-0.81980,0.36783,0.70816,-1.26923,1.30408,-0.91929,-0.62219,-0.82195,0.38566,0.73922,-1.29108,1.32662,-0.92381,-0.59808,-0.83987,2.461,1.575,1.861,1.955,0.124,-0.377,-0.252
11.700000,585,0.37044,0.69315,-1.26725,1.30580,-0.91401,-0.62752,-0.82438,0.36677,0.69144,-1.26769,1.30885,-0.91347,-0.62404,-0.82703,0.38462,0.72245,-1.28969,1.33116,-0.91845,-0.60024,-0.84442,2.476,1.458,1.840,1.981,0.114,-0.392,-0.249
11.800000,590,0.37044,0.67560,-1.26725,1.30961,-0.91095,-0.62904,-0.82896,0.36585,0.67445,-1.26663,1.31273,-0.90840,-0.62610,-0.83144,0.38367,0.70521,-1.28838,1.33481,-0.91341,-0.60267,-0.84891,2.492,1.341,1.818,1.997,0.104,-0.406,-0.245
11.900000,595,0.37044,0.65767,-1.26649,1.31381,-0.90676,-0.63095,-0.83506,0.36490,0.65663,-1.26525,1.31563,-0.90323,-0.62879,-0.83636,0.38280,0.68750,-1.28715,1.33757,-0.90868,-0.60538,-0.85335,2.509,1.222,1.794,2.005,0.093,-0.418,-0.242
12.000000,600,0.37006,0.64089,-1.26267,1.31496,-0.89913,-0.63362,-0.83887,0.36402,0.63848,-1.26403,1.31762,-0.89856,-0.63183,-0.84090,0.38202,0.66934,-1.28600,1.33944,-0.90427,-0.60833,-0.85773,2.526,1.102,1.769,2.004,0.081,-0.429,-0.238
12.100000,605,0.36815,0.62067,-1.26229,1.31572,-0.89226,-0.63820,-0.84307,0.36325,0.61989,-1.26283,1.31874,-0.89400,-0.63478,-0.84546,0.38133,0.65073,-1.28494,1.34044,-0.90017,-0.61154,-0.86204,2.544,0.980,1.743,1.996,0.069,-0.439,-0.234
12.200000,610,0.36739,0.60198,-1.26153,1.31572,-0.88883,-0.64201,-0.84727,0.36260,0.60092,-1.26185,1.31905,-0.88983,-0.63793,-0.85009,0.38073,0.63168,-1.28397,1.34056,-0.89639,-0.61497,-0.86628,2.563,0.857,1.716,1.986,0.057,-0.447,-0.230
12.300000,615,0.36663,0.58176,-1.26115,1.31572,-0.88807,-0.64697,-0.85375,0.36207,0.58155,-1.26103,1.31841,-0.88608,-0.64134,-0.85433,0.38021,0.61218,-1.28308,1.33979,-0.89291,-0.61863,-0.87045,2.582,0.732,1.687,1.975,0.043,-0.455,-0.226
12.400000,620,0.36510,0.56192,-1.26077,1.31572,-0.88578,-0.65041,-0.85833,0.36156,0.56162,-1.26023,1.31693,-0.88277,-0.64505,-0.85884,0.37979,0.59226,-1.28229,1.33814,-0.88973,-0.62250,-0.87454,2.602,0.606,1.657,1.965,0.029,-0.462,-0.222
12.500000,625,0.36510,0.54247,-1.26039,1.31572,-0.88501,-0.65422,-0.86253,0.36116,0.54132,-1.25954,1.31450,-0.87958,-0.64886,-0.86317,0.37947,0.57191,-1.28159,1.33558,-0.88687,-0.62657,-0.87855,2.625,0.478,1.625,1.953,0.012,-0.466,-0.216
12.600000,630,0.36510,0.52110,-1.26039,1.31534,-0.88387,-0.65689,-0.86520,0.36102,0.52085,-1.25910,1.31071,-0.87698,-0.65283,-0.86713,0.37936,0.55130,-1.28106,1.33160,-0.88445,-0.63076,-0.88230,2.658,0.350,1.585,1.926,-0.015,-0.467,-0.201
12.700000,635,0.36510,0.50165,-1.26039,1.31190,-0.88158,-0.65918,-0.86863,0.36107,0.50002,-1.25868,1.30510,-0.87465,-0.65691,-0.87113,0.37952,0.53055,-1.28074,1.32585,-0.88255,-0.63500,-0.88567,2.689,0.225,1.548,1.927,-0.039,-0.469,-0.189
12.800000,640,0.36510,0.47914,-1.26039,1.30618,-0.88082,-0.66490,-0.86977,0.36125,0.47898,-1.25845,1.29876,-0.87263,-0.66124,-0.87450,0.37974,0.50943,-1.28048,1.31945,-0.88088,-0.63941,-0.88901,2.703,0.097,1.522,1.959,-0.042,-0.475,-0.197
12.900000,645,0.36510,0.45816,-1.26039,1.30008,-0.87738,-0.66872,-0.87397,0.36133,0.45737,-1.25846,1.29274,-0.87110,-0.66561,-0.87819,0.37983,0.48773,-1.28017,1.31329,-0.87921,-0.64409,-0.89262,2.713,-0.037,1.495,1.993,-0.045,-0.481,-0.205
13.000000,650,0.36510,0.43565,-1.26000,1.29550,-0.87243,-0.67482,-0.87931,0.36130,0.43509,-1.25819,1.28613,-0.86940,-0.67062,-0.88206,0.37994,0.46554,-1.27989,1.30669,-0.87773,-0.64899,-0.89631,2.734,-0.175,1.460,2.012,-0.061,-0.484,-0.203
13.100000,655,0.36510,0.41315,-1.25962,1.28634,-0.86937,-0.67940,-0.88122,0.36151,0.41259,-1.25824,1.27874,-0.86803,-0.67528,-0.88560,0.38014,0.44283,-1.27970,1.29913,-0.87651,-0.65405,-0.89994,2.757,-0.315,1.423,2.031,-0.077,-0.487,-0.200
13.200000,660,0.36510,0.38950,-1.26000,1.27795,-0.86785,-0.68398,-0.88732,0.36181,0.38916,-1.25827,1.27024,-0.86684,-0.68029,-0.88980,0.38047,0.41940,-1.27960,1.29047,-0.87558,-0.65933,-0.90352,2.782,-0.461,1.384,2.051,-0.095,-0.491,-0.197
13.300000,665,0.36510,0.36546,-1.26000,1.26727,-0.86670,-0.68855,-0.89075,0.36223,0.36478,-1.25827,1.26009,-0.86586,-0.68566,-0.89378,0.38099,0.39510,-1.27965,1.28024,-0.87500,-0.66480,-0.90697,2.818,-0.612,1.336,2.068,-0.122,-0.493,-0.186
13.400000,670,0.36510,0.33990,-1.25962,1.25506,-0.86670,-0.69466,-0.89342,0.36302,0.33978,-1.25887,1.24752,-0.86599,-0.69104,-0.89636,0.38184,0.36989,-1.27992,1.26773,-0.87489,-0.67043,-0.91015,2.853,-0.767,1.288,2.087,-0.149,-0.497,-0.179
13.500000,675,0.36510,0.31358,-1.26000,1.24057,-0.86670,-0.70229,-0.89533,0.36373,0.31276,-1.25949,1.23349,-0.86652,-0.69737,-0.89954,0.38275,0.34319,-1.28024,1.25396,-0.87503,-0.67649,-0.91348,2.862,-0.932,1.266,2.116,-0.139,-0.502,-0.196
13.600000,680,0.36510,0.28764,-1.26000,1.23179,-0.86632,-0.70648,-0.89838,0.36384,0.28995,-1.25941,1.22751,-0.86703,-0.70292,-0.90218,0.38317,0.32124,-1.27883,1.24881,-0.87320,-0.68100,-0.91692,2.825,-1.034,1.440,2.747,0.083,-0.321,-0.163
13.700000,685,0.36510,0.27734,-1.25428,1.24820,-0.86098,-0.69962,-0.89838,0.36271,0.28764,-1.25560,1.24701,-0.86480,-0.70244,-0.90340,0.38276,0.32051,-1.27243,1.26959,-0.86554,-0.67863,-0.91865,2.792,-0.440,1.539,2.859,0.162,0.015,-0.048
13.800000,690,0.36510,0.28345,-1.24360,1.28177,-0.85488,-0.68894,-0.89800,0.36155,0.29683,-1.24823,1.27931,-0.85724,-0.69709,-0.90446,0.38208,0.33051,-1.26366,1.30231,-0.85518,-0.67274,-0.91922,2.791,-0.383,1.563,2.895,0.166,0.036,-0.033
13.900000,695,0.36510,0.29260,-1.23483,1.31534,-0.84229,-0.68245,-0.89800,0.36063,0.30698,-1.23920,1.31306,-0.84706,-0.69130,-0.90548,0.38139,0.34092,-1.25465,1.33601,-0.84452,-0.66666,-0.91978,2.792,-0.338,1.583,2.924,0.166,0.041,-0.031
14.000000,700,0.36510,0.30519,-1.22605,1.34891,-0.83466,-0.67673,-0.89838,0.35994,0.31747,-1.22991,1.34705,-0.83635,-0.68480,-0.90656,0.38069,0.35133,-1.24564,1.36968,-0.83387,-0.66058,-0.92035,2.792,-0.295,1.598,2.949,0.164,0.043,-0.028
14.100000,705,0.36472,0.31587,-1.21652,1.38286,-0.82436,-0.67177,-0.89838,0.35921,0.32833,-1.22053,1.37924,-0.82525,-0.67907,-0.90817,0.38004,0.36239,-1.23721,1.40161,-0.82381,-0.65462,-0.92058,2.799,-0.233,1.595,2.961,0.153,0.045,0.051
14.200000,710,0.36510,0.32884,-1.21194,1.40842,-0.81368,-0.66605,-0.89762,0.35856,0.34825,-1.21350,1.40187,-0.81551,-0.67347,-0.90823,0.37949,0.38267,-1.23267,1.42384,-0.81741,-0.64864,-0.91788,2.798,-0.083,1.456,2.934,0.063,0.045,0.226
14.300000,715,0.36472,0.35860,-1.21194,1.42062,-0.81101,-0.66032,-0.89457,0.35769,0.37617,-1.20973,1.41624,-0.80897,-0.66829,-0.90643,0.37882,0.41101,-1.23162,1.43805,-0.81439,-0.64277,-0.91305,2.792,0.112,1.403,2.898,0.003,0.036,0.238
14.400000,720,0.36472,0.38911,-1.21194,1.43016,-0.80986,-0.65537,-0.89381,0.35704,0.40397,-1.20799,1.42864,-0.80528,-0.66294,-0.90182,0.37815,0.43877,-1.23104,1.45044,-0.81212,-0.63729,-0.90829,2.782,0.295,1.424,2.865,-0.012,0.021,0.219
14.500000,725,0.36472,0.41620,-1.21041,1.44237,-0.80948,-0.65270,-0.89037,0.35646,0.43013,-1.20700,1.44046,-0.80282,-0.65804,-0.89707,0.37741,0.46481,-1.23049,1.46223,-0.81019,-0.63228,-0.90401,2.779,0.466,1.440,2.833,-0.027,0.009,0.207
14.600000,730,0.36434,0.44176,-1.21003,1.45191,-0.80719,-0.64888,-0.88656,0.35611,0.45545,-1.20623,1.45050,-0.80093,-0.65311,-0.89230,0.37695,0.48992,-1.23017,1.47216,-0.80871,-0.62743,-0.89953,2.796,0.632,1.443,2.789,-0.051,0.003,0.215
14.700000,735,0.36434,0.46617,-1.21003,1.46030,-0.80643,-0.64545,-0.88236,0.35605,0.47999,-1.20582,1.45877,-0.79961,-0.64840,-0.88767,0.37676,0.51439,-1.23009,1.48034,-0.80767,-0.62271,-0.89479,2.802,0.794,1.453,2.745,-0.068,-0.005,0.213
14.800000,740,0.36434,0.49173,-1.21003,1.46716,-0.80643,-0.64049,-0.87550,0.35606,0.50378,-1.20544,1.46591,-0.79844,-0.64396,-0.88300,0.37669,0.53820,-1.23014,1.48750,-0.80698,-0.61816,-0.88999,2.805,0.952,1.463,2.700,-0.083,-0.013,0.209
14.900000,745,0.36434,0.51576,-1.21003,1.47327,-0.80643,-0.63515,-0.87130,0.35620,0.52719,-1.20527,1.47218,-0.79776,-0.63966,-0.87809,0.37674,0.56153,-1.23032,1.49373,-0.80662,-0.61377,-0.88512,2.807,1.106,1.473,2.650,-0.099,-0.021,0.207
15.000000,750,0.36434,0.53903,-1.21003,1.47785,-0.80643,-0.63057,-0.86748,0.35643,0.55018,-1.20521,1.47751,-0.79732,-0.63549,-0.87295,0.37689,0.58445,-1.23063,1.49907,-0.80660,-0.60953,-0.88016,2.810,1.257,1.482,2.594,-0.114,-0.029,0.204
15.100000,755,0.36434,0.56116,-1.21003,1.48166,-0.80605,-0.62714,-0.86367,0.35681,0.57282,-1.20527,1.48200,-0.79719,-0.63154,-0.86779,0.37714,0.60704,-1.23107,1.50355,-0.80690,-0.60543,-0.87508,2.812,1.405,1.490,2.531,-0.130,-0.037,0.202
15.200000,760,0.36434,0.58519,-1.21003,1.48433,-0.80643,-0.62485,-0.85986,0.35723,0.59497,-1.20527,1.48559,-0.79715,-0.62786,-0.86280,0.37750,0.62932,-1.23163,1.50721,-0.80754,-0.60149,-0.86990,2.814,1.550,1.496,2.461,-0.146,-0.045,0.200
15.300000,765,0.36434,0.60732,-1.21003,1.48776,-0.80643,-0.62180,-0.85261,0.35779,0.61707,-1.20573,1.48838,-0.79795,-0.62413,-0.85728,0.37795,0.65129,-1.23232,1.51001,-0.80852,-0.59772,-0.86458,2.816,1.694,1.503,2.383,-0.162,-0.054,0.198
15.400000,770,0.36472,0.63021,-1.21003,1.48815,-0.80681,-0.61989,-0.84879,0.35845,0.63874,-1.20621,1.49033,-0.79884,-0.62063,-0.85172,0.37850,0.67295,-1.23314,1.51198,-0.80985,-0.59412,-0.85913,2.817,1.835,1.508,2.299,-0.177,-0.063,0.196
15.500000,775,0.36472,0.65195,-1.21003,1.48967,-0.80719,-0.61913,-0.84154,0.35920,0.66008,-1.20680,1.49140,-0.80007,-0.61739,-0.84598,0.37914,0.69431,-1.23407,1.51312,-0.81153,-0.59072,-0.85356,2.818,1.974,1.513,2.206,-0.193,-0.073,0.194
15.600000,780,0.36472,0.67408,-1.21003,1.49005,-0.80757,-0.61531,-0.83659,0.36004,0.68118,-1.20763,1.49170,-0.80195,-0.61420,-0.84032,0.37987,0.71534,-1.23514,1.51341,-0.81356,-0.58751,-0.84786,2.819,2.110,1.518,2.110,-0.208,-0.084,0.192
15.700000,785,0.36472,0.69391,-1.21003,1.49005,-0.80986,-0.61111,-0.83010,0.36096,0.70200,-1.20863,1.49128,-0.80407,-0.61123,-0.83424,0.38066,0.73605,-1.23630,1.51302,-0.81592,-0.58453,-0.84209,2.812,2.245,1.525,2.047,-0.216,-0.096,0.186
15.800000,790,0.36510,0.71528,-1.21003,1.49005,-0.81063,-0.60730,-0.82552,0.36173,0.72241,-1.20950,1.49099,-0.80629,-0.60875,-0.82855,0.38133,0.75649,-1.23745,1.51280,-0.81841,-0.58181,-0.83654,2.795,2.375,1.537,2.027,-0.216,-0.110,0.173
15.900000,795,0.36510,0.73549,-1.21003,1.49005,-0.81101,-0.60425,-0.81827,0.36243,0.74261,-1.21045,1.49072,-0.80873,-0.60636,-0.82293,0.38192,0.77663,-1.23861,1.51258,-0.82107,-0.57934,-0.83116,2.789,2.502,1.541,1.944,-0.225,-0.123,0.170
16.000000,800,0.36510,0.75648,-1.21041,1.48967,-0.81330,-0.60387,-0.81446,0.36338,0.76227,-1.21146,1.48914,-0.81132,-0.60417,-0.81720,0.38270,0.79628,-1.23994,1.51101,-0.82418,-0.57712,-0.82550,2.798,2.627,1.535,1.790,-0.246,-0.136,0.175
16.100000,805,0.36510,0.77517,-1.21041,1.48967,-0.81482,-0.60349,-0.80797,0.36456,0.78145,-1.21271,1.48569,-0.81461,-0.60223,-0.81100,0.38376,0.81537,-1.24150,1.50757,-0.82785,-0.57515,-0.81941,2.805,2.750,1.532,1.672,-0.262,-0.152,0.177
16.200000,810,0.36548,0.79500,-1.21041,1.48662,-0.81787,-0.60196,-0.80378,0.36589,0.80001,-1.21410,1.48107,-0.81828,-0.60060,-0.80491,0.38496,0.83390,-1.24319,1.50296,-0.83192,-0.57348,-0.81313,2.804,2.872,1.534,1.591,-0.270,-0.169,0.174
16.300000,815,0.36548,0.81217,-1.21041,1.48052,-0.82054,-0.60120,-0.79653,0.36729,0.81813,-1.21574,1.47554,-0.82244,-0.59933,-0.79817,0.38623,0.85189,-1.24497,1.49748,-0.83632,-0.57212,-0.80677,2.803,2.991,1.535,1.516,-0.277,-0.187,0.170
16.400000,820,0.36586,0.83010,-1.21041,1.47518,-0.83123,-0.60081,-0.78928,0.36884,0.83559,-1.21742,1.46921,-0.82682,-0.59800,-0.79188,0.38758,0.86932,-1.24683,1.49114,-0.84105,-0.57108,-0.80033,2.801,3.106,1.536,1.444,-0.283,-0.207,0.166
16.500000,825,0.36815,0.84879,-1.21041,1.46755,-0.83695,-0.60043,-0.78470,0.37032,0.85248,-1.21910,1.46188,-0.83163,-0.59756,-0.78504,0.38900,0.88618,-1.24876,1.48394,-0.84610,-0.57037,-0.79383,2.799,3.220,1.536,1.374,-0.288,-0.227,0.163
16.600000,830,0.36853,0.86329,-1.21118,1.45877,-0.84000,-0.60081,-0.77784,0.37199,0.86891,-1.22106,1.45377,-0.83689,-0.59728,-0.77795,0.39049,0.90246,-1.25075,1.47587,-0.85147,-0.57001,-0.78727,2.797,3.331,1.537,1.306,-0.292,-0.248,0.159
16.700000,835,0.37120,0.88084,-1.21156,1.45076,-0.84153,-0.60081,-0.76983,0.37348,0.88433,-1.22259,1.44463,-0.84191,-0.59780,-0.77174,0.39205,0.91814,-1.25281,1.46694,-0.85715,-0.56999,-0.78065,2.795,3.439,1.536,1.239,-0.295,-0.269,0.155
16.800000,840,0.37120,0.89610,-1.21308,1.43970,-0.84725,-0.60081,-0.76220,0.37536,0.89967,-1.22478,1.43482,-0.84786,-0.59767,-0.76453,0.39369,0.93322,-1.25492,1.45713,-0.86312,-0.57034,-0.77398,2.793,3.545,1.536,1.172,-0.298,-0.290,0.151
16.900000,845,0.37349,0.91059,-1.21537,1.42902,-0.86022,-0.60158,-0.75571,0.37729,0.91433,-1.22706,1.42414,-0.85404,-0.59822,-0.75746,0.39540,0.94767,-1.25708,1.44644,-0.86939,-0.57106,-0.76727,2.790,3.648,1.535,1.105,-0.300,-0.312,0.147
17.000000,850,0.37387,0.92509,-1.21804,1.41643,-0.86365,-0.60234,-0.75113,0.37911,0.92794,-1.22891,1.41238,-0.86022,-0.59983,-0.75086,0.39718,0.96148,-1.25928,1.43487,-0.87594,-0.57215,-0.76052,2.788,3.749,1.534,1.038,-0.302,-0.333,0.143
17.100000,855,0.37693,0.93844,-1.21804,1.40269,-0.86747,-0.60425,-0.74198,0.38100,0.94111,-1.23085,1.39975,-0.86661,-0.60162,-0.74355,0.39904,0.97464,-1.26152,1.42241,-0.88277,-0.57364,-0.75375,2.786,3.848,1.533,0.970,-0.303,-0.354,0.138
17.200000,860,0.38188,0.95141,-1.22033,1.38858,-0.87510,-0.60501,-0.73588,0.38308,0.95376,-1.23315,1.38635,-0.87363,-0.60337,-0.73623,0.40096,0.98713,-1.26378,1.40907,-0.88986,-0.57552,-0.74695,2.784,3.944,1.531,0.902,-0.304,-0.373,0.134
17.300000,865,0.38456,0.96438,-1.22453,1.37408,-0.88578,-0.60654,-0.72939,0.38532,0.96558,-1.23542,1.37207,-0.88073,-0.60559,-0.72955,0.40297,0.99894,-1.26605,1.39483,-0.89721,-0.57781,-0.74015,2.782,4.038,1.529,0.832,-0.304,-0.392,0.130
17.400000,870,0.38456,0.97621,-1.22453,1.35844,-0.89074,-0.61150,-0.72481,0.38752,0.97667,-1.23760,1.35672,-0.88808,-0.60858,-0.72213,0.40505,1.01005,-1.26834,1.37969,-0.90481,-0.58050,-0.73333,2.780,4.129,1.526,0.762,-0.304,-0.408,0.126
17.500000,875,0.38532,0.98536,-1.22872,1.34166,-0.89493,-0.61417,-0.71337,0.38972,0.98722,-1.23986,1.34059,-0.89589,-0.61163,-0.71525,0.40720,1.02047,-1.27064,1.36365,-0.91264,-0.58361,-0.72652,2.778,4.217,1.523,0.691,-0.304,-0.424,0.121
17.600000,880,0.38951,0.99566,-1.23101,1.32564,-0.90676,-0.62065,-0.70726,0.39217,0.99697,-1.24223,1.32352,-0.90361,-0.61512,-0.70789,0.40944,1.03015,-1.27293,1.34668,-0.92071,-0.58715,-0.71971,2.777,4.303,1.520,0.620,-0.304,-0.438,0.117
17.700000,885,0.39028,1.00482,-1.23139,1.30733,-0.91668,-0.62447,-0.70192,0.39468,1.00594,-1.24466,1.30554,-0.91197,-0.61905,-0.70108,0.41177,1.03909,-1.27521,1.32877,-0.92899,-0.59113,-0.71292,2.776,4.385,1.516,0.547,-0.303,-0.451,0.112
17.800000,890,0.39066,1.01626,-1.23750,1.28711,-0.92164,-0.62790,-0.69391,0.39713,1.01416,-1.24687,1.28656,-0.92031,-0.62358,-0.69415,0.41418,1.04730,-1.27748,1.30992,-0.93750,-0.59555,-0.70615,2.775,4.464,1.511,0.474,-0.302,-0.462,0.108
17.900000,895,0.39638,1.01893,-1.23979,1.26727,-0.92850,-0.63133,-0.68705,0.39979,1.02184,-1.24928,1.26664,-0.92894,-0.62829,-0.68668,0.41669,1.05474,-1.27973,1.29010,-0.94621,-0.60043,-0.69940,2.775,4.539,1.505,0.399,-0.301,-0.471,0.104
18.000000,900,0.40134,1.02885,-1.24322,1.24705,-0.94262,-0.63782,-0.67980,0.40256,1.02836,-1.25139,1.24566,-0.93731,-0.63392,-0.67994,0.41930,1.06142,-1.28196,1.26930,-0.95513,-0.60577,-0.69267,2.776,4.609,1.499,0.324,-0.300,-0.479,0.099
18.100000,905,0.40172,1.03419,-1.24436,1.22378,-0.94643,-0.64507,-0.67598,0.40537,1.03429,-1.25363,1.22363,-0.94633,-0.63987,-0.67267,0.42201,1.06731,-1.28415,1.24748,-0.96425,-0.61160,-0.68598,2.777,4.674,1.492,0.248,-0.299,-0.485,0.095
18.200000,910,0.40515,1.03572,-1.24627,1.20128,-0.95368,-0.65079,-0.66874,0.40839,1.03951,-1.25598,1.20072,-0.95559,-0.64597,-0.66576,0.42484,1.07241,-1.28631,1.22461,-0.97357,-0.61791,-0.67931,2.778,4.733,1.483,0.172,-0.298,-0.490,0.091
18.300000,915,0.40706,1.04563,-1.24742,1.17762,-0.96856,-0.65765,-0.65996,0.41137,1.04366,-1.25799,1.17653,-0.96472,-0.65313,-0.65915,0.42779,1.07671,-1.28844,1.20065,-0.98310,-0.62473,-0.67268,2.781,4.784,1.473,0.094,-0.296,-0.494,0.086
18.400000,920,0.40821,1.05059,-1.25085,1.15092,-0.97504,-0.66452,-0.65271,0.41455,1.04726,-1.26022,1.15133,-0.97436,-0.66029,-0.65208,0.43087,1.08017,-1.29052,1.17555,-0.99284,-0.63209,-0.66608,2.784,4.826,1.462,0.015,-0.295,-0.497,0.082
18.500000,925,0.41736,1.05059,-1.25314,1.12460,-0.98572,-0.67253,-0.64814,0.41793,1.05003,-1.26250,1.12489,-0.98411,-0.66805,-0.64492,0.43410,1.08278,-1.29257,1.14924,-1.00279,-0.64002,-0.65951,2.789,4.860,1.449,-0.064,-0.293,-0.499,0.078
18.600000,930,0.41851,1.05097,-1.25733,1.09599,-0.99564,-0.68131,-0.64013,0.42153,1.05182,-1.26469,1.09719,-0.99429,-0.67655,-0.63840,0.43750,1.08453,-1.29456,1.12163,-1.01297,-0.64854,-0.65296,2.794,4.885,1.434,-0.145,-0.291,-0.500,0.074
18.700000,935,0.42156,1.05097,-1.25772,1.06623,-1.00213,-0.68894,-0.63173,0.42508,1.05261,-1.26665,1.06797,-1.00443,-0.68604,-0.63150,0.44108,1.08537,-1.29652,1.09263,-1.02339,-0.65770,-0.64644,2.801,4.902,1.417,-0.227,-0.289,-0.500,0.071
18.800000,940,0.42385,1.05097,-1.25772,1.03533,-1.01815,-0.69962,-0.62716,0.42917,1.05247,-1.26873,1.03736,-1.01463,-0.69557,-0.62484,0.44487,1.08525,-1.29842,1.06214,-1.03407,-0.66754,-0.63993,2.810,4.900,1.398,-0.311,-0.287,-0.499,0.066
18.900000,945,0.42957,1.05097,-1.26344,1.00253,-1.02463,-0.70954,-0.62334,0.43315,1.05074,-1.27063,1.00501,-1.02531,-0.70608,-0.61806,0.44896,1.08344,-1.30026,1.02999,-1.04486,-0.67794,-0.63349,2.825,4.853,1.377,-0.394,-0.283,-0.497,0.062
19.000000,950,0.43605,1.05059,-1.26382,0.96819,-1.03493,-0.71907,-0.61647,0.43760,1.04764,-1.27271,0.97085,-1.03609,-0.71739,-0.61111,0.45332,1.08045,-1.30205,0.99614,-1.05590,-0.68908,-0.62707,2.836,4.920,1.348,-0.477,-0.282,-0.496,0.059
19.100000,955,0.43911,1.05059,-1.26420,0.93195,-1.04905,-0.73242,-0.60503,0.44213,1.04458,-1.27490,0.93487,-1.04818,-0.73009,-0.60392,0.45784,1.07759,-1.30384,0.96065,-1.06747,-0.70133,-0.62064,2.846,4.952,1.317,-0.565,-0.279,-0.494,0.054
19.200000,960,0.44330,1.05021,-1.26992,0.89381,-1.05897,-0.74425,-0.60007,0.44662,1.04069,-1.27745,0.89812,-1.06090,-0.74333,-0.59638,0.46259,1.07412,-1.30549,0.92463,-1.07888,-0.71404,-0.61426,2.847,5.156,1.317,-0.637,-0.263,-0.481,0.053
19.300000,965,0.44902,1.05136,-1.27030,0.87550,-1.06583,-0.75112,-0.59053,0.44959,1.04824,-1.28107,0.89023,-1.06997,-0.74798,-0.58674,0.46642,1.08285,-1.30481,0.91860,-1.08008,-0.71711,-0.60723,2.770,5.581,1.556,0.030,0.340,0.106,0.069
19.400000,970,0.45131,1.06852,-1.27030,0.91746,-1.04790,-0.72937,-0.57871,0.45121,1.06987,-1.28314,0.92079,-1.06791,-0.73968,-0.57789,0.46906,1.10567,-1.30125,0.95030,-1.06824,-0.70739,-0.59937,2.725,5.605,1.663,0.075,0.360,0.147,0.076
19.500000,975,0.45169,1.09179,-1.27030,0.95408,-1.04256,-0.71678,-0.57184,0.45381,1.09366,-1.28057,0.95512,-1.05712,-0.72866,-0.57038,0.47168,1.12953,-1.29749,0.98445,-1.05554,-0.69684,-0.59136,2.693,5.617,1.736,0.097,0.356,0.145,0.080
19.600000,980,0.45398,1.11735,-1.27030,0.98841,-1.02883,-0.70572,-0.56421,0.45643,1.11769,-1.27671,0.98934,-1.04460,-0.71826,-0.56209,0.47429,1.15335,-1.29374,1.01855,-1.04285,-0.68631,-0.58336,2.656,5.625,1.804,0.117,0.350,0.143,0.082
19.700000,985,0.45665,1.13986,-1.26954,1.02198,-1.01891,-0.69771,-0.55544,0.45916,1.14124,-1.27273,1.02304,-1.03179,-0.70783,-0.55388,0.47686,1.17675,-1.29005,1.05205,-1.03039,-0.67596,-0.57551,2.615,5.629,1.867,0.133,0.345,0.140,0.082
19.800000,990,0.45704,1.16275,-1.26954,1.05517,-1.00899,-0.68703,-0.54895,0.46094,1.16116,-1.26965,1.05645,-1.01973,-0.69704,-0.54784,0.47840,1.19629,-1.28684,1.08522,-1.01811,-0.66541,-0.57028,2.417,5.596,1.876,0.160,0.340,0.143,-0.177
19.900000,995,0.45665,1.17495,-1.26954,1.08950,-0.99412,-0.67482,-0.55925,0.45875,1.16769,-1.26867,1.09152,-1.00762,-0.68441,-0.55036,0.47595,1.20204,-1.28523,1.12008,-1.00540,-0.65319,-0.57524,2.228,5.310,1.848,0.233,0.332,0.141,-0.487
20.000000,1000,0.45627,1.17534,-1.26954,1.12574,-0.98611,-0.66300,-0.57375,0.45548,1.17042,-1.26780,1.12635,-0.99562,-0.67190,-0.55816,0.47224,1.20417,-1.28410,1.15434,-0.99315,-0.64151,-0.58343,2.213,5.232,1.883,0.312,0.320,0.129,-0.479
20.100000,1005,0.45589,1.17572,-1.26954,1.15855,-0.97123,-0.65270,-0.58062,0.45206,1.17183,-1.26601,1.15907,-0.98314,-0.66108,-0.56657,0.46878,1.20544,-1.28290,1.18675,-0.98129,-0.63075,-0.59154,2.212,5.029,1.920,0.387,0.311,0.119,-0.469
20.200000,1010,0.45360,1.17572,-1.26840,1.18869,-0.96322,-0.64392,-0.58405,0.44892,1.17168,-1.26390,1.18998,-0.97071,-0.65089,-0.57496,0.46562,1.20512,-1.28159,1.21734,-0.96962,-0.62069,-0.59962,2.211,4.863,1.953,0.464,0.301,0.109,-0.459
20.300000,1015,0.45360,1.17572,-1.26763,1.21806,-0.94834,-0.63400,-0.59130,0.44587,1.17053,-1.26180,1.21929,-0.95880,-0.64172,-0.58319,0.46266,1.20390,-1.28019,1.24638,-0.95823,-0.61137,-0.60764,2.209,4.717,1.982,0.540,0.292,0.098,-0.449
20.400000,1020,0.45055,1.17534,-1.26649,1.24591,-0.93842,-0.62599,-0.59969,0.44314,1.16855,-1.25971,1.24732,-0.94686,-0.63278,-0.59156,0.45987,1.20181,-1.27872,1.27409,-0.94706,-0.60271,-0.61566,2.207,4.576,2.009,0.615,0.283,0.087,-0.440
20.500000,1025,0.44826,1.17495,-1.26267,1.27261,-0.92927,-0.61951,-0.60656,0.44051,1.16571,-1.25752,1.27412,-0.93513,-0.62466,-0.59981,0.45723,1.19889,-1.27716,1.30064,-0.93608,-0.59466,-0.62371,2.205,4.442,2.034,0.690,0.274,0.075,-0.432
20.600000,1030,0.44788,1.17457,-1.26000,1.29779,-0.91515,-0.61188,-0.61533,0.43786,1.16249,-1.25525,1.30000,-0.92375,-0.61729,-0.60812,0.45464,1.19565,-1.27554,1.32627,-0.92535,-0.58725,-0.63179,2.197,4.361,2.053,0.764,0.265,0.061,-0.423
20.700000,1035,0.44254,1.17190,-1.25619,1.32258,-0.90828,-0.60387,-0.62601,0.43541,1.15991,-1.25335,1.32532,-0.91323,-0.61011,-0.61667,0.45204,1.19282,-1.27392,1.35121,-0.91502,-0.58057,-0.63989,2.187,4.265,2.071,0.834,0.257,0.047,-0.415
20.800000,1040,0.43720,1.16351,-1.25619,1.34738,-0.89531,-0.60005,-0.63288,0.43286,1.15604,-1.25136,1.34943,-0.90268,-0.60382,-0.62478,0.44959,1.18877,-1.27220,1.37508,-0.90476,-0.57433,-0.64804,2.191,4.101,2.093,0.904,0.251,0.036,-0.408
20.900000,1045,0.43682,1.15817,-1.25237,1.37065,-0.88540,-0.59547,-0.64089,0.43056,1.15021,-1.24902,1.37235,-0.89165,-0.59786,-0.63329,0.44734,1.18293,-1.27036,1.39774,-0.89446,-0.56845,-0.65626,2.195,3.975,2.111,0.976,0.244,0.023,-0.400
21.000000,1050,0.43529,1.15664,-1.24894,1.39278,-0.87700,-0.59166,-0.64814,0.42836,1.14342,-1.24654,1.39421,-0.88097,-0.59246,-0.64190,0.44520,1.17614,-1.26846,1.41937,-0.88432,-0.56307,-0.66452,2.198,3.863,2.126,1.048,0.237,0.007,-0.392
21.100000,1055,0.43186,1.14291,-1.24703,1.41452,-0.86289,-0.58479,-0.65500,0.42632,1.13629,-1.24468,1.41523,-0.87122,-0.58700,-0.65009,0.44314,1.16856,-1.26650,1.44002,-0.87437,-0.55820,-0.67280,2.201,3.754,2.138,1.119,0.229,-0.011,-0.384
21.200000,1060,0.43148,1.13719,-1.24513,1.43436,-0.85831,-0.57907,-0.66263,0.42429,1.12793,-1.24219,1.43521,-0.86072,-0.58257,-0.65903,0.44116,1.16023,-1.26450,1.45973,-0.86462,-0.55383,-0.68110,2.205,3.647,2.149,1.189,0.222,-0.030,-0.376
21.300000,1065,0.43110,1.12613,-1.24284,1.45381,-0.84572,-0.57640,-0.67484,0.42230,1.11886,-1.23977,1.45418,-0.85070,-0.57870,-0.66736,0.43925,1.15111,-1.26245,1.47849,-0.85508,-0.54996,-0.68943,2.211,3.541,2.158,1.259,0.216,-0.051,-0.369
21.400000,1070,0.42461,1.11621,-1.23826,1.47174,-0.83657,-0.57487,-0.68209,0.42054,1.10907,-1.23733,1.47232,-0.84082,-0.57500,-0.67602,0.43741,1.14124,-1.26038,1.49636,-0.84575,-0.54656,-0.69778,2.217,3.436,2.165,1.327,0.209,-0.073,-0.361
21.500000,1075,0.42041,1.10438,-1.23635,1.48967,-0.83084,-0.57373,-0.68934,0.41865,1.09858,-1.23497,1.48957,-0.83126,-0.57189,-0.68479,0.43563,1.13062,-1.25827,1.51333,-0.83663,-0.54364,-0.70615,2.224,3.331,2.171,1.395,0.202,-0.097,-0.354
21.600000,1080,0.42041,1.09332,-1.23445,1.50569,-0.81749,-0.57106,-0.69697,0.41672,1.08718,-1.23239,1.50583,-0.82197,-0.56969,-0.69335,0.43390,1.11924,-1.25615,1.52943,-0.82775,-0.54119,-0.71454,2.232,3.227,2.175,1.461,0.196,-0.121,-0.347
21.700000,1085,0.42003,1.08264,-1.23368,1.52095,-0.80986,-0.57030,-0.70536,0.41504,1.07514,-1.22991,1.52138,-0.81260,-0.56724,-0.70226,0.43223,1.10715,-1.25401,1.54467,-0.81910,-0.53920,-0.72293,2.242,3.122,2.177,1.526,0.189,-0.148,-0.340
21.800000,1090,0.41736,1.06814,-1.22987,1.53621,-0.80376,-0.56915,-0.71261,0.41342,1.06250,-1.22773,1.53604,-0.80414,-0.56540,-0.71094,0.43061,1.09431,-1.25186,1.55904,-0.81072,-0.53768,-0.73133,2.252,3.017,2.178,1.591,0.182,-0.175,-0.333
21.900000,1095,0.41698,1.05479,-1.22872,1.55033,-0.79079,-0.56839,-0.72062,0.41182,1.04913,-1.22560,1.54979,-0.79593,-0.56420,-0.71931,0.42904,1.08072,-1.24971,1.57251,-0.80260,-0.53661,-0.73972,2.265,2.911,2.177,1.653,0.175,-0.204,-0.326
22.000000,1100,0.41622,1.04144,-1.22720,1.56330,-0.78430,-0.56801,-0.73168,0.41031,1.03431,-1.22297,1.56207,-0.78722,-0.56337,-0.72846,0.42762,1.06605,-1.24761,1.58454,-0.79485,-0.53600,-0.74793,2.288,2.802,2.172,1.710,0.166,-0.233,-0.317
22.100000,1105,0.41507,1.02427,-1.22224,1.57321,-0.78049,-0.56801,-0.73855,0.40904,1.01852,-1.22080,1.57252,-0.77957,-0.56293,-0.73648,0.42641,1.05001,-1.24559,1.59473,-0.78754,-0.53586,-0.75587,2.312,2.693,2.165,1.763,0.157,-0.262,-0.309
22.200000,1110,0.41431,1.00596,-1.22148,1.58351,-0.77439,-0.56839,-0.74579,0.40780,1.00211,-1.21888,1.58220,-0.77258,-0.56293,-0.74437,0.42523,1.03338,-1.24359,1.60417,-0.78052,-0.53615,-0.76381,2.322,2.585,2.162,1.824,0.151,-0.286,-0.305
22.300000,1115,0.41164,0.99146,-1.21766,1.59305,-0.76142,-0.56839,-0.75609,0.40653,0.98536,-1.21680,1.59206,-0.76534,-0.56358,-0.75294,0.42391,1.01683,-1.24157,1.61383,-0.77366,-0.53682,-0.77197,2.329,2.478,2.158,1.885,0.145,-0.310,-0.302
22.400000,1120,0.40668,0.97201,-1.21575,1.60335,-0.75760,-0.56992,-0.76410,0.40503,0.96862,-1.21459,1.60158,-0.75837,-0.56435,-0.76155,0.42255,0.99997,-1.23955,1.62313,-0.76707,-0.53788,-0.78020,2.343,2.370,2.150,1.939,0.136,-0.333,-0.296
22.500000,1125,0.40401,0.95599,-1.21499,1.61136,-0.75379,-0.57106,-0.76868,0.40361,0.95132,-1.21246,1.61030,-0.75182,-0.56555,-0.77003,0.42123,0.98251,-1.23758,1.63162,-0.76082,-0.53935,-0.78838,2.360,2.260,2.139,1.988,0.127,-0.355,-0.290
22.600000,1130,0.40363,0.93729,-1.21385,1.61899,-0.74883,-0.57182,-0.77936,0.40222,0.93338,-1.21039,1.61819,-0.74561,-0.56723,-0.77840,0.41996,0.96445,-1.23566,1.63928,-0.75492,-0.54120,-0.79648,2.377,2.150,2.127,2.034,0.116,-0.375,-0.285
22.700000,1135,0.40363,0.91937,-1.21003,1.62662,-0.73815,-0.57487,-0.78699,0.40085,0.91454,-1.20830,1.62509,-0.73956,-0.56968,-0.78678,0.41873,0.94578,-1.23382,1.64606,-0.74940,-0.54344,-0.80448,2.396,2.038,2.114,2.075,0.105,-0.394,-0.279
22.800000,1140,0.40325,0.89877,-1.20927,1.63196,-0.73319,-0.57640,-0.79386,0.39959,0.89552,-1.20646,1.63129,-0.73421,-0.57177,-0.79490,0.41755,0.92655,-1.23204,1.65200,-0.74426,-0.54605,-0.81239,2.415,1.925,2.098,2.111,0.092,-0.409,-0.274
22.900000,1145,0.40172,0.87778,-1.20736,1.63768,-0.73128,-0.57831,-0.80263,0.39853,0.87587,-1.20486,1.63672,-0.72923,-0.57422,-0.80320,0.41642,0.90679,-1.23034,1.65711,-0.73950,-0.54900,-0.82020,2.435,1.811,2.081,2.140,0.079,-0.423,-0.268
23.000000,1150,0.40058,0.85986,-1.20507,1.64035,-0.72823,-0.58060,-0.81103,0.39727,0.85566,-1.20319,1.64117,-0.72456,-0.57736,-0.81134,0.41533,0.88651,-1.22873,1.66139,-0.73513,-0.55229,-0.82788,2.455,1.697,2.062,2.162,0.064,-0.435,-0.263
23.100000,1155,0.40020,0.83773,-1.20355,1.64531,-0.72670,-0.58365,-0.81675,0.39618,0.83498,-1.20172,1.64479,-0.72049,-0.58071,-0.81910,0.41431,0.86572,-1.22722,1.66478,-0.73118,-0.55591,-0.83543,2.477,1.580,2.041,2.175,0.047,-0.445,-0.258
23.200000,1160,0.39829,0.81637,-1.20278,1.64722,-0.72403,-0.58937,-0.82438,0.39513,0.81370,-1.20017,1.64747,-0.71646,-0.58456,-0.82669,0.41334,0.84446,-1.22581,1.66735,-0.72763,-0.55983,-0.84284,2.499,1.463,2.019,2.181,0.029,-0.453,-0.253
23.300000,1165,0.39829,0.79424,-1.20164,1.64913,-0.71869,-0.59586,-0.83239,0.39407,0.79195,-1.19875,1.64936,-0.71298,-0.58870,-0.83430,0.41243,0.82275,-1.22451,1.66909,-0.72449,-0.56402,-0.85011,2.522,1.344,1.995,2.179,0.009,-0.460,-0.248
23.400000,1170,0.39829,0.77250,-1.20088,1.64989,-0.71106,-0.59853,-0.84002,0.39308,0.76989,-1.19756,1.65040,-0.71012,-0.59292,-0.84166,0.41158,0.80062,-1.22333,1.66996,-0.72177,-0.56850,-0.85721,2.545,1.224,1.969,2.172,-0.012,-0.466,-0.243
23.500000,1175,0.39791,0.74999,-1.20049,1.64989,-0.70877,-0.60272,-0.84727,0.39225,0.74738,-1.19662,1.65068,-0.70758,-0.59727,-0.84923,0.41080,0.77808,-1.22228,1.67001,-0.71945,-0.57321,-0.86417,2.570,1.103,1.942,2.162,-0.035,-0.470,-0.238
23.600000,1180,0.39791,0.72748,-1.19897,1.64989,-0.70839,-0.60539,-0.85642,0.39147,0.72461,-1.19580,1.65007,-0.70561,-0.60187,-0.85628,0.41009,0.75516,-1.22135,1.66921,-0.71756,-0.57816,-0.87095,2.594,0.980,1.912,2.151,-0.058,-0.473,-0.234
23.700000,1185,0.39791,0.70307,-1.19782,1.64989,-0.70725,-0.61150,-0.86443,0.39078,0.70140,-1.19519,1.64857,-0.70394,-0.60686,-0.86309,0.40945,0.73189,-1.22056,1.66757,-0.71607,-0.58332,-0.87757,2.620,0.856,1.882,2.142,-0.083,-0.475,-0.229
23.800000,1190,0.39753,0.68056,-1.19706,1.64951,-0.70610,-0.61684,-0.86863,0.39013,0.67781,-1.19452,1.64623,-0.70267,-0.61201,-0.86980,0.40890,0.70827,-1.21992,1.66508,-0.71500,-0.58867,-0.88401,2.646,0.730,1.850,2.137,-0.108,-0.476,-0.225
23.900000,1195,0.39257,0.65577,-1.19706,1.64951,-0.70610,-0.62332,-0.87321,0.38963,0.65392,-1.19419,1.64310,-0.70202,-0.61716,-0.87654,0.40843,0.68434,-1.21941,1.66176,-0.71433,-0.59419,-0.89028,2.672,0.603,1.816,2.137,-0.134,-0.477,-0.220
24.000000,1200,0.39218,0.63288,-1.19706,1.64608,-0.70610,-0.62790,-0.87969,0.38909,0.62973,-1.19388,1.63909,-0.70156,-0.62265,-0.88306,0.40804,0.66011,-1.21906,1.65759,-0.71406,-0.59987,-0.89638,2.699,0.474,1.781,2.143,-0.159,-0.476,-0.216
24.100000,1205,0.39218,0.60694,-1.19706,1.64112,-0.70610,-0.63133,-0.88732,0.38870,0.60528,-1.19373,1.63423,-0.70157,-0.62818,-0.88927,0.40775,0.63558,-1.21885,1.65258,-0.71417,-0.60569,-0.90231,2.727,0.344,1.745,2.152,-0.185,-0.476,-0.212
24.200000,1210,0.39218,0.58329,-1.19706,1.63501,-0.70610,-0.63629,-0.89228,0.38843,0.58047,-1.19382,1.62846,-0.70191,-0.63403,-0.89527,0.40755,0.61073,-1.21879,1.64671,-0.71467,-0.61164,-0.90808,2.754,0.211,1.707,2.164,-0.209,-0.475,-0.208
24.300000,1215,0.39218,0.55773,-1.19706,1.62853,-0.70686,-0.64316,-0.89800,0.38830,0.55544,-1.19413,1.62186,-0.70280,-0.63979,-0.90094,0.40746,0.58552,-1.21889,1.63995,-0.71556,-0.61772,-0.91370,2.783,0.076,1.668,2.179,-0.233,-0.474,-0.204
24.400000,1220,0.39218,0.53140,-1.19706,1.62166,-0.70877,-0.65003,-0.90296,0.38825,0.52974,-1.19455,1.61425,-0.70392,-0.64572,-0.90698,0.40749,0.55987,-1.21916,1.63220,-0.71683,-0.62393,-0.91917,2.815,-0.062,1.625,2.194,-0.257,-0.472,-0.199
24.500000,1225,0.39218,0.50585,-1.19706,1.61212,-0.70954,-0.65498,-0.91288,0.38844,0.50352,-1.19500,1.60481,-0.70517,-0.65192,-0.91255,0.40779,0.53384,-1.21972,1.62270,-0.71858,-0.63013,-0.92420,2.861,-0.202,1.572,2.205,-0.287,-0.467,-0.184
24.600000,1230,0.39218,0.47838,-1.19706,1.59992,-0.71030,-0.65842,-0.91670,0.38884,0.47707,-1.19605,1.59396,-0.70763,-0.65783,-0.91750,0.40830,0.50711,-1.22051,1.61171,-0.72078,-0.63646,-0.92901,2.885,-0.347,1.537,2.228,-0.304,-0.470,-0.193
24.700000,1235,0.39218,0.45244,-1.19706,1.58885,-0.71335,-0.66643,-0.92089,0.38911,0.44873,-1.19713,1.58283,-0.71020,-0.66491,-0.92254,0.40867,0.47892,-1.22126,1.60078,-0.72325,-0.64331,-0.93445,2.901,-0.505,1.501,2.254,-0.322,-0.475,-0.206
24.800000,1240,0.39218,0.42154,-1.19706,1.57665,-0.71716,-0.67558,-0.92471,0.38934,0.41907,-1.19840,1.57020,-0.71368,-0.67234,-0.92763,0.40914,0.44956,-1.22222,1.58844,-0.72623,-0.65047,-0.93991,2.937,-0.668,1.458,2.275,-0.339,-0.470,-0.201
24.900000,1245,0.39218,0.39369,-1.19706,1.56597,-0.72518,-0.68054,-0.93157,0.38965,0.39344,-1.19882,1.56327,-0.71762,-0.67794,-0.93200,0.40972,0.42453,-1.22099,1.58230,-0.72722,-0.65539,-0.94544,2.956,-0.776,1.714,2.852,-0.021,-0.254,-0.205
25.000000,1250,0.39218,0.37881,-1.19286,1.58123,-0.71221,-0.67177,-0.93653,0.38940,0.38651,-1.19233,1.58120,-0.71680,-0.67619,-0.93669,0.41041,0.41965,-1.21131,1.60193,-0.71961,-0.65103,-0.95050,2.977,-0.274,1.796,2.988,0.143,0.115,-0.178
25.100000,1255,0.39218,0.38034,-1.17684,1.61480,-0.70458,-0.65689,-0.93997,0.38977,0.39076,-1.18060,1.61223,-0.70864,-0.66757,-0.94139,0.41125,0.42477,-1.19760,1.63350,-0.70787,-0.64202,-0.95502,2.986,-0.191,1.807,3.000,0.147,0.129,-0.177
25.200000,1260,0.39218,0.38263,-1.16273,1.64837,-0.69809,-0.64812,-0.94340,0.39050,0.39593,-1.16665,1.64457,-0.69725,-0.65830,-0.94671,0.41211,0.43012,-1.18364,1.66566,-0.69592,-0.63282,-0.95958,2.991,-0.159,1.813,3.003,0.148,0.135,-0.177
25.300000,1265,0.39257,0.38950,-1.14861,1.67926,-0.68207,-0.63820,-0.94683,0.39108,0.40259,-1.15250,1.67554,-0.68503,-0.64955,-0.95178,0.41287,0.43702,-1.17047,1.69642,-0.68443,-0.62371,-0.96340,2.974,-0.049,1.808,2.992,0.140,0.138,-0.052
25.400000,1270,0.39257,0.40361,-1.14060,1.70215,-0.67558,-0.62866,-0.94264,0.39087,0.42275,-1.14277,1.69686,-0.67348,-0.64092,-0.95437,0.41280,0.45762,-1.16339,1.71718,-0.67643,-0.61501,-0.96138,2.906,0.114,1.712,2.957,0.096,0.131,0.284
25.500000,1275,0.39218,0.43565,-1.13870,1.71398,-0.66986,-0.62294,-0.93920,0.38976,0.45265,-1.13744,1.71063,-0.66451,-0.63388,-0.95198,0.41201,0.48819,-1.16089,1.73096,-0.67116,-0.60687,-0.95553,2.889,0.308,1.668,2.925,0.071,0.121,0.305
25.600000,1280,0.39218,0.46808,-1.13831,1.72466,-0.65689,-0.61913,-0.93539,0.38906,0.48300,-1.13415,1.72212,-0.65830,-0.62630,-0.94588,0.41139,0.51860,-1.15905,1.74254,-0.66671,-0.59891,-0.94916,2.894,0.493,1.674,2.891,0.054,0.113,0.306
25.700000,1285,0.39218,0.49783,-1.13831,1.73382,-0.65308,-0.60997,-0.93043,0.38874,0.51266,-1.13211,1.73248,-0.65397,-0.61838,-0.93937,0.41090,0.54804,-1.15750,1.75275,-0.66286,-0.59118,-0.94275,2.885,0.670,1.695,2.861,0.041,0.102,0.294
25.800000,1290,0.39218,0.52645,-1.13602,1.74335,-0.65270,-0.60234,-0.92204,0.38838,0.54115,-1.13038,1.74299,-0.65021,-0.61101,-0.93306,0.41030,0.57632,-1.15593,1.76317,-0.65934,-0.58391,-0.93701,2.864,0.837,1.722,2.836,0.034,0.091,0.274
25.900000,1295,0.39218,0.55582,-1.13183,1.75327,-0.65117,-0.59662,-0.91898,0.38795,0.56866,-1.12841,1.75269,-0.64649,-0.60416,-0.92764,0.40977,0.60392,-1.15451,1.77286,-0.65625,-0.57684,-0.93132,2.870,1.001,1.723,2.796,0.013,0.086,0.281
26.000000,1300,0.39180,0.58405,-1.13183,1.76128,-0.64964,-0.59242,-0.91288,0.38785,0.59621,-1.12691,1.76042,-0.64347,-0.59700,-0.92126,0.40956,0.63137,-1.15351,1.78053,-0.65376,-0.56970,-0.92494,2.874,1.163,1.726,2.749,-0.009,0.080,0.285
26.100000,1305,0.39180,0.61151,-1.13183,1.76700,-0.64888,-0.58250,-0.90868,0.38789,0.62340,-1.12578,1.76708,-0.64121,-0.59001,-0.91506,0.40951,0.65854,-1.15276,1.78710,-0.65178,-0.56264,-0.91827,2.870,1.321,1.736,2.703,-0.029,0.073,0.282
26.200000,1310,0.38951,0.63860,-1.13145,1.77196,-0.64812,-0.57564,-0.89991,0.38804,0.65039,-1.12476,1.77272,-0.63917,-0.58318,-0.90809,0.40955,0.68543,-1.15221,1.79278,-0.65026,-0.55570,-0.91140,2.865,1.476,1.745,2.652,-0.051,0.066,0.280
26.300000,1315,0.38951,0.66607,-1.13068,1.77616,-0.64545,-0.57106,-0.89228,0.38831,0.67697,-1.12389,1.77752,-0.63746,-0.57666,-0.90092,0.40969,0.71207,-1.15186,1.79759,-0.64923,-0.54889,-0.90432,2.859,1.629,1.753,2.593,-0.075,0.058,0.277
26.400000,1320,0.38951,0.69277,-1.12992,1.78150,-0.64545,-0.56648,-0.88618,0.38866,0.70340,-1.12332,1.78142,-0.63641,-0.57012,-0.89340,0.40991,0.73846,-1.15171,1.80154,-0.64868,-0.54223,-0.89701,2.852,1.779,1.760,2.527,-0.101,0.050,0.275
26.500000,1325,0.38951,0.71947,-1.12992,1.78264,-0.64545,-0.55962,-0.87778,0.38910,0.72965,-1.12296,1.78457,-0.63603,-0.56361,-0.88574,0.41022,0.76457,-1.15175,1.80464,-0.64862,-0.53575,-0.88947,2.845,1.925,1.767,2.454,-0.126,0.043,0.271
26.600000,1330,0.38951,0.74656,-1.12954,1.78531,-0.64507,-0.55275,-0.86977,0.38962,0.75549,-1.12283,1.78679,-0.63607,-0.55752,-0.87792,0.41060,0.79038,-1.15197,1.80689,-0.64906,-0.52947,-0.88171,2.837,2.069,1.773,2.371,-0.152,0.034,0.268
26.700000,1335,0.38951,0.77173,-1.12954,1.78531,-0.64583,-0.54817,-0.86329,0.39023,0.78105,-1.12282,1.78814,-0.63654,-0.55153,-0.86968,0.41105,0.81587,-1.15238,1.80827,-0.65001,-0.52341,-0.87373,2.828,2.210,1.778,2.280,-0.178,0.025,0.265
26.800000,1340,0.38990,0.79806,-1.12954,1.78531,-0.64583,-0.54359,-0.85604,0.39088,0.80614,-1.12305,1.78861,-0.63755,-0.54592,-0.86161,0.41156,0.84099,-1.15297,1.80877,-0.65149,-0.51760,-0.86552,2.819,2.348,1.783,2.185,-0.203,0.016,0.261
26.900000,1345,0.38990,0.82209,-1.12954,1.78531,-0.64621,-0.53902,-0.84803,0.39160,0.83096,-1.12339,1.78820,-0.63904,-0.54052,-0.85288,0.41213,0.86573,-1.15372,1.80842,-0.65347,-0.51207,-0.85709,2.809,2.484,1.787,2.090,-0.225,0.005,0.257
27.000000,1350,0.38990,0.84879,-1.12954,1.78531,-0.64812,-0.53253,-0.83773,0.39236,0.85532,-1.12407,1.78704,-0.64134,-0.53531,-0.84455,0.41275,0.89005,-1.15463,1.80722,-0.65596,-0.50684,-0.84847,2.798,2.616,1.791,1.994,-0.246,-0.006,0.252
27.100000,1355,0.38990,0.87206,-1.12954,1.78493,-0.65079,-0.52833,-0.83010,0.39321,0.87929,-1.12483,1.78490,-0.64393,-0.53049,-0.83516,0.41341,0.91392,-1.15570,1.80515,-0.65896,-0.50193,-0.83964,2.787,2.745,1.795,1.901,-0.264,-0.018,0.248
27.200000,1360,0.38990,0.89610,-1.12954,1.78493,-0.65346,-0.52414,-0.82094,0.39409,0.90273,-1.12561,1.78194,-0.64691,-0.52606,-0.82595,0.41412,0.93731,-1.15690,1.80223,-0.66247,-0.49737,-0.83063,2.775,2.872,1.799,1.813,-0.279,-0.031,0.243
27.300000,1365,0.39028,0.91937,-1.12954,1.78341,-0.65460,-0.52185,-0.81103,0.39501,0.92564,-1.12663,1.77810,-0.65049,-0.52199,-0.81643,0.41487,0.96018,-1.15824,1.79843,-0.66647,-0.49318,-0.82143,2.763,2.995,1.802,1.731,-0.292,-0.046,0.238
27.400000,1370,0.39028,0.94187,-1.12954,1.77921,-0.65727,-0.51803,-0.80378,0.39598,0.94811,-1.12788,1.77346,-0.65481,-0.51819,-0.80686,0.41565,0.98251,-1.15969,1.79379,-0.67097,-0.48938,-0.81208,2.750,3.116,1.805,1.653,-0.303,-0.063,0.233
27.500000,1375,0.39028,0.96438,-1.12992,1.77273,-0.66071,-0.51651,-0.79500,0.39699,0.96994,-1.12921,1.76792,-0.65938,-0.51480,-0.79721,0.41646,1.00428,-1.16126,1.78828,-0.67593,-0.48598,-0.80258,2.737,3.234,1.808,1.579,-0.311,-0.081,0.228
27.600000,1380,0.39028,0.98612,-1.12992,1.76586,-0.66528,-0.51460,-0.78394,0.39795,0.99116,-1.13059,1.76146,-0.66444,-0.51194,-0.78734,0.41730,1.02544,-1.16293,1.78191,-0.68137,-0.48302,-0.79294,2.724,3.349,1.811,1.509,-0.318,-0.102,0.222
27.700000,1385,0.39066,1.00634,-1.12992,1.75823,-0.67673,-0.51346,-0.77555,0.39904,1.01183,-1.13217,1.75420,-0.67009,-0.50944,-0.77724,0.41816,1.04598,-1.16469,1.77470,-0.68724,-0.48049,-0.78319,2.711,3.462,1.814,1.440,-0.323,-0.124,0.217
27.800000,1390,0.39485,1.02732,-1.12992,1.74984,-0.68092,-0.51079,-0.76296,0.39998,1.03182,-1.13383,1.74604,-0.67626,-0.50757,-0.76690,0.41906,1.06588,-1.16652,1.76663,-0.69355,-0.47842,-0.77333,2.697,3.572,1.817,1.374,-0.326,-0.149,0.211
27.900000,1395,0.39905,1.04754,-1.12992,1.74106,-0.68436,-0.50888,-0.75495,0.40112,1.05100,-1.13551,1.73701,-0.68271,-0.50618,-0.75667,0.41997,1.08510,-1.16842,1.75771,-0.70026,-0.47683,-0.76338,2.684,3.679,1.820,1.307,-0.329,-0.175,0.206
28.000000,1400,0.39905,1.06700,-1.12992,1.73000,-0.69008,-0.50735,-0.74351,0.40225,1.06967,-1.13737,1.72720,-0.68963,-0.50496,-0.74648,0.42091,1.10364,-1.17038,1.74796,-0.70737,-0.47570,-0.75336,2.670,3.784,1.823,1.242,-0.330,-0.203,0.200
28.100000,1405,0.39943,1.08226,-1.13030,1.71894,-0.70305,-0.50735,-0.73359,0.40342,1.08767,-1.13931,1.71653,-0.69700,-0.50427,-0.73601,0.42188,1.12145,-1.17238,1.73734,-0.71485,-0.47507,-0.74328,2.657,3.887,1.826,1.176,-0.331,-0.232,0.194
28.200000,1410,0.40134,1.10171,-1.13107,1.70635,-0.70725,-0.50735,-0.72481,0.40451,1.10467,-1.14107,1.70496,-0.70449,-0.50450,-0.72562,0.42287,1.13856,-1.17442,1.72592,-0.72267,-0.47492,-0.73316,2.644,3.987,1.829,1.110,-0.331,-0.262,0.189
28.300000,1415,0.40172,1.11773,-1.13221,1.69338,-0.71335,-0.50773,-0.71337,0.40573,1.12123,-1.14320,1.69260,-0.71267,-0.50476,-0.71481,0.42389,1.15490,-1.17648,1.71363,-0.73083,-0.47530,-0.72300,2.631,4.085,1.832,1.043,-0.331,-0.291,0.183
28.400000,1420,0.40172,1.13414,-1.13297,1.68041,-0.72556,-0.50850,-0.70269,0.40705,1.13691,-1.14536,1.67950,-0.72102,-0.50554,-0.70449,0.42494,1.17050,-1.17856,1.70054,-0.73928,-0.47616,-0.71283,2.618,4.181,1.836,0.976,-0.330,-0.319,0.177
28.500000,1425,0.40287,1.15092,-1.13297,1.66591,-0.73319,-0.51041,-0.69162,0.40819,1.15178,-1.14726,1.66539,-0.72962,-0.50710,-0.69403,0.42603,1.18531,-1.18064,1.68660,-0.74803,-0.47754,-0.70266,2.606,4.275,1.839,0.909,-0.328,-0.347,0.172
28.600000,1430,0.40477,1.16427,-1.13526,1.65104,-0.73967,-0.51460,-0.68323,0.40948,1.16583,-1.14933,1.65051,-0.73845,-0.50907,-0.68329,0.42714,1.19934,-1.18272,1.67184,-0.75704,-0.47943,-0.69249,2.595,4.366,1.842,0.841,-0.327,-0.371,0.166
28.700000,1435,0.40706,1.17801,-1.13946,1.63501,-0.74997,-0.51765,-0.67331,0.41077,1.17921,-1.15139,1.63482,-0.74758,-0.51141,-0.67283,0.42830,1.21257,-1.18479,1.65625,-0.76628,-0.48183,-0.68234,2.583,4.455,1.846,0.772,-0.325,-0.394,0.160
28.800000,1440,0.40706,1.19212,-1.13946,1.61861,-0.75989,-0.51956,-0.66340,0.41221,1.19172,-1.15353,1.61832,-0.75704,-0.51439,-0.66219,0.42949,1.22501,-1.18683,1.63985,-0.77575,-0.48473,-0.67221,2.573,4.543,1.850,0.703,-0.323,-0.414,0.155
28.900000,1445,0.40783,1.20204,-1.14137,1.60068,-0.76714,-0.52299,-0.65043,0.41355,1.20343,-1.15552,1.60097,-0.76667,-0.51783,-0.65168,0.43074,1.23665,-1.18883,1.62263,-0.78542,-0.48815,-0.66211,2.563,4.628,1.853,0.633,-0.321,-0.431,0.150
29.000000,1450,0.41240,1.21425,-1.14632,1.58199,-0.78163,-0.52681,-0.64127,0.41498,1.21432,-1.15742,1.58282,-0.77622,-0.52175,-0.64136,0.43203,1.24748,-1.19080,1.60460,-0.79527,-0.49206,-0.65205,2.553,4.710,1.857,0.563,-0.319,-0.446,0.144
29.100000,1455,0.41584,1.22416,-1.14747,1.56330,-0.78888,-0.53139,-0.63059,0.41650,1.22437,-1.15952,1.56380,-0.78634,-0.52631,-0.63079,0.43338,1.25748,-1.19272,1.58574,-0.80528,-0.49649,-0.64203,2.544,4.791,1.861,0.493,-0.316,-0.458,0.139
29.200000,1460,0.41774,1.23446,-1.15052,1.54308,-0.79651,-0.53711,-0.62334,0.41794,1.23354,-1.16123,1.54387,-0.79614,-0.53148,-0.62010,0.43479,1.26668,-1.19458,1.56607,-0.81544,-0.50142,-0.63205,2.536,4.868,1.865,0.423,-0.314,-0.467,0.134
29.300000,1465,0.41812,1.24438,-1.15281,1.52248,-0.81024,-0.54436,-0.61266,0.41969,1.24190,-1.16316,1.52336,-0.80632,-0.53674,-0.61039,0.43627,1.27504,-1.19637,1.54556,-0.82573,-0.50685,-0.62212,2.529,4.942,1.869,0.352,-0.311,-0.475,0.129
29.400000,1470,0.41812,1.25049,-1.15281,1.49997,-0.81711,-0.54970,-0.60083,0.42132,1.24960,-1.16513,1.50178,-0.81701,-0.54287,-0.59959,0.43782,1.28258,-1.19809,1.52421,-0.83614,-0.51279,-0.61223,2.523,5.013,1.872,0.281,-0.308,-0.481,0.125
29.500000,1475,0.41851,1.25087,-1.15281,1.47785,-0.82856,-0.55351,-0.58977,0.42317,1.25654,-1.16708,1.47955,-0.82773,-0.54905,-0.58926,0.43946,1.28930,-1.19973,1.50202,-0.84667,-0.51922,-0.60238,2.518,5.080,1.876,0.209,-0.305,-0.485,0.120
29.600000,1480,0.42118,1.26460,-1.15777,1.45496,-0.83962,-0.56152,-0.57909,0.42487,1.26214,-1.16839,1.45628,-0.83787,-0.55638,-0.57988,0.44119,1.29522,-1.20127,1.47897,-0.85730,-0.52616,-0.59255,2.514,5.142,1.879,0.138,-0.302,-0.488,0.116
29.700000,1485,0.42156,1.27032,-1.15929,1.43054,-0.84534,-0.57144,-0.57146,0.42682,1.26736,-1.17009,1.43208,-0.84862,-0.56388,-0.56902,0.44302,1.30030,-1.20273,1.45500,-0.86804,-0.53362,-0.58275,2.510,5.198,1.882,0.066,-0.299,-0.490,0.111
29.800000,1490,0.42385,1.27795,-1.15929,1.40613,-0.86136,-0.57754,-0.56002,0.42901,1.27169,-1.17170,1.40707,-0.85947,-0.57176,-0.55900,0.44497,1.30457,-1.20408,1.43006,-0.87890,-0.54161,-0.57293,2.509,5.248,1.884,-0.006,-0.296,-0.491,0.108
29.900000,1495,0.42423,1.28139,-1.16158,1.37866,-0.86975,-0.58479,-0.55048,0.43112,1.27528,-1.17310,1.38090,-0.87054,-0.58036,-0.54865,0.44706,1.30802,-1.20532,1.40406,-0.88991,-0.55018,-0.56308,2.509,5.291,1.886,-0.079,-0.293,-0.491,0.104
30.000000,1500,0.42957,1.28139,-1.16502,1.35234,-0.88387,-0.59509,-0.54132,0.43350,1.27800,-1.17446,1.35357,-0.88148,-0.58946,-0.53810,0.44930,1.31064,-1.20646,1.37688,-0.90110,-0.55935,-0.55316,2.510,5.325,1.887,-0.153,-0.290,-0.490,0.101
30.100000,1505,0.43491,1.28291,-1.16578,1.32411,-0.89379,-0.60463,-0.52835,0.43600,1.27972,-1.17564,1.32488,-0.89294,-0.59946,-0.52789,0.45173,1.31233,-1.20746,1.34834,-0.91249,-0.56917,-0.54311,2.516,5.333,1.888,-0.227,-0.287,-0.488,0.097
30.200000,1510,0.43491,1.28329,-1.16578,1.29321,-0.90180,-0.61340,-0.51920,0.43890,1.27947,-1.17691,1.29443,-0.90461,-0.60978,-0.51724,0.45452,1.31217,-1.20829,1.31819,-0.92395,-0.57947,-0.53293,2.532,5.280,1.891,-0.300,-0.283,-0.485,0.094
30.300000,1515,0.43834,1.28291,-1.16616,1.26117,-0.91782,-0.62561,-0.50890,0.44187,1.27826,-1.17821,1.26220,-0.91687,-0.62106,-0.50603,0.45752,1.31107,-1.20899,1.28643,-0.93569,-0.59058,-0.52262,2.532,5.349,1.883,-0.374,-0.280,-0.485,0.091
30.400000,1520,0.44025,1.28291,-1.16616,1.22722,-0.92698,-0.63591,-0.49822,0.44488,1.27762,-1.17973,1.22987,-0.93016,-0.63334,-0.49453,0.46066,1.31087,-1.20954,1.25488,-0.94745,-0.60215,-0.51233,2.557,5.660,1.904,-0.433,-0.268,-0.464,0.085
30.500000,1525,0.44559,1.28634,-1.16807,1.21272,-0.93880,-0.63362,-0.48982,0.44955,1.28845,-1.18238,1.22284,-0.94204,-0.63476,-0.48402,0.46611,1.32278,-1.20851,1.24958,-0.95209,-0.60208,-0.50409,2.621,5.862,2.059,0.206,0.135,0.155,0.042
30.600000,1530,0.45475,1.31038,-1.16807,1.24362,-0.93384,-0.60959,-0.48258,0.45676,1.31098,-1.18425,1.24751,-0.94633,-0.62086,-0.47779,0.47426,1.34628,-1.20575,1.27529,-0.94779,-0.58741,-0.49873,2.599,5.855,2.145,0.225,0.282,0.178,0.018
30.700000,1535,0.46047,1.33479,-1.16921,1.27223,-0.93003,-0.59319,-0.47380,0.46524,1.33566,-1.18233,1.27606,-0.94320,-0.60469,-0.47227,0.48273,1.37091,-1.20282,1.30386,-0.94269,-0.57134,-0.49355,2.563,5.831,2.202,0.218,0.279,0.180,0.020
30.800000,1540,0.47153,1.35997,-1.16959,1.30046,-0.92316,-0.57678,-0.46846,0.47375,1.36028,-1.17937,1.30466,-0.93839,-0.58886,-0.46653,0.49114,1.39538,-1.19990,1.33234,-0.93758,-0.55533,-0.48844,2.519,5.802,2.251,0.209,0.280,0.182,0.005
30.900000,1545,0.47687,1.38286,-1.16959,1.32907,-0.91744,-0.56190,-0.46846,0.47950,1.37763,-1.17767,1.33427,-0.93202,-0.57314,-0.46454,0.49659,1.41217,-1.19766,1.36178,-0.93014,-0.53998,-0.48804,2.307,5.700,2.224,0.228,0.339,0.178,-0.467
31.000000,1550,0.47878,1.38667,-1.16959,1.36264,-0.90905,-0.54817,-0.48525,0.47907,1.38129,-1.17842,1.36696,-0.92177,-0.55881,-0.47136,0.49565,1.41485,-1.19679,1.39422,-0.91787,-0.52631,-0.49764,2.067,5.361,2.200,0.297,0.342,0.168,-0.525
31.100000,1555,0.47878,1.38629,-1.16959,1.39697,-0.89341,-0.53673,-0.49783,0.47721,1.38224,-1.17773,1.39938,-0.90914,-0.54632,-0.48247,0.49355,1.41550,-1.19612,1.42626,-0.90509,-0.51397,-0.50895,2.052,5.242,2.217,0.367,0.331,0.157,-0.515
31.200000,1560,0.47840,1.38629,-1.16959,1.42825,-0.88540,-0.52490,-0.51004,0.47526,1.38265,-1.17655,1.43036,-0.89621,-0.53459,-0.49429,0.49151,1.41569,-1.19538,1.45678,-0.89263,-0.50273,-0.52020,2.052,5.065,2.242,0.434,0.322,0.148,-0.504
31.300000,1565,0.47840,1.38591,-1.16959,1.45763,-0.87166,-0.51613,-0.52034,0.47349,1.38107,-1.17477,1.45942,-0.88299,-0.52405,-0.50551,0.48976,1.41404,-1.19441,1.48561,-0.88019,-0.49202,-0.53128,2.058,4.872,2.266,0.503,0.313,0.140,-0.493
31.400000,1570,0.47840,1.38553,-1.16959,1.48586,-0.86022,-0.50697,-0.52835,0.47192,1.37831,-1.17290,1.48710,-0.86979,-0.51392,-0.51672,0.48821,1.41124,-1.19327,1.51302,-0.86787,-0.48197,-0.54224,2.061,4.728,2.285,0.573,0.305,0.131,-0.482
31.500000,1575,0.47573,1.38515,-1.16959,1.51218,-0.84916,-0.49629,-0.53865,0.47051,1.37478,-1.17100,1.51363,-0.85705,-0.50444,-0.52795,0.48679,1.40759,-1.19200,1.53923,-0.85567,-0.47257,-0.55313,2.064,4.595,2.302,0.642,0.296,0.121,-0.472
31.600000,1580,0.47535,1.37942,-1.16959,1.53736,-0.83542,-0.48942,-0.55010,0.46922,1.37051,-1.16913,1.53908,-0.84425,-0.49530,-0.53882,0.48548,1.40309,-1.19060,1.56439,-0.84355,-0.46378,-0.56401,2.066,4.469,2.317,0.712,0.289,0.111,-0.462
31.700000,1585,0.47268,1.37675,-1.16959,1.56253,-0.82474,-0.48103,-0.55849,0.46802,1.36516,-1.16715,1.56365,-0.83183,-0.48702,-0.55043,0.48426,1.39772,-1.18908,1.58860,-0.83149,-0.45557,-0.57493,2.070,4.348,2.331,0.781,0.281,0.101,-0.452
31.800000,1590,0.47039,1.37141,-1.16921,1.58580,-0.81063,-0.47340,-0.57146,0.46683,1.35903,-1.16502,1.58721,-0.81914,-0.47930,-0.56146,0.48313,1.39151,-1.18744,1.61195,-0.81946,-0.44791,-0.58592,2.074,4.232,2.343,0.850,0.274,0.090,-0.443
31.900000,1595,0.47039,1.35997,-1.16845,1.60907,-0.80223,-0.46730,-0.58176,0.46579,1.35227,-1.16297,1.61002,-0.80674,-0.47199,-0.57249,0.48206,1.38443,-1.18569,1.63446,-0.80746,-0.44080,-0.59700,2.078,4.120,2.354,0.920,0.268,0.078,-0.433
32.000000,1600,0.47001,1.35768,-1.16654,1.63158,-0.78583,-0.46272,-0.59206,0.46465,1.34409,-1.16037,1.63193,-0.79380,-0.46562,-0.58424,0.48106,1.37649,-1.18384,1.65618,-0.79550,-0.43424,-0.60818,2.084,4.011,2.363,0.989,0.261,0.065,-0.424
32.100000,1605,0.47001,1.34700,-1.16464,1.65218,-0.77744,-0.45776,-0.60312,0.46374,1.33567,-1.15814,1.65320,-0.78167,-0.45909,-0.59555,0.48011,1.36767,-1.18189,1.67709,-0.78360,-0.42822,-0.61948,2.091,3.904,2.371,1.059,0.255,0.050,-0.415
32.200000,1610,0.46734,1.33517,-1.16235,1.67316,-0.76065,-0.44937,-0.61304,0.46283,1.32593,-1.15595,1.67361,-0.76954,-0.45366,-0.60736,0.47920,1.35795,-1.17986,1.69720,-0.77177,-0.42278,-0.63090,2.099,3.799,2.377,1.128,0.249,0.033,-0.406
32.300000,1615,0.46734,1.32182,-1.15815,1.69262,-0.75302,-0.44594,-0.62677,0.46197,1.31542,-1.15341,1.69319,-0.75699,-0.44850,-0.61905,0.47833,1.34735,-1.17774,1.71652,-0.76003,-0.41790,-0.64243,2.108,3.695,2.382,1.197,0.243,0.014,-0.398
32.400000,1620,0.46695,1.31076,-1.15624,1.71169,-0.73853,-0.44288,-0.63707,0.46100,1.30403,-1.15072,1.71195,-0.74480,-0.44419,-0.63088,0.47749,1.33589,-1.17556,1.73506,-0.74842,-0.41359,-0.65408,2.118,3.591,2.386,1.266,0.237,-0.008,-0.389
32.500000,1625,0.46467,1.30160,-1.15357,1.72962,-0.72823,-0.43945,-0.64966,0.46016,1.29173,-1.14820,1.73003,-0.73277,-0.44012,-0.64321,0.47667,1.32354,-1.17331,1.75280,-0.73696,-0.40986,-0.66584,2.129,3.488,2.388,1.334,0.231,-0.033,-0.380
32.600000,1630,0.46467,1.28558,-1.15090,1.74679,-0.71869,-0.43869,-0.65958,0.45935,1.27867,-1.14568,1.74724,-0.72104,-0.43686,-0.65512,0.47587,1.31029,-1.17101,1.76973,-0.72567,-0.40673,-0.67772,2.141,3.386,2.389,1.402,0.226,-0.061,-0.372
32.700000,1635,0.46467,1.27185,-1.14938,1.76395,-0.70458,-0.43678,-0.67141,0.45845,1.26453,-1.14283,1.76362,-0.70921,-0.43407,-0.66767,0.47509,1.29616,-1.16866,1.78585,-0.71459,-0.40420,-0.68969,2.154,3.283,2.389,1.469,0.220,-0.092,-0.364
32.800000,1640,0.46467,1.25773,-1.14823,1.77921,-0.69809,-0.43640,-0.68628,0.45771,1.24973,-1.14036,1.77926,-0.69788,-0.43184,-0.67985,0.47432,1.28116,-1.16628,1.80117,-0.70375,-0.40227,-0.70175,2.169,3.180,2.387,1.535,0.215,-0.126,-0.356
32.900000,1645,0.46428,1.24057,-1.14365,1.79409,-0.68245,-0.43602,-0.69658,0.45677,1.23390,-1.13753,1.79395,-0.68678,-0.43056,-0.69210,0.47355,1.26530,-1.16388,1.81568,-0.69317,-0.40094,-0.71389,2.185,3.077,2.384,1.601,0.209,-0.163,-0.348
33.000000,1650,0.45894,1.22416,-1.13870,1.80858,-0.67482,-0.43602,-0.70841,0.45616,1.21729,-1.13513,1.80804,-0.67615,-0.42929,-0.70497,0.47278,1.24857,-1.16146,1.82936,-0.68290,-0.40023,-0.72609,2.202,2.974,2.380,1.665,0.203,-0.201,-0.340
33.100000,1655,0.45665,1.20700,-1.13793,1.82041,-0.65994,-0.43602,-0.71985,0.45513,1.19975,-1.13228,1.82111,-0.66569,-0.42922,-0.71754,0.47200,1.23099,-1.15903,1.84221,-0.67296,-0.40012,-0.73834,2.220,2.870,2.374,1.728,0.197,-0.239,-0.332
33.200000,1660,0.45627,1.18678,-1.13602,1.83338,-0.65270,-0.43640,-0.73321,0.45432,1.18151,-1.12977,1.83348,-0.65553,-0.42922,-0.73002,0.47122,1.21257,-1.15662,1.85423,-0.66339,-0.40062,-0.75062,2.239,2.766,2.366,1.790,0.191,-0.277,-0.325
33.300000,1665,0.45627,1.16961,-1.13183,1.84444,-0.64774,-0.43678,-0.74312,0.45347,1.16243,-1.12715,1.84494,-0.64589,-0.43004,-0.74274,0.47043,1.19332,-1.15422,1.86539,-0.65424,-0.40174,-0.76291,2.259,2.661,2.357,1.850,0.184,-0.312,-0.318
33.400000,1670,0.45398,1.14711,-1.13030,1.85512,-0.63324,-0.43754,-0.75686,0.45260,1.14247,-1.12469,1.85556,-0.63683,-0.43154,-0.75536,0.46962,1.17326,-1.15185,1.87570,-0.64552,-0.40346,-0.77518,2.281,2.555,2.347,1.908,0.177,-0.344,-0.311
33.500000,1675,0.45360,1.12727,-1.12687,1.86542,-0.62637,-0.44021,-0.76830,0.45165,1.12171,-1.12214,1.86528,-0.62792,-0.43361,-0.76793,0.46880,1.15243,-1.14953,1.88518,-0.63726,-0.40575,-0.78741,2.304,2.449,2.335,1.963,0.170,-0.373,-0.304
33.600000,1680,0.45360,1.10476,-1.12305,1.87496,-0.62141,-0.44136,-0.78242,0.45076,1.10020,-1.11971,1.87418,-0.61967,-0.43614,-0.78038,0.46797,1.13084,-1.14726,1.89380,-0.62950,-0.40863,-0.79959,2.327,2.342,2.320,2.014,0.161,-0.398,-0.297
33.700000,1685,0.45360,1.08340,-1.12229,1.88221,-0.61073,-0.44479,-0.79424,0.44977,1.07793,-1.11729,1.88215,-0.61190,-0.43953,-0.79284,0.46713,1.10850,-1.14506,1.90152,-0.62229,-0.41208,-0.81168,2.352,2.233,2.305,2.062,0.150,-0.420,-0.291
33.800000,1690,0.45360,1.05975,-1.11810,1.88831,-0.60196,-0.44822,-0.80645,0.44882,1.05479,-1.11489,1.88924,-0.60459,-0.44335,-0.80533,0.46628,1.08544,-1.14295,1.90838,-0.61564,-0.41609,-0.82366,2.379,2.123,2.287,2.105,0.138,-0.437,-0.285
33.900000,1695,0.45208,1.03648,-1.11733,1.89518,-0.60005,-0.45204,-0.81751,0.44791,1.03121,-1.11283,1.89556,-0.59804,-0.44734,-0.81776,0.46542,1.06172,-1.14093,1.91437,-0.60956,-0.42061,-0.83550,2.406,2.013,2.267,2.143,0.125,-0.450,-0.280
34.000000,1700,0.45093,1.01092,-1.11581,1.89938,-0.59547,-0.45738,-0.82896,0.44687,1.00687,-1.11073,1.90089,-0.59206,-0.45226,-0.82982,0.46455,1.03734,-1.13903,1.91948,-0.60409,-0.42565,-0.84719,2.434,1.901,2.245,2.173,0.108,-0.461,-0.274
34.100000,1705,0.45055,0.98765,-1.11466,1.90548,-0.58975,-0.46577,-0.84231,0.44588,0.98191,-1.10877,1.90526,-0.58668,-0.45767,-0.84142,0.46368,1.01234,-1.13725,1.92370,-0.59925,-0.43116,-0.85870,2.463,1.787,2.221,2.196,0.087,-0.469,-0.269
34.200000,1710,0.44902,0.95980,-1.11199,1.90777,-0.58136,-0.47073,-0.85375,0.44495,0.95653,-1.10728,1.90892,-0.58248,-0.46320,-0.85310,0.46282,0.98677,-1.13562,1.92704,-0.59504,-0.43713,-0.87000,2.493,1.672,2.195,2.209,0.063,-0.474,-0.264
34.300000,1715,0.44826,0.93424,-1.11161,1.90968,-0.57793,-0.47455,-0.86558,0.44398,0.93067,-1.10597,1.91171,-0.57879,-0.46898,-0.86473,0.46196,0.96066,-1.13414,1.92949,-0.59150,-0.44352,-0.88108,2.524,1.556,2.167,2.212,0.035,-0.478,-0.260
34.400000,1720,0.44826,0.90868,-1.11047,1.91158,-0.57754,-0.48179,-0.87473,0.44301,0.90387,-1.10454,1.91347,-0.57532,-0.47562,-0.87645,0.46113,0.93404,-1.13283,1.93104,-0.58863,-0.45031,-0.89191,2.556,1.438,2.136,2.208,0.003,-0.480,-0.255
34.500000,1725,0.44788,0.88122,-1.11008,1.91158,-0.57526,-0.49019,-0.88732,0.44205,0.87682,-1.10337,1.91428,-0.57270,-0.48253,-0.88718,0.46031,0.90696,-1.13171,1.93170,-0.58643,-0.45745,-0.90248,2.589,1.318,2.103,2.198,-0.034,-0.481,-0.251
34.600000,1730,0.44788,0.85413,-1.11008,1.91158,-0.57487,-0.49591,-0.89571,0.44112,0.84933,-1.10229,1.91423,-0.57075,-0.48977,-0.89802,0.45954,0.87947,-1.13078,1.93147,-0.58490,-0.46492,-0.91277,2.623,1.197,2.068,2.186,-0.073,-0.480,-0.248
34.700000,1735,0.44750,0.82476,-1.11008,1.91158,-0.57487,-0.50125,-0.90716,0.44031,0.82161,-1.10180,1.91339,-0.56995,-0.49702,-0.90839,0.45880,0.85159,-1.13007,1.93034,-0.58405,-0.47267,-0.92277,2.657,1.074,2.031,2.174,-0.115,-0.479,-0.244
34.800000,1740,0.44254,0.79767,-1.10932,1.91158,-0.57526,-0.50850,-0.91822,0.43957,0.79337,-1.10140,1.91158,-0.56949,-0.50481,-0.91874,0.45811,0.82338,-1.12957,1.92832,-0.58386,-0.48067,-0.93248,2.693,0.950,1.992,2.166,-0.156,-0.476,-0.241
34.900000,1745,0.43949,0.76945,-1.10741,1.91120,-0.57526,-0.51918,-0.92509,0.43870,0.76485,-1.10109,1.90880,-0.56970,-0.51289,-0.92865,0.45749,0.79488,-1.12932,1.92541,-0.58433,-0.48889,-0.94187,2.728,0.823,1.951,2.163,-0.197,-0.473,-0.237
35.000000,1750,0.43949,0.73931,-1.10551,1.91120,-0.57602,-0.52605,-0.93691,0.43802,0.73617,-1.10111,1.90517,-0.57066,-0.52088,-0.93797,0.45694,0.76612,-1.12930,1.92161,-0.58544,-0.49727,-0.95096,2.765,0.695,1.907,2.164,-0.236,-0.470,-0.234
35.100000,1755,0.43911,0.71108,-1.10551,1.90701,-0.57831,-0.53329,-0.94378,0.43754,0.70762,-1.10186,1.90083,-0.57274,-0.52879,-0.94685,0.45647,0.73714,-1.12953,1.91693,-0.58718,-0.50579,-0.95975,2.802,0.565,1.863,2.170,-0.272,-0.466,-0.231
35.200000,1760,0.43911,0.68171,-1.10551,1.90243,-0.57907,-0.54169,-0.95217,0.43700,0.67833,-1.10239,1.89536,-0.57489,-0.53732,-0.95590,0.45609,0.70797,-1.13001,1.91137,-0.58953,-0.51442,-0.96822,2.840,0.434,1.817,2.182,-0.303,-0.461,-0.228
35.300000,1765,0.43758,0.65310,-1.10551,1.89556,-0.58250,-0.55008,-0.96362,0.43663,0.64878,-1.10315,1.88903,-0.57748,-0.54585,-0.96482,0.45581,0.67861,-1.13076,1.90491,-0.59248,-0.52313,-0.97641,2.878,0.300,1.770,2.196,-0.330,-0.457,-0.226
35.400000,1770,0.43720,0.62410,-1.10551,1.88793,-0.58632,-0.55733,-0.97048,0.43616,0.61904,-1.10403,1.88164,-0.58074,-0.55461,-0.97360,0.45565,0.64904,-1.13177,1.89751,-0.59601,-0.53190,-0.98430,2.918,0.164,1.721,2.211,-0.354,-0.452,-0.223
35.500000,1775,0.43720,0.59282,-1.10551,1.87878,-0.59586,-0.56572,-0.97773,0.43629,0.58987,-1.10597,1.87291,-0.58510,-0.56254,-0.98047,0.45571,0.61936,-1.13323,1.88852,-0.60023,-0.54060,-0.99159,2.969,0.027,1.655,2.220,-0.381,-0.445,-0.211
35.600000,1780,0.43720,0.56459,-1.10589,1.86771,-0.60158,-0.57526,-0.98574,0.43633,0.55938,-1.10767,1.86235,-0.58957,-0.57152,-0.98868,0.45599,0.58942,-1.13512,1.87792,-0.60512,-0.54926,-0.99832,3.007,-0.114,1.615,2.244,-0.394,-0.442,-0.215
35.700000,1785,0.43720,0.53140,-1.10589,1.85703,-0.60501,-0.58136,-0.99566,0.43642,0.52884,-1.10982,1.85198,-0.59512,-0.58014,-0.99546,0.45624,0.55860,-1.13696,1.86757,-0.61034,-0.55826,-1.00570,3.037,-0.262,1.581,2.270,-0.404,-0.439,-0.225
35.800000,1790,0.43720,0.50051,-1.10627,1.84711,-0.60844,-0.59051,-1.00024,0.43671,0.49722,-1.11217,1.84087,-0.60112,-0.58921,-1.00253,0.45659,0.52690,-1.13901,1.85646,-0.61614,-0.56747,-1.01324,3.078,-0.418,1.523,2.288,-0.420,-0.435,-0.224
35.900000,1795,0.43720,0.46732,-1.10780,1.83414,-0.61378,-0.59967,-1.00710,0.43710,0.46482,-1.11505,1.82771,-0.60818,-0.59826,-1.00933,0.45715,0.49448,-1.14160,1.84337,-0.62279,-0.57677,-1.02036,3.127,-0.578,1.463,2.306,-0.431,-0.430,-0.221
36.000000,1800,0.43720,0.43642,-1.11275,1.82270,-0.62370,-0.60692,-1.01512,0.43900,0.43606,-1.11703,1.81983,-0.61336,-0.60805,-1.01649,0.45948,0.46645,-1.14216,1.83628,-0.62491,-0.58581,-1.02822,3.357,-0.678,1.774,2.887,0.127,-0.415,-0.244
36.100000,1805,0.43911,0.42078,-1.11199,1.83567,-0.59814,-0.61684,-1.02542,0.44665,0.42661,-1.11228,1.83622,-0.60272,-0.61852,-1.02466,0.46827,0.45970,-1.13433,1.85485,-0.60744,-0.59321,-1.03763,3.453,-0.343,1.891,2.965,0.192,-0.386,-0.249
36.200000,1810,0.45131,0.42154,-1.10360,1.86428,-0.57259,-0.62599,-1.03419,0.45709,0.42617,-1.10290,1.86260,-0.58045,-0.62625,-1.03467,0.47947,0.46053,-1.12363,1.88214,-0.58295,-0.60007,-1.04736,3.491,-0.278,1.902,2.925,0.193,-0.376,-0.251
36.300000,1815,0.46047,0.42116,-1.09254,1.89137,-0.54817,-0.63133,-1.04678,0.46813,0.42671,-1.09224,1.89001,-0.55562,-0.63320,-1.04542,0.49073,0.46154,-1.11283,1.90966,-0.55826,-0.60693,-1.05711,3.522,-0.179,1.907,2.876,0.191,-0.353,-0.247
36.400000,1820,0.47115,0.42230,-1.08338,1.91692,-0.52719,-0.63133,-1.05174,0.47567,0.43675,-1.08266,1.91327,-0.53337,-0.63530,-1.05365,0.49851,0.47224,-1.10423,1.93285,-0.53810,-0.60842,-1.06150,3.416,0.111,1.871,2.819,0.170,0.165,0.179
36.500000,1825,0.47306,0.44710,-1.08033,1.93180,-0.51880,-0.61378,-1.03991,0.47568,0.46674,-1.07623,1.92868,-0.51970,-0.62638,-1.05437,0.49896,0.50307,-1.09974,1.94816,-0.52734,-0.59861,-1.05555,3.186,0.304,1.844,2.791,0.150,0.228,0.334
36.600000,1830,0.47306,0.48372,-1.07728,1.94363,-0.50964,-0.60043,-1.03457,0.47482,0.50026,-1.07131,1.94179,-0.50930,-0.61516,-1.04874,0.49835,0.53686,-1.09615,1.96141,-0.51868,-0.58684,-1.04791,3.181,0.488,1.845,2.764,0.145,0.219,0.338
36.700000,1835,0.47306,0.51691,-1.07499,1.95469,-0.49782,-0.59090,-1.02732,0.47451,0.53372,-1.06750,1.95326,-0.50038,-0.60347,-1.04034,0.49790,0.57028,-1.09320,1.97285,-0.51093,-0.57499,-1.03971,3.177,0.666,1.855,2.737,0.141,0.209,0.336
36.800000,1840,0.47306,0.55124,-1.07079,1.96461,-0.49286,-0.57793,-1.02084,0.47437,0.56655,-1.06415,1.96403,-0.49255,-0.59181,-1.03256,0.49762,0.60309,-1.09051,1.98352,-0.50378,-0.56323,-1.03156,3.170,0.837,1.884,2.715,0.141,0.198,0.326
36.900000,1845,0.47306,0.58481,-1.06812,1.97529,-0.48408,-0.56839,-1.01550,0.47434,0.59869,-1.06073,1.97483,-0.48489,-0.58065,-1.02474,0.49749,0.63526,-1.08771,1.99442,-0.49690,-0.55170,-1.02399,3.161,1.002,1.901,2.688,0.137,0.188,0.321
37.000000,1850,0.47306,0.61762,-1.06545,1.98445,-0.47378,-0.55847,-1.00520,0.47449,0.63087,-1.05792,1.98408,-0.47838,-0.56902,-1.01666,0.49752,0.66736,-1.08552,2.00354,-0.49091,-0.54001,-1.01564,3.154,1.166,1.889,2.646,0.121,0.179,0.327
37.100000,1855,0.47306,0.64966,-1.06507,1.99131,-0.47035,-0.54703,-0.99452,0.47486,0.66306,-1.05580,1.99186,-0.47264,-0.55704,-1.00780,0.49770,0.69941,-1.08385,2.01121,-0.48575,-0.52819,-1.00661,3.144,1.326,1.895,2.608,0.107,0.170,0.325
37.200000,1860,0.47306,0.68209,-1.06354,1.99818,-0.46921,-0.53635,-0.98727,0.47533,0.69503,-1.05379,1.99854,-0.46728,-0.54545,-0.99827,0.49798,0.73136,-1.08251,2.01795,-0.48130,-0.51635,-0.99719,3.131,1.483,1.901,2.566,0.090,0.160,0.323
37.300000,1865,0.47306,0.71413,-1.05973,2.00199,-0.46615,-0.52376,-0.97888,0.47586,0.72692,-1.05229,2.00436,-0.46306,-0.53380,-0.98841,0.49837,0.76322,-1.08150,2.02375,-0.47760,-0.50454,-0.98736,3.117,1.636,1.905,2.516,0.065,0.151,0.320
37.400000,1870,0.47306,0.74656,-1.05935,2.00810,-0.46577,-0.51498,-0.96819,0.47648,0.75866,-1.05097,2.00924,-0.45940,-0.52226,-0.97824,0.49883,0.79495,-1.08080,2.02864,-0.47465,-0.49278,-0.97709,3.100,1.787,1.910,2.460,0.036,0.141,0.317
37.500000,1875,0.47344,0.77860,-1.05782,2.01077,-0.46196,-0.50278,-0.96056,0.47717,0.79027,-1.05006,2.01325,-0.45680,-0.51079,-0.96766,0.49935,0.82653,-1.08041,2.03261,-0.47251,-0.48113,-0.96639,3.082,1.934,1.913,2.392,-0.003,0.131,0.314
37.600000,1880,0.47344,0.81026,-1.05782,2.01344,-0.45891,-0.49209,-0.94531,0.47789,0.82179,-1.04951,2.01625,-0.45507,-0.49942,-0.95640,0.49993,0.85790,-1.08032,2.03564,-0.47120,-0.46965,-0.95524,3.062,2.078,1.916,2.317,-0.046,0.122,0.310
37.700000,1885,0.47344,0.84116,-1.05782,2.01611,-0.45891,-0.48179,-0.93691,0.47873,0.85296,-1.04908,2.01838,-0.45392,-0.48816,-0.94461,0.50053,0.88901,-1.08050,2.03775,-0.47074,-0.45837,-0.94367,3.040,2.218,1.919,2.230,-0.094,0.113,0.306
37.800000,1890,0.47344,0.87321,-1.05782,2.01649,-0.45891,-0.47073,-0.92242,0.47953,0.88372,-1.04895,2.01953,-0.45360,-0.47745,-0.93284,0.50114,0.91979,-1.08096,2.03893,-0.47115,-0.44738,-0.93167,3.016,2.355,1.923,2.138,-0.142,0.104,0.302
37.900000,1895,0.47382,0.90334,-1.05782,2.01649,-0.45929,-0.46234,-0.91212,0.48042,0.91429,-1.04923,2.01975,-0.45442,-0.46688,-0.91965,0.50176,0.95019,-1.08166,2.03917,-0.47243,-0.43671,-0.91927,2.991,2.488,1.925,2.037,-0.190,0.094,0.297
38.000000,1900,0.47382,0.93462,-1.05782,2.01649,-0.46043,-0.45128,-0.89877,0.48124,0.94439,-1.04965,2.01905,-0.45611,-0.45664,-0.90678,0.50237,0.98016,-1.08259,2.03847,-0.47462,-0.42643,-0.90649,2.965,2.618,1.929,1.940,-0.229,0.085,0.292
38.100000,1905,0.47420,0.96438,-1.05782,2.01649,-0.46654,-0.44212,-0.88541,0.48213,0.97401,-1.05053,2.01751,-0.45881,-0.44671,-0.89346,0.50295,1.00964,-1.08373,2.03684,-0.47768,-0.41659,-0.89334,2.937,2.745,1.933,1.841,-0.265,0.076,0.286
38.200000,1910,0.47725,0.99375,-1.05782,2.01611,-0.47035,-0.43564,-0.87359,0.48283,1.00293,-1.05128,2.01484,-0.46211,-0.43775,-0.87973,0.50350,1.03857,-1.08507,2.03429,-0.48162,-0.40724,-0.87987,2.909,2.868,1.937,1.750,-0.291,0.067,0.281
38.300000,1915,0.47954,1.02313,-1.05782,2.01573,-0.47226,-0.42534,-0.85947,0.48358,1.03147,-1.05252,2.01142,-0.46686,-0.42886,-0.86563,0.50400,1.06690,-1.08659,2.03079,-0.48643,-0.39844,-0.86608,2.879,2.988,1.942,1.665,-0.310,0.057,0.275
38.400000,1920,0.48221,1.05136,-1.05782,2.01077,-0.47531,-0.41732,-0.84727,0.48426,1.05929,-1.05380,2.00697,-0.47200,-0.42085,-0.85116,0.50445,1.09459,-1.08825,2.02638,-0.49209,-0.39021,-0.85204,2.850,3.104,1.946,1.584,-0.325,0.046,0.268
38.500000,1925,0.48259,1.07806,-1.05782,2.00543,-0.48065,-0.41237,-0.83163,0.48495,1.08641,-1.05522,2.00159,-0.47809,-0.41327,-0.83648,0.50485,1.12159,-1.09006,2.02105,-0.49856,-0.38261,-0.83776,2.819,3.218,1.952,1.510,-0.335,0.035,0.262
38.600000,1930,0.48336,1.10553,-1.05782,1.99932,-0.49362,-0.40550,-0.81522,0.48560,1.11287,-1.05693,1.99540,-0.48509,-0.40615,-0.82170,0.50518,1.14785,-1.09198,2.01479,-0.50583,-0.37567,-0.82329,2.789,3.328,1.957,1.440,-0.341,0.022,0.255
38.700000,1935,0.48488,1.13185,-1.05782,1.99169,-0.50049,-0.39787,-0.80378,0.48612,1.13844,-1.05870,1.98819,-0.49293,-0.40007,-0.80657,0.50545,1.17334,-1.09400,2.00763,-0.51385,-0.36943,-0.80865,2.759,3.435,1.963,1.372,-0.344,0.006,0.248
38.800000,1940,0.48488,1.15664,-1.05782,1.98254,-0.50468,-0.39329,-0.78699,0.48649,1.16314,-1.06036,1.97997,-0.50121,-0.39493,-0.79146,0.50565,1.19802,-1.09611,1.99957,-0.52259,-0.36390,-0.79391,2.730,3.539,1.969,1.306,-0.347,-0.013,0.241
38.900000,1945,0.48488,1.18182,-1.05782,1.97338,-0.51575,-0.39062,-0.77250,0.48697,1.18712,-1.06225,1.97098,-0.51018,-0.39008,-0.77612,0.50578,1.22185,-1.09829,1.99062,-0.53200,-0.35912,-0.77908,2.700,3.641,1.976,1.241,-0.347,-0.036,0.234
39.000000,1950,0.48488,1.20471,-1.05782,1.96308,-0.52643,-0.38719,-0.75800,0.48721,1.21027,-1.06434,1.96107,-0.52032,-0.38623,-0.76069,0.50585,1.24481,-1.10052,1.98078,-0.54204,-0.35509,-0.76421,2.672,3.740,1.982,1.176,-0.347,-0.063,0.226
39.100000,1955,0.48488,1.22722,-1.05820,1.95240,-0.53177,-0.38643,-0.74274,0.48751,1.23240,-1.06639,1.95026,-0.53066,-0.38312,-0.74503,0.50586,1.26688,-1.10280,1.97007,-0.55265,-0.35183,-0.74933,2.645,3.837,1.990,1.112,-0.346,-0.096,0.219
39.200000,1960,0.48488,1.25010,-1.06011,1.93981,-0.54932,-0.38414,-0.72901,0.48778,1.25376,-1.06867,1.93874,-0.54172,-0.38031,-0.73001,0.50582,1.28803,-1.10510,1.95849,-0.56379,-0.34936,-0.73448,2.618,3.931,1.997,1.048,-0.345,-0.133,0.212
39.300000,1965,0.48488,1.27032,-1.06011,1.92684,-0.55695,-0.38414,-0.71146,0.48786,1.27409,-1.07086,1.92614,-0.55336,-0.37901,-0.71432,0.50572,1.30824,-1.10741,1.94605,-0.57541,-0.34766,-0.71968,2.593,4.023,2.005,0.983,-0.343,-0.175,0.204
39.400000,1970,0.48488,1.28978,-1.06087,1.91349,-0.57068,-0.38414,-0.69735,0.48799,1.29350,-1.07311,1.91280,-0.56527,-0.37788,-0.69911,0.50557,1.32750,-1.10973,1.93277,-0.58746,-0.34674,-0.70498,2.569,4.113,2.013,0.918,-0.342,-0.220,0.197
39.500000,1975,0.48526,1.30923,-1.06240,1.89938,-0.58060,-0.38452,-0.68361,0.48797,1.31186,-1.07531,1.89854,-0.57769,-0.37816,-0.68375,0.50539,1.34580,-1.11204,1.91865,-0.59988,-0.34661,-0.69038,2.547,4.202,2.022,0.853,-0.340,-0.265,0.189
39.600000,1980,0.48526,1.32793,-1.06698,1.88374,-0.59509,-0.38490,-0.66874,0.48800,1.32936,-1.07754,1.88352,-0.59036,-0.37866,-0.66882,0.50517,1.36312,-1.11433,1.90371,-0.61263,-0.34724,-0.67591,2.526,4.288,2.030,0.788,-0.337,-0.309,0.182
39.700000,1985,0.48526,1.34280,-1.06736,1.86733,-0.60730,-0.38681,-0.65119,0.48806,1.34601,-1.08000,1.86769,-0.60367,-0.38004,-0.65342,0.50493,1.37946,-1.11659,1.88795,-0.62565,-0.34862,-0.66160,2.507,4.373,2.040,0.722,-0.335,-0.349,0.175
39.800000,1990,0.48526,1.35921,-1.06927,1.85055,-0.62103,-0.38833,-0.63745,0.48796,1.36125,-1.08204,1.85100,-0.61671,-0.38230,-0.63931,0.50468,1.39482,-1.11881,1.87138,-0.63890,-0.35076,-0.64746,2.489,4.456,2.050,0.656,-0.333,-0.384,0.168
39.900000,1995,0.48526,1.37523,-1.07384,1.83300,-0.63286,-0.39215,-0.62448,0.48789,1.37588,-1.08437,1.83348,-0.63032,-0.38527,-0.62425,0.50441,1.40920,-1.12099,1.85402,-0.65232,-0.35363,-0.63350,2.474,4.537,2.060,0.589,-0.330,-0.413,0.161
40.000000,2000,0.48526,1.38705,-1.07423,1.81431,-0.64774,-0.39520,-0.61113,0.48791,1.38943,-1.08660,1.81529,-0.64398,-0.38871,-0.61006,0.50416,1.42259,-1.12310,1.83587,-0.66589,-0.35721,-0.61972,2.459,4.617,2.070,0.523,-0.328,-0.436,0.154
40.100000,2005,0.48565,1.40269,-1.07423,1.79485,-0.65956,-0.39901,-0.59778,0.48776,1.40174,-1.08866,1.79616,-0.65760,-0.39336,-0.59608,0.50391,1.43501,-1.12515,1.81693,-0.67955,-0.36149,-0.60614,2.447,4.695,2.081,0.456,-0.325,-0.454,0.148
40.200000,2010,0.48755,1.41490,-1.07995,1.77463,-0.67444,-0.40359,-0.58252,0.48765,1.41335,-1.09057,1.77631,-0.67126,-0.39809,-0.58220,0.50368,1.44645,-1.12712,1.79722,-0.69327,-0.36645,-0.59275,2.436,4.771,2.093,0.390,-0.322,-0.468,0.142
40.300000,2015,0.48755,1.42329,-1.08147,1.75442,-0.68512,-0.41275,-0.57108,0.48767,1.42397,-1.09271,1.75560,-0.68523,-0.40409,-0.56775,0.50348,1.45692,-1.12901,1.77674,-0.70701,-0.37207,-0.57955,2.428,4.846,2.104,0.324,-0.319,-0.478,0.136
40.400000,2020,0.48794,1.43359,-1.08491,1.73229,-0.70076,-0.41847,-0.55544,0.48772,1.43359,-1.09468,1.73426,-0.69906,-0.41009,-0.55438,0.50333,1.46643,-1.13080,1.75548,-0.72074,-0.37834,-0.56654,2.421,4.918,2.117,0.258,-0.316,-0.484,0.130
40.500000,2025,0.48755,1.44428,-1.08720,1.71016,-0.71335,-0.42381,-0.54361,0.48771,1.44202,-1.09650,1.71206,-0.71282,-0.41736,-0.54123,0.50322,1.47499,-1.13248,1.73346,-0.73444,-0.38523,-0.55370,2.415,4.987,2.129,0.192,-0.313,-0.488,0.124
40.600000,2030,0.48755,1.45229,-1.08720,1.68689,-0.72899,-0.43182,-0.52873,0.48782,1.44991,-1.09833,1.68908,-0.72670,-0.42474,-0.52774,0.50317,1.48260,-1.13405,1.71067,-0.74808,-0.39273,-0.54102,2.412,5.053,2.142,0.126,-0.310,-0.490,0.119
40.700000,2035,0.48755,1.46068,-1.08758,1.66324,-0.74082,-0.44098,-0.51538,0.48796,1.45663,-1.09999,1.66537,-0.74049,-0.43293,-0.51469,0.50319,1.48929,-1.13550,1.68708,-0.76164,-0.40083,-0.52848,2.410,5.114,2.155,0.061,-0.306,-0.491,0.114
40.800000,2040,0.48755,1.46373,-1.09139,1.63730,-0.75722,-0.44822,-0.50394,0.48820,1.46267,-1.10168,1.64087,-0.75434,-0.44135,-0.50182,0.50329,1.49506,-1.13682,1.66268,-0.77513,-0.40952,-0.51605,2.411,5.170,2.169,-0.004,-0.303,-0.490,0.110
40.900000,2045,0.48794,1.46564,-1.09330,1.61289,-0.76676,-0.45585,-0.49288,0.48852,1.46751,-1.10317,1.61538,-0.76783,-0.45097,-0.48874,0.50348,1.49992,-1.13800,1.63741,-0.78854,-0.41881,-0.50369,2.413,5.221,2.182,-0.070,-0.299,-0.489,0.105
41.000000,2050,0.48794,1.47365,-1.09368,1.58618,-0.78392,-0.46806,-0.47952,0.48887,1.47129,-1.10417,1.58895,-0.78089,-0.46101,-0.47642,0.50377,1.50387,-1.13902,1.61120,-0.80189,-0.42871,-0.49138,2.417,5.264,2.195,-0.135,-0.296,-0.486,0.101
41.100000,2055,0.48794,1.47975,-1.09406,1.55796,-0.79270,-0.47684,-0.46694,0.48935,1.47425,-1.10524,1.56147,-0.79433,-0.47157,-0.46340,0.50420,1.50680,-1.13988,1.58392,-0.81519,-0.43921,-0.47903,2.428,5.271,2.213,-0.200,-0.292,-0.483,0.098
41.200000,2060,0.48794,1.47975,-1.09406,1.52934,-0.81024,-0.48904,-0.45206,0.49025,1.47535,-1.10636,1.53267,-0.80770,-0.48220,-0.45031,0.50491,1.50764,-1.14044,1.55525,-0.82820,-0.45006,-0.46660,2.449,5.227,2.233,-0.262,-0.288,-0.478,0.095
41.300000,2065,0.48794,1.47975,-1.09406,1.49883,-0.81902,-0.49972,-0.44099,0.49103,1.47563,-1.10732,1.50246,-0.82139,-0.49416,-0.43707,0.50573,1.50809,-1.14087,1.52543,-0.84139,-0.46174,-0.45402,2.450,5.360,2.235,-0.325,-0.285,-0.477,0.092
41.400000,2070,0.49022,1.47975,-1.09444,1.46755,-0.83657,-0.51193,-0.42612,0.49173,1.47582,-1.10847,1.47089,-0.83566,-0.50725,-0.42347,0.50653,1.50845,-1.14126,1.49446,-0.85482,-0.47454,-0.44145,2.456,5.349,2.244,-0.391,-0.281,-0.473,0.088
41.500000,2075,0.49061,1.48013,-1.09597,1.43626,-0.84572,-0.52452,-0.41238,0.49258,1.47731,-1.10885,1.44251,-0.85072,-0.51908,-0.40933,0.50771,1.51066,-1.14005,1.46719,-0.86693,-0.48525,-0.42884,2.508,5.745,2.507,-0.417,-0.251,-0.330,0.083
41.600000,2080,0.49099,1.48967,-1.09444,1.43550,-0.85602,-0.50926,-0.39941,0.49415,1.49264,-1.10323,1.44514,-0.86403,-0.51217,-0.39615,0.51036,1.52724,-1.12905,1.47155,-0.86956,-0.47695,-0.41719,2.553,5.800,2.627,0.212,0.158,0.196,0.076
41.700000,2085,0.49785,1.51523,-1.08453,1.46259,-0.85602,-0.48332,-0.38873,0.49690,1.51505,-1.09075,1.46548,-0.86779,-0.49390,-0.38403,0.51374,1.55024,-1.11283,1.49257,-0.86692,-0.45824,-0.40623,2.527,5.782,2.677,0.191,0.197,0.204,0.076
41.800000,2090,0.50167,1.53888,-1.07117,1.48433,-0.85602,-0.46387,-0.37691,0.50058,1.53848,-1.07558,1.48702,-0.86724,-0.47467,-0.37252,0.51715,1.57341,-1.09647,1.51395,-0.86418,-0.43930,-0.39525,2.490,5.757,2.722,0.160,0.201,0.208,0.073
41.900000,2095,0.50205,1.56063,-1.05897,1.50646,-0.85488,-0.44365,-0.36775,0.50364,1.55662,-1.06383,1.51065,-0.86425,-0.45589,-0.36540,0.51999,1.59096,-1.08377,1.53738,-0.85909,-0.42101,-0.38965,2.399,5.673,2.708,0.155,0.333,0.208,-0.395
42.000000,2100,0.50472,1.56597,-1.05782,1.53621,-0.83771,-0.42801,-0.38568,0.50516,1.56096,-1.06289,1.54091,-0.85468,-0.43901,-0.37193,0.52127,1.59430,-1.08157,1.56750,-0.84735,-0.40479,-0.39941,2.342,5.322,2.424,0.210,0.347,0.199,-0.554
42.100000,2105,0.50472,1.56597,-1.05782,1.57054,-0.83008,-0.41313,-0.40132,0.50659,1.56151,-1.06373,1.57259,-0.84170,-0.42342,-0.38504,0.52232,1.59435,-1.08189,1.59876,-0.83388,-0.38977,-0.41286,2.349,5.103,2.428,0.267,0.339,0.191,-0.544
42.200000,2110,0.50510,1.56597,-1.05782,1.60106,-0.81368,-0.39901,-0.41467,0.50769,1.56092,-1.06348,1.60307,-0.82774,-0.40924,-0.39899,0.52339,1.59365,-1.08218,1.62887,-0.82030,-0.37574,-0.42643,2.345,5.038,2.432,0.325,0.329,0.182,-0.533
42.300000,2115,0.50701,1.56558,-1.05820,1.63082,-0.80414,-0.38757,-0.42688,0.50878,1.56036,-1.06267,1.63240,-0.81310,-0.39635,-0.41252,0.52450,1.59300,-1.08235,1.65801,-0.80681,-0.36268,-0.43986,2.356,4.841,2.450,0.379,0.322,0.175,-0.522
42.400000,2120,0.50739,1.56520,-1.05820,1.65866,-0.78545,-0.37498,-0.44176,0.51019,1.55761,-1.06191,1.66041,-0.79866,-0.38359,-0.42609,0.52590,1.59021,-1.08221,1.68574,-0.79286,-0.34996,-0.45317,2.374,4.646,2.468,0.437,0.314,0.167,-0.511
42.500000,2125,0.50815,1.56444,-1.05782,1.68537,-0.77667,-0.36316,-0.45282,0.51183,1.55383,-1.06107,1.68741,-0.78382,-0.37111,-0.43973,0.52746,1.58624,-1.08187,1.71239,-0.77863,-0.33783,-0.46648,2.386,4.505,2.478,0.496,0.307,0.160,-0.501
42.600000,2130,0.51578,1.55872,-1.05782,1.71207,-0.75760,-0.35247,-0.46541,0.51333,1.54905,-1.05994,1.71337,-0.76876,-0.35975,-0.45307,0.52913,1.58132,-1.08136,1.73813,-0.76417,-0.32633,-0.47985,2.399,4.371,2.488,0.556,0.300,0.152,-0.490
42.700000,2135,0.51769,1.55414,-1.05782,1.73649,-0.74501,-0.34141,-0.47609,0.51516,1.54333,-1.05890,1.73862,-0.75374,-0.34858,-0.46706,0.53090,1.57542,-1.08070,1.76302,-0.74943,-0.31546,-0.49337,2.412,4.246,2.495,0.616,0.294,0.143,-0.480
42.800000,2140,0.51807,1.54384,-1.05782,1.76166,-0.72937,-0.33302,-0.49249,0.51711,1.53647,-1.05773,1.76299,-0.73815,-0.33823,-0.48089,0.53275,1.56854,-1.07991,1.78712,-0.73443,-0.30521,-0.50707,2.426,4.125,2.501,0.677,0.287,0.134,-0.470
42.900000,2145,0.51845,1.54003,-1.05782,1.78531,-0.71564,-0.32310,-0.50699,0.51905,1.52857,-1.05613,1.78659,-0.72193,-0.32862,-0.49522,0.53468,1.56067,-1.07899,1.81046,-0.71917,-0.29560,-0.52101,2.440,4.009,2.506,0.739,0.281,0.125,-0.460
43.000000,2150,0.52112,1.52973,-1.05782,1.80820,-0.70000,-0.31356,-0.52187,0.52098,1.51999,-1.05460,1.80946,-0.70588,-0.31938,-0.50940,0.53667,1.55177,-1.07794,1.83303,-0.70366,-0.28666,-0.53522,2.456,3.897,2.509,0.801,0.276,0.115,-0.450
43.100000,2155,0.52112,1.52095,-1.05782,1.83033,-0.68016,-0.30632,-0.53217,0.52307,1.51012,-1.05311,1.83163,-0.68966,-0.31105,-0.52436,0.53871,1.54184,-1.07680,1.85487,-0.68796,-0.27840,-0.54973,2.472,3.787,2.511,0.863,0.270,0.103,-0.441
43.200000,2160,0.52379,1.50722,-1.05782,1.85169,-0.66719,-0.30059,-0.54743,0.52515,1.49926,-1.05134,1.85295,-0.67283,-0.30351,-0.53911,0.54078,1.53088,-1.07555,1.87596,-0.67208,-0.27086,-0.56456,2.489,3.680,2.511,0.926,0.265,0.089,-0.431
43.300000,2165,0.52418,1.49463,-1.05782,1.87229,-0.64964,-0.29220,-0.56269,0.52722,1.48726,-1.04949,1.87361,-0.65601,-0.29640,-0.55480,0.54288,1.51884,-1.07422,1.89629,-0.65608,-0.26408,-0.57974,2.507,3.574,2.510,0.988,0.260,0.073,-0.421
43.400000,2170,0.52761,1.48319,-1.05706,1.89251,-0.63019,-0.28724,-0.57833,0.52918,1.47425,-1.04739,1.89337,-0.63882,-0.29061,-0.57035,0.54498,1.50575,-1.07281,1.91585,-0.64001,-0.25808,-0.59527,2.526,3.469,2.509,1.051,0.255,0.052,-0.411
43.500000,2175,0.53295,1.46907,-1.05286,1.91120,-0.61913,-0.28343,-0.59320,0.53137,1.46031,-1.04566,1.91254,-0.62193,-0.28501,-0.58631,0.54707,1.49159,-1.07133,1.93465,-0.62391,-0.25289,-0.61116,2.546,3.365,2.505,1.114,0.251,0.027,-0.401
43.600000,2180,0.53486,1.45114,-1.05134,1.92989,-0.60005,-0.28114,-0.60694,0.53346,1.44516,-1.04362,1.93084,-0.60507,-0.28045,-0.60293,0.54914,1.47634,-1.06979,1.95266,-0.60787,-0.24856,-0.62741,2.567,3.261,2.501,1.177,0.246,-0.003,-0.392
43.700000,2185,0.53486,1.43741,-1.05096,1.94782,-0.58479,-0.27885,-0.62716,0.53541,1.42860,-1.04146,1.94834,-0.58795,-0.27696,-0.62022,0.55118,1.46000,-1.06819,1.96987,-0.59193,-0.24510,-0.64402,2.589,3.159,2.496,1.240,0.242,-0.044,-0.382
43.800000,2190,0.53562,1.41757,-1.04752,1.96461,-0.56839,-0.27809,-0.64280,0.53739,1.41151,-1.03948,1.96511,-0.57139,-0.27397,-0.63720,0.55316,1.44258,-1.06655,1.98630,-0.57616,-0.24253,-0.66097,2.611,3.056,2.489,1.302,0.238,-0.090,-0.372
43.900000,2195,0.53791,1.40117,-1.04485,1.98025,-0.54779,-0.27770,-0.65805,0.53928,1.39286,-1.03729,1.98103,-0.55472,-0.27226,-0.65517,0.55508,1.42406,-1.06488,2.00189,-0.56064,-0.24090,-0.67826,2.635,2.954,2.482,1.364,0.233,-0.144,-0.363
44.000000,2200,0.53982,1.38019,-1.04294,1.99513,-0.53787,-0.27732,-0.67789,0.54105,1.37361,-1.03535,1.99613,-0.53890,-0.27116,-0.67279,0.55693,1.40445,-1.06318,2.01666,-0.54544,-0.24022,-0.69585,2.659,2.852,2.473,1.425,0.229,-0.206,-0.354
44.100000,2205,0.54058,1.35883,-1.03913,2.01000,-0.51994,-0.27847,-0.69506,0.54281,1.35304,-1.03333,2.01038,-0.52307,-0.27121,-0.69084,0.55868,1.38377,-1.06146,2.03059,-0.53063,-0.24050,-0.71373,2.684,2.750,2.463,1.485,0.225,-0.266,-0.345
44.200000,2210,0.54058,1.33746,-1.03760,2.02336,-0.50430,-0.27961,-0.71222,0.54440,1.33131,-1.03116,2.02379,-0.50778,-0.27226,-0.70941,0.56033,1.36200,-1.05974,2.04365,-0.51630,-0.24178,-0.73186,2.710,2.648,2.451,1.544,0.221,-0.327,-0.336
44.300000,2215,0.54439,1.31419,-1.03684,2.03556,-0.49248,-0.28228,-0.73168,0.54584,1.30861,-1.02906,2.03632,-0.49269,-0.27410,-0.72812,0.56187,1.33915,-1.05805,2.05580,-0.50250,-0.24408,-0.75017,2.737,2.546,2.437,1.602,0.217,-0.379,-0.328
44.400000,2220,0.54630,1.29092,-1.03341,2.04701,-0.47416,-0.28381,-0.74923,0.54726,1.28477,-1.02705,2.04790,-0.47874,-0.27714,-0.74712,0.56329,1.31523,-1.05640,2.06703,-0.48935,-0.24741,-0.76864,2.765,2.443,2.422,1.659,0.212,-0.421,-0.319
44.500000,2225,0.54973,1.26613,-1.03188,2.05807,-0.46539,-0.28953,-0.76830,0.54852,1.26002,-1.02517,2.05861,-0.46517,-0.28101,-0.76600,0.56458,1.29031,-1.05477,2.07739,-0.47690,-0.25171,-0.78722,2.793,2.340,2.407,1.713,0.207,-0.452,-0.311
44.600000,2230,0.55126,1.24019,-1.03150,2.06761,-0.45051,-0.29296,-0.78776,0.54954,1.23425,-1.02324,2.06843,-0.45275,-0.28599,-0.78511,0.56573,1.26443,-1.05316,2.08687,-0.46526,-0.25697,-0.80589,2.822,2.236,2.391,1.765,0.202,-0.475,-0.304
44.700000,2235,0.55126,1.21386,-1.03074,2.07714,-0.44021,-0.30021,-0.80607,0.55045,1.20740,-1.02130,2.07734,-0.44086,-0.29184,-0.80436,0.56674,1.23761,-1.05159,2.09548,-0.45447,-0.26314,-0.82459,2.853,2.132,2.373,1.814,0.195,-0.490,-0.297
44.800000,2240,0.55126,1.18564,-1.02616,2.08515,-0.42762,-0.30937,-0.82400,0.55123,1.17988,-1.01972,2.08541,-0.43048,-0.29863,-0.82332,0.56761,1.20988,-1.05008,2.10321,-0.44460,-0.27019,-0.84327,2.883,2.027,2.353,1.859,0.187,-0.501,-0.290
44.900000,2245,0.55126,1.15741,-1.02502,2.09126,-0.41771,-0.31471,-0.84383,0.55177,1.15117,-1.01791,2.09257,-0.42061,-0.30616,-0.84293,0.56833,1.18129,-1.04865,2.11001,-0.43574,-0.27812,-0.86187,2.915,1.920,2.330,1.898,0.176,-0.508,-0.284
45.000000,2250,0.55126,1.12841,-1.02387,2.09851,-0.41351,-0.32272,-0.86253,0.55223,1.12188,-1.01634,2.09869,-0.41185,-0.31450,-0.86169,0.56893,1.15185,-1.04734,2.11586,-0.42793,-0.28689,-0.88031,2.947,1.813,2.304,1.930,0.163,-0.512,-0.279
45.100000,2255,0.55126,1.09713,-1.02044,2.10308,-0.40779,-0.33340,-0.87931,0.55269,1.09194,-1.01530,2.10389,-0.40458,-0.32363,-0.87992,0.56939,1.12162,-1.04621,2.12070,-0.42123,-0.29652,-0.89850,2.981,1.704,2.274,1.951,0.142,-0.514,-0.273
45.200000,2260,0.55126,1.06776,-1.02044,2.10766,-0.39634,-0.34256,-0.89610,0.55270,1.06066,-1.01386,2.10798,-0.39819,-0.33410,-0.89909,0.56973,1.09065,-1.04525,2.12454,-0.41568,-0.30692,-0.91641,3.015,1.594,2.242,1.964,0.113,-0.514,-0.269
45.300000,2265,0.55126,1.03572,-1.02044,2.10995,-0.39177,-0.35209,-0.91784,0.55283,1.02924,-1.01304,2.11118,-0.39319,-0.34449,-0.91713,0.56997,1.05902,-1.04448,2.12741,-0.41133,-0.31800,-0.93400,3.050,1.482,2.209,1.966,0.072,-0.512,-0.265
45.400000,2270,0.55126,1.00253,-1.02044,2.11071,-0.39138,-0.36430,-0.93577,0.55283,0.99715,-1.01242,2.11339,-0.38944,-0.35557,-0.93489,0.57010,1.02679,-1.04394,2.12930,-0.40818,-0.32968,-0.95122,3.086,1.369,2.172,1.959,0.019,-0.509,-0.261
45.500000,2275,0.55126,0.96934,-1.02044,2.11148,-0.39138,-0.37384,-0.95141,0.55268,0.96454,-1.01224,2.11463,-0.38732,-0.36729,-0.95251,0.57016,0.99404,-1.04364,2.13021,-0.40625,-0.34189,-0.96803,3.123,1.254,2.133,1.945,-0.048,-0.506,-0.258
45.600000,2280,0.55126,0.93691,-1.02044,2.11148,-0.39177,-0.38757,-0.96819,0.55253,0.93127,-1.01213,2.11470,-0.38590,-0.37971,-0.96916,0.57016,0.96084,-1.04361,2.13014,-0.40555,-0.35454,-0.98439,3.161,1.138,2.091,1.926,-0.122,-0.501,-0.256
45.700000,2285,0.55126,0.90334,-1.02044,2.11148,-0.39177,-0.39825,-0.98612,0.55234,0.89780,-1.01252,2.11398,-0.38624,-0.39228,-0.98567,0.57012,0.92726,-1.04388,2.12909,-0.40607,-0.36756,-1.00028,3.199,1.020,2.046,1.908,-0.196,-0.496,-0.254
45.800000,2290,0.55126,0.86901,-1.02044,2.11148,-0.39253,-0.41198,-1.00024,0.55212,0.86410,-1.01327,2.11224,-0.38784,-0.40503,-1.00178,0.57006,0.89338,-1.04448,2.12706,-0.40777,-0.38086,-1.01566,3.238,0.900,1.999,1.894,-0.262,-0.490,-0.253
45.900000,2295,0.55126,0.83468,-1.02044,2.11148,-0.39558,-0.42267,-1.01702,0.55187,0.82998,-1.01433,2.10947,-0.39051,-0.41819,-1.01728,0.57001,0.85928,-1.04542,2.12406,-0.41065,-0.39435,-1.03052,3.278,0.778,1.949,1.886,-0.316,-0.483,-0.252
46.000000,2300,0.55126,0.79996,-1.02044,2.10919,-0.39978,-0.43754,-1.03114,0.55163,0.79555,-1.01553,2.10556,-0.39391,-0.43161,-1.03233,0.56999,0.82503,-1.04674,2.12008,-0.41467,-0.40796,-1.04485,3.318,0.655,1.899,1.885,-0.356,-0.476,-0.252
46.100000,2305,0.55126,0.76525,-1.02044,2.10614,-0.40779,-0.44861,-1.04525,0.55152,0.76138,-1.01740,2.10087,-0.39907,-0.44465,-1.04670,0.57004,0.79070,-1.04845,2.11512,-0.41976,-0.42159,-1.05865,3.359,0.530,1.847,1.890,-0.384,-0.469,-0.253
46.200000,2310,0.55126,0.73092,-1.02044,2.09965,-0.41809,-0.46158,-1.05746,0.55147,0.72701,-1.01975,2.09512,-0.40508,-0.45803,-1.06060,0.57017,0.75636,-1.05057,2.10921,-0.42587,-0.43517,-1.07192,3.400,0.403,1.796,1.900,-0.404,-0.462,-0.253
46.300000,2315,0.55126,0.69697,-1.02044,2.09355,-0.42228,-0.47416,-1.07234,0.55140,0.69239,-1.02213,2.08827,-0.41191,-0.47149,-1.07418,0.57041,0.72205,-1.05310,2.10235,-0.43295,-0.44864,-1.08469,3.442,0.274,1.745,1.914,-0.417,-0.455,-0.254
46.400000,2320,0.55126,0.66149,-1.02082,2.08515,-0.42991,-0.48675,-1.08493,0.55164,0.65835,-1.02548,2.08060,-0.42003,-0.48408,-1.08676,0.57079,0.68780,-1.05606,2.09451,-0.44095,-0.46193,-1.09697,3.484,0.144,1.694,1.929,-0.427,-0.447,-0.256
46.500000,2325,0.55126,0.62830,-1.02158,2.07753,-0.44136,-0.50049,-1.09904,0.55204,0.62420,-1.02934,2.07179,-0.42916,-0.49678,-1.09926,0.57130,0.65366,-1.05957,2.08550,-0.44991,-0.47499,-1.10866,3.518,0.012,1.632,1.942,-0.436,-0.439,-0.256
46.600000,2330,0.55126,0.59626,-1.02845,2.06608,-0.44899,-0.51193,-1.10858,0.55206,0.58986,-1.03328,2.06080,-0.43900,-0.50988,-1.11130,0.57180,0.61974,-1.06399,2.07457,-0.46020,-0.48772,-1.11926,3.558,-0.121,1.582,1.961,-0.441,-0.432,-0.257
46.700000,2335,0.55126,0.56078,-1.03341,2.05387,-0.45814,-0.52490,-1.12117,0.55288,0.55562,-1.03806,2.04972,-0.44978,-0.52189,-1.12226,0.57274,0.58544,-1.06840,2.06348,-0.47074,-0.50030,-1.13029,3.621,-0.260,1.558,1.985,-0.441,-0.426,-0.265
46.800000,2340,0.55164,0.52492,-1.03493,2.04319,-0.47302,-0.53520,-1.13185,0.55420,0.52111,-1.04318,2.03819,-0.46123,-0.53397,-1.13326,0.57407,0.55067,-1.07302,2.05181,-0.48178,-0.51274,-1.14159,3.666,-0.403,1.510,2.002,-0.444,-0.419,-0.269
46.900000,2345,0.55202,0.49021,-1.04409,2.02946,-0.48179,-0.54665,-1.14596,0.55539,0.48575,-1.04800,2.02491,-0.47285,-0.54617,-1.14469,0.57562,0.51558,-1.07835,2.03856,-0.49385,-0.52494,-1.15250,3.700,-0.551,1.454,2.016,-0.447,-0.412,-0.270
47.000000,2350,0.55431,0.45397,-1.05172,2.01420,-0.49782,-0.55733,-1.15550,0.55738,0.45133,-1.05363,2.01096,-0.48493,-0.55833,-1.15514,0.57786,0.48116,-1.08398,2.02464,-0.50558,-0.53747,-1.16301,3.851,-0.684,1.488,2.051,-0.390,-0.416,-0.277
47.100000,2355,0.55775,0.42688,-1.05401,2.01000,-0.48523,-0.57869,-1.16465,0.56600,0.43154,-1.05430,2.00988,-0.48030,-0.58309,-1.16322,0.58725,0.46332,-1.08319,2.02516,-0.49701,-0.55974,-1.17235,3.982,-0.631,1.902,2.633,0.221,-0.434,-0.254
47.200000,2360,0.57720,0.42383,-1.05172,2.02259,-0.44822,-0.61417,-1.16847,0.58011,0.42678,-1.04906,2.02048,-0.45536,-0.61598,-1.17010,0.60247,0.46059,-1.07741,2.03722,-0.47093,-0.59076,-1.17934,4.021,-0.483,1.934,2.582,0.227,-0.424,-0.249
47.300000,2365,0.59055,0.42078,-1.04600,2.03366,-0.42152,-0.64926,-1.17610,0.59552,0.42390,-1.04350,2.03286,-0.42763,-0.64739,-1.17791,0.61812,0.45828,-1.07138,2.04983,-0.44388,-0.62259,-1.18637,4.055,-0.458,1.937,2.515,0.226,-0.409,-0.254
47.400000,2370,0.60581,0.42001,-1.04218,2.04510,-0.39138,-0.67749,-1.18335,0.61086,0.42088,-1.03787,2.04502,-0.39953,-0.68022,-1.18562,0.63393,0.45595,-1.06529,2.06256,-0.41655,-0.65473,-1.19347,4.087,-0.431,1.937,2.445,0.224,-0.393,-0.257
47.500000,2375,0.62336,0.41544,-1.03760,2.05731,-0.36506,-0.70954,-1.19098,0.62629,0.41800,-1.03263,2.05719,-0.37209,-0.71266,-1.19347,0.64976,0.45365,-1.05919,2.07532,-0.38918,-0.68689,-1.20057,4.115,-0.367,1.933,2.374,0.222,-0.375,-0.255
47.600000,2380,0.63709,0.41620,-1.03226,2.06875,-0.33950,-0.73319,-1.19403,0.63661,0.42538,-1.02818,2.06904,-0.34866,-0.73316,-1.19900,0.66082,0.46232,-1.05372,2.08829,-0.36523,-0.70527,-1.20251,4.017,0.145,1.910,2.325,0.205,0.092,0.265
47.700000,2385,0.63671,0.43642,-1.03150,2.08325,-0.33035,-0.70763,-1.18106,0.63657,0.45784,-1.02485,2.08300,-0.33446,-0.72111,-1.19741,0.66157,0.49597,-1.04854,2.10297,-0.34841,-0.69201,-1.19396,3.768,0.328,1.950,2.314,0.200,0.318,0.321
47.800000,2390,0.63671,0.47914,-1.02463,2.09698,-0.31204,-0.68398,-1.17457,0.63625,0.49395,-1.01986,2.09688,-0.31866,-0.70440,-1.19018,0.66154,0.53249,-1.04364,2.11714,-0.33283,-0.67463,-1.18422,3.733,0.498,1.937,2.289,0.200,0.305,0.327
47.900000,2395,0.63671,0.51462,-1.02235,2.10995,-0.29945,-0.66872,-1.16618,0.63646,0.53069,-1.01519,2.10951,-0.30328,-0.68644,-1.18011,0.66166,0.56918,-1.03976,2.12969,-0.31827,-0.65657,-1.17363,3.718,0.663,1.946,2.268,0.201,0.292,0.326
48.000000,2400,0.63709,0.55200,-1.01853,2.12139,-0.28533,-0.65193,-1.15626,0.63743,0.56715,-1.01063,2.12156,-0.28806,-0.66833,-1.16953,0.66250,0.60562,-1.03573,2.14179,-0.30367,-0.63822,-1.16324,3.726,0.823,1.982,2.246,0.205,0.278,0.322
48.100000,2405,0.63709,0.58901,-1.01319,2.13208,-0.27046,-0.63248,-1.14711,0.63871,0.60374,-1.00642,2.13264,-0.27326,-0.64962,-1.15874,0.66358,0.64221,-1.03229,2.15281,-0.28986,-0.61934,-1.15231,3.674,0.981,1.954,2.215,0.203,0.265,0.326
48.200000,2410,0.63709,0.62639,-1.01128,2.14085,-0.25711,-0.61760,-1.13604,0.63994,0.64075,-1.00320,2.14233,-0.25983,-0.63009,-1.14747,0.66466,0.67918,-1.02985,2.16241,-0.27737,-0.59979,-1.14038,3.640,1.136,1.948,2.186,0.204,0.251,0.326
48.300000,2415,0.63709,0.66378,-1.00747,2.14886,-0.24452,-0.59586,-1.12231,0.64135,0.67794,-1.00065,2.15094,-0.24766,-0.61049,-1.13512,0.66593,0.71638,-1.02797,2.17101,-0.26581,-0.57976,-1.12777,3.604,1.287,1.942,2.154,0.203,0.236,0.326
48.400000,2420,0.63747,0.70154,-1.00709,2.15687,-0.23345,-0.57640,-1.11010,0.64298,0.71542,-0.99860,2.15863,-0.23633,-0.58997,-1.12209,0.66736,0.75377,-1.02664,2.17862,-0.25527,-0.55930,-1.11445,3.563,1.435,1.936,2.117,0.202,0.222,0.326
48.500000,2425,0.63976,0.73931,-1.00632,2.16412,-0.22659,-0.55923,-1.09561,0.64476,0.75298,-0.99710,2.16523,-0.22594,-0.56942,-1.10791,0.66892,0.79131,-1.02584,2.18524,-0.24585,-0.53849,-1.10037,3.519,1.579,1.928,2.074,0.197,0.208,0.325
48.600000,2430,0.64014,0.77707,-1.00518,2.16908,-0.21171,-0.53863,-1.08378,0.64663,0.79058,-0.99586,2.17081,-0.21675,-0.54878,-1.09298,0.67057,0.82892,-1.02554,2.19086,-0.23766,-0.51742,-1.08550,3.470,1.719,1.920,2.023,0.189,0.193,0.324
48.700000,2435,0.64281,0.81484,-1.00480,2.17404,-0.20713,-0.51842,-1.06814,0.64849,0.82838,-0.99533,2.17553,-0.20925,-0.52753,-1.07758,0.67226,0.86652,-1.02572,2.19549,-0.23076,-0.49622,-1.06984,3.416,1.856,1.914,1.963,0.173,0.179,0.323
48.800000,2440,0.64930,0.85299,-1.00442,2.17633,-0.20408,-0.49782,-1.04945,0.65043,0.86595,-0.99519,2.17916,-0.20301,-0.50648,-1.06108,0.67396,0.90401,-1.02634,2.19908,-0.22528,-0.47498,-1.05338,3.359,1.988,1.908,1.891,0.143,0.165,0.321
48.900000,2445,0.65083,0.89075,-1.00442,2.17823,-0.20103,-0.47874,-1.03190,0.65249,0.90326,-0.99550,2.18173,-0.19814,-0.48551,-1.04383,0.67564,0.94129,-1.02738,2.20166,-0.22128,-0.45383,-1.03614,3.298,2.117,1.905,1.809,0.095,0.151,0.319
49.000000,2450,0.65083,0.92890,-1.00442,2.17938,-0.20027,-0.45929,-1.01702,0.65441,0.94036,-0.99635,2.18337,-0.19515,-0.46465,-1.02600,0.67725,0.97827,-1.02877,2.20321,-0.21881,-0.43291,-1.01815,3.234,2.241,1.904,1.717,0.023,0.137,0.317
49.100000,2455,0.65121,0.96591,-1.00480,2.17976,-0.20065,-0.43831,-0.99642,0.65624,0.97708,-0.99737,2.18385,-0.19352,-0.44431,-1.00677,0.67877,1.01484,-1.03050,2.20373,-0.21795,-0.41233,-0.99941,3.167,2.362,1.904,1.617,-0.069,0.124,0.314
49.200000,2460,0.65426,1.00100,-1.00480,2.17976,-0.20103,-0.41771,-0.97811,0.65791,1.01335,-0.99865,2.18339,-0.19366,-0.42431,-0.98689,0.68016,1.05092,-1.03251,2.20321,-0.21869,-0.39223,-0.97999,3.097,2.478,1.906,1.516,-0.160,0.112,0.310
49.300000,2465,0.65502,1.03762,-1.00480,2.17976,-0.20446,-0.39940,-0.95904,0.65954,1.04892,-1.00026,2.18189,-0.19539,-0.40495,-0.96671,0.68139,1.08641,-1.03482,2.20160,-0.22106,-0.37281,-0.95986,3.023,2.591,1.905,1.411,-0.237,0.100,0.306
49.400000,2470,0.65655,1.07310,-1.00480,2.17938,-0.20789,-0.38299,-0.93691,0.66094,1.08396,-1.00228,2.17911,-0.19885,-0.38663,-0.94529,0.68241,1.12125,-1.03743,2.19883,-0.22504,-0.35432,-0.93899,2.949,2.700,1.908,1.319,-0.289,0.088,0.302
49.500000,2475,0.65655,1.10820,-1.00480,2.17671,-0.21171,-0.36544,-0.91670,0.66218,1.11817,-1.00452,2.17550,-0.20408,-0.36895,-0.92400,0.68334,1.15535,-1.04014,2.19511,-0.23047,-0.33658,-0.91762,2.901,2.805,1.936,1.252,-0.303,0.079,0.296
49.600000,2480,0.65693,1.14177,-1.00480,2.17442,-0.21247,-0.34904,-0.89266,0.66413,1.15187,-1.00608,2.17147,-0.20924,-0.35164,-0.90149,0.68495,1.18888,-1.04208,2.19119,-0.23569,-0.31902,-0.89609,2.868,2.906,1.981,1.193,-0.300,0.071,0.290
49.700000,2485,0.66380,1.17495,-1.00518,2.16984,-0.22087,-0.33378,-0.87321,0.66553,1.18474,-1.00799,2.16644,-0.21611,-0.33508,-0.87894,0.68594,1.22141,-1.04453,2.18598,-0.24331,-0.30269,-0.87411,2.734,3.003,1.939,1.097,-0.345,0.060,0.284
49.800000,2490,0.66494,1.20738,-1.00594,2.16259,-0.23498,-0.31814,-0.85223,0.66640,1.21636,-1.01046,2.15991,-0.22562,-0.32015,-0.85607,0.68622,1.25285,-1.04754,2.17938,-0.25343,-0.28774,-0.85171,2.655,3.098,1.946,1.033,-0.350,0.052,0.278
49.900000,2495,0.66570,1.23904,-1.00670,2.15382,-0.24223,-0.30555,-0.82934,0.66677,1.24693,-1.01290,2.15227,-0.23681,-0.30666,-0.83271,0.68626,1.28326,-1.05059,2.17178,-0.26502,-0.27392,-0.82909,2.580,3.190,1.957,0.973,-0.352,0.044,0.270
50.000000,2500,0.66723,1.26918,-1.00785,2.14543,-0.25825,-0.29258,-0.80378,0.66699,1.27658,-1.01559,2.14377,-0.24958,-0.29404,-0.80909,0.68606,1.31261,-1.05366,2.16322,-0.27796,-0.26130,-0.80634,2.505,3.280,1.967,0.916,-0.352,0.036,0.262
50.100000,2505,0.66723,1.29855,-1.00899,2.13589,-0.26893,-0.28266,-0.78280,0.66653,1.30453,-1.01841,2.13384,-0.26392,-0.28340,-0.78571,0.68522,1.34040,-1.05708,2.15329,-0.29282,-0.25046,-0.78363,2.379,3.366,1.945,0.856,-0.355,0.021,0.253
50.200000,2510,0.66723,1.32602,-1.01510,2.12330,-0.28839,-0.27542,-0.75953,0.66540,1.33091,-1.02194,2.12253,-0.28059,-0.27429,-0.76258,0.68358,1.36642,-1.06099,2.14183,-0.30974,-0.24167,-0.76106,2.338,3.453,1.972,0.809,-0.352,0.013,0.245
50.300000,2515,0.66723,1.35158,-1.01510,2.11148,-0.30365,-0.26473,-0.73740,0.66480,1.35687,-1.02513,2.11091,-0.29742,-0.26587,-0.73886,0.68262,1.39224,-1.06408,2.13034,-0.32616,-0.23308,-0.73841,2.309,3.537,2.008,0.758,-0.348,0.007,0.236
50.400000,2520,0.66723,1.37752,-1.01815,2.09927,-0.32043,-0.25939,-0.71375,0.66420,1.38197,-1.02774,2.09860,-0.31442,-0.25862,-0.71511,0.68165,1.41706,-1.06696,2.11814,-0.34319,-0.22561,-0.71588,2.247,3.619,2.022,0.702,-0.347,-0.010,0.227
50.500000,2525,0.66685,1.40155,-1.02158,2.08592,-0.34027,-0.25443,-0.68857,0.66347,1.40578,-1.03035,2.08552,-0.33219,-0.25259,-0.69191,0.68050,1.44070,-1.06980,2.10508,-0.36098,-0.21948,-0.69357,2.189,3.698,2.034,0.647,-0.345,-0.036,0.217
50.600000,2530,0.66685,1.42520,-1.02196,2.07142,-0.35591,-0.25253,-0.66912,0.66256,1.42833,-1.03299,2.07143,-0.35049,-0.24811,-0.66859,0.67921,1.46309,-1.07264,2.09111,-0.37940,-0.21476,-0.67152,2.134,3.776,2.045,0.591,-0.343,-0.076,0.208
50.700000,2535,0.66685,1.44771,-1.02692,2.05654,-0.37460,-0.24909,-0.64470,0.66143,1.44971,-1.03563,2.05651,-0.36955,-0.24489,-0.64597,0.67779,1.48424,-1.07546,2.07626,-0.39835,-0.21144,-0.64977,2.084,3.853,2.059,0.536,-0.342,-0.128,0.198
50.800000,2540,0.66685,1.46678,-1.02845,2.04014,-0.39444,-0.24757,-0.62372,0.66035,1.46995,-1.03845,2.04083,-0.38912,-0.24279,-0.62359,0.67626,1.50420,-1.07822,2.06059,-0.41772,-0.20939,-0.62841,2.037,3.928,2.074,0.481,-0.340,-0.191,0.189
50.900000,2545,0.66456,1.48624,-1.03036,2.02297,-0.41618,-0.24795,-0.60160,0.65911,1.48899,-1.04114,2.02430,-0.40895,-0.24190,-0.60176,0.67465,1.52296,-1.08094,2.04412,-0.43741,-0.20861,-0.60745,1.994,4.003,2.087,0.425,-0.338,-0.264,0.180
51.000000,2550,0.66456,1.50493,-1.03455,2.00543,-0.43411,-0.24871,-0.57985,0.65765,1.50658,-1.04373,2.00680,-0.42892,-0.24281,-0.58040,0.67297,1.54045,-1.08365,2.02676,-0.45729,-0.20915,-0.58691,1.955,4.075,2.100,0.370,-0.336,-0.340,0.171
51.100000,2555,0.66418,1.52210,-1.03493,1.98750,-0.45357,-0.25329,-0.56040,0.65629,1.52291,-1.04646,1.98849,-0.44899,-0.24468,-0.55919,0.67125,1.55669,-1.08632,2.00856,-0.47726,-0.21094,-0.56682,1.921,4.147,2.115,0.315,-0.334,-0.401,0.162
51.200000,2560,0.66380,1.53812,-1.04104,1.96842,-0.47455,-0.25672,-0.53942,0.65486,1.53827,-1.04917,1.96942,-0.46931,-0.24760,-0.53863,0.66950,1.57173,-1.08893,1.98957,-0.49725,-0.21387,-0.54721,1.890,4.218,2.130,0.261,-0.331,-0.446,0.153
51.300000,2565,0.66112,1.55185,-1.04142,1.94782,-0.49515,-0.26168,-0.51958,0.65339,1.55233,-1.05194,1.94952,-0.48954,-0.25172,-0.51834,0.66774,1.58561,-1.09148,1.96982,-0.51716,-0.21791,-0.52808,1.862,4.288,2.146,0.207,-0.329,-0.477,0.145
51.400000,2570,0.65807,1.56558,-1.04714,1.92761,-0.51155,-0.26550,-0.50127,0.65176,1.56506,-1.05433,1.92887,-0.50944,-0.25692,-0.49943,0.66600,1.59834,-1.09395,1.94931,-0.53692,-0.22299,-0.50942,1.839,4.357,2.163,0.153,-0.326,-0.499,0.137
51.500000,2575,0.65502,1.57932,-1.04790,1.90548,-0.52986,-0.27236,-0.48219,0.65028,1.57668,-1.05683,1.90738,-0.52904,-0.26325,-0.48030,0.66429,1.60993,-1.09634,1.92804,-0.55644,-0.22908,-0.49124,1.819,4.424,2.180,0.099,-0.323,-0.512,0.130
51.600000,2580,0.65311,1.58847,-1.04943,1.88297,-0.55199,-0.28228,-0.46236,0.64890,1.58763,-1.05946,1.88525,-0.54878,-0.27019,-0.46100,0.66263,1.62040,-1.09865,1.90605,-0.57565,-0.23613,-0.47350,1.802,4.489,2.197,0.046,-0.320,-0.519,0.123
51.700000,2585,0.65311,1.59877,-1.05324,1.85970,-0.57297,-0.28839,-0.44481,0.64753,1.59720,-1.06207,1.86250,-0.56804,-0.27783,-0.44322,0.66103,1.62978,-1.10087,1.88331,-0.59450,-0.24408,-0.45619,1.789,4.552,2.214,-0.006,-0.316,-0.522,0.116
51.800000,2590,0.65273,1.60221,-1.05477,1.83681,-0.58861,-0.29525,-0.42879,0.64622,1.60563,-1.06454,1.83882,-0.58687,-0.28690,-0.42526,0.65952,1.63807,-1.10299,1.85984,-0.61292,-0.25291,-0.43929,1.780,4.611,2.232,-0.058,-0.313,-0.522,0.110
51.900000,2595,0.65273,1.61556,-1.05477,1.81164,-0.60654,-0.30708,-0.41010,0.64492,1.61278,-1.06661,1.81431,-0.60482,-0.29691,-0.40810,0.65810,1.64530,-1.10502,1.83563,-0.63087,-0.26255,-0.42275,1.774,4.667,2.249,-0.110,-0.309,-0.520,0.105
52.000000,2600,0.65044,1.61785,-1.05897,1.78684,-0.62637,-0.31623,-0.39407,0.64378,1.61925,-1.06902,1.78931,-0.62282,-0.30693,-0.39138,0.65679,1.65151,-1.10693,1.81067,-0.64832,-0.27298,-0.40651,1.771,4.717,2.267,-0.160,-0.305,-0.518,0.099
52.100000,2605,0.65006,1.62929,-1.06126,1.76052,-0.64049,-0.32653,-0.37958,0.64259,1.62428,-1.07093,1.76323,-0.63976,-0.31863,-0.37473,0.65562,1.65669,-1.10874,1.78492,-0.66525,-0.28416,-0.39054,1.772,4.760,2.285,-0.211,-0.301,-0.514,0.095
52.200000,2610,0.65006,1.63234,-1.06126,1.73343,-0.65804,-0.33989,-0.36012,0.64175,1.62868,-1.07309,1.73652,-0.65663,-0.33033,-0.35812,0.65459,1.66089,-1.11043,1.75834,-0.68167,-0.29607,-0.37475,1.776,4.796,2.302,-0.260,-0.297,-0.509,0.091
52.300000,2615,0.65006,1.63234,-1.06126,1.70559,-0.67482,-0.35133,-0.34296,0.64090,1.63149,-1.07512,1.70866,-0.67280,-0.34301,-0.34190,0.65369,1.66351,-1.11200,1.73067,-0.69741,-0.30866,-0.35917,1.781,4.747,2.321,-0.309,-0.291,-0.504,0.087
52.400000,2620,0.64892,1.63234,-1.06393,1.67621,-0.68627,-0.36392,-0.33113,0.64023,1.63208,-1.07690,1.67950,-0.68806,-0.35627,-0.32609,0.65293,1.66414,-1.11340,1.70169,-0.71237,-0.32189,-0.34377,1.802,4.791,2.340,-0.354,-0.287,-0.500,0.085
52.500000,2625,0.64777,1.63272,-1.06774,1.64608,-0.70419,-0.37727,-0.31167,0.63981,1.63345,-1.07871,1.64958,-0.70351,-0.37039,-0.30983,0.65251,1.66556,-1.11470,1.67209,-0.72743,-0.33595,-0.32793,1.824,4.897,2.353,-0.403,-0.284,-0.495,0.083
52.600000,2630,0.64777,1.63272,-1.06774,1.61480,-0.71526,-0.39291,-0.29603,0.63942,1.63373,-1.08073,1.61813,-0.71910,-0.38596,-0.29273,0.65231,1.66615,-1.11599,1.64129,-0.74214,-0.35093,-0.31204,1.830,4.838,2.357,-0.453,-0.278,-0.490,0.080
52.700000,2635,0.64777,1.63272,-1.06927,1.58199,-0.73433,-0.40664,-0.27963,0.63913,1.63303,-1.08250,1.58642,-0.73462,-0.40138,-0.27568,0.65222,1.66593,-1.11646,1.61038,-0.75582,-0.36582,-0.29612,1.833,5.110,2.624,-0.487,-0.264,-0.468,0.079
52.800000,2640,0.64739,1.63845,-1.06774,1.56597,-0.73967,-0.40245,-0.26094,0.63637,1.64132,-1.07279,1.57473,-0.74832,-0.40167,-0.25675,0.65056,1.67563,-1.10199,1.60067,-0.76030,-0.36409,-0.27913,1.657,5.307,2.818,0.070,0.192,0.178,0.079
52.900000,2645,0.63671,1.66019,-1.04256,1.58008,-0.73471,-0.37384,-0.24225,0.63195,1.65726,-1.05011,1.58379,-0.75321,-0.38447,-0.23869,0.64679,1.69242,-1.07359,1.61067,-0.75564,-0.34646,-0.26209,1.605,5.311,2.859,0.101,0.289,0.195,0.080
53.000000,2650,0.63366,1.67698,-1.01510,1.59229,-0.73319,-0.35476,-0.22355,0.62813,1.67479,-1.02289,1.59487,-0.75148,-0.36561,-0.22044,0.64288,1.70966,-1.04428,1.62167,-0.75050,-0.32793,-0.24492,1.578,5.308,2.891,0.059,0.285,0.200,0.081
53.100000,2655,0.63099,1.69262,-0.98763,1.60373,-0.73204,-0.33493,-0.20829,0.62493,1.69078,-0.99754,1.60780,-0.74804,-0.34665,-0.20513,0.63951,1.72512,-1.01766,1.63444,-0.74461,-0.30944,-0.23089,1.648,5.271,2.896,0.039,0.329,0.204,-0.002
53.200000,2660,0.63137,1.70253,-0.97924,1.62738,-0.72823,-0.31585,-0.22127,0.62567,1.69648,-0.99050,1.63346,-0.73969,-0.32717,-0.20902,0.64018,1.72980,-1.00921,1.66005,-0.73366,-0.29098,-0.23798,1.914,4.958,2.617,0.081,0.350,0.202,-0.575
53.300000,2665,0.63175,1.70215,-0.98191,1.66362,-0.71335,-0.29830,-0.24072,0.62903,1.69808,-0.99106,1.66563,-0.72743,-0.30856,-0.22442,0.64339,1.73078,-1.00916,1.69194,-0.72022,-0.27274,-0.25434,1.944,4.763,2.554,0.120,0.344,0.196,-0.566
53.400000,2670,0.63213,1.70215,-0.98229,1.69491,-0.70229,-0.28152,-0.25789,0.63261,1.69715,-0.99081,1.69650,-0.71249,-0.29104,-0.24131,0.64685,1.72972,-1.00939,1.72252,-0.70569,-0.25530,-0.27107,1.961,4.542,2.541,0.161,0.337,0.189,-0.555
53.500000,2675,0.63442,1.70177,-0.98229,1.72466,-0.68321,-0.26512,-0.27582,0.63632,1.69509,-0.99038,1.72622,-0.69684,-0.27440,-0.25828,0.65059,1.72758,-1.00961,1.75194,-0.69034,-0.23866,-0.28775,1.982,4.396,2.543,0.203,0.329,0.182,-0.543
53.600000,2680,0.63747,1.70139,-0.98229,1.75327,-0.67177,-0.25138,-0.29146,0.64045,1.69340,-0.98934,1.75533,-0.68012,-0.25822,-0.27481,0.65471,1.72589,-1.00944,1.78077,-0.67461,-0.22257,-0.30391,2.003,4.334,2.568,0.243,0.321,0.177,-0.530
53.700000,2685,0.64014,1.70139,-0.98229,1.78226,-0.65308,-0.23422,-0.30595,0.64488,1.69108,-0.98834,1.78356,-0.66317,-0.24273,-0.29110,0.65915,1.72352,-1.00904,1.80878,-0.65812,-0.20704,-0.31997,2.015,4.100,2.553,0.281,0.316,0.170,-0.520
53.800000,2690,0.64854,1.69643,-0.98229,1.80858,-0.63591,-0.22125,-0.32045,0.64945,1.68656,-0.98743,1.81051,-0.64473,-0.22796,-0.30748,0.66375,1.71879,-1.00876,1.83550,-0.64034,-0.19230,-0.33658,2.034,3.940,2.545,0.324,0.310,0.163,-0.509
53.900000,2695,0.65121,1.69033,-0.98229,1.83529,-0.61646,-0.20751,-0.33876,0.65436,1.68065,-0.98664,1.83668,-0.62529,-0.21390,-0.32481,0.66855,1.71288,-1.00842,1.86140,-0.62160,-0.17831,-0.35353,2.055,3.805,2.540,0.368,0.304,0.155,-0.497
54.000000,2700,0.65655,1.68537,-0.98229,1.86047,-0.59700,-0.19492,-0.35478,0.65927,1.67376,-0.98545,1.86205,-0.60488,-0.20064,-0.34228,0.67354,1.70586,-1.00801,1.88654,-0.60196,-0.16511,-0.37089,2.078,3.676,2.533,0.413,0.299,0.148,-0.486
54.100000,2705,0.65998,1.67278,-0.98229,1.88564,-0.57449,-0.18157,-0.37271,0.66449,1.66584,-0.98482,1.88679,-0.58391,-0.18807,-0.36018,0.67871,1.69772,-1.00755,1.91093,-0.58146,-0.15276,-0.38876,2.102,3.553,2.526,0.459,0.294,0.139,-0.474
54.200000,2710,0.66761,1.66515,-0.98229,1.90929,-0.55313,-0.17242,-0.39026,0.66973,1.65645,-0.98340,1.91069,-0.56131,-0.17668,-0.37917,0.68401,1.68843,-1.00703,1.93459,-0.56013,-0.14132,-0.40722,2.127,3.434,2.518,0.505,0.289,0.130,-0.462
54.300000,2715,0.67295,1.65638,-0.98229,1.93256,-0.52986,-0.16174,-0.40819,0.67517,1.64596,-0.98208,1.93386,-0.53805,-0.16627,-0.39842,0.68943,1.67797,-1.00648,1.95751,-0.53805,-0.13088,-0.42631,2.154,3.318,2.508,0.552,0.284,0.119,-0.450
54.400000,2720,0.67638,1.64264,-0.98229,1.95583,-0.50812,-0.15258,-0.42574,0.68076,1.63448,-0.98095,1.95634,-0.51429,-0.15670,-0.41830,0.69494,1.66627,-1.00589,1.97967,-0.51531,-0.12152,-0.44612,2.183,3.204,2.496,0.600,0.280,0.106,-0.437
54.500000,2725,0.68478,1.62929,-0.98191,1.97643,-0.48408,-0.14724,-0.44901,0.68624,1.62138,-0.97967,1.97793,-0.48944,-0.14838,-0.43924,0.70045,1.65314,-1.00533,2.00095,-0.49199,-0.11340,-0.46672,2.213,3.091,2.481,0.648,0.276,0.087,-0.425
54.600000,2730,0.68974,1.61480,-0.98191,1.99703,-0.46043,-0.13923,-0.47037,0.69184,1.60701,-0.97855,1.99874,-0.46436,-0.14132,-0.46087,0.70599,1.63866,-1.00481,2.02142,-0.46820,-0.10660,-0.48813,2.248,2.980,2.465,0.697,0.272,0.061,-0.412
54.700000,2735,0.69279,1.59954,-0.98191,2.01763,-0.43525,-0.13236,-0.49097,0.69747,1.59143,-0.97752,2.01883,-0.43893,-0.13556,-0.48334,0.71155,1.62298,-1.00433,2.04117,-0.44407,-0.10112,-0.51034,2.284,2.871,2.451,0.747,0.268,0.025,-0.399
54.800000,2740,0.70118,1.58046,-0.98115,2.03671,-0.41008,-0.13007,-0.51348,0.70301,1.57469,-0.97636,2.03817,-0.41310,-0.13141,-0.50647,0.71711,1.60607,-1.00385,2.06020,-0.41971,-0.09705,-0.53337,2.323,2.762,2.437,0.796,0.265,-0.028,-0.386
54.900000,2745,0.70652,1.56444,-0.98115,2.05540,-0.38337,-0.12931,-0.53522,0.70875,1.55685,-0.97484,2.05685,-0.38681,-0.12818,-0.53040,0.72295,1.58831,-1.00301,2.07862,-0.39491,-0.09389,-0.55683,2.381,2.656,2.483,0.844,0.263,-0.026,-0.371
55.000000,2750,0.71262,1.54422,-0.98115,2.07371,-0.35667,-0.12664,-0.55925,0.71536,1.53903,-0.97269,2.07525,-0.36015,-0.12462,-0.55401,0.72963,1.57036,-1.00120,2.09668,-0.36925,-0.09072,-0.58013,2.419,2.547,2.466,0.886,0.260,-0.112,-0.359
55.100000,2755,0.72025,1.52553,-0.98115,2.09164,-0.33111,-0.12702,-0.58367,0.72120,1.51888,-0.97088,2.09252,-0.33314,-0.12422,-0.57938,0.73533,1.55013,-1.00027,2.11350,-0.34448,-0.09067,-0.60505,2.446,2.439,2.409,0.931,0.255,-0.287,-0.347
55.200000,2760,0.72292,1.50340,-0.98076,2.10804,-0.30517,-0.13122,-0.60846,0.72656,1.49736,-0.96944,2.10883,-0.30715,-0.12586,-0.60529,0.74063,1.52837,-0.99951,2.12941,-0.32022,-0.09266,-0.63086,2.490,2.334,2.397,0.979,0.252,-0.380,-0.334
55.300000,2765,0.72865,1.48052,-0.97924,2.12330,-0.27999,-0.13503,-0.63364,0.73162,1.47439,-0.96798,2.12432,-0.28156,-0.12930,-0.63219,0.74572,1.50532,-0.99870,2.14447,-0.29645,-0.09640,-0.65728,2.535,2.229,2.385,1.025,0.248,-0.447,-0.321
55.400000,2770,0.73399,1.45610,-0.97619,2.13742,-0.25405,-0.14381,-0.66111,0.73644,1.45007,-0.96651,2.13888,-0.25669,-0.13444,-0.65955,0.75054,1.48098,-0.99782,2.15869,-0.27336,-0.10188,-0.68424,2.582,2.126,2.373,1.071,0.244,-0.489,-0.309
55.500000,2775,0.73704,1.43054,-0.97466,2.15153,-0.23193,-0.15258,-0.68934,0.74091,1.42448,-0.96504,2.15262,-0.23291,-0.14126,-0.68739,0.75507,1.45533,-0.99687,2.17200,-0.25114,-0.10917,-0.71166,2.630,2.023,2.361,1.117,0.240,-0.513,-0.296
55.600000,2780,0.73971,1.40346,-0.97390,2.16450,-0.20675,-0.16021,-0.71566,0.74501,1.39764,-0.96353,2.16548,-0.21034,-0.14997,-0.71589,0.75929,1.42841,-0.99586,2.18443,-0.22995,-0.11823,-0.73944,2.678,1.921,2.349,1.161,0.236,-0.526,-0.284
55.700000,2785,0.74658,1.37561,-0.97237,2.17633,-0.18615,-0.17165,-0.74656,0.74869,1.36969,-0.96201,2.17734,-0.18883,-0.16037,-0.74408,0.76317,1.40022,-0.99477,2.19595,-0.20997,-0.12904,-0.76749,2.728,1.819,2.336,1.204,0.231,-0.533,-0.273
55.800000,2790,0.75077,1.34662,-0.96970,2.18777,-0.16898,-0.18348,-0.77364,0.75223,1.34029,-0.96056,2.18841,-0.16891,-0.17228,-0.77317,0.76668,1.37079,-0.99364,2.20650,-0.19139,-0.14163,-0.79567,2.778,1.718,2.319,1.245,0.225,-0.536,-0.261
55.900000,2795,0.75153,1.31496,-0.96818,2.19693,-0.15144,-0.19607,-0.80034,0.75529,1.30979,-0.95916,2.19837,-0.15052,-0.18603,-0.80187,0.76983,1.34019,-0.99252,2.21606,-0.17431,-0.15603,-0.82385,2.828,1.617,2.303,1.283,0.219,-0.536,-0.251
56.000000,2800,0.75382,1.28444,-0.96818,2.20608,-0.13198,-0.21285,-0.83086,0.75787,1.27813,-0.95783,2.20738,-0.13403,-0.20161,-0.83058,0.77259,1.30846,-0.99138,2.22463,-0.15893,-0.17206,-0.85192,2.877,1.516,2.287,1.319,0.212,-0.535,-0.241
56.100000,2805,0.75649,1.25201,-0.96779,2.21371,-0.12130,-0.22964,-0.85909,0.76012,1.24550,-0.95654,2.21546,-0.11941,-0.21823,-0.85927,0.77496,1.27568,-0.99022,2.23219,-0.14541,-0.18960,-0.87977,2.927,1.415,2.269,1.350,0.204,-0.532,-0.232
56.200000,2810,0.75649,1.21844,-0.96589,2.22134,-0.10490,-0.24604,-0.88503,0.76184,1.21173,-0.95505,2.22226,-0.10673,-0.23696,-0.88734,0.77693,1.24195,-0.98909,2.23873,-0.13388,-0.20853,-0.90727,2.977,1.315,2.248,1.374,0.193,-0.528,-0.223
56.300000,2815,0.75955,1.18258,-0.96512,2.22592,-0.09879,-0.26588,-0.91517,0.76316,1.17737,-0.95390,2.22823,-0.09643,-0.25634,-0.91532,0.77853,1.20738,-0.98803,2.24423,-0.12439,-0.22876,-0.93427,3.027,1.214,2.225,1.391,0.174,-0.523,-0.215
56.400000,2820,0.76222,1.14749,-0.96131,2.23202,-0.09193,-0.28610,-0.94149,0.76417,1.14192,-0.95279,2.23305,-0.08828,-0.27698,-0.94262,0.77976,1.17209,-0.98706,2.24869,-0.11706,-0.25003,-0.96070,3.078,1.114,2.200,1.399,0.141,-0.517,-0.208
56.500000,2825,0.76183,1.11239,-0.96016,2.23393,-0.08086,-0.30708,-0.96743,0.76477,1.10609,-0.95198,2.23684,-0.08263,-0.29862,-0.96944,0.78067,1.13617,-0.98623,2.25212,-0.11194,-0.27214,-0.98650,3.131,1.013,2.171,1.396,0.080,-0.509,-0.202
56.600000,2830,0.76183,1.07463,-0.95978,2.23622,-0.08010,-0.32806,-0.99490,0.76512,1.06965,-0.95140,2.23950,-0.07898,-0.32065,-0.99513,0.78130,1.09973,-0.98559,2.25452,-0.10903,-0.29493,-1.01160,3.186,0.911,2.139,1.383,-0.022,-0.500,-0.197
56.700000,2835,0.76222,1.03800,-0.95978,2.23889,-0.08086,-0.35019,-1.01931,0.76525,1.03284,-0.95113,2.24130,-0.07793,-0.34321,-1.02063,0.78168,1.06288,-0.98519,2.25592,-0.10830,-0.31821,-1.03595,3.242,0.808,2.102,1.362,-0.154,-0.491,-0.193
56.800000,2840,0.76222,1.00062,-0.95978,2.23965,-0.08239,-0.37117,-1.04182,0.76511,0.99567,-0.95110,2.24202,-0.07905,-0.36624,-1.04540,0.78188,1.02571,-0.98509,2.25631,-0.10971,-0.34184,-1.05954,3.301,0.705,2.061,1.335,-0.277,-0.480,-0.190
56.900000,2845,0.76183,0.96285,-0.95978,2.23965,-0.08964,-0.39558,-1.06700,0.76489,0.95822,-0.95152,2.24165,-0.08204,-0.38937,-1.06889,0.78193,0.98831,-0.98534,2.25570,-0.11321,-0.36565,-1.08234,3.360,0.600,2.017,1.308,-0.361,-0.469,-0.188
57.000000,2850,0.76183,0.92509,-0.95978,2.23965,-0.10146,-0.41885,-1.08760,0.76428,0.92085,-0.95258,2.24038,-0.08778,-0.41263,-1.09193,0.78161,0.95086,-0.98627,2.25414,-0.11921,-0.38956,-1.10431,3.371,0.495,1.923,1.291,-0.431,-0.458,-0.186
57.100000,2855,0.76183,0.88808,-0.95978,2.23927,-0.10871,-0.44021,-1.11125,0.76289,0.88359,-0.95459,2.23808,-0.09648,-0.43634,-1.11368,0.78056,0.91365,-0.98826,2.25168,-0.12825,-0.41361,-1.12533,3.446,0.389,1.896,1.278,-0.441,-0.446,-0.186
57.200000,2860,0.76183,0.85070,-0.95978,2.23813,-0.11710,-0.46387,-1.13070,0.76227,0.84580,-0.95642,2.23465,-0.10550,-0.46015,-1.13481,0.78032,0.87607,-0.98981,2.24817,-0.13719,-0.43772,-1.14561,3.542,0.279,1.880,1.266,-0.446,-0.434,-0.186
57.300000,2865,0.76183,0.81293,-0.95978,2.23317,-0.13084,-0.48485,-1.15130,0.76186,0.80807,-0.95856,2.23036,-0.11585,-0.48346,-1.15544,0.78023,0.83843,-0.99171,2.24369,-0.14753,-0.46161,-1.16516,3.605,0.168,1.829,1.264,-0.457,-0.421,-0.187
57.400000,2870,0.76183,0.77479,-0.96016,2.22935,-0.13847,-0.50812,-1.17267,0.76148,0.77046,-0.96132,2.22505,-0.12804,-0.50667,-1.17495,0.78021,0.80086,-0.99415,2.23823,-0.15947,-0.48517,-1.18399,3.669,0.056,1.779,1.267,-0.463,-0.408,-0.188
57.500000,2875,0.76145,0.73626,-0.96207,2.22249,-0.15678,-0.52910,-1.19098,0.76133,0.73303,-0.96466,2.21880,-0.14147,-0.52882,-1.19414,0.78031,0.76340,-0.99718,2.23179,-0.17290,-0.50827,-1.20215,3.735,-0.059,1.730,1.275,-0.468,-0.394,-0.190
57.600000,2880,0.76183,0.69849,-0.96284,2.21524,-0.16784,-0.55160,-1.21119,0.76124,0.69561,-0.96860,2.21140,-0.15646,-0.55122,-1.21220,0.78059,0.72610,-1.00083,2.22439,-0.18771,-0.53084,-1.21968,3.801,-0.176,1.683,1.286,-0.471,-0.381,-0.192
57.700000,2885,0.76145,0.66149,-0.96932,2.20646,-0.18615,-0.57259,-1.22836,0.76145,0.65836,-0.97306,2.20300,-0.17242,-0.57276,-1.23013,0.78109,0.68900,-1.00512,2.21599,-0.20377,-0.55275,-1.23663,3.868,-0.295,1.640,1.299,-0.473,-0.367,-0.195
57.800000,2890,0.76145,0.62487,-0.97390,2.19655,-0.20408,-0.59166,-1.24400,0.76190,0.62129,-0.97819,2.19355,-0.18973,-0.59387,-1.24720,0.78187,0.65215,-1.01010,2.20659,-0.22097,-0.57393,-1.25305,3.937,-0.416,1.601,1.313,-0.475,-0.354,-0.198
57.900000,2895,0.76183,0.58786,-0.98153,2.18625,-0.21705,-0.61150,-1.26155,0.76266,0.58463,-0.98413,2.18316,-0.20836,-0.61411,-1.26394,0.78298,0.61561,-1.01576,2.19617,-0.23919,-0.59428,-1.26899,4.005,-0.539,1.565,1.328,-0.476,-0.341,-0.202
58.000000,2900,0.76183,0.55086,-0.98801,2.17480,-0.23956,-0.62943,-1.27833,0.76363,0.54852,-0.99091,2.17159,-0.22797,-0.63312,-1.27988,0.78422,0.57954,-1.02238,2.18465,-0.25863,-0.61359,-1.28434,4.037,-0.663,1.526,1.343,-0.478,-0.328,-0.205
58.100000,2905,0.76183,0.51500,-0.99717,2.16145,-0.26054,-0.64735,-1.29207,0.76480,0.51283,-0.99880,2.15892,-0.24875,-0.65092,-1.29540,0.78563,0.54395,-1.02991,2.17203,-0.27915,-0.63183,-1.29916,4.138,-0.790,1.509,1.361,-0.475,-0.317,-0.211
58.200000,2910,0.76603,0.47914,-1.00594,2.14810,-0.27961,-0.66376,-1.30733,0.76697,0.47701,-1.00648,2.14499,-0.26932,-0.66872,-1.30994,0.78819,0.50837,-1.03749,2.15843,-0.29932,-0.64932,-1.31409,4.207,-0.918,1.485,1.374,-0.474,-0.306,-0.215
58.300000,2915,0.76718,0.44367,-1.01586,2.13284,-0.29983,-0.68092,-1.32258,0.76937,0.44154,-1.01532,2.12953,-0.29058,-0.68549,-1.32409,0.79097,0.47340,-1.04621,2.14335,-0.32031,-0.66552,-1.32818,4.308,-1.046,1.483,1.392,-0.469,-0.296,-0.222
58.400000,2920,0.77023,0.40971,-1.02082,2.12101,-0.31395,-0.69733,-1.33975,0.77930,0.41266,-1.01505,2.12112,-0.30197,-0.70434,-1.33940,0.80150,0.44565,-1.04348,2.13644,-0.32677,-0.68259,-1.34586,4.476,-1.096,2.086,1.832,0.185,-0.289,-0.240
58.500000,2925,0.79235,0.39293,-0.99869,2.12559,-0.28457,-0.71793,-1.35921,0.79978,0.39569,-0.99609,2.12536,-0.28868,-0.72764,-1.35761,0.82325,0.43122,-1.02200,2.14322,-0.30895,-0.70143,-1.36695,4.537,-1.095,2.083,1.853,0.215,-0.273,-0.250
58.600000,2930,0.81600,0.37843,-0.97237,2.13284,-0.25978,-0.73853,-1.37752,0.82188,0.38136,-0.97419,2.13226,-0.26997,-0.74713,-1.37900,0.84580,0.41773,-0.99918,2.15098,-0.28939,-0.72043,-1.38828,4.587,-1.100,2.061,1.725,0.220,-0.254,-0.258
58.700000,2935,0.83775,0.36508,-0.95101,2.13932,-0.24261,-0.75226,-1.39964,0.84101,0.37230,-0.95408,2.13994,-0.25052,-0.74798,-1.40002,0.86564,0.40978,-0.97842,2.15934,-0.26926,-0.73540,-1.40544,4.601,-0.487,2.025,1.623,0.228,-0.109,-0.182
58.800000,2940,0.84805,0.37347,-0.94185,2.15077,-0.22163,-0.72785,-1.38591,0.84343,0.39606,-0.94664,2.15178,-0.23051,-0.74798,-1.40359,0.86938,0.43505,-0.96919,2.17200,-0.24555,-0.72631,-1.39840,4.256,-0.305,1.991,1.604,0.234,0.423,0.399
58.900000,2945,0.84767,0.41200,-0.94185,2.16526,-0.19988,-0.71297,-1.37675,0.84294,0.42987,-0.94003,2.16542,-0.20505,-0.74083,-1.39450,0.86938,0.46956,-0.96210,2.18639,-0.22046,-0.71039,-1.38595,4.245,-0.181,1.990,1.574,0.231,0.415,0.405
59.000000,2950,0.84767,0.44481,-0.94185,2.17747,-0.17547,-0.70152,-1.36417,0.84331,0.46484,-0.93400,2.17803,-0.17959,-0.72383,-1.38107,0.86974,0.50455,-0.95673,2.19910,-0.19609,-0.69305,-1.37232,4.244,-0.062,1.993,1.546,0.228,0.405,0.410
59.100000,2955,0.84767,0.48143,-0.93537,2.18853,-0.15029,-0.68512,-1.35348,0.84458,0.49956,-0.92814,2.19003,-0.15433,-0.70601,-1.36822,0.87083,0.53933,-0.95114,2.21096,-0.17141,-0.67523,-1.35859,4.250,0.053,2.022,1.516,0.226,0.394,0.414
59.200000,2960,0.84767,0.51576,-0.93041,2.19922,-0.12435,-0.67062,-1.33823,0.84615,0.53470,-0.92311,2.20087,-0.12958,-0.68727,-1.35425,0.87233,0.57442,-0.94667,2.22179,-0.14758,-0.65635,-1.34436,4.226,0.167,1.988,1.483,0.221,0.384,0.420
59.300000,2965,0.84805,0.55162,-0.92774,2.20913,-0.10032,-0.64926,-1.32258,0.84811,0.57011,-0.91917,2.21074,-0.10569,-0.66743,-1.34003,0.87415,0.60986,-0.94352,2.23158,-0.12488,-0.63636,-1.32952,4.207,0.277,1.977,1.452,0.218,0.372,0.425
59.400000,2970,0.84843,0.58710,-0.92621,2.21715,-0.07667,-0.62904,-1.30771,0.85044,0.60577,-0.91603,2.21967,-0.08289,-0.64687,-1.32493,0.87636,0.64545,-0.94120,2.24048,-0.10307,-0.61556,-1.31418,4.184,0.383,1.962,1.418,0.215,0.359,0.429
59.500000,2975,0.85072,0.62410,-0.92240,2.22516,-0.05454,-0.61111,-1.29321,0.85313,0.64142,-0.91370,2.22773,-0.06077,-0.62572,-1.30945,0.87891,0.68118,-0.93970,2.24852,-0.08223,-0.59402,-1.29830,4.155,0.484,1.944,1.382,0.212,0.346,0.435
59.600000,2980,0.85148,0.65958,-0.92164,2.23317,-0.03699,-0.59013,-1.27910,0.85626,0.67729,-0.91237,2.23499,-0.03989,-0.60345,-1.29308,0.88177,0.71703,-0.93898,2.25573,-0.06248,-0.57181,-1.28183,4.122,0.583,1.929,1.342,0.209,0.333,0.440
59.700000,2985,0.85568,0.69582,-0.92125,2.23851,-0.01868,-0.56724,-1.26079,0.85960,0.71302,-0.91104,2.24119,-0.01976,-0.58111,-1.27607,0.88496,0.75272,-0.93846,2.26194,-0.04327,-0.54921,-1.26459,4.091,0.677,1.983,1.291,0.209,0.319,0.445
59.800000,2990,0.85682,0.73130,-0.92049,2.24347,0.00306,-0.54550,-1.24476,0.86338,0.74862,-0.91014,2.24658,-0.00042,-0.55815,-1.25834,0.88845,0.78824,-0.93809,2.26722,-0.02465,-0.52628,-1.24660,4.049,0.769,1.929,1.247,0.205,0.306,0.449
59.900000,2995,0.86483,0.76754,-0.92049,2.24728,0.02328,-0.52338,-1.22455,0.86709,0.78463,-0.91032,2.25136,0.01702,-0.53494,-1.23995,0.89209,0.82420,-0.93927,2.27203,-0.00830,-0.50256,-1.22819,4.003,0.859,1.893,1.199,0.201,0.293,0.453
60.000000,3000,0.86750,0.80378,-0.92049,2.25262,0.03472,-0.49972,-1.20623,0.87131,0.82071,-0.91161,2.25556,0.03280,-0.51073,-1.22112,0.89592,0.86023,-0.94123,2.27611,0.00657,-0.47847,-1.20909,3.955,0.945,1.884,1.142,0.198,0.279,0.457
60.100000,3005,0.87132,0.84040,-0.92049,2.25453,0.05113,-0.47912,-1.18716,0.87555,0.85690,-0.91361,2.25888,0.04718,-0.48686,-1.20126,0.89993,0.89635,-0.94391,2.27944,0.02006,-0.45435,-1.18915,3.905,1.029,1.876,1.080,0.195,0.264,0.461
60.200000,3010,0.87361,0.87702,-0.92049,2.25644,0.06105,-0.45433,-1.16656,0.88008,0.89311,-0.91632,2.26157,0.06000,-0.46275,-1.18078,0.90412,0.93250,-0.94731,2.28203,0.03206,-0.43024,-1.16836,3.851,1.110,1.876,1.012,0.190,0.251,0.464
60.300000,3015,0.88391,0.91288,-0.92049,2.25834,0.07630,-0.42991,-1.14558,0.88460,0.92925,-0.91955,2.26335,0.07103,-0.43881,-1.15891,0.90844,0.96856,-0.95132,2.28385,0.04236,-0.40592,-1.14682,3.794,1.188,1.883,0.939,0.182,0.237,0.466
60.400000,3020,0.88696,0.94912,-0.92087,2.26025,0.08088,-0.40741,-1.12307,0.88945,0.96530,-0.92361,2.26452,0.08025,-0.41413,-1.13681,0.91285,1.00447,-0.95591,2.28492,0.05087,-0.38145,-1.12452,3.734,1.262,1.893,0.861,0.167,0.224,0.468
60.500000,3025,0.89001,0.98498,-0.92240,2.26025,0.08432,-0.38376,-1.10247,0.89424,1.00108,-0.92813,2.26484,0.08763,-0.38977,-1.11376,0.91732,1.04018,-0.96102,2.28522,0.05751,-0.35693,-1.10143,3.670,1.335,1.906,0.780,0.137,0.211,0.469
60.600000,3030,0.89802,1.02122,-0.92507,2.26025,0.09080,-0.35934,-1.07615,0.89895,1.03670,-0.93282,2.26435,0.09298,-0.36562,-1.08959,0.92179,1.07565,-0.96658,2.28475,0.06222,-0.33246,-1.07756,3.604,1.404,1.921,0.699,0.083,0.198,0.469
60.700000,3035,0.90069,1.05746,-0.93194,2.25987,0.09538,-0.33569,-1.05250,0.90381,1.07188,-0.93807,2.26307,0.09647,-0.34157,-1.06481,0.92624,1.11080,-0.97255,2.28348,0.06498,-0.30815,-1.05289,3.536,1.472,1.939,0.620,-0.007,0.186,0.469
60.800000,3040,0.90412,1.09179,-0.93689,2.25987,0.09538,-0.31433,-1.02999,0.90864,1.10691,-0.94385,2.26108,0.09768,-0.31746,-1.03892,0.93062,1.14558,-0.97886,2.28140,0.06572,-0.28413,-1.02742,3.465,1.537,1.958,0.543,-0.125,0.174,0.468
60.900000,3045,0.90870,1.12765,-0.94376,2.25873,0.09423,-0.28953,-0.99986,0.91325,1.14134,-0.94957,2.25818,0.09707,-0.29417,-1.01249,0.93489,1.17994,-0.98545,2.27850,0.06442,-0.26050,-1.00116,3.392,1.600,1.978,0.472,-0.239,0.163,0.466
61.000000,3050,0.91710,1.16160,-0.94986,2.25529,0.08584,-0.26817,-0.97468,0.91785,1.17548,-0.95588,2.25453,0.09410,-0.27087,-0.98502,0.93900,1.21379,-0.99226,2.27476,0.06108,-0.23740,-0.97412,3.317,1.661,1.999,0.406,-0.319,0.152,0.463
61.100000,3055,0.92015,1.19555,-0.95635,2.25071,0.07897,-0.24604,-0.94721,0.92225,1.20893,-0.96228,2.25001,0.08909,-0.24858,-0.95679,0.94292,1.24707,-0.99923,2.27015,0.05568,-0.21495,-0.94631,3.240,1.721,2.022,0.345,-0.365,0.141,0.459
61.200000,3060,0.92282,1.22950,-0.96245,2.24461,0.07440,-0.22659,-0.91631,0.92639,1.24170,-0.96866,2.24450,0.08213,-0.22719,-0.92791,0.94661,1.27973,-1.00631,2.26466,0.04827,-0.19329,-0.91777,3.162,1.779,2.045,0.290,-0.388,0.131,0.455
61.300000,3065,0.92816,1.26193,-0.96970,2.23813,0.06448,-0.20599,-0.88999,0.93031,1.27388,-0.97526,2.23806,0.07332,-0.20668,-0.89793,0.95010,1.31171,-1.01351,2.25824,0.03889,-0.17264,-0.88849,3.085,1.836,2.067,0.240,-0.399,0.121,0.450
61.400000,3070,0.93388,1.29397,-0.97581,2.23050,0.05113,-0.18577,-0.85871,0.93413,1.30532,-0.98212,2.23078,0.06220,-0.18726,-0.86748,0.95336,1.34293,-1.02082,2.25089,0.02762,-0.15313,-0.85853,3.006,1.893,2.091,0.193,-0.404,0.112,0.443
61.500000,3075,0.93502,1.32526,-0.98267,2.22172,0.04083,-0.16822,-0.83010,0.93764,1.33590,-0.98880,2.22244,0.04950,-0.16918,-0.83589,0.95635,1.37332,-1.02812,2.24257,0.01448,-0.13482,-0.82796,2.926,1.948,2.117,0.149,-0.406,0.103,0.436
61.600000,3080,0.93922,1.35539,-0.98878,2.21180,0.02442,-0.15182,-0.79767,0.94084,1.36568,-0.99570,2.21333,0.03464,-0.15201,-0.80443,0.95903,1.40280,-1.03536,2.23329,-0.00041,-0.11783,-0.79685,2.845,2.003,2.144,0.108,-0.407,0.095,0.428
61.700000,3085,0.93960,1.38438,-0.99526,2.20189,0.01069,-0.13770,-0.76487,0.94376,1.39446,-1.00236,2.20302,0.01830,-0.13675,-0.77175,0.96141,1.43132,-1.04252,2.22303,-0.01693,-0.10228,-0.76529,2.766,2.058,2.172,0.069,-0.407,0.087,0.419
61.800000,3090,0.94494,1.41376,-1.00175,2.19044,-0.00762,-0.12473,-0.73511,0.94631,1.42215,-1.00900,2.19169,0.00065,-0.12310,-0.73869,0.96353,1.45879,-1.04963,2.21178,-0.03492,-0.08832,-0.73335,2.693,2.113,2.200,0.031,-0.407,0.079,0.409
61.900000,3095,0.94799,1.43970,-1.00899,2.17747,-0.02708,-0.11253,-0.70040,0.94889,1.44885,-1.01587,2.17956,-0.01863,-0.11064,-0.70552,0.96544,1.48514,-1.05673,2.19951,-0.05420,-0.07608,-0.70116,2.618,2.167,2.229,-0.006,-0.406,0.069,0.399
62.000000,3100,0.95028,1.46640,-1.01548,2.16450,-0.05035,-0.10223,-0.66759,0.95115,1.47425,-1.02252,2.16628,-0.03887,-0.10022,-0.67200,0.96706,1.51029,-1.06367,2.18627,-0.07462,-0.06556,-0.66887,2.544,2.222,2.261,-0.043,-0.406,0.058,0.387
62.100000,3105,0.95066,1.49120,-1.02235,2.15001,-0.06866,-0.09498,-0.63669,0.95296,1.49834,-1.02889,2.15201,-0.06013,-0.09181,-0.63866,0.96839,1.53419,-1.07040,2.17208,-0.09595,-0.05679,-0.63659,2.473,2.277,2.294,-0.078,-0.405,0.041,0.375
62.200000,3110,0.95334,1.51485,-1.02807,2.13513,-0.08735,-0.08773,-0.60465,0.95452,1.52124,-1.03525,2.13684,-0.08220,-0.08498,-0.60518,0.96945,1.55678,-1.07692,2.15696,-0.11797,-0.04982,-0.60448,2.406,2.331,2.328,-0.113,-0.403,0.013,0.363
62.300000,3115,0.95334,1.53736,-1.03417,2.11872,-0.11138,-0.08163,-0.57070,0.95597,1.54273,-1.04140,2.12085,-0.10469,-0.07983,-0.57219,0.97029,1.57804,-1.08324,2.14094,-0.14043,-0.04465,-0.57265,2.344,2.386,2.362,-0.148,-0.402,-0.034,0.350
62.400000,3120,0.95410,1.55681,-1.03684,2.10156,-0.13465,-0.08048,-0.53713,0.95715,1.56305,-1.04742,2.10390,-0.12746,-0.07653,-0.53919,0.97093,1.59795,-1.08935,2.12407,-0.16311,-0.04125,-0.54120,2.287,2.441,2.397,-0.182,-0.399,-0.106,0.337
62.500000,3125,0.95601,1.57741,-1.04523,2.08401,-0.15792,-0.08086,-0.50699,0.95781,1.58147,-1.05345,2.08595,-0.15037,-0.07546,-0.50716,0.97115,1.61614,-1.09558,2.10620,-0.18609,-0.04008,-0.51049,2.187,2.495,2.414,-0.214,-0.399,-0.287,0.322
62.600000,3130,0.95601,1.59381,-1.05210,2.06455,-0.18081,-0.08506,-0.47380,0.95784,1.59774,-1.06029,2.06679,-0.17390,-0.07724,-0.47610,0.97060,1.63210,-1.10244,2.08710,-0.20961,-0.04177,-0.48096,2.168,2.554,2.454,-0.241,-0.395,-0.350,0.310
62.700000,3135,0.95601,1.60869,-1.05668,2.04472,-0.20332,-0.08849,-0.44595,0.95855,1.61373,-1.06622,2.04727,-0.19646,-0.07899,-0.44509,0.97096,1.64798,-1.10806,2.06778,-0.23163,-0.04338,-0.45111,2.173,2.611,2.506,-0.272,-0.390,-0.366,0.298
62.800000,3140,0.95601,1.62624,-1.06126,2.02450,-0.22354,-0.09154,-0.41429,0.95935,1.62863,-1.07151,2.02710,-0.21796,-0.08208,-0.41456,0.97150,1.66283,-1.11334,2.04784,-0.25295,-0.04615,-0.42168,2.139,2.665,2.540,-0.305,-0.386,-0.430,0.285
62.900000,3145,0.95639,1.64035,-1.06583,2.00352,-0.24299,-0.09994,-0.38683,0.96028,1.64238,-1.07676,2.00627,-0.23883,-0.08644,-0.38443,0.97210,1.67643,-1.11854,2.02720,-0.27364,-0.05032,-0.39287,2.111,2.718,2.572,-0.337,-0.382,-0.474,0.273
63.000000,3150,0.95944,1.65332,-1.07003,1.98177,-0.26435,-0.10528,-0.35669,0.96119,1.65493,-1.08210,1.98470,-0.25912,-0.09204,-0.35513,0.97270,1.68869,-1.12366,2.00577,-0.29363,-0.05581,-0.36468,2.077,2.768,2.605,-0.369,-0.377,-0.502,0.261
63.100000,3155,0.96173,1.66515,-1.07461,1.95927,-0.28572,-0.11100,-0.32846,0.96206,1.66580,-1.08735,1.96224,-0.27851,-0.09881,-0.32658,0.97322,1.69944,-1.12865,1.98344,-0.31284,-0.06257,-0.33716,2.050,2.818,2.639,-0.399,-0.372,-0.518,0.250
63.200000,3160,0.96440,1.67583,-1.08147,1.93600,-0.30021,-0.11977,-0.30061,0.96286,1.67545,-1.09235,1.93888,-0.29695,-0.10698,-0.29839,0.97375,1.70896,-1.13349,1.96034,-0.33109,-0.07043,-0.31019,2.032,2.866,2.673,-0.427,-0.367,-0.527,0.239
63.300000,3165,0.96478,1.68270,-1.08720,1.91158,-0.31890,-0.12969,-0.27391,0.96373,1.68411,-1.09744,1.91490,-0.31461,-0.11584,-0.27077,0.97437,1.71732,-1.13819,1.93652,-0.34827,-0.07928,-0.28371,2.019,2.911,2.706,-0.455,-0.361,-0.532,0.229
63.400000,3170,0.96516,1.69109,-1.09101,1.88717,-0.33378,-0.13770,-0.24644,0.96468,1.69134,-1.10232,1.89017,-0.33078,-0.12572,-0.24406,0.97509,1.72456,-1.14276,1.91197,-0.36430,-0.08902,-0.25766,2.010,2.951,2.737,-0.483,-0.355,-0.534,0.220
63.500000,3175,0.96707,1.69758,-1.09406,1.86085,-0.34790,-0.14991,-0.22050,0.96572,1.69757,-1.10713,1.86461,-0.34583,-0.13643,-0.21727,0.97597,1.73070,-1.14723,1.88669,-0.37912,-0.09953,-0.23197,2.006,2.985,2.767,-0.509,-0.348,-0.534,0.211
63.600000,3180,0.96707,1.69986,-1.10055,1.83491,-0.36354,-0.16021,-0.19532,0.96697,1.70278,-1.11191,1.83845,-0.35965,-0.14754,-0.19130,0.97703,1.73577,-1.15161,1.86067,-0.39267,-0.11074,-0.20657,2.007,3.010,2.795,-0.534,-0.340,-0.534,0.203
63.700000,3185,0.96745,1.70940,-1.10551,1.80820,-0.37155,-0.17127,-0.17091,0.96825,1.70657,-1.11648,1.81136,-0.37206,-0.15976,-0.16576,0.97832,1.73974,-1.15594,1.83385,-0.40491,-0.12255,-0.18138,2.009,3.014,2.819,-0.559,-0.331,-0.533,0.196
63.800000,3190,0.97012,1.71245,-1.10818,1.77959,-0.38414,-0.18348,-0.14535,0.96972,1.70855,-1.12145,1.78303,-0.38300,-0.17209,-0.14009,0.97959,1.74150,-1.16037,1.80572,-0.41564,-0.13506,-0.15686,2.001,2.926,2.837,-0.581,-0.319,-0.533,0.189
63.900000,3195,0.97050,1.71245,-1.11352,1.75022,-0.39367,-0.19569,-0.11903,0.97147,1.70945,-1.12633,1.75383,-0.39278,-0.18510,-0.11500,0.98123,1.74234,-1.16473,1.77674,-0.42511,-0.14790,-0.13219,2.053,3.036,2.868,-0.601,-0.309,-0.530,0.186
64.000000,3200,0.97279,1.71283,-1.11924,1.72046,-0.39978,-0.20980,-0.09576,0.97389,1.71074,-1.13088,1.72414,-0.40137,-0.19832,-0.08874,0.98373,1.74381,-1.16892,1.74744,-0.43359,-0.16081,-0.10649,2.078,3.060,2.885,-0.623,-0.293,-0.528,0.182
64.100000,3205,0.97661,1.71283,-1.12573,1.68956,-0.40855,-0.22125,-0.06524,0.97680,1.71117,-1.13597,1.69334,-0.40904,-0.21182,-0.06186,0.98671,1.74432,-1.17330,1.71707,-0.44083,-0.17412,-0.08045,2.091,3.015,2.893,-0.645,-0.271,-0.527,0.177
64.200000,3210,0.98309,1.71283,-1.12840,1.65714,-0.41618,-0.23574,-0.04045,0.97996,1.70943,-1.14154,1.66084,-0.41560,-0.22621,-0.03455,0.98992,1.74279,-1.17800,1.68517,-0.44669,-0.18795,-0.05467,2.107,2.990,2.913,-0.663,-0.234,-0.524,0.173
64.300000,3215,0.98347,1.71322,-1.13145,1.62777,-0.41580,-0.24490,-0.01412,0.97939,1.70988,-1.14053,1.63502,-0.41957,-0.23450,-0.00825,0.98967,1.74392,-1.17383,1.66078,-0.44646,-0.19486,-0.03099,1.628,3.334,3.484,-0.639,0.309,0.011,0.155
64.400000,3220,0.97889,1.71512,-1.10703,1.62395,-0.39253,-0.22163,0.00228,0.96541,1.71406,-1.11732,1.63063,-0.41305,-0.22335,0.00833,0.97584,1.74873,-1.14390,1.65768,-0.43091,-0.18266,-0.01799,1.574,3.460,3.525,-0.314,0.340,0.131,0.137
64.500000,3225,0.96096,1.72085,-1.07041,1.62510,-0.38185,-0.20179,0.01258,0.94911,1.71905,-1.08469,1.63103,-0.39712,-0.20765,0.02018,0.95926,1.75394,-1.10902,1.65820,-0.41244,-0.16698,-0.00692,1.565,3.556,3.533,-0.339,0.337,0.130,0.141
64.600000,3230,0.94571,1.72886,-1.03722,1.62586,-0.36468,-0.18386,0.02364,0.93245,1.72439,-1.05001,1.63176,-0.37942,-0.19159,0.03125,0.94253,1.75919,-1.07383,1.65873,-0.39380,-0.15115,0.00425,1.557,3.650,3.540,-0.366,0.333,0.128,0.145
64.700000,3235,0.92701,1.73000,-1.00136,1.62586,-0.34446,-0.16937,0.03471,0.91581,1.72995,-1.01533,1.63241,-0.36150,-0.17571,0.04336,0.92583,1.76444,-1.03867,1.65925,-0.37519,-0.13535,0.01540,1.548,3.740,3.544,-0.395,0.329,0.126,0.148
64.800000,3240,0.91252,1.73496,-0.96703,1.62738,-0.33149,-0.15334,0.04958,0.89955,1.73545,-0.98136,1.63330,-0.34417,-0.15957,0.05446,0.90933,1.76961,-1.00395,1.65984,-0.35680,-0.11970,0.02634,1.541,3.819,3.544,-0.372,0.323,0.124,0.144
64.900000,3245,0.89878,1.74412,-0.93918,1.63311,-0.31547,-0.13999,0.05035,0.88901,1.73921,-0.95659,1.64309,-0.32988,-0.14372,0.05568,0.89850,1.77245,-0.97955,1.66948,-0.34350,-0.10464,0.02514,1.696,3.649,3.487,-0.129,0.259,0.120,-0.495
65.000000,3250,0.89726,1.74640,-0.93651,1.66858,-0.31433,-0.12473,0.01487,0.89099,1.74157,-0.95233,1.67353,-0.32522,-0.12835,0.03255,0.89982,1.77335,-0.97610,1.69931,-0.34020,-0.09054,-0.00002,2.039,3.646,3.234,-0.104,0.130,0.117,-0.513
65.100000,3255,0.89802,1.74640,-0.93651,1.70368,-0.31356,-0.10757,-0.01565,0.89424,1.74225,-0.95049,1.70530,-0.32184,-0.11410,0.00521,0.90292,1.77372,-0.97492,1.73069,-0.33699,-0.07642,-0.02721,2.048,3.400,3.220,-0.100,0.181,0.116,-0.512
65.200000,3260,0.90069,1.74602,-0.93651,1.73382,-0.31204,-0.09536,-0.04388,0.89742,1.74056,-0.94873,1.73535,-0.31729,-0.09986,-0.02212,0.90627,1.77207,-0.97371,1.76056,-0.33254,-0.06214,-0.05440,2.065,3.248,3.206,-0.090,0.215,0.114,-0.508
65.300000,3265,0.90145,1.74602,-0.93651,1.76243,-0.30822,-0.07934,-0.06791,0.90084,1.73786,-0.94696,1.76435,-0.31205,-0.08559,-0.04947,0.90990,1.76934,-0.97244,1.78935,-0.32684,-0.04787,-0.08132,2.083,3.114,3.191,-0.079,0.241,0.112,-0.504
65.400000,3270,0.90565,1.74564,-0.93651,1.79066,-0.29678,-0.06789,-0.09385,0.90461,1.73494,-0.94521,1.79277,-0.30526,-0.07169,-0.07619,0.91386,1.76657,-0.97113,1.81766,-0.31997,-0.03385,-0.10782,2.102,3.100,3.168,-0.067,0.254,0.109,-0.499
65.500000,3275,0.90641,1.74564,-0.93651,1.81965,-0.28724,-0.05378,-0.12094,0.90890,1.73302,-0.94342,1.82133,-0.29724,-0.05801,-0.10240,0.91822,1.76474,-0.96975,1.84606,-0.31200,-0.02021,-0.13374,2.107,2.934,3.157,-0.060,0.266,0.107,-0.495
65.600000,3280,0.91671,1.74221,-0.93651,1.84597,-0.28152,-0.04043,-0.14650,0.91321,1.72822,-0.94142,1.84828,-0.28795,-0.04380,-0.12919,0.92275,1.75975,-0.96806,1.87276,-0.30247,-0.00620,-0.16043,2.121,2.768,3.146,-0.049,0.274,0.105,-0.492
65.700000,3285,0.91900,1.73725,-0.93651,1.87191,-0.26741,-0.02669,-0.17282,0.91778,1.72158,-0.93933,1.87421,-0.27726,-0.03000,-0.15657,0.92746,1.75314,-0.96620,1.89850,-0.29151,0.00768,-0.18758,2.140,2.663,3.127,-0.034,0.278,0.102,-0.487
65.800000,3290,0.92244,1.72428,-0.93651,1.89747,-0.25672,-0.01487,-0.19723,0.92273,1.71412,-0.93729,1.89949,-0.26511,-0.01609,-0.18407,0.93232,1.74535,-0.96421,1.92350,-0.27921,0.02120,-0.21520,2.160,2.563,3.107,-0.019,0.280,0.098,-0.481
65.900000,3295,0.92816,1.71474,-0.93613,1.92150,-0.24146,0.00001,-0.22546,0.92740,1.70504,-0.93458,1.92395,-0.25136,-0.00325,-0.21271,0.93730,1.73635,-0.96207,1.94778,-0.26560,0.03425,-0.24337,2.182,2.468,3.086,-0.003,0.281,0.093,-0.475
66.000000,3300,0.93388,1.70673,-0.93575,1.94553,-0.23040,0.00993,-0.25712,0.93244,1.69459,-0.93174,1.94767,-0.23560,0.00928,-0.24168,0.94234,1.72611,-0.95977,1.97133,-0.25075,0.04670,-0.27218,2.206,2.376,3.064,0.014,0.281,0.088,-0.469
66.100000,3305,0.93731,1.69758,-0.93537,1.96804,-0.21171,0.02481,-0.28764,0.93739,1.68319,-0.92882,1.97076,-0.21950,0.02121,-0.27142,0.94740,1.71461,-0.95732,1.99414,-0.23473,0.05843,-0.30171,2.231,2.287,3.041,0.031,0.282,0.082,-0.463
66.200000,3310,0.93960,1.67965,-0.93537,1.99093,-0.19645,0.03320,-0.31358,0.94252,1.67067,-0.92614,1.99312,-0.20223,0.03231,-0.30174,0.95243,1.70184,-0.95469,2.01620,-0.21764,0.06931,-0.33200,2.258,2.200,3.018,0.049,0.282,0.075,-0.455
66.300000,3315,0.94838,1.66668,-0.93308,2.01229,-0.17814,0.04312,-0.34677,0.94738,1.65669,-0.92295,2.01474,-0.18354,0.04247,-0.33317,0.95739,1.68777,-0.95189,2.03751,-0.19962,0.07923,-0.36309,2.286,2.114,2.994,0.068,0.282,0.066,-0.448
66.400000,3320,0.95219,1.65142,-0.92850,2.03327,-0.15601,0.05342,-0.37691,0.95218,1.64125,-0.91952,2.03550,-0.16408,0.05148,-0.36517,0.96219,1.67227,-0.94890,2.05798,-0.18085,0.08809,-0.39503,2.316,2.030,2.969,0.086,0.282,0.054,-0.440
66.500000,3325,0.95601,1.63463,-0.92583,2.05273,-0.13618,0.05876,-0.40628,0.95669,1.62415,-0.91557,2.05532,-0.14371,0.05913,-0.39841,0.96681,1.65533,-0.94575,2.07758,-0.16151,0.09575,-0.42781,2.350,1.948,2.941,0.106,0.281,0.036,-0.432
66.600000,3330,0.95982,1.61556,-0.92049,2.07180,-0.11825,0.06295,-0.44367,0.96110,1.60606,-0.91200,2.07443,-0.12312,0.06586,-0.43213,0.97125,1.63706,-0.94249,2.09634,-0.14169,0.10209,-0.46136,2.387,1.868,2.912,0.126,0.281,0.008,-0.423
66.700000,3335,0.96631,1.59648,-0.91706,2.08973,-0.09841,0.06944,-0.47609,0.96518,1.58648,-0.90812,2.09266,-0.10202,0.07108,-0.46673,0.97547,1.61748,-0.93912,2.11424,-0.12156,0.10701,-0.49559,2.425,1.789,2.884,0.147,0.280,-0.034,-0.414
66.800000,3340,0.96745,1.57474,-0.91362,2.10728,-0.07590,0.07287,-0.50928,0.96920,1.56578,-0.90406,2.11009,-0.08076,0.07476,-0.50196,0.97952,1.59683,-0.93555,2.13133,-0.10115,0.11049,-0.53034,2.476,1.713,2.869,0.167,0.281,-0.081,-0.404
66.900000,3345,0.97241,1.55414,-0.90790,2.12483,-0.05263,0.07592,-0.54399,0.97351,1.54540,-0.89924,2.12727,-0.05830,0.07771,-0.53694,0.98407,1.57655,-0.93102,2.14826,-0.07928,0.11332,-0.56488,2.528,1.637,2.859,0.182,0.283,-0.127,-0.394
67.000000,3350,0.97622,1.53240,-0.90142,2.14085,-0.02936,0.07592,-0.58023,0.97717,1.52330,-0.89431,2.14320,-0.03599,0.07883,-0.57255,0.98785,1.55428,-0.92674,2.16379,-0.05839,0.11405,-0.60010,2.537,1.559,2.805,0.198,0.278,-0.276,-0.385
67.100000,3355,0.98080,1.50875,-0.89608,2.15535,-0.01105,0.07363,-0.61380,0.98031,1.49935,-0.88967,2.15792,-0.01480,0.07797,-0.60879,0.99098,1.53032,-0.92264,2.17806,-0.03847,0.11280,-0.63576,2.579,1.487,2.775,0.217,0.277,-0.373,-0.376
67.200000,3360,0.98309,1.48357,-0.89188,2.16908,0.00726,0.06791,-0.64852,0.98299,1.47437,-0.88499,2.17156,0.00558,0.07541,-0.64491,0.99379,1.50532,-0.91849,2.19138,-0.01918,0.10989,-0.67151,2.622,1.417,2.745,0.236,0.275,-0.448,-0.366
67.300000,3365,0.98385,1.45763,-0.88730,2.18167,0.02938,0.05952,-0.68819,0.98525,1.44839,-0.88043,2.18433,0.02512,0.07124,-0.68126,0.99624,1.47932,-0.91427,2.20377,-0.00064,0.10533,-0.70723,2.664,1.348,2.717,0.255,0.273,-0.498,-0.356
67.400000,3370,0.98385,1.42978,-0.88196,2.19311,0.04960,0.05303,-0.72176,0.98713,1.42143,-0.87575,2.19615,0.04364,0.06533,-0.71736,0.99829,1.45237,-0.90996,2.21523,0.01696,0.09913,-0.74285,2.706,1.280,2.689,0.273,0.270,-0.529,-0.347
67.500000,3375,0.98652,1.40193,-0.87777,2.20417,0.06181,0.04693,-0.75762,0.98861,1.39364,-0.87105,2.20718,0.06111,0.05824,-0.75359,0.99995,1.42450,-0.90557,2.22581,0.03350,0.09134,-0.77826,2.750,1.214,2.662,0.292,0.267,-0.545,-0.337
67.600000,3380,0.98652,1.37485,-0.87433,2.21447,0.08050,0.03739,-0.79386,0.98963,1.36490,-0.86631,2.21724,0.07725,0.04934,-0.78938,1.00122,1.39573,-0.90111,2.23551,0.04882,0.08203,-0.81340,2.794,1.149,2.635,0.309,0.263,-0.554,-0.329
67.700000,3385,0.98691,1.34395,-0.86899,2.22363,0.09423,0.02671,-0.82590,0.99033,1.33525,-0.86152,2.22647,0.09201,0.03896,-0.82490,1.00211,1.36609,-0.89661,2.24436,0.06278,0.07125,-0.84819,2.840,1.085,2.608,0.325,0.258,-0.559,-0.320
67.800000,3390,0.98652,1.31267,-0.86365,2.23202,0.10759,0.01527,-0.86443,0.99065,1.30482,-0.85688,2.23488,0.10527,0.02749,-0.86003,1.00263,1.33560,-0.89208,2.25236,0.07525,0.05908,-0.88256,2.888,1.021,2.580,0.340,0.251,-0.561,-0.312
67.900000,3395,0.98691,1.28215,-0.86060,2.23927,0.11789,0.00192,-0.89762,0.99038,1.27338,-0.85201,2.24233,0.11687,0.01425,-0.89469,1.00280,1.30430,-0.88757,2.25955,0.08609,0.04563,-0.91646,2.939,0.957,2.552,0.353,0.241,-0.560,-0.305
68.000000,3400,0.98652,1.25087,-0.85488,2.24576,0.12971,-0.01144,-0.93043,0.99009,1.24135,-0.84755,2.24911,0.12663,0.00024,-0.92870,1.00268,1.27222,-0.88319,2.26591,0.09521,0.03093,-0.94980,2.997,0.893,2.518,0.364,0.225,-0.559,-0.298
68.100000,3405,0.98652,1.21692,-0.85030,2.25186,0.13429,-0.02708,-0.96209,0.98951,1.20866,-0.84339,2.25512,0.13438,-0.01493,-0.96238,1.00234,1.23944,-0.87903,2.27146,0.10252,0.01505,-0.98253,3.055,0.829,2.486,0.371,0.198,-0.556,-0.292
68.200000,3410,0.98652,1.18335,-0.84839,2.25720,0.13696,-0.04272,-0.99757,0.98859,1.17526,-0.83934,2.26023,0.14026,-0.03116,-0.99532,1.00173,1.20597,-0.87502,2.27622,0.10791,-0.00179,-1.01459,3.112,0.764,2.455,0.374,0.147,-0.553,-0.286
68.300000,3415,0.98652,1.14978,-0.84343,2.26101,0.13963,-0.05721,-1.02999,0.98737,1.14099,-0.83526,2.26441,0.14429,-0.04850,-1.02744,1.00088,1.17189,-0.87120,2.28020,0.11129,-0.01944,-1.04595,3.173,0.698,2.421,0.374,0.062,-0.548,-0.281
68.400000,3420,0.98614,1.11468,-0.84191,2.26483,0.13925,-0.07514,-1.05899,0.98594,1.10657,-0.83186,2.26808,0.14567,-0.06595,-1.05904,0.99983,1.13724,-0.86765,2.28342,0.11263,-0.03775,-1.07657,3.237,0.631,2.384,0.369,-0.058,-0.542,-0.277
68.500000,3425,0.98614,1.07920,-0.83886,2.26712,0.13848,-0.09269,-1.08760,0.98450,1.07129,-0.82864,2.27083,0.14541,-0.08435,-1.08971,0.99864,1.10208,-0.86442,2.28588,0.11187,-0.05657,-1.10642,3.303,0.563,2.343,0.359,-0.186,-0.535,-0.274
68.600000,3430,0.98576,1.04334,-0.83695,2.26788,0.13200,-0.11024,-1.11735,0.98283,1.03575,-0.82577,2.27276,0.14282,-0.10292,-1.11947,0.99735,1.06649,-0.86160,2.28758,0.10901,-0.07574,-1.13548,3.372,0.494,2.297,0.345,-0.284,-0.528,-0.271
68.700000,3435,0.98576,1.00787,-0.83542,2.26864,0.12819,-0.12931,-1.14863,0.98114,0.99971,-0.82353,2.27396,0.13803,-0.12196,-1.14867,0.99603,1.03052,-0.85926,2.28852,0.10405,-0.09512,-1.16373,3.444,0.422,2.246,0.329,-0.344,-0.520,-0.269
68.800000,3440,0.98538,0.97163,-0.83466,2.26941,0.12399,-0.14915,-1.17724,0.97947,0.96347,-0.82195,2.27440,0.13105,-0.14076,-1.17685,0.99472,0.99426,-0.85749,2.28872,0.09702,-0.11455,-1.19115,3.518,0.349,2.189,0.311,-0.376,-0.511,-0.268
68.900000,3445,0.98271,0.93348,-0.83351,2.26941,0.11026,-0.16631,-1.20204,0.97801,0.92704,-0.82102,2.27421,0.12201,-0.15917,-1.20480,0.99348,0.95776,-0.85635,2.28817,0.08797,-0.13389,-1.21776,3.593,0.274,2.125,0.294,-0.394,-0.501,-0.267
69.000000,3450,0.98271,0.89762,-0.83084,2.26941,0.10110,-0.18462,-1.23103,0.97639,0.89032,-0.82075,2.27301,0.11080,-0.17813,-1.23135,0.99230,0.92111,-0.85613,2.28680,0.07669,-0.15297,-1.24344,3.657,0.196,2.003,0.269,-0.408,-0.491,-0.266
69.100000,3455,0.98042,0.86062,-0.83084,2.26941,0.08432,-0.20294,-1.25735,0.97479,0.85369,-0.82266,2.27085,0.09652,-0.19596,-1.25661,0.99095,0.88455,-0.85800,2.28438,0.06209,-0.17153,-1.26772,3.732,0.117,1.904,0.259,-0.415,-0.481,-0.266
69.200000,3460,0.98042,0.82323,-0.83084,2.26750,0.07135,-0.21819,-1.28024,0.97371,0.81703,-0.82459,2.26796,0.08123,-0.21440,-1.28104,0.99028,0.84790,-0.85976,2.28140,0.04720,-0.19027,-1.29164,3.846,0.035,1.905,0.266,-0.415,-0.472,-0.268
69.300000,3465,0.98042,0.78661,-0.83084,2.26559,0.05265,-0.23689,-1.30275,0.97324,0.78039,-0.82696,2.26445,0.06516,-0.23232,-1.30536,0.99010,0.81125,-0.86193,2.27771,0.03133,-0.20877,-1.31496,3.928,-0.050,1.836,0.263,-0.419,-0.461,-0.270
69.400000,3470,0.98042,0.74923,-0.83084,2.26330,0.03739,-0.25405,-1.32869,0.97299,0.74370,-0.83020,2.25997,0.04764,-0.25008,-1.32850,0.99022,0.77467,-0.86503,2.27320,0.01392,-0.22669,-1.33750,4.010,-0.137,1.775,0.265,-0.422,-0.450,-0.272
69.500000,3475,0.98042,0.71299,-0.83161,2.25567,0.01832,-0.27008,-1.34814,0.97315,0.70719,-0.83439,2.25470,0.02860,-0.26691,-1.35109,0.99072,0.73823,-0.86910,2.26784,-0.00492,-0.24390,-1.35928,4.093,-0.226,1.721,0.271,-0.424,-0.439,-0.274
69.600000,3480,0.98042,0.67713,-0.83733,2.25033,-0.00266,-0.28610,-1.37180,0.97363,0.67063,-0.83939,2.24842,0.00840,-0.28330,-1.37323,0.99163,0.70195,-0.87416,2.26162,-0.02504,-0.26031,-1.38035,4.177,-0.317,1.676,0.281,-0.426,-0.428,-0.277
69.700000,3485,0.98042,0.64165,-0.84496,2.24232,-0.02479,-0.29907,-1.39316,0.97473,0.63463,-0.84576,2.24140,-0.01328,-0.29823,-1.39440,0.99300,0.66589,-0.88028,2.25447,-0.04629,-0.27581,-1.40071,4.261,-0.411,1.640,0.295,-0.427,-0.416,-0.280
69.800000,3490,0.98042,0.60427,-0.85335,2.23469,-0.04577,-0.31395,-1.41261,0.97629,0.59871,-0.85298,2.23324,-0.03574,-0.31264,-1.41473,0.99489,0.63010,-0.88745,2.24639,-0.06850,-0.29032,-1.42040,4.343,-0.506,1.611,0.311,-0.428,-0.405,-0.284
69.900000,3495,0.98080,0.56841,-0.86327,2.22554,-0.06827,-0.32577,-1.43283,0.97846,0.56309,-0.86143,2.22413,-0.05901,-0.32601,-1.43454,0.99735,0.59463,-0.89571,2.23732,-0.09147,-0.30375,-1.43943,4.424,-0.603,1.590,0.329,-0.427,-0.394,-0.287
70.000000,3500,0.98080,0.53217,-0.87281,2.21524,-0.09078,-0.33950,-1.45191,0.98113,0.52795,-0.87100,2.21374,-0.08293,-0.33813,-1.45349,1.00034,0.55964,-0.90529,2.22703,-0.11511,-0.31595,-1.45753,4.489,-0.701,1.570,0.345,-0.428,-0.381,-0.288
70.100000,3505,0.98271,0.49745,-0.88540,2.20303,-0.11558,-0.34751,-1.46793,0.98414,0.49363,-0.88260,2.20152,-0.10767,-0.34881,-1.47081,1.00366,0.52544,-0.91686,2.21489,-0.13955,-0.32665,-1.47380,4.568,-0.799,1.566,0.372,-0.426,-0.369,-0.292
70.200000,3510,0.98385,0.46312,-0.89760,2.19006,-0.13885,-0.35972,-1.49005,0.98831,0.45917,-0.89405,2.18897,-0.13181,-0.35931,-1.48785,1.00811,0.49138,-0.92800,2.20279,-0.16319,-0.33649,-1.49103,4.648,-0.899,1.568,0.395,-0.422,-0.357,-0.299
70.300000,3515,0.98767,0.42955,-0.90943,2.17671,-0.16212,-0.36697,-1.50493,0.99307,0.42527,-0.90620,2.17540,-0.15594,-0.36874,-1.50470,1.01332,0.45797,-0.93979,2.18991,-0.18647,-0.34510,-1.50787,4.703,-0.996,1.566,0.412,-0.419,-0.339,-0.301
70.400000,3520,0.98958,0.39522,-0.92354,2.16107,-0.18730,-0.37307,-1.52057,0.99824,0.39239,-0.92020,2.15996,-0.18027,-0.37656,-1.52008,1.01888,0.42568,-0.95314,2.17520,-0.20951,-0.35221,-1.52276,4.755,-1.092,1.573,0.434,-0.416,-0.312,-0.303
70.500000,3525,0.99988,0.36432,-0.93499,2.14772,-0.20980,-0.36773,-1.53278,1.00157,0.36368,-0.92962,2.14732,-0.20246,-0.37582,-1.53377,1.02305,0.39848,-0.96039,2.16438,-0.22749,-0.34852,-1.53616,4.534,-1.141,2.034,0.513,-0.381,0.299,-0.273
70.600000,3530,0.99949,0.34601,-0.92927,2.14619,-0.21324,-0.32501,-1.53697,0.99674,0.35002,-0.92463,2.14312,-0.21613,-0.34260,-1.53905,1.01966,0.38687,-0.95091,2.16232,-0.23228,-0.31172,-1.53867,4.288,-1.131,2.212,0.725,-0.207,0.332,0.007
70.700000,3535,0.99720,0.34296,-0.91591,2.14619,-0.21591,-0.28305,-1.53354,0.99165,0.34105,-0.91367,2.14199,-0.22118,-0.30089,-1.53918,1.01485,0.37832,-0.93868,2.16168,-0.23468,-0.26947,-1.53886,4.291,-1.150,2.198,0.726,-0.204,0.321,0.007
70.800000,3540,0.99606,0.32922,-0.90447,2.14581,-0.22048,-0.24108,-1.53354,0.98715,0.33293,-0.90156,2.14150,-0.22449,-0.25934,-1.53909,1.01012,0.36992,-0.92665,2.16106,-0.23704,-0.22793,-1.53904,4.294,-1.170,2.184,0.726,-0.202,0.310,0.008
70.900000,3545,0.98576,0.32159,-0.89302,2.14466,-0.22964,-0.20065,-1.53354,0.98286,0.32469,-0.88973,2.14124,-0.22811,-0.21800,-1.53918,1.00552,0.36145,-0.91484,2.16042,-0.23942,-0.18697,-1.53916,4.301,-1.194,2.169,0.723,-0.206,0.300,0.015
71.000000,3550,0.98271,0.31053,-0.88158,2.14390,-0.23460,-0.15945,-1.53354,0.97858,0.31608,-0.87765,2.14061,-0.23103,-0.17789,-1.53881,1.00110,0.35270,-0.90323,2.15974,-0.24189,-0.14645,-1.53918,4.305,-1.217,2.153,0.722,-0.207,0.290,0.018
71.100000,3555,0.97966,0.30939,-0.86937,2.14390,-0.23574,-0.12206,-1.53354,0.97443,0.30743,-0.86579,2.14021,-0.23449,-0.13772,-1.53897,0.99674,0.34395,-0.89170,2.15906,-0.24435,-0.10618,-1.53918,4.307,-1.238,2.138,0.721,-0.206,0.281,0.018
71.200000,3560,0.97737,0.29375,-0.85678,2.14390,-0.23612,-0.08239,-1.53354,0.97034,0.29901,-0.85408,2.13971,-0.23778,-0.09759,-1.53793,0.99238,0.33523,-0.88022,2.15839,-0.24681,-0.06605,-1.53918,4.308,-1.260,2.121,0.721,-0.206,0.273,0.018
71.300000,3565,0.96898,0.28879,-0.84687,2.14352,-0.23918,-0.04577,-1.53354,0.96636,0.29036,-0.84278,2.13937,-0.24169,-0.05726,-1.53833,0.98812,0.32638,-0.86881,2.15769,-0.24933,-0.02599,-1.53918,4.315,-1.284,2.104,0.718,-0.212,0.264,0.018
71.400000,3570,0.96859,0.27696,-0.83580,2.14276,-0.24261,-0.00609,-1.53354,0.96249,0.28131,-0.83119,2.13877,-0.24488,-0.01750,-1.53779,0.98405,0.31720,-0.85754,2.15694,-0.25200,0.01401,-1.53918,4.319,-1.308,2.086,0.716,-0.216,0.256,0.018
71.500000,3575,0.96325,0.27048,-0.82398,2.14199,-0.24375,0.03205,-1.53354,0.95864,0.27222,-0.81989,2.13820,-0.24872,0.02240,-1.53783,0.98002,0.30796,-0.84629,2.15618,-0.25468,0.05400,-1.53918,4.320,-1.331,2.068,0.715,-0.216,0.249,0.018
71.600000,3580,0.96325,0.26018,-0.81215,2.14199,-0.25253,0.07287,-1.53354,0.95488,0.26318,-0.80837,2.13760,-0.25206,0.06235,-1.53721,0.97598,0.29873,-0.83504,2.15543,-0.25737,0.09399,-1.53918,4.321,-1.354,2.049,0.715,-0.216,0.241,0.018
71.700000,3585,0.95524,0.25140,-0.80033,2.14161,-0.25863,0.11064,-1.53354,0.95128,0.25410,-0.79735,2.13714,-0.25642,0.10251,-1.53703,0.97204,0.28938,-0.82385,2.15465,-0.26013,0.13399,-1.53918,4.330,-1.379,2.029,0.712,-0.223,0.234,0.018
71.800000,3590,0.95219,0.24263,-0.78926,2.14047,-0.26130,0.14993,-1.53316,0.94772,0.24458,-0.78594,2.13639,-0.25987,0.14220,-1.53653,0.96835,0.27973,-0.81283,2.15383,-0.26307,0.17398,-1.53918,4.336,-1.404,2.008,0.709,-0.228,0.227,0.018
71.900000,3595,0.94723,0.23233,-0.77782,2.14009,-0.26321,0.18960,-1.53316,0.94446,0.23521,-0.77518,2.13585,-0.26420,0.18236,-1.53584,0.96470,0.27002,-0.80185,2.15299,-0.26604,0.21397,-1.53918,4.336,-1.428,1.988,0.708,-0.228,0.220,0.018
72.000000,3600,0.94685,0.22508,-0.76752,2.14009,-0.26550,0.23195,-1.53316,0.94095,0.22552,-0.76355,2.13510,-0.26760,0.22190,-1.53564,0.96106,0.26031,-0.79087,2.15216,-0.26901,0.25397,-1.53918,4.337,-1.451,1.966,0.708,-0.228,0.213,0.018
72.100000,3605,0.94113,0.21325,-0.75569,2.14009,-0.26893,0.26857,-1.53278,0.93777,0.21610,-0.75280,2.13470,-0.27233,0.26236,-1.53569,0.95752,0.25051,-0.77995,2.15131,-0.27205,0.29398,-1.53918,4.348,-1.476,1.943,0.705,-0.235,0.207,0.018
72.200000,3610,0.93579,0.20410,-0.74463,2.13856,-0.27389,0.30786,-1.53278,0.93477,0.20635,-0.74203,2.13406,-0.27660,0.30250,-1.53548,0.95428,0.24046,-0.76924,2.15043,-0.27530,0.33404,-1.53918,4.357,-1.502,1.920,0.702,-0.241,0.201,0.018
72.300000,3615,0.93579,0.19304,-0.73433,2.13818,-0.28381,0.34563,-1.53278,0.93181,0.19638,-0.73133,2.13331,-0.28086,0.34247,-1.53525,0.95111,0.23034,-0.75856,2.14953,-0.27859,0.37416,-1.53918,4.357,-1.526,1.897,0.700,-0.241,0.195,0.018
72.400000,3620,0.93388,0.18312,-0.72289,2.13742,-0.28800,0.38683,-1.53278,0.92890,0.18631,-0.72039,2.13246,-0.28497,0.38236,-1.53466,0.94793,0.22018,-0.74785,2.14863,-0.28190,0.41442,-1.53918,4.357,-1.550,1.873,0.699,-0.242,0.189,0.018
72.500000,3625,0.93045,0.17473,-0.71411,2.13589,-0.28953,0.42841,-1.53202,0.92604,0.17628,-0.70963,2.13179,-0.28961,0.42279,-1.53445,0.94484,0.20992,-0.73715,2.14772,-0.28528,0.45491,-1.53918,4.369,-1.576,1.848,0.696,-0.249,0.184,0.019
72.600000,3630,0.93007,0.16290,-0.70381,2.13436,-0.29258,0.46961,-1.52973,0.92356,0.16610,-0.69887,2.13112,-0.29434,0.46370,-1.53387,0.94211,0.19938,-0.72663,2.14678,-0.28891,0.49576,-1.53918,4.381,-1.602,1.822,0.693,-0.256,0.180,0.019
72.700000,3635,0.92701,0.15260,-0.69161,2.13360,-0.29563,0.50852,-1.52973,0.92129,0.15566,-0.68761,2.13067,-0.29868,0.50518,-1.53398,0.93945,0.18868,-0.71607,2.14582,-0.29262,0.53708,-1.53918,4.380,-1.628,1.797,0.690,-0.258,0.175,0.019
72.800000,3640,0.92091,0.14192,-0.68054,2.13246,-0.30403,0.54933,-1.52973,0.91881,0.14520,-0.67591,2.13031,-0.30251,0.54733,-1.53435,0.93674,0.17788,-0.70536,2.14486,-0.29636,0.57891,-1.53917,4.378,-1.650,1.771,0.700,-0.246,0.170,0.028
72.900000,3645,0.91938,0.13391,-0.66795,2.13284,-0.30250,0.58252,-1.52629,0.91623,0.14390,-0.66244,2.13316,-0.29945,0.57748,-1.53185,0.93383,0.17671,-0.69351,2.14740,-0.29445,0.60938,-1.53689,4.356,-1.007,1.756,1.035,0.256,0.099,0.283
73.000000,3650,0.91900,0.14840,-0.65117,2.14466,-0.27351,0.56917,-1.51065,0.91342,0.17018,-0.64548,2.14477,-0.27704,0.57278,-1.52185,0.93064,0.20426,-0.67910,2.15971,-0.27586,0.60630,-1.52788,4.360,-0.871,1.753,1.038,0.284,-0.511,0.333
73.100000,3655,0.91671,0.18426,-0.63324,2.15802,-0.24528,0.55010,-1.49730,0.91063,0.20307,-0.62991,2.15778,-0.25253,0.56455,-1.51281,0.92813,0.23806,-0.66510,2.17312,-0.25348,0.59885,-1.51758,4.387,-0.748,1.756,0.999,0.288,-0.486,0.326
73.200000,3660,0.91404,0.21783,-0.61836,2.17175,-0.21705,0.54628,-1.49234,0.90883,0.23672,-0.61646,2.17187,-0.22883,0.55953,-1.50564,0.92659,0.27180,-0.65096,2.18719,-0.22895,0.59344,-1.50954,4.415,-0.625,1.757,0.951,0.291,-0.444,0.323
73.300000,3665,0.91404,0.25369,-0.60577,2.18358,-0.19492,0.54361,-1.48395,0.90784,0.27257,-0.60409,2.18389,-0.20385,0.55537,-1.49676,0.92585,0.30792,-0.63897,2.19919,-0.20513,0.58935,-1.49901,4.435,-0.495,1.762,0.898,0.289,-0.404,0.343
73.400000,3670,0.91366,0.29108,-0.59509,2.19311,-0.17051,0.54209,-1.47250,0.90766,0.31018,-0.59343,2.19435,-0.17942,0.55249,-1.48570,0.92581,0.34570,-0.62877,2.20967,-0.18205,0.58649,-1.48667,4.450,-0.367,1.773,0.851,0.288,-0.351,0.348
73.500000,3675,0.91404,0.32960,-0.58708,2.20227,-0.14953,0.54056,-1.45877,0.90816,0.34889,-0.58425,2.20367,-0.15576,0.55063,-1.47279,0.92637,0.38453,-0.62006,2.21902,-0.15975,0.58469,-1.47303,4.456,-0.240,1.784,0.801,0.286,-0.302,0.354
73.600000,3680,0.91404,0.37004,-0.57983,2.21066,-0.12435,0.54056,-1.44656,0.90931,0.38825,-0.57635,2.21211,-0.13292,0.54966,-1.45914,0.92754,0.42401,-0.61259,2.22748,-0.13820,0.58381,-1.45842,4.475,-0.117,1.804,0.757,0.287,-0.240,0.354
73.700000,3685,0.91404,0.40971,-0.57259,2.21829,-0.10108,0.54170,-1.43512,0.91159,0.42743,-0.56889,2.22055,-0.10975,0.54988,-1.44567,0.92978,0.46325,-0.60531,2.23602,-0.11584,0.58408,-1.44482,4.471,0.002,1.817,0.702,0.286,-0.196,0.356
73.800000,3690,0.91442,0.44977,-0.56686,2.22477,-0.07934,0.54285,-1.41834,0.91382,0.46755,-0.56277,2.22756,-0.08822,0.55022,-1.43027,0.93190,0.50338,-0.60010,2.24282,-0.09649,0.58441,-1.42810,4.415,0.121,1.794,0.630,0.279,-0.210,0.365
73.900000,3695,0.91442,0.49021,-0.56572,2.23050,-0.06332,0.54323,-1.40079,0.91608,0.50810,-0.55824,2.23323,-0.06919,0.55062,-1.41215,0.93400,0.54391,-0.59637,2.24839,-0.07951,0.58474,-1.40915,4.380,0.235,1.789,0.571,0.275,-0.211,0.369
74.000000,3700,0.91481,0.53102,-0.56190,2.23431,-0.04729,0.54399,-1.38248,0.91848,0.54870,-0.55483,2.23807,-0.05218,0.55093,-1.39229,0.93618,0.58448,-0.59360,2.25314,-0.06428,0.58499,-1.38875,4.337,0.346,1.782,0.510,0.270,-0.224,0.372
74.100000,3705,0.91748,0.57146,-0.56114,2.23774,-0.02860,0.54399,-1.35883,0.92079,0.58932,-0.55221,2.24205,-0.03715,0.55074,-1.37068,0.93836,0.62503,-0.59167,2.25715,-0.05083,0.58498,-1.36691,4.287,0.454,1.776,0.446,0.265,-0.249,0.375
74.200000,3710,0.91748,0.61304,-0.56038,2.24156,-0.02097,0.54361,-1.33708,0.92321,0.62992,-0.55051,2.24546,-0.02403,0.55043,-1.34771,0.94047,0.66549,-0.59045,2.26045,-0.03911,0.58453,-1.34365,4.231,0.558,1.775,0.381,0.257,-0.284,0.378
74.300000,3715,0.92129,0.65310,-0.56038,2.24423,-0.00609,0.54285,-1.31114,0.92535,0.67041,-0.54927,2.24808,-0.01261,0.54923,-1.32294,0.94245,0.70584,-0.58981,2.26308,-0.02907,0.58347,-1.31904,4.168,0.659,1.778,0.314,0.247,-0.326,0.380
74.400000,3720,0.92244,0.69429,-0.56038,2.24499,0.00192,0.54018,-1.28482,0.92747,0.71055,-0.54860,2.25009,-0.00268,0.54736,-1.29726,0.94422,0.74603,-0.58966,2.26506,-0.02061,0.58166,-1.29312,4.098,0.758,1.786,0.245,0.231,-0.373,0.382
74.500000,3725,0.92244,0.73473,-0.56000,2.24537,0.00649,0.53789,-1.26002,0.92925,0.75064,-0.54848,2.25149,0.00536,0.54471,-1.27030,0.94575,0.78602,-0.58993,2.26640,-0.01367,0.57898,-1.26600,4.023,0.854,1.798,0.175,0.208,-0.419,0.383
74.600000,3730,0.92320,0.77479,-0.56000,2.24537,0.01374,0.53064,-1.23103,0.93071,0.79036,-0.54862,2.25211,0.01205,0.54078,-1.24165,0.94698,0.82574,-0.59054,2.26712,-0.00812,0.57533,-1.23779,3.942,0.948,1.814,0.104,0.176,-0.459,0.384
74.700000,3735,0.92778,0.81522,-0.56038,2.24537,0.02213,0.52454,-1.20166,0.93177,0.82981,-0.54906,2.25209,0.01753,0.53585,-1.21195,0.94789,0.86512,-0.59146,2.26721,-0.00384,0.57062,-1.20862,3.857,1.039,1.832,0.034,0.136,-0.493,0.384
74.800000,3740,0.92816,0.85451,-0.56000,2.24537,0.02404,0.52034,-1.17190,0.93276,0.86894,-0.55010,2.25168,0.02136,0.53032,-1.18196,0.94844,0.90410,-0.59263,2.26666,-0.00070,0.56482,-1.17864,3.767,1.129,1.852,-0.036,0.088,-0.518,0.383
74.900000,3745,0.92854,0.89419,-0.56038,2.24499,0.02481,0.51309,-1.14138,0.93318,0.90754,-0.55127,2.25039,0.02422,0.52319,-1.15111,0.94862,0.94259,-0.59407,2.26545,0.00143,0.55785,-1.14798,3.676,1.216,1.872,-0.105,0.038,-0.537,0.382
75.000000,3750,0.92854,0.93195,-0.56038,2.24499,0.02481,0.50241,-1.11239,0.93329,0.94558,-0.55281,2.24850,0.02625,0.51511,-1.11925,0.94846,0.98056,-0.59576,2.26359,0.00269,0.54978,-1.11678,3.586,1.301,1.892,-0.167,-0.009,-0.549,0.381
75.100000,3755,0.93121,0.96972,-0.56038,2.24499,0.02442,0.49478,-1.07691,0.93304,0.98321,-0.55463,2.24604,0.02724,0.50603,-1.08741,0.94798,1.01802,-0.59770,2.26112,0.00323,0.54067,-1.08519,3.496,1.385,1.912,-0.225,-0.050,-0.558,0.379
75.200000,3760,0.93121,1.00710,-0.56038,2.24309,0.02442,0.48448,-1.04869,0.93249,1.02019,-0.55683,2.24287,0.02774,0.49579,-1.05514,0.94719,1.05493,-0.59993,2.25802,0.00318,0.53053,-1.05329,3.406,1.466,1.931,-0.279,-0.084,-0.565,0.377
75.300000,3765,0.93121,1.04487,-0.56038,2.23851,0.02442,0.47189,-1.01626,0.93170,1.05655,-0.55921,2.23903,0.02794,0.48454,-1.02230,0.94613,1.09131,-0.60244,2.25430,0.00267,0.51941,-1.02118,3.317,1.547,1.950,-0.329,-0.110,-0.570,0.374
75.400000,3770,0.93083,1.07959,-0.56076,2.23431,0.02404,0.46159,-0.98116,0.93061,1.09262,-0.56204,2.23460,0.02740,0.47244,-0.98936,0.94482,1.12714,-0.60528,2.24996,0.00179,0.50733,-0.98891,3.230,1.626,1.969,-0.375,-0.130,-0.573,0.372
75.500000,3775,0.93083,1.11583,-0.56076,2.22897,0.02366,0.44862,-0.95179,0.92924,1.12784,-0.56509,2.22946,0.02688,0.45923,-0.95657,0.94328,1.16243,-0.60847,2.24499,0.00066,0.49433,-0.95654,3.145,1.704,1.987,-0.417,-0.144,-0.577,0.369
75.600000,3780,0.93045,1.15092,-0.56267,2.22210,0.02366,0.43489,-0.91670,0.92766,1.16278,-0.56874,2.22374,0.02582,0.44538,-0.92355,0.94156,1.19717,-0.61204,2.23937,-0.00066,0.48044,-0.92411,3.061,1.780,2.006,-0.456,-0.152,-0.579,0.366
75.700000,3785,0.93045,1.18678,-0.56343,2.21638,0.02328,0.41963,-0.88770,0.92595,1.19687,-0.57278,2.21734,0.02494,0.43051,-0.89079,0.93968,1.23137,-0.61603,2.23311,-0.00206,0.46572,-0.89165,2.980,1.856,2.025,-0.492,-0.155,-0.581,0.363
75.800000,3790,0.93045,1.21959,-0.56534,2.20799,0.02290,0.40514,-0.85337,0.92410,1.23072,-0.57731,2.21026,0.02381,0.41499,-0.85757,0.93767,1.26501,-0.62047,2.22618,-0.00347,0.45019,-0.85917,2.901,1.930,2.045,-0.525,-0.154,-0.583,0.360
75.900000,3795,0.93007,1.25354,-0.57297,2.20112,0.02252,0.38873,-0.82133,0.92212,1.26386,-0.58232,2.20261,0.02263,0.39879,-0.82489,0.93557,1.29808,-0.62538,2.21857,-0.00482,0.43392,-0.82671,2.825,2.003,2.066,-0.557,-0.149,-0.585,0.357
76.000000,3800,0.92511,1.28787,-0.57869,2.19197,0.02099,0.37157,-0.78585,0.92014,1.29623,-0.58778,2.19411,0.02197,0.38162,-0.79232,0.93340,1.33056,-0.63078,2.21029,-0.00603,0.41693,-0.79426,2.743,2.076,2.090,-0.585,-0.143,-0.587,0.354
76.100000,3805,0.92205,1.32030,-0.58441,2.18358,0.02023,0.35554,-0.75571,0.91732,1.32864,-0.59362,2.18575,0.02094,0.36375,-0.75947,0.93048,1.36286,-0.63641,2.20210,-0.00735,0.39916,-0.76213,2.617,2.150,2.122,-0.601,-0.157,-0.588,0.351
76.200000,3810,0.91938,1.35158,-0.59166,2.17442,0.02023,0.33685,-0.72481,0.91440,1.36049,-0.59970,2.17687,0.02026,0.34526,-0.72669,0.92743,1.39464,-0.64255,2.19342,-0.00850,0.38076,-0.73010,2.588,2.222,2.135,-0.639,-0.118,-0.589,0.348
76.300000,3815,0.91900,1.38324,-0.59853,2.16412,0.02023,0.31663,-0.68972,0.91221,1.39105,-0.60694,2.16640,0.02009,0.32631,-0.69430,0.92524,1.42526,-0.64968,2.18309,-0.00898,0.36186,-0.69781,2.535,2.292,2.160,-0.667,-0.086,-0.590,0.346
76.400000,3820,0.91671,1.41490,-0.60730,2.15268,0.02061,0.29870,-0.65844,0.91030,1.42084,-0.61477,2.15496,0.02058,0.30675,-0.66154,0.92318,1.45510,-0.65738,2.17190,-0.00898,0.34246,-0.66551,2.473,2.360,2.189,-0.692,-0.054,-0.591,0.344
76.500000,3825,0.91633,1.44351,-0.61569,2.14009,0.02099,0.27925,-0.62716,0.90836,1.44986,-0.62315,2.14268,0.02155,0.28682,-0.62881,0.92125,1.48411,-0.66564,2.15985,-0.00842,0.32264,-0.63319,2.416,2.428,2.218,-0.716,-0.016,-0.591,0.342
76.600000,3830,0.91366,1.47212,-0.62332,2.12674,0.02366,0.26018,-0.59359,0.90681,1.47791,-0.63227,2.12954,0.02301,0.26670,-0.59610,0.91954,1.51220,-0.67449,2.14688,-0.00718,0.30251,-0.60083,2.366,2.495,2.249,-0.739,0.027,-0.591,0.340
76.700000,3835,0.91366,1.49997,-0.63553,2.11300,0.02481,0.23881,-0.56078,0.90526,1.50507,-0.64190,2.11537,0.02523,0.24626,-0.56347,0.91805,1.53927,-0.68389,2.13296,-0.00517,0.28218,-0.56845,2.315,2.561,2.281,-0.761,0.071,-0.592,0.339
76.800000,3840,0.91328,1.52629,-0.64468,2.09774,0.02786,0.21821,-0.52950,0.90400,1.53091,-0.65203,2.10020,0.02854,0.22567,-0.53066,0.91676,1.56522,-0.69374,2.11808,-0.00230,0.26177,-0.53605,2.268,2.626,2.314,-0.782,0.113,-0.591,0.338
76.900000,3845,0.91328,1.55147,-0.65613,2.08096,0.03129,0.19952,-0.49707,0.90298,1.55569,-0.66276,2.08416,0.03243,0.20541,-0.49781,0.91566,1.58994,-0.70397,2.10221,0.00151,0.24146,-0.50365,2.223,2.690,2.348,-0.801,0.151,-0.591,0.338
77.000000,3850,0.91023,1.57550,-0.66910,2.06379,0.03587,0.17968,-0.46274,0.90222,1.57891,-0.67358,2.06698,0.03763,0.18526,-0.46493,0.91477,1.61327,-0.71448,2.08533,0.00635,0.22145,-0.47126,2.189,2.753,2.384,-0.820,0.185,-0.589,0.338
77.100000,3855,0.90794,1.59763,-0.67787,2.04472,0.05075,0.15947,-0.43031,0.90193,1.59944,-0.68413,2.04737,0.04435,0.16625,-0.43210,0.91464,1.63390,-0.72465,2.06608,0.01307,0.20280,-0.43861,2.202,2.812,2.425,-0.840,0.224,-0.586,0.340
77.200000,3860,0.90794,1.61632,-0.68779,2.02336,0.05609,0.14344,-0.39865,0.90180,1.61883,-0.69482,2.02718,0.05233,0.14815,-0.39913,0.91447,1.65326,-0.73492,2.04617,0.02065,0.18469,-0.40611,2.110,2.878,2.458,-0.849,0.221,-0.587,0.341
77.300000,3865,0.90794,1.63616,-0.69924,2.00352,0.06105,0.12666,-0.36584,0.90138,1.63766,-0.70591,2.00739,0.06039,0.13021,-0.36678,0.91392,1.67207,-0.74555,2.02657,0.02847,0.16673,-0.37404,2.077,2.940,2.493,-0.863,0.232,-0.585,0.342
77.400000,3870,0.90756,1.65332,-0.70915,1.98292,0.07669,0.10835,-0.33189,0.90125,1.65461,-0.71706,1.98653,0.06944,0.11315,-0.33433,0.91375,1.68912,-0.75620,2.00607,0.03729,0.14991,-0.34217,2.070,3.001,2.528,-0.875,0.242,-0.582,0.344
77.500000,3875,0.90794,1.66973,-0.72022,1.96156,0.08317,0.09347,-0.30061,0.90164,1.66986,-0.72820,1.96488,0.07937,0.09769,-0.30241,0.91402,1.70436,-0.76680,1.98466,0.04702,0.13443,-0.31055,2.051,3.060,2.563,-0.886,0.248,-0.578,0.347
77.600000,3880,0.90794,1.68308,-0.73052,1.93943,0.09233,0.07783,-0.26971,0.90216,1.68337,-0.73902,1.94234,0.09011,0.08336,-0.27055,0.91446,1.71791,-0.77710,1.96247,0.05749,0.12034,-0.27918,2.027,3.117,2.599,-0.894,0.252,-0.574,0.349
77.700000,3885,0.90794,1.69643,-0.74272,1.91540,0.10682,0.06677,-0.23576,0.90268,1.69517,-0.74929,1.91915,0.10149,0.07050,-0.23924,0.91496,1.72985,-0.78699,1.93954,0.06855,0.10770,-0.24807,2.001,3.174,2.634,-0.901,0.254,-0.569,0.353
77.800000,3890,0.90794,1.70635,-0.75302,1.89175,0.11483,0.05532,-0.20677,0.90337,1.70568,-0.75933,1.89526,0.11310,0.05934,-0.20778,0.91545,1.74024,-0.79636,1.91589,0.08004,0.09656,-0.21722,1.973,3.228,2.670,-0.906,0.256,-0.562,0.356
77.900000,3895,0.90794,1.71589,-0.76027,1.86695,0.13162,0.04808,-0.17816,0.90389,1.71448,-0.76860,1.87062,0.12515,0.04955,-0.17657,0.91584,1.74916,-0.80512,1.89154,0.09183,0.08694,-0.18660,1.943,3.280,2.706,-0.910,0.257,-0.551,0.361
78.000000,3900,0.90794,1.72046,-0.76866,1.84215,0.13963,0.04045,-0.14535,0.90434,1.72203,-0.77726,1.84538,0.13725,0.04132,-0.14584,0.91602,1.75667,-0.81315,1.86646,0.10377,0.07883,-0.15621,1.909,3.327,2.743,-0.912,0.257,-0.535,0.365
78.100000,3905,0.90832,1.73153,-0.77477,1.81507,0.15565,0.03129,-0.11445,0.90424,1.72807,-0.78469,1.81915,0.14964,0.03437,-0.11524,0.91588,1.76283,-0.82034,1.84062,0.11572,0.07223,-0.12602,1.873,3.360,2.788,-0.913,0.256,-0.501,0.369
78.200000,3910,0.90832,1.73229,-0.78011,1.78875,0.16290,0.03015,-0.08699,0.90423,1.73166,-0.79067,1.79157,0.16135,0.03100,-0.08500,0.91552,1.76620,-0.82539,1.81310,0.12760,0.06864,-0.09644,1.855,3.296,2.883,-0.913,0.255,-0.367,0.373
78.300000,3915,0.90832,1.73267,-0.78163,1.75937,0.17778,0.03015,-0.05342,0.90347,1.73403,-0.79516,1.76313,0.17326,0.02830,-0.05497,0.91451,1.76861,-0.82953,1.78484,0.13919,0.06623,-0.06689,1.790,3.439,2.880,-0.906,0.253,-0.427,0.380
78.400000,3920,0.90680,1.73763,-0.78659,1.73153,0.18846,0.02709,-0.02328,0.90170,1.73718,-0.79978,1.73489,0.18503,0.02517,-0.02495,0.91245,1.77184,-0.83398,1.75675,0.15038,0.06318,-0.03673,1.730,3.496,2.927,-0.904,0.251,-0.396,0.385
78.500000,3925,0.90489,1.74564,-0.78850,1.70177,0.19838,0.02595,0.00495,0.89886,1.73947,-0.80343,1.70562,0.19598,0.02302,0.00587,0.90943,1.77408,-0.83721,1.72767,0.16120,0.06124,-0.00644,1.679,3.504,3.020,-0.903,0.248,-0.309,0.390
78.600000,3930,0.90260,1.74640,-0.79117,1.67125,0.21097,0.02709,0.03432,0.89534,1.73956,-0.80473,1.67469,0.20614,0.02363,0.03721,0.90545,1.77390,-0.83790,1.69684,0.17133,0.06178,0.02338,1.643,3.469,3.175,-0.899,0.243,-0.180,0.394
78.700000,3935,0.89764,1.74640,-0.79193,1.63959,0.21707,0.02824,0.06942,0.89025,1.74039,-0.80545,1.64365,0.21609,0.02336,0.06898,0.89974,1.77462,-0.83829,1.66587,0.18112,0.06156,0.05408,1.577,3.749,3.204,-0.890,0.238,-0.342,0.400
78.800000,3940,0.88429,1.74907,-0.79117,1.61518,0.22203,0.02481,0.09498,0.87526,1.74518,-0.79667,1.62306,0.22007,0.02091,0.09550,0.88334,1.77871,-0.82792,1.64564,0.18510,0.05923,0.07560,1.498,4.014,3.532,-0.836,-0.214,-0.428,0.348
78.900000,3945,0.85682,1.75442,-0.76103,1.61480,0.20677,0.02023,0.10070,0.84542,1.75358,-0.76955,1.62101,0.21373,0.01733,0.10456,0.85084,1.78630,-0.79846,1.64336,0.17930,0.05549,0.07985,1.473,4.202,3.544,-0.617,-0.340,-0.453,0.187
79.000000,3950,0.82516,1.76853,-0.72479,1.61594,0.19914,0.01451,0.10146,0.81127,1.76170,-0.73807,1.62039,0.20654,0.01322,0.10822,0.81634,1.79440,-0.76682,1.64263,0.17254,0.05150,0.08258,1.465,4.374,3.539,-0.675,-0.340,-0.466,0.183
79.100000,3955,0.79006,1.77654,-0.69428,1.61556,0.18731,0.00726,0.10375,0.77590,1.77066,-0.70668,1.61921,0.19934,0.00873,0.11118,0.78113,1.80315,-0.73523,1.64119,0.16588,0.04670,0.08542,1.458,4.548,3.533,-0.765,-0.336,-0.493,0.181
79.200000,3960,0.75459,1.78379,-0.66147,1.61556,0.18235,0.00154,0.10719,0.73991,1.77982,-0.67525,1.61756,0.19207,0.00347,0.11420,0.74544,1.81229,-0.70360,1.63936,0.15926,0.04145,0.08833,1.456,4.711,3.526,-0.813,-0.336,-0.496,0.175
79.300000,3965,0.71720,1.79638,-0.63057,1.61518,0.17663,-0.00266,0.10909,0.70358,1.78983,-0.64429,1.61607,0.18502,-0.00255,0.11672,0.70938,1.82232,-0.67254,1.63756,0.15271,0.03519,0.09137,1.454,4.880,3.515,-0.854,-0.331,-0.544,0.184
79.400000,3970,0.67982,1.80820,-0.60310,1.61441,0.17167,-0.01411,0.11253,0.66668,1.80312,-0.61585,1.61472,0.17844,-0.01192,0.12016,0.67264,1.83538,-0.64407,1.63590,0.14648,0.02541,0.09488,1.445,5.038,3.502,-0.905,-0.326,-0.560,0.187
79.500000,3975,0.64320,1.81888,-0.57526,1.61327,0.16023,-0.02555,0.11558,0.62956,1.81685,-0.58809,1.61332,0.17171,-0.02202,0.12366,0.63574,1.84899,-0.61603,1.63426,0.14031,0.01500,0.09847,1.442,5.180,3.489,-0.968,-0.324,-0.561,0.178
79.600000,3980,0.60696,1.83567,-0.54893,1.61136,0.15641,-0.03623,0.11977,0.59234,1.83214,-0.56180,1.61159,0.16551,-0.03431,0.12685,0.59888,1.86432,-0.58986,1.63232,0.13429,0.00265,0.10209,1.440,5.320,3.469,-1.061,-0.316,-0.573,0.170
79.700000,3985,0.56881,1.85398,-0.52605,1.60984,0.15336,-0.05263,0.12168,0.55517,1.84942,-0.53764,1.60939,0.15963,-0.04889,0.13033,0.56213,1.88173,-0.56596,1.63003,0.12844,-0.01202,0.10573,1.437,5.443,3.449,-1.138,-0.313,-0.573,0.160
79.800000,3990,0.53142,1.87038,-0.50316,1.60755,0.14955,-0.06560,0.12740,0.51827,1.86736,-0.51453,1.60720,0.15335,-0.06365,0.13398,0.52555,1.89947,-0.54258,1.62764,0.12262,-0.02705,0.10933,1.442,5.556,3.426,-1.229,-0.310,-0.575,0.144
79.900000,3995,0.49556,1.89251,-0.48408,1.60335,0.14116,-0.08239,0.12779,0.48228,1.88759,-0.49433,1.60446,0.14742,-0.08073,0.13639,0.48984,1.91973,-0.52255,1.62456,0.11681,-0.04468,0.11266,1.446,5.659,3.395,-1.340,-0.306,-0.578,0.122
80.000000,4000,0.46009,1.91349,-0.46806,1.60030,0.13162,-0.10375,0.13122,0.44668,1.90870,-0.47578,1.60111,0.14144,-0.09914,0.13972,0.45466,1.94080,-0.50386,1.62124,0.11105,-0.06316,0.11587,1.455,5.743,3.364,-1.428,-0.301,-0.575,0.107
80.100000,4005,0.42652,1.93523,-0.45204,1.59572,0.12819,-0.12092,0.13427,0.41218,1.93082,-0.45938,1.59721,0.13525,-0.11857,0.14303,0.42060,1.96296,-0.48723,1.61744,0.10510,-0.08257,0.11877,1.470,5.819,3.324,-1.550,-0.304,-0.576,0.070
80.200000,4010,0.39257,1.95736,-0.44136,1.59076,0.12437,-0.14114,0.13503,0.37935,1.95450,-0.44614,1.59277,0.12822,-0.13892,0.14559,0.38809,1.98662,-0.47341,1.61303,0.09894,-0.10324,0.12123,1.485,5.876,3.282,-1.625,-0.293,-0.572,0.017
80.300000,4015,0.36319,1.98139,-0.43030,1.58885,0.12399,-0.15830,0.12931,0.35199,1.97506,-0.43482,1.59614,0.12303,-0.15466,0.14271,0.36155,2.00723,-0.46016,1.61739,0.09673,-0.11862,0.11567,1.533,5.867,3.233,-1.175,0.158,-0.522,-0.437
80.400000,4020,0.34831,1.99589,-0.42228,1.61556,0.13162,-0.15907,0.10223,0.34068,1.98850,-0.42921,1.62264,0.12495,-0.15832,0.12008,0.35125,2.02046,-0.45128,1.64453,0.10379,-0.12282,0.09024,1.624,5.765,3.133,-1.191,0.265,-0.420,-0.462
80.500000,4025,0.34107,2.00581,-0.42190,1.65027,0.13581,-0.16021,0.07323,0.33550,2.00074,-0.42490,1.65407,0.13174,-0.16159,0.09194,0.34634,2.03257,-0.44645,1.67574,0.11143,-0.12651,0.06223,1.629,5.652,3.118,-1.223,0.256,-0.406,-0.461
80.600000,4030,0.33649,2.01763,-0.41771,1.68003,0.14459,-0.16021,0.04539,0.32842,2.01208,-0.41664,1.68391,0.13874,-0.16435,0.06389,0.33976,2.04403,-0.43856,1.70544,0.11841,-0.12909,0.03446,1.591,5.538,3.132,-1.255,0.247,-0.354,-0.462
80.700000,4035,0.33077,2.02870,-0.40817,1.70826,0.15413,-0.16059,0.02059,0.32058,2.02273,-0.40635,1.71253,0.14541,-0.16625,0.03618,0.33205,2.05481,-0.42864,1.73395,0.12472,-0.13106,0.00684,1.587,5.430,3.109,-1.285,0.235,-0.338,-0.462
80.800000,4040,0.31742,2.03709,-0.39673,1.73610,0.15756,-0.16059,-0.00802,0.31221,2.03330,-0.39541,1.74059,0.15066,-0.16755,0.00815,0.32370,2.06522,-0.41758,1.76158,0.13040,-0.13279,-0.02064,1.584,5.323,3.081,-1.313,0.222,-0.328,-0.462
80.900000,4045,0.31246,2.04739,-0.38490,1.76243,0.15832,-0.16212,-0.03739,0.30279,2.04333,-0.38285,1.76758,0.15594,-0.16912,-0.01959,0.31461,2.07544,-0.40539,1.78843,0.13549,-0.13438,-0.04805,1.583,5.218,3.049,-1.340,0.207,-0.322,-0.463
81.000000,4050,0.29910,2.05769,-0.37155,1.78913,0.16175,-0.16403,-0.06295,0.29273,2.05350,-0.36949,1.79399,0.16014,-0.17044,-0.04742,0.30466,2.08564,-0.39210,1.81455,0.14002,-0.13590,-0.07546,1.583,5.115,3.015,-1.367,0.190,-0.320,-0.464
81.100000,4055,0.28766,2.06761,-0.35362,1.81393,0.16443,-0.16593,-0.09156,0.28163,2.06377,-0.35488,1.81956,0.16395,-0.17191,-0.07508,0.29377,2.09598,-0.37772,1.83996,0.14397,-0.13742,-0.10292,1.585,5.012,2.977,-1.395,0.171,-0.322,-0.466
81.200000,4060,0.27889,2.07829,-0.33874,1.83987,0.16900,-0.16822,-0.11941,0.26939,2.07436,-0.33918,1.84449,0.16732,-0.17342,-0.10291,0.28188,2.10662,-0.36231,1.86470,0.14737,-0.13899,-0.13045,1.589,4.909,2.937,-1.422,0.148,-0.325,-0.468
81.300000,4065,0.26210,2.08515,-0.32196,1.86390,0.17320,-0.17089,-0.14573,0.25639,2.08537,-0.32269,1.86880,0.16988,-0.17484,-0.13081,0.26898,2.11773,-0.34593,1.88878,0.15020,-0.14063,-0.15807,1.595,4.806,2.894,-1.451,0.123,-0.329,-0.470
81.400000,4070,0.25028,2.09812,-0.30403,1.88641,0.17663,-0.17280,-0.17282,0.24201,2.09696,-0.30489,1.89231,0.17224,-0.17663,-0.15882,0.25504,2.12948,-0.32862,1.91217,0.15244,-0.14236,-0.18577,1.604,4.702,2.847,-1.481,0.094,-0.334,-0.472
81.500000,4075,0.23425,2.11186,-0.28495,1.90929,0.17701,-0.17585,-0.19990,0.22687,2.10935,-0.28652,1.91528,0.17376,-0.17824,-0.18721,0.24011,2.14202,-0.31048,1.93488,0.15410,-0.14417,-0.21356,1.613,4.596,2.798,-1.512,0.061,-0.337,-0.475
81.600000,4080,0.21823,2.12025,-0.26664,1.93180,0.17701,-0.17738,-0.23080,0.21086,2.12289,-0.26760,1.93748,0.17438,-0.17980,-0.21520,0.22422,2.15551,-0.29160,1.95687,0.15516,-0.14603,-0.24142,1.625,4.487,2.746,-1.544,0.028,-0.337,-0.479
81.700000,4085,0.20183,2.13436,-0.24719,1.95316,0.17701,-0.17852,-0.25636,0.19386,2.13746,-0.24810,1.95905,0.17423,-0.18138,-0.24359,0.20747,2.17007,-0.27209,1.97816,0.15564,-0.14789,-0.26934,1.639,4.375,2.690,-1.579,-0.007,-0.334,-0.482
81.800000,4090,0.18428,2.15077,-0.22659,1.97415,0.17663,-0.17890,-0.28497,0.17601,2.15311,-0.22780,1.97976,0.17377,-0.18302,-0.27216,0.18993,2.18586,-0.25203,1.99869,0.15554,-0.14967,-0.29731,1.655,4.259,2.631,-1.614,-0.040,-0.326,-0.487
81.900000,4095,0.16559,2.16565,-0.20599,1.99360,0.17625,-0.17967,-0.31282,0.15757,2.17003,-0.20712,1.99969,0.17280,-0.18459,-0.30066,0.17175,2.20296,-0.23155,2.01845,0.15488,-0.15128,-0.32531,1.673,4.138,2.569,-1.652,-0.071,-0.311,-0.491
82.000000,4100,0.14880,2.18396,-0.18501,2.01229,0.17282,-0.18157,-0.34257,0.13838,2.18825,-0.18583,2.01869,0.17168,-0.18598,-0.32932,0.15305,2.22147,-0.21071,2.03740,0.15371,-0.15258,-0.35330,1.694,4.012,2.504,-1.691,-0.098,-0.286,-0.496
82.100000,4105,0.12668,2.20341,-0.16403,2.03022,0.16862,-0.18234,-0.37004,0.11910,2.20802,-0.16442,2.03681,0.16970,-0.18668,-0.35771,0.13392,2.24149,-0.18953,2.05539,0.15209,-0.15337,-0.38117,1.717,3.881,2.437,-1.732,-0.120,-0.245,-0.501
82.200000,4110,0.10684,2.22325,-0.14228,2.04624,0.16328,-0.18195,-0.39674,0.09960,2.22961,-0.14309,2.05405,0.16677,-0.18642,-0.38580,0.11459,2.26305,-0.16811,2.07244,0.15008,-0.15348,-0.40891,1.743,3.745,2.365,-1.774,-0.136,-0.197,-0.506
82.300000,4115,0.08700,2.24652,-0.12130,2.06227,0.15832,-0.18119,-0.42383,0.07995,2.25250,-0.12146,2.07040,0.16389,-0.18566,-0.41425,0.09531,2.28610,-0.14667,2.08871,0.14778,-0.15280,-0.43657,1.771,3.602,2.291,-1.817,-0.147,-0.142,-0.512
82.400000,4120,0.06717,2.26864,-0.10070,2.07829,0.15680,-0.17814,-0.45129,0.06056,2.27682,-0.09991,2.08594,0.16062,-0.18402,-0.44232,0.07622,2.31059,-0.12528,2.10416,0.14526,-0.15121,-0.46407,1.800,3.453,2.214,-1.861,-0.155,-0.088,-0.517
82.500000,4125,0.04848,2.29458,-0.08048,2.09317,0.15374,-0.17661,-0.47952,0.04032,2.30133,-0.07853,2.10040,0.15737,-0.18242,-0.47051,0.05631,2.33522,-0.10408,2.11858,0.14233,-0.14963,-0.49186,1.832,3.298,2.137,-1.902,-0.182,-0.137,-0.524
82.600000,4130,0.02788,2.31747,-0.05912,2.10614,0.15336,-0.17509,-0.51157,0.01995,2.32640,-0.05748,2.11388,0.15350,-0.18033,-0.49881,0.03618,2.36051,-0.08311,2.13202,0.13922,-0.14751,-0.51963,1.874,3.148,2.059,-1.937,-0.162,0.000,-0.527
82.700000,4135,0.00918,2.34456,-0.03928,2.11911,0.15031,-0.16708,-0.53598,0.00129,2.35427,-0.03661,2.12663,0.14968,-0.17557,-0.52666,0.01795,2.38867,-0.06223,2.14479,0.13656,-0.14285,-0.54634,1.911,2.985,1.976,-1.979,-0.147,0.058,-0.532
82.800000,4140,-0.01142,2.37355,-0.01906,2.13093,0.14917,-0.15830,-0.56230,-0.01651,2.38343,-0.01582,2.13846,0.14639,-0.16955,-0.55384,0.00046,2.41813,-0.04156,2.15666,0.13417,-0.13674,-0.57248,1.947,2.815,1.890,-2.023,-0.130,0.093,-0.536
82.900000,4145,-0.02744,2.40292,0.00077,2.14161,0.14535,-0.15106,-0.58939,-0.03346,2.41398,0.00448,2.14944,0.14336,-0.16170,-0.57975,-0.01627,2.44870,-0.02112,2.16761,0.13219,-0.12917,-0.59792,1.985,2.641,1.803,-2.066,-0.104,0.120,-0.540
83.000000,4150,-0.04422,2.43268,0.02023,2.15115,0.14268,-0.14152,-0.61418,-0.04965,2.44545,0.02462,2.15944,0.14069,-0.15264,-0.60484,-0.03216,2.48027,-0.00090,2.17762,0.13075,-0.12008,-0.62251,2.023,2.462,1.714,-2.109,-0.069,0.140,-0.544
83.100000,4155,-0.05948,2.46549,0.03930,2.15802,0.13810,-0.12931,-0.63860,-0.06497,2.47752,0.04479,2.16837,0.13913,-0.14216,-0.62961,-0.04715,2.51272,0.01912,2.18668,0.12999,-0.10947,-0.64613,2.060,2.280,1.624,-2.153,-0.025,0.157,-0.546
83.200000,4160,-0.07512,2.49791,0.05876,2.16717,0.13772,-0.11863,-0.65958,-0.07930,2.51051,0.06469,2.17632,0.13814,-0.13020,-0.65262,-0.06121,2.54588,0.03895,2.19476,0.13004,-0.09737,-0.66862,2.098,2.095,1.534,-2.199,0.028,0.173,-0.549
83.300000,4165,-0.08695,2.53072,0.07745,2.17442,0.13848,-0.10299,-0.68285,-0.09266,2.54407,0.08440,2.18334,0.13816,-0.11671,-0.67461,-0.07431,2.57963,0.05864,2.20187,0.13102,-0.08382,-0.68988,2.135,1.907,1.443,-2.246,0.084,0.187,-0.550
83.400000,4170,-0.10068,2.56467,0.09652,2.17900,0.13848,-0.08887,-0.70459,-0.10494,2.57814,0.10379,2.18943,0.13882,-0.10171,-0.69531,-0.08645,2.61379,0.07823,2.20798,0.13302,-0.06890,-0.70977,2.172,1.717,1.351,-2.297,0.139,0.202,-0.551
83.500000,4175,-0.11174,2.59862,0.11560,2.18434,0.14268,-0.07247,-0.72062,-0.11636,2.61242,0.12331,2.19439,0.14103,-0.08568,-0.71410,-0.09762,2.64820,0.09775,2.21308,0.13612,-0.05272,-0.72820,2.208,1.525,1.261,-2.353,0.185,0.216,-0.551
83.600000,4180,-0.12014,2.63410,0.13467,2.18815,0.15146,-0.05569,-0.73893,-0.12677,2.64669,0.14284,2.19842,0.14430,-0.06847,-0.73196,-0.10784,2.68269,0.11727,2.21717,0.14039,-0.03541,-0.74510,2.243,1.333,1.170,-2.415,0.221,0.230,-0.551
83.700000,4185,-0.13311,2.66729,0.15413,2.18930,0.15603,-0.03661,-0.75609,-0.13617,2.68100,0.16258,2.20136,0.14930,-0.05025,-0.74767,-0.11715,2.71710,0.13683,2.22023,0.14587,-0.01713,-0.76044,2.278,1.140,1.081,-2.485,0.246,0.245,-0.549
83.800000,4190,-0.13959,2.70086,0.17320,2.19044,0.15870,-0.01945,-0.76792,-0.14459,2.71506,0.18200,2.20336,0.15507,-0.03106,-0.76193,-0.12559,2.75125,0.15647,2.22228,0.15256,0.00197,-0.77419,2.313,0.947,0.994,-2.562,0.262,0.259,-0.547
83.900000,4195,-0.14951,2.73366,0.19265,2.19311,0.16443,0.00268,-0.78203,-0.15227,2.74874,0.20178,2.20430,0.16207,-0.01128,-0.77432,-0.13319,2.78496,0.17628,2.22327,0.16045,0.02179,-0.78634,2.349,0.755,0.908,-2.647,0.271,0.274,-0.543
84.000000,4200,-0.15333,2.76800,0.21249,2.19311,0.17892,0.02290,-0.79043,-0.15822,2.78139,0.22206,2.20406,0.17032,0.00954,-0.78483,-0.13895,2.81778,0.19655,2.22304,0.16983,0.04280,-0.79574,2.440,0.564,0.826,-2.754,0.281,0.290,-0.511
84.100000,4205,-0.16134,2.80004,0.23309,2.19311,0.18541,0.04350,-0.79577,-0.16237,2.81312,0.24265,2.20257,0.18053,0.03154,-0.79261,-0.14310,2.84962,0.21731,2.22160,0.18070,0.06464,-0.80262,2.416,0.377,0.746,-2.826,0.277,0.301,-0.520
84.200000,4210,-0.16477,2.83018,0.25331,2.19273,0.19494,0.06486,-0.80607,-0.16796,2.84446,0.26343,2.20034,0.19139,0.05287,-0.80000,-0.14886,2.88083,0.23806,2.21936,0.19175,0.08590,-0.81041,2.427,0.190,0.669,-2.887,0.275,0.313,-0.517
84.300000,4215,-0.16668,2.86146,0.27391,2.19273,0.21058,0.08775,-0.81293,-0.17337,2.87476,0.28461,2.19711,0.20329,0.07411,-0.80672,-0.15431,2.91111,0.25908,2.21613,0.20375,0.10721,-0.81718,2.456,0.005,0.595,-2.942,0.274,0.325,-0.499
84.400000,4220,-0.17583,2.89121,0.29603,2.18815,0.21859,0.10835,-0.81637,-0.17822,2.90386,0.30606,2.19298,0.21598,0.09553,-0.81331,-0.15937,2.94030,0.28040,2.21186,0.21677,0.12852,-0.82284,2.483,-0.177,0.525,-2.987,0.271,0.337,-0.477
84.500000,4225,-0.18079,2.91830,0.31740,2.18472,0.23538,0.12895,-0.82018,-0.18299,2.93202,0.32772,2.18754,0.22982,0.11655,-0.81730,-0.16413,2.96836,0.30203,2.20659,0.23071,0.14970,-0.82757,2.507,-0.356,0.459,-3.021,0.268,0.347,-0.453
84.600000,4230,-0.18346,2.94576,0.33914,2.17671,0.24568,0.14878,-0.82171,-0.18740,2.95887,0.34980,2.18137,0.24446,0.13759,-0.82175,-0.16868,2.99521,0.32396,2.20029,0.24555,0.17067,-0.83151,2.528,-0.532,0.397,-3.047,0.265,0.357,-0.428
84.700000,4235,-0.18575,2.97247,0.36165,2.16984,0.26399,0.17015,-0.82438,-0.19179,2.98447,0.37216,2.17404,0.26023,0.15829,-0.82528,-0.17312,3.02084,0.34619,2.19299,0.26122,0.19136,-0.83483,2.545,-0.705,0.340,-3.068,0.262,0.365,-0.406
84.800000,4240,-0.19529,2.99574,0.38377,2.16145,0.27963,0.19075,-0.82781,-0.19598,3.00910,0.39448,2.16582,0.27628,0.17885,-0.82776,-0.17755,3.04526,0.36869,2.18468,0.27766,0.21170,-0.83768,2.559,-0.875,0.286,-3.083,0.258,0.373,-0.389
84.900000,4245,-0.19987,3.01901,0.40704,2.15191,0.29527,0.21211,-0.83048,-0.20031,3.03225,0.41741,2.15653,0.29384,0.19876,-0.83053,-0.18205,3.06849,0.39147,2.17535,0.29486,0.23169,-0.84024,2.570,-1.042,0.238,-3.096,0.254,0.379,-0.378
85.000000,4250,-0.20025,3.04190,0.42955,2.14085,0.31587,0.23195,-0.83163,-0.20461,3.05427,0.44064,2.14603,0.31177,0.21859,-0.83248,-0.18648,3.09038,0.41462,2.16475,0.31290,0.25131,-0.84220,2.604,-1.207,0.195,-3.112,0.251,0.385,-0.295
85.100000,4255,-0.20597,3.06135,0.45435,2.12864,0.33494,0.24835,-0.83124,-0.20852,3.07445,0.46425,2.13372,0.33054,0.23781,-0.83363,-0.19048,3.11057,0.43831,2.15239,0.33195,0.27056,-0.84290,2.596,-1.367,0.157,-3.125,0.248,0.389,-0.332
85.200000,4260,-0.21169,3.08081,0.47724,2.11644,0.35097,0.26742,-0.83544,-0.21376,3.09519,0.48770,2.12128,0.35031,0.25728,-0.83585,-0.19606,3.13106,0.46195,2.13988,0.35123,0.28961,-0.84585,2.578,-1.526,0.121,-3.129,0.243,0.393,-0.429
85.300000,4265,-0.21665,3.10293,0.50165,2.10385,0.37271,0.28726,-0.83887,-0.21975,3.11504,0.51246,2.10787,0.37149,0.27615,-0.84006,-0.20220,3.15092,0.48596,2.12619,0.37124,0.30845,-0.84924,2.596,-1.689,0.090,-3.139,0.240,0.396,-0.390
85.400000,4270,-0.22314,3.12048,0.52683,2.08821,0.39407,0.30481,-0.84269,-0.22559,3.13398,0.53709,2.09297,0.39326,0.29496,-0.84312,-0.20816,3.16950,0.51005,2.11087,0.39200,0.32668,-0.85190,2.667,-1.850,0.057,-3.146,0.235,0.393,-0.319
85.500000,4275,-0.22657,3.13803,0.54247,2.07562,0.41696,0.31435,-0.83277,-0.21910,3.14553,0.55193,2.08067,0.41547,0.30253,-0.83650,-0.20169,3.18066,0.52153,2.09724,0.40910,0.33234,-0.84109,3.206,-2.108,-0.336,-3.185,0.218,-0.206,0.113
85.600000,4280,-0.20711,3.13955,0.53484,2.06227,0.42841,0.28917,-0.79615,-0.19596,3.14678,0.55129,2.06772,0.43444,0.29373,-0.80665,-0.17831,3.18118,0.51745,2.08370,0.42185,0.32218,-0.80939,3.158,-2.302,-0.591,-3.270,0.215,-0.261,0.118
85.700000,4285,-0.18232,3.13955,0.52912,2.04777,0.44710,0.27772,-0.76143,-0.17148,3.14697,0.54660,2.05420,0.44815,0.28281,-0.77401,-0.15409,3.18118,0.51263,2.07011,0.43442,0.31125,-0.77662,3.092,-2.314,-0.629,-3.354,0.217,-0.268,0.109
85.800000,4290,-0.15676,3.13917,0.52301,2.03404,0.46121,0.26513,-0.73092,-0.14715,3.14730,0.54134,2.04071,0.46122,0.27222,-0.74051,-0.13008,3.18118,0.50785,2.05663,0.44688,0.30041,-0.74412,3.022,-2.325,-0.667,-3.433,0.218,-0.275,0.100
85.900000,4295,-0.13273,3.13955,0.51691,2.02183,0.47304,0.25483,-0.70154,-0.12478,3.14536,0.53434,2.03058,0.47204,0.26150,-0.70880,-0.10839,3.17856,0.50107,2.04631,0.45589,0.28874,-0.71503,2.937,-2.611,-0.784,-3.344,-0.035,-0.294,0.072
86.000000,4300,-0.11632,3.13307,0.49707,2.02450,0.45892,0.23805,-0.68705,-0.11277,3.13160,0.51631,2.03937,0.46662,0.24692,-0.69203,-0.09832,3.16198,0.48273,2.05398,0.44624,0.27147,-0.70434,2.827,-2.514,-0.779,-2.863,-0.426,-0.311,-0.109
86.100000,4305,-0.11098,3.11399,0.46884,2.04472,0.43794,0.22279,-0.68743,-0.10609,3.11197,0.49387,2.05505,0.45120,0.22834,-0.68752,-0.09308,3.14097,0.46055,2.06877,0.43013,0.25223,-0.70224,2.797,-2.345,-0.732,-2.864,-0.419,-0.316,-0.124
86.200000,4310,-0.10793,3.09225,0.44595,2.05807,0.42078,0.20257,-0.68438,-0.10079,3.09033,0.47194,2.06793,0.43633,0.20935,-0.68425,-0.08794,3.11907,0.43884,2.08142,0.41530,0.23315,-0.69930,2.778,-2.176,-0.680,-2.871,-0.410,-0.322,-0.103
86.300000,4315,-0.10183,3.07089,0.42535,2.06837,0.41200,0.18197,-0.68323,-0.09628,3.06795,0.45069,2.07922,0.42245,0.18977,-0.68093,-0.08308,3.09683,0.41762,2.09286,0.40148,0.21424,-0.69640,2.747,-2.007,-0.625,-2.875,-0.402,-0.328,-0.136
86.400000,4320,-0.09687,3.04876,0.40552,2.07943,0.39407,0.16481,-0.68056,-0.09257,3.04632,0.42956,2.09081,0.40878,0.17100,-0.67984,-0.07932,3.07514,0.39666,2.10438,0.38802,0.19525,-0.69538,2.692,-1.840,-0.569,-2.869,-0.395,-0.335,-0.250
86.500000,4325,-0.09649,3.02740,0.38530,2.09088,0.38606,0.14497,-0.68056,-0.08923,3.02368,0.40869,2.10115,0.39596,0.15162,-0.67886,-0.07570,3.05275,0.37597,2.11473,0.37545,0.17623,-0.69405,2.705,-1.678,-0.511,-2.876,-0.385,-0.342,-0.128
86.600000,4330,-0.09076,3.00375,0.36623,2.09965,0.37157,0.12628,-0.67789,-0.08551,2.99986,0.38822,2.10975,0.38449,0.13285,-0.67642,-0.07163,3.02896,0.35557,2.12327,0.36409,0.15725,-0.69115,2.696,-1.511,-0.449,-2.884,-0.375,-0.350,-0.093
86.700000,4335,-0.08580,2.98010,0.34639,2.10690,0.36356,0.10759,-0.67522,-0.08181,2.97511,0.36791,2.11722,0.37379,0.11353,-0.67312,-0.06752,3.00433,0.33537,2.13080,0.35360,0.13825,-0.68772,2.685,-1.341,-0.383,-2.892,-0.365,-0.359,-0.070
86.800000,4340,-0.08046,2.95454,0.32770,2.11338,0.35554,0.08660,-0.66912,-0.07786,2.94968,0.34752,2.12381,0.36393,0.09468,-0.66921,-0.06332,2.97886,0.31536,2.13736,0.34399,0.11925,-0.68370,2.676,-1.169,-0.314,-2.902,-0.353,-0.369,-0.044
86.900000,4345,-0.07779,2.92936,0.30786,2.11834,0.34372,0.06867,-0.66454,-0.07374,2.92311,0.32758,2.12940,0.35524,0.07560,-0.66527,-0.05896,2.95257,0.29553,2.14293,0.33527,0.10031,-0.67894,2.668,-0.995,-0.242,-2.918,-0.340,-0.378,-0.019
87.000000,4350,-0.07474,2.90304,0.29031,2.12292,0.33914,0.05036,-0.65615,-0.06945,2.89595,0.30773,2.13394,0.34719,0.05663,-0.65970,-0.05438,2.92548,0.27589,2.14752,0.32747,0.08153,-0.67336,2.662,-0.819,-0.167,-2.939,-0.324,-0.389,0.004
87.100000,4355,-0.07131,2.87519,0.27162,2.12750,0.33342,0.03129,-0.64966,-0.06485,2.86798,0.28793,2.13755,0.34006,0.03816,-0.65359,-0.04950,2.89765,0.25643,2.15113,0.32059,0.06298,-0.66684,2.656,-0.641,-0.090,-2.966,-0.304,-0.399,0.023
87.200000,4360,-0.06368,2.84811,0.25293,2.12788,0.33189,0.01451,-0.64165,-0.05991,2.83959,0.26828,2.14018,0.33385,0.01990,-0.64607,-0.04428,2.86917,0.23716,2.15375,0.31466,0.04478,-0.65932,2.650,-0.461,-0.010,-3.000,-0.280,-0.409,0.040
87.300000,4365,-0.06139,2.81950,0.23347,2.12941,0.32426,-0.00457,-0.63135,-0.05460,2.81014,0.24901,2.14177,0.32889,0.00201,-0.63864,-0.03866,2.84011,0.21806,2.15538,0.30969,0.02703,-0.65069,2.643,-0.279,0.072,-3.041,-0.249,-0.419,0.054
87.400000,4370,-0.05300,2.78974,0.21554,2.12941,0.31740,-0.02326,-0.62410,-0.04879,2.78065,0.22980,2.14221,0.32495,-0.01518,-0.62833,-0.03258,2.81056,0.19912,2.15601,0.30566,0.00985,-0.64092,2.635,-0.097,0.156,-3.084,-0.212,-0.429,0.066
87.500000,4375,-0.04613,2.75960,0.19761,2.12941,0.31625,-0.03776,-0.61418,-0.04256,2.75030,0.21101,2.14171,0.32196,-0.03233,-0.61798,-0.02599,2.78065,0.18032,2.15565,0.30257,-0.00665,-0.62996,2.626,0.087,0.241,-3.125,-0.168,-0.438,0.076
87.600000,4380,-0.04155,2.72985,0.18045,2.12941,0.31473,-0.05569,-0.60083,-0.03572,2.71963,0.19212,2.14011,0.32002,-0.04843,-0.60637,-0.01887,2.75046,0.16165,2.15431,0.30039,-0.02235,-0.61780,2.614,0.272,0.327,-3.161,-0.117,-0.447,0.085
87.700000,4385,-0.03278,2.69895,0.16137,2.12941,0.31473,-0.07056,-0.58634,-0.02829,2.68932,0.17327,2.13762,0.31864,-0.06328,-0.59295,-0.01116,2.72011,0.14310,2.15193,0.29910,-0.03710,-0.60438,2.601,0.457,0.415,-3.191,-0.064,-0.455,0.095
87.800000,4390,-0.02515,2.66996,0.14421,2.12941,0.31549,-0.08315,-0.57184,-0.02020,2.65848,0.15465,2.13411,0.31824,-0.07723,-0.57913,-0.00283,2.68970,0.12469,2.14847,0.29863,-0.05070,-0.58968,2.586,0.642,0.503,-3.207,-0.012,-0.461,0.103
87.900000,4395,-0.01676,2.63868,0.12704,2.12712,0.31625,-0.09727,-0.55887,-0.01160,2.62794,0.13630,2.12940,0.31885,-0.09001,-0.56376,0.00612,2.65939,0.10636,2.14399,0.29898,-0.06317,-0.57378,2.569,0.827,0.591,-3.208,0.037,-0.467,0.112
88.000000,4400,-0.00798,2.60930,0.10911,2.12139,0.31854,-0.10833,-0.53980,-0.00212,2.59790,0.11746,2.12401,0.31960,-0.10129,-0.54703,0.01567,2.62931,0.08805,2.13856,0.30009,-0.07453,-0.55680,2.551,1.010,0.680,-3.200,0.082,-0.472,0.121
88.100000,4405,0.00308,2.58107,0.09042,2.11605,0.32007,-0.11825,-0.52110,0.00766,2.56758,0.09915,2.11741,0.32191,-0.11219,-0.53034,0.02580,2.59956,0.06973,2.13219,0.30189,-0.08474,-0.53883,2.531,1.192,0.768,-3.184,0.119,-0.473,0.129
88.200000,4410,0.01224,2.55055,0.07287,2.10766,0.32579,-0.12855,-0.50546,0.01829,2.53826,0.08052,2.10992,0.32448,-0.12124,-0.51124,0.03652,2.57026,0.05140,2.12489,0.30432,-0.09377,-0.51991,2.511,1.372,0.855,-3.162,0.148,-0.472,0.138
88.300000,4415,0.02444,2.52233,0.05723,2.09927,0.33418,-0.13389,-0.48563,0.02961,2.50927,0.06180,2.10164,0.32748,-0.12936,-0.49186,0.04779,2.54149,0.03304,2.11667,0.30729,-0.10156,-0.50012,2.489,1.550,0.942,-3.134,0.170,-0.465,0.147
88.400000,4420,0.03627,2.49295,0.03739,2.09088,0.33800,-0.14114,-0.46388,0.04118,2.48108,0.04331,2.09225,0.33134,-0.13616,-0.47151,0.05960,2.51335,0.01465,2.10751,0.31073,-0.10812,-0.47954,2.468,1.725,1.027,-3.102,0.187,-0.451,0.156
88.500000,4425,0.04771,2.46587,0.01908,2.08058,0.34105,-0.14877,-0.44290,0.05348,2.45349,0.02473,2.08207,0.33553,-0.14178,-0.45042,0.07189,2.48593,-0.00377,2.09745,0.31453,-0.11346,-0.45827,2.446,1.898,1.112,-3.067,0.198,-0.427,0.165
88.600000,4430,0.06106,2.43955,0.00154,2.06837,0.34257,-0.15144,-0.42268,0.06620,2.42664,0.00608,2.07101,0.33986,-0.14613,-0.42918,0.08463,2.45930,-0.02222,2.08650,0.31862,-0.11761,-0.43636,2.424,2.067,1.195,-3.030,0.205,-0.393,0.175
88.700000,4435,0.07442,2.41322,-0.01563,2.05616,0.34601,-0.15296,-0.40018,0.07929,2.40092,-0.01255,2.05898,0.34456,-0.14940,-0.40641,0.09776,2.43354,-0.04068,2.07466,0.32291,-0.12058,-0.41391,2.402,2.232,1.276,-2.991,0.208,-0.347,0.184
88.800000,4440,0.08777,2.38881,-0.03432,2.04319,0.35097,-0.15296,-0.37653,0.09274,2.37588,-0.03090,2.04608,0.34945,-0.15180,-0.38392,0.11123,2.40871,-0.05916,2.06195,0.32731,-0.12245,-0.39099,2.381,2.394,1.356,-2.950,0.208,-0.293,0.193
88.900000,4445,0.10112,2.36554,-0.05187,2.02946,0.36012,-0.15334,-0.35173,0.10653,2.35191,-0.04947,2.03234,0.35438,-0.15297,-0.36071,0.12496,2.38485,-0.07762,2.04839,0.33174,-0.12328,-0.36767,2.360,2.551,1.434,-2.908,0.205,-0.236,0.202
89.000000,4450,0.11409,2.34189,-0.06980,2.01458,0.36508,-0.15258,-0.32999,0.12060,2.32888,-0.06778,2.01774,0.35944,-0.15306,-0.33721,0.13886,2.36204,-0.09601,2.03397,0.33611,-0.12312,-0.34400,2.339,2.704,1.510,-2.867,0.200,-0.182,0.210
89.100000,4455,0.12973,2.32091,-0.08735,1.99970,0.36851,-0.15144,-0.30862,0.13459,2.30705,-0.08595,2.00219,0.36435,-0.15241,-0.31335,0.15277,2.34036,-0.11422,2.01857,0.34035,-0.12200,-0.31997,2.320,2.853,1.583,-2.825,0.192,-0.131,0.219
89.200000,4460,0.14232,2.30183,-0.10413,1.98292,0.37157,-0.14991,-0.28039,0.14848,2.28636,-0.10382,1.98567,0.36909,-0.15092,-0.28911,0.16659,2.31982,-0.13224,2.00227,0.34439,-0.12009,-0.29564,2.302,2.998,1.655,-2.783,0.181,-0.095,0.227
89.300000,4465,0.15681,2.28009,-0.12130,1.96499,0.37424,-0.14838,-0.25712,0.16228,2.26696,-0.12156,1.96832,0.37343,-0.14870,-0.26412,0.18024,2.30038,-0.15007,1.98515,0.34818,-0.11752,-0.27110,2.284,3.139,1.723,-2.742,0.168,-0.068,0.235
89.400000,4470,0.17017,2.26445,-0.13847,1.94744,0.37614,-0.14381,-0.23080,0.17589,2.24857,-0.13915,1.95030,0.37737,-0.14577,-0.23978,0.19361,2.28206,-0.16764,1.96720,0.35164,-0.11440,-0.24637,2.268,3.275,1.789,-2.701,0.152,-0.049,0.242
89.500000,4475,0.18466,2.24499,-0.15449,1.92875,0.38263,-0.13923,-0.20829,0.18901,2.23133,-0.15636,1.93131,0.38116,-0.14266,-0.21423,0.20659,2.26483,-0.18491,1.94845,0.35476,-0.11082,-0.22147,2.253,3.408,1.853,-2.661,0.133,-0.035,0.250
89.600000,4480,0.19725,2.22973,-0.17051,1.90853,0.38950,-0.13274,-0.18121,0.20174,2.21503,-0.17322,1.91172,0.38435,-0.13902,-0.18975,0.21908,2.24864,-0.20182,1.92892,0.35747,-0.10688,-0.19642,2.238,3.538,1.914,-2.621,0.111,-0.025,0.257
89.700000,4485,0.20946,2.21638,-0.18501,1.88755,0.39064,-0.13007,-0.15603,0.21385,2.19981,-0.18959,1.89122,0.38736,-0.13495,-0.16423,0.23098,2.23345,-0.21829,1.90862,0.35975,-0.10267,-0.17123,2.224,3.664,1.972,-2.583,0.086,-0.018,0.263
89.800000,4490,0.22243,2.19960,-0.20217,1.86733,0.39102,-0.12664,-0.13162,0.22538,2.18573,-0.20564,1.87004,0.38967,-0.13076,-0.13822,0.24220,2.21919,-0.23427,1.88757,0.36159,-0.09826,-0.14590,2.211,3.789,2.028,-2.546,0.059,-0.014,0.269
89.900000,4495,0.23273,2.18853,-0.21705,1.84559,0.39331,-0.12397,-0.10682,0.23612,2.17221,-0.22095,1.84803,0.39165,-0.12666,-0.11267,0.25265,2.20580,-0.24967,1.86575,0.36295,-0.09370,-0.12044,2.198,3.911,2.081,-2.510,0.029,-0.012,0.275
90.000000,4500,0.24188,2.17518,-0.23002,1.82232,0.39331,-0.12054,-0.08165,0.24621,2.15952,-0.23574,1.82536,0.39306,-0.12218,-0.08666,0.26232,2.19319,-0.26448,1.84324,0.36384,-0.08907,-0.09487,2.188,4.031,2.131,-2.475,-0.001,-0.013,0.280
90.100000,4505,0.25295,2.16298,-0.24452,1.80096,0.39331,-0.11329,-0.05342,0.25685,2.14798,-0.25141,1.80344,0.39358,-0.11779,-0.06127,0.27273,2.18143,-0.28005,1.82135,0.36424,-0.08466,-0.06954,2.183,4.147,2.172,-2.436,-0.033,-0.025,0.284
90.200000,4510,0.26286,2.15268,-0.26130,1.77959,0.39331,-0.10909,-0.02976,0.26702,2.13681,-0.26655,1.78099,0.39408,-0.11373,-0.03588,0.28259,2.17036,-0.29521,1.79907,0.36416,-0.08029,-0.04420,2.148,4.259,2.221,-2.407,-0.063,-0.015,0.289
90.300000,4515,0.27088,2.14123,-0.27236,1.75289,0.39331,-0.10452,-0.00268,0.27349,2.12617,-0.27845,1.75577,0.39397,-0.10946,-0.00901,0.28866,2.15960,-0.30694,1.77405,0.36359,-0.07555,-0.01843,2.064,4.377,2.278,-2.381,-0.094,-0.006,0.293
90.400000,4520,0.27355,2.13322,-0.27885,1.72657,0.39255,-0.10223,0.02402,0.27694,2.11565,-0.28746,1.72880,0.39321,-0.10474,0.01735,0.29167,2.14910,-0.31576,1.74727,0.36254,-0.07058,0.00729,2.044,4.497,2.319,-2.352,-0.125,-0.007,0.296
90.500000,4525,0.27774,2.12178,-0.28877,1.70063,0.39026,-0.09727,0.04920,0.28140,2.10560,-0.29750,1.70230,0.39181,-0.09998,0.04359,0.29582,2.13888,-0.32568,1.72081,0.36099,-0.06580,0.03327,2.081,4.615,2.347,-2.320,-0.155,-0.012,0.300
90.600000,4530,0.28537,2.10881,-0.29830,1.67354,0.38950,-0.09460,0.07629,0.28546,2.09567,-0.30727,1.67521,0.38991,-0.09537,0.07043,0.29962,2.12880,-0.33524,1.69385,0.35892,-0.06104,0.05948,2.045,4.733,2.385,-2.292,-0.183,-0.010,0.303
90.700000,4535,0.28613,2.10270,-0.30593,1.64531,0.38606,-0.08735,0.10146,0.28866,2.08552,-0.31591,1.64720,0.38754,-0.09074,0.09681,0.30243,2.11872,-0.34375,1.66596,0.35631,-0.05618,0.08594,2.000,4.852,2.424,-2.263,-0.211,-0.006,0.307
90.800000,4540,0.28842,2.09317,-0.31051,1.61632,0.38416,-0.08163,0.12779,0.29078,2.07534,-0.32361,1.61802,0.38443,-0.08595,0.12454,0.30413,2.10848,-0.35100,1.63698,0.35313,-0.05113,0.11270,1.911,4.973,2.478,-2.235,-0.237,0.001,0.309
90.900000,4545,0.28842,2.08477,-0.31433,1.58542,0.37386,-0.07743,0.15525,0.29016,2.06490,-0.32828,1.58696,0.38046,-0.08090,0.15263,0.30319,2.09808,-0.35517,1.60635,0.34938,-0.04558,0.13950,1.749,5.101,2.616,-2.209,-0.260,0.017,0.312
91.000000,4550,0.28804,2.07066,-0.31509,1.55338,0.36737,-0.07209,0.18653,0.28962,2.05457,-0.33272,1.55531,0.37551,-0.07513,0.18142,0.30225,2.08764,-0.35872,1.57506,0.34513,-0.03958,0.16669,1.955,5.229,2.556,-2.175,-0.233,0.032,0.313
91.100000,4555,0.28842,2.06112,-0.31585,1.52629,0.37309,-0.05912,0.20675,0.28975,2.04769,-0.33122,1.52957,0.37590,-0.06303,0.20329,0.30256,2.08158,-0.35424,1.55094,0.34981,-0.02562,0.18523,1.729,5.605,3.131,-2.133,0.274,0.102,0.265
91.200000,4560,0.28766,2.06150,-0.29716,1.51142,0.39713,-0.03089,0.21018,0.28526,2.04922,-0.31130,1.51296,0.38941,-0.03671,0.21088,0.29807,2.08388,-0.33027,1.53545,0.36863,0.00172,0.18997,1.650,5.807,3.142,-2.131,0.284,0.112,0.168
91.300000,4565,0.28690,2.06188,-0.26931,1.49768,0.41658,0.00001,0.21324,0.28073,2.05227,-0.28621,1.49798,0.40864,-0.00793,0.21540,0.29309,2.08686,-0.30448,1.52043,0.38870,0.03036,0.19369,1.654,5.816,3.132,-2.138,0.282,0.111,0.176
91.400000,4570,0.28232,2.06227,-0.24566,1.48242,0.43680,0.02671,0.21743,0.27624,2.05559,-0.26026,1.48323,0.42876,0.02095,0.21952,0.28811,2.08984,-0.27871,1.50542,0.40875,0.05898,0.19741,1.658,5.822,3.120,-2.142,0.280,0.110,0.182
91.500000,4575,0.28156,2.06455,-0.21972,1.46755,0.45358,0.05418,0.22430,0.27188,2.05909,-0.23443,1.46942,0.44920,0.04903,0.22371,0.28322,2.09292,-0.25347,1.49134,0.42824,0.08671,0.20053,1.669,5.857,3.102,-2.125,0.273,0.101,-0.000
91.600000,4580,0.27393,2.06837,-0.20027,1.46755,0.46922,0.06982,0.21209,0.27080,2.06681,-0.21520,1.47685,0.46276,0.06289,0.21595,0.28043,2.09909,-0.23569,1.49801,0.43832,0.09887,0.18888,1.927,5.886,3.048,-1.489,0.085,-0.274,-0.353
91.700000,4585,0.27431,2.08096,-0.19950,1.50455,0.46808,0.05342,0.17852,0.27626,2.07566,-0.20788,1.50746,0.46618,0.05911,0.19196,0.28448,2.10675,-0.23074,1.52802,0.43820,0.09410,0.16224,2.165,5.746,2.861,-1.507,-0.120,-0.502,-0.364
91.800000,4590,0.27850,2.08172,-0.19950,1.53964,0.46503,0.04579,0.15487,0.28173,2.08367,-0.20445,1.53889,0.46473,0.05429,0.16515,0.28985,2.11418,-0.22740,1.55885,0.43698,0.08872,0.13561,2.072,5.622,2.958,-1.541,-0.150,-0.491,-0.368
91.900000,4595,0.28308,2.09584,-0.19531,1.56787,0.46388,0.04121,0.12550,0.28406,2.09102,-0.19800,1.56830,0.46320,0.04897,0.13799,0.29238,2.12206,-0.22135,1.58816,0.43525,0.08364,0.10922,2.037,5.495,2.954,-1.577,-0.175,-0.483,-0.371
92.000000,4600,0.28575,2.10614,-0.18882,1.59648,0.46045,0.03434,0.10261,0.28707,2.09861,-0.19237,1.59716,0.46103,0.04428,0.11234,0.29571,2.12972,-0.21618,1.61693,0.43310,0.07888,0.08375,2.013,5.369,2.936,-1.611,-0.197,-0.476,-0.374
92.100000,4605,0.28537,2.11186,-0.18272,1.62471,0.45015,0.03053,0.07667,0.28773,2.10673,-0.18512,1.62478,0.45812,0.03998,0.08684,0.29642,2.13776,-0.20875,1.64431,0.43050,0.07423,0.05849,1.810,5.254,2.955,-1.648,-0.218,-0.473,-0.380
92.200000,4610,0.28537,2.11529,-0.17165,1.64989,0.44634,0.02748,0.05225,0.28603,2.11507,-0.17574,1.65104,0.45482,0.03530,0.06176,0.29496,2.14621,-0.19951,1.67048,0.42745,0.06970,0.03346,1.731,5.138,2.936,-1.687,-0.237,-0.468,-0.384
92.300000,4615,0.28499,2.12445,-0.16212,1.67583,0.44519,0.02366,0.02746,0.28287,2.12352,-0.16497,1.67634,0.45140,0.03061,0.03648,0.29228,2.15503,-0.18933,1.69576,0.42398,0.06532,0.00878,1.671,5.025,2.911,-1.726,-0.253,-0.462,-0.390
92.400000,4620,0.28461,2.13131,-0.14800,1.69948,0.44214,0.02175,-0.00115,0.27875,2.13283,-0.15392,1.70095,0.44708,0.02664,0.01204,0.28842,2.16432,-0.17827,1.72021,0.42010,0.06110,-0.01560,1.628,4.913,2.882,-1.767,-0.267,-0.456,-0.395
92.500000,4625,0.28194,2.14314,-0.13580,1.72313,0.43871,0.01641,-0.02137,0.27354,2.14245,-0.14182,1.72468,0.44266,0.02255,-0.01247,0.28346,2.17415,-0.16641,1.74386,0.41582,0.05705,-0.03968,1.600,4.801,2.849,-1.809,-0.279,-0.449,-0.402
92.600000,4630,0.27240,2.15496,-0.12283,1.74526,0.43604,0.01336,-0.04693,0.26738,2.15256,-0.12907,1.74773,0.43768,0.01876,-0.03695,0.27745,2.18460,-0.15380,1.76674,0.41115,0.05319,-0.06349,1.582,4.688,2.812,-1.852,-0.289,-0.440,-0.408
92.700000,4635,0.26553,2.16259,-0.11024,1.76777,0.42421,0.00764,-0.06829,0.26015,2.16389,-0.11575,1.77000,0.43216,0.01547,-0.06061,0.27047,2.19573,-0.14051,1.78886,0.40611,0.04955,-0.08704,1.571,4.575,2.772,-1.896,-0.298,-0.430,-0.415
92.800000,4640,0.25905,2.17404,-0.09650,1.78837,0.41849,0.00611,-0.09194,0.25193,2.17561,-0.10175,1.79149,0.42622,0.01200,-0.08426,0.26258,2.20762,-0.12659,1.81022,0.40070,0.04617,-0.11031,1.565,4.461,2.729,-1.942,-0.305,-0.417,-0.422
92.900000,4645,0.24875,2.18510,-0.08201,1.81011,0.41544,0.00382,-0.11750,0.24279,2.18805,-0.08694,1.81210,0.42019,0.00875,-0.10764,0.25386,2.22031,-0.11210,1.83080,0.39494,0.04309,-0.13330,1.564,4.345,2.682,-1.990,-0.312,-0.400,-0.429
93.000000,4650,0.23998,2.19807,-0.06484,1.82880,0.41162,0.00115,-0.13887,0.23314,2.20152,-0.07190,1.83200,0.41372,0.00623,-0.13049,0.24442,2.23384,-0.09713,1.85061,0.38887,0.04038,-0.15602,1.567,4.228,2.633,-2.038,-0.316,-0.380,-0.437
93.100000,4655,0.23006,2.21219,-0.05111,1.84864,0.39980,0.00039,-0.16252,0.22292,2.21583,-0.05647,1.85120,0.40679,0.00421,-0.15352,0.23431,2.24826,-0.08170,1.86960,0.38251,0.03809,-0.17842,1.571,4.107,2.582,-2.088,-0.320,-0.353,-0.445
93.200000,4660,0.21747,2.22783,-0.03585,1.86542,0.39255,0.00039,-0.18502,0.21080,2.23128,-0.03977,1.86820,0.39966,0.00227,-0.17567,0.22255,2.26388,-0.06511,1.88654,0.37599,0.03640,-0.19989,1.575,3.988,2.530,-2.143,-0.319,-0.312,-0.451
93.300000,4665,0.20526,2.24499,-0.01678,1.87839,0.38873,0.00001,-0.20448,0.19777,2.24761,-0.02218,1.88366,0.39266,0.00114,-0.19700,0.20985,2.28060,-0.04783,1.90202,0.36931,0.03535,-0.22071,1.598,3.863,2.471,-2.192,-0.323,-0.277,-0.461
93.400000,4670,0.19191,2.25949,-0.00190,1.89632,0.38148,0.00039,-0.22889,0.18621,2.26484,-0.00582,1.90031,0.38494,0.00078,-0.21862,0.19861,2.29785,-0.03152,1.91861,0.36231,0.03483,-0.24209,1.613,3.733,2.410,-2.242,-0.325,-0.237,-0.470
93.500000,4675,0.18161,2.27742,0.01412,1.91235,0.36851,0.00077,-0.24797,0.17464,2.28276,0.01065,1.91636,0.37728,0.00096,-0.24009,0.18737,2.31593,-0.01515,1.93461,0.35517,0.03499,-0.26321,1.624,3.600,2.348,-2.293,-0.326,-0.187,-0.479
93.600000,4680,0.16902,2.29611,0.03167,1.92684,0.36317,0.00154,-0.26971,0.16309,2.30163,0.02712,1.93157,0.36914,0.00200,-0.26102,0.17596,2.33487,0.00141,1.94977,0.34796,0.03592,-0.28393,1.636,3.464,2.283,-2.345,-0.325,-0.136,-0.487
93.700000,4685,0.15720,2.31404,0.04731,1.94134,0.35860,0.00459,-0.29222,0.15122,2.32138,0.04391,1.94588,0.36113,0.00365,-0.28161,0.16448,2.35467,0.01812,1.96407,0.34074,0.03767,-0.30422,1.650,3.325,2.217,-2.397,-0.324,-0.085,-0.496
93.800000,4690,0.14613,2.33388,0.06333,1.95469,0.34715,0.00764,-0.31129,0.13945,2.34184,0.06080,1.95936,0.35332,0.00636,-0.30192,0.15298,2.37527,0.03498,1.97751,0.33356,0.04030,-0.32404,1.665,3.182,2.149,-2.448,-0.322,-0.037,-0.504
93.900000,4695,0.13240,2.35448,0.08126,1.96690,0.33952,0.00955,-0.32960,0.12777,2.36307,0.07785,1.97186,0.34546,0.00974,-0.32157,0.14155,2.39667,0.05195,1.99007,0.32648,0.04386,-0.34338,1.682,3.036,2.079,-2.499,-0.320,0.007,-0.513
94.000000,4700,0.12134,2.37775,0.09767,1.97834,0.33418,0.01908,-0.34944,0.11627,2.38502,0.09489,1.98360,0.33759,0.01438,-0.34090,0.13022,2.41881,0.06903,2.00175,0.31957,0.04839,-0.36218,1.699,2.888,2.007,-2.550,-0.316,0.044,-0.520
94.100000,4705,0.11218,2.39682,0.11331,1.98902,0.32732,0.02633,-0.36851,0.10483,2.40783,0.11200,1.99445,0.32993,0.02011,-0.35972,0.11908,2.44165,0.08620,2.01254,0.31289,0.05392,-0.38040,1.717,2.736,1.934,-2.601,-0.312,0.074,-0.528
94.200000,4710,0.09883,2.42085,0.13047,1.99932,0.31625,0.03205,-0.38683,0.09363,2.43116,0.12927,2.00425,0.32272,0.02639,-0.37752,0.10814,2.46514,0.10346,2.02244,0.30651,0.06047,-0.39799,1.736,2.581,1.860,-2.651,-0.307,0.099,-0.535
94.300000,4715,0.08739,2.44489,0.14764,2.00619,0.31091,0.03930,-0.40247,0.08281,2.45499,0.14674,2.01317,0.31590,0.03383,-0.39497,0.09747,2.48920,0.12079,2.03143,0.30048,0.06805,-0.41491,1.757,2.423,1.785,-2.702,-0.300,0.119,-0.542
94.400000,4720,0.08166,2.46739,0.16481,2.01458,0.30786,0.05113,-0.41963,0.07211,2.47962,0.16392,2.02124,0.30907,0.04259,-0.41128,0.08709,2.51378,0.13819,2.03950,0.29488,0.07665,-0.43111,1.777,2.263,1.709,-2.753,-0.291,0.137,-0.549
94.500000,4725,0.06564,2.49257,0.18121,2.02145,0.30252,0.05952,-0.43413,0.06197,2.50445,0.18139,2.02836,0.30293,0.05212,-0.42731,0.07703,2.53880,0.15567,2.04665,0.28976,0.08625,-0.44654,1.799,2.101,1.632,-2.807,-0.279,0.152,-0.555
94.600000,4730,0.05649,2.51698,0.19876,2.02641,0.29413,0.06982,-0.45015,0.05209,2.52982,0.19881,2.03455,0.29733,0.06279,-0.44229,0.06732,2.56419,0.17321,2.05287,0.28518,0.09685,-0.46115,1.821,1.936,1.554,-2.863,-0.263,0.166,-0.560
94.700000,4735,0.04886,2.54407,0.21478,2.03213,0.28802,0.08317,-0.46503,0.04250,2.55528,0.21631,2.03977,0.29229,0.07414,-0.45659,0.05795,2.58989,0.19083,2.05815,0.28120,0.10840,-0.47491,1.843,1.770,1.477,-2.922,-0.244,0.180,-0.564
94.800000,4740,0.04008,2.56772,0.23271,2.03404,0.28764,0.09538,-0.47647,0.03336,2.58118,0.23399,2.04399,0.28787,0.08646,-0.46939,0.04895,2.61579,0.20853,2.06249,0.27785,0.12083,-0.48779,1.866,1.602,1.399,-2.985,-0.220,0.193,-0.568
94.900000,4745,0.02978,2.59481,0.24988,2.03785,0.28421,0.10797,-0.48868,0.02460,2.60708,0.25169,2.04738,0.28429,0.09977,-0.48198,0.04030,2.64184,0.22630,2.06589,0.27519,0.13410,-0.49977,1.889,1.433,1.322,-3.056,-0.189,0.205,-0.570
95.000000,4750,0.01910,2.61922,0.26742,2.04014,0.28421,0.12132,-0.50089,0.01639,2.63310,0.26932,2.04977,0.28122,0.11381,-0.49326,0.03201,2.66795,0.24417,2.06833,0.27325,0.14816,-0.51083,1.913,1.263,1.245,-3.133,-0.153,0.218,-0.572
95.100000,4755,0.01491,2.64516,0.28459,2.04281,0.28383,0.13734,-0.51119,0.00819,2.65919,0.28725,2.05114,0.27931,0.12847,-0.50334,0.02406,2.69404,0.26213,2.06982,0.27206,0.16291,-0.52097,1.936,1.092,1.168,-3.213,-0.113,0.230,-0.572
95.200000,4760,0.00422,2.67186,0.30252,2.04281,0.28383,0.15451,-0.52072,0.00060,2.68505,0.30534,2.05174,0.27781,0.14384,-0.51338,0.01643,2.72005,0.28019,2.07036,0.27164,0.17829,-0.53021,1.959,0.921,1.093,-3.294,-0.070,0.242,-0.570
95.300000,4765,-0.00074,2.69666,0.31969,2.04243,0.28383,0.16710,-0.52835,-0.00692,2.71087,0.32331,2.05125,0.27724,0.15975,-0.52191,0.00910,2.74589,0.29836,2.06995,0.27202,0.19422,-0.53857,1.983,0.750,1.018,-3.375,-0.024,0.254,-0.565
95.400000,4770,-0.00989,2.72336,0.33762,2.04243,0.28421,0.18541,-0.53369,-0.01388,2.73648,0.34140,2.04982,0.27755,0.17614,-0.52938,0.00203,2.77150,0.31663,2.06857,0.27320,0.21063,-0.54606,2.006,0.578,0.945,-3.450,0.018,0.266,-0.559
95.500000,4775,-0.01561,2.74740,0.35554,2.04243,0.28459,0.20143,-0.53980,-0.02078,2.76174,0.35983,2.04751,0.27875,0.19294,-0.53650,-0.00479,2.79682,0.33501,2.06626,0.27519,0.22743,-0.55274,2.028,0.407,0.873,-3.514,0.055,0.277,-0.550
95.600000,4780,-0.02324,2.77219,0.37386,2.04128,0.28573,0.21898,-0.54743,-0.02723,2.78681,0.37807,2.04427,0.28069,0.21015,-0.54224,-0.01141,2.82181,0.35350,2.06300,0.27798,0.24454,-0.55866,2.051,0.236,0.803,-3.570,0.087,0.288,-0.537
95.700000,4785,-0.03087,2.79699,0.39140,2.03900,0.28840,0.23691,-0.55162,-0.03372,2.81140,0.39659,2.04009,0.28344,0.22755,-0.54790,-0.01786,2.84640,0.37209,2.05878,0.28159,0.26191,-0.56387,2.072,0.066,0.734,-3.615,0.114,0.299,-0.523
95.800000,4790,-0.03507,2.82102,0.40971,2.03442,0.29031,0.25369,-0.55506,-0.04002,2.83547,0.41541,2.03485,0.28751,0.24491,-0.55258,-0.02418,2.87056,0.39077,2.05363,0.28598,0.27946,-0.56844,2.093,-0.104,0.668,-3.650,0.132,0.309,-0.507
95.900000,4795,-0.04270,2.84544,0.42841,2.02755,0.29298,0.27124,-0.55849,-0.04618,2.85918,0.43420,2.02868,0.29231,0.26256,-0.55649,-0.03041,2.89429,0.40955,2.04754,0.29114,0.29715,-0.57245,2.113,-0.272,0.603,-3.678,0.147,0.319,-0.491
96.000000,4800,-0.04880,2.86756,0.44748,2.02069,0.30023,0.29031,-0.56230,-0.05231,2.88250,0.45295,2.02164,0.29755,0.28039,-0.56018,-0.03659,2.91756,0.42842,2.04050,0.29708,0.31493,-0.57596,2.133,-0.440,0.541,-3.700,0.157,0.328,-0.474
96.100000,4805,-0.05376,2.89121,0.46617,2.01267,0.31129,0.30633,-0.56307,-0.05840,2.90541,0.47188,2.01354,0.30373,0.29813,-0.56278,-0.04278,2.94042,0.44741,2.03248,0.30376,0.33279,-0.57904,2.152,-0.608,0.481,-3.719,0.164,0.336,-0.453
96.200000,4810,-0.06253,2.91258,0.48448,2.00314,0.31549,0.32312,-0.56574,-0.06434,2.92749,0.49098,2.00377,0.31122,0.31609,-0.56533,-0.04890,2.96261,0.46655,2.02272,0.31146,0.35067,-0.58104,2.174,-0.774,0.425,-3.741,0.172,0.344,-0.372
96.300000,4815,-0.06673,2.93279,0.50432,1.99017,0.32197,0.34372,-0.56574,-0.07053,2.94937,0.51020,1.99253,0.31916,0.33401,-0.56671,-0.05514,2.98441,0.48590,2.01150,0.32003,0.36863,-0.58244,2.187,-0.939,0.371,-3.746,0.170,0.352,-0.426
96.400000,4820,-0.07016,2.95683,0.52339,1.97872,0.33494,0.36241,-0.57070,-0.07711,2.97168,0.52971,1.98155,0.32752,0.35215,-0.56924,-0.06186,3.00681,0.50559,2.00057,0.32891,0.38702,-0.58519,2.202,-1.108,0.316,-3.750,0.169,0.360,-0.465
96.500000,4825,-0.08199,2.97743,0.54247,1.96690,0.34181,0.37958,-0.57489,-0.08375,2.99451,0.54945,1.96964,0.33660,0.37153,-0.57216,-0.06888,3.02940,0.52580,1.98853,0.33865,0.40583,-0.58804,2.219,-1.282,0.264,-3.757,0.169,0.368,-0.448
96.600000,4830,-0.08390,3.00070,0.56345,1.95278,0.34868,0.39903,-0.57680,-0.09101,3.01705,0.56985,1.95546,0.34711,0.39056,-0.57402,-0.07616,3.05179,0.54653,1.97426,0.34959,0.42498,-0.59012,2.238,-1.461,0.215,-3.764,0.168,0.374,-0.433
96.700000,4835,-0.09458,3.02091,0.58557,1.93829,0.36394,0.41772,-0.57871,-0.09855,3.02999,0.59037,1.94188,0.35676,0.41036,-0.57612,-0.08406,3.06406,0.56815,1.96043,0.36069,0.44412,-0.59379,2.257,-2.171,0.194,-3.771,0.159,0.375,-0.535
96.800000,4840,-0.10373,3.01405,0.60808,1.92646,0.37004,0.43604,-0.58138,-0.10685,3.01116,0.61138,1.92931,0.36505,0.42941,-0.57779,-0.09286,3.04346,0.59114,1.94718,0.37110,0.46166,-0.59855,2.278,-2.257,0.270,-3.792,0.152,0.363,-0.534
96.900000,4845,-0.11251,2.98506,0.63059,1.91196,0.37500,0.45435,-0.58443,-0.11582,2.98468,0.63364,1.91595,0.37311,0.44800,-0.58191,-0.10245,3.01601,0.61538,1.93317,0.38155,0.47926,-0.60371,2.301,-2.177,0.374,-3.812,0.148,0.350,-0.547
97.000000,4850,-0.12090,2.95721,0.65538,1.89785,0.38759,0.47113,-0.58977,-0.12603,2.95780,0.65824,1.90149,0.38277,0.46577,-0.58745,-0.11276,2.98919,0.64064,1.91861,0.39198,0.49722,-0.60952,2.328,-2.097,0.475,-3.828,0.144,0.337,-0.555
97.100000,4855,-0.13349,2.93165,0.68094,1.88335,0.39484,0.48830,-0.59664,-0.13672,2.93250,0.68378,1.88694,0.39248,0.48443,-0.59358,-0.12362,2.96346,0.66651,1.90371,0.40223,0.51527,-0.61584,2.356,-2.019,0.573,-3.840,0.138,0.324,-0.559
97.200000,4860,-0.14341,2.90685,0.70841,1.86848,0.40170,0.50585,-0.60350,-0.14773,2.90868,0.70948,1.87252,0.40181,0.50289,-0.60077,-0.13481,2.93924,0.69255,1.88870,0.41211,0.53307,-0.62253,2.385,-1.944,0.665,-3.847,0.132,0.310,-0.558
97.300000,4865,-0.15485,2.88587,0.73359,1.85436,0.41582,0.52416,-0.60961,-0.15887,2.88626,0.73531,1.85832,0.41156,0.52001,-0.60763,-0.14599,2.91666,0.71801,1.87409,0.42133,0.55008,-0.62935,2.419,-1.873,0.746,-3.843,0.114,0.292,-0.545
97.400000,4870,-0.16401,2.86336,0.74961,1.84673,0.41734,0.53102,-0.61380,-0.16426,2.86084,0.74942,1.85601,0.41779,0.52860,-0.61207,-0.15187,2.88970,0.72988,1.87035,0.42373,0.55580,-0.63345,2.692,-1.751,0.429,-3.225,-0.383,-0.276,-0.382
97.500000,4875,-0.16363,2.83208,0.73855,1.86008,0.40399,0.51157,-0.61380,-0.16169,2.83011,0.74468,1.87008,0.41542,0.52158,-0.61256,-0.15008,2.85667,0.72281,1.88306,0.41675,0.54636,-0.63471,2.874,-1.546,0.269,-3.162,-0.462,-0.369,-0.328
97.600000,4880,-0.16324,2.79966,0.72558,1.87611,0.39369,0.49783,-0.61380,-0.15905,2.79784,0.73608,1.88351,0.40829,0.51105,-0.61346,-0.14763,2.82383,0.71431,1.89584,0.40961,0.53587,-0.63524,2.853,-1.342,0.352,-3.153,-0.443,-0.375,-0.269
97.700000,4885,-0.16324,2.76990,0.71909,1.88793,0.39178,0.48944,-0.61380,-0.15703,2.76552,0.72774,1.89451,0.40142,0.50084,-0.61343,-0.14530,2.79157,0.70635,1.90676,0.40336,0.52586,-0.63512,2.839,-1.143,0.433,-3.141,-0.425,-0.381,-0.238
97.800000,4890,-0.16019,2.73671,0.71261,1.89671,0.38797,0.47647,-0.61342,-0.15504,2.73375,0.71992,1.90442,0.39528,0.49124,-0.61335,-0.14298,2.75994,0.69876,1.91656,0.39776,0.51623,-0.63468,2.833,-0.950,0.510,-3.124,-0.410,-0.387,-0.233
97.900000,4895,-0.15981,2.70696,0.70459,1.90701,0.38225,0.46922,-0.61380,-0.15274,2.70287,0.71201,1.91467,0.38945,0.48206,-0.61379,-0.14043,2.72926,0.69113,1.92670,0.39235,0.50695,-0.63470,2.832,-0.764,0.580,-3.097,-0.404,-0.393,-0.264
98.000000,4900,-0.15790,2.67606,0.69773,1.91807,0.37347,0.46159,-0.61380,-0.15048,2.67218,0.70448,1.92417,0.38415,0.47281,-0.61397,-0.13787,2.69873,0.68370,1.93608,0.38739,0.49790,-0.63448,2.806,-0.585,0.656,-3.089,-0.376,-0.400,-0.192
98.100000,4905,-0.15676,2.64592,0.69277,1.92265,0.36966,0.45015,-0.60999,-0.14844,2.64114,0.69728,1.93148,0.37958,0.46402,-0.61256,-0.13551,2.66759,0.67678,1.94335,0.38330,0.48904,-0.63318,2.790,-0.403,0.733,-3.081,-0.348,-0.407,-0.145
98.200000,4910,-0.14951,2.61502,0.68514,1.93066,0.36699,0.44252,-0.60617,-0.14637,2.60987,0.69030,1.93777,0.37570,0.45529,-0.61055,-0.13314,2.63623,0.67015,1.94955,0.37981,0.48041,-0.63134,2.780,-0.222,0.809,-3.069,-0.322,-0.414,-0.114
98.300000,4915,-0.14684,2.58451,0.67980,1.93409,0.36661,0.43489,-0.60541,-0.14420,2.57786,0.68377,1.94321,0.37232,0.44679,-0.60936,-0.13071,2.60471,0.66377,1.95484,0.37686,0.47203,-0.62905,2.771,-0.041,0.885,-3.060,-0.293,-0.420,-0.085
98.400000,4920,-0.14646,2.55361,0.67331,1.93867,0.36623,0.42612,-0.60198,-0.14202,2.54582,0.67753,1.94759,0.36983,0.43849,-0.60711,-0.12822,2.57304,0.65766,1.95923,0.37449,0.46393,-0.62626,2.762,0.138,0.962,-3.053,-0.261,-0.426,-0.057
98.500000,4925,-0.14531,2.52156,0.66912,1.94248,0.36584,0.41925,-0.59893,-0.13986,2.51385,0.67159,1.95115,0.36752,0.43067,-0.60441,-0.12564,2.54124,0.65182,1.96270,0.37270,0.45615,-0.62299,2.753,0.317,1.038,-3.053,-0.224,-0.430,-0.029
98.600000,4930,-0.14379,2.48952,0.66530,1.94363,0.36394,0.41277,-0.59702,-0.13732,2.48204,0.66542,1.95385,0.36577,0.42349,-0.60080,-0.12298,2.50938,0.64627,1.96528,0.37148,0.44873,-0.61923,2.744,0.494,1.115,-3.056,-0.186,-0.434,-0.004
98.700000,4935,-0.14150,2.45671,0.65996,1.94782,0.36394,0.40590,-0.59015,-0.13478,2.45001,0.65973,1.95559,0.36464,0.41642,-0.59691,-0.12023,2.47748,0.64102,1.96693,0.37088,0.44171,-0.61495,2.736,0.670,1.192,-3.062,-0.147,-0.437,0.020
98.800000,4940,-0.13997,2.42619,0.65500,1.94782,0.36432,0.39827,-0.58329,-0.13219,2.41800,0.65455,1.95643,0.36427,0.40977,-0.59256,-0.11737,2.44560,0.63608,1.96768,0.37087,0.43513,-0.61017,2.727,0.844,1.269,-3.074,-0.105,-0.437,0.042
98.900000,4945,-0.13273,2.39415,0.65310,1.94782,0.36394,0.39293,-0.57909,-0.12945,2.38626,0.64946,1.95625,0.36456,0.40369,-0.58707,-0.11441,2.41381,0.63146,1.96752,0.37145,0.42903,-0.60490,2.719,1.017,1.345,-3.079,-0.065,-0.436,0.062
99.000000,4950,-0.13006,2.36363,0.64699,1.94782,0.36661,0.38911,-0.57413,-0.12654,2.35445,0.64484,1.95522,0.36536,0.39801,-0.58173,-0.11133,2.38215,0.62717,1.96643,0.37265,0.42346,-0.59914,2.710,1.188,1.421,-3.080,-0.028,-0.431,0.081
99.100000,4955,-0.12967,2.33159,0.64356,1.94782,0.36737,0.38530,-0.56879,-0.12337,2.32307,0.64039,1.95335,0.36685,0.39316,-0.57543,-0.10816,2.35070,0.62321,1.96443,0.37443,0.41844,-0.59292,2.702,1.358,1.497,-3.075,0.009,-0.423,0.098
99.200000,4960,-0.12586,2.30221,0.63936,1.94782,0.36928,0.38072,-0.56078,-0.12043,2.29151,0.63677,1.95033,0.36938,0.38824,-0.56919,-0.10488,2.31949,0.61958,1.96153,0.37678,0.41401,-0.58624,2.693,1.525,1.572,-3.058,0.040,-0.411,0.114
99.300000,4965,-0.12433,2.27170,0.63784,1.94744,0.37157,0.37462,-0.55315,-0.11712,2.26032,0.63318,1.94658,0.37215,0.38433,-0.56255,-0.10150,2.28861,0.61630,1.95771,0.37970,0.41021,-0.57914,2.684,1.690,1.647,-3.031,0.068,-0.394,0.130
99.400000,4970,-0.11670,2.23927,0.63402,1.94477,0.37462,0.37233,-0.54590,-0.11393,2.23001,0.62999,1.94184,0.37529,0.38127,-0.55476,-0.09804,2.25810,0.61337,1.95298,0.38317,0.40706,-0.57162,2.675,1.852,1.721,-2.994,0.093,-0.372,0.144
99.500000,4975,-0.11327,2.20952,0.63364,1.93867,0.38301,0.37080,-0.53751,-0.11044,2.19971,0.62691,1.93628,0.37885,0.37849,-0.54739,-0.09450,2.22803,0.61078,1.94735,0.38717,0.40458,-0.56373,2.666,2.013,1.795,-2.949,0.115,-0.343,0.159
99.600000,4980,-0.11060,2.18167,0.63021,1.93256,0.39026,0.37042,-0.52759,-0.10713,2.16961,0.62492,1.92956,0.38388,0.37627,-0.53965,-0.09089,2.19844,0.60854,1.94082,0.39166,0.40279,-0.55547,2.657,2.171,1.866,-2.895,0.133,-0.311,0.173
99.700000,4985,-0.10793,2.15153,0.62792,1.92455,0.39369,0.36966,-0.51996,-0.10343,2.14086,0.62246,1.92223,0.38857,0.37561,-0.53082,-0.08723,2.16939,0.60666,1.93338,0.39662,0.40169,-0.54689,2.647,2.327,1.937,-2.836,0.148,-0.274,0.186
99.800000,4990,-0.10755,2.12330,0.62754,1.91540,0.39713,0.37042,-0.51195,-0.09968,2.11228,0.62042,1.91400,0.39362,0.37519,-0.52244,-0.08353,2.14093,0.60513,1.92503,0.40204,0.40131,-0.53799,2.638,2.480,2.006,-2.771,0.161,-0.236,0.200
99.900000,4995,-0.09992,2.09507,0.62716,1.90586,0.40094,0.37157,-0.50356,-0.09611,2.08445,0.61874,1.90482,0.39903,0.37539,-0.51350,-0.07980,2.11310,0.60393,1.91584,0.40787,0.40165,-0.52884,2.633,2.631,2.070,-2.700,0.171,-0.194,0.212
100.000000,5000,-0.09687,2.06761,0.62716,1.89671,0.40933,0.37309,-0.49364,-0.09182,2.05681,0.61711,1.89587,0.40463,0.37667,-0.50471,-0.07551,2.08550,0.60282,1.90690,0.41387,0.40286,-0.52011,2.650,2.778,2.108,-2.614,0.174,-0.138,0.215
100.100000,5005,-0.09267,2.04052,0.62716,1.88984,0.41734,0.37462,-0.48754,-0.08705,2.02941,0.61585,1.88711,0.41092,0.37870,-0.49642,-0.07069,2.05819,0.60181,1.89821,0.42001,0.40496,-0.51181,2.629,2.923,2.176,-2.545,0.185,-0.104,0.231
100.200000,5010,-0.09076,2.01573,0.62716,1.87878,0.42154,0.37843,-0.47380,-0.08295,2.00331,0.61543,1.87619,0.41779,0.38100,-0.48772,-0.06659,2.03228,0.60149,1.88724,0.42672,0.40757,-0.50251,2.592,3.066,2.258,-2.477,0.197,-0.084,0.250
100.300000,5015,-0.08199,1.99093,0.62639,1.86581,0.42802,0.38377,-0.46694,-0.07957,1.97819,0.61581,1.86353,0.42527,0.38368,-0.47835,-0.06290,2.00753,0.60167,1.87473,0.43382,0.41074,-0.49263,2.579,3.206,2.316,-2.399,0.203,-0.059,0.264
100.400000,5020,-0.08008,1.96690,0.62639,1.85245,0.43909,0.38950,-0.45587,-0.07588,1.95426,0.61611,1.85012,0.43263,0.38731,-0.46831,-0.05933,1.98374,0.60219,1.86136,0.44114,0.41454,-0.48258,2.567,3.344,2.369,-2.318,0.209,-0.038,0.276
100.500000,5025,-0.07589,1.94325,0.62639,1.83796,0.44634,0.39331,-0.44710,-0.07252,1.93139,0.61691,1.83587,0.44049,0.39159,-0.45828,-0.05591,1.96093,0.60300,1.84717,0.44865,0.41892,-0.47236,2.555,3.480,2.418,-2.236,0.214,-0.020,0.289
100.600000,5030,-0.07474,1.92188,0.62639,1.82270,0.45053,0.39713,-0.43985,-0.06910,1.90952,0.61784,1.82082,0.44852,0.39651,-0.44791,-0.05266,1.93916,0.60411,1.83214,0.45632,0.42385,-0.46198,2.542,3.613,2.464,-2.154,0.219,-0.006,0.302
100.700000,5035,-0.07436,1.90243,0.62639,1.80744,0.46083,0.40247,-0.42459,-0.06610,1.88864,0.61931,1.80485,0.45653,0.40143,-0.43757,-0.04962,1.91845,0.60549,1.81630,0.46412,0.42929,-0.45142,2.528,3.744,2.505,-2.071,0.223,0.006,0.314
100.800000,5040,-0.06597,1.88030,0.62639,1.79104,0.47113,0.40971,-0.41544,-0.06332,1.86903,0.62080,1.78817,0.46474,0.40725,-0.42675,-0.04680,1.89884,0.60710,1.79964,0.47203,0.43519,-0.44068,2.513,3.873,2.541,-1.987,0.227,0.015,0.327
100.900000,5045,-0.06368,1.86504,0.62639,1.77311,0.47571,0.41658,-0.40285,-0.06059,1.85031,0.62272,1.77066,0.47323,0.41352,-0.41651,-0.04423,1.88034,0.60893,1.78217,0.48003,0.44151,-0.42974,2.497,4.000,2.574,-1.904,0.232,0.023,0.339
101.000000,5050,-0.06368,1.84444,0.62639,1.75480,0.48410,0.42192,-0.39217,-0.05816,1.83308,0.62442,1.75233,0.48144,0.42017,-0.40499,-0.04194,1.86299,0.61094,1.76389,0.48811,0.44821,-0.41859,2.480,4.126,2.602,-1.820,0.236,0.030,0.352
101.100000,5055,-0.06101,1.83071,0.62677,1.73572,0.49745,0.42841,-0.38339,-0.05615,1.81658,0.62687,1.73311,0.49034,0.42681,-0.39402,-0.03994,1.84681,0.61309,1.74482,0.49625,0.45523,-0.40720,2.462,4.249,2.626,-1.737,0.240,0.036,0.364
101.200000,5060,-0.05948,1.81698,0.62868,1.71665,0.50279,0.43680,-0.36928,-0.05433,1.80151,0.62908,1.71321,0.49894,0.43399,-0.38261,-0.03826,1.83182,0.61535,1.72493,0.50446,0.46254,-0.39556,2.443,4.372,2.646,-1.655,0.244,0.041,0.376
101.300000,5065,-0.05834,1.80096,0.62868,1.69529,0.51042,0.44481,-0.35821,-0.05287,1.78768,0.63133,1.69249,0.50756,0.44143,-0.37078,-0.03691,1.81804,0.61767,1.70425,0.51272,0.47010,-0.38363,2.422,4.494,2.662,-1.573,0.249,0.046,0.389
101.400000,5070,-0.05796,1.78913,0.62868,1.67392,0.52339,0.45091,-0.34563,-0.05172,1.77511,0.63371,1.67091,0.51644,0.44903,-0.35845,-0.03592,1.80546,0.62002,1.68277,0.52104,0.47787,-0.37140,2.400,4.615,2.673,-1.492,0.253,0.051,0.401
101.500000,5075,-0.05796,1.77769,0.63021,1.65256,0.52873,0.45778,-0.33533,-0.05089,1.76360,0.63616,1.64852,0.52561,0.45682,-0.34599,-0.03529,1.79411,0.62233,1.66047,0.52944,0.48581,-0.35882,2.378,4.736,2.681,-1.413,0.258,0.055,0.412
101.600000,5080,-0.05529,1.76548,0.63326,1.62929,0.53675,0.46732,-0.32007,-0.05056,1.75365,0.63845,1.62533,0.53448,0.46481,-0.33290,-0.03504,1.78398,0.62458,1.63735,0.53793,0.49390,-0.34587,2.354,4.859,2.685,-1.335,0.263,0.059,0.424
101.700000,5085,-0.05529,1.75785,0.63517,1.60488,0.55086,0.47571,-0.30862,-0.05053,1.74432,0.64103,1.60117,0.54423,0.47250,-0.31965,-0.03519,1.77508,0.62670,1.61339,0.54653,0.50211,-0.33250,2.330,4.983,2.685,-1.258,0.268,0.063,0.436
101.800000,5090,-0.05529,1.74946,0.63745,1.58046,0.55544,0.48143,-0.29108,-0.05092,1.73674,0.64311,1.57618,0.55366,0.48075,-0.30586,-0.03575,1.76742,0.62865,1.58853,0.55526,0.51042,-0.31867,2.305,5.111,2.680,-1.183,0.274,0.067,0.447
101.900000,5095,-0.05529,1.74526,0.64013,1.55414,0.56764,0.49173,-0.27963,-0.05190,1.73034,0.64484,1.55035,0.56298,0.48873,-0.29213,-0.03685,1.76116,0.63036,1.56273,0.56418,0.51871,-0.30428,2.259,5.260,2.666,-1.110,0.280,0.066,0.459
102.000000,5100,-0.05529,1.74488,0.64165,1.52820,0.57756,0.49860,-0.26437,-0.05420,1.72639,0.64662,1.52323,0.57351,0.49583,-0.27696,-0.03927,1.75748,0.63160,1.53586,0.57329,0.52612,-0.28890,2.191,5.471,2.641,-1.045,0.286,0.057,0.471
102.100000,5105,-0.05567,1.74030,0.64203,1.49997,0.58481,0.50394,-0.24797,-0.05678,1.72383,0.64769,1.49515,0.58362,0.50337,-0.26088,-0.04209,1.75485,0.63254,1.50792,0.58271,0.53373,-0.27290,2.227,5.547,2.637,-0.981,0.293,0.077,0.481
102.200000,5110,-0.05605,1.73992,0.64203,1.47136,0.60007,0.51462,-0.23080,-0.05891,1.72045,0.64846,1.46587,0.59380,0.51211,-0.24485,-0.04429,1.75166,0.63331,1.47885,0.59252,0.54280,-0.25666,2.221,5.693,2.616,-0.912,0.301,0.087,0.492
102.300000,5115,-0.05643,1.73992,0.64203,1.44084,0.60732,0.52378,-0.21440,-0.06183,1.71921,0.64876,1.43532,0.60488,0.52078,-0.22780,-0.04751,1.75054,0.63355,1.44846,0.60275,0.55155,-0.23940,2.169,5.946,2.577,-0.850,0.308,0.085,0.505
102.400000,5120,-0.06177,1.73992,0.64280,1.40956,0.62029,0.53102,-0.19990,-0.06499,1.71849,0.64887,1.40320,0.61627,0.52973,-0.20960,-0.05086,1.75007,0.63338,1.41673,0.61341,0.56102,-0.22149,2.206,6.035,2.585,-0.786,0.315,0.104,0.513
102.500000,5125,-0.06444,1.74030,0.64470,1.37752,0.63173,0.54247,-0.18121,-0.06915,1.72429,0.65163,1.37219,0.62776,0.54005,-0.19418,-0.05544,1.75612,0.63631,1.38621,0.62461,0.57181,-0.20710,2.080,6.491,2.848,-0.734,0.323,0.104,0.495
102.600000,5130,-0.07283,1.74679,0.65882,1.35158,0.64547,0.55200,-0.17740,-0.07785,1.74695,0.66141,1.34554,0.64012,0.54907,-0.18560,-0.06505,1.77928,0.64649,1.36016,0.63649,0.58171,-0.20029,2.060,6.519,2.853,-0.754,0.327,0.101,0.440
102.700000,5135,-0.08390,1.77158,0.67446,1.32716,0.65767,0.56002,-0.17167,-0.08810,1.77320,0.67339,1.31971,0.65325,0.55894,-0.17974,-0.07565,1.80566,0.65804,1.33454,0.64865,0.59158,-0.19467,2.072,6.501,2.820,-0.798,0.329,0.101,0.441
102.800000,5140,-0.09267,1.79943,0.68972,1.30008,0.66797,0.57070,-0.16404,-0.09841,1.79978,0.68537,1.29395,0.66618,0.56875,-0.17324,-0.08628,1.83209,0.66962,1.30888,0.66083,0.60146,-0.18905,2.087,6.473,2.782,-0.840,0.329,0.100,0.438
102.900000,5145,-0.10335,1.82423,0.70116,1.27681,0.68285,0.57947,-0.15985,-0.10721,1.82506,0.69570,1.27283,0.67684,0.57822,-0.16713,-0.09573,1.85649,0.68033,1.28752,0.67130,0.60981,-0.18507,2.152,6.412,2.722,-0.833,0.257,-0.012,0.111
103.000000,5150,-0.10564,1.84330,0.70383,1.28291,0.67751,0.57108,-0.17320,-0.10625,1.83750,0.70042,1.28616,0.67657,0.57692,-0.17056,-0.09626,1.86644,0.68482,1.30032,0.66836,0.60610,-0.19460,2.634,6.128,2.503,-0.245,-0.300,-0.517,-0.157
103.100000,5155,-0.10412,1.84559,0.70345,1.32487,0.65615,0.55467,-0.19189,-0.09944,1.84035,0.70016,1.31905,0.66610,0.56925,-0.18497,-0.09092,1.86694,0.68539,1.33218,0.65785,0.59670,-0.21177,2.684,5.843,2.449,-0.306,-0.311,-0.515,-0.168
103.200000,5160,-0.09649,1.84559,0.70307,1.35692,0.64737,0.54781,-0.20715,-0.09420,1.84104,0.69986,1.35040,0.65456,0.56076,-0.20215,-0.08555,1.86736,0.68555,1.36304,0.64761,0.58815,-0.22846,2.645,5.855,2.442,-0.373,-0.314,-0.520,-0.176
103.300000,5165,-0.09420,1.84597,0.70307,1.38705,0.63135,0.53980,-0.22508,-0.09031,1.84321,0.69972,1.38009,0.64405,0.55221,-0.21856,-0.08141,1.86974,0.68551,1.39257,0.63777,0.57948,-0.24430,2.624,5.791,2.433,-0.445,-0.317,-0.519,-0.184
103.400000,5170,-0.09114,1.84597,0.70269,1.41452,0.62487,0.53179,-0.24034,-0.08652,1.84511,0.69970,1.40836,0.63386,0.54432,-0.23433,-0.07708,1.87189,0.68525,1.42087,0.62833,0.57194,-0.25968,2.635,5.648,2.421,-0.514,-0.319,-0.505,-0.193
103.500000,5175,-0.08580,1.84673,0.70269,1.44122,0.61686,0.52492,-0.25445,-0.08291,1.84738,0.69952,1.43559,0.62439,0.53738,-0.24960,-0.07302,1.87456,0.68481,1.44806,0.61923,0.56499,-0.27452,2.585,5.631,2.412,-0.582,-0.321,-0.512,-0.200
103.600000,5180,-0.08085,1.84978,0.70269,1.46755,0.60274,0.52034,-0.26933,-0.08047,1.85218,0.69921,1.46177,0.61524,0.53004,-0.26437,-0.07028,1.87951,0.68425,1.47412,0.61039,0.55755,-0.28861,2.536,5.573,2.402,-0.656,-0.324,-0.518,-0.208
103.700000,5185,-0.08046,1.85856,0.70269,1.49082,0.59854,0.51309,-0.28497,-0.07876,1.85786,0.69915,1.48670,0.60666,0.52212,-0.27842,-0.06818,1.88574,0.68359,1.49918,0.60177,0.55023,-0.30217,2.507,5.480,2.392,-0.732,-0.326,-0.517,-0.217
103.800000,5190,-0.08008,1.86504,0.70269,1.51599,0.59359,0.50356,-0.29603,-0.07752,1.86492,0.69888,1.51074,0.59807,0.51500,-0.29166,-0.06656,1.89301,0.68285,1.52327,0.59336,0.54315,-0.31527,2.480,5.380,2.383,-0.810,-0.329,-0.516,-0.226
103.900000,5195,-0.08008,1.86581,0.70269,1.53736,0.57909,0.49783,-0.31206,-0.07640,1.87330,0.69779,1.53419,0.58909,0.50867,-0.30479,-0.06538,1.90133,0.68207,1.54645,0.58513,0.53631,-0.32796,2.454,5.276,2.373,-0.888,-0.331,-0.515,-0.234
104.000000,5200,-0.08008,1.88068,0.70231,1.55986,0.57260,0.49402,-0.32312,-0.07615,1.88193,0.69774,1.55630,0.58108,0.50132,-0.31786,-0.06461,1.91068,0.68127,1.56875,0.57706,0.52973,-0.34026,2.430,5.167,2.363,-0.967,-0.334,-0.512,-0.243
104.100000,5205,-0.08008,1.89251,0.70231,1.58046,0.56879,0.48715,-0.33800,-0.07610,1.89214,0.69730,1.57766,0.57306,0.49487,-0.32986,-0.06423,1.92105,0.68048,1.59019,0.56915,0.52340,-0.35220,2.407,5.055,2.353,-1.047,-0.336,-0.510,-0.252
104.200000,5210,-0.08008,1.89861,0.70231,1.60068,0.55658,0.47991,-0.34830,-0.07619,1.90360,0.69663,1.59834,0.56492,0.48911,-0.34166,-0.06420,1.93243,0.67974,1.61079,0.56137,0.51734,-0.36382,2.386,4.940,2.343,-1.128,-0.339,-0.505,-0.261
104.300000,5215,-0.08008,1.91120,0.70154,1.61975,0.54933,0.47456,-0.36050,-0.07683,1.91555,0.69615,1.61811,0.55676,0.48299,-0.35375,-0.06453,1.94483,0.67905,1.63054,0.55372,0.51158,-0.37512,2.366,4.824,2.333,-1.209,-0.341,-0.500,-0.271
104.400000,5220,-0.08008,1.92493,0.70154,1.63883,0.54361,0.46961,-0.37118,-0.07777,1.92868,0.69589,1.63690,0.54919,0.47741,-0.36500,-0.06517,1.95824,0.67846,1.64945,0.54621,0.50614,-0.38613,2.349,4.705,2.322,-1.291,-0.343,-0.494,-0.280
104.500000,5225,-0.08046,1.93752,0.70078,1.65638,0.53560,0.46617,-0.38339,-0.07891,1.94288,0.69571,1.65497,0.54171,0.47233,-0.37606,-0.06611,1.97262,0.67798,1.66754,0.53883,0.50104,-0.39687,2.334,4.584,2.311,-1.373,-0.345,-0.485,-0.289
104.600000,5230,-0.08046,1.95126,0.70078,1.67354,0.52378,0.46121,-0.39445,-0.08027,1.95810,0.69552,1.67223,0.53406,0.46749,-0.38673,-0.06732,1.98793,0.67764,1.68482,0.53158,0.49629,-0.40734,2.321,4.461,2.300,-1.454,-0.347,-0.475,-0.298
104.700000,5235,-0.08046,1.96804,0.70078,1.68956,0.52034,0.45664,-0.40437,-0.08208,1.97389,0.69578,1.68851,0.52693,0.46262,-0.39756,-0.06879,2.00421,0.67745,1.70125,0.52449,0.49194,-0.41756,2.311,4.336,2.287,-1.536,-0.348,-0.462,-0.308
104.800000,5240,-0.08085,1.98483,0.70078,1.70444,0.51576,0.45168,-0.41544,-0.08396,1.99098,0.69604,1.70400,0.51985,0.45868,-0.40739,-0.07049,2.02139,0.67744,1.71686,0.51754,0.48800,-0.42753,2.302,4.210,2.274,-1.617,-0.350,-0.447,-0.317
104.900000,5245,-0.08123,2.00085,0.70078,1.71818,0.50432,0.44939,-0.42421,-0.08587,2.00915,0.69602,1.71890,0.51234,0.45538,-0.41745,-0.07240,2.03944,0.67762,1.73165,0.51076,0.48448,-0.43727,2.296,4.081,2.260,-1.698,-0.350,-0.429,-0.326
105.000000,5250,-0.08199,2.02145,0.70078,1.73191,0.49745,0.44901,-0.43222,-0.08827,2.02769,0.69668,1.73272,0.50547,0.45198,-0.42768,-0.07450,2.05840,0.67802,1.74558,0.50417,0.48144,-0.44677,2.292,3.950,2.244,-1.779,-0.350,-0.407,-0.336
105.100000,5255,-0.08390,2.03785,0.70078,1.74373,0.49364,0.44557,-0.44443,-0.09070,2.04746,0.69754,1.74566,0.49891,0.44932,-0.43664,-0.07677,2.07818,0.67863,1.75868,0.49778,0.47887,-0.45604,2.289,3.818,2.227,-1.859,-0.350,-0.383,-0.345
105.200000,5260,-0.08657,2.05883,0.70078,1.75594,0.48944,0.44481,-0.45168,-0.09322,2.06770,0.69858,1.75792,0.49250,0.44706,-0.44645,-0.07919,2.09875,0.67947,1.77096,0.49160,0.47680,-0.46509,2.289,3.683,2.209,-1.938,-0.349,-0.354,-0.354
105.300000,5265,-0.09076,2.08020,0.70078,1.76739,0.48067,0.44405,-0.46236,-0.09584,2.08891,0.69978,1.76928,0.48623,0.44564,-0.45572,-0.08174,2.12012,0.68057,1.78238,0.48566,0.47525,-0.47390,2.290,3.546,2.189,-2.017,-0.347,-0.323,-0.362
105.400000,5270,-0.09496,2.10080,0.70078,1.77654,0.47189,0.44328,-0.47228,-0.09869,2.11090,0.70134,1.77964,0.48032,0.44443,-0.46460,-0.08447,2.14228,0.68195,1.79280,0.48001,0.47421,-0.48240,2.282,3.407,2.173,-2.099,-0.342,-0.292,-0.368
105.500000,5275,-0.09572,2.12330,0.70078,1.78531,0.46922,0.44328,-0.47647,-0.10233,2.13397,0.70360,1.78782,0.47508,0.44335,-0.47235,-0.08780,2.16553,0.68380,1.80119,0.47487,0.47357,-0.49006,2.264,3.267,2.165,-2.193,-0.330,-0.266,-0.366
105.600000,5280,-0.10068,2.14734,0.70078,1.79104,0.46732,0.44367,-0.48448,-0.10612,2.15777,0.70608,1.79454,0.47018,0.44301,-0.47996,-0.09147,2.18965,0.68606,1.80805,0.47017,0.47345,-0.49714,2.287,3.124,2.134,-2.267,-0.327,-0.223,-0.376
105.700000,5285,-0.10183,2.17061,0.70116,1.79752,0.46388,0.44405,-0.49516,-0.10928,2.18186,0.70859,1.80172,0.46553,0.44350,-0.48733,-0.09458,2.21385,0.68832,1.81544,0.46553,0.47404,-0.50466,2.324,2.976,2.091,-2.327,-0.329,-0.176,-0.393
105.800000,5290,-0.10907,2.19502,0.70192,1.80439,0.45969,0.44634,-0.50279,-0.11201,2.20628,0.71084,1.80901,0.46050,0.44482,-0.49516,-0.09739,2.23831,0.69071,1.82273,0.46109,0.47526,-0.51230,2.335,2.828,2.058,-2.404,-0.321,-0.139,-0.400
105.900000,5295,-0.11174,2.21753,0.70307,1.80935,0.44901,0.44824,-0.51004,-0.11493,2.23123,0.71363,1.81532,0.45616,0.44657,-0.50254,-0.10022,2.26325,0.69336,1.82916,0.45702,0.47703,-0.51964,2.344,2.677,2.024,-2.484,-0.311,-0.105,-0.405
106.000000,5300,-0.11213,2.24270,0.70765,1.81545,0.44519,0.45091,-0.51805,-0.11791,2.25646,0.71676,1.82067,0.45231,0.44848,-0.50966,-0.10307,2.28866,0.69628,1.83470,0.45334,0.47934,-0.52668,2.353,2.525,1.988,-2.567,-0.299,-0.074,-0.410
106.100000,5305,-0.11480,2.26903,0.70955,1.82003,0.44481,0.45320,-0.52454,-0.12082,2.28203,0.72007,1.82518,0.44877,0.45110,-0.51661,-0.10593,2.31448,0.69946,1.83938,0.45007,0.48217,-0.53339,2.364,2.371,1.950,-2.653,-0.286,-0.045,-0.414
106.200000,5310,-0.11709,2.29458,0.71413,1.82194,0.44405,0.45625,-0.52873,-0.12378,2.30806,0.72378,1.82882,0.44583,0.45426,-0.52323,-0.10880,2.34068,0.70290,1.84317,0.44721,0.48551,-0.53978,2.374,2.215,1.909,-2.744,-0.269,-0.019,-0.417
106.300000,5315,-0.11937,2.31976,0.71871,1.82461,0.44138,0.46198,-0.53369,-0.12662,2.33456,0.72742,1.83167,0.44286,0.45812,-0.52951,-0.11167,2.36722,0.70661,1.84609,0.44478,0.48934,-0.54585,2.386,2.057,1.867,-2.839,-0.251,0.005,-0.419
106.400000,5320,-0.12624,2.34647,0.72252,1.82651,0.44138,0.46922,-0.54018,-0.12952,2.36132,0.73149,1.83360,0.44062,0.46232,-0.53545,-0.11453,2.39407,0.71058,1.84814,0.44279,0.49365,-0.55157,2.398,1.898,1.822,-2.938,-0.231,0.026,-0.419
106.500000,5325,-0.12853,2.37279,0.72672,1.82728,0.44099,0.47228,-0.54781,-0.13239,2.38827,0.73597,1.83452,0.43929,0.46679,-0.54075,-0.11738,2.42117,0.71481,1.84930,0.44126,0.49842,-0.55694,2.410,1.736,1.775,-3.041,-0.208,0.045,-0.419
106.600000,5330,-0.12967,2.39949,0.73321,1.82728,0.44099,0.47762,-0.55124,-0.13523,2.41542,0.74074,1.83469,0.43817,0.47184,-0.54610,-0.12022,2.44850,0.71928,1.84959,0.44018,0.50363,-0.56197,2.423,1.573,1.727,-3.142,-0.185,0.062,-0.417
106.700000,5335,-0.13158,2.42658,0.73549,1.82728,0.44099,0.48105,-0.55506,-0.13813,2.44287,0.74561,1.83393,0.43739,0.47740,-0.55085,-0.12306,2.47600,0.72400,1.84900,0.43957,0.50925,-0.56664,2.436,1.408,1.676,-3.241,-0.160,0.078,-0.414
106.800000,5340,-0.13387,2.45404,0.74198,1.82728,0.44099,0.48906,-0.55963,-0.14086,2.47051,0.75045,1.83242,0.43674,0.48344,-0.55532,-0.12588,2.50365,0.72896,1.84754,0.43942,0.51525,-0.57097,2.449,1.242,1.624,-3.333,-0.135,0.092,-0.409
106.900000,5345,-0.13692,2.48113,0.74846,1.82728,0.44138,0.49707,-0.56345,-0.14352,2.49822,0.75565,1.82997,0.43693,0.48972,-0.55926,-0.12869,2.53140,0.73414,1.84520,0.43973,0.52161,-0.57494,2.462,1.074,1.571,-3.417,-0.111,0.105,-0.404
107.000000,5350,-0.14455,2.50897,0.75419,1.82613,0.44138,0.50318,-0.56650,-0.14619,2.52603,0.76116,1.82665,0.43773,0.49640,-0.56280,-0.13150,2.55921,0.73955,1.84199,0.44051,0.52831,-0.57857,2.474,0.905,1.516,-3.492,-0.086,0.118,-0.397
107.100000,5355,-0.14531,2.53606,0.75991,1.82384,0.44176,0.50890,-0.57337,-0.14897,2.55385,0.76697,1.82245,0.43897,0.50331,-0.56606,-0.13431,2.58707,0.74516,1.83791,0.44175,0.53533,-0.58186,2.487,0.735,1.461,-3.558,-0.063,0.129,-0.389
107.200000,5360,-0.14760,2.56391,0.76678,1.81660,0.44214,0.51805,-0.57451,-0.15176,2.58162,0.77299,1.81736,0.44071,0.51045,-0.56938,-0.13713,2.61495,0.75098,1.83295,0.44344,0.54262,-0.58482,2.499,0.563,1.405,-3.615,-0.042,0.140,-0.380
107.300000,5365,-0.14837,2.59252,0.77021,1.81164,0.44328,0.52530,-0.57718,-0.15458,2.60937,0.77933,1.81132,0.44316,0.51780,-0.57219,-0.13996,2.64286,0.75700,1.82711,0.44558,0.55019,-0.58747,2.511,0.390,1.347,-3.665,-0.022,0.150,-0.370
107.400000,5370,-0.15066,2.61960,0.77707,1.80515,0.44557,0.53140,-0.57756,-0.15737,2.63723,0.78583,1.80436,0.44605,0.52544,-0.57445,-0.14283,2.67082,0.76321,1.82037,0.44818,0.55802,-0.58981,2.523,0.216,1.290,-3.709,-0.004,0.160,-0.360
107.500000,5375,-0.15600,2.64707,0.78623,1.79600,0.44824,0.54018,-0.57794,-0.16012,2.66518,0.79236,1.79635,0.44916,0.53348,-0.57649,-0.14581,2.69881,0.76966,1.81244,0.45128,0.56609,-0.59174,2.524,0.041,1.234,-3.755,0.020,0.169,-0.328
107.600000,5380,-0.16210,2.67492,0.79233,1.78608,0.45091,0.54933,-0.58062,-0.16343,2.69291,0.79928,1.78621,0.45296,0.54162,-0.57801,-0.14916,2.72662,0.77644,1.80242,0.45506,0.57431,-0.59289,2.529,-0.134,1.179,-3.790,0.039,0.178,-0.299
107.700000,5385,-0.16401,2.70238,0.80034,1.77349,0.45702,0.55658,-0.58062,-0.16669,2.72122,0.80657,1.77539,0.45757,0.54984,-0.57907,-0.15247,2.75514,0.78341,1.79190,0.45921,0.58295,-0.59410,2.558,-0.313,1.118,-3.810,0.041,0.190,-0.337
107.800000,5390,-0.16439,2.73061,0.80683,1.76357,0.46770,0.56650,-0.58138,-0.16970,2.75105,0.81396,1.76475,0.46208,0.55905,-0.58061,-0.15555,2.78493,0.79059,1.78141,0.46367,0.59220,-0.59571,2.569,-0.502,1.057,-3.836,0.054,0.202,-0.340
107.900000,5395,-0.16668,2.76342,0.81408,1.75136,0.47151,0.57680,-0.58214,-0.17297,2.78129,0.82195,1.75250,0.46800,0.56859,-0.58337,-0.15884,2.81551,0.79819,1.76919,0.46884,0.60194,-0.59693,2.569,-0.698,0.996,-3.865,0.072,0.212,-0.305
108.000000,5400,-0.16973,2.79241,0.82400,1.73572,0.47533,0.58557,-0.58405,-0.17571,2.81150,0.82974,1.73805,0.47506,0.57840,-0.58393,-0.16160,2.84568,0.80545,1.75468,0.47505,0.61160,-0.59667,2.744,-0.902,0.876,-3.895,0.099,0.203,-0.061
108.100000,5405,-0.17164,2.81950,0.82590,1.71779,0.48715,0.59015,-0.57375,-0.17204,2.83061,0.83149,1.71735,0.48625,0.58338,-0.57516,-0.15756,2.86470,0.80586,1.73367,0.48484,0.61623,-0.58549,3.070,-1.056,0.382,-3.942,0.131,-0.017,0.078
108.200000,5410,-0.16858,2.82712,0.81980,1.68651,0.50241,0.58519,-0.55010,-0.16266,2.83987,0.82683,1.68969,0.50074,0.58436,-0.55468,-0.14805,2.87352,0.80064,1.70591,0.49787,0.61648,-0.56433,3.066,-1.107,0.297,-3.968,0.135,-0.096,0.084
108.300000,5415,-0.15790,2.83132,0.81560,1.65561,0.52072,0.58405,-0.52492,-0.15252,2.84838,0.82107,1.66120,0.51486,0.58427,-0.53237,-0.13817,2.88183,0.79508,1.67752,0.51118,0.61647,-0.54243,3.042,-1.132,0.258,-3.986,0.135,-0.101,0.083
108.400000,5420,-0.14875,2.84315,0.81064,1.62815,0.53064,0.58405,-0.50508,-0.14238,2.85670,0.81555,1.63301,0.52914,0.58433,-0.50982,-0.12842,2.89002,0.78960,1.64951,0.52432,0.61647,-0.52082,3.011,-1.161,0.219,-3.998,0.133,-0.112,0.082
108.500000,5425,-0.13845,2.84849,0.80378,1.60297,0.54743,0.58214,-0.48486,-0.13283,2.85969,0.80868,1.61197,0.53968,0.58339,-0.48787,-0.11963,2.89190,0.78339,1.62835,0.53418,0.61473,-0.50218,2.956,-1.741,0.152,-3.953,0.027,-0.348,0.066
108.600000,5430,-0.12891,2.84086,0.79310,1.60411,0.54209,0.57070,-0.47113,-0.12484,2.84216,0.79842,1.61610,0.53973,0.57740,-0.47333,-0.11323,2.87185,0.77419,1.63188,0.53274,0.60669,-0.49381,2.900,-1.628,0.173,-3.312,-0.427,-0.426,-0.032
108.700000,5435,-0.12433,2.81721,0.77975,1.62242,0.52454,0.55887,-0.46770,-0.11792,2.81664,0.78685,1.62990,0.53370,0.56887,-0.46716,-0.10775,2.84453,0.76417,1.64474,0.52729,0.59671,-0.48991,2.871,-1.433,0.237,-3.296,-0.422,-0.429,-0.045
108.800000,5440,-0.11823,2.79127,0.76945,1.63387,0.52072,0.55010,-0.46388,-0.11280,2.79032,0.77648,1.64130,0.52787,0.55913,-0.46312,-0.10260,2.81803,0.75454,1.65591,0.52247,0.58734,-0.48592,2.854,-1.241,0.301,-3.282,-0.404,-0.429,-0.054
108.900000,5445,-0.10984,2.76761,0.76067,1.64531,0.51882,0.54285,-0.46312,-0.10780,2.76505,0.76722,1.65243,0.52316,0.55028,-0.45997,-0.09733,2.79303,0.74540,1.66707,0.51802,0.57871,-0.48266,2.837,-1.062,0.361,-3.265,-0.389,-0.428,-0.074
109.000000,5450,-0.10793,2.74206,0.75152,1.65638,0.51576,0.53522,-0.45892,-0.10287,2.74049,0.75815,1.66245,0.51887,0.54205,-0.45723,-0.09229,2.76870,0.73653,1.67696,0.51408,0.57054,-0.47929,2.806,-0.890,0.418,-3.260,-0.363,-0.430,-0.045
109.100000,5455,-0.10526,2.71879,0.74351,1.66324,0.51195,0.52606,-0.45206,-0.09854,2.71619,0.74946,1.67044,0.51540,0.53406,-0.45355,-0.08764,2.74448,0.72779,1.68492,0.51069,0.56263,-0.47535,2.784,-0.719,0.477,-3.253,-0.340,-0.432,-0.029
109.200000,5460,-0.09687,2.69361,0.73626,1.67087,0.50546,0.52072,-0.44862,-0.09420,2.69222,0.74061,1.67747,0.51221,0.52646,-0.44950,-0.08311,2.72051,0.71920,1.69184,0.50772,0.55506,-0.47122,2.767,-0.549,0.535,-3.244,-0.319,-0.433,-0.019
109.300000,5465,-0.09382,2.67072,0.72748,1.67507,0.50203,0.51348,-0.44557,-0.08995,2.66809,0.73228,1.68345,0.50976,0.51894,-0.44563,-0.07866,2.69671,0.71074,1.69784,0.50514,0.54779,-0.46691,2.751,-0.382,0.593,-3.237,-0.296,-0.434,-0.008
109.400000,5470,-0.09114,2.64859,0.71947,1.68117,0.50089,0.50432,-0.44138,-0.08576,2.64440,0.72379,1.68856,0.50743,0.51189,-0.44102,-0.07426,2.67303,0.70238,1.70296,0.50295,0.54083,-0.46240,2.735,-0.215,0.651,-3.233,-0.273,-0.435,0.003
109.500000,5475,-0.08542,2.62494,0.71222,1.68461,0.50089,0.49783,-0.43985,-0.08157,2.62067,0.71546,1.69288,0.50572,0.50507,-0.43649,-0.06991,2.64945,0.69414,1.70723,0.50113,0.53418,-0.45767,2.720,-0.050,0.709,-3.231,-0.250,-0.435,0.015
109.600000,5480,-0.08008,2.60167,0.70536,1.68880,0.49974,0.49364,-0.43260,-0.07754,2.59683,0.70754,1.69620,0.50453,0.49837,-0.43185,-0.06558,2.62595,0.68599,1.71065,0.49968,0.52785,-0.45270,2.706,0.115,0.767,-3.235,-0.225,-0.434,0.027
109.700000,5485,-0.07741,2.57764,0.69697,1.69185,0.49860,0.48754,-0.42230,-0.07340,2.57349,0.69929,1.69888,0.50306,0.49257,-0.42701,-0.06129,2.60255,0.67797,1.71321,0.49862,0.52186,-0.44749,2.692,0.278,0.825,-3.243,-0.199,-0.433,0.039
109.800000,5490,-0.07474,2.55437,0.69086,1.69262,0.49860,0.48029,-0.41849,-0.06920,2.55010,0.69110,1.70061,0.50237,0.48676,-0.42160,-0.05702,2.57927,0.67007,1.71493,0.49791,0.51621,-0.44203,2.679,0.441,0.883,-3.254,-0.173,-0.430,0.052
109.900000,5495,-0.06902,2.53301,0.68094,1.69376,0.49860,0.47533,-0.41429,-0.06517,2.52705,0.68316,1.70154,0.50182,0.48154,-0.41595,-0.05278,2.55612,0.66231,1.71579,0.49758,0.51095,-0.43630,2.666,0.603,0.941,-3.268,-0.147,-0.425,0.064
110.000000,5500,-0.06330,2.51012,0.67408,1.69376,0.49860,0.47189,-0.40743,-0.06107,2.50387,0.67546,1.70159,0.50189,0.47659,-0.41037,-0.04857,2.53314,0.65469,1.71578,0.49762,0.50607,-0.43029,2.653,0.763,0.998,-3.281,-0.122,-0.419,0.076
110.100000,5505,-0.06215,2.48799,0.66645,1.69376,0.49898,0.46846,-0.40018,-0.05691,2.48124,0.66745,1.70086,0.50172,0.47231,-0.40417,-0.04438,2.51033,0.64721,1.71494,0.49801,0.50159,-0.42401,2.641,0.923,1.056,-3.290,-0.096,-0.411,0.088
110.200000,5510,-0.05796,2.46663,0.65996,1.69376,0.49974,0.46465,-0.39484,-0.05275,2.45859,0.65985,1.69914,0.50256,0.46808,-0.39756,-0.04022,2.48772,0.63989,1.71321,0.49877,0.49755,-0.41744,2.629,1.082,1.112,-3.294,-0.072,-0.401,0.100
110.300000,5515,-0.05223,2.44298,0.65348,1.69376,0.50165,0.46121,-0.38835,-0.04883,2.43597,0.65282,1.69652,0.50389,0.46425,-0.39107,-0.03609,2.46533,0.63273,1.71064,0.49986,0.49392,-0.41058,2.617,1.240,1.169,-3.289,-0.048,-0.389,0.113
110.400000,5520,-0.04689,2.42200,0.64737,1.69300,0.50279,0.45816,-0.38034,-0.04488,2.41379,0.64581,1.69300,0.50552,0.46091,-0.38397,-0.03199,2.44319,0.62573,1.70717,0.50131,0.49076,-0.40340,2.606,1.396,1.224,-3.274,-0.026,-0.374,0.124
110.500000,5525,-0.04460,2.40025,0.63936,1.69071,0.50585,0.45435,-0.37195,-0.04077,2.39159,0.63903,1.68902,0.50742,0.45801,-0.37700,-0.02778,2.42127,0.61886,1.70322,0.50300,0.48805,-0.39611,2.608,1.552,1.278,-3.219,-0.016,-0.355,0.130
110.600000,5530,-0.04155,2.37851,0.63402,1.68842,0.50661,0.45206,-0.36508,-0.03596,2.36989,0.63168,1.68568,0.50889,0.45598,-0.37003,-0.02304,2.39944,0.61199,1.69981,0.50472,0.48586,-0.38920,2.608,1.704,1.328,-3.149,-0.011,-0.333,0.133
110.700000,5535,-0.03698,2.35638,0.62601,1.68537,0.51348,0.45129,-0.35821,-0.03133,2.34816,0.62512,1.68169,0.51123,0.45378,-0.36312,-0.01821,2.37790,0.60526,1.69590,0.50666,0.48414,-0.38218,2.584,1.855,1.382,-3.152,0.016,-0.310,0.150
110.800000,5540,-0.02820,2.33693,0.62105,1.67812,0.52072,0.44977,-0.35059,-0.02711,2.32706,0.61879,1.67559,0.51414,0.45246,-0.35553,-0.01397,2.35695,0.59890,1.68980,0.50917,0.48292,-0.37425,2.555,2.005,1.437,-3.139,0.045,-0.286,0.169
110.900000,5545,-0.02706,2.31595,0.61647,1.66935,0.52225,0.44977,-0.33914,-0.02319,2.30648,0.61281,1.66800,0.51744,0.45151,-0.34737,-0.01004,2.33654,0.59281,1.68229,0.51206,0.48216,-0.36577,2.542,2.154,1.488,-3.093,0.061,-0.260,0.181
111.000000,5550,-0.02477,2.29611,0.61418,1.66095,0.52492,0.45015,-0.33456,-0.01931,2.28651,0.60667,1.65957,0.52069,0.45127,-0.33866,-0.00624,2.31663,0.58696,1.67388,0.51522,0.48191,-0.35700,2.530,2.302,1.539,-3.041,0.075,-0.232,0.192
111.100000,5555,-0.01943,2.27551,0.60732,1.65294,0.52759,0.45053,-0.32426,-0.01572,2.26729,0.60087,1.65035,0.52399,0.45148,-0.32959,-0.00255,2.29722,0.58131,1.66464,0.51861,0.48214,-0.34796,2.519,2.448,1.588,-2.985,0.087,-0.205,0.204
111.200000,5560,-0.01371,2.25873,0.60121,1.64264,0.52873,0.45129,-0.31320,-0.01217,2.24832,0.59540,1.64020,0.52792,0.45200,-0.32046,0.00098,2.27838,0.57589,1.65454,0.52223,0.48287,-0.33863,2.507,2.592,1.636,-2.927,0.099,-0.179,0.215
111.300000,5565,-0.01142,2.23965,0.59435,1.63234,0.53255,0.45282,-0.30633,-0.00880,2.22988,0.59010,1.62922,0.53186,0.45307,-0.31109,0.00436,2.26009,0.57070,1.64361,0.52606,0.48406,-0.32903,2.494,2.735,1.683,-2.866,0.109,-0.154,0.226
111.400000,5570,-0.01065,2.22287,0.59244,1.61975,0.54018,0.45358,-0.29260,-0.00556,2.21197,0.58518,1.61727,0.53640,0.45425,-0.30129,0.00755,2.24241,0.56573,1.63183,0.53009,0.48572,-0.31914,2.481,2.875,1.728,-2.803,0.119,-0.130,0.238
111.500000,5575,-0.00798,2.20570,0.58786,1.60640,0.54895,0.45664,-0.28383,-0.00252,2.19484,0.58053,1.60462,0.54105,0.45637,-0.29103,0.01054,2.22534,0.56098,1.61919,0.53431,0.48783,-0.30896,2.467,3.014,1.772,-2.739,0.128,-0.108,0.249
111.600000,5580,-0.00684,2.18853,0.58290,1.59267,0.55124,0.46159,-0.27582,0.00030,2.17841,0.57566,1.59128,0.54531,0.45907,-0.28142,0.01329,2.20892,0.55645,1.60571,0.53870,0.49038,-0.29849,2.452,3.152,1.814,-2.673,0.137,-0.089,0.261
111.700000,5585,0.00117,2.17404,0.58062,1.57856,0.55429,0.46503,-0.26437,0.00274,2.16275,0.57139,1.57675,0.55040,0.46177,-0.27014,0.01577,2.19318,0.55215,1.59138,0.54326,0.49337,-0.28770,2.436,3.288,1.855,-2.606,0.145,-0.071,0.272
111.800000,5590,0.00270,2.16031,0.57566,1.56330,0.55658,0.46922,-0.25255,0.00510,2.14757,0.56734,1.56147,0.55546,0.46498,-0.25931,0.01797,2.17813,0.54806,1.57620,0.54798,0.49676,-0.27661,2.418,3.422,1.894,-2.539,0.152,-0.056,0.283
111.900000,5595,0.00308,2.14390,0.57489,1.54689,0.56345,0.47304,-0.23805,0.00710,2.13312,0.56336,1.54542,0.56053,0.46855,-0.24815,0.01984,2.16381,0.54420,1.56015,0.55285,0.50055,-0.26519,2.399,3.555,1.932,-2.470,0.160,-0.042,0.295
112.000000,5600,0.00537,2.13360,0.56917,1.53011,0.57375,0.47647,-0.23042,0.00857,2.11934,0.55979,1.52837,0.56610,0.47254,-0.23669,0.02136,2.15024,0.54055,1.54326,0.55787,0.50472,-0.25343,2.377,3.687,1.967,-2.401,0.167,-0.030,0.306
112.100000,5605,0.00575,2.11872,0.56612,1.51218,0.57718,0.47991,-0.21554,0.00999,2.10674,0.55619,1.51063,0.57151,0.47715,-0.22435,0.02249,2.13743,0.53710,1.52551,0.56303,0.50925,-0.24133,2.353,3.818,2.001,-2.332,0.174,-0.019,0.317
112.200000,5610,0.00804,2.10575,0.56040,1.49425,0.58062,0.48410,-0.20486,0.01068,2.09450,0.55307,1.49191,0.57733,0.48168,-0.21231,0.02319,2.12544,0.53387,1.50689,0.56833,0.51412,-0.22886,2.327,3.947,2.032,-2.263,0.181,-0.010,0.328
112.300000,5615,0.00804,2.09545,0.56002,1.47441,0.58481,0.49135,-0.19265,0.01112,2.08342,0.54999,1.47230,0.58315,0.48681,-0.19915,0.02343,2.11425,0.53083,1.48742,0.57378,0.51932,-0.21602,2.300,4.076,2.061,-2.194,0.188,-0.002,0.339
112.400000,5620,0.00804,2.08821,0.55620,1.45381,0.59664,0.49707,-0.17816,0.01098,2.07288,0.54724,1.45184,0.58929,0.49199,-0.18602,0.02319,2.10387,0.52797,1.46708,0.57937,0.52482,-0.20279,2.270,4.205,2.088,-2.126,0.195,0.006,0.350
112.500000,5625,0.00804,2.07524,0.55429,1.43245,0.60312,0.50203,-0.16252,0.01036,2.06321,0.54479,1.43051,0.59574,0.49755,-0.17259,0.02241,2.09434,0.52530,1.44585,0.58512,0.53062,-0.18915,2.240,4.333,2.113,-2.058,0.202,0.013,0.361
112.600000,5630,0.00804,2.06684,0.55200,1.41071,0.60617,0.50585,-0.15222,0.00922,2.05448,0.54222,1.40829,0.60220,0.50359,-0.15851,0.02104,2.08568,0.52280,1.42373,0.59103,0.53670,-0.17506,2.209,4.462,2.135,-1.991,0.209,0.019,0.372
112.700000,5635,0.00766,2.05769,0.54895,1.38820,0.61113,0.51386,-0.13429,0.00744,2.04675,0.53981,1.38522,0.60851,0.50981,-0.14408,0.01907,2.07788,0.52045,1.40070,0.59712,0.54307,-0.16052,2.179,4.592,2.153,-1.924,0.217,0.025,0.383
112.800000,5640,0.00766,2.05616,0.54895,1.36493,0.62296,0.52149,-0.12284,0.00484,2.03946,0.53784,1.36099,0.61552,0.51588,-0.12926,0.01644,2.07095,0.51825,1.37673,0.60340,0.54971,-0.14548,2.152,4.724,2.169,-1.859,0.224,0.030,0.393
112.900000,5645,0.00766,2.05273,0.54895,1.34013,0.62906,0.52683,-0.10339,0.00172,2.03350,0.53589,1.33593,0.62267,0.52288,-0.11368,0.01310,2.06489,0.51619,1.35177,0.60989,0.55663,-0.12991,2.127,4.859,2.181,-1.795,0.232,0.036,0.404
113.000000,5650,0.00232,2.04319,0.54666,1.31457,0.63364,0.53293,-0.08966,-0.00199,2.02851,0.53359,1.30992,0.62965,0.53020,-0.09736,0.00899,2.05973,0.51424,1.32577,0.61662,0.56384,-0.11377,2.107,4.998,2.190,-1.733,0.240,0.042,0.415
113.100000,5655,-0.00035,2.03938,0.54247,1.28673,0.64165,0.54132,-0.07402,-0.00679,2.02398,0.53195,1.28265,0.63737,0.53736,-0.08099,0.00407,2.05545,0.51240,1.29865,0.62361,0.57137,-0.09698,2.090,5.144,2.195,-1.672,0.249,0.047,0.426
113.200000,5660,-0.00417,2.03938,0.54209,1.25926,0.65271,0.54933,-0.05494,-0.01257,2.02057,0.53039,1.25415,0.64524,0.54490,-0.06378,-0.00188,2.05221,0.51071,1.27034,0.63092,0.57917,-0.07952,2.072,5.320,2.207,-1.613,0.258,0.050,0.436
113.300000,5665,-0.01485,2.03900,0.53865,1.23027,0.65882,0.55582,-0.03968,-0.01993,2.01917,0.52915,1.22444,0.65352,0.55247,-0.04592,-0.00960,2.05088,0.50947,1.24074,0.63863,0.58684,-0.06139,2.065,5.522,2.220,-1.560,0.267,0.052,0.446
113.400000,5670,-0.02057,2.03861,0.53675,1.19861,0.66530,0.56383,-0.01908,-0.02798,2.01794,0.52809,1.19328,0.66243,0.56061,-0.02688,-0.01779,2.04972,0.50802,1.20977,0.64665,0.59527,-0.04239,2.080,5.587,2.175,-1.507,0.274,0.066,0.457
113.500000,5675,-0.03125,2.03442,0.53598,1.16656,0.67904,0.57375,0.00266,-0.03643,2.01706,0.52636,1.16078,0.67113,0.56984,-0.00712,-0.02650,2.04880,0.50636,1.17739,0.65499,0.60454,-0.02247,2.079,5.775,2.168,-1.453,0.283,0.071,0.468
113.600000,5680,-0.03698,2.03060,0.53408,1.13147,0.68552,0.58329,0.02326,-0.04447,2.01881,0.52380,1.12831,0.68058,0.57889,0.01353,-0.03494,2.05059,0.50293,1.14494,0.66288,0.61350,-0.00130,2.135,6.186,1.955,-1.401,0.252,0.045,0.481
113.700000,5685,-0.04422,2.03404,0.51615,1.10667,0.68628,0.58405,0.04768,-0.04673,2.03587,0.51221,1.10316,0.68714,0.58210,0.03601,-0.03755,2.06781,0.48904,1.11975,0.66608,0.61646,0.02296,2.363,6.268,1.878,-1.413,0.071,-0.220,0.486
113.800000,5690,-0.04460,2.05883,0.49288,1.08493,0.68590,0.58023,0.06904,-0.04747,2.06005,0.49538,1.08039,0.69117,0.58147,0.06104,-0.03836,2.09255,0.47045,1.09734,0.66741,0.61648,0.04906,2.339,6.242,1.834,-1.475,0.074,-0.236,0.482
113.900000,5695,-0.04499,2.08668,0.47418,1.06242,0.68895,0.57833,0.09574,-0.04871,2.08509,0.47699,1.05693,0.69380,0.58106,0.08823,-0.03982,2.11764,0.45139,1.07430,0.66897,0.61648,0.07601,2.305,6.212,1.786,-1.539,0.084,-0.238,0.478
114.000000,5700,-0.04499,2.11224,0.45320,1.03724,0.69353,0.57718,0.12473,-0.05042,2.11018,0.45777,1.03320,0.69626,0.58084,0.11605,-0.04195,2.14277,0.43209,1.05079,0.67075,0.61648,0.10352,2.274,6.179,1.735,-1.603,0.092,-0.240,0.473
114.100000,5705,-0.04575,2.13589,0.43451,1.01321,0.70154,0.57756,0.15106,-0.05287,2.13522,0.43850,1.00917,0.69871,0.58073,0.14447,-0.04477,2.16763,0.41274,1.02704,0.67272,0.61648,0.13129,2.250,6.144,1.680,-1.665,0.098,-0.242,0.467
114.200000,5710,-0.04842,2.16221,0.41467,0.98841,0.70459,0.57718,0.18043,-0.05569,2.16000,0.41913,0.98523,0.70124,0.58079,0.17386,-0.04822,2.19195,0.39355,1.00325,0.67482,0.61648,0.15904,2.232,6.106,1.623,-1.727,0.102,-0.243,0.461
114.300000,5715,-0.05071,2.18625,0.39560,0.96476,0.70536,0.57718,0.20751,-0.05872,2.18381,0.40010,0.96209,0.70342,0.58066,0.20306,-0.05201,2.21530,0.37492,0.98032,0.67687,0.61633,0.18593,2.283,6.059,1.566,-1.775,0.036,-0.315,0.445
114.400000,5720,-0.05300,2.20570,0.38416,0.95713,0.70002,0.56993,0.22315,-0.05325,2.19998,0.38827,0.96453,0.69891,0.57607,0.21721,-0.04846,2.22966,0.36539,0.98319,0.67327,0.61076,0.19192,2.738,5.893,1.766,-1.144,-0.330,-0.556,-0.230
114.500000,5725,-0.04232,2.21180,0.38644,1.00024,0.68132,0.55391,0.19340,-0.03796,2.20502,0.38599,0.99792,0.68720,0.56577,0.20495,-0.03523,2.23245,0.36569,1.01632,0.66315,0.59946,0.17376,2.731,5.645,1.943,-1.176,-0.347,-0.562,-0.256
114.600000,5730,-0.02782,2.21295,0.38606,1.03686,0.67102,0.54552,0.17471,-0.02462,2.20763,0.38598,1.03178,0.67611,0.55522,0.18655,-0.02202,2.23458,0.36618,1.04978,0.65299,0.58873,0.15519,2.706,5.519,1.949,-1.226,-0.349,-0.558,-0.263
114.700000,5735,-0.01447,2.21371,0.38644,1.06852,0.65462,0.53484,0.15868,-0.01245,2.20953,0.38649,1.06398,0.66611,0.54514,0.16863,-0.00944,2.23673,0.36652,1.08201,0.64312,0.57882,0.13738,2.676,5.473,2.002,-1.277,-0.353,-0.556,-0.271
114.800000,5740,-0.00493,2.21409,0.38644,1.09828,0.64890,0.52378,0.14114,-0.00185,2.21295,0.38758,1.09493,0.65573,0.53543,0.15093,0.00139,2.24052,0.36754,1.11290,0.63335,0.56922,0.12009,2.649,5.405,2.046,-1.332,-0.356,-0.553,-0.280
114.900000,5745,0.00575,2.21524,0.38644,1.12727,0.63745,0.51843,0.12321,0.00741,2.21729,0.38903,1.12455,0.64590,0.52635,0.13391,0.01107,2.24515,0.36882,1.14248,0.62379,0.56015,0.10345,2.624,5.308,2.069,-1.390,-0.359,-0.549,-0.288
115.000000,5750,0.01224,2.22554,0.38644,1.15626,0.62792,0.50928,0.10642,0.01558,2.22216,0.39094,1.15279,0.63626,0.51750,0.11728,0.01974,2.25049,0.37031,1.17078,0.61445,0.55163,0.08747,2.599,5.205,2.087,-1.448,-0.361,-0.545,-0.296
115.100000,5755,0.02177,2.23317,0.38835,1.18220,0.62181,0.50089,0.09116,0.02287,2.22789,0.39287,1.17987,0.62665,0.50940,0.10170,0.02748,2.25654,0.37202,1.19787,0.60533,0.54363,0.07212,2.573,5.098,2.101,-1.508,-0.363,-0.539,-0.305
115.200000,5760,0.02482,2.23889,0.38950,1.20700,0.61037,0.49478,0.07667,0.02957,2.23454,0.39474,1.20588,0.61733,0.50209,0.08657,0.03432,2.26330,0.37394,1.22380,0.59641,0.53611,0.05735,2.546,4.987,2.110,-1.569,-0.365,-0.533,-0.313
115.300000,5765,0.03207,2.24499,0.39293,1.23103,0.60007,0.48982,0.06217,0.03516,2.24190,0.39710,1.23066,0.60828,0.49478,0.07234,0.04035,2.27076,0.37610,1.24863,0.58766,0.52906,0.04313,2.517,4.873,2.116,-1.631,-0.367,-0.526,-0.322
115.400000,5770,0.03856,2.24766,0.39522,1.25392,0.59549,0.47991,0.04958,0.04005,2.24978,0.39973,1.25433,0.59947,0.48794,0.05860,0.04560,2.27893,0.37848,1.27241,0.57909,0.52245,0.02944,2.487,4.755,2.118,-1.693,-0.370,-0.518,-0.331
115.500000,5775,0.03932,2.25606,0.39713,1.27566,0.58329,0.47571,0.03699,0.04438,2.25831,0.40244,1.27722,0.59061,0.48195,0.04465,0.05012,2.28780,0.38109,1.29517,0.57068,0.51628,0.01625,2.454,4.635,2.116,-1.756,-0.372,-0.509,-0.340
115.600000,5780,0.04504,2.26674,0.40247,1.29779,0.57337,0.47075,0.02097,0.04782,2.26770,0.40543,1.29893,0.58187,0.47592,0.03172,0.05397,2.29736,0.38395,1.31694,0.56242,0.51053,0.00353,2.421,4.512,2.110,-1.819,-0.373,-0.499,-0.348
115.700000,5785,0.05000,2.27780,0.40475,1.31801,0.56955,0.46541,0.00876,0.05063,2.27773,0.40870,1.31969,0.57343,0.47050,0.01939,0.05718,2.30759,0.38704,1.33775,0.55430,0.50520,-0.00872,2.387,4.387,2.101,-1.883,-0.375,-0.487,-0.357
115.800000,5790,0.05267,2.28696,0.40819,1.33708,0.55887,0.46198,-0.00192,0.05309,2.28841,0.41223,1.33959,0.56513,0.46562,0.00705,0.05980,2.31849,0.39037,1.35761,0.54633,0.50029,-0.02053,2.351,4.260,2.088,-1.947,-0.377,-0.474,-0.366
115.900000,5795,0.05267,2.29649,0.41048,1.35692,0.54972,0.45740,-0.01260,0.05498,2.29999,0.41564,1.35854,0.55659,0.46109,-0.00440,0.06185,2.33007,0.39395,1.37653,0.53850,0.49581,-0.03190,2.316,4.132,2.072,-2.011,-0.379,-0.458,-0.374
116.000000,5800,0.05267,2.30832,0.41467,1.37447,0.54552,0.45244,-0.02442,0.05614,2.31172,0.41994,1.37643,0.54886,0.45671,-0.01588,0.06338,2.34229,0.39777,1.39452,0.53080,0.49175,-0.04285,2.282,4.001,2.052,-2.074,-0.380,-0.442,-0.383
116.100000,5805,0.05343,2.31976,0.41887,1.39163,0.53789,0.44977,-0.03587,0.05695,2.32451,0.42395,1.39351,0.54071,0.45317,-0.02641,0.06444,2.35512,0.40182,1.41161,0.52325,0.48811,-0.05338,2.250,3.869,2.030,-2.138,-0.381,-0.422,-0.391
116.200000,5810,0.05534,2.33121,0.42268,1.40727,0.52606,0.44862,-0.04922,0.05740,2.33805,0.42819,1.40976,0.53271,0.45010,-0.03666,0.06504,2.36858,0.40611,1.42778,0.51584,0.48492,-0.06350,2.220,3.735,2.004,-2.201,-0.383,-0.401,-0.399
116.300000,5815,0.05534,2.34647,0.42726,1.42139,0.51996,0.44595,-0.05685,0.05737,2.35176,0.43293,1.42495,0.52517,0.44702,-0.04674,0.06524,2.38260,0.41063,1.44306,0.50857,0.48216,-0.07322,2.192,3.600,1.975,-2.264,-0.384,-0.378,-0.407
116.400000,5820,0.05534,2.36134,0.43298,1.43626,0.51576,0.44443,-0.06486,0.05696,2.36610,0.43781,1.43926,0.51778,0.44450,-0.05632,0.06505,2.39721,0.41539,1.45744,0.50145,0.47984,-0.08254,2.167,3.463,1.943,-2.326,-0.384,-0.352,-0.414
116.500000,5825,0.05534,2.37546,0.43909,1.44923,0.50508,0.44328,-0.07554,0.05621,2.38103,0.44307,1.45272,0.51066,0.44260,-0.06554,0.06451,2.41236,0.42038,1.47095,0.49449,0.47798,-0.09147,2.145,3.324,1.908,-2.387,-0.385,-0.324,-0.421
116.600000,5830,0.05496,2.38881,0.44367,1.46182,0.49707,0.44252,-0.08355,0.05521,2.39674,0.44827,1.46533,0.50323,0.44117,-0.07404,0.06365,2.42804,0.42559,1.48357,0.48770,0.47656,-0.10001,2.126,3.184,1.871,-2.448,-0.385,-0.294,-0.427
116.700000,5835,0.05496,2.40369,0.45015,1.47365,0.49288,0.44214,-0.09156,0.05384,2.41284,0.45366,1.47703,0.49600,0.44015,-0.08238,0.06249,2.44423,0.43102,1.49530,0.48107,0.47560,-0.10815,2.109,3.043,1.831,-2.509,-0.385,-0.263,-0.433
116.800000,5840,0.05496,2.42009,0.45511,1.48319,0.48830,0.44252,-0.10224,0.05224,2.42945,0.45933,1.48788,0.48897,0.43971,-0.09028,0.06107,2.46088,0.43665,1.50617,0.47462,0.47510,-0.11592,2.096,2.900,1.789,-2.568,-0.385,-0.231,-0.439
116.900000,5845,0.05496,2.43688,0.46083,1.49425,0.47571,0.44252,-0.10835,0.05055,2.44647,0.46499,1.49792,0.48228,0.43977,-0.09799,0.05941,2.47798,0.44249,1.51619,0.46836,0.47504,-0.12330,2.084,2.756,1.745,-2.628,-0.385,-0.198,-0.443
117.000000,5850,0.05420,2.45519,0.46617,1.50264,0.47037,0.44328,-0.11369,0.04848,2.46383,0.47116,1.50691,0.47570,0.43987,-0.10508,0.05751,2.49553,0.44854,1.52530,0.46230,0.47547,-0.13029,2.074,2.610,1.699,-2.687,-0.383,-0.164,-0.447
117.100000,5855,0.05191,2.47083,0.47304,1.51065,0.46732,0.44481,-0.12056,0.04630,2.48179,0.47724,1.51518,0.46906,0.44082,-0.11176,0.05542,2.51348,0.45478,1.53356,0.45644,0.47634,-0.13690,2.067,2.462,1.650,-2.747,-0.382,-0.133,-0.450
117.200000,5860,0.05153,2.48876,0.47914,1.51714,0.46274,0.44672,-0.12819,0.04388,2.49994,0.48377,1.52253,0.46311,0.44201,-0.11819,0.05315,2.53180,0.46120,1.54097,0.45080,0.47767,-0.14314,2.062,2.314,1.600,-2.808,-0.380,-0.101,-0.452
117.300000,5865,0.04924,2.50859,0.48639,1.52477,0.45358,0.44862,-0.13238,0.04137,2.51840,0.49056,1.52894,0.45765,0.44373,-0.12433,0.05071,2.55048,0.46781,1.54753,0.44538,0.47944,-0.14898,2.058,2.164,1.549,-2.871,-0.378,-0.070,-0.452
117.400000,5870,0.04886,2.52728,0.49364,1.52744,0.44519,0.45053,-0.13620,0.03864,2.53740,0.49742,1.53460,0.45193,0.44582,-0.12998,0.04811,2.56952,0.47459,1.55320,0.44020,0.48168,-0.15444,2.056,2.013,1.495,-2.936,-0.375,-0.041,-0.452
117.500000,5875,0.04313,2.54636,0.50051,1.53278,0.44328,0.45320,-0.14116,0.03591,2.55657,0.50427,1.53930,0.44632,0.44846,-0.13513,0.04538,2.58887,0.48155,1.55803,0.43526,0.48436,-0.15952,2.055,1.860,1.441,-3.004,-0.372,-0.015,-0.451
117.600000,5880,0.03779,2.56429,0.50661,1.53850,0.44023,0.45587,-0.14764,0.03289,2.57621,0.51151,1.54321,0.44130,0.45145,-0.13984,0.04251,2.60853,0.48867,1.56202,0.43058,0.48746,-0.16424,2.055,1.706,1.385,-3.077,-0.367,0.010,-0.447
117.700000,5885,0.03703,2.58451,0.51500,1.53850,0.43756,0.46121,-0.15489,0.02982,2.59607,0.51880,1.54632,0.43646,0.45494,-0.14439,0.03953,2.62848,0.49595,1.56514,0.42615,0.49101,-0.16856,2.056,1.550,1.327,-3.156,-0.362,0.033,-0.443
117.800000,5890,0.03245,2.60396,0.52110,1.54041,0.43222,0.46808,-0.15794,0.02668,2.61621,0.52618,1.54854,0.43173,0.45897,-0.14874,0.03643,2.64870,0.50338,1.56737,0.42201,0.49499,-0.17250,2.057,1.393,1.269,-3.243,-0.355,0.055,-0.436
117.900000,5895,0.03207,2.62304,0.52912,1.54041,0.42192,0.47189,-0.15870,0.02325,2.63656,0.53384,1.54931,0.42780,0.46318,-0.15205,0.03304,2.66909,0.51096,1.56828,0.41827,0.49937,-0.17588,2.046,1.237,1.211,-3.388,-0.338,0.074,-0.411
118.000000,5900,0.02406,2.64402,0.53713,1.54041,0.41963,0.47533,-0.15947,0.01934,2.65671,0.54161,1.54817,0.42427,0.46779,-0.15505,0.02914,2.68953,0.51866,1.56724,0.41511,0.50417,-0.17842,2.044,1.081,1.152,-3.519,-0.319,0.092,-0.384
118.100000,5905,0.01872,2.66309,0.54170,1.54041,0.41887,0.48029,-0.16175,0.01528,2.67732,0.54948,1.54621,0.42097,0.47291,-0.15713,0.02518,2.71011,0.52646,1.56539,0.41224,0.50935,-0.18062,2.067,0.925,1.092,-3.547,-0.320,0.107,-0.391
118.200000,5910,0.01796,2.68331,0.55086,1.54041,0.41734,0.48715,-0.16290,0.01174,2.69819,0.55724,1.54470,0.41763,0.47843,-0.15937,0.02161,2.73096,0.53433,1.56394,0.40935,0.51486,-0.18298,2.090,0.765,1.031,-3.563,-0.323,0.122,-0.403
118.300000,5915,0.01491,2.70620,0.55887,1.54003,0.41505,0.49478,-0.16595,0.00843,2.71920,0.56508,1.54291,0.41444,0.48431,-0.16160,0.01818,2.75197,0.54226,1.56219,0.40662,0.52071,-0.18521,2.098,0.603,0.969,-3.632,-0.314,0.136,-0.393
118.400000,5920,0.00995,2.72756,0.56650,1.53888,0.41467,0.49936,-0.16595,0.00489,2.74015,0.57328,1.54017,0.41202,0.49026,-0.16347,0.01469,2.77304,0.55026,1.55960,0.40421,0.52689,-0.18710,2.104,0.441,0.907,-3.699,-0.302,0.148,-0.380
118.500000,5925,0.00499,2.74701,0.57413,1.53812,0.41429,0.50432,-0.16671,0.00146,2.76126,0.58121,1.53670,0.40945,0.49676,-0.16503,0.01111,2.79418,0.55831,1.55619,0.40210,0.53337,-0.18865,2.110,0.278,0.845,-3.759,-0.289,0.160,-0.367
118.600000,5930,0.00155,2.76838,0.58329,1.53392,0.41162,0.51119,-0.16977,-0.00213,2.78248,0.58925,1.53243,0.40722,0.50364,-0.16641,0.00745,2.81537,0.56641,1.55191,0.40033,0.54017,-0.18985,2.117,0.115,0.783,-3.810,-0.275,0.172,-0.353
118.700000,5935,0.00041,2.78898,0.59130,1.52858,0.41086,0.52110,-0.16977,-0.00589,2.80369,0.59744,1.52720,0.40555,0.51058,-0.16740,0.00370,2.83666,0.57456,1.54681,0.39886,0.54727,-0.19075,2.124,-0.048,0.721,-3.853,-0.261,0.183,-0.339
118.800000,5940,-0.00455,2.81072,0.59931,1.52172,0.40743,0.52645,-0.16977,-0.00964,2.82495,0.60585,1.52106,0.40441,0.51787,-0.16823,-0.00015,2.85810,0.58279,1.54080,0.39770,0.55470,-0.19134,2.131,-0.213,0.659,-3.890,-0.247,0.194,-0.326
118.900000,5945,-0.01142,2.83094,0.60732,1.51370,0.40475,0.53293,-0.17015,-0.01354,2.84671,0.61408,1.51407,0.40321,0.52573,-0.16837,-0.00414,2.87980,0.59112,1.53390,0.39685,0.56247,-0.19164,2.137,-0.379,0.598,-3.923,-0.233,0.205,-0.312
119.000000,5950,-0.01256,2.85306,0.61609,1.50684,0.40323,0.54323,-0.16977,-0.01769,2.86873,0.62260,1.50604,0.40232,0.53375,-0.16860,-0.00830,2.90189,0.59959,1.52595,0.39633,0.57066,-0.19162,2.142,-0.548,0.536,-3.951,-0.216,0.216,-0.296
119.100000,5955,-0.01599,2.87519,0.62410,1.49730,0.40018,0.55200,-0.16977,-0.02208,2.89108,0.63131,1.49636,0.40218,0.54219,-0.16830,-0.01285,2.92443,0.60822,1.51642,0.39624,0.57930,-0.19114,2.139,-0.720,0.474,-3.980,-0.185,0.226,-0.260
119.200000,5960,-0.02172,2.89655,0.63211,1.48471,0.40018,0.55925,-0.16938,-0.02721,2.91413,0.64032,1.48457,0.40267,0.55123,-0.16727,-0.01798,2.94752,0.61703,1.50477,0.39670,0.58847,-0.19004,2.145,-0.894,0.413,-3.999,-0.166,0.237,-0.242
119.300000,5965,-0.02896,2.91982,0.64241,1.47174,0.40018,0.57032,-0.16938,-0.03227,2.93890,0.64967,1.47208,0.40302,0.56140,-0.16663,-0.02319,2.97227,0.62639,1.49226,0.39734,0.59853,-0.18891,2.162,-1.081,0.350,-4.012,-0.161,0.250,-0.248
119.400000,5970,-0.03163,2.94653,0.65195,1.45763,0.40056,0.58176,-0.16938,-0.03741,2.96503,0.65950,1.45819,0.40483,0.57209,-0.16537,-0.02833,2.99835,0.63584,1.47838,0.39870,0.60927,-0.18737,2.204,-1.282,0.259,-4.030,-0.028,0.252,-0.169
119.500000,5975,-0.03431,2.97209,0.65577,1.44008,0.41925,0.58634,-0.16137,-0.03991,2.98515,0.66218,1.43952,0.41443,0.57841,-0.16051,-0.03038,3.01874,0.63758,1.45975,0.40771,0.61575,-0.18115,2.466,-1.445,-0.322,-4.057,0.115,0.082,-0.013
119.600000,5980,-0.03354,2.98467,0.64737,1.41223,0.44176,0.58100,-0.14917,-0.03831,2.99676,0.65448,1.41355,0.43445,0.57849,-0.14847,-0.02833,3.03024,0.62946,1.43377,0.42708,0.61536,-0.16802,2.605,-1.505,-0.427,-4.061,0.128,-0.174,0.005
119.700000,5985,-0.03354,2.99268,0.63364,1.38324,0.46541,0.57642,-0.13047,-0.03540,3.00744,0.64523,1.38532,0.45715,0.57655,-0.13412,-0.02546,3.04101,0.62004,1.40582,0.44855,0.61368,-0.15346,2.563,-1.535,-0.472,-4.052,0.132,-0.124,0.009
119.800000,5990,-0.03354,3.00298,0.62220,1.35387,0.48601,0.57680,-0.11636,-0.03323,3.01847,0.63498,1.35658,0.48034,0.57634,-0.11986,-0.02360,3.05213,0.60975,1.37724,0.47015,0.61347,-0.13881,2.507,-1.567,-0.513,-4.040,0.133,-0.051,0.013
119.900000,5995,-0.03316,3.01443,0.61380,1.32602,0.50813,0.57794,-0.10224,-0.03187,3.02982,0.62411,1.32821,0.50279,0.57773,-0.10495,-0.02276,3.06320,0.59896,1.34893,0.49118,0.61467,-0.12453,2.439,-1.599,-0.552,-4.024,0.133,0.031,0.015
120.000000,6000,-0.03316,3.02625,0.60083,1.29779,0.52912,0.58062,-0.08889,-0.03075,3.04068,0.61354,1.30132,0.52402,0.57956,-0.09030,-0.02220,3.07355,0.58841,1.32197,0.51111,0.61611,-0.11092,2.494,-1.650,-0.583,-4.002,0.129,-0.090,0.017
120.100000,6005,-0.03011,3.03160,0.59244,1.28177,0.54666,0.57489,-0.07669,-0.02726,3.04029,0.60341,1.28726,0.53838,0.57673,-0.07606,-0.01973,3.07195,0.57818,1.30774,0.52296,0.61257,-0.10013,2.609,-2.215,-0.589,-3.696,-0.005,-0.380,-0.014
120.200000,6010,-0.02515,3.02244,0.58100,1.28825,0.54285,0.56078,-0.07058,-0.02034,3.02211,0.59264,1.29668,0.53864,0.56838,-0.06786,-0.01446,3.05163,0.56775,1.31639,0.52124,0.60258,-0.09528,2.646,-2.055,-0.529,-3.295,-0.422,-0.412,-0.130
120.300000,6015,-0.01828,2.99955,0.57146,1.30542,0.52683,0.54933,-0.06677,-0.01341,3.00072,0.58195,1.31123,0.53366,0.55844,-0.06426,-0.00832,3.02909,0.55808,1.33041,0.51684,0.59201,-0.09273,2.625,-1.864,-0.463,-3.291,-0.407,-0.411,-0.154
120.400000,6020,-0.00875,2.97857,0.56192,1.31724,0.52339,0.54285,-0.06372,-0.00795,2.97945,0.57232,1.32350,0.52937,0.54850,-0.06176,-0.00271,3.00784,0.54885,1.34260,0.51300,0.58240,-0.09013,2.588,-1.686,-0.402,-3.293,-0.381,-0.408,-0.130
120.500000,6025,-0.00836,2.95873,0.55315,1.32831,0.52110,0.53140,-0.05990,-0.00332,2.95838,0.56320,1.33326,0.52606,0.53948,-0.05912,0.00211,2.98717,0.53974,1.35236,0.50972,0.57356,-0.08700,2.556,-1.512,-0.341,-3.296,-0.356,-0.407,-0.111
120.600000,6030,-0.00569,2.93966,0.54628,1.33594,0.52072,0.52378,-0.05647,0.00083,2.93829,0.55426,1.34163,0.52305,0.53121,-0.05598,0.00650,2.96717,0.53085,1.36067,0.50687,0.56534,-0.08369,2.534,-1.342,-0.281,-3.296,-0.335,-0.405,-0.102
120.700000,6035,0.00308,2.91982,0.53636,1.34395,0.51996,0.51882,-0.05532,0.00451,2.91865,0.54556,1.34881,0.52063,0.52330,-0.05264,0.01062,2.94764,0.52211,1.36788,0.50436,0.55762,-0.08023,2.514,-1.176,-0.221,-3.297,-0.316,-0.404,-0.092
120.800000,6040,0.00575,2.90189,0.52912,1.34814,0.51958,0.51042,-0.05151,0.00841,2.89930,0.53684,1.35512,0.51843,0.51593,-0.04911,0.01454,2.92840,0.51347,1.37417,0.50215,0.55030,-0.07662,2.499,-1.013,-0.162,-3.295,-0.299,-0.403,-0.085
120.900000,6045,0.00842,2.88206,0.52072,1.35539,0.51767,0.50203,-0.04846,0.01232,2.88035,0.52829,1.36124,0.51645,0.50889,-0.04572,0.01856,2.90957,0.50500,1.38029,0.50012,0.54333,-0.07317,2.497,-0.852,-0.102,-3.274,-0.290,-0.403,-0.097
121.000000,6050,0.01338,2.86413,0.51309,1.36073,0.51653,0.49593,-0.04655,0.01635,2.86189,0.52004,1.36758,0.51453,0.50212,-0.04276,0.02283,2.89121,0.49672,1.38662,0.49820,0.53666,-0.07003,2.484,-0.698,-0.045,-3.263,-0.278,-0.401,-0.095
121.100000,6055,0.01948,2.84658,0.50623,1.36760,0.51615,0.49364,-0.04426,0.02020,2.84352,0.51166,1.37303,0.51271,0.49581,-0.03968,0.02687,2.87289,0.48844,1.39195,0.49655,0.53032,-0.06658,2.453,-0.544,0.010,-3.290,-0.253,-0.399,-0.064
121.200000,6060,0.02215,2.82903,0.49707,1.37027,0.51348,0.48639,-0.03701,0.02355,2.82494,0.50321,1.37653,0.51154,0.48988,-0.03572,0.03035,2.85434,0.48004,1.39539,0.49532,0.52440,-0.06236,2.424,-0.387,0.067,-3.333,-0.228,-0.395,-0.038
121.300000,6065,0.02215,2.81034,0.49021,1.37027,0.51271,0.47838,-0.03282,0.02665,2.80634,0.49476,1.37875,0.51073,0.48418,-0.03112,0.03354,2.83583,0.47166,1.39764,0.49440,0.51885,-0.05772,2.407,-0.228,0.126,-3.359,-0.208,-0.390,-0.024
121.400000,6070,0.02482,2.79165,0.48258,1.37103,0.51233,0.47380,-0.02519,0.02946,2.78801,0.48631,1.38016,0.50995,0.47899,-0.02640,0.03654,2.81750,0.46336,1.39901,0.49373,0.51369,-0.05280,2.391,-0.070,0.186,-3.383,-0.190,-0.385,-0.011
121.500000,6075,0.02864,2.77524,0.47647,1.37218,0.51271,0.47075,-0.02175,0.03214,2.76950,0.47818,1.38063,0.50976,0.47400,-0.02167,0.03937,2.79935,0.45516,1.39950,0.49332,0.50891,-0.04760,2.375,0.087,0.245,-3.411,-0.172,-0.378,0.002
121.600000,6080,0.03283,2.75579,0.46846,1.37218,0.51271,0.46770,-0.01374,0.03467,2.75183,0.46988,1.38032,0.50938,0.46973,-0.01604,0.04200,2.78140,0.44707,1.39912,0.49316,0.50452,-0.04209,2.359,0.243,0.304,-3.437,-0.153,-0.370,0.015
121.700000,6085,0.03589,2.73900,0.46083,1.37218,0.51271,0.46312,-0.00726,0.03708,2.73390,0.46175,1.37906,0.50959,0.46561,-0.01038,0.04445,2.76365,0.43909,1.39786,0.49323,0.50053,-0.03626,2.344,0.398,0.362,-3.459,-0.136,-0.361,0.027
121.800000,6090,0.03627,2.72146,0.45244,1.37218,0.51309,0.45969,0.00037,0.03925,2.71635,0.45383,1.37697,0.50985,0.46201,-0.00442,0.04670,2.74610,0.43122,1.39573,0.49354,0.49693,-0.03011,2.328,0.552,0.420,-3.474,-0.119,-0.350,0.040
121.900000,6095,0.03627,2.70505,0.44367,1.37180,0.51309,0.45625,0.00419,0.04128,2.69874,0.44617,1.37393,0.51088,0.45857,0.00175,0.04875,2.72877,0.42349,1.39271,0.49408,0.49372,-0.02362,2.312,0.706,0.477,-3.480,-0.102,-0.337,0.052
122.000000,6100,0.03932,2.68941,0.43718,1.37180,0.51348,0.45244,0.00876,0.04299,2.68151,0.43872,1.36998,0.51201,0.45560,0.00846,0.05059,2.71167,0.41588,1.38881,0.49484,0.49092,-0.01677,2.297,0.859,0.534,-3.478,-0.086,-0.323,0.064
122.100000,6105,0.04123,2.67072,0.43108,1.36798,0.51576,0.45015,0.01754,0.04459,2.66482,0.43109,1.36524,0.51288,0.45322,0.01569,0.05221,2.69482,0.40842,1.38403,0.49580,0.48852,-0.00957,2.281,1.011,0.590,-3.468,-0.071,-0.307,0.076
122.200000,6110,0.04123,2.65622,0.42345,1.36378,0.51805,0.44977,0.02517,0.04600,2.64816,0.42354,1.35966,0.51400,0.45120,0.02291,0.05360,2.67823,0.40110,1.37837,0.49697,0.48653,-0.00200,2.265,1.162,0.645,-3.450,-0.057,-0.290,0.087
122.300000,6115,0.04161,2.63906,0.41772,1.35615,0.51996,0.44901,0.03089,0.04700,2.63160,0.41670,1.35297,0.51595,0.44935,0.03068,0.05474,2.66193,0.39395,1.37182,0.49834,0.48494,0.00594,2.248,1.312,0.699,-3.425,-0.043,-0.271,0.098
122.400000,6120,0.04161,2.62304,0.41086,1.35005,0.52072,0.44862,0.04272,0.04792,2.61565,0.40968,1.34554,0.51776,0.44814,0.03893,0.05562,2.64594,0.38697,1.36439,0.49989,0.48375,0.01426,2.231,1.461,0.753,-3.396,-0.030,-0.251,0.109
122.500000,6125,0.04237,2.60930,0.40475,1.34128,0.52110,0.44824,0.05340,0.04853,2.60020,0.40261,1.33726,0.51932,0.44745,0.04774,0.05623,2.63028,0.38017,1.35607,0.50162,0.48297,0.02296,2.214,1.609,0.804,-3.362,-0.019,-0.231,0.120
122.600000,6130,0.04657,2.59328,0.39789,1.33250,0.52301,0.44862,0.06065,0.04879,2.58461,0.39610,1.32802,0.52162,0.44673,0.05639,0.05654,2.61499,0.37356,1.34687,0.50351,0.48259,0.03205,2.197,1.756,0.855,-3.325,-0.008,-0.211,0.130
122.700000,6135,0.04695,2.57878,0.39178,1.32182,0.52492,0.44901,0.07018,0.04884,2.56975,0.38943,1.31805,0.52339,0.44693,0.06544,0.05654,2.60007,0.36715,1.33680,0.50557,0.48262,0.04152,2.179,1.901,0.904,-3.286,0.003,-0.190,0.141
122.800000,6140,0.04733,2.56620,0.38721,1.31114,0.52530,0.44939,0.07934,0.04871,2.55521,0.38274,1.30730,0.52545,0.44737,0.07522,0.05634,2.58542,0.36087,1.32603,0.50775,0.48300,0.05133,2.181,2.046,0.949,-3.242,0.009,-0.176,0.150
122.900000,6145,0.04733,2.55132,0.37920,1.30008,0.52759,0.44939,0.08849,0.04881,2.54026,0.37647,1.29640,0.52821,0.44770,0.08524,0.05638,2.57060,0.35449,1.31524,0.50993,0.48359,0.06131,2.200,2.191,0.990,-3.194,0.010,-0.167,0.159
123.000000,6150,0.04733,2.53606,0.37347,1.28863,0.52873,0.44977,0.10184,0.04891,2.52532,0.37031,1.28514,0.53099,0.44838,0.09550,0.05643,2.55583,0.34810,1.30408,0.51216,0.48448,0.07156,2.172,2.338,1.036,-3.150,0.021,-0.145,0.169
123.100000,6155,0.04695,2.52271,0.36966,1.27681,0.53179,0.45015,0.11291,0.04812,2.51125,0.36449,1.27227,0.53382,0.44953,0.10629,0.05565,2.54189,0.34216,1.29133,0.51464,0.48589,0.08243,2.111,2.483,1.087,-3.107,0.038,-0.114,0.181
123.200000,6160,0.04695,2.50859,0.36546,1.26193,0.53598,0.45129,0.12511,0.04654,2.49841,0.35871,1.25783,0.53648,0.45151,0.11798,0.05394,2.52886,0.33669,1.27688,0.51739,0.48786,0.09397,2.079,2.624,1.131,-3.061,0.050,-0.092,0.191
123.300000,6165,0.04657,2.49677,0.35898,1.24553,0.54476,0.45358,0.13503,0.04430,2.48564,0.35358,1.24220,0.53990,0.45368,0.12968,0.05169,2.51634,0.33147,1.26134,0.52029,0.49023,0.10603,2.061,2.764,1.169,-3.012,0.058,-0.076,0.201
123.400000,6170,0.04657,2.48723,0.35440,1.22836,0.54857,0.45702,0.14533,0.04168,2.47341,0.34865,1.22566,0.54328,0.45629,0.14183,0.04897,2.50425,0.32646,1.24483,0.52333,0.49299,0.11857,2.044,2.903,1.205,-2.963,0.066,-0.060,0.211
123.500000,6175,0.04580,2.47426,0.35173,1.21043,0.55086,0.46159,0.16174,0.03863,2.46213,0.34338,1.20815,0.54626,0.45966,0.15517,0.04569,2.49266,0.32169,1.22728,0.52650,0.49615,0.13163,2.030,3.041,1.240,-2.913,0.075,-0.046,0.221
123.600000,6180,0.03970,2.46167,0.34601,1.19250,0.55200,0.46617,0.17661,0.03493,2.45087,0.33885,1.18951,0.54981,0.46295,0.16833,0.04186,2.48154,0.31714,1.20871,0.52981,0.49969,0.14521,2.019,3.178,1.271,-2.863,0.082,-0.033,0.231
123.700000,6185,0.03512,2.45213,0.34067,1.17267,0.55429,0.47113,0.18730,0.03059,2.44017,0.33453,1.16984,0.55359,0.46684,0.18222,0.03742,2.47092,0.31283,1.18908,0.53325,0.50362,0.15932,2.010,3.315,1.300,-2.812,0.090,-0.021,0.241
123.800000,6190,0.03245,2.44260,0.33952,1.15130,0.55582,0.47342,0.20217,0.02568,2.43003,0.33043,1.14899,0.55771,0.47088,0.19703,0.03232,2.46083,0.30876,1.16836,0.53682,0.50794,0.17399,2.005,3.451,1.327,-2.761,0.098,-0.010,0.250
123.900000,6195,0.02902,2.43726,0.33456,1.12880,0.56269,0.47800,0.21896,0.01989,2.42028,0.32678,1.12705,0.56170,0.47534,0.21198,0.02653,2.45129,0.30494,1.14653,0.54053,0.51266,0.18924,2.004,3.586,1.350,-2.710,0.106,-0.000,0.260
124.000000,6200,0.01796,2.42505,0.33189,1.10743,0.57299,0.48181,0.23689,0.01373,2.41141,0.32287,1.10399,0.56559,0.48050,0.22819,0.01999,2.44229,0.30136,1.12356,0.54439,0.51779,0.20508,2.006,3.720,1.370,-2.659,0.113,0.009,0.270
124.100000,6205,0.01567,2.41284,0.32655,1.08149,0.57566,0.49059,0.25100,0.00647,2.40319,0.31946,1.07988,0.56985,0.48608,0.24432,0.01266,2.43386,0.29803,1.09938,0.54838,0.52334,0.22156,2.012,3.854,1.387,-2.609,0.121,0.017,0.280
124.200000,6210,0.00461,2.40750,0.32388,1.05593,0.57794,0.49783,0.26817,-0.00121,2.39505,0.31620,1.05440,0.57436,0.49187,0.26118,0.00448,2.42600,0.29495,1.07397,0.55252,0.52931,0.23869,2.021,3.988,1.400,-2.559,0.129,0.024,0.289
124.300000,6215,-0.00264,2.40483,0.31969,1.03037,0.58100,0.50203,0.28686,-0.01032,2.38766,0.31339,1.02756,0.57890,0.49802,0.27862,-0.00460,2.41871,0.29212,1.04726,0.55682,0.53573,0.25652,2.034,4.122,1.408,-2.509,0.137,0.031,0.299
124.400000,6220,-0.01256,2.40063,0.31969,1.00024,0.58443,0.50699,0.30441,-0.02018,2.38107,0.31079,0.99943,0.58368,0.50486,0.29742,-0.01465,2.41202,0.28954,1.01924,0.56127,0.54261,0.27505,2.050,4.255,1.413,-2.461,0.144,0.037,0.309
124.500000,6225,-0.02591,2.38881,0.31663,0.97163,0.59320,0.51653,0.32272,-0.03090,2.37496,0.30831,0.97003,0.58845,0.51196,0.31666,-0.02567,2.40594,0.28722,0.98992,0.56586,0.54995,0.29428,2.069,4.389,1.413,-2.413,0.151,0.042,0.318
124.600000,6230,-0.03431,2.38271,0.31320,0.94149,0.60007,0.52416,0.34370,-0.04262,2.36973,0.30584,0.93952,0.59328,0.51986,0.33634,-0.03767,2.40050,0.28515,0.95942,0.57058,0.55773,0.31412,2.090,4.522,1.407,-2.366,0.157,0.046,0.327
124.700000,6235,-0.04689,2.37660,0.31320,0.90907,0.60350,0.53102,0.36544,-0.05504,2.36491,0.30392,0.90805,0.59833,0.52795,0.35663,-0.05056,2.39572,0.28335,0.92799,0.57537,0.56590,0.33442,2.114,4.656,1.398,-2.320,0.161,0.048,0.335
124.800000,6240,-0.06177,2.37241,0.31129,0.87778,0.60541,0.54056,0.38223,-0.06833,2.36078,0.30233,0.87605,0.60348,0.53624,0.37723,-0.06414,2.39162,0.28181,0.89610,0.58015,0.57433,0.35488,2.140,4.788,1.384,-2.275,0.162,0.049,0.342
124.900000,6245,-0.07436,2.37202,0.31129,0.84612,0.60770,0.54895,0.40474,-0.08213,2.35772,0.30104,0.84421,0.60842,0.54463,0.39761,-0.07826,2.38851,0.28070,0.86441,0.58486,0.58285,0.37496,2.167,4.946,1.388,-2.234,0.161,0.049,0.347
125.000000,6250,-0.08924,2.37202,0.31129,0.81522,0.61380,0.55582,0.42419,-0.09604,2.35583,0.30032,0.81342,0.61314,0.55289,0.41731,-0.09257,2.38653,0.28010,0.83372,0.58937,0.59121,0.39404,2.199,5.046,1.353,-2.195,0.154,0.045,0.351
125.100000,6255,-0.10106,2.37164,0.31129,0.78623,0.62410,0.56192,0.44174,-0.10917,2.35423,0.29957,0.78467,0.61761,0.56089,0.43629,-0.10604,2.38460,0.27941,0.80505,0.59349,0.59918,0.41204,2.228,5.153,1.326,-2.158,0.142,0.039,0.353
125.200000,6260,-0.11556,2.37164,0.31129,0.76029,0.62639,0.57146,0.45967,-0.12121,2.35364,0.29877,0.75880,0.62126,0.56851,0.45317,-0.11866,2.38346,0.27906,0.77905,0.59718,0.60650,0.42815,2.258,5.221,1.288,-2.126,0.124,0.028,0.353
125.300000,6265,-0.12586,2.36974,0.30710,0.73855,0.62830,0.57718,0.47455,-0.13054,2.35097,0.29745,0.73724,0.62385,0.57463,0.46798,-0.12858,2.37994,0.27805,0.75729,0.59966,0.61211,0.44153,2.306,5.090,1.194,-2.085,-0.002,-0.064,0.338
125.400000,6270,-0.13044,2.36058,0.30672,0.72901,0.62601,0.57489,0.47607,-0.13095,2.34594,0.30587,0.73240,0.62498,0.57538,0.46877,-0.13287,2.36817,0.27609,0.74355,0.59849,0.61257,0.44691,2.472,5.155,1.158,-2.012,-0.222,-0.376,0.103
125.500000,6275,-0.13044,2.35181,0.30672,0.72901,0.62067,0.56574,0.47035,-0.12987,2.33159,0.30319,0.72673,0.62133,0.57204,0.46788,-0.13306,2.35087,0.27392,0.73623,0.59456,0.60894,0.44548,2.585,5.292,1.176,-1.907,-0.274,-0.470,-0.123
125.600000,6280,-0.13006,2.33578,0.30672,0.72825,0.61304,0.55735,0.46463,-0.12854,2.31517,0.30040,0.72222,0.61655,0.56785,0.46482,-0.13213,2.33357,0.27189,0.73129,0.59020,0.60450,0.44228,2.567,5.431,1.207,-1.829,-0.263,-0.465,-0.126
125.700000,6285,-0.13006,2.31862,0.30557,0.72405,0.60427,0.55429,0.46272,-0.12762,2.29994,0.29794,0.71807,0.61197,0.56383,0.46168,-0.13125,2.31800,0.27008,0.72695,0.58626,0.60046,0.43933,2.532,5.555,1.233,-1.772,-0.248,-0.451,-0.108
125.800000,6290,-0.13006,2.30565,0.30481,0.72100,0.60274,0.55086,0.45929,-0.12704,2.28528,0.29619,0.71389,0.60807,0.56002,0.45897,-0.13044,2.30362,0.26840,0.72294,0.58263,0.59674,0.43661,2.502,5.667,1.254,-1.722,-0.237,-0.442,-0.096
125.900000,6295,-0.12815,2.29191,0.30137,0.71795,0.60198,0.54895,0.45585,-0.12651,2.27150,0.29460,0.71003,0.60454,0.55651,0.45628,-0.12966,2.28995,0.26681,0.71912,0.57917,0.59320,0.43402,2.474,5.771,1.272,-1.678,-0.230,-0.436,-0.087
126.000000,6300,-0.12777,2.27742,0.30099,0.71299,0.59931,0.54705,0.45509,-0.12569,2.25844,0.29259,0.70644,0.60077,0.55318,0.45374,-0.12891,2.27666,0.26526,0.71541,0.57581,0.58975,0.43150,2.448,5.871,1.286,-1.638,-0.226,-0.433,-0.080
126.100000,6305,-0.12739,2.26864,0.30023,0.71108,0.59854,0.54590,0.45051,-0.12506,2.24481,0.29116,0.70271,0.59758,0.54961,0.45081,-0.12817,2.26356,0.26374,0.71175,0.57249,0.58636,0.42901,2.422,5.967,1.299,-1.599,-0.223,-0.431,-0.075
126.200000,6310,-0.12739,2.25415,0.30023,0.70650,0.59587,0.54132,0.44822,-0.12445,2.23185,0.28968,0.69900,0.59432,0.54628,0.44861,-0.12743,2.25053,0.26222,0.70811,0.56920,0.58299,0.42655,2.397,6.062,1.311,-1.562,-0.221,-0.430,-0.071
126.300000,6315,-0.12777,2.23698,0.29909,0.70345,0.59473,0.53865,0.44784,-0.12381,2.21891,0.28804,0.69539,0.59083,0.54297,0.44619,-0.12670,2.23754,0.26070,0.70449,0.56591,0.57962,0.42408,2.371,6.155,1.322,-1.524,-0.219,-0.430,-0.067
126.400000,6320,-0.12739,2.22630,0.29451,0.70002,0.58672,0.53369,0.44479,-0.12311,2.20583,0.28642,0.69179,0.58763,0.53978,0.44352,-0.12596,2.22457,0.25919,0.70087,0.56263,0.57626,0.42162,2.346,6.247,1.332,-1.488,-0.218,-0.429,-0.063
126.500000,6325,-0.12700,2.21562,0.29336,0.69582,0.57909,0.52988,0.44098,-0.12252,2.19262,0.28501,0.68809,0.58434,0.53620,0.44102,-0.12523,2.21162,0.25768,0.69725,0.55936,0.57290,0.41917,2.320,6.337,1.342,-1.451,-0.216,-0.429,-0.059
126.600000,6330,-0.12624,2.19960,0.29222,0.69239,0.57642,0.52683,0.44021,-0.12195,2.17978,0.28339,0.68441,0.58089,0.53288,0.43883,-0.12450,2.19868,0.25618,0.69364,0.55609,0.56955,0.41672,2.295,6.426,1.352,-1.414,-0.215,-0.428,-0.055
126.700000,6335,-0.12471,2.18701,0.28764,0.68857,0.57489,0.52416,0.43716,-0.12132,2.16672,0.28181,0.68086,0.57752,0.52946,0.43616,-0.12376,2.18577,0.25467,0.69004,0.55282,0.56621,0.41427,2.269,6.514,1.361,-1.378,-0.213,-0.427,-0.051
126.800000,6340,-0.12471,2.17633,0.28764,0.68628,0.57299,0.52187,0.43335,-0.12063,2.15366,0.28025,0.67719,0.57426,0.52617,0.43371,-0.12303,2.17287,0.25317,0.68643,0.54956,0.56287,0.41183,2.243,6.601,1.369,-1.341,-0.212,-0.426,-0.047
126.900000,6345,-0.12471,2.16221,0.28688,0.68209,0.57260,0.51996,0.42953,-0.12001,2.14080,0.27869,0.67360,0.57086,0.52286,0.43137,-0.12230,2.15999,0.25167,0.68284,0.54630,0.55953,0.40939,2.218,6.686,1.377,-1.305,-0.210,-0.426,-0.043
127.000000,6350,-0.12471,2.14772,0.28497,0.67942,0.56993,0.51653,0.42724,-0.11927,2.12830,0.27682,0.67014,0.56734,0.51975,0.42900,-0.12158,2.14713,0.25017,0.67925,0.54305,0.55620,0.40695,2.192,6.769,1.385,-1.269,-0.209,-0.425,-0.039
127.100000,6355,-0.12471,2.13742,0.28116,0.67560,0.56650,0.51309,0.42534,-0.11861,2.11523,0.27534,0.66655,0.56422,0.51630,0.42622,-0.12085,2.13429,0.24867,0.67566,0.53980,0.55287,0.40451,2.166,6.851,1.392,-1.233,-0.208,-0.424,-0.036
127.200000,6360,-0.12471,2.12407,0.28039,0.67255,0.55735,0.50928,0.42190,-0.11791,2.10269,0.27363,0.66296,0.56070,0.51323,0.42414,-0.12012,2.12146,0.24718,0.67208,0.53656,0.54955,0.40208,2.140,6.932,1.398,-1.197,-0.206,-0.423,-0.032
127.300000,6365,-0.12433,2.10804,0.28001,0.66797,0.55315,0.50432,0.42152,-0.11726,2.08986,0.27197,0.65942,0.55732,0.50975,0.42165,-0.11940,2.10865,0.24569,0.66851,0.53332,0.54623,0.39966,2.115,7.012,1.404,-1.162,-0.205,-0.422,-0.028
127.400000,6370,-0.12433,2.09698,0.27849,0.66645,0.55048,0.50165,0.41847,-0.11662,2.07693,0.27022,0.65588,0.55384,0.50645,0.41893,-0.11867,2.09586,0.24420,0.66494,0.53008,0.54292,0.39723,2.089,7.089,1.410,-1.127,-0.204,-0.422,-0.025
127.500000,6375,-0.12433,2.08859,0.27467,0.66149,0.54972,0.49936,0.41732,-0.11615,2.06381,0.26901,0.65220,0.55076,0.50302,0.41636,-0.11795,2.08309,0.24271,0.66137,0.52685,0.53961,0.39481,2.063,7.166,1.415,-1.092,-0.203,-0.421,-0.021
127.600000,6380,-0.12166,2.07180,0.27391,0.65767,0.54743,0.49631,0.41465,-0.11551,2.05108,0.26750,0.64858,0.54757,0.49975,0.41427,-0.11723,2.07034,0.24122,0.65781,0.52363,0.53631,0.39239,2.037,7.241,1.419,-1.057,-0.202,-0.420,-0.018
127.700000,6385,-0.11937,2.05731,0.27391,0.65500,0.54628,0.49440,0.41389,-0.11492,2.03817,0.26595,0.64499,0.54425,0.49639,0.41165,-0.11651,2.05760,0.23974,0.65426,0.52040,0.53301,0.38998,2.011,7.314,1.423,-1.022,-0.201,-0.419,-0.014
127.800000,6390,-0.11899,2.05082,0.27391,0.65043,0.54285,0.49326,0.41084,-0.11429,2.02522,0.26450,0.64142,0.54100,0.49318,0.40899,-0.11579,2.04488,0.23826,0.65070,0.51719,0.52971,0.38757,1.986,7.386,1.427,-0.988,-0.200,-0.418,-0.011
127.900000,6395,-0.11861,2.03518,0.27162,0.64737,0.54209,0.48754,0.41046,-0.11362,2.01285,0.26271,0.63791,0.53757,0.48984,0.40698,-0.11507,2.03217,0.23678,0.64716,0.51397,0.52642,0.38516,1.960,7.457,1.430,-0.954,-0.199,-0.417,-0.008
128.000000,6400,-0.11899,2.01878,0.26742,0.64394,0.53255,0.48525,0.40664,-0.11294,2.00004,0.26115,0.63441,0.53429,0.48667,0.40427,-0.11435,2.01948,0.23530,0.64362,0.51076,0.52313,0.38275,1.934,7.526,1.433,-0.920,-0.198,-0.416,-0.004
128.100000,6405,-0.11594,2.00772,0.26742,0.63974,0.52683,0.47876,0.40359,-0.11231,1.98733,0.25955,0.63084,0.53099,0.48341,0.40195,-0.11363,2.00681,0.23382,0.64008,0.50756,0.51985,0.38035,1.909,7.594,1.435,-0.886,-0.197,-0.415,-0.001
128.200000,6410,-0.11403,1.99818,0.26704,0.63707,0.52416,0.47647,0.40321,-0.11172,1.97466,0.25802,0.62726,0.52761,0.48023,0.39960,-0.11291,1.99416,0.23235,0.63655,0.50436,0.51657,0.37795,1.883,7.660,1.437,-0.853,-0.196,-0.414,0.002
128.300000,6415,-0.11365,1.98330,0.26170,0.63364,0.52301,0.47418,0.40054,-0.11098,1.96246,0.25599,0.62391,0.52394,0.47703,0.39733,-0.11220,1.98152,0.23087,0.63302,0.50116,0.51330,0.37556,1.857,7.724,1.438,-0.819,-0.195,-0.413,0.005
128.400000,6420,-0.11365,1.96919,0.26094,0.62944,0.52034,0.47151,0.39596,-0.11029,1.94965,0.25445,0.62041,0.52074,0.47372,0.39470,-0.11148,1.96890,0.22940,0.62949,0.49797,0.51003,0.37317,1.832,7.787,1.438,-0.787,-0.195,-0.412,0.008
128.500000,6425,-0.11365,1.95850,0.26094,0.62716,0.51996,0.46884,0.39520,-0.10979,1.93661,0.25320,0.61671,0.51773,0.47024,0.39218,-0.11077,1.95629,0.22794,0.62598,0.49478,0.50676,0.37078,1.806,7.849,1.439,-0.754,-0.194,-0.411,0.011
128.600000,6430,-0.11365,1.94706,0.25941,0.62220,0.51653,0.46694,0.39215,-0.10927,1.92389,0.25189,0.61314,0.51457,0.46702,0.38978,-0.11006,1.94370,0.22647,0.62246,0.49160,0.50350,0.36839,1.781,7.909,1.439,-0.722,-0.193,-0.410,0.014
128.700000,6435,-0.11365,1.92989,0.25522,0.61991,0.51271,0.46312,0.39177,-0.10855,1.91163,0.25006,0.60973,0.51112,0.46402,0.38754,-0.10935,1.93112,0.22500,0.61895,0.48842,0.50025,0.36601,1.755,7.967,1.438,-0.690,-0.193,-0.409,0.017
128.800000,6440,-0.11365,1.92188,0.25407,0.61495,0.50699,0.45969,0.38833,-0.10790,1.89869,0.24862,0.60621,0.50803,0.46058,0.38471,-0.10863,1.91857,0.22354,0.61544,0.48524,0.49699,0.36363,1.730,8.024,1.437,-0.658,-0.192,-0.408,0.020
128.900000,6445,-0.11365,1.91082,0.25407,0.61380,0.50127,0.45473,0.38757,-0.10724,1.88643,0.24694,0.60265,0.50459,0.45755,0.38290,-0.10792,1.90602,0.22208,0.61194,0.48207,0.49374,0.36125,1.705,8.079,1.436,-0.627,-0.191,-0.407,0.023
129.000000,6450,-0.11327,1.89327,0.24949,0.60961,0.49783,0.45168,0.38452,-0.10655,1.87425,0.24512,0.59930,0.50105,0.45435,0.38057,-0.10722,1.89350,0.22062,0.60845,0.47890,0.49050,0.35888,1.680,8.133,1.434,-0.596,-0.191,-0.406,0.025
129.100000,6455,-0.11289,1.88030,0.24759,0.60579,0.49707,0.44939,0.38070,-0.10594,1.86149,0.24354,0.59579,0.49781,0.45097,0.37800,-0.10651,1.88098,0.21916,0.60495,0.47573,0.48726,0.35650,1.654,8.185,1.431,-0.565,-0.190,-0.405,0.028
129.200000,6460,-0.11098,1.87115,0.24759,0.60198,0.49478,0.44634,0.37765,-0.10538,1.84869,0.24220,0.59222,0.49478,0.44772,0.37542,-0.10580,1.86849,0.21770,0.60146,0.47257,0.48402,0.35414,1.629,8.235,1.429,-0.535,-0.190,-0.404,0.031
129.300000,6465,-0.11060,1.85780,0.24644,0.59931,0.49364,0.44367,0.37384,-0.10486,1.83601,0.24088,0.58867,0.49161,0.44445,0.37291,-0.10509,1.85600,0.21625,0.59798,0.46942,0.48079,0.35177,1.604,8.284,1.425,-0.504,-0.189,-0.402,0.033
129.400000,6470,-0.11060,1.84139,0.24263,0.59473,0.49021,0.44176,0.36964,-0.10416,1.82380,0.23917,0.58529,0.48828,0.44143,0.37065,-0.10439,1.84354,0.21480,0.59450,0.46626,0.47756,0.34941,1.579,8.332,1.422,-0.475,-0.189,-0.401,0.036
129.500000,6475,-0.11060,1.83376,0.24148,0.59206,0.48944,0.43832,0.36850,-0.10358,1.81099,0.23778,0.58169,0.48527,0.43794,0.36814,-0.10368,1.83109,0.21335,0.59102,0.46311,0.47433,0.34705,1.555,8.377,1.418,-0.445,-0.188,-0.400,0.038
129.600000,6480,-0.11060,1.82079,0.24110,0.58863,0.48181,0.43451,0.36583,-0.10286,1.79888,0.23605,0.57830,0.48176,0.43501,0.36604,-0.10298,1.81865,0.21190,0.58755,0.45997,0.47111,0.34469,1.530,8.422,1.414,-0.416,-0.188,-0.399,0.040
129.700000,6485,-0.11060,1.80439,0.23881,0.58405,0.47456,0.43222,0.36506,-0.10216,1.78678,0.23417,0.57496,0.47832,0.43182,0.36377,-0.10227,1.80622,0.21045,0.58408,0.45683,0.46789,0.34234,1.505,8.464,1.409,-0.387,-0.188,-0.398,0.043
129.800000,6490,-0.10831,1.79256,0.23500,0.58176,0.47151,0.42650,0.36239,-0.10169,1.77382,0.23306,0.57127,0.47549,0.42833,0.36132,-0.10157,1.79382,0.20900,0.58062,0.45369,0.46468,0.33998,1.481,8.505,1.404,-0.359,-0.187,-0.397,0.045
129.900000,6495,-0.10793,1.78417,0.23500,0.57756,0.47113,0.42345,0.36163,-0.10109,1.76123,0.23157,0.56779,0.47220,0.42514,0.35879,-0.10087,1.78142,0.20756,0.57716,0.45055,0.46147,0.33763,1.456,8.545,1.398,-0.331,-0.187,-0.395,0.047
130.000000,6500,-0.10793,1.76891,0.23462,0.57413,0.46846,0.42078,0.35896,-0.10038,1.74913,0.22969,0.56447,0.46866,0.42211,0.35649,-0.10017,1.76904,0.20612,0.57370,0.44742,0.45826,0.33529,1.432,8.582,1.392,-0.303,-0.187,-0.394,0.049
130.100000,6505,-0.10793,1.75403,0.23385,0.57070,0.46732,0.41849,0.35820,-0.09981,1.73670,0.22818,0.56098,0.46541,0.41883,0.35412,-0.09947,1.75668,0.20468,0.57025,0.44430,0.45506,0.33294,1.407,8.618,1.386,-0.276,-0.187,-0.393,0.051
130.200000,6510,-0.10793,1.74297,0.23233,0.56803,0.46465,0.41582,0.35476,-0.09926,1.72406,0.22689,0.55744,0.46247,0.41569,0.35166,-0.09877,1.74432,0.20324,0.56680,0.44117,0.45186,0.33060,1.383,8.653,1.379,-0.249,-0.187,-0.392,0.054
130.300000,6515,-0.10793,1.73382,0.22889,0.56383,0.46350,0.41277,0.35095,-0.09865,1.71157,0.22543,0.55400,0.45934,0.41242,0.34913,-0.09807,1.73199,0.20180,0.56336,0.43805,0.44866,0.32827,1.359,8.686,1.372,-0.223,-0.186,-0.391,0.056
130.400000,6520,-0.10755,1.71741,0.22813,0.56040,0.45892,0.40933,0.35019,-0.09792,1.69965,0.22365,0.55064,0.45594,0.40942,0.34713,-0.09737,1.71966,0.20036,0.55992,0.43493,0.44547,0.32593,1.335,8.717,1.365,-0.196,-0.186,-0.389,0.057
130.500000,6525,-0.10755,1.70635,0.22622,0.55658,0.45015,0.40704,0.34637,-0.09735,1.68697,0.22233,0.54719,0.45298,0.40619,0.34427,-0.09668,1.70735,0.19893,0.55648,0.43182,0.44228,0.32360,1.312,8.747,1.357,-0.171,-0.186,-0.388,0.059
130.600000,6530,-0.10488,1.70253,0.22355,0.55429,0.44595,0.40132,0.34332,-0.09691,1.67454,0.22103,0.54358,0.44984,0.40291,0.34222,-0.09598,1.69505,0.19750,0.55305,0.42871,0.43909,0.32127,1.288,8.775,1.349,-0.145,-0.186,-0.387,0.061
130.700000,6535,-0.10221,1.68079,0.22203,0.54933,0.44519,0.39827,0.34294,-0.09617,1.66280,0.21907,0.54026,0.44632,0.39979,0.34046,-0.09528,1.68277,0.19607,0.54962,0.42560,0.43591,0.31894,1.264,8.801,1.340,-0.120,-0.186,-0.386,0.063
130.800000,6540,-0.10221,1.66553,0.22165,0.54666,0.44290,0.39636,0.34027,-0.09550,1.65012,0.21750,0.53689,0.44310,0.39655,0.33746,-0.09459,1.67049,0.19464,0.54619,0.42250,0.43273,0.31661,1.241,8.826,1.331,-0.096,-0.186,-0.385,0.064
130.900000,6545,-0.10221,1.65752,0.22165,0.54361,0.44138,0.39293,0.33912,-0.09494,1.63759,0.21619,0.53334,0.44004,0.39336,0.33511,-0.09389,1.65817,0.19320,0.54275,0.41938,0.42954,0.31427,1.218,8.849,1.321,-0.072,-0.188,-0.384,0.065
131.000000,6550,-0.10221,1.64569,0.22165,0.53980,0.43909,0.39026,0.33607,-0.09438,1.62509,0.21476,0.52986,0.43685,0.39020,0.33274,-0.09319,1.64571,0.19175,0.53928,0.41623,0.42631,0.31191,1.195,8.870,1.310,-0.050,-0.190,-0.385,0.065
131.100000,6555,-0.09954,1.63005,0.21592,0.53598,0.43756,0.38873,0.33569,-0.09386,1.61252,0.21321,0.52633,0.43353,0.38696,0.33037,-0.09246,1.63296,0.19026,0.53572,0.41300,0.42301,0.30950,1.172,8.890,1.297,-0.030,-0.195,-0.389,0.062
131.200000,6560,-0.09954,1.61785,0.21516,0.53331,0.43413,0.38530,0.33416,-0.09292,1.59946,0.21116,0.52281,0.42993,0.38364,0.32787,-0.09171,1.61961,0.18871,0.53199,0.40963,0.41955,0.30697,1.150,8.907,1.281,-0.013,-0.203,-0.396,0.056
131.300000,6565,-0.09916,1.60602,0.21325,0.52759,0.42230,0.38072,0.33035,-0.09200,1.58553,0.20917,0.51903,0.42611,0.38030,0.32516,-0.09089,1.60523,0.18703,0.52798,0.40599,0.41582,0.30424,1.127,8.922,1.260,0.001,-0.216,-0.407,0.046
131.400000,6570,-0.09725,1.58924,0.20868,0.52416,0.41887,0.37386,0.32463,-0.09116,1.56978,0.20723,0.51461,0.42212,0.37605,0.32253,-0.08999,1.58924,0.18517,0.52351,0.40195,0.41168,0.30121,1.104,8.936,1.233,0.013,-0.234,-0.422,0.032
131.500000,6575,-0.09687,1.57093,0.20677,0.51958,0.41544,0.36966,0.31852,-0.09005,1.55201,0.20473,0.50983,0.41745,0.37160,0.31905,-0.08896,1.57102,0.18305,0.51843,0.39734,0.40696,0.29776,1.079,8.948,1.201,0.027,-0.253,-0.440,0.014
131.600000,6580,-0.09687,1.55414,0.20295,0.51386,0.41315,0.36470,0.31356,-0.08883,1.53163,0.20208,0.50418,0.41225,0.36638,0.31542,-0.08777,1.55001,0.18060,0.51256,0.39203,0.40152,0.29378,1.051,8.958,1.163,0.047,-0.273,-0.456,-0.004
131.700000,6585,-0.09572,1.52858,0.19990,0.50699,0.40590,0.35936,0.30975,-0.08732,1.50826,0.19875,0.49784,0.40616,0.36033,0.31097,-0.08640,1.52589,0.17779,0.50583,0.38593,0.39527,0.28920,1.018,8.964,1.121,0.074,-0.289,-0.469,-0.021
131.800000,6590,-0.09382,1.50493,0.19532,0.49974,0.39293,0.35097,0.30555,-0.08566,1.48196,0.19504,0.49062,0.39908,0.35375,0.30601,-0.08486,1.49871,0.17462,0.49824,0.37905,0.38823,0.28405,0.979,8.964,1.077,0.108,-0.302,-0.477,-0.033
131.900000,6595,-0.09153,1.47518,0.18960,0.49135,0.38873,0.34372,0.29792,-0.08395,1.45306,0.19097,0.48260,0.39124,0.34623,0.30094,-0.08317,1.46887,0.17114,0.48991,0.37150,0.38050,0.27840,0.934,8.957,1.033,0.148,-0.310,-0.481,-0.042
132.000000,6600,-0.09153,1.44504,0.18693,0.48296,0.38148,0.33647,0.29068,-0.08201,1.42184,0.18640,0.47410,0.38273,0.33825,0.29470,-0.08137,1.43708,0.16744,0.48103,0.36346,0.37227,0.27237,0.884,8.941,0.989,0.190,-0.316,-0.482,-0.046
132.100000,6605,-0.09114,1.41185,0.18235,0.47418,0.36775,0.32846,0.28724,-0.08022,1.38951,0.18201,0.46505,0.37399,0.32990,0.28867,-0.07951,1.40425,0.16362,0.47187,0.35516,0.36376,0.26615,0.831,8.916,0.946,0.233,-0.319,-0.479,-0.047
132.200000,6610,-0.08695,1.37942,0.17587,0.46503,0.36279,0.31854,0.28305,-0.07873,1.35649,0.17797,0.45582,0.36550,0.32116,0.28243,-0.07765,1.37138,0.15979,0.46270,0.34685,0.35525,0.25992,0.775,8.881,0.907,0.275,-0.319,-0.475,-0.044
132.300000,6615,-0.08542,1.34585,0.16977,0.45625,0.35516,0.31129,0.27809,-0.07716,1.32414,0.17398,0.44679,0.35680,0.31301,0.27610,-0.07584,1.33947,0.15607,0.45379,0.33878,0.34698,0.25387,0.719,8.838,0.871,0.314,-0.317,-0.467,-0.039
132.400000,6620,-0.08275,1.31305,0.16748,0.44786,0.34372,0.30366,0.27084,-0.07572,1.29358,0.17025,0.43819,0.34889,0.30533,0.27015,-0.07414,1.30943,0.15257,0.44540,0.33118,0.33920,0.24818,0.665,8.789,0.842,0.351,-0.311,-0.457,-0.029
132.500000,6625,-0.08046,1.28558,0.16290,0.43985,0.33685,0.29565,0.26359,-0.07468,1.26491,0.16732,0.43014,0.34183,0.29770,0.26438,-0.07259,1.28199,0.14937,0.43774,0.32424,0.33209,0.24298,0.612,8.738,0.818,0.387,-0.301,-0.443,-0.016
132.600000,6630,-0.08008,1.25850,0.16099,0.43260,0.33380,0.29069,0.25978,-0.07391,1.23903,0.16498,0.42279,0.33554,0.29101,0.25913,-0.07121,1.25760,0.14653,0.43093,0.31807,0.32577,0.23835,0.565,8.687,0.801,0.422,-0.287,-0.425,0.002
132.700000,6635,-0.08046,1.23256,0.16023,0.42650,0.33113,0.28535,0.25634,-0.07298,1.21767,0.16220,0.41658,0.32944,0.28567,0.25562,-0.07001,1.23637,0.14405,0.42500,0.31270,0.32027,0.23433,0.522,8.638,0.788,0.457,-0.269,-0.404,0.022
132.800000,6640,-0.08046,1.21539,0.15641,0.42154,0.32388,0.28383,0.25329,-0.07221,1.19824,0.16012,0.41123,0.32469,0.28056,0.25116,-0.06897,1.21802,0.14192,0.41988,0.30806,0.31552,0.23085,0.486,8.593,0.778,0.490,-0.250,-0.382,0.041
132.900000,6645,-0.08046,1.19670,0.15603,0.41658,0.31702,0.27810,0.24909,-0.07160,1.18181,0.15829,0.40646,0.32040,0.27632,0.24837,-0.06806,1.20202,0.14005,0.41542,0.30401,0.31138,0.22782,0.456,8.550,0.768,0.520,-0.233,-0.361,0.058
133.000000,6650,-0.08008,1.17991,0.15603,0.41277,0.31435,0.27620,0.24642,-0.07107,1.16695,0.15667,0.40229,0.31654,0.27240,0.24531,-0.06725,1.18776,0.13839,0.41144,0.30041,0.30768,0.22512,0.430,8.509,0.756,0.544,-0.220,-0.346,0.070
133.100000,6655,-0.08008,1.17076,0.15603,0.41010,0.31358,0.27200,0.24528,-0.07067,1.15328,0.15547,0.39834,0.31331,0.26889,0.24267,-0.06651,1.17464,0.13686,0.40777,0.29709,0.30428,0.22263,0.408,8.468,0.742,0.562,-0.211,-0.334,0.077
133.200000,6660,-0.08008,1.15321,0.15451,0.40475,0.31091,0.26819,0.24261,-0.07000,1.14098,0.15372,0.39492,0.30982,0.26586,0.24047,-0.06581,1.16220,0.13541,0.40430,0.29394,0.30106,0.22027,0.389,8.427,0.727,0.575,-0.207,-0.327,0.081
133.300000,6665,-0.08008,1.14062,0.14993,0.40323,0.30977,0.26552,0.23841,-0.06949,1.12863,0.15223,0.39152,0.30663,0.26262,0.23779,-0.06512,1.15012,0.13401,0.40093,0.29089,0.29793,0.21798,0.371,8.385,0.710,0.585,-0.205,-0.323,0.083
133.400000,6670,-0.08008,1.13299,0.14955,0.39903,0.30710,0.26246,0.23765,-0.06896,1.11645,0.15104,0.38806,0.30377,0.25949,0.23544,-0.06445,1.13822,0.13262,0.39761,0.28788,0.29485,0.21573,0.354,8.342,0.693,0.594,-0.204,-0.320,0.083
133.500000,6675,-0.07741,1.11888,0.14955,0.39598,0.30366,0.26018,0.23460,-0.06842,1.10461,0.14951,0.38479,0.30059,0.25648,0.23320,-0.06378,1.12639,0.13124,0.39431,0.28489,0.29178,0.21349,0.338,8.297,0.675,0.601,-0.204,-0.318,0.083
133.600000,6680,-0.07741,1.10362,0.14688,0.39255,0.30061,0.25789,0.23384,-0.06777,1.09306,0.14784,0.38154,0.29724,0.25363,0.23102,-0.06311,1.11459,0.12987,0.39101,0.28190,0.28873,0.21125,0.322,8.250,0.657,0.607,-0.205,-0.316,0.082
133.700000,6685,-0.07741,1.09294,0.14383,0.39026,0.29146,0.25483,0.23078,-0.06710,1.08116,0.14633,0.37827,0.29432,0.25050,0.22864,-0.06244,1.10279,0.12849,0.38772,0.27891,0.28567,0.20901,0.306,8.203,0.639,0.613,-0.205,-0.314,0.082
133.800000,6690,-0.07741,1.08416,0.14344,0.38568,0.28840,0.25140,0.23040,-0.06655,1.06937,0.14494,0.37490,0.29115,0.24748,0.22662,-0.06178,1.09099,0.12712,0.38442,0.27593,0.28261,0.20678,0.291,8.154,0.621,0.618,-0.206,-0.313,0.081
133.900000,6695,-0.07550,1.06890,0.14306,0.38187,0.28764,0.24835,0.22964,-0.06590,1.05785,0.14310,0.37171,0.28783,0.24434,0.22463,-0.06111,1.07921,0.12574,0.38113,0.27295,0.27956,0.20454,0.275,8.103,0.603,0.623,-0.206,-0.311,0.080
134.000000,6700,-0.07474,1.05593,0.14306,0.37958,0.28573,0.24339,0.22659,-0.06540,1.04550,0.14196,0.36827,0.28508,0.24115,0.22198,-0.06044,1.06743,0.12437,0.37784,0.26997,0.27651,0.20231,0.260,8.051,0.585,0.628,-0.207,-0.309,0.079
134.100000,6705,-0.07474,1.04449,0.13925,0.37538,0.28421,0.23996,0.22315,-0.06492,1.03367,0.14074,0.36493,0.28201,0.23822,0.21972,-0.05977,1.05565,0.12300,0.37456,0.26699,0.27346,0.20008,0.245,7.998,0.567,0.632,-0.208,-0.307,0.078
134.200000,6710,-0.07474,1.03343,0.13734,0.37195,0.28192,0.23881,0.22239,-0.06425,1.02220,0.13895,0.36173,0.27866,0.23536,0.21771,-0.05911,1.04388,0.12163,0.37127,0.26402,0.27041,0.19785,0.230,7.943,0.549,0.636,-0.208,-0.306,0.077
134.300000,6715,-0.07474,1.01969,0.13658,0.36890,0.28039,0.23500,0.21934,-0.06356,1.01039,0.13726,0.35852,0.27552,0.23218,0.21531,-0.05844,1.03212,0.12026,0.36799,0.26104,0.26736,0.19562,0.215,7.888,0.530,0.640,-0.209,-0.304,0.076
134.400000,6720,-0.07474,1.00825,0.13162,0.36584,0.27658,0.23233,0.21514,-0.06309,0.99839,0.13606,0.35520,0.27263,0.22930,0.21273,-0.05778,1.02037,0.11889,0.36471,0.25807,0.26432,0.19339,0.200,7.830,0.512,0.643,-0.209,-0.302,0.075
134.500000,6725,-0.07474,0.99986,0.13086,0.36279,0.26895,0.23156,0.21171,-0.06241,0.98672,0.13452,0.35195,0.26950,0.22623,0.21057,-0.05711,1.00861,0.11752,0.36143,0.25510,0.26128,0.19116,0.186,7.772,0.494,0.646,-0.210,-0.300,0.074
134.600000,6730,-0.07474,0.98345,0.13009,0.35898,0.26399,0.22775,0.20980,-0.06178,0.97529,0.13282,0.34866,0.26617,0.22334,0.20885,-0.05645,0.99687,0.11615,0.35815,0.25213,0.25823,0.18894,0.172,7.712,0.476,0.648,-0.211,-0.298,0.073
134.700000,6735,-0.07207,0.97048,0.12971,0.35516,0.26132,0.22470,0.20789,-0.06117,0.96352,0.13127,0.34544,0.26308,0.22015,0.20651,-0.05578,0.98513,0.11478,0.35487,0.24916,0.25519,0.18671,0.158,7.651,0.457,0.651,-0.211,-0.296,0.072
134.800000,6740,-0.06902,0.96095,0.12780,0.35326,0.25941,0.22127,0.20484,-0.06074,0.95144,0.13003,0.34203,0.26019,0.21708,0.20408,-0.05512,0.97339,0.11341,0.35159,0.24619,0.25215,0.18449,0.144,7.589,0.439,0.652,-0.212,-0.295,0.070
134.900000,6745,-0.06635,0.95026,0.12399,0.34868,0.25865,0.21631,0.20408,-0.06017,0.93954,0.12878,0.33870,0.25730,0.21395,0.20179,-0.05445,0.96166,0.11205,0.34832,0.24322,0.24911,0.18227,0.130,7.525,0.421,0.654,-0.212,-0.293,0.069
135.000000,6750,-0.06635,0.93577,0.12323,0.34601,0.25789,0.21325,0.20103,-0.05954,0.92776,0.12720,0.33543,0.25408,0.21102,0.19949,-0.05379,0.94994,0.11068,0.34505,0.24026,0.24608,0.18004,0.116,7.460,0.403,0.655,-0.213,-0.291,0.068
135.100000,6755,-0.06635,0.92394,0.12323,0.34181,0.25522,0.20982,0.20027,-0.05888,0.91617,0.12557,0.33221,0.25098,0.20805,0.19736,-0.05312,0.93822,0.10932,0.34178,0.23729,0.24304,0.17782,0.103,7.394,0.384,0.656,-0.213,-0.289,0.067
135.200000,6760,-0.06635,0.91326,0.12132,0.33876,0.25255,0.20868,0.19683,-0.05831,0.90450,0.12404,0.32896,0.24778,0.20509,0.19513,-0.05246,0.92650,0.10795,0.33850,0.23433,0.24000,0.17560,0.090,7.327,0.366,0.657,-0.214,-0.287,0.065
135.300000,6765,-0.06635,0.90144,0.11750,0.33533,0.24454,0.20639,0.19264,-0.05775,0.89279,0.12268,0.32569,0.24476,0.20216,0.19279,-0.05180,0.91479,0.10659,0.33524,0.23137,0.23697,0.17338,0.077,7.258,0.348,0.657,-0.215,-0.285,0.064
135.400000,6770,-0.06597,0.88656,0.11674,0.33342,0.23881,0.20410,0.18844,-0.05702,0.88119,0.12087,0.32252,0.24150,0.19909,0.19061,-0.05114,0.90308,0.10522,0.33197,0.22841,0.23394,0.17116,0.064,7.189,0.330,0.657,-0.215,-0.283,0.063
135.500000,6775,-0.06406,0.87588,0.11674,0.32960,0.23576,0.19990,0.18539,-0.05652,0.86930,0.11953,0.31916,0.23858,0.19598,0.18834,-0.05047,0.89138,0.10386,0.32870,0.22545,0.23091,0.16894,0.051,7.118,0.312,0.656,-0.216,-0.281,0.061
135.600000,6780,-0.06406,0.86901,0.11674,0.32541,0.23538,0.19723,0.18501,-0.05602,0.85731,0.11835,0.31577,0.23566,0.19285,0.18601,-0.04981,0.87968,0.10250,0.32543,0.22249,0.22788,0.16673,0.039,7.045,0.294,0.656,-0.216,-0.279,0.060
135.700000,6785,-0.06368,0.85108,0.11483,0.32197,0.23424,0.19151,0.18234,-0.05535,0.84588,0.11668,0.31256,0.23241,0.18998,0.18413,-0.04915,0.86799,0.10113,0.32217,0.21953,0.22485,0.16451,0.026,6.972,0.276,0.655,-0.217,-0.277,0.058
135.800000,6790,-0.06368,0.83811,0.11064,0.31930,0.23156,0.18846,0.18157,-0.05479,0.83413,0.11514,0.30932,0.22928,0.18690,0.18172,-0.04849,0.85630,0.09977,0.31891,0.21657,0.22182,0.16229,0.014,6.898,0.258,0.653,-0.217,-0.275,0.057
135.900000,6795,-0.06368,0.82857,0.11026,0.31473,0.22889,0.18693,0.17890,-0.05422,0.82221,0.11375,0.30607,0.22630,0.18391,0.17917,-0.04782,0.84461,0.09841,0.31564,0.21362,0.21879,0.16008,0.002,6.822,0.240,0.652,-0.218,-0.273,0.055
136.000000,6800,-0.06368,0.81751,0.11026,0.31282,0.22775,0.18350,0.17814,-0.05366,0.81063,0.11232,0.30271,0.22321,0.18091,0.17730,-0.04716,0.83292,0.09705,0.31238,0.21066,0.21576,0.15787,-0.010,6.745,0.222,0.650,-0.218,-0.271,0.054
136.100000,6805,-0.06330,0.80340,0.10835,0.30824,0.22050,0.18121,0.17776,-0.05290,0.79921,0.11045,0.29968,0.21992,0.17815,0.17488,-0.04650,0.82124,0.09569,0.30912,0.20771,0.21274,0.15565,-0.022,6.667,0.205,0.648,-0.219,-0.269,0.052
136.200000,6810,-0.06330,0.79195,0.10377,0.30672,0.21325,0.17968,0.17471,-0.05238,0.78739,0.10907,0.29639,0.21685,0.17510,0.17243,-0.04584,0.80957,0.09433,0.30586,0.20475,0.20971,0.15344,-0.033,6.588,0.187,0.645,-0.219,-0.266,0.051
136.300000,6815,-0.06101,0.78203,0.10377,0.30252,0.21135,0.17740,0.17318,-0.05186,0.77569,0.10765,0.29302,0.21372,0.17197,0.17056,-0.04518,0.79789,0.09297,0.30260,0.20180,0.20669,0.15122,-0.045,6.508,0.169,0.642,-0.220,-0.264,0.049
136.400000,6820,-0.06063,0.76983,0.10377,0.29832,0.20944,0.17244,0.17051,-0.05119,0.76393,0.10615,0.28978,0.21076,0.16884,0.16828,-0.04452,0.78622,0.09161,0.29934,0.19885,0.20366,0.14901,-0.056,6.427,0.152,0.639,-0.220,-0.262,0.048
136.500000,6825,-0.06063,0.75533,0.10377,0.29603,0.20829,0.16900,0.16746,-0.05073,0.75192,0.10492,0.28639,0.20785,0.16572,0.16591,-0.04386,0.77455,0.09025,0.29609,0.19590,0.20064,0.14680,-0.067,6.345,0.135,0.636,-0.221,-0.260,0.046
136.600000,6830,-0.06063,0.74312,0.09805,0.29146,0.20562,0.16443,0.16631,-0.05028,0.74019,0.10374,0.28306,0.20490,0.16274,0.16370,-0.04320,0.76288,0.08889,0.29283,0.19295,0.19762,0.14459,-0.078,6.261,0.117,0.633,-0.221,-0.258,0.044
136.700000,6835,-0.06063,0.73397,0.09805,0.28879,0.20524,0.16214,0.16212,-0.04960,0.72856,0.10207,0.27986,0.20169,0.15979,0.16148,-0.04254,0.75122,0.08753,0.28957,0.19000,0.19460,0.14238,-0.089,6.177,0.100,0.629,-0.222,-0.256,0.043
136.800000,6840,-0.05834,0.71985,0.09729,0.28459,0.20181,0.15985,0.15945,-0.04894,0.71723,0.10023,0.27674,0.19836,0.15689,0.15939,-0.04188,0.73955,0.08617,0.28632,0.18705,0.19158,0.14017,-0.100,6.092,0.083,0.625,-0.222,-0.253,0.041
136.900000,6845,-0.05834,0.70688,0.09271,0.28116,0.19800,0.15680,0.15868,-0.04843,0.70523,0.09908,0.27341,0.19553,0.15390,0.15677,-0.04122,0.72789,0.08481,0.28306,0.18410,0.18856,0.13796,-0.110,6.005,0.066,0.620,-0.222,-0.251,0.039
137.000000,6850,-0.05796,0.69582,0.09080,0.27925,0.19265,0.15451,0.15601,-0.04775,0.69381,0.09741,0.27020,0.19235,0.15105,0.15478,-0.04056,0.71623,0.08345,0.27981,0.18115,0.18554,0.13575,-0.120,5.918,0.049,0.616,-0.223,-0.249,0.037
137.100000,6855,-0.05796,0.68590,0.09080,0.27467,0.18655,0.15260,0.15563,-0.04707,0.68228,0.09571,0.26702,0.18906,0.14804,0.15266,-0.03990,0.70458,0.08209,0.27655,0.17820,0.18252,0.13354,-0.131,5.829,0.033,0.611,-0.223,-0.247,0.036
137.200000,6860,-0.05758,0.67141,0.09042,0.27276,0.18312,0.14917,0.15258,-0.04641,0.67087,0.09395,0.26383,0.18574,0.14510,0.15074,-0.03924,0.69292,0.08073,0.27330,0.17525,0.17950,0.13133,-0.141,5.740,0.016,0.606,-0.224,-0.244,0.034
137.300000,6865,-0.05490,0.65996,0.08889,0.26819,0.18274,0.14535,0.15144,-0.04600,0.65868,0.09285,0.26042,0.18304,0.14173,0.14809,-0.03858,0.68127,0.07938,0.27005,0.17230,0.17648,0.12912,-0.151,5.649,-0.000,0.601,-0.224,-0.242,0.032
137.400000,6870,-0.05262,0.65081,0.08660,0.26513,0.18007,0.14154,0.14762,-0.04554,0.64687,0.09176,0.25705,0.18022,0.13884,0.14593,-0.03792,0.66961,0.07802,0.26679,0.16936,0.17346,0.12691,-0.160,5.558,-0.017,0.595,-0.224,-0.240,0.030
137.500000,6875,-0.05262,0.63669,0.08432,0.26132,0.17892,0.13772,0.14381,-0.04485,0.63526,0.09004,0.25388,0.17694,0.13580,0.14367,-0.03726,0.65796,0.07666,0.26354,0.16641,0.17044,0.12470,-0.170,5.465,-0.033,0.589,-0.225,-0.237,0.029
137.600000,6880,-0.05223,0.62372,0.08393,0.25827,0.17587,0.13505,0.14037,-0.04429,0.62334,0.08869,0.25058,0.17400,0.13272,0.14114,-0.03660,0.64631,0.07530,0.26029,0.16346,0.16742,0.12250,-0.180,5.372,-0.049,0.583,-0.225,-0.235,0.027
137.700000,6885,-0.05185,0.61228,0.08203,0.25483,0.17511,0.13391,0.13580,-0.04379,0.61169,0.08727,0.24729,0.17095,0.12973,0.13904,-0.03594,0.63466,0.07395,0.25704,0.16052,0.16440,0.12029,-0.189,5.278,-0.065,0.577,-0.226,-0.232,0.025
137.800000,6890,-0.04766,0.60198,0.07859,0.25216,0.16824,0.13009,0.13313,-0.04320,0.60023,0.08587,0.24403,0.16796,0.12691,0.13704,-0.03528,0.62301,0.07259,0.25378,0.15757,0.16139,0.11808,-0.198,5.183,-0.081,0.571,-0.226,-0.230,0.023
137.900000,6895,-0.04766,0.58824,0.07783,0.24759,0.16214,0.12780,0.13313,-0.04231,0.58916,0.08368,0.24104,0.16426,0.12418,0.13510,-0.03462,0.61136,0.07123,0.25053,0.15462,0.15837,0.11587,-0.207,5.087,-0.096,0.564,-0.226,-0.228,0.021
138.000000,6900,-0.04728,0.57642,0.07783,0.24568,0.15756,0.12628,0.13236,-0.04173,0.57726,0.08204,0.23776,0.16107,0.12095,0.13258,-0.03396,0.59971,0.06988,0.24728,0.15168,0.15535,0.11366,-0.216,4.990,-0.112,0.557,-0.227,-0.225,0.019
138.100000,6905,-0.04728,0.56612,0.07745,0.24186,0.15641,0.12094,0.12931,-0.04126,0.56527,0.08104,0.23431,0.15842,0.11783,0.13047,-0.03330,0.58807,0.06852,0.24403,0.14873,0.15233,0.11146,-0.225,4.892,-0.127,0.550,-0.227,-0.223,0.018
138.200000,6910,-0.04728,0.55391,0.07745,0.23881,0.15451,0.11903,0.12740,-0.04071,0.55351,0.07960,0.23108,0.15535,0.11479,0.12808,-0.03264,0.57642,0.06716,0.24078,0.14579,0.14932,0.10925,-0.234,4.793,-0.142,0.543,-0.227,-0.220,0.016
138.300000,6915,-0.04728,0.54018,0.07173,0.23538,0.15336,0.11407,0.12550,-0.04024,0.54170,0.07836,0.22774,0.15253,0.11167,0.12576,-0.03198,0.56477,0.06580,0.23752,0.14284,0.14630,0.10704,-0.243,4.694,-0.157,0.536,-0.227,-0.218,0.014
138.400000,6920,-0.04689,0.52797,0.07135,0.23195,0.15222,0.11064,0.12283,-0.03951,0.53034,0.07652,0.22462,0.14905,0.10894,0.12379,-0.03132,0.55312,0.06445,0.23427,0.13989,0.14328,0.10483,-0.251,4.593,-0.172,0.528,-0.228,-0.215,0.012
138.500000,6925,-0.04689,0.51920,0.07096,0.22889,0.14955,0.10873,0.12168,-0.03890,0.51868,0.07502,0.22135,0.14595,0.10596,0.12145,-0.03066,0.54147,0.06309,0.23102,0.13695,0.14026,0.10263,-0.259,4.492,-0.186,0.520,-0.228,-0.213,0.010
138.600000,6930,-0.04689,0.50585,0.06753,0.22432,0.14573,0.10530,0.11825,-0.03831,0.50712,0.07350,0.21814,0.14294,0.10301,0.11933,-0.03000,0.52982,0.06173,0.22777,0.13400,0.13725,0.10042,-0.268,4.390,-0.201,0.513,-0.228,-0.210,0.008
138.700000,6935,-0.04689,0.49288,0.06524,0.22203,0.14116,0.10339,0.11520,-0.03778,0.49508,0.07222,0.21480,0.14005,0.09980,0.11673,-0.02934,0.51817,0.06037,0.22452,0.13105,0.13423,0.09821,-0.276,4.288,-0.215,0.505,-0.229,-0.207,0.006
138.800000,6940,-0.04460,0.48067,0.06486,0.21745,0.13391,0.10110,0.11367,-0.03719,0.48379,0.07066,0.21161,0.13681,0.09701,0.11485,-0.02868,0.50652,0.05902,0.22126,0.12811,0.13121,0.09600,-0.284,4.184,-0.229,0.496,-0.229,-0.205,0.004
138.900000,6945,-0.04422,0.47113,0.06448,0.21516,0.13086,0.09767,0.11062,-0.03661,0.47175,0.06926,0.20829,0.13383,0.09377,0.11232,-0.02802,0.49487,0.05766,0.21801,0.12516,0.12819,0.09379,-0.292,4.080,-0.243,0.488,-0.229,-0.202,0.002
139.000000,6950,-0.04422,0.45664,0.06448,0.21173,0.13009,0.09462,0.10947,-0.03601,0.46019,0.06769,0.20503,0.13065,0.09081,0.11034,-0.02736,0.48321,0.05630,0.21476,0.12221,0.12517,0.09158,-0.299,3.975,-0.256,0.479,-0.229,-0.199,0.001
139.100000,6955,-0.04422,0.44405,0.06219,0.20868,0.12704,0.09194,0.10719,-0.03539,0.44873,0.06604,0.20187,0.12731,0.08802,0.10804,-0.02670,0.47156,0.05494,0.21150,0.11927,0.12215,0.08937,-0.307,3.869,-0.270,0.471,-0.229,-0.197,-0.001
139.200000,6960,-0.04422,0.43489,0.05876,0.20562,0.12628,0.08775,0.10642,-0.03486,0.43683,0.06472,0.19851,0.12448,0.08482,0.10580,-0.02604,0.45990,0.05358,0.20825,0.11632,0.11913,0.08717,-0.315,3.763,-0.283,0.462,-0.230,-0.194,-0.003
139.300000,6965,-0.04422,0.42307,0.05799,0.20181,0.12361,0.08393,0.10375,-0.03415,0.42537,0.06303,0.19535,0.12125,0.08198,0.10371,-0.02538,0.44824,0.05223,0.20500,0.11337,0.11611,0.08496,-0.322,3.656,-0.296,0.453,-0.230,-0.191,-0.005
139.400000,6970,-0.04193,0.40933,0.05570,0.19800,0.12284,0.08241,0.10261,-0.03376,0.41333,0.06192,0.19201,0.11840,0.07876,0.10105,-0.02472,0.43658,0.05087,0.20174,0.11042,0.11309,0.08275,-0.329,3.548,-0.309,0.444,-0.230,-0.189,-0.007
139.500000,6975,-0.04193,0.39636,0.05303,0.19571,0.11865,0.07859,0.09956,-0.03309,0.40193,0.06031,0.18876,0.11524,0.07609,0.09922,-0.02406,0.42492,0.04951,0.19849,0.10747,0.11007,0.08054,-0.337,3.439,-0.321,0.435,-0.230,-0.186,-0.009
139.600000,6980,-0.04155,0.38759,0.05189,0.19113,0.10873,0.07592,0.09841,-0.03233,0.39022,0.05858,0.18565,0.11215,0.07309,0.09656,-0.02340,0.41325,0.04815,0.19523,0.10452,0.10705,0.07832,-0.344,3.330,-0.334,0.425,-0.230,-0.183,-0.011
139.700000,6985,-0.04155,0.37386,0.05151,0.18922,0.10530,0.07478,0.09536,-0.03192,0.37822,0.05739,0.18224,0.10914,0.06981,0.09424,-0.02274,0.40159,0.04679,0.19197,0.10157,0.10403,0.07611,-0.351,3.220,-0.346,0.416,-0.231,-0.180,-0.013
139.800000,6990,-0.04155,0.36012,0.05151,0.18464,0.10453,0.07211,0.09193,-0.03131,0.36676,0.05577,0.17899,0.10585,0.06687,0.09244,-0.02208,0.38992,0.04543,0.18871,0.09862,0.10101,0.07390,-0.358,3.110,-0.358,0.407,-0.231,-0.177,-0.014
139.900000,6995,-0.04155,0.34906,0.04884,0.18159,0.10186,0.06791,0.08887,-0.03073,0.35496,0.05442,0.17570,0.10295,0.06384,0.09012,-0.02142,0.37825,0.04407,0.18546,0.09567,0.09798,0.07169,-0.365,2.999,-0.370,0.397,-0.231,-0.175,-0.016
140.000000,7000,-0.04155,0.33838,0.04579,0.17816,0.10110,0.06562,0.08811,-0.03011,0.34343,0.05273,0.17250,0.09963,0.06086,0.08791,-0.02076,0.36657,0.04271,0.18220,0.09271,0.09496,0.06948,-0.371,2.887,-0.381,0.387,-0.231,-0.172,-0.018
140.100000,7005,-0.03888,0.32503,0.04502,0.17434,0.10034,0.05990,0.08392,-0.02945,0.33215,0.05091,0.16931,0.09632,0.05802,0.08629,-0.02010,0.35489,0.04135,0.17894,0.08976,0.09193,0.06726,-0.378,2.775,-0.392,0.377,-0.231,-0.169,-0.020
140.200000,7010,-0.03545,0.31320,0.04312,0.17282,0.09729,0.05723,0.08086,-0.02897,0.31980,0.04987,0.16595,0.09368,0.05472,0.08318,-0.01943,0.34321,0.03999,0.17568,0.08680,0.08891,0.06505,-0.385,2.662,-0.403,0.367,-0.231,-0.166,-0.022
140.300000,7015,-0.03316,0.30214,0.04312,0.16862,0.09347,0.05418,0.07781,-0.02845,0.30803,0.04855,0.16256,0.09064,0.05178,0.08114,-0.01877,0.33153,0.03863,0.17241,0.08385,0.08588,0.06283,-0.391,2.549,-0.414,0.358,-0.231,-0.163,-0.024
140.400000,7020,-0.03316,0.29069,0.03968,0.16481,0.08584,0.05189,0.07705,-0.02768,0.29680,0.04655,0.15951,0.08705,0.04898,0.07911,-0.01811,0.31984,0.03727,0.16915,0.08089,0.08285,0.06062,-0.398,2.435,-0.425,0.347,-0.231,-0.160,-0.025
140.500000,7025,-0.03316,0.27734,0.03854,0.16214,0.08050,0.04960,0.07362,-0.02719,0.28454,0.04542,0.15610,0.08440,0.04572,0.07639,-0.01745,0.30815,0.03590,0.16589,0.07794,0.07982,0.05840,-0.404,2.321,-0.435,0.337,-0.231,-0.157,-0.027
140.600000,7030,-0.03278,0.26590,0.03854,0.15718,0.07859,0.04808,0.07323,-0.02659,0.27303,0.04386,0.15287,0.08114,0.04275,0.07437,-0.01679,0.29645,0.03454,0.16262,0.07498,0.07679,0.05619,-0.410,2.206,-0.445,0.327,-0.231,-0.154,-0.029
140.700000,7035,-0.03202,0.25522,0.03854,0.15565,0.07821,0.04464,0.07018,-0.02610,0.26100,0.04265,0.14947,0.07837,0.03956,0.07208,-0.01612,0.28476,0.03318,0.15936,0.07202,0.07376,0.05397,-0.416,2.091,-0.455,0.317,-0.232,-0.151,-0.031
140.800000,7040,-0.03049,0.24148,0.03663,0.15146,0.07592,0.04121,0.06904,-0.02552,0.24933,0.04132,0.14622,0.07539,0.03668,0.06981,-0.01546,0.27305,0.03181,0.15609,0.06906,0.07073,0.05175,-0.423,1.975,-0.465,0.307,-0.232,-0.148,-0.032
140.900000,7045,-0.03049,0.22851,0.03396,0.14764,0.07440,0.03739,0.06599,-0.02475,0.23827,0.03919,0.14313,0.07161,0.03397,0.06813,-0.01480,0.26134,0.03045,0.15282,0.06610,0.06770,0.04953,-0.429,1.859,-0.474,0.296,-0.232,-0.145,-0.034
141.000000,7050,-0.03049,0.21859,0.03205,0.14459,0.07135,0.03243,0.06560,-0.02416,0.22610,0.03788,0.13979,0.06887,0.03069,0.06543,-0.01413,0.24963,0.02909,0.14955,0.06314,0.06467,0.04731,-0.435,1.742,-0.483,0.286,-0.232,-0.142,-0.036
141.100000,7055,-0.03049,0.20715,0.03167,0.14154,0.07020,0.03053,0.06217,-0.02364,0.21433,0.03643,0.13648,0.06564,0.02776,0.06321,-0.01347,0.23792,0.02772,0.14628,0.06017,0.06163,0.04509,-0.441,1.625,-0.492,0.276,-0.232,-0.139,-0.037
141.200000,7060,-0.03049,0.19418,0.03091,0.13734,0.06295,0.02862,0.05836,-0.02302,0.20249,0.03492,0.13325,0.06267,0.02480,0.06070,-0.01281,0.22620,0.02635,0.14301,0.05721,0.05859,0.04287,-0.446,1.507,-0.500,0.265,-0.232,-0.136,-0.039
141.300000,7065,-0.03049,0.18159,0.02633,0.13429,0.05609,0.02519,0.05492,-0.02241,0.19102,0.03329,0.13000,0.05934,0.02181,0.05881,-0.01214,0.21447,0.02499,0.13974,0.05424,0.05556,0.04065,-0.452,1.389,-0.509,0.255,-0.232,-0.133,-0.041
141.400000,7070,-0.03049,0.17167,0.02519,0.13162,0.05380,0.02290,0.05454,-0.02185,0.17907,0.03196,0.12667,0.05640,0.01864,0.05638,-0.01148,0.20274,0.02362,0.13646,0.05128,0.05252,0.03843,-0.458,1.271,-0.517,0.244,-0.232,-0.130,-0.042
141.500000,7075,-0.02973,0.15870,0.02519,0.12819,0.05189,0.02175,0.05340,-0.02127,0.16742,0.03040,0.12342,0.05310,0.01571,0.05419,-0.01082,0.19100,0.02225,0.13319,0.04831,0.04948,0.03620,-0.464,1.152,-0.524,0.234,-0.232,-0.127,-0.044
141.600000,7080,-0.02782,0.14497,0.02519,0.12399,0.04960,0.01718,0.05111,-0.02060,0.15576,0.02873,0.12013,0.05001,0.01263,0.05223,-0.01015,0.17926,0.02089,0.12991,0.04534,0.04644,0.03398,-0.469,1.033,-0.532,0.223,-0.232,-0.124,-0.046
141.700000,7085,-0.02782,0.13391,0.02404,0.12132,0.04884,0.01451,0.05073,-0.02002,0.14399,0.02728,0.11687,0.04678,0.00968,0.04990,-0.00949,0.16751,0.01952,0.12663,0.04237,0.04339,0.03175,-0.475,0.914,-0.539,0.213,-0.232,-0.120,-0.047
141.800000,7090,-0.02782,0.12361,0.01946,0.11789,0.04769,0.00878,0.04768,-0.01947,0.13203,0.02592,0.11349,0.04398,0.00651,0.04761,-0.00882,0.15576,0.01815,0.12335,0.03939,0.04035,0.02952,-0.481,0.794,-0.546,0.202,-0.232,-0.117,-0.049
141.900000,7095,-0.02706,0.10987,0.01946,0.11407,0.04464,0.00611,0.04691,-0.01887,0.12031,0.02444,0.11024,0.04082,0.00351,0.04543,-0.00815,0.14400,0.01678,0.12006,0.03642,0.03730,0.02729,-0.486,0.674,-0.553,0.192,-0.232,-0.114,-0.050
142.000000,7100,-0.02515,0.09614,0.01870,0.11102,0.04006,0.00382,0.04424,-0.01823,0.10866,0.02278,0.10700,0.03750,0.00070,0.04317,-0.00749,0.13224,0.01541,0.11678,0.03344,0.03425,0.02506,-0.492,0.554,-0.559,0.181,-0.232,-0.111,-0.052
142.100000,7105,-0.02515,0.08660,0.01451,0.10759,0.03243,0.00039,0.04348,-0.01756,0.09702,0.02106,0.10382,0.03423,-0.00222,0.04075,-0.00682,0.12046,0.01404,0.11349,0.03047,0.03120,0.02283,-0.497,0.433,-0.565,0.171,-0.232,-0.108,-0.053
142.200000,7110,-0.02515,0.07478,0.01222,0.10453,0.02709,-0.00075,0.03966,-0.01700,0.08507,0.01950,0.10050,0.03101,-0.00539,0.03840,-0.00615,0.10867,0.01266,0.11020,0.02748,0.02815,0.02060,-0.502,0.312,-0.571,0.160,-0.232,-0.105,-0.055
142.300000,7115,-0.02515,0.06219,0.01222,0.10034,0.02595,-0.00342,0.03585,-0.01637,0.07330,0.01797,0.09732,0.02783,-0.00846,0.03631,-0.00549,0.09687,0.01129,0.10691,0.02450,0.02509,0.01836,-0.508,0.191,-0.577,0.150,-0.232,-0.101,-0.056
142.400000,7120,-0.02515,0.04884,0.01222,0.09881,0.02481,-0.00609,0.03165,-0.01582,0.06148,0.01657,0.09732,0.02477,-0.01148,0.03425,-0.00482,0.08509,0.00991,0.10362,0.02152,0.02204,0.01613,-0.513,0.070,-0.582,0.140,-0.232,-0.098,-0.057
142.500000,7125,-0.02515,0.03854,0.01031,0.09881,0.02290,-0.01029,0.02898,-0.01521,0.04955,0.01514,0.09732,0.02191,-0.01466,0.03176,-0.00415,0.07335,0.00855,0.10034,0.01855,0.01900,0.01390,-0.519,-0.050,-0.586,0.131,-0.230,-0.093,-0.058
142.600000,7130,-0.02477,0.02671,0.00993,0.09805,0.02175,-0.01411,0.02822,-0.01463,0.03797,0.01368,0.09732,0.01876,-0.01758,0.02965,-0.00350,0.06176,0.00720,0.09711,0.01562,0.01600,0.01171,-0.525,-0.169,-0.590,0.123,-0.228,-0.088,-0.057
142.700000,7135,-0.02439,0.01374,0.00611,0.09805,0.01908,-0.01830,0.02555,-0.01406,0.02667,0.01226,0.09732,0.01578,-0.02047,0.02753,-0.00286,0.05047,0.00588,0.09396,0.01276,0.01307,0.00957,-0.531,-0.283,-0.591,0.119,-0.223,-0.079,-0.054
142.800000,7140,-0.01981,0.00230,0.00573,0.09805,0.01832,-0.02097,0.02479,-0.01367,0.01567,0.01104,0.09732,0.01306,-0.02347,0.02532,-0.00225,0.03974,0.00463,0.09096,0.01005,0.01029,0.00753,-0.539,-0.390,-0.590,0.119,-0.214,-0.068,-0.048
142.900000,7145,-0.01905,-0.00609,0.00573,0.09805,0.01298,-0.02212,0.02173,-0.01313,0.00562,0.00980,0.09732,0.01034,-0.02592,0.02303,-0.00170,0.03000,0.00350,0.08824,0.00759,0.00777,0.00569,-0.547,-0.482,-0.585,0.127,-0.199,-0.049,-0.036
143.000000,7150,-0.01638,-0.01639,0.00535,0.09805,0.00726,-0.02288,0.02135,-0.01285,-0.00272,0.00879,0.09732,0.00797,-0.02814,0.02134,-0.00124,0.02192,0.00255,0.08598,0.00554,0.00568,0.00415,-0.558,-0.545,-0.574,0.147,-0.173,-0.021,-0.016
143.100000,7155,-0.01676,-0.02479,0.00382,0.09805,0.00382,-0.02288,0.02135,-0.01262,-0.00895,0.00791,0.09732,0.00593,-0.02974,0.02000,-0.00090,0.01590,0.00185,0.08430,0.00402,0.00412,0.00301,-0.568,-0.562,-0.560,0.177,-0.141,0.014,0.009
143.200000,7160,-0.01638,-0.02517,0.00382,0.09805,0.00344,-0.02479,0.02097,-0.01258,-0.01375,0.00759,0.09732,0.00491,-0.03113,0.01888,-0.00066,0.01165,0.00136,0.08312,0.00295,0.00302,0.00221,-0.576,-0.542,-0.548,0.203,-0.114,0.043,0.029
143.300000,7165,-0.01638,-0.03051,0.00382,0.09805,0.00382,-0.02517,0.02135,-0.01254,-0.01615,0.00722,0.09732,0.00397,-0.03171,0.01858,-0.00053,0.00929,0.00108,0.08246,0.00235,0.00241,0.00176,-0.582,-0.507,-0.540,0.222,-0.095,0.063,0.043
143.400000,7170,-0.01676,-0.03547,0.00382,0.09805,0.00382,-0.02555,0.02135,-0.01248,-0.01788,0.00690,0.09732,0.00339,-0.03217,0.01801,-0.00044,0.00774,0.00090,0.08203,0.00196,0.00201,0.00147,-0.585,-0.483,-0.535,0.233,-0.084,0.075,0.051
143.500000,7175,-0.01676,-0.03547,0.00382,0.09805,0.00344,-0.02555,0.02135,-0.01255,-0.01909,0.00699,0.09732,0.00325,-0.03255,0.01761,-0.00039,0.00681,0.00079,0.08177,0.00172,0.00176,0.00129,-0.587,-0.461,-0.532,0.241,-0.076,0.083,0.057
