t,q1,q2,q3,q4,q5,q6,q7,ff1,ff2,ff3,ff4,ff5,ff6,ff7
0.000,0.87047,0.81348,-0.91130,2.25473,0.02990,-0.51560,-1.22475,3.9653,0.9281,1.8853,1.1540,0.1987,0.2817,0.4561
0.020,0.87047,0.81347,-0.91130,2.25472,0.02990,-0.51560,-1.22474,3.8860,0.9095,1.8476,1.1309,0.1947,0.2761,0.4470
0.040,0.87045,0.81346,-0.91128,2.25468,0.02990,-0.51559,-1.22472,3.8066,0.8910,1.8099,1.1078,0.1907,0.2704,0.4379
0.060,0.87042,0.81343,-0.91125,2.25461,0.02989,-0.51557,-1.22468,3.7273,0.8724,1.7722,1.0847,0.1868,0.2648,0.4288
0.080,0.87039,0.81340,-0.91121,2.25452,0.02989,-0.51555,-1.22463,3.6480,0.8538,1.7345,1.0617,0.1828,0.2592,0.4197
0.100,0.87034,0.81335,-0.91116,2.25440,0.02989,-0.51552,-1.22456,3.5687,0.8353,1.6968,1.0386,0.1788,0.2535,0.4105
0.120,0.87028,0.81330,-0.91110,2.25425,0.02989,-0.51549,-1.22448,3.4894,0.8167,1.6590,1.0155,0.1748,0.2479,0.4014
0.140,0.87021,0.81323,-0.91103,2.25408,0.02989,-0.51545,-1.22438,3.4101,0.7981,1.6213,0.9924,0.1709,0.2423,0.3923
0.160,0.87013,0.81316,-0.91094,2.25388,0.02988,-0.51540,-1.22427,3.3308,0.7796,1.5836,0.9693,0.1669,0.2366,0.3832
0.180,0.87004,0.81307,-0.91085,2.25365,0.02988,-0.51535,-1.22414,3.2515,0.7610,1.5459,0.9463,0.1629,0.2310,0.3740
0.200,0.86994,0.81298,-0.91074,2.25340,0.02988,-0.51529,-1.22400,3.1722,0.7425,1.5082,0.9232,0.1589,0.2254,0.3649
0.220,0.86983,0.81287,-0.91063,2.25312,0.02987,-0.51522,-1.22384,3.0929,0.7239,1.4705,0.9001,0.1550,0.2197,0.3558
0.240,0.86970,0.81276,-0.91050,2.25281,0.02987,-0.51515,-1.22367,3.0136,0.7053,1.4328,0.8770,0.1510,0.2141,0.3467
0.260,0.86957,0.81263,-0.91036,2.25248,0.02987,-0.51507,-1.22348,2.9343,0.6868,1.3951,0.8539,0.1470,0.2085,0.3375
0.280,0.86943,0.81250,-0.91021,2.25212,0.02986,-0.51498,-1.22328,2.8550,0.6682,1.3574,0.8309,0.1431,0.2028,0.3284
0.300,0.86927,0.81235,-0.91004,2.25173,0.02986,-0.51489,-1.22306,2.7757,0.6497,1.3197,0.8078,0.1391,0.1972,0.3193
0.320,0.86911,0.81220,-0.90987,2.25132,0.02985,-0.51479,-1.22283,2.6964,0.6311,1.2820,0.7847,0.1351,0.1916,0.3102
0.340,0.86893,0.81204,-0.90969,2.25088,0.02984,-0.51469,-1.22258,2.6171,0.6125,1.2443,0.7616,0.1311,0.1859,0.3011
0.360,0.86874,0.81186,-0.90949,2.25041,0.02984,-0.51458,-1.22232,2.5378,0.5940,1.2066,0.7386,0.1272,0.1803,0.2919
0.380,0.86855,0.81168,-0.90928,2.24992,0.02983,-0.51446,-1.22204,2.4585,0.5754,1.1689,0.7155,0.1232,0.1747,0.2828
0.400,0.86834,0.81148,-0.90907,2.24940,0.02982,-0.51434,-1.22175,2.3792,0.5568,1.1312,0.6924,0.1192,0.1690,0.2737
0.420,0.86812,0.81128,-0.90884,2.24885,0.02982,-0.51421,-1.22144,2.2998,0.5383,1.0935,0.6693,0.1152,0.1634,0.2646
0.440,0.86789,0.81106,-0.90860,2.24828,0.02981,-0.51407,-1.22112,2.2205,0.5197,1.0558,0.6462,0.1113,0.1578,0.2554
0.460,0.86765,0.81084,-0.90835,2.24768,0.02980,-0.51393,-1.22078,2.1412,0.5012,1.0181,0.6232,0.1073,0.1521,0.2463
0.480,0.86740,0.81060,-0.90808,2.24705,0.02979,-0.51378,-1.22043,2.0619,0.4826,0.9803,0.6001,0.1033,0.1465,0.2372
0.500,0.86714,0.81036,-0.90781,2.24640,0.02978,-0.51363,-1.22006,1.9826,0.4640,0.9426,0.5770,0.0993,0.1409,0.2281
0.520,0.86687,0.81011,-0.90752,2.24572,0.02977,-0.51346,-1.21968,1.9033,0.4455,0.9049,0.5539,0.0954,0.1352,0.2190
0.540,0.86658,0.80984,-0.90723,2.24501,0.02976,-0.51330,-1.21928,1.8240,0.4269,0.8672,0.5308,0.0914,0.1296,0.2098
0.560,0.86629,0.80957,-0.90692,2.24428,0.02975,-0.51312,-1.21887,1.7447,0.4084,0.8295,0.5078,0.0874,0.1239,0.2007
0.580,0.86598,0.80928,-0.90660,2.24352,0.02974,-0.51294,-1.21844,1.6654,0.3898,0.7918,0.4847,0.0834,0.1183,0.1916
0.600,0.86567,0.80899,-0.90627,2.24273,0.02973,-0.51276,-1.21799,1.5861,0.3712,0.7541,0.4616,0.0795,0.1127,0.1825
0.620,0.86534,0.80868,-0.90593,2.24192,0.02972,-0.51256,-1.21754,1.5068,0.3527,0.7164,0.4385,0.0755,0.1070,0.1733
0.640,0.86501,0.80837,-0.90558,2.24108,0.02971,-0.51236,-1.21706,1.4275,0.3341,0.6787,0.4154,0.0715,0.1014,0.1642
0.660,0.86466,0.80805,-0.90522,2.24021,0.02970,-0.51216,-1.21657,1.3482,0.3155,0.6410,0.3924,0.0676,0.0958,0.1551
0.680,0.86430,0.80771,-0.90484,2.23932,0.02968,-0.51195,-1.21607,1.2689,0.2970,0.6033,0.3693,0.0636,0.0901,0.1460
0.700,0.86394,0.80737,-0.90446,2.23840,0.02967,-0.51173,-1.21555,1.1896,0.2784,0.5656,0.3462,0.0596,0.0845,0.1368
0.720,0.86356,0.80701,-0.90406,2.23745,0.02966,-0.51150,-1.21502,1.1103,0.2599,0.5279,0.3231,0.0556,0.0789,0.1277
0.740,0.86317,0.80665,-0.90365,2.23648,0.02965,-0.51127,-1.21447,1.0310,0.2413,0.4902,0.3000,0.0517,0.0732,0.1186
0.760,0.86277,0.80628,-0.90323,2.23548,0.02963,-0.51104,-1.21391,0.9517,0.2227,0.4525,0.2770,0.0477,0.0676,0.1095
0.780,0.86236,0.80589,-0.90280,2.23445,0.02962,-0.51079,-1.21333,0.8724,0.2042,0.4148,0.2539,0.0437,0.0620,0.1004
0.800,0.86193,0.80550,-0.90236,2.23340,0.02960,-0.51054,-1.21274,0.7931,0.1856,0.3771,0.2308,0.0397,0.0563,0.0912
0.820,0.86150,0.80509,-0.90191,2.23232,0.02959,-0.51029,-1.21213,0.7137,0.1671,0.3394,0.2077,0.0358,0.0507,0.0821
0.840,0.86106,0.80468,-0.90145,2.23121,0.02957,-0.51003,-1.21151,0.6344,0.1485,0.3016,0.1846,0.0318,0.0451,0.0730
0.860,0.86061,0.80426,-0.90097,2.23008,0.02956,-0.50976,-1.21087,0.5551,0.1299,0.2639,0.1616,0.0278,0.0394,0.0639
0.880,0.86014,0.80382,-0.90049,2.22892,0.02954,-0.50948,-1.21022,0.4758,0.1114,0.2262,0.1385,0.0238,0.0338,0.0547
0.900,0.85967,0.80338,-0.89999,2.22773,0.02953,-0.50920,-1.20955,0.3965,0.0928,0.1885,0.1154,0.0199,0.0282,0.0456
0.920,0.85918,0.80292,-0.89948,2.22652,0.02951,-0.50891,-1.20886,0.3172,0.0742,0.1508,0.0923,0.0159,0.0225,0.0365
0.940,0.85868,0.80246,-0.89896,2.22528,0.02949,-0.50862,-1.20817,0.2379,0.0557,0.1131,0.0692,0.0119,0.0169,0.0274
0.960,0.85818,0.80199,-0.89843,2.22401,0.02947,-0.50832,-1.20745,0.1586,0.0371,0.0754,0.0462,0.0079,0.0113,0.0182
0.980,0.85766,0.80150,-0.89789,2.22272,0.02946,-0.50801,-1.20672,0.0793,0.0186,0.0377,0.0231,0.0040,0.0056,0.0091
1.000,0.85713,0.80101,-0.89733,2.22140,0.02944,-0.50770,-1.20598,0.0000,0.0000,0.0000,0.0000,0.0000,0.0000,0.0000
1.020,0.85659,0.80050,-0.89677,2.22005,0.02942,-0.50738,-1.20522,0.0000,0.0000,0.0000,0.0000,0.0000,0.0000,0.0000
1.040,0.85604,0.79999,-0.89619,2.21868,0.02940,-0.50705,-1.20445,0.0000,0.0000,0.0000,0.0000,0.0000,0.0000,0.0000
1.060,0.85548,0.79947,-0.89561,2.21728,0.02938,-0.50672,-1.20366,0.0000,0.0000,0.0000,0.0000,0.0000,0.0000,0.0000
1.080,0.85491,0.79893,-0.89501,2.21585,0.02936,-0.50638,-1.20286,0.0000,0.0000,0.0000,0.0000,0.0000,0.0000,0.0000
1.100,0.85433,0.79839,-0.89440,2.21440,0.02934,-0.50604,-1.20204,0.0000,0.0000,0.0000,0.0000,0.0000,0.0000,0.0000
1.120,0.85374,0.79784,-0.89378,2.21292,0.02932,-0.50569,-1.20120,0.0000,0.0000,0.0000,0.0000,0.0000,0.0000,0.0000
1.140,0.85313,0.79727,-0.89315,2.21141,0.02930,-0.50533,-1.20036,0.0000,0.0000,0.0000,0.0000,0.0000,0.0000,0.0000
1.160,0.85252,0.79670,-0.89251,2.20988,0.02928,-0.50497,-1.19949,0.0000,0.0000,0.0000,0.0000,0.0000,0.0000,0.0000
1.180,0.85190,0.79612,-0.89185,2.20832,0.02926,-0.50460,-1.19861,0.0000,0.0000,0.0000,0.0000,0.0000,0.0000,0.0000
1.200,0.85126,0.79552,-0.89119,2.20673,0.02924,-0.50422,-1.19772,0.0000,0.0000,0.0000,0.0000,0.0000,0.0000,0.0000
1.220,0.85062,0.79492,-0.89051,2.20512,0.02921,-0.50384,-1.19681,0.0000,0.0000,0.0000,0.0000,0.0000,0.0000,0.0000
1.240,0.84996,0.79431,-0.88983,2.20348,0.02919,-0.50345,-1.19589,0.0000,0.0000,0.0000,0.0000,0.0000,0.0000,0.0000
1.260,0.84929,0.79368,-0.88913,2.20181,0.02917,-0.50306,-1.19495,0.0000,0.0000,0.0000,0.0000,0.0000,0.0000,0.0000
1.280,0.84861,0.79305,-0.88842,2.20012,0.02915,-0.50265,-1.19400,0.0000,0.0000,0.0000,0.0000,0.0000,0.0000,0.0000
1.300,0.84793,0.79241,-0.88770,2.19840,0.02912,-0.50225,-1.19303,0.0000,0.0000,0.0000,0.0000,0.0000,0.0000,0.0000
1.320,0.84723,0.79175,-0.88696,2.19665,0.02910,-0.50183,-1.19204,0.0000,0.0000,0.0000,0.0000,0.0000,0.0000,0.0000
1.340,0.84652,0.79109,-0.88622,2.19488,0.02907,-0.50141,-1.19105,0.0000,0.0000,0.0000,0.0000,0.0000,0.0000,0.0000
1.360,0.84580,0.79042,-0.88547,2.19308,0.02905,-0.50099,-1.19003,0.0000,0.0000,0.0000,0.0000,0.0000,0.0000,0.0000
1.380,0.84507,0.78973,-0.88470,2.19125,0.02902,-0.50055,-1.18900,0.0000,0.0000,0.0000,0.0000,0.0000,0.0000,0.0000
1.400,0.84432,0.78904,-0.88393,2.18940,0.02900,-0.50011,-1.18796,0.0000,0.0000,0.0000,0.0000,0.0000,0.0000,0.0000
1.420,0.84357,0.78834,-0.88314,2.18752,0.02897,-0.49967,-1.18690,0.0000,0.0000,0.0000,0.0000,0.0000,0.0000,0.0000
1.440,0.84281,0.78762,-0.88234,2.18561,0.02895,-0.49922,-1.18583,0.0000,0.0000,0.0000,0.0000,0.0000,0.0000,0.0000
1.460,0.84203,0.78690,-0.88153,2.18368,0.02892,-0.49876,-1.18474,0.0000,0.0000,0.0000,0.0000,0.0000,0.0000,0.0000
1.480,0.84125,0.78617,-0.88071,2.18172,0.02889,-0.49829,-1.18364,0.0000,0.0000,0.0000,0.0000,0.0000,0.0000,0.0000
1.500,0.84045,0.78542,-0.87988,2.17973,0.02887,-0.49782,-1.18252,0.0000,0.0000,0.0000,0.0000,0.0000,0.0000,0.0000
1.520,0.83965,0.78468,-0.87904,2.17773,0.02884,-0.49735,-1.18139,0.0000,0.0000,0.0000,0.0000,0.0000,0.0000,0.0000
1.540,0.83885,0.78393,-0.87820,2.17573,0.02881,-0.49687,-1.18026,0.0000,0.0000,0.0000,0.0000,0.0000,0.0000,0.0000
1.560,0.83805,0.78318,-0.87736,2.17373,0.02878,-0.49640,-1.17914,0.0000,0.0000,0.0000,0.0000,0.0000,0.0000,0.0000
1.580,0.83725,0.78243,-0.87652,2.17173,0.02876,-0.49592,-1.17801,0.0000,0.0000,0.0000,0.0000,0.0000,0.0000,0.0000
1.600,0.83645,0.78168,-0.87569,2.16973,0.02873,-0.49545,-1.17688,0.0000,0.0000,0.0000,0.0000,0.0000,0.0000,0.0000
1.620,0.83565,0.78094,-0.87485,2.16773,0.02870,-0.49498,-1.17576,0.0000,0.0000,0.0000,0.0000,0.0000,0.0000,0.0000
1.640,0.83485,0.78019,-0.87401,2.16573,0.02867,-0.49450,-1.17463,0.0000,0.0000,0.0000,0.0000,0.0000,0.0000,0.0000
1.660,0.83405,0.77944,-0.87317,2.16373,0.02865,-0.49403,-1.17351,0.0000,0.0000,0.0000,0.0000,0.0000,0.0000,0.0000
1.680,0.83325,0.77869,-0.87233,2.16173,0.02862,-0.49355,-1.17238,0.0000,0.0000,0.0000,0.0000,0.0000,0.0000,0.0000
1.700,0.83245,0.77794,-0.87149,2.15973,0.02859,-0.49308,-1.17125,0.0000,0.0000,0.0000,0.0000,0.0000,0.0000,0.0000
1.720,0.83165,0.77720,-0.87066,2.15773,0.02856,-0.49261,-1.17013,0.0000,0.0000,0.0000,0.0000,0.0000,0.0000,0.0000
1.740,0.83085,0.77645,-0.86982,2.15573,0.02854,-0.49213,-1.16900,0.0000,0.0000,0.0000,0.0000,0.0000,0.0000,0.0000
1.760,0.83005,0.77570,-0.86898,2.15373,0.02851,-0.49166,-1.16787,0.0000,0.0000,0.0000,0.0000,0.0000,0.0000,0.0000
1.780,0.82925,0.77495,-0.86814,2.15173,0.02848,-0.49118,-1.16675,0.0000,0.0000,0.0000,0.0000,0.0000,0.0000,0.0000
1.800,0.82845,0.77420,-0.86730,2.14973,0.02845,-0.49071,-1.16562,0.0000,0.0000,0.0000,0.0000,0.0000,0.0000,0.0000
1.820,0.82765,0.77345,-0.86647,2.14773,0.02843,-0.49023,-1.16450,0.0000,0.0000,0.0000,0.0000,0.0000,0.0000,0.0000
1.840,0.82685,0.77271,-0.86563,2.14573,0.02840,-0.48976,-1.16337,0.0000,0.0000,0.0000,0.0000,0.0000,0.0000,0.0000
1.860,0.82605,0.77196,-0.86479,2.14373,0.02837,-0.48929,-1.16224,0.0000,0.0000,0.0000,0.0000,0.0000,0.0000,0.0000
1.880,0.82525,0.77121,-0.86395,2.14173,0.02834,-0.48881,-1.16112,0.0000,0.0000,0.0000,0.0000,0.0000,0.0000,0.0000
1.900,0.82444,0.77046,-0.86311,2.13973,0.02832,-0.48834,-1.15999,0.0000,0.0000,0.0000,0.0000,0.0000,0.0000,0.0000
1.920,0.82364,0.76971,-0.86228,2.13773,0.02829,-0.48786,-1.15886,0.0000,0.0000,0.0000,0.0000,0.0000,0.0000,0.0000
1.940,0.82284,0.76897,-0.86144,2.13573,0.02826,-0.48739,-1.15774,0.0000,0.0000,0.0000,0.0000,0.0000,0.0000,0.0000
1.960,0.82204,0.76822,-0.86060,2.13373,0.02823,-0.48692,-1.15661,0.0000,0.0000,0.0000,0.0000,0.0000,0.0000,0.0000
1.980,0.82124,0.76747,-0.85976,2.13173,0.02821,-0.48644,-1.15549,0.0000,0.0000,0.0000,0.0000,0.0000,0.0000,0.0000
2.000,0.82044,0.76672,-0.85892,2.12973,0.02818,-0.48597,-1.15436,0.0000,0.0000,0.0000,0.0000,0.0000,0.0000,0.0000
2.020,0.81964,0.76597,-0.85809,2.12773,0.02815,-0.48549,-1.15323,0.0000,0.0000,0.0000,0.0000,0.0000,0.0000,0.0000
2.040,0.81884,0.76523,-0.85725,2.12573,0.02812,-0.48502,-1.15211,0.0000,0.0000,0.0000,0.0000,0.0000,0.0000,0.0000
2.060,0.81804,0.76448,-0.85641,2.12373,0.02810,-0.48454,-1.15098,0.0000,0.0000,0.0000,0.0000,0.0000,0.0000,0.0000
2.080,0.81724,0.76373,-0.85557,2.12173,0.02807,-0.48407,-1.14985,0.0000,0.0000,0.0000,0.0000,0.0000,0.0000,0.0000
2.100,0.81644,0.76298,-0.85473,2.11973,0.02804,-0.48360,-1.14873,0.0000,0.0000,0.0000,0.0000,0.0000,0.0000,0.0000
2.120,0.81564,0.76223,-0.85390,2.11773,0.02801,-0.48312,-1.14760,0.0000,0.0000,0.0000,0.0000,0.0000,0.0000,0.0000
2.140,0.81484,0.76149,-0.85306,2.11573,0.02799,-0.48265,-1.14648,0.0000,0.0000,0.0000,0.0000,0.0000,0.0000,0.0000
2.160,0.81404,0.76074,-0.85222,2.11373,0.02796,-0.48217,-1.14535,0.0000,0.0000,0.0000,0.0000,0.0000,0.0000,0.0000
2.180,0.81324,0.75999,-0.85138,2.11173,0.02793,-0.48170,-1.14422,0.0000,0.0000,0.0000,0.0000,0.0000,0.0000,0.0000
2.200,0.81244,0.75924,-0.85054,2.10973,0.02790,-0.48123,-1.14310,0.0000,0.0000,0.0000,0.0000,0.0000,0.0000,0.0000
2.220,0.81164,0.75849,-0.84971,2.10773,0.02788,-0.48075,-1.14197,0.0000,0.0000,0.0000,0.0000,0.0000,0.0000,0.0000
2.240,0.81084,0.75775,-0.84887,2.10573,0.02785,-0.48028,-1.14084,0.0000,0.0000,0.0000,0.0000,0.0000,0.0000,0.0000
2.260,0.81004,0.75700,-0.84803,2.10373,0.02782,-0.47980,-1.13972,0.0000,0.0000,0.0000,0.0000,0.0000,0.0000,0.0000
2.280,0.80924,0.75625,-0.84719,2.10173,0.02779,-0.47933,-1.13859,0.0000,0.0000,0.0000,0.0000,0.0000,0.0000,0.0000
2.300,0.80844,0.75550,-0.84635,2.09973,0.02777,-0.47886,-1.13747,0.0000,0.0000,0.0000,0.0000,0.0000,0.0000,0.0000
2.320,0.80763,0.75475,-0.84552,2.09773,0.02774,-0.47838,-1.13634,0.0000,0.0000,0.0000,0.0000,0.0000,0.0000,0.0000
2.340,0.80683,0.75400,-0.84468,2.09573,0.02771,-0.47791,-1.13521,0.0000,0.0000,0.0000,0.0000,0.0000,0.0000,0.0000
2.360,0.80603,0.75326,-0.84384,2.09373,0.02768,-0.47743,-1.13409,0.0000,0.0000,0.0000,0.0000,0.0000,0.0000,0.0000
2.380,0.80523,0.75251,-0.84300,2.09173,0.02766,-0.47696,-1.13296,0.0000,0.0000,0.0000,0.0000,0.0000,0.0000,0.0000
2.400,0.80443,0.75176,-0.84216,2.08973,0.02763,-0.47648,-1.13183,0.0000,0.0000,0.0000,0.0000,0.0000,0.0000,0.0000
2.420,0.80363,0.75101,-0.84133,2.08773,0.02760,-0.47601,-1.13071,0.0000,0.0000,0.0000,0.0000,0.0000,0.0000,0.0000
2.440,0.80283,0.75026,-0.84049,2.08573,0.02757,-0.47554,-1.12958,0.0000,0.0000,0.0000,0.0000,0.0000,0.0000,0.0000
2.460,0.80203,0.74952,-0.83965,2.08373,0.02755,-0.47506,-1.12845,0.0000,0.0000,0.0000,0.0000,0.0000,0.0000,0.0000
2.480,0.80123,0.74877,-0.83881,2.08173,0.02752,-0.47459,-1.12733,0.0000,0.0000,0.0000,0.0000,0.0000,0.0000,0.0000
2.500,0.80043,0.74802,-0.83797,2.07973,0.02749,-0.47411,-1.12620,0.0000,0.0000,0.0000,0.0000,0.0000,0.0000,0.0000
2.520,0.79963,0.74727,-0.83714,2.07773,0.02746,-0.47364,-1.12508,0.0000,0.0000,0.0000,0.0000,0.0000,0.0000,0.0000
2.540,0.79883,0.74652,-0.83630,2.07573,0.02744,-0.47317,-1.12395,0.0000,0.0000,0.0000,0.0000,0.0000,0.0000,0.0000
2.560,0.79803,0.74578,-0.83546,2.07373,0.02741,-0.47269,-1.12282,0.0000,0.0000,0.0000,0.0000,0.0000,0.0000,0.0000
2.580,0.79723,0.74503,-0.83462,2.07173,0.02738,-0.47222,-1.12170,0.0000,0.0000,0.0000,0.0000,0.0000,0.0000,0.0000
2.600,0.79643,0.74428,-0.83378,2.06973,0.02735,-0.47174,-1.12057,0.0000,0.0000,0.0000,0.0000,0.0000,0.0000,0.0000
2.620,0.79563,0.74353,-0.83295,2.06773,0.02733,-0.47127,-1.11944,0.0000,0.0000,0.0000,0.0000,0.0000,0.0000,0.0000
2.640,0.79483,0.74278,-0.83211,2.06573,0.02730,-0.47079,-1.11832,0.0000,0.0000,0.0000,0.0000,0.0000,0.0000,0.0000
2.660,0.79403,0.74204,-0.83127,2.06373,0.02727,-0.47032,-1.11719,0.0000,0.0000,0.0000,0.0000,0.0000,0.0000,0.0000
2.680,0.79323,0.74129,-0.83043,2.06173,0.02724,-0.46985,-1.11607,0.0000,0.0000,0.0000,0.0000,0.0000,0.0000,0.0000
2.700,0.79243,0.74054,-0.82959,2.05973,0.02722,-0.46937,-1.11494,0.0000,0.0000,0.0000,0.0000,0.0000,0.0000,0.0000
2.720,0.79162,0.73979,-0.82876,2.05773,0.02719,-0.46890,-1.11381,0.0000,0.0000,0.0000,0.0000,0.0000,0.0000,0.0000
2.740,0.79082,0.73904,-0.82792,2.05573,0.02716,-0.46842,-1.11269,0.0000,0.0000,0.0000,0.0000,0.0000,0.0000,0.0000
2.760,0.79002,0.73830,-0.82708,2.05373,0.02713,-0.46795,-1.11156,0.0000,0.0000,0.0000,0.0000,0.0000,0.0000,0.0000
2.780,0.78922,0.73755,-0.82624,2.05173,0.02711,-0.46748,-1.11043,0.0000,0.0000,0.0000,0.0000,0.0000,0.0000,0.0000
2.800,0.78842,0.73680,-0.82540,2.04973,0.02708,-0.46700,-1.10931,0.0000,0.0000,0.0000,0.0000,0.0000,0.0000,0.0000
2.820,0.78762,0.73605,-0.82457,2.04773,0.02705,-0.46653,-1.10818,0.0000,0.0000,0.0000,0.0000,0.0000,0.0000,0.0000
2.840,0.78682,0.73530,-0.82373,2.04573,0.02702,-0.46605,-1.10706,0.0000,0.0000,0.0000,0.0000,0.0000,0.0000,0.0000
2.860,0.78602,0.73455,-0.82289,2.04373,0.02700,-0.46558,-1.10593,0.0000,0.0000,0.0000,0.0000,0.0000,0.0000,0.0000
2.880,0.78522,0.73381,-0.82205,2.04173,0.02697,-0.46510,-1.10480,0.0000,0.0000,0.0000,0.0000,0.0000,0.0000,0.0000
2.900,0.78442,0.73306,-0.82121,2.03973,0.02694,-0.46463,-1.10368,0.0000,0.0000,0.0000,0.0000,0.0000,0.0000,0.0000
2.920,0.78362,0.73231,-0.82037,2.03773,0.02691,-0.46416,-1.10255,0.0000,0.0000,0.0000,0.0000,0.0000,0.0000,0.0000
2.940,0.78282,0.73156,-0.81954,2.03573,0.02689,-0.46368,-1.10142,0.0000,0.0000,0.0000,0.0000,0.0000,0.0000,0.0000
2.960,0.78202,0.73081,-0.81870,2.03373,0.02686,-0.46321,-1.10030,0.0000,0.0000,0.0000,0.0000,0.0000,0.0000,0.0000
2.980,0.78122,0.73007,-0.81786,2.03173,0.02683,-0.46273,-1.09917,0.0000,0.0000,0.0000,0.0000,0.0000,0.0000,0.0000
3.000,0.78042,0.72932,-0.81702,2.02973,0.02680,-0.46226,-1.09805,0.0000,0.0000,0.0000,0.0000,0.0000,0.0000,0.0000
3.020,0.77962,0.72857,-0.81618,2.02773,0.02678,-0.46179,-1.09692,0.0000,0.0000,0.0000,0.0000,0.0000,0.0000,0.0000
3.040,0.77882,0.72782,-0.81535,2.02573,0.02675,-0.46131,-1.09579,0.0000,0.0000,0.0000,0.0000,0.0000,0.0000,0.0000
3.060,0.77802,0.72707,-0.81451,2.02373,0.02672,-0.46084,-1.09467,0.0000,0.0000,0.0000,0.0000,0.0000,0.0000,0.0000
3.080,0.77722,0.72633,-0.81367,2.02173,0.02669,-0.46036,-1.09354,0.0000,0.0000,0.0000,0.0000,0.0000,0.0000,0.0000
3.100,0.77642,0.72558,-0.81283,2.01973,0.02667,-0.45989,-1.09241,0.0000,0.0000,0.0000,0.0000,0.0000,0.0000,0.0000
3.120,0.77562,0.72483,-0.81199,2.01773,0.02664,-0.45942,-1.09129,0.0000,0.0000,0.0000,0.0000,0.0000,0.0000,0.0000
3.140,0.77481,0.72408,-0.81116,2.01573,0.02661,-0.45894,-1.09016,0.0000,0.0000,0.0000,0.0000,0.0000,0.0000,0.0000
3.160,0.77401,0.72333,-0.81032,2.01373,0.02658,-0.45847,-1.08904,0.0000,0.0000,0.0000,0.0000,0.0000,0.0000,0.0000
3.180,0.77321,0.72259,-0.80948,2.01173,0.02656,-0.45799,-1.08791,0.0000,0.0000,0.0000,0.0000,0.0000,0.0000,0.0000
3.200,0.77241,0.72184,-0.80864,2.00973,0.02653,-0.45752,-1.08678,0.0000,0.0000,0.0000,0.0000,0.0000,0.0000,0.0000
3.220,0.77161,0.72109,-0.80780,2.00773,0.02650,-0.45704,-1.08566,0.0000,0.0000,0.0000,0.0000,0.0000,0.0000,0.0000
3.240,0.77081,0.72034,-0.80697,2.00573,0.02647,-0.45657,-1.08453,0.0000,0.0000,0.0000,0.0000,0.0000,0.0000,0.0000
3.260,0.77001,0.71959,-0.80613,2.00373,0.02645,-0.45610,-1.08340,0.0000,0.0000,0.0000,0.0000,0.0000,0.0000,0.0000
3.280,0.76921,0.71885,-0.80529,2.00173,0.02642,-0.45562,-1.08228,0.0000,0.0000,0.0000,0.0000,0.0000,0.0000,0.0000
3.300,0.76841,0.71810,-0.80445,1.99973,0.02639,-0.45515,-1.08115,0.0000,0.0000,0.0000,0.0000,0.0000,0.0000,0.0000
3.320,0.76761,0.71735,-0.80361,1.99773,0.02636,-0.45467,-1.08002,0.0000,0.0000,0.0000,0.0000,0.0000,0.0000,0.0000
3.340,0.76681,0.71660,-0.80278,1.99573,0.02634,-0.45420,-1.07890,0.0000,0.0000,0.0000,0.0000,0.0000,0.0000,0.0000
3.360,0.76601,0.71585,-0.80194,1.99373,0.02631,-0.45373,-1.07777,0.0000,0.0000,0.0000,0.0000,0.0000,0.0000,0.0000
3.380,0.76521,0.71511,-0.80110,1.99173,0.02628,-0.45325,-1.07665,0.0000,0.0000,0.0000,0.0000,0.0000,0.0000,0.0000
3.400,0.76441,0.71436,-0.80026,1.98973,0.02625,-0.45278,-1.07552,0.0000,0.0000,0.0000,0.0000,0.0000,0.0000,0.0000
3.420,0.76361,0.71361,-0.79942,1.98773,0.02623,-0.45230,-1.07439,0.0000,0.0000,0.0000,0.0000,0.0000,0.0000,0.0000
3.440,0.76281,0.71286,-0.79859,1.98573,0.02620,-0.45183,-1.07327,0.0000,0.0000,0.0000,0.0000,0.0000,0.0000,0.0000
3.460,0.76201,0.71211,-0.79775,1.98373,0.02617,-0.45135,-1.07214,0.0000,0.0000,0.0000,0.0000,0.0000,0.0000,0.0000
3.480,0.76121,0.71136,-0.79691,1.98173,0.02614,-0.45088,-1.07101,0.0000,0.0000,0.0000,0.0000,0.0000,0.0000,0.0000
3.500,0.76041,0.71062,-0.79607,1.97973,0.02612,-0.45041,-1.06989,0.0000,0.0000,0.0000,0.0000,0.0000,0.0000,0.0000
3.520,0.75961,0.70987,-0.79523,1.97773,0.02609,-0.44993,-1.06876,0.0000,0.0000,0.0000,0.0000,0.0000,0.0000,0.0000
3.540,0.75880,0.70912,-0.79440,1.97573,0.02606,-0.44946,-1.06764,0.0000,0.0000,0.0000,0.0000,0.0000,0.0000,0.0000
3.560,0.75800,0.70837,-0.79356,1.97373,0.02603,-0.44898,-1.06651,0.0000,0.0000,0.0000,0.0000,0.0000,0.0000,0.0000
3.580,0.75720,0.70762,-0.79272,1.97173,0.02601,-0.44851,-1.06538,0.0000,0.0000,0.0000,0.0000,0.0000,0.0000,0.0000
3.600,0.75640,0.70688,-0.79188,1.96973,0.02598,-0.44804,-1.06426,0.0000,0.0000,0.0000,0.0000,0.0000,0.0000,0.0000
3.620,0.75560,0.70613,-0.79104,1.96773,0.02595,-0.44756,-1.06313,0.0000,0.0000,0.0000,0.0000,0.0000,0.0000,0.0000
3.640,0.75480,0.70538,-0.79021,1.96573,0.02592,-0.44709,-1.06200,0.0000,0.0000,0.0000,0.0000,0.0000,0.0000,0.0000
3.660,0.75400,0.70463,-0.78937,1.96373,0.02590,-0.44661,-1.06088,0.0000,0.0000,0.0000,0.0000,0.0000,0.0000,0.0000
3.680,0.75320,0.70388,-0.78853,1.96173,0.02587,-0.44614,-1.05975,0.0000,0.0000,0.0000,0.0000,0.0000,0.0000,0.0000
3.700,0.75240,0.70314,-0.78769,1.95973,0.02584,-0.44566,-1.05863,0.0000,0.0000,0.0000,0.0000,0.0000,0.0000,0.0000
3.720,0.75160,0.70239,-0.78685,1.95773,0.02581,-0.44519,-1.05750,0.0000,0.0000,0.0000,0.0000,0.0000,0.0000,0.0000
3.740,0.75080,0.70164,-0.78602,1.95573,0.02579,-0.44472,-1.05637,0.0000,0.0000,0.0000,0.0000,0.0000,0.0000,0.0000
3.760,0.75000,0.70089,-0.78518,1.95373,0.02576,-0.44424,-1.05525,0.0000,0.0000,0.0000,0.0000,0.0000,0.0000,0.0000
3.780,0.74920,0.70014,-0.78434,1.95173,0.02573,-0.44377,-1.05412,0.0000,0.0000,0.0000,0.0000,0.0000,0.0000,0.0000
3.800,0.74840,0.69940,-0.78350,1.94973,0.02570,-0.44329,-1.05299,0.0000,0.0000,0.0000,0.0000,0.0000,0.0000,0.0000
3.820,0.74760,0.69865,-0.78266,1.94773,0.02568,-0.44282,-1.05187,0.0000,0.0000,0.0000,0.0000,0.0000,0.0000,0.0000
3.840,0.74680,0.69790,-0.78183,1.94573,0.02565,-0.44235,-1.05074,0.0000,0.0000,0.0000,0.0000,0.0000,0.0000,0.0000
3.860,0.74600,0.69715,-0.78099,1.94373,0.02562,-0.44187,-1.04962,0.0000,0.0000,0.0000,0.0000,0.0000,0.0000,0.0000
3.880,0.74520,0.69640,-0.78015,1.94173,0.02559,-0.44140,-1.04849,0.0000,0.0000,0.0000,0.0000,0.0000,0.0000,0.0000
3.900,0.74440,0.69566,-0.77931,1.93973,0.02557,-0.44092,-1.04736,0.0000,0.0000,0.0000,0.0000,0.0000,0.0000,0.0000
3.920,0.74360,0.69491,-0.77847,1.93773,0.02554,-0.44045,-1.04624,0.0000,0.0000,0.0000,0.0000,0.0000,0.0000,0.0000
3.940,0.74280,0.69416,-0.77764,1.93573,0.02551,-0.43998,-1.04511,0.0000,0.0000,0.0000,0.0000,0.0000,0.0000,0.0000
3.960,0.74199,0.69341,-0.77680,1.93373,0.02548,-0.43950,-1.04398,0.0000,0.0000,0.0000,0.0000,0.0000,0.0000,0.0000
3.980,0.74119,0.69266,-0.77596,1.93173,0.02546,-0.43903,-1.04286,0.0000,0.0000,0.0000,0.0000,0.0000,0.0000,0.0000
4.000,0.74039,0.69191,-0.77512,1.92973,0.02543,-0.43855,-1.04173,0.0000,0.0000,0.0000,0.0000,0.0000,0.0000,0.0000
4.020,0.73959,0.69117,-0.77428,1.92773,0.02540,-0.43808,-1.04060,0.0000,0.0000,0.0000,0.0000,0.0000,0.0000,0.0000
4.040,0.73879,0.69042,-0.77345,1.92573,0.02537,-0.43760,-1.03948,0.0000,0.0000,0.0000,0.0000,0.0000,0.0000,0.0000
4.060,0.73799,0.68967,-0.77261,1.92373,0.02535,-0.43713,-1.03835,0.0000,0.0000,0.0000,0.0000,0.0000,0.0000,0.0000
4.080,0.73719,0.68892,-0.77177,1.92173,0.02532,-0.43666,-1.03723,0.0000,0.0000,0.0000,0.0000,0.0000,0.0000,0.0000
4.100,0.73639,0.68817,-0.77093,1.91973,0.02529,-0.43618,-1.03610,0.0000,0.0000,0.0000,0.0000,0.0000,0.0000,0.0000
4.120,0.73559,0.68743,-0.77009,1.91773,0.02526,-0.43571,-1.03497,0.0000,0.0000,0.0000,0.0000,0.0000,0.0000,0.0000
4.140,0.73479,0.68668,-0.76926,1.91573,0.02524,-0.43523,-1.03385,0.0000,0.0000,0.0000,0.0000,0.0000,0.0000,0.0000
4.160,0.73399,0.68593,-0.76842,1.91373,0.02521,-0.43476,-1.03272,0.0000,0.0000,0.0000,0.0000,0.0000,0.0000,0.0000
4.180,0.73319,0.68518,-0.76758,1.91173,0.02518,-0.43429,-1.03159,0.0000,0.0000,0.0000,0.0000,0.0000,0.0000,0.0000
4.200,0.73239,0.68443,-0.76674,1.90973,0.02515,-0.43381,-1.03047,0.0000,0.0000,0.0000,0.0000,0.0000,0.0000,0.0000
4.220,0.73159,0.68369,-0.76590,1.90773,0.02513,-0.43334,-1.02934,0.0000,0.0000,0.0000,0.0000,0.0000,0.0000,0.0000
4.240,0.73079,0.68294,-0.76506,1.90573,0.02510,-0.43286,-1.02822,0.0000,0.0000,0.0000,0.0000,0.0000,0.0000,0.0000
4.260,0.72999,0.68219,-0.76423,1.90373,0.02507,-0.43239,-1.02709,0.0000,0.0000,0.0000,0.0000,0.0000,0.0000,0.0000
4.280,0.72919,0.68144,-0.76339,1.90173,0.02504,-0.43191,-1.02596,0.0000,0.0000,0.0000,0.0000,0.0000,0.0000,0.0000
4.300,0.72839,0.68069,-0.76255,1.89973,0.02502,-0.43144,-1.02484,0.0000,0.0000,0.0000,0.0000,0.0000,0.0000,0.0000
4.320,0.72759,0.67995,-0.76171,1.89773,0.02499,-0.43097,-1.02371,0.0000,0.0000,0.0000,0.0000,0.0000,0.0000,0.0000
4.340,0.72679,0.67920,-0.76087,1.89573,0.02496,-0.43049,-1.02258,0.0000,0.0000,0.0000,0.0000,0.0000,0.0000,0.0000
4.360,0.72599,0.67845,-0.76004,1.89373,0.02493,-0.43002,-1.02146,0.0000,0.0000,0.0000,0.0000,0.0000,0.0000,0.0000
4.380,0.72518,0.67770,-0.75920,1.89173,0.02491,-0.42954,-1.02033,0.0000,0.0000,0.0000,0.0000,0.0000,0.0000,0.0000
4.400,0.72438,0.67695,-0.75836,1.88973,0.02488,-0.42907,-1.01921,0.0000,0.0000,0.0000,0.0000,0.0000,0.0000,0.0000
4.420,0.72358,0.67621,-0.75752,1.88773,0.02485,-0.42860,-1.01808,0.0000,0.0000,0.0000,0.0000,0.0000,0.0000,0.0000
4.440,0.72278,0.67546,-0.75668,1.88573,0.02482,-0.42812,-1.01695,0.0000,0.0000,0.0000,0.0000,0.0000,0.0000,0.0000
4.460,0.72198,0.67471,-0.75585,1.88373,0.02480,-0.42765,-1.01583,0.0000,0.0000,0.0000,0.0000,0.0000,0.0000,0.0000
4.480,0.72118,0.67396,-0.75501,1.88173,0.02477,-0.42717,-1.01470,0.0000,0.0000,0.0000,0.0000,0.0000,0.0000,0.0000
4.500,0.72038,0.67321,-0.75417,1.87973,0.02474,-0.42670,-1.01357,0.0000,0.0000,0.0000,0.0000,0.0000,0.0000,0.0000
4.520,0.71958,0.67246,-0.75333,1.87773,0.02471,-0.42622,-1.01245,0.0000,0.0000,0.0000,0.0000,0.0000,0.0000,0.0000
4.540,0.71878,0.67172,-0.75249,1.87573,0.02469,-0.42575,-1.01132,0.0000,0.0000,0.0000,0.0000,0.0000,0.0000,0.0000
4.560,0.71798,0.67097,-0.75166,1.87373,0.02466,-0.42528,-1.01020,0.0000,0.0000,0.0000,0.0000,0.0000,0.0000,0.0000
4.580,0.71718,0.67022,-0.75082,1.87173,0.02463,-0.42480,-1.00907,0.0000,0.0000,0.0000,0.0000,0.0000,0.0000,0.0000
4.600,0.71638,0.66947,-0.74998,1.86973,0.02460,-0.42433,-1.00794,0.0000,0.0000,0.0000,0.0000,0.0000,0.0000,0.0000
4.620,0.71558,0.66872,-0.74914,1.86773,0.02458,-0.42385,-1.00682,0.0000,0.0000,0.0000,0.0000,0.0000,0.0000,0.0000
4.640,0.71478,0.66798,-0.74830,1.86573,0.02455,-0.42338,-1.00569,0.0000,0.0000,0.0000,0.0000,0.0000,0.0000,0.0000
4.660,0.71398,0.66723,-0.74747,1.86373,0.02452,-0.42291,-1.00456,0.0000,0.0000,0.0000,0.0000,0.0000,0.0000,0.0000
4.680,0.71318,0.66648,-0.74663,1.86173,0.02449,-0.42243,-1.00344,0.0000,0.0000,0.0000,0.0000,0.0000,0.0000,0.0000
4.700,0.71238,0.66573,-0.74579,1.85973,0.02447,-0.42196,-1.00231,0.0000,0.0000,0.0000,0.0000,0.0000,0.0000,0.0000
4.720,0.71158,0.66498,-0.74495,1.85773,0.02444,-0.42148,-1.00119,0.0000,0.0000,0.0000,0.0000,0.0000,0.0000,0.0000
4.740,0.71078,0.66424,-0.74411,1.85573,0.02441,-0.42101,-1.00006,0.0000,0.0000,0.0000,0.0000,0.0000,0.0000,0.0000
4.760,0.70998,0.66349,-0.74328,1.85373,0.02438,-0.42054,-0.99893,0.0000,0.0000,0.0000,0.0000,0.0000,0.0000,0.0000
4.780,0.70917,0.66274,-0.74244,1.85173,0.02436,-0.42006,-0.99781,0.0000,0.0000,0.0000,0.0000,0.0000,0.0000,0.0000
4.800,0.70837,0.66199,-0.74160,1.84973,0.02433,-0.41959,-0.99668,0.0000,0.0000,0.0000,0.0000,0.0000,0.0000,0.0000
4.820,0.70757,0.66124,-0.74076,1.84773,0.02430,-0.41911,-0.99555,0.0000,0.0000,0.0000,0.0000,0.0000,0.0000,0.0000
4.840,0.70677,0.66050,-0.73992,1.84573,0.02427,-0.41864,-0.99443,0.0000,0.0000,0.0000,0.0000,0.0000,0.0000,0.0000
4.860,0.70597,0.65975,-0.73909,1.84373,0.02425,-0.41816,-0.99330,0.0000,0.0000,0.0000,0.0000,0.0000,0.0000,0.0000
4.880,0.70517,0.65900,-0.73825,1.84173,0.02422,-0.41769,-0.99217,0.0000,0.0000,0.0000,0.0000,0.0000,0.0000,0.0000
4.900,0.70437,0.65825,-0.73741,1.83973,0.02419,-0.41722,-0.99105,0.0000,0.0000,0.0000,0.0000,0.0000,0.0000,0.0000
4.920,0.70357,0.65750,-0.73657,1.83773,0.02416,-0.41674,-0.98992,0.0000,0.0000,0.0000,0.0000,0.0000,0.0000,0.0000
4.940,0.70277,0.65676,-0.73573,1.83573,0.02414,-0.41627,-0.98880,0.0000,0.0000,0.0000,0.0000,0.0000,0.0000,0.0000
4.960,0.70197,0.65601,-0.73490,1.83373,0.02411,-0.41579,-0.98767,0.0000,0.0000,0.0000,0.0000,0.0000,0.0000,0.0000
4.980,0.70117,0.65526,-0.73406,1.83173,0.02408,-0.41532,-0.98654,0.0000,0.0000,0.0000,0.0000,0.0000,0.0000,0.0000
5.000,0.70037,0.65451,-0.73322,1.82973,0.02405,-0.41485,-0.98542,0.0000,0.0000,0.0000,0.0000,0.0000,0.0000,0.0000
5.020,0.69957,0.65376,-0.73238,1.82773,0.02403,-0.41437,-0.98429,0.0000,0.0000,0.0000,0.0000,0.0000,0.0000,0.0000
5.040,0.69877,0.65302,-0.73154,1.82573,0.02400,-0.41390,-0.98316,0.0000,0.0000,0.0000,0.0000,0.0000,0.0000,0.0000
5.060,0.69797,0.65227,-0.73071,1.82373,0.02397,-0.41342,-0.98204,0.0000,0.0000,0.0000,0.0000,0.0000,0.0000,0.0000
5.080,0.69717,0.65152,-0.72987,1.82173,0.02394,-0.41295,-0.98091,0.0000,0.0000,0.0000,0.0000,0.0000,0.0000,0.0000
5.100,0.69637,0.65077,-0.72903,1.81973,0.02392,-0.41247,-0.97979,0.0000,0.0000,0.0000,0.0000,0.0000,0.0000,0.0000
5.120,0.69557,0.65002,-0.72819,1.81773,0.02389,-0.41200,-0.97866,0.0000,0.0000,0.0000,0.0000,0.0000,0.0000,0.0000
5.140,0.69477,0.64927,-0.72735,1.81573,0.02386,-0.41153,-0.97753,0.0000,0.0000,0.0000,0.0000,0.0000,0.0000,0.0000
5.160,0.69397,0.64853,-0.72652,1.81373,0.02383,-0.41105,-0.97641,0.0000,0.0000,0.0000,0.0000,0.0000,0.0000,0.0000
5.180,0.69317,0.64778,-0.72568,1.81173,0.02381,-0.41058,-0.97528,0.0000,0.0000,0.0000,0.0000,0.0000,0.0000,0.0000
5.200,0.69236,0.64703,-0.72484,1.80973,0.02378,-0.41010,-0.97415,0.0000,0.0000,0.0000,0.0000,0.0000,0.0000,0.0000
5.220,0.69156,0.64628,-0.72400,1.80773,0.02375,-0.40963,-0.97303,0.0000,0.0000,0.0000,0.0000,0.0000,0.0000,0.0000
5.240,0.69076,0.64553,-0.72316,1.80573,0.02372,-0.40916,-0.97190,0.0000,0.0000,0.0000,0.0000,0.0000,0.0000,0.0000
5.260,0.68996,0.64479,-0.72233,1.80373,0.02370,-0.40868,-0.97078,0.0000,0.0000,0.0000,0.0000,0.0000,0.0000,0.0000
5.280,0.68916,0.64404,-0.72149,1.80173,0.02367,-0.40821,-0.96965,0.0000,0.0000,0.0000,0.0000,0.0000,0.0000,0.0000
5.300,0.68836,0.64329,-0.72065,1.79973,0.02364,-0.40773,-0.96852,0.0000,0.0000,0.0000,0.0000,0.0000,0.0000,0.0000
5.320,0.68756,0.64254,-0.71981,1.79773,0.02361,-0.40726,-0.96740,0.0000,0.0000,0.0000,0.0000,0.0000,0.0000,0.0000
5.340,0.68676,0.64179,-0.71897,1.79573,0.02359,-0.40678,-0.96627,0.0000,0.0000,0.0000,0.0000,0.0000,0.0000,0.0000
5.360,0.68596,0.64105,-0.71814,1.79373,0.02356,-0.40631,-0.96514,0.0000,0.0000,0.0000,0.0000,0.0000,0.0000,0.0000
5.380,0.68516,0.64030,-0.71730,1.79173,0.02353,-0.40584,-0.96402,0.0000,0.0000,0.0000,0.0000,0.0000,0.0000,0.0000
5.400,0.68436,0.63955,-0.71646,1.78973,0.02350,-0.40536,-0.96289,0.0000,0.0000,0.0000,0.0000,0.0000,0.0000,0.0000
5.420,0.68356,0.63880,-0.71562,1.78773,0.02348,-0.40489,-0.96177,0.0000,0.0000,0.0000,0.0000,0.0000,0.0000,0.0000
5.440,0.68276,0.63805,-0.71478,1.78573,0.02345,-0.40441,-0.96064,0.0000,0.0000,0.0000,0.0000,0.0000,0.0000,0.0000
5.460,0.68196,0.63731,-0.71395,1.78373,0.02342,-0.40394,-0.95951,0.0000,0.0000,0.0000,0.0000,0.0000,0.0000,0.0000
5.480,0.68116,0.63656,-0.71311,1.78173,0.02339,-0.40347,-0.95839,0.0000,0.0000,0.0000,0.0000,0.0000,0.0000,0.0000
5.500,0.68036,0.63581,-0.71227,1.77973,0.02337,-0.40299,-0.95726,0.0000,0.0000,0.0000,0.0000,0.0000,0.0000,0.0000
5.520,0.67956,0.63506,-0.71143,1.77773,0.02334,-0.40252,-0.95613,0.0000,0.0000,0.0000,0.0000,0.0000,0.0000,0.0000
5.540,0.67876,0.63431,-0.71059,1.77573,0.02331,-0.40204,-0.95501,0.0000,0.0000,0.0000,0.0000,0.0000,0.0000,0.0000
5.560,0.67796,0.63357,-0.70975,1.77373,0.02328,-0.40157,-0.95388,0.0000,0.0000,0.0000,0.0000,0.0000,0.0000,0.0000
5.580,0.67716,0.63282,-0.70892,1.77173,0.02326,-0.40110,-0.95276,0.0000,0.0000,0.0000,0.0000,0.0000,0.0000,0.0000
5.600,0.67635,0.63207,-0.70808,1.76973,0.02323,-0.40062,-0.95163,0.0000,0.0000,0.0000,0.0000,0.0000,0.0000,0.0000
5.620,0.67555,0.63132,-0.70724,1.76773,0.02320,-0.40015,-0.95050,0.0000,0.0000,0.0000,0.0000,0.0000,0.0000,0.0000
5.640,0.67475,0.63057,-0.70640,1.76573,0.02317,-0.39967,-0.94938,0.0000,0.0000,0.0000,0.0000,0.0000,0.0000,0.0000
5.660,0.67395,0.62982,-0.70556,1.76373,0.02315,-0.39920,-0.94825,0.0000,0.0000,0.0000,0.0000,0.0000,0.0000,0.0000
5.680,0.67315,0.62908,-0.70473,1.76173,0.02312,-0.39872,-0.94712,0.0000,0.0000,0.0000,0.0000,0.0000,0.0000,0.0000
5.700,0.67235,0.62833,-0.70389,1.75973,0.02309,-0.39825,-0.94600,0.0000,0.0000,0.0000,0.0000,0.0000,0.0000,0.0000
5.720,0.67155,0.62758,-0.70305,1.75773,0.02306,-0.39778,-0.94487,0.0000,0.0000,0.0000,0.0000,0.0000,0.0000,0.0000
5.740,0.67075,0.62683,-0.70221,1.75573,0.02304,-0.39730,-0.94374,0.0000,0.0000,0.0000,0.0000,0.0000,0.0000,0.0000
5.760,0.66995,0.62608,-0.70137,1.75373,0.02301,-0.39683,-0.94262,0.0000,0.0000,0.0000,0.0000,0.0000,0.0000,0.0000
5.780,0.66915,0.62534,-0.70054,1.75173,0.02298,-0.39635,-0.94149,0.0000,0.0000,0.0000,0.0000,0.0000,0.0000,0.0000
5.800,0.66835,0.62459,-0.69970,1.74973,0.02295,-0.39588,-0.94037,0.0000,0.0000,0.0000,0.0000,0.0000,0.0000,0.0000
5.820,0.66755,0.62384,-0.69886,1.74773,0.02293,-0.39541,-0.93924,0.0000,0.0000,0.0000,0.0000,0.0000,0.0000,0.0000
5.840,0.66675,0.62309,-0.69802,1.74573,0.02290,-0.39493,-0.93811,0.0000,0.0000,0.0000,0.0000,0.0000,0.0000,0.0000
5.860,0.66595,0.62234,-0.69718,1.74373,0.02287,-0.39446,-0.93699,0.0000,0.0000,0.0000,0.0000,0.0000,0.0000,0.0000
5.880,0.66515,0.62160,-0.69635,1.74173,0.02284,-0.39398,-0.93586,0.0000,0.0000,0.0000,0.0000,0.0000,0.0000,0.0000
5.900,0.66435,0.62085,-0.69551,1.73973,0.02282,-0.39351,-0.93473,0.0000,0.0000,0.0000,0.0000,0.0000,0.0000,0.0000
5.920,0.66355,0.62010,-0.69467,1.73773,0.02279,-0.39303,-0.93361,0.0000,0.0000,0.0000,0.0000,0.0000,0.0000,0.0000
5.940,0.66275,0.61935,-0.69383,1.73573,0.02276,-0.39256,-0.93248,0.0000,0.0000,0.0000,0.0000,0.0000,0.0000,0.0000
5.960,0.66195,0.61860,-0.69299,1.73373,0.02273,-0.39209,-0.93136,0.0000,0.0000,0.0000,0.0000,0.0000,0.0000,0.0000
5.980,0.66115,0.61786,-0.69216,1.73173,0.02271,-0.39161,-0.93023,0.0000,0.0000,0.0000,0.0000,0.0000,0.0000,0.0000
6.000,0.66035,0.61711,-0.69132,1.72973,0.02268,-0.39114,-0.92910,0.0000,0.0000,0.0000,0.0000,0.0000,0.0000,0.0000
6.020,0.65954,0.61636,-0.69048,1.72773,0.02265,-0.39066,-0.92798,0.0000,0.0000,0.0000,0.0000,0.0000,0.0000,0.0000
6.040,0.65874,0.61561,-0.68964,1.72573,0.02262,-0.39019,-0.92685,0.0000,0.0000,0.0000,0.0000,0.0000,0.0000,0.0000
6.060,0.65794,0.61486,-0.68880,1.72373,0.02260,-0.38972,-0.92572,0.0000,0.0000,0.0000,0.0000,0.0000,0.0000,0.0000
6.080,0.65714,0.61412,-0.68797,1.72173,0.02257,-0.38924,-0.92460,0.0000,0.0000,0.0000,0.0000,0.0000,0.0000,0.0000
6.100,0.65634,0.61337,-0.68713,1.71973,0.02254,-0.38877,-0.92347,0.0000,0.0000,0.0000,0.0000,0.0000,0.0000,0.0000
6.120,0.65554,0.61262,-0.68629,1.71773,0.02251,-0.38829,-0.92235,0.0000,0.0000,0.0000,0.0000,0.0000,0.0000,0.0000
6.140,0.65474,0.61187,-0.68545,1.71573,0.02249,-0.38782,-0.92122,0.0000,0.0000,0.0000,0.0000,0.0000,0.0000,0.0000
6.160,0.65394,0.61112,-0.68461,1.71373,0.02246,-0.38734,-0.92009,0.0000,0.0000,0.0000,0.0000,0.0000,0.0000,0.0000
6.180,0.65314,0.61038,-0.68378,1.71173,0.02243,-0.38687,-0.91897,0.0000,0.0000,0.0000,0.0000,0.0000,0.0000,0.0000
6.200,0.65234,0.60963,-0.68294,1.70973,0.02240,-0.38640,-0.91784,0.0000,0.0000,0.0000,0.0000,0.0000,0.0000,0.0000
6.220,0.65154,0.60888,-0.68210,1.70773,0.02238,-0.38592,-0.91671,0.0000,0.0000,0.0000,0.0000,0.0000,0.0000,0.0000
6.240,0.65074,0.60813,-0.68126,1.70573,0.02235,-0.38545,-0.91559,0.0000,0.0000,0.0000,0.0000,0.0000,0.0000,0.0000
6.260,0.64994,0.60738,-0.68042,1.70373,0.02232,-0.38497,-0.91446,0.0000,0.0000,0.0000,0.0000,0.0000,0.0000,0.0000
6.280,0.64914,0.60663,-0.67959,1.70173,0.02229,-0.38450,-0.91334,0.0000,0.0000,0.0000,0.0000,0.0000,0.0000,0.0000
6.300,0.64834,0.60589,-0.67875,1.69973,0.02227,-0.38403,-0.91221,0.0000,0.0000,0.0000,0.0000,0.0000,0.0000,0.0000
6.320,0.64754,0.60514,-0.67791,1.69773,0.02224,-0.38355,-0.91108,0.0000,0.0000,0.0000,0.0000,0.0000,0.0000,0.0000
6.340,0.64674,0.60439,-0.67707,1.69573,0.02221,-0.38308,-0.90996,0.0000,0.0000,0.0000,0.0000,0.0000,0.0000,0.0000
6.360,0.64594,0.60364,-0.67623,1.69373,0.02218,-0.38260,-0.90883,0.0000,0.0000,0.0000,0.0000,0.0000,0.0000,0.0000
6.380,0.64514,0.60289,-0.67540,1.69173,0.02216,-0.38213,-0.90770,0.0000,0.0000,0.0000,0.0000,0.0000,0.0000,0.0000
6.400,0.64434,0.60215,-0.67456,1.68973,0.02213,-0.38166,-0.90658,0.0000,0.0000,0.0000,0.0000,0.0000,0.0000,0.0000
6.420,0.64354,0.60140,-0.67372,1.68773,0.02210,-0.38118,-0.90545,0.0000,0.0000,0.0000,0.0000,0.0000,0.0000,0.0000
6.440,0.64273,0.60065,-0.67288,1.68573,0.02207,-0.38071,-0.90433,0.0000,0.0000,0.0000,0.0000,0.0000,0.0000,0.0000
6.460,0.64193,0.59990,-0.67204,1.68373,0.02205,-0.38023,-0.90320,0.0000,0.0000,0.0000,0.0000,0.0000,0.0000,0.0000
6.480,0.64113,0.59915,-0.67121,1.68173,0.02202,-0.37976,-0.90207,0.0000,0.0000,0.0000,0.0000,0.0000,0.0000,0.0000
6.500,0.64033,0.59841,-0.67037,1.67973,0.02199,-0.37928,-0.90095,0.0000,0.0000,0.0000,0.0000,0.0000,0.0000,0.0000
6.520,0.63953,0.59766,-0.66953,1.67773,0.02196,-0.37881,-0.89982,0.0000,0.0000,0.0000,0.0000,0.0000,0.0000,0.0000
6.540,0.63873,0.59691,-0.66869,1.67573,0.02194,-0.37834,-0.89869,0.0000,0.0000,0.0000,0.0000,0.0000,0.0000,0.0000
6.560,0.63793,0.59616,-0.66785,1.67373,0.02191,-0.37786,-0.89757,0.0000,0.0000,0.0000,0.0000,0.0000,0.0000,0.0000
6.580,0.63713,0.59541,-0.66702,1.67173,0.02188,-0.37739,-0.89644,0.0000,0.0000,0.0000,0.0000,0.0000,0.0000,0.0000
6.600,0.63633,0.59467,-0.66618,1.66973,0.02185,-0.37691,-0.89531,0.0000,0.0000,0.0000,0.0000,0.0000,0.0000,0.0000
6.620,0.63553,0.59392,-0.66534,1.66773,0.02183,-0.37644,-0.89419,0.0000,0.0000,0.0000,0.0000,0.0000,0.0000,0.0000
6.640,0.63473,0.59317,-0.66450,1.66573,0.02180,-0.37597,-0.89306,0.0000,0.0000,0.0000,0.0000,0.0000,0.0000,0.0000
6.660,0.63393,0.59242,-0.66366,1.66373,0.02177,-0.37549,-0.89194,0.0000,0.0000,0.0000,0.0000,0.0000,0.0000,0.0000
6.680,0.63313,0.59167,-0.66283,1.66173,0.02174,-0.37502,-0.89081,0.0000,0.0000,0.0000,0.0000,0.0000,0.0000,0.0000
6.700,0.63233,0.59093,-0.66199,1.65973,0.02172,-0.37454,-0.88968,0.0000,0.0000,0.0000,0.0000,0.0000,0.0000,0.0000
6.720,0.63153,0.59018,-0.66115,1.65773,0.02169,-0.37407,-0.88856,0.0000,0.0000,0.0000,0.0000,0.0000,0.0000,0.0000
6.740,0.63073,0.58943,-0.66031,1.65573,0.02166,-0.37359,-0.88743,0.0000,0.0000,0.0000,0.0000,0.0000,0.0000,0.0000
6.760,0.62993,0.58868,-0.65947,1.65373,0.02163,-0.37312,-0.88630,0.0000,0.0000,0.0000,0.0000,0.0000,0.0000,0.0000
6.780,0.62913,0.58793,-0.65863,1.65173,0.02161,-0.37265,-0.88518,0.0000,0.0000,0.0000,0.0000,0.0000,0.0000,0.0000
6.800,0.62833,0.58718,-0.65780,1.64973,0.02158,-0.37217,-0.88405,0.0000,0.0000,0.0000,0.0000,0.0000,0.0000,0.0000
6.820,0.62753,0.58644,-0.65696,1.64773,0.02155,-0.37170,-0.88293,0.0000,0.0000,0.0000,0.0000,0.0000,0.0000,0.0000
6.840,0.62672,0.58569,-0.65612,1.64573,0.02152,-0.37122,-0.88180,0.0000,0.0000,0.0000,0.0000,0.0000,0.0000,0.0000
6.860,0.62592,0.58494,-0.65528,1.64373,0.02150,-0.37075,-0.88067,0.0000,0.0000,0.0000,0.0000,0.0000,0.0000,0.0000
6.880,0.62512,0.58419,-0.65444,1.64173,0.02147,-0.37028,-0.87955,0.0000,0.0000,0.0000,0.0000,0.0000,0.0000,0.0000
6.900,0.62432,0.58344,-0.65361,1.63973,0.02144,-0.36980,-0.87842,0.0000,0.0000,0.0000,0.0000,0.0000,0.0000,0.0000
6.920,0.62352,0.58270,-0.65277,1.63773,0.02141,-0.36933,-0.87729,0.0000,0.0000,0.0000,0.0000,0.0000,0.0000,0.0000
6.940,0.62272,0.58195,-0.65193,1.63573,0.02139,-0.36885,-0.87617,0.0000,0.0000,0.0000,0.0000,0.0000,0.0000,0.0000
6.960,0.62192,0.58120,-0.65109,1.63373,0.02136,-0.36838,-0.87504,0.0000,0.0000,0.0000,0.0000,0.0000,0.0000,0.0000
6.980,0.62112,0.58045,-0.65025,1.63173,0.02133,-0.36790,-0.87392,0.0000,0.0000,0.0000,0.0000,0.0000,0.0000,0.0000
7.000,0.62032,0.57970,-0.64942,1.62973,0.02130,-0.36743,-0.87279,0.0000,0.0000,0.0000,0.0000,0.0000,0.0000,0.0000
7.020,0.61952,0.57896,-0.64858,1.62773,0.02128,-0.36696,-0.87166,0.0000,0.0000,0.0000,0.0000,0.0000,0.0000,0.0000
7.040,0.61872,0.57821,-0.64774,1.62573,0.02125,-0.36648,-0.87054,0.0000,0.0000,0.0000,0.0000,0.0000,0.0000,0.0000
7.060,0.61792,0.57746,-0.64690,1.62373,0.02122,-0.36601,-0.86941,0.0000,0.0000,0.0000,0.0000,0.0000,0.0000,0.0000
7.080,0.61712,0.57671,-0.64606,1.62173,0.02119,-0.36553,-0.86828,0.0000,0.0000,0.0000,0.0000,0.0000,0.0000,0.0000
7.100,0.61632,0.57596,-0.64523,1.61973,0.02117,-0.36506,-0.86716,0.0000,0.0000,0.0000,0.0000,0.0000,0.0000,0.0000
7.120,0.61552,0.57522,-0.64439,1.61773,0.02114,-0.36459,-0.86603,0.0000,0.0000,0.0000,0.0000,0.0000,0.0000,0.0000
7.140,0.61472,0.57447,-0.64355,1.61573,0.02111,-0.36411,-0.86491,0.0000,0.0000,0.0000,0.0000,0.0000,0.0000,0.0000
7.160,0.61392,0.57372,-0.64271,1.61373,0.02108,-0.36364,-0.86378,0.0000,0.0000,0.0000,0.0000,0.0000,0.0000,0.0000
7.180,0.61312,0.57297,-0.64187,1.61173,0.02106,-0.36316,-0.86265,0.0000,0.0000,0.0000,0.0000,0.0000,0.0000,0.0000
7.200,0.61232,0.57222,-0.64104,1.60973,0.02103,-0.36269,-0.86153,0.0000,0.0000,0.0000,0.0000,0.0000,0.0000,0.0000
7.220,0.61152,0.57148,-0.64020,1.60773,0.02100,-0.36222,-0.86040,0.0000,0.0000,0.0000,0.0000,0.0000,0.0000,0.0000
7.240,0.61072,0.57073,-0.63936,1.60573,0.02097,-0.36174,-0.85927,0.0000,0.0000,0.0000,0.0000,0.0000,0.0000,0.0000
7.260,0.60991,0.56998,-0.63852,1.60373,0.02095,-0.36127,-0.85815,0.0000,0.0000,0.0000,0.0000,0.0000,0.0000,0.0000
7.280,0.60911,0.56923,-0.63768,1.60173,0.02092,-0.36079,-0.85702,0.0000,0.0000,0.0000,0.0000,0.0000,0.0000,0.0000
7.300,0.60831,0.56848,-0.63685,1.59973,0.02089,-0.36032,-0.85590,0.0000,0.0000,0.0000,0.0000,0.0000,0.0000,0.0000
7.320,0.60751,0.56773,-0.63601,1.59773,0.02086,-0.35984,-0.85477,0.0000,0.0000,0.0000,0.0000,0.0000,0.0000,0.0000
7.340,0.60671,0.56699,-0.63517,1.59573,0.02084,-0.35937,-0.85364,0.0000,0.0000,0.0000,0.0000,0.0000,0.0000,0.0000
7.360,0.60591,0.56624,-0.63433,1.59373,0.02081,-0.35890,-0.85252,0.0000,0.0000,0.0000,0.0000,0.0000,0.0000,0.0000
7.380,0.60511,0.56549,-0.63349,1.59173,0.02078,-0.35842,-0.85139,0.0000,0.0000,0.0000,0.0000,0.0000,0.0000,0.0000
7.400,0.60431,0.56474,-0.63266,1.58973,0.02075,-0.35795,-0.85026,0.0000,0.0000,0.0000,0.0000,0.0000,0.0000,0.0000
7.420,0.60351,0.56399,-0.63182,1.58773,0.02073,-0.35747,-0.84914,0.0000,0.0000,0.0000,0.0000,0.0000,0.0000,0.0000
7.440,0.60271,0.56325,-0.63098,1.58573,0.02070,-0.35700,-0.84801,0.0000,0.0000,0.0000,0.0000,0.0000,0.0000,0.0000
7.460,0.60191,0.56250,-0.63014,1.58373,0.02067,-0.35653,-0.84688,0.0000,0.0000,0.0000,0.0000,0.0000,0.0000,0.0000
7.480,0.60111,0.56175,-0.62930,1.58173,0.02065,-0.35605,-0.84576,0.0000,0.0000,0.0000,0.0000,0.0000,0.0000,0.0000
7.500,0.60031,0.56100,-0.62847,1.57973,0.02062,-0.35558,-0.84463,0.0000,0.0000,0.0000,0.0000,0.0000,0.0000,0.0000
7.520,0.59951,0.56025,-0.62763,1.57773,0.02059,-0.35510,-0.84351,0.0000,0.0000,0.0000,0.0000,0.0000,0.0000,0.0000
7.540,0.59871,0.55951,-0.62679,1.57573,0.02056,-0.35463,-0.84238,0.0000,0.0000,0.0000,0.0000,0.0000,0.0000,0.0000
7.560,0.59791,0.55876,-0.62595,1.57373,0.02054,-0.35415,-0.84125,0.0000,0.0000,0.0000,0.0000,0.0000,0.0000,0.0000
7.580,0.59711,0.55801,-0.62511,1.57173,0.02051,-0.35368,-0.84013,0.0000,0.0000,0.0000,0.0000,0.0000,0.0000,0.0000
7.600,0.59631,0.55726,-0.62428,1.56973,0.02048,-0.35321,-0.83900,0.0000,0.0000,0.0000,0.0000,0.0000,0.0000,0.0000
7.620,0.59551,0.55651,-0.62344,1.56773,0.02045,-0.35273,-0.83787,0.0000,0.0000,0.0000,0.0000,0.0000,0.0000,0.0000
7.640,0.59471,0.55577,-0.62260,1.56573,0.02043,-0.35226,-0.83675,0.0000,0.0000,0.0000,0.0000,0.0000,0.0000,0.0000
7.660,0.59390,0.55502,-0.62176,1.56373,0.02040,-0.35178,-0.83562,0.0000,0.0000,0.0000,0.0000,0.0000,0.0000,0.0000
7.680,0.59310,0.55427,-0.62092,1.56173,0.02037,-0.35131,-0.83450,0.0000,0.0000,0.0000,0.0000,0.0000,0.0000,0.0000
7.700,0.59230,0.55352,-0.62009,1.55973,0.02034,-0.35084,-0.83337,0.0000,0.0000,0.0000,0.0000,0.0000,0.0000,0.0000
7.720,0.59150,0.55277,-0.61925,1.55773,0.02032,-0.35036,-0.83224,0.0000,0.0000,0.0000,0.0000,0.0000,0.0000,0.0000
7.740,0.59070,0.55203,-0.61841,1.55573,0.02029,-0.34989,-0.83112,0.0000,0.0000,0.0000,0.0000,0.0000,0.0000,0.0000
7.760,0.58990,0.55128,-0.61757,1.55373,0.02026,-0.34941,-0.82999,0.0000,0.0000,0.0000,0.0000,0.0000,0.0000,0.0000
7.780,0.58910,0.55053,-0.61673,1.55173,0.02023,-0.34894,-0.82886,0.0000,0.0000,0.0000,0.0000,0.0000,0.0000,0.0000
7.800,0.58830,0.54978,-0.61590,1.54973,0.02021,-0.34846,-0.82774,0.0000,0.0000,0.0000,0.0000,0.0000,0.0000,0.0000
7.820,0.58750,0.54903,-0.61506,1.54773,0.02018,-0.34799,-0.82661,0.0000,0.0000,0.0000,0.0000,0.0000,0.0000,0.0000
7.840,0.58670,0.54829,-0.61422,1.54573,0.02015,-0.34752,-0.82549,0.0000,0.0000,0.0000,0.0000,0.0000,0.0000,0.0000
7.860,0.58590,0.54754,-0.61338,1.54373,0.02012,-0.34704,-0.82436,0.0000,0.0000,0.0000,0.0000,0.0000,0.0000,0.0000
7.880,0.58510,0.54679,-0.61254,1.54173,0.02010,-0.34657,-0.82323,0.0000,0.0000,0.0000,0.0000,0.0000,0.0000,0.0000
7.900,0.58430,0.54604,-0.61171,1.53973,0.02007,-0.34609,-0.82211,0.0000,0.0000,0.0000,0.0000,0.0000,0.0000,0.0000
7.920,0.58350,0.54529,-0.61087,1.53773,0.02004,-0.34562,-0.82098,0.0000,0.0000,0.0000,0.0000,0.0000,0.0000,0.0000
7.940,0.58270,0.54454,-0.61003,1.53573,0.02001,-0.34515,-0.81985,0.0000,0.0000,0.0000,0.0000,0.0000,0.0000,0.0000
7.960,0.58190,0.54380,-0.60919,1.53373,0.01999,-0.34467,-0.81873,0.0000,0.0000,0.0000,0.0000,0.0000,0.0000,0.0000
7.980,0.58110,0.54305,-0.60835,1.53173,0.01996,-0.34420,-0.81760,0.0000,0.0000,0.0000,0.0000,0.0000,0.0000,0.0000
8.000,0.58030,0.54230,-0.60752,1.52973,0.01993,-0.34372,-0.81648,0.0000,0.0000,0.0000,0.0000,0.0000,0.0000,0.0000
8.020,0.57950,0.54155,-0.60668,1.52773,0.01990,-0.34325,-0.81535,0.0000,0.0000,0.0000,0.0000,0.0000,0.0000,0.0000
8.040,0.57870,0.54080,-0.60584,1.52573,0.01988,-0.34278,-0.81422,0.0000,0.0000,0.0000,0.0000,0.0000,0.0000,0.0000
8.060,0.57790,0.54006,-0.60500,1.52373,0.01985,-0.34230,-0.81310,0.0000,0.0000,0.0000,0.0000,0.0000,0.0000,0.0000
8.080,0.57709,0.53931,-0.60416,1.52173,0.01982,-0.34183,-0.81197,0.0000,0.0000,0.0000,0.0000,0.0000,0.0000,0.0000
8.100,0.57629,0.53856,-0.60332,1.51973,0.01979,-0.34135,-0.81084,0.0000,0.0000,0.0000,0.0000,0.0000,0.0000,0.0000
8.120,0.57549,0.53781,-0.60249,1.51773,0.01977,-0.34088,-0.80972,0.0000,0.0000,0.0000,0.0000,0.0000,0.0000,0.0000
8.140,0.57469,0.53706,-0.60165,1.51573,0.01974,-0.34040,-0.80859,0.0000,0.0000,0.0000,0.0000,0.0000,0.0000,0.0000
8.160,0.57389,0.53632,-0.60081,1.51373,0.01971,-0.33993,-0.80747,0.0000,0.0000,0.0000,0.0000,0.0000,0.0000,0.0000
8.180,0.57309,0.53557,-0.59997,1.51173,0.01968,-0.33946,-0.80634,0.0000,0.0000,0.0000,0.0000,0.0000,0.0000,0.0000
8.200,0.57229,0.53482,-0.59913,1.50973,0.01966,-0.33898,-0.80521,0.0000,0.0000,0.0000,0.0000,0.0000,0.0000,0.0000
8.220,0.57149,0.53407,-0.59830,1.50773,0.01963,-0.33851,-0.80409,0.0000,0.0000,0.0000,0.0000,0.0000,0.0000,0.0000
8.240,0.57069,0.53332,-0.59746,1.50573,0.01960,-0.33803,-0.80296,0.0000,0.0000,0.0000,0.0000,0.0000,0.0000,0.0000
8.260,0.56989,0.53258,-0.59662,1.50373,0.01957,-0.33756,-0.80183,0.0000,0.0000,0.0000,0.0000,0.0000,0.0000,0.0000
8.280,0.56909,0.53183,-0.59578,1.50173,0.01955,-0.33709,-0.80071,0.0000,0.0000,0.0000,0.0000,0.0000,0.0000,0.0000
8.300,0.56829,0.53108,-0.59494,1.49973,0.01952,-0.33661,-0.79958,0.0000,0.0000,0.0000,0.0000,0.0000,0.0000,0.0000
8.320,0.56749,0.53033,-0.59411,1.49773,0.01949,-0.33614,-0.79845,0.0000,0.0000,0.0000,0.0000,0.0000,0.0000,0.0000
8.340,0.56669,0.52958,-0.59327,1.49573,0.01946,-0.33566,-0.79733,0.0000,0.0000,0.0000,0.0000,0.0000,0.0000,0.0000
8.360,0.56589,0.52884,-0.59243,1.49373,0.01944,-0.33519,-0.79620,0.0000,0.0000,0.0000,0.0000,0.0000,0.0000,0.0000
8.380,0.56509,0.52809,-0.59159,1.49173,0.01941,-0.33471,-0.79508,0.0000,0.0000,0.0000,0.0000,0.0000,0.0000,0.0000
8.400,0.56429,0.52734,-0.59075,1.48973,0.01938,-0.33424,-0.79395,0.0000,0.0000,0.0000,0.0000,0.0000,0.0000,0.0000
8.420,0.56349,0.52659,-0.58992,1.48773,0.01935,-0.33377,-0.79282,0.0000,0.0000,0.0000,0.0000,0.0000,0.0000,0.0000
8.440,0.56269,0.52584,-0.58908,1.48573,0.01933,-0.33329,-0.79170,0.0000,0.0000,0.0000,0.0000,0.0000,0.0000,0.0000
8.460,0.56189,0.52509,-0.58824,1.48373,0.01930,-0.33282,-0.79057,0.0000,0.0000,0.0000,0.0000,0.0000,0.0000,0.0000
8.480,0.56109,0.52435,-0.58740,1.48173,0.01927,-0.33234,-0.78944,0.0000,0.0000,0.0000,0.0000,0.0000,0.0000,0.0000
8.500,0.56028,0.52360,-0.58656,1.47973,0.01924,-0.33187,-0.78832,0.0000,0.0000,0.0000,0.0000,0.0000,0.0000,0.0000
8.520,0.55948,0.52285,-0.58573,1.47773,0.01922,-0.33140,-0.78719,0.0000,0.0000,0.0000,0.0000,0.0000,0.0000,0.0000
8.540,0.55868,0.52210,-0.58489,1.47573,0.01919,-0.33092,-0.78607,0.0000,0.0000,0.0000,0.0000,0.0000,0.0000,0.0000
8.560,0.55788,0.52135,-0.58405,1.47373,0.01916,-0.33045,-0.78494,0.0000,0.0000,0.0000,0.0000,0.0000,0.0000,0.0000
8.580,0.55708,0.52061,-0.58321,1.47173,0.01913,-0.32997,-0.78381,0.0000,0.0000,0.0000,0.0000,0.0000,0.0000,0.0000
8.600,0.55628,0.51986,-0.58237,1.46973,0.01911,-0.32950,-0.78269,0.0000,0.0000,0.0000,0.0000,0.0000,0.0000,0.0000
8.620,0.55548,0.51911,-0.58154,1.46773,0.01908,-0.32902,-0.78156,0.0000,0.0000,0.0000,0.0000,0.0000,0.0000,0.0000
8.640,0.55468,0.51836,-0.58070,1.46573,0.01905,-0.32855,-0.78043,0.0000,0.0000,0.0000,0.0000,0.0000,0.0000,0.0000
8.660,0.55388,0.51761,-0.57986,1.46373,0.01902,-0.32808,-0.77931,0.0000,0.0000,0.0000,0.0000,0.0000,0.0000,0.0000
8.680,0.55308,0.51687,-0.57902,1.46173,0.01900,-0.32760,-0.77818,0.0000,0.0000,0.0000,0.0000,0.0000,0.0000,0.0000
8.700,0.55228,0.51612,-0.57818,1.45973,0.01897,-0.32713,-0.77706,0.0000,0.0000,0.0000,0.0000,0.0000,0.0000,0.0000
8.720,0.55148,0.51537,-0.57735,1.45773,0.01894,-0.32665,-0.77593,0.0000,0.0000,0.0000,0.0000,0.0000,0.0000,0.0000
8.740,0.55068,0.51462,-0.57651,1.45573,0.01891,-0.32618,-0.77480,0.0000,0.0000,0.0000,0.0000,0.0000,0.0000,0.0000
8.760,0.54988,0.51387,-0.57567,1.45373,0.01889,-0.32571,-0.77368,0.0000,0.0000,0.0000,0.0000,0.0000,0.0000,0.0000
8.780,0.54908,0.51313,-0.57483,1.45173,0.01886,-0.32523,-0.77255,0.0000,0.0000,0.0000,0.0000,0.0000,0.0000,0.0000
8.800,0.54828,0.51238,-0.57399,1.44973,0.01883,-0.32476,-0.77142,0.0000,0.0000,0.0000,0.0000,0.0000,0.0000,0.0000
8.820,0.54748,0.51163,-0.57316,1.44773,0.01880,-0.32428,-0.77030,0.0000,0.0000,0.0000,0.0000,0.0000,0.0000,0.0000
8.840,0.54668,0.51088,-0.57232,1.44573,0.01878,-0.32381,-0.76917,0.0000,0.0000,0.0000,0.0000,0.0000,0.0000,0.0000
8.860,0.54588,0.51013,-0.57148,1.44373,0.01875,-0.32334,-0.76805,0.0000,0.0000,0.0000,0.0000,0.0000,0.0000,0.0000
8.880,0.54508,0.50939,-0.57064,1.44173,0.01872,-0.32286,-0.76692,0.0000,0.0000,0.0000,0.0000,0.0000,0.0000,0.0000
8.900,0.54427,0.50864,-0.56980,1.43973,0.01869,-0.32239,-0.76579,0.0000,0.0000,0.0000,0.0000,0.0000,0.0000,0.0000
8.920,0.54347,0.50789,-0.56897,1.43773,0.01867,-0.32191,-0.76467,0.0000,0.0000,0.0000,0.0000,0.0000,0.0000,0.0000
8.940,0.54267,0.50714,-0.56813,1.43573,0.01864,-0.32144,-0.76354,0.0000,0.0000,0.0000,0.0000,0.0000,0.0000,0.0000
8.960,0.54187,0.50639,-0.56729,1.43373,0.01861,-0.32096,-0.76241,0.0000,0.0000,0.0000,0.0000,0.0000,0.0000,0.0000
8.980,0.54107,0.50565,-0.56645,1.43173,0.01858,-0.32049,-0.76129,0.0000,0.0000,0.0000,0.0000,0.0000,0.0000,0.0000
9.000,0.54027,0.50490,-0.56561,1.42973,0.01856,-0.32002,-0.76016,0.0000,0.0000,0.0000,0.0000,0.0000,0.0000,0.0000
9.020,0.53947,0.50415,-0.56478,1.42773,0.01853,-0.31954,-0.75904,0.0000,0.0000,0.0000,0.0000,0.0000,0.0000,0.0000
9.040,0.53867,0.50340,-0.56394,1.42573,0.01850,-0.31907,-0.75791,0.0000,0.0000,0.0000,0.0000,0.0000,0.0000,0.0000
9.060,0.53787,0.50265,-0.56310,1.42373,0.01847,-0.31859,-0.75678,0.0000,0.0000,0.0000,0.0000,0.0000,0.0000,0.0000
9.080,0.53707,0.50190,-0.56226,1.42173,0.01845,-0.31812,-0.75566,0.0000,0.0000,0.0000,0.0000,0.0000,0.0000,0.0000
9.100,0.53627,0.50116,-0.56142,1.41973,0.01842,-0.31765,-0.75453,0.0000,0.0000,0.0000,0.0000,0.0000,0.0000,0.0000
9.120,0.53547,0.50041,-0.56059,1.41773,0.01839,-0.31717,-0.75340,0.0000,0.0000,0.0000,0.0000,0.0000,0.0000,0.0000
9.140,0.53467,0.49966,-0.55975,1.41573,0.01836,-0.31670,-0.75228,0.0000,0.0000,0.0000,0.0000,0.0000,0.0000,0.0000
9.160,0.53387,0.49891,-0.55891,1.41373,0.01834,-0.31622,-0.75115,0.0000,0.0000,0.0000,0.0000,0.0000,0.0000,0.0000
9.180,0.53307,0.49816,-0.55807,1.41173,0.01831,-0.31575,-0.75002,0.0000,0.0000,0.0000,0.0000,0.0000,0.0000,0.0000
9.200,0.53227,0.49742,-0.55723,1.40973,0.01828,-0.31527,-0.74890,0.0000,0.0000,0.0000,0.0000,0.0000,0.0000,0.0000
9.220,0.53147,0.49667,-0.55640,1.40773,0.01825,-0.31480,-0.74777,0.0000,0.0000,0.0000,0.0000,0.0000,0.0000,0.0000
9.240,0.53067,0.49592,-0.55556,1.40573,0.01823,-0.31433,-0.74665,0.0000,0.0000,0.0000,0.0000,0.0000,0.0000,0.0000
9.260,0.52987,0.49517,-0.55472,1.40373,0.01820,-0.31385,-0.74552,0.0000,0.0000,0.0000,0.0000,0.0000,0.0000,0.0000
9.280,0.52907,0.49442,-0.55388,1.40173,0.01817,-0.31338,-0.74439,0.0000,0.0000,0.0000,0.0000,0.0000,0.0000,0.0000
9.300,0.52827,0.49368,-0.55304,1.39973,0.01814,-0.31290,-0.74327,0.0000,0.0000,0.0000,0.0000,0.0000,0.0000,0.0000
9.320,0.52746,0.49293,-0.55220,1.39773,0.01812,-0.31243,-0.74214,0.0000,0.0000,0.0000,0.0000,0.0000,0.0000,0.0000
9.340,0.52666,0.49218,-0.55137,1.39573,0.01809,-0.31196,-0.74101,0.0000,0.0000,0.0000,0.0000,0.0000,0.0000,0.0000
9.360,0.52586,0.49143,-0.55053,1.39373,0.01806,-0.31148,-0.73989,0.0000,0.0000,0.0000,0.0000,0.0000,0.0000,0.0000
9.380,0.52506,0.49068,-0.54969,1.39173,0.01803,-0.31101,-0.73876,0.0000,0.0000,0.0000,0.0000,0.0000,0.0000,0.0000
9.400,0.52426,0.48994,-0.54885,1.38973,0.01801,-0.31053,-0.73764,0.0000,0.0000,0.0000,0.0000,0.0000,0.0000,0.0000
9.420,0.52346,0.48919,-0.54801,1.38773,0.01798,-0.31006,-0.73651,0.0000,0.0000,0.0000,0.0000,0.0000,0.0000,0.0000
9.440,0.52266,0.48844,-0.54718,1.38573,0.01795,-0.30958,-0.73538,0.0000,0.0000,0.0000,0.0000,0.0000,0.0000,0.0000
9.460,0.52186,0.48769,-0.54634,1.38373,0.01792,-0.30911,-0.73426,0.0000,0.0000,0.0000,0.0000,0.0000,0.0000,0.0000
9.480,0.52106,0.48694,-0.54550,1.38173,0.01790,-0.30864,-0.73313,0.0000,0.0000,0.0000,0.0000,0.0000,0.0000,0.0000
9.500,0.52026,0.48620,-0.54466,1.37973,0.01787,-0.30816,-0.73200,0.0000,0.0000,0.0000,0.0000,0.0000,0.0000,0.0000
9.520,0.51946,0.48545,-0.54382,1.37773,0.01784,-0.30769,-0.73088,0.0000,0.0000,0.0000,0.0000,0.0000,0.0000,0.0000
9.540,0.51866,0.48470,-0.54299,1.37573,0.01781,-0.30721,-0.72975,0.0000,0.0000,0.0000,0.0000,0.0000,0.0000,0.0000
9.560,0.51786,0.48395,-0.54215,1.37373,0.01779,-0.30674,-0.72863,0.0000,0.0000,0.0000,0.0000,0.0000,0.0000,0.0000
9.580,0.51706,0.48320,-0.54131,1.37173,0.01776,-0.30627,-0.72750,0.0000,0.0000,0.0000,0.0000,0.0000,0.0000,0.0000
9.600,0.51626,0.48245,-0.54047,1.36973,0.01773,-0.30579,-0.72637,0.0000,0.0000,0.0000,0.0000,0.0000,0.0000,0.0000
9.620,0.51546,0.48171,-0.53963,1.36773,0.01770,-0.30532,-0.72525,0.0000,0.0000,0.0000,0.0000,0.0000,0.0000,0.0000
9.640,0.51466,0.48096,-0.53880,1.36573,0.01768,-0.30484,-0.72412,0.0000,0.0000,0.0000,0.0000,0.0000,0.0000,0.0000
9.660,0.51386,0.48021,-0.53796,1.36373,0.01765,-0.30437,-0.72299,0.0000,0.0000,0.0000,0.0000,0.0000,0.0000,0.0000
9.680,0.51306,0.47946,-0.53712,1.36173,0.01762,-0.30390,-0.72187,0.0000,0.0000,0.0000,0.0000,0.0000,0.0000,0.0000
9.700,0.51226,0.47871,-0.53628,1.35973,0.01759,-0.30342,-0.72074,0.0000,0.0000,0.0000,0.0000,0.0000,0.0000,0.0000
9.720,0.51146,0.47797,-0.53544,1.35773,0.01757,-0.30295,-0.71962,0.0000,0.0000,0.0000,0.0000,0.0000,0.0000,0.0000
9.740,0.51065,0.47722,-0.53461,1.35573,0.01754,-0.30247,-0.71849,0.0000,0.0000,0.0000,0.0000,0.0000,0.0000,0.0000
9.760,0.50985,0.47647,-0.53377,1.35373,0.01751,-0.30200,-0.71736,0.0000,0.0000,0.0000,0.0000,0.0000,0.0000,0.0000
9.780,0.50905,0.47572,-0.53293,1.35173,0.01748,-0.30152,-0.71624,0.0000,0.0000,0.0000,0.0000,0.0000,0.0000,0.0000
9.800,0.50825,0.47497,-0.53209,1.34973,0.01746,-0.30105,-0.71511,0.0000,0.0000,0.0000,0.0000,0.0000,0.0000,0.0000
9.820,0.50745,0.47423,-0.53125,1.34773,0.01743,-0.30058,-0.71398,0.0000,0.0000,0.0000,0.0000,0.0000,0.0000,0.0000
9.840,0.50665,0.47348,-0.53042,1.34573,0.01740,-0.30010,-0.71286,0.0000,0.0000,0.0000,0.0000,0.0000,0.0000,0.0000
9.860,0.50585,0.47273,-0.52958,1.34373,0.01737,-0.29963,-0.71173,0.0000,0.0000,0.0000,0.0000,0.0000,0.0000,0.0000
9.880,0.50505,0.47198,-0.52874,1.34173,0.01735,-0.29915,-0.71061,0.0000,0.0000,0.0000,0.0000,0.0000,0.0000,0.0000
9.900,0.50425,0.47123,-0.52790,1.33973,0.01732,-0.29868,-0.70948,0.0000,0.0000,0.0000,0.0000,0.0000,0.0000,0.0000
9.920,0.50345,0.47049,-0.52706,1.33773,0.01729,-0.29821,-0.70835,0.0000,0.0000,0.0000,0.0000,0.0000,0.0000,0.0000
9.940,0.50265,0.46974,-0.52623,1.33573,0.01726,-0.29773,-0.70723,0.0000,0.0000,0.0000,0.0000,0.0000,0.0000,0.0000
9.960,0.50185,0.46899,-0.52539,1.33373,0.01724,-0.29726,-0.70610,0.0000,0.0000,0.0000,0.0000,0.0000,0.0000,0.0000
9.980,0.50105,0.46824,-0.52455,1.33173,0.01721,-0.29678,-0.70497,0.0000,0.0000,0.0000,0.0000,0.0000,0.0000,0.0000
10.000,0.50025,0.46749,-0.52371,1.32973,0.01718,-0.29631,-0.70385,0.0000,0.0000,0.0000,0.0000,0.0000,0.0000,0.0000
10.020,0.49945,0.46675,-0.52287,1.32773,0.01715,-0.29583,-0.70272,0.0000,0.0000,0.0000,0.0000,0.0000,0.0000,0.0000
10.040,0.49865,0.46600,-0.52204,1.32573,0.01713,-0.29536,-0.70159,0.0000,0.0000,0.0000,0.0000,0.0000,0.0000,0.0000
10.060,0.49785,0.46525,-0.52120,1.32373,0.01710,-0.29489,-0.70047,0.0000,0.0000,0.0000,0.0000,0.0000,0.0000,0.0000
10.080,0.49705,0.46450,-0.52036,1.32173,0.01707,-0.29441,-0.69934,0.0000,0.0000,0.0000,0.0000,0.0000,0.0000,0.0000
10.100,0.49625,0.46375,-0.51952,1.31973,0.01704,-0.29394,-0.69822,0.0000,0.0000,0.0000,0.0000,0.0000,0.0000,0.0000
10.120,0.49545,0.46300,-0.51868,1.31773,0.01702,-0.29346,-0.69709,0.0000,0.0000,0.0000,0.0000,0.0000,0.0000,0.0000
10.140,0.49464,0.46226,-0.51785,1.31573,0.01699,-0.29299,-0.69596,0.0000,0.0000,0.0000,0.0000,0.0000,0.0000,0.0000
10.160,0.49384,0.46151,-0.51701,1.31373,0.01696,-0.29252,-0.69484,0.0000,0.0000,0.0000,0.0000,0.0000,0.0000,0.0000
10.180,0.49304,0.46076,-0.51617,1.31173,0.01693,-0.29204,-0.69371,0.0000,0.0000,0.0000,0.0000,0.0000,0.0000,0.0000
10.200,0.49224,0.46001,-0.51533,1.30973,0.01691,-0.29157,-0.69258,0.0000,0.0000,0.0000,0.0000,0.0000,0.0000,0.0000
10.220,0.49144,0.45926,-0.51449,1.30773,0.01688,-0.29109,-0.69146,0.0000,0.0000,0.0000,0.0000,0.0000,0.0000,0.0000
10.240,0.49064,0.45852,-0.51366,1.30573,0.01685,-0.29062,-0.69033,0.0000,0.0000,0.0000,0.0000,0.0000,0.0000,0.0000
10.260,0.48984,0.45777,-0.51282,1.30373,0.01682,-0.29014,-0.68921,0.0000,0.0000,0.0000,0.0000,0.0000,0.0000,0.0000
10.280,0.48904,0.45702,-0.51198,1.30173,0.01680,-0.28967,-0.68808,0.0000,0.0000,0.0000,0.0000,0.0000,0.0000,0.0000
10.300,0.48824,0.45627,-0.51114,1.29973,0.01677,-0.28920,-0.68695,0.0000,0.0000,0.0000,0.0000,0.0000,0.0000,0.0000
10.320,0.48744,0.45552,-0.51030,1.29773,0.01674,-0.28872,-0.68583,0.0000,0.0000,0.0000,0.0000,0.0000,0.0000,0.0000
10.340,0.48664,0.45478,-0.50947,1.29573,0.01671,-0.28825,-0.68470,0.0000,0.0000,0.0000,0.0000,0.0000,0.0000,0.0000
10.360,0.48584,0.45403,-0.50863,1.29373,0.01669,-0.28777,-0.68357,0.0000,0.0000,0.0000,0.0000,0.0000,0.0000,0.0000
10.380,0.48504,0.45328,-0.50779,1.29173,0.01666,-0.28730,-0.68245,0.0000,0.0000,0.0000,0.0000,0.0000,0.0000,0.0000
10.400,0.48424,0.45253,-0.50695,1.28973,0.01663,-0.28683,-0.68132,0.0000,0.0000,0.0000,0.0000,0.0000,0.0000,0.0000
10.420,0.48344,0.45178,-0.50611,1.28773,0.01660,-0.28635,-0.68020,0.0000,0.0000,0.0000,0.0000,0.0000,0.0000,0.0000
10.440,0.48264,0.45104,-0.50528,1.28573,0.01658,-0.28588,-0.67907,0.0000,0.0000,0.0000,0.0000,0.0000,0.0000,0.0000
10.460,0.48184,0.45029,-0.50444,1.28373,0.01655,-0.28540,-0.67794,0.0000,0.0000,0.0000,0.0000,0.0000,0.0000,0.0000
10.480,0.48104,0.44954,-0.50360,1.28173,0.01652,-0.28493,-0.67682,0.0000,0.0000,0.0000,0.0000,0.0000,0.0000,0.0000
10.500,0.48024,0.44879,-0.50276,1.27973,0.01649,-0.28446,-0.67569,0.0000,0.0000,0.0000,0.0000,0.0000,0.0000,0.0000
10.520,0.47944,0.44804,-0.50192,1.27773,0.01647,-0.28398,-0.67456,0.0000,0.0000,0.0000,0.0000,0.0000,0.0000,0.0000
10.540,0.47864,0.44730,-0.50109,1.27573,0.01644,-0.28351,-0.67344,0.0000,0.0000,0.0000,0.0000,0.0000,0.0000,0.0000
10.560,0.47783,0.44655,-0.50025,1.27373,0.01641,-0.28303,-0.67231,0.0000,0.0000,0.0000,0.0000,0.0000,0.0000,0.0000
10.580,0.47703,0.44580,-0.49941,1.27173,0.01638,-0.28256,-0.67119,0.0000,0.0000,0.0000,0.0000,0.0000,0.0000,0.0000
10.600,0.47623,0.44505,-0.49857,1.26973,0.01636,-0.28208,-0.67006,0.0000,0.0000,0.0000,0.0000,0.0000,0.0000,0.0000
10.620,0.47543,0.44430,-0.49773,1.26773,0.01633,-0.28161,-0.66893,0.0000,0.0000,0.0000,0.0000,0.0000,0.0000,0.0000
10.640,0.47463,0.44356,-0.49689,1.26573,0.01630,-0.28114,-0.66781,0.0000,0.0000,0.0000,0.0000,0.0000,0.0000,0.0000
10.660,0.47383,0.44281,-0.49606,1.26373,0.01627,-0.28066,-0.66668,0.0000,0.0000,0.0000,0.0000,0.0000,0.0000,0.0000
10.680,0.47303,0.44206,-0.49522,1.26173,0.01625,-0.28019,-0.66555,0.0000,0.0000,0.0000,0.0000,0.0000,0.0000,0.0000
10.700,0.47223,0.44131,-0.49438,1.25973,0.01622,-0.27971,-0.66443,0.0000,0.0000,0.0000,0.0000,0.0000,0.0000,0.0000
10.720,0.47143,0.44056,-0.49354,1.25773,0.01619,-0.27924,-0.66330,0.0000,0.0000,0.0000,0.0000,0.0000,0.0000,0.0000
10.740,0.47063,0.43981,-0.49270,1.25573,0.01616,-0.27877,-0.66218,0.0000,0.0000,0.0000,0.0000,0.0000,0.0000,0.0000
10.760,0.46983,0.43907,-0.49187,1.25373,0.01614,-0.27829,-0.66105,0.0000,0.0000,0.0000,0.0000,0.0000,0.0000,0.0000
10.780,0.46903,0.43832,-0.49103,1.25173,0.01611,-0.27782,-0.65992,0.0000,0.0000,0.0000,0.0000,0.0000,0.0000,0.0000
10.800,0.46823,0.43757,-0.49019,1.24973,0.01608,-0.27734,-0.65880,0.0000,0.0000,0.0000,0.0000,0.0000,0.0000,0.0000
10.820,0.46743,0.43682,-0.48935,1.24773,0.01605,-0.27687,-0.65767,0.0000,0.0000,0.0000,0.0000,0.0000,0.0000,0.0000
10.840,0.46663,0.43607,-0.48851,1.24573,0.01603,-0.27639,-0.65654,0.0000,0.0000,0.0000,0.0000,0.0000,0.0000,0.0000
10.860,0.46583,0.43533,-0.48768,1.24373,0.01600,-0.27592,-0.65542,0.0000,0.0000,0.0000,0.0000,0.0000,0.0000,0.0000
10.880,0.46503,0.43458,-0.48684,1.24173,0.01597,-0.27545,-0.65429,0.0000,0.0000,0.0000,0.0000,0.0000,0.0000,0.0000
10.900,0.46423,0.43383,-0.48600,1.23973,0.01594,-0.27497,-0.65316,0.0000,0.0000,0.0000,0.0000,0.0000,0.0000,0.0000
10.920,0.46343,0.43308,-0.48516,1.23773,0.01592,-0.27450,-0.65204,0.0000,0.0000,0.0000,0.0000,0.0000,0.0000,0.0000
10.940,0.46263,0.43233,-0.48432,1.23573,0.01589,-0.27402,-0.65091,0.0000,0.0000,0.0000,0.0000,0.0000,0.0000,0.0000
10.960,0.46182,0.43159,-0.48349,1.23373,0.01586,-0.27355,-0.64979,0.0000,0.0000,0.0000,0.0000,0.0000,0.0000,0.0000
10.980,0.46102,0.43084,-0.48265,1.23173,0.01583,-0.27308,-0.64866,0.0000,0.0000,0.0000,0.0000,0.0000,0.0000,0.0000
11.000,0.46022,0.43009,-0.48181,1.22973,0.01581,-0.27260,-0.64753,0.0000,0.0000,0.0000,0.0000,0.0000,0.0000,0.0000
11.020,0.45942,0.42934,-0.48097,1.22773,0.01578,-0.27213,-0.64641,0.0000,0.0000,0.0000,0.0000,0.0000,0.0000,0.0000
11.040,0.45862,0.42859,-0.48013,1.22573,0.01575,-0.27165,-0.64528,0.0000,0.0000,0.0000,0.0000,0.0000,0.0000,0.0000
11.060,0.45782,0.42785,-0.47930,1.22373,0.01572,-0.27118,-0.64415,0.0000,0.0000,0.0000,0.0000,0.0000,0.0000,0.0000
11.080,0.45702,0.42710,-0.47846,1.22173,0.01570,-0.27070,-0.64303,0.0000,0.0000,0.0000,0.0000,0.0000,0.0000,0.0000
11.100,0.45622,0.42635,-0.47762,1.21973,0.01567,-0.27023,-0.64190,0.0000,0.0000,0.0000,0.0000,0.0000,0.0000,0.0000
11.120,0.45542,0.42560,-0.47678,1.21773,0.01564,-0.26976,-0.64078,0.0000,0.0000,0.0000,0.0000,0.0000,0.0000,0.0000
11.140,0.45462,0.42485,-0.47594,1.21573,0.01561,-0.26928,-0.63965,0.0000,0.0000,0.0000,0.0000,0.0000,0.0000,0.0000
11.160,0.45382,0.42411,-0.47511,1.21373,0.01559,-0.26881,-0.63852,0.0000,0.0000,0.0000,0.0000,0.0000,0.0000,0.0000
11.180,0.45302,0.42336,-0.47427,1.21173,0.01556,-0.26833,-0.63740,0.0000,0.0000,0.0000,0.0000,0.0000,0.0000,0.0000
11.200,0.45222,0.42261,-0.47343,1.20973,0.01553,-0.26786,-0.63627,0.0000,0.0000,0.0000,0.0000,0.0000,0.0000,0.0000
11.220,0.45142,0.42186,-0.47259,1.20773,0.01550,-0.26739,-0.63514,0.0000,0.0000,0.0000,0.0000,0.0000,0.0000,0.0000
11.240,0.45062,0.42111,-0.47175,1.20573,0.01548,-0.26691,-0.63402,0.0000,0.0000,0.0000,0.0000,0.0000,0.0000,0.0000
11.260,0.44982,0.42036,-0.47092,1.20373,0.01545,-0.26644,-0.63289,0.0000,0.0000,0.0000,0.0000,0.0000,0.0000,0.0000
11.280,0.44902,0.41962,-0.47008,1.20173,0.01542,-0.26596,-0.63177,0.0000,0.0000,0.0000,0.0000,0.0000,0.0000,0.0000
11.300,0.44822,0.41887,-0.46924,1.19973,0.01539,-0.26549,-0.63064,0.0000,0.0000,0.0000,0.0000,0.0000,0.0000,0.0000
11.320,0.44742,0.41812,-0.46840,1.19773,0.01537,-0.26502,-0.62951,0.0000,0.0000,0.0000,0.0000,0.0000,0.0000,0.0000
11.340,0.44662,0.41737,-0.46756,1.19573,0.01534,-0.26454,-0.62839,0.0000,0.0000,0.0000,0.0000,0.0000,0.0000,0.0000
11.360,0.44582,0.41662,-0.46673,1.19373,0.01531,-0.26407,-0.62726,0.0000,0.0000,0.0000,0.0000,0.0000,0.0000,0.0000
11.380,0.44501,0.41588,-0.46589,1.19173,0.01528,-0.26359,-0.62613,0.0000,0.0000,0.0000,0.0000,0.0000,0.0000,0.0000
11.400,0.44421,0.41513,-0.46505,1.18973,0.01526,-0.26312,-0.62501,0.0000,0.0000,0.0000,0.0000,0.0000,0.0000,0.0000
11.420,0.44341,0.41438,-0.46421,1.18773,0.01523,-0.26264,-0.62388,0.0000,0.0000,0.0000,0.0000,0.0000,0.0000,0.0000
11.440,0.44261,0.41363,-0.46337,1.18573,0.01520,-0.26217,-0.62276,0.0000,0.0000,0.0000,0.0000,0.0000,0.0000,0.0000
11.460,0.44181,0.41288,-0.46254,1.18373,0.01517,-0.26170,-0.62163,0.0000,0.0000,0.0000,0.0000,0.0000,0.0000,0.0000
11.480,0.44101,0.41214,-0.46170,1.18173,0.01515,-0.26122,-0.62050,0.0000,0.0000,0.0000,0.0000,0.0000,0.0000,0.0000
11.500,0.44021,0.41139,-0.46086,1.17973,0.01512,-0.26075,-0.61938,0.0000,0.0000,0.0000,0.0000,0.0000,0.0000,0.0000
11.520,0.43941,0.41064,-0.46002,1.17773,0.01509,-0.26027,-0.61825,0.0000,0.0000,0.0000,0.0000,0.0000,0.0000,0.0000
11.540,0.43861,0.40989,-0.45918,1.17573,0.01506,-0.25980,-0.61712,0.0000,0.0000,0.0000,0.0000,0.0000,0.0000,0.0000
11.560,0.43781,0.40914,-0.45835,1.17373,0.01504,-0.25933,-0.61600,0.0000,0.0000,0.0000,0.0000,0.0000,0.0000,0.0000
11.580,0.43701,0.40840,-0.45751,1.17173,0.01501,-0.25885,-0.61487,0.0000,0.0000,0.0000,0.0000,0.0000,0.0000,0.0000
11.600,0.43621,0.40765,-0.45667,1.16973,0.01498,-0.25838,-0.61374,0.0000,0.0000,0.0000,0.0000,0.0000,0.0000,0.0000
11.620,0.43541,0.40690,-0.45583,1.16773,0.01495,-0.25790,-0.61262,0.0000,0.0000,0.0000,0.0000,0.0000,0.0000,0.0000
11.640,0.43461,0.40615,-0.45499,1.16573,0.01493,-0.25743,-0.61149,0.0000,0.0000,0.0000,0.0000,0.0000,0.0000,0.0000
11.660,0.43381,0.40540,-0.45416,1.16373,0.01490,-0.25695,-0.61037,0.0000,0.0000,0.0000,0.0000,0.0000,0.0000,0.0000
11.680,0.43301,0.40466,-0.45332,1.16173,0.01487,-0.25648,-0.60924,0.0000,0.0000,0.0000,0.0000,0.0000,0.0000,0.0000
11.700,0.43221,0.40391,-0.45248,1.15973,0.01484,-0.25601,-0.60811,0.0000,0.0000,0.0000,0.0000,0.0000,0.0000,0.0000
11.720,0.43141,0.40316,-0.45164,1.15773,0.01482,-0.25553,-0.60699,0.0000,0.0000,0.0000,0.0000,0.0000,0.0000,0.0000
11.740,0.43061,0.40241,-0.45080,1.15573,0.01479,-0.25506,-0.60586,0.0000,0.0000,0.0000,0.0000,0.0000,0.0000,0.0000
11.760,0.42981,0.40166,-0.44997,1.15373,0.01476,-0.25458,-0.60473,0.0000,0.0000,0.0000,0.0000,0.0000,0.0000,0.0000
11.780,0.42901,0.40091,-0.44913,1.15173,0.01473,-0.25411,-0.60361,0.0000,0.0000,0.0000,0.0000,0.0000,0.0000,0.0000
11.800,0.42820,0.40017,-0.44829,1.14973,0.01471,-0.25364,-0.60248,0.0000,0.0000,0.0000,0.0000,0.0000,0.0000,0.0000
11.820,0.42740,0.39942,-0.44745,1.14773,0.01468,-0.25316,-0.60136,0.0000,0.0000,0.0000,0.0000,0.0000,0.0000,0.0000
11.840,0.42660,0.39867,-0.44661,1.14573,0.01465,-0.25269,-0.60023,0.0000,0.0000,0.0000,0.0000,0.0000,0.0000,0.0000
11.860,0.42580,0.39792,-0.44578,1.14373,0.01462,-0.25221,-0.59910,0.0000,0.0000,0.0000,0.0000,0.0000,0.0000,0.0000
11.880,0.42500,0.39717,-0.44494,1.14173,0.01460,-0.25174,-0.59798,0.0000,0.0000,0.0000,0.0000,0.0000,0.0000,0.0000
11.900,0.42420,0.39643,-0.44410,1.13973,0.01457,-0.25126,-0.59685,0.0000,0.0000,0.0000,0.0000,0.0000,0.0000,0.0000
11.920,0.42340,0.39568,-0.44326,1.13773,0.01454,-0.25079,-0.59572,0.0000,0.0000,0.0000,0.0000,0.0000,0.0000,0.0000
11.940,0.42260,0.39493,-0.44242,1.13573,0.01451,-0.25032,-0.59460,0.0000,0.0000,0.0000,0.0000,0.0000,0.0000,0.0000
11.960,0.42180,0.39418,-0.44158,1.13373,0.01449,-0.24984,-0.59347,0.0000,0.0000,0.0000,0.0000,0.0000,0.0000,0.0000
11.980,0.42100,0.39343,-0.44075,1.13173,0.01446,-0.24937,-0.59235,0.0000,0.0000,0.0000,0.0000,0.0000,0.0000,0.0000
12.000,0.42020,0.39269,-0.43991,1.12973,0.01443,-0.24889,-0.59122,0.0000,0.0000,0.0000,0.0000,0.0000,0.0000,0.0000
12.020,0.41940,0.39194,-0.43907,1.12773,0.01440,-0.24842,-0.59009,0.0000,0.0000,0.0000,0.0000,0.0000,0.0000,0.0000
12.040,0.41860,0.39119,-0.43823,1.12573,0.01438,-0.24795,-0.58897,0.0000,0.0000,0.0000,0.0000,0.0000,0.0000,0.0000
12.060,0.41780,0.39044,-0.43739,1.12373,0.01435,-0.24747,-0.58784,0.0000,0.0000,0.0000,0.0000,0.0000,0.0000,0.0000
12.080,0.41700,0.38969,-0.43656,1.12173,0.01432,-0.24700,-0.58671,0.0000,0.0000,0.0000,0.0000,0.0000,0.0000,0.0000
12.100,0.41620,0.38895,-0.43572,1.11973,0.01429,-0.24652,-0.58559,0.0000,0.0000,0.0000,0.0000,0.0000,0.0000,0.0000
12.120,0.41540,0.38820,-0.43488,1.11773,0.01427,-0.24605,-0.58446,0.0000,0.0000,0.0000,0.0000,0.0000,0.0000,0.0000
12.140,0.41460,0.38745,-0.43404,1.11573,0.01424,-0.24558,-0.58334,0.0000,0.0000,0.0000,0.0000,0.0000,0.0000,0.0000
12.160,0.41380,0.38670,-0.43320,1.11373,0.01421,-0.24510,-0.58221,0.0000,0.0000,0.0000,0.0000,0.0000,0.0000,0.0000
12.180,0.41300,0.38595,-0.43237,1.11173,0.01418,-0.24463,-0.58108,0.0000,0.0000,0.0000,0.0000,0.0000,0.0000,0.0000
12.200,0.41219,0.38521,-0.43153,1.10973,0.01416,-0.24415,-0.57996,0.0000,0.0000,0.0000,0.0000,0.0000,0.0000,0.0000
12.220,0.41139,0.38446,-0.43069,1.10773,0.01413,-0.24368,-0.57883,0.0000,0.0000,0.0000,0.0000,0.0000,0.0000,0.0000
12.240,0.41059,0.38371,-0.42985,1.10573,0.01410,-0.24320,-0.57770,0.0000,0.0000,0.0000,0.0000,0.0000,0.0000,0.0000
12.260,0.40979,0.38296,-0.42901,1.10373,0.01407,-0.24273,-0.57658,0.0000,0.0000,0.0000,0.0000,0.0000,0.0000,0.0000
12.280,0.40899,0.38221,-0.42818,1.10173,0.01405,-0.24226,-0.57545,0.0000,0.0000,0.0000,0.0000,0.0000,0.0000,0.0000
12.300,0.40819,0.38147,-0.42734,1.09973,0.01402,-0.24178,-0.57433,0.0000,0.0000,0.0000,0.0000,0.0000,0.0000,0.0000
12.320,0.40739,0.38072,-0.42650,1.09773,0.01399,-0.24131,-0.57320,0.0000,0.0000,0.0000,0.0000,0.0000,0.0000,0.0000
12.340,0.40659,0.37997,-0.42566,1.09573,0.01396,-0.24083,-0.57207,0.0000,0.0000,0.0000,0.0000,0.0000,0.0000,0.0000
12.360,0.40579,0.37922,-0.42482,1.09373,0.01394,-0.24036,-0.57095,0.0000,0.0000,0.0000,0.0000,0.0000,0.0000,0.0000
12.380,0.40499,0.37847,-0.42399,1.09173,0.01391,-0.23989,-0.56982,0.0000,0.0000,0.0000,0.0000,0.0000,0.0000,0.0000
12.400,0.40419,0.37772,-0.42315,1.08973,0.01388,-0.23941,-0.56869,0.0000,0.0000,0.0000,0.0000,0.0000,0.0000,0.0000
12.420,0.40339,0.37698,-0.42231,1.08773,0.01385,-0.23894,-0.56757,0.0000,0.0000,0.0000,0.0000,0.0000,0.0000,0.0000
12.440,0.40259,0.37623,-0.42147,1.08573,0.01383,-0.23846,-0.56644,0.0000,0.0000,0.0000,0.0000,0.0000,0.0000,0.0000
12.460,0.40179,0.37548,-0.42063,1.08373,0.01380,-0.23799,-0.56531,0.0000,0.0000,0.0000,0.0000,0.0000,0.0000,0.0000
12.480,0.40099,0.37473,-0.41980,1.08173,0.01377,-0.23751,-0.56419,0.0000,0.0000,0.0000,0.0000,0.0000,0.0000,0.0000
12.500,0.40019,0.37398,-0.41896,1.07973,0.01374,-0.23704,-0.56306,0.0000,0.0000,0.0000,0.0000,0.0000,0.0000,0.0000
12.520,0.39939,0.37324,-0.41812,1.07773,0.01372,-0.23657,-0.56194,0.0000,0.0000,0.0000,0.0000,0.0000,0.0000,0.0000
12.540,0.39859,0.37249,-0.41728,1.07573,0.01369,-0.23609,-0.56081,0.0000,0.0000,0.0000,0.0000,0.0000,0.0000,0.0000
12.560,0.39779,0.37174,-0.41644,1.07373,0.01366,-0.23562,-0.55968,0.0000,0.0000,0.0000,0.0000,0.0000,0.0000,0.0000
12.580,0.39699,0.37099,-0.41561,1.07173,0.01363,-0.23514,-0.55856,0.0000,0.0000,0.0000,0.0000,0.0000,0.0000,0.0000
12.600,0.39619,0.37024,-0.41477,1.06973,0.01361,-0.23467,-0.55743,0.0000,0.0000,0.0000,0.0000,0.0000,0.0000,0.0000
12.620,0.39538,0.36950,-0.41393,1.06773,0.01358,-0.23420,-0.55630,0.0000,0.0000,0.0000,0.0000,0.0000,0.0000,0.0000
12.640,0.39458,0.36875,-0.41309,1.06573,0.01355,-0.23372,-0.55518,0.0000,0.0000,0.0000,0.0000,0.0000,0.0000,0.0000
12.660,0.39378,0.36800,-0.41225,1.06373,0.01352,-0.23325,-0.55405,0.0000,0.0000,0.0000,0.0000,0.0000,0.0000,0.0000
12.680,0.39298,0.36725,-0.41142,1.06173,0.01350,-0.23277,-0.55293,0.0000,0.0000,0.0000,0.0000,0.0000,0.0000,0.0000
12.700,0.39218,0.36650,-0.41058,1.05973,0.01347,-0.23230,-0.55180,0.0000,0.0000,0.0000,0.0000,0.0000,0.0000,0.0000
12.720,0.39138,0.36576,-0.40974,1.05773,0.01344,-0.23182,-0.55067,0.0000,0.0000,0.0000,0.0000,0.0000,0.0000,0.0000
12.740,0.39058,0.36501,-0.40890,1.05573,0.01341,-0.23135,-0.54955,0.0000,0.0000,0.0000,0.0000,0.0000,0.0000,0.0000
12.760,0.38978,0.36426,-0.40806,1.05373,0.01339,-0.23088,-0.54842,0.0000,0.0000,0.0000,0.0000,0.0000,0.0000,0.0000
12.780,0.38898,0.36351,-0.40723,1.05173,0.01336,-0.23040,-0.54729,0.0000,0.0000,0.0000,0.0000,0.0000,0.0000,0.0000
12.800,0.38818,0.36276,-0.40639,1.04973,0.01333,-0.22993,-0.54617,0.0000,0.0000,0.0000,0.0000,0.0000,0.0000,0.0000
12.820,0.38738,0.36202,-0.40555,1.04773,0.01330,-0.22945,-0.54504,0.0000,0.0000,0.0000,0.0000,0.0000,0.0000,0.0000
12.840,0.38658,0.36127,-0.40471,1.04573,0.01328,-0.22898,-0.54392,0.0000,0.0000,0.0000,0.0000,0.0000,0.0000,0.0000
12.860,0.38578,0.36052,-0.40387,1.04373,0.01325,-0.22851,-0.54279,0.0000,0.0000,0.0000,0.0000,0.0000,0.0000,0.0000
12.880,0.38498,0.35977,-0.40304,1.04173,0.01322,-0.22803,-0.54166,0.0000,0.0000,0.0000,0.0000,0.0000,0.0000,0.0000
12.900,0.38418,0.35902,-0.40220,1.03973,0.01319,-0.22756,-0.54054,0.0000,0.0000,0.0000,0.0000,0.0000,0.0000,0.0000
12.920,0.38338,0.35827,-0.40136,1.03773,0.01317,-0.22708,-0.53941,0.0000,0.0000,0.0000,0.0000,0.0000,0.0000,0.0000
12.940,0.38258,0.35753,-0.40052,1.03573,0.01314,-0.22661,-0.53828,0.0000,0.0000,0.0000,0.0000,0.0000,0.0000,0.0000
12.960,0.38178,0.35678,-0.39968,1.03373,0.01311,-0.22614,-0.53716,0.0000,0.0000,0.0000,0.0000,0.0000,0.0000,0.0000
12.980,0.38098,0.35603,-0.39885,1.03173,0.01308,-0.22566,-0.53603,0.0000,0.0000,0.0000,0.0000,0.0000,0.0000,0.0000
13.000,0.38018,0.35528,-0.39801,1.02973,0.01306,-0.22519,-0.53491,0.0000,0.0000,0.0000,0.0000,0.0000,0.0000,0.0000
13.020,0.37937,0.35453,-0.39717,1.02773,0.01303,-0.22471,-0.53378,0.0000,0.0000,0.0000,0.0000,0.0000,0.0000,0.0000
13.040,0.37857,0.35379,-0.39633,1.02573,0.01300,-0.22424,-0.53265,0.0000,0.0000,0.0000,0.0000,0.0000,0.0000,0.0000
13.060,0.37777,0.35304,-0.39549,1.02373,0.01297,-0.22376,-0.53153,0.0000,0.0000,0.0000,0.0000,0.0000,0.0000,0.0000
13.080,0.37697,0.35229,-0.39466,1.02173,0.01295,-0.22329,-0.53040,0.0000,0.0000,0.0000,0.0000,0.0000,0.0000,0.0000
13.100,0.37617,0.35154,-0.39382,1.01973,0.01292,-0.22282,-0.52927,0.0000,0.0000,0.0000,0.0000,0.0000,0.0000,0.0000
13.120,0.37537,0.35079,-0.39298,1.01773,0.01289,-0.22234,-0.52815,0.0000,0.0000,0.0000,0.0000,0.0000,0.0000,0.0000
13.140,0.37457,0.35005,-0.39214,1.01573,0.01286,-0.22187,-0.52702,0.0000,0.0000,0.0000,0.0000,0.0000,0.0000,0.0000
13.160,0.37377,0.34930,-0.39130,1.01373,0.01284,-0.22139,-0.52590,0.0000,0.0000,0.0000,0.0000,0.0000,0.0000,0.0000
13.180,0.37297,0.34855,-0.39046,1.01173,0.01281,-0.22092,-0.52477,0.0000,0.0000,0.0000,0.0000,0.0000,0.0000,0.0000
13.200,0.37217,0.34780,-0.38963,1.00973,0.01278,-0.22045,-0.52364,0.0000,0.0000,0.0000,0.0000,0.0000,0.0000,0.0000
13.220,0.37137,0.34705,-0.38879,1.00773,0.01275,-0.21997,-0.52252,0.0000,0.0000,0.0000,0.0000,0.0000,0.0000,0.0000
13.240,0.37057,0.34631,-0.38795,1.00573,0.01273,-0.21950,-0.52139,0.0000,0.0000,0.0000,0.0000,0.0000,0.0000,0.0000
13.260,0.36977,0.34556,-0.38711,1.00373,0.01270,-0.21902,-0.52026,0.0000,0.0000,0.0000,0.0000,0.0000,0.0000,0.0000
13.280,0.36897,0.34481,-0.38627,1.00173,0.01267,-0.21855,-0.51914,0.0000,0.0000,0.0000,0.0000,0.0000,0.0000,0.0000
13.300,0.36817,0.34406,-0.38544,0.99973,0.01264,-0.21807,-0.51801,0.0000,0.0000,0.0000,0.0000,0.0000,0.0000,0.0000
13.320,0.36737,0.34331,-0.38460,0.99773,0.01262,-0.21760,-0.51688,0.0000,0.0000,0.0000,0.0000,0.0000,0.0000,0.0000
13.340,0.36657,0.34257,-0.38376,0.99573,0.01259,-0.21713,-0.51576,0.0000,0.0000,0.0000,0.0000,0.0000,0.0000,0.0000
13.360,0.36577,0.34182,-0.38292,0.99373,0.01256,-0.21665,-0.51463,0.0000,0.0000,0.0000,0.0000,0.0000,0.0000,0.0000
13.380,0.36497,0.34107,-0.38208,0.99173,0.01253,-0.21618,-0.51351,0.0000,0.0000,0.0000,0.0000,0.0000,0.0000,0.0000
13.400,0.36417,0.34032,-0.38125,0.98973,0.01251,-0.21570,-0.51238,0.0000,0.0000,0.0000,0.0000,0.0000,0.0000,0.0000
13.420,0.36337,0.33957,-0.38041,0.98773,0.01248,-0.21523,-0.51125,0.0000,0.0000,0.0000,0.0000,0.0000,0.0000,0.0000
13.440,0.36256,0.33883,-0.37957,0.98573,0.01245,-0.21476,-0.51013,0.0000,0.0000,0.0000,0.0000,0.0000,0.0000,0.0000
13.460,0.36176,0.33808,-0.37873,0.98373,0.01242,-0.21428,-0.50900,0.0000,0.0000,0.0000,0.0000,0.0000,0.0000,0.0000
13.480,0.36096,0.33733,-0.37789,0.98173,0.01240,-0.21381,-0.50787,0.0000,0.0000,0.0000,0.0000,0.0000,0.0000,0.0000
13.500,0.36016,0.33658,-0.37706,0.97973,0.01237,-0.21333,-0.50675,0.0000,0.0000,0.0000,0.0000,0.0000,0.0000,0.0000
13.520,0.35936,0.33583,-0.37622,0.97773,0.01234,-0.21286,-0.50562,0.0000,0.0000,0.0000,0.0000,0.0000,0.0000,0.0000
13.540,0.35856,0.33508,-0.37538,0.97573,0.01231,-0.21238,-0.50450,0.0000,0.0000,0.0000,0.0000,0.0000,0.0000,0.0000
13.560,0.35776,0.33434,-0.37454,0.97373,0.01229,-0.21191,-0.50337,0.0000,0.0000,0.0000,0.0000,0.0000,0.0000,0.0000
13.580,0.35696,0.33359,-0.37370,0.97173,0.01226,-0.21144,-0.50224,0.0000,0.0000,0.0000,0.0000,0.0000,0.0000,0.0000
13.600,0.35616,0.33284,-0.37287,0.96973,0.01223,-0.21096,-0.50112,0.0000,0.0000,0.0000,0.0000,0.0000,0.0000,0.0000
13.620,0.35536,0.33209,-0.37203,0.96773,0.01220,-0.21049,-0.49999,0.0000,0.0000,0.0000,0.0000,0.0000,0.0000,0.0000
13.640,0.35456,0.33134,-0.37119,0.96573,0.01218,-0.21001,-0.49886,0.0000,0.0000,0.0000,0.0000,0.0000,0.0000,0.0000
13.660,0.35376,0.33060,-0.37035,0.96373,0.01215,-0.20954,-0.49774,0.0000,0.0000,0.0000,0.0000,0.0000,0.0000,0.0000
13.680,0.35296,0.32985,-0.36951,0.96173,0.01212,-0.20907,-0.49661,0.0000,0.0000,0.0000,0.0000,0.0000,0.0000,0.0000
13.700,0.35216,0.32910,-0.36868,0.95973,0.01209,-0.20859,-0.49549,0.0000,0.0000,0.0000,0.0000,0.0000,0.0000,0.0000
13.720,0.35136,0.32835,-0.36784,0.95773,0.01207,-0.20812,-0.49436,0.0000,0.0000,0.0000,0.0000,0.0000,0.0000,0.0000
13.740,0.35056,0.32760,-0.36700,0.95573,0.01204,-0.20764,-0.49323,0.0000,0.0000,0.0000,0.0000,0.0000,0.0000,0.0000
13.760,0.34976,0.32686,-0.36616,0.95373,0.01201,-0.20717,-0.49211,0.0000,0.0000,0.0000,0.0000,0.0000,0.0000,0.0000
13.780,0.34896,0.32611,-0.36532,0.95173,0.01198,-0.20670,-0.49098,0.0000,0.0000,0.0000,0.0000,0.0000,0.0000,0.0000
13.800,0.34816,0.32536,-0.36449,0.94973,0.01196,-0.20622,-0.48985,0.0000,0.0000,0.0000,0.0000,0.0000,0.0000,0.0000
13.820,0.34736,0.32461,-0.36365,0.94773,0.01193,-0.20575,-0.48873,0.0000,0.0000,0.0000,0.0000,0.0000,0.0000,0.0000
13.840,0.34656,0.32386,-0.36281,0.94573,0.01190,-0.20527,-0.48760,0.0000,0.0000,0.0000,0.0000,0.0000,0.0000,0.0000
13.860,0.34575,0.32312,-0.36197,0.94373,0.01187,-0.20480,-0.48648,0.0000,0.0000,0.0000,0.0000,0.0000,0.0000,0.0000
13.880,0.34495,0.32237,-0.36113,0.94173,0.01185,-0.20432,-0.48535,0.0000,0.0000,0.0000,0.0000,0.0000,0.0000,0.0000
13.900,0.34415,0.32162,-0.36030,0.93973,0.01182,-0.20385,-0.48422,0.0000,0.0000,0.0000,0.0000,0.0000,0.0000,0.0000
13.920,0.34335,0.32087,-0.35946,0.93773,0.01179,-0.20338,-0.48310,0.0000,0.0000,0.0000,0.0000,0.0000,0.0000,0.0000
13.940,0.34255,0.32012,-0.35862,0.93573,0.01176,-0.20290,-0.48197,0.0000,0.0000,0.0000,0.0000,0.0000,0.0000,0.0000
13.960,0.34175,0.31938,-0.35778,0.93373,0.01174,-0.20243,-0.48084,0.0000,0.0000,0.0000,0.0000,0.0000,0.0000,0.0000
13.980,0.34095,0.31863,-0.35694,0.93173,0.01171,-0.20195,-0.47972,0.0000,0.0000,0.0000,0.0000,0.0000,0.0000,0.0000
14.000,0.34015,0.31788,-0.35611,0.92973,0.01168,-0.20148,-0.47859,0.0000,0.0000,0.0000,0.0000,0.0000,0.0000,0.0000
14.020,0.33935,0.31713,-0.35527,0.92773,0.01165,-0.20101,-0.47747,0.0000,0.0000,0.0000,0.0000,0.0000,0.0000,0.0000
14.040,0.33855,0.31638,-0.35443,0.92573,0.01163,-0.20053,-0.47634,0.0000,0.0000,0.0000,0.0000,0.0000,0.0000,0.0000
14.060,0.33775,0.31563,-0.35359,0.92373,0.01160,-0.20006,-0.47521,0.0000,0.0000,0.0000,0.0000,0.0000,0.0000,0.0000
14.080,0.33695,0.31489,-0.35275,0.92173,0.01157,-0.19958,-0.47409,0.0000,0.0000,0.0000,0.0000,0.0000,0.0000,0.0000
14.100,0.33615,0.31414,-0.35192,0.91973,0.01154,-0.19911,-0.47296,0.0000,0.0000,0.0000,0.0000,0.0000,0.0000,0.0000
14.120,0.33535,0.31339,-0.35108,0.91773,0.01152,-0.19863,-0.47183,0.0000,0.0000,0.0000,0.0000,0.0000,0.0000,0.0000
14.140,0.33455,0.31264,-0.35024,0.91573,0.01149,-0.19816,-0.47071,0.0000,0.0000,0.0000,0.0000,0.0000,0.0000,0.0000
14.160,0.33375,0.31189,-0.34940,0.91373,0.01146,-0.19769,-0.46958,0.0000,0.0000,0.0000,0.0000,0.0000,0.0000,0.0000
14.180,0.33295,0.31115,-0.34856,0.91173,0.01144,-0.19721,-0.46845,0.0000,0.0000,0.0000,0.0000,0.0000,0.0000,0.0000
14.200,0.33215,0.31040,-0.34773,0.90973,0.01141,-0.19674,-0.46733,0.0000,0.0000,0.0000,0.0000,0.0000,0.0000,0.0000
14.220,0.33135,0.30965,-0.34689,0.90773,0.01138,-0.19626,-0.46620,0.0000,0.0000,0.0000,0.0000,0.0000,0.0000,0.0000
14.240,0.33055,0.30890,-0.34605,0.90573,0.01135,-0.19579,-0.46508,0.0000,0.0000,0.0000,0.0000,0.0000,0.0000,0.0000
14.260,0.32974,0.30815,-0.34521,0.90373,0.01133,-0.19532,-0.46395,0.0000,0.0000,0.0000,0.0000,0.0000,0.0000,0.0000
14.280,0.32894,0.30741,-0.34437,0.90173,0.01130,-0.19484,-0.46282,0.0000,0.0000,0.0000,0.0000,0.0000,0.0000,0.0000
14.300,0.32814,0.30666,-0.34354,0.89973,0.01127,-0.19437,-0.46170,0.0000,0.0000,0.0000,0.0000,0.0000,0.0000,0.0000
14.320,0.32734,0.30591,-0.34270,0.89773,0.01124,-0.19389,-0.46057,0.0000,0.0000,0.0000,0.0000,0.0000,0.0000,0.0000
14.340,0.32654,0.30516,-0.34186,0.89573,0.01122,-0.19342,-0.45944,0.0000,0.0000,0.0000,0.0000,0.0000,0.0000,0.0000
14.360,0.32574,0.30441,-0.34102,0.89373,0.01119,-0.19294,-0.45832,0.0000,0.0000,0.0000,0.0000,0.0000,0.0000,0.0000
14.380,0.32494,0.30367,-0.34018,0.89173,0.01116,-0.19247,-0.45719,0.0000,0.0000,0.0000,0.0000,0.0000,0.0000,0.0000
14.400,0.32414,0.30292,-0.33935,0.88973,0.01113,-0.19200,-0.45607,0.0000,0.0000,0.0000,0.0000,0.0000,0.0000,0.0000
14.420,0.32334,0.30217,-0.33851,0.88773,0.01111,-0.19152,-0.45494,0.0000,0.0000,0.0000,0.0000,0.0000,0.0000,0.0000
14.440,0.32254,0.30142,-0.33767,0.88573,0.01108,-0.19105,-0.45381,0.0000,0.0000,0.0000,0.0000,0.0000,0.0000,0.0000
14.460,0.32174,0.30067,-0.33683,0.88373,0.01105,-0.19057,-0.45269,0.0000,0.0000,0.0000,0.0000,0.0000,0.0000,0.0000
14.480,0.32094,0.29993,-0.33599,0.88173,0.01102,-0.19010,-0.45156,0.0000,0.0000,0.0000,0.0000,0.0000,0.0000,0.0000
14.500,0.32014,0.29918,-0.33515,0.87973,0.01100,-0.18963,-0.45043,0.0000,0.0000,0.0000,0.0000,0.0000,0.0000,0.0000
14.520,0.31934,0.29843,-0.33432,0.87773,0.01097,-0.18915,-0.44931,0.0000,0.0000,0.0000,0.0000,0.0000,0.0000,0.0000
14.540,0.31854,0.29768,-0.33348,0.87573,0.01094,-0.18868,-0.44818,0.0000,0.0000,0.0000,0.0000,0.0000,0.0000,0.0000
14.560,0.31774,0.29693,-0.33264,0.87373,0.01091,-0.18820,-0.44706,0.0000,0.0000,0.0000,0.0000,0.0000,0.0000,0.0000
14.580,0.31694,0.29618,-0.33180,0.87173,0.01089,-0.18773,-0.44593,0.0000,0.0000,0.0000,0.0000,0.0000,0.0000,0.0000
14.600,0.31614,0.29544,-0.33096,0.86973,0.01086,-0.18726,-0.44480,0.0000,0.0000,0.0000,0.0000,0.0000,0.0000,0.0000
14.620,0.31534,0.29469,-0.33013,0.86773,0.01083,-0.18678,-0.44368,0.0000,0.0000,0.0000,0.0000,0.0000,0.0000,0.0000
14.640,0.31454,0.29394,-0.32929,0.86573,0.01080,-0.18631,-0.44255,0.0000,0.0000,0.0000,0.0000,0.0000,0.0000,0.0000
14.660,0.31374,0.29319,-0.32845,0.86373,0.01078,-0.18583,-0.44142,0.0000,0.0000,0.0000,0.0000,0.0000,0.0000,0.0000
14.680,0.31293,0.29244,-0.32761,0.86173,0.01075,-0.18536,-0.44030,0.0000,0.0000,0.0000,0.0000,0.0000,0.0000,0.0000
14.700,0.31213,0.29170,-0.32677,0.85973,0.01072,-0.18488,-0.43917,0.0000,0.0000,0.0000,0.0000,0.0000,0.0000,0.0000
14.720,0.31133,0.29095,-0.32594,0.85773,0.01069,-0.18441,-0.43805,0.0000,0.0000,0.0000,0.0000,0.0000,0.0000,0.0000
14.740,0.31053,0.29020,-0.32510,0.85573,0.01067,-0.18394,-0.43692,0.0000,0.0000,0.0000,0.0000,0.0000,0.0000,0.0000
14.760,0.30973,0.28945,-0.32426,0.85373,0.01064,-0.18346,-0.43579,0.0000,0.0000,0.0000,0.0000,0.0000,0.0000,0.0000
14.780,0.30893,0.28870,-0.32342,0.85173,0.01061,-0.18299,-0.43467,0.0000,0.0000,0.0000,0.0000,0.0000,0.0000,0.0000
14.800,0.30813,0.28796,-0.32258,0.84973,0.01058,-0.18251,-0.43354,0.0000,0.0000,0.0000,0.0000,0.0000,0.0000,0.0000
14.820,0.30733,0.28721,-0.32175,0.84773,0.01056,-0.18204,-0.43241,0.0000,0.0000,0.0000,0.0000,0.0000,0.0000,0.0000
14.840,0.30653,0.28646,-0.32091,0.84573,0.01053,-0.18157,-0.43129,0.0000,0.0000,0.0000,0.0000,0.0000,0.0000,0.0000
14.860,0.30573,0.28571,-0.32007,0.84373,0.01050,-0.18109,-0.43016,0.0000,0.0000,0.0000,0.0000,0.0000,0.0000,0.0000
14.880,0.30493,0.28496,-0.31923,0.84173,0.01047,-0.18062,-0.42904,0.0000,0.0000,0.0000,0.0000,0.0000,0.0000,0.0000
14.900,0.30413,0.28422,-0.31839,0.83973,0.01045,-0.18014,-0.42791,0.0000,0.0000,0.0000,0.0000,0.0000,0.0000,0.0000
14.920,0.30333,0.28347,-0.31756,0.83773,0.01042,-0.17967,-0.42678,0.0000,0.0000,0.0000,0.0000,0.0000,0.0000,0.0000
14.940,0.30253,0.28272,-0.31672,0.83573,0.01039,-0.17919,-0.42566,0.0000,0.0000,0.0000,0.0000,0.0000,0.0000,0.0000
14.960,0.30173,0.28197,-0.31588,0.83373,0.01036,-0.17872,-0.42453,0.0000,0.0000,0.0000,0.0000,0.0000,0.0000,0.0000
14.980,0.30093,0.28122,-0.31504,0.83173,0.01034,-0.17825,-0.42340,0.0000,0.0000,0.0000,0.0000,0.0000,0.0000,0.0000
15.000,0.30013,0.28048,-0.31420,0.82973,0.01031,-0.17777,-0.42228,0.0000,0.0000,0.0000,0.0000,0.0000,0.0000,0.0000
15.020,0.29933,0.27973,-0.31337,0.82773,0.01028,-0.17730,-0.42115,0.0000,0.0000,0.0000,0.0000,0.0000,0.0000,0.0000
15.040,0.29853,0.27898,-0.31253,0.82573,0.01025,-0.17682,-0.42002,0.0000,0.0000,0.0000,0.0000,0.0000,0.0000,0.0000
15.060,0.29773,0.27823,-0.31169,0.82373,0.01023,-0.17635,-0.41890,0.0000,0.0000,0.0000,0.0000,0.0000,0.0000,0.0000
15.080,0.29692,0.27748,-0.31085,0.82173,0.01020,-0.17588,-0.41777,0.0000,0.0000,0.0000,0.0000,0.0000,0.0000,0.0000
15.100,0.29612,0.27674,-0.31001,0.81973,0.01017,-0.17540,-0.41665,0.0000,0.0000,0.0000,0.0000,0.0000,0.0000,0.0000
15.120,0.29532,0.27599,-0.30918,0.81773,0.01014,-0.17493,-0.41552,0.0000,0.0000,0.0000,0.0000,0.0000,0.0000,0.0000
15.140,0.29452,0.27524,-0.30834,0.81573,0.01012,-0.17445,-0.41439,0.0000,0.0000,0.0000,0.0000,0.0000,0.0000,0.0000
15.160,0.29372,0.27449,-0.30750,0.81373,0.01009,-0.17398,-0.41327,0.0000,0.0000,0.0000,0.0000,0.0000,0.0000,0.0000
15.180,0.29292,0.27374,-0.30666,0.81173,0.01006,-0.17350,-0.41214,0.0000,0.0000,0.0000,0.0000,0.0000,0.0000,0.0000
15.200,0.29212,0.27299,-0.30582,0.80973,0.01003,-0.17303,-0.41101,0.0000,0.0000,0.0000,0.0000,0.0000,0.0000,0.0000
15.220,0.29132,0.27225,-0.30499,0.80773,0.01001,-0.17256,-0.40989,0.0000,0.0000,0.0000,0.0000,0.0000,0.0000,0.0000
15.240,0.29052,0.27150,-0.30415,0.80573,0.00998,-0.17208,-0.40876,0.0000,0.0000,0.0000,0.0000,0.0000,0.0000,0.0000
15.260,0.28972,0.27075,-0.30331,0.80373,0.00995,-0.17161,-0.40764,0.0000,0.0000,0.0000,0.0000,0.0000,0.0000,0.0000
15.280,0.28892,0.27000,-0.30247,0.80173,0.00992,-0.17113,-0.40651,0.0000,0.0000,0.0000,0.0000,0.0000,0.0000,0.0000
15.300,0.28812,0.26925,-0.30163,0.79973,0.00990,-0.17066,-0.40538,0.0000,0.0000,0.0000,0.0000,0.0000,0.0000,0.0000
15.320,0.28732,0.26851,-0.30080,0.79773,0.00987,-0.17019,-0.40426,0.0000,0.0000,0.0000,0.0000,0.0000,0.0000,0.0000
15.340,0.28652,0.26776,-0.29996,0.79573,0.00984,-0.16971,-0.40313,0.0000,0.0000,0.0000,0.0000,0.0000,0.0000,0.0000
15.360,0.28572,0.26701,-0.29912,0.79373,0.00981,-0.16924,-0.40200,0.0000,0.0000,0.0000,0.0000,0.0000,0.0000,0.0000
15.380,0.28492,0.26626,-0.29828,0.79173,0.00979,-0.16876,-0.40088,0.0000,0.0000,0.0000,0.0000,0.0000,0.0000,0.0000
15.400,0.28412,0.26551,-0.29744,0.78973,0.00976,-0.16829,-0.39975,0.0000,0.0000,0.0000,0.0000,0.0000,0.0000,0.0000
15.420,0.28332,0.26477,-0.29661,0.78773,0.00973,-0.16782,-0.39863,0.0000,0.0000,0.0000,0.0000,0.0000,0.0000,0.0000
15.440,0.28252,0.26402,-0.29577,0.78573,0.00970,-0.16734,-0.39750,0.0000,0.0000,0.0000,0.0000,0.0000,0.0000,0.0000
15.460,0.28172,0.26327,-0.29493,0.78373,0.00968,-0.16687,-0.39637,0.0000,0.0000,0.0000,0.0000,0.0000,0.0000,0.0000
15.480,0.28092,0.26252,-0.29409,0.78173,0.00965,-0.16639,-0.39525,0.0000,0.0000,0.0000,0.0000,0.0000,0.0000,0.0000
15.500,0.28011,0.26177,-0.29325,0.77973,0.00962,-0.16592,-0.39412,0.0000,0.0000,0.0000,0.0000,0.0000,0.0000,0.0000
15.520,0.27931,0.26103,-0.29242,0.77773,0.00959,-0.16544,-0.39299,0.0000,0.0000,0.0000,0.0000,0.0000,0.0000,0.0000
15.540,0.27851,0.26028,-0.29158,0.77573,0.00957,-0.16497,-0.39187,0.0000,0.0000,0.0000,0.0000,0.0000,0.0000,0.0000
15.560,0.27771,0.25953,-0.29074,0.77373,0.00954,-0.16450,-0.39074,0.0000,0.0000,0.0000,0.0000,0.0000,0.0000,0.0000
15.580,0.27691,0.25878,-0.28990,0.77173,0.00951,-0.16402,-0.38962,0.0000,0.0000,0.0000,0.0000,0.0000,0.0000,0.0000
15.600,0.27611,0.25803,-0.28906,0.76973,0.00948,-0.16355,-0.38849,0.0000,0.0000,0.0000,0.0000,0.0000,0.0000,0.0000
15.620,0.27531,0.25729,-0.28823,0.76773,0.00946,-0.16307,-0.38736,0.0000,0.0000,0.0000,0.0000,0.0000,0.0000,0.0000
15.640,0.27451,0.25654,-0.28739,0.76573,0.00943,-0.16260,-0.38624,0.0000,0.0000,0.0000,0.0000,0.0000,0.0000,0.0000
15.660,0.27371,0.25579,-0.28655,0.76373,0.00940,-0.16213,-0.38511,0.0000,0.0000,0.0000,0.0000,0.0000,0.0000,0.0000
15.680,0.27291,0.25504,-0.28571,0.76173,0.00937,-0.16165,-0.38398,0.0000,0.0000,0.0000,0.0000,0.0000,0.0000,0.0000
15.700,0.27211,0.25429,-0.28487,0.75973,0.00935,-0.16118,-0.38286,0.0000,0.0000,0.0000,0.0000,0.0000,0.0000,0.0000
15.720,0.27131,0.25354,-0.28403,0.75773,0.00932,-0.16070,-0.38173,0.0000,0.0000,0.0000,0.0000,0.0000,0.0000,0.0000
15.740,0.27051,0.25280,-0.28320,0.75573,0.00929,-0.16023,-0.38061,0.0000,0.0000,0.0000,0.0000,0.0000,0.0000,0.0000
15.760,0.26971,0.25205,-0.28236,0.75373,0.00926,-0.15975,-0.37948,0.0000,0.0000,0.0000,0.0000,0.0000,0.0000,0.0000
15.780,0.26891,0.25130,-0.28152,0.75173,0.00924,-0.15928,-0.37835,0.0000,0.0000,0.0000,0.0000,0.0000,0.0000,0.0000
15.800,0.26811,0.25055,-0.28068,0.74973,0.00921,-0.15881,-0.37723,0.0000,0.0000,0.0000,0.0000,0.0000,0.0000,0.0000
15.820,0.26731,0.24980,-0.27984,0.74773,0.00918,-0.15833,-0.37610,0.0000,0.0000,0.0000,0.0000,0.0000,0.0000,0.0000
15.840,0.26651,0.24906,-0.27901,0.74573,0.00915,-0.15786,-0.37497,0.0000,0.0000,0.0000,0.0000,0.0000,0.0000,0.0000
15.860,0.26571,0.24831,-0.27817,0.74373,0.00913,-0.15738,-0.37385,0.0000,0.0000,0.0000,0.0000,0.0000,0.0000,0.0000
15.880,0.26491,0.24756,-0.27733,0.74173,0.00910,-0.15691,-0.37272,0.0000,0.0000,0.0000,0.0000,0.0000,0.0000,0.0000
15.900,0.26411,0.24681,-0.27649,0.73973,0.00907,-0.15644,-0.37159,0.0000,0.0000,0.0000,0.0000,0.0000,0.0000,0.0000
15.920,0.26330,0.24606,-0.27565,0.73773,0.00904,-0.15596,-0.37047,0.0000,0.0000,0.0000,0.0000,0.0000,0.0000,0.0000
15.940,0.26250,0.24532,-0.27482,0.73573,0.00902,-0.15549,-0.36934,0.0000,0.0000,0.0000,0.0000,0.0000,0.0000,0.0000
15.960,0.26170,0.24457,-0.27398,0.73373,0.00899,-0.15501,-0.36822,0.0000,0.0000,0.0000,0.0000,0.0000,0.0000,0.0000
15.980,0.26090,0.24382,-0.27314,0.73173,0.00896,-0.15454,-0.36709,0.0000,0.0000,0.0000,0.0000,0.0000,0.0000,0.0000
16.000,0.26010,0.24307,-0.27230,0.72973,0.00893,-0.15406,-0.36596,0.0000,0.0000,0.0000,0.0000,0.0000,0.0000,0.0000
16.020,0.25930,0.24232,-0.27146,0.72773,0.00891,-0.15359,-0.36484,0.0000,0.0000,0.0000,0.0000,0.0000,0.0000,0.0000
16.040,0.25850,0.24158,-0.27063,0.72573,0.00888,-0.15312,-0.36371,0.0000,0.0000,0.0000,0.0000,0.0000,0.0000,0.0000
16.060,0.25770,0.24083,-0.26979,0.72373,0.00885,-0.15264,-0.36258,0.0000,0.0000,0.0000,0.0000,0.0000,0.0000,0.0000
16.080,0.25690,0.24008,-0.26895,0.72173,0.00882,-0.15217,-0.36146,0.0000,0.0000,0.0000,0.0000,0.0000,0.0000,0.0000
16.100,0.25610,0.23933,-0.26811,0.71973,0.00880,-0.15169,-0.36033,0.0000,0.0000,0.0000,0.0000,0.0000,0.0000,0.0000
16.120,0.25530,0.23858,-0.26727,0.71773,0.00877,-0.15122,-0.35921,0.0000,0.0000,0.0000,0.0000,0.0000,0.0000,0.0000
16.140,0.25450,0.23784,-0.26644,0.71573,0.00874,-0.15075,-0.35808,0.0000,0.0000,0.0000,0.0000,0.0000,0.0000,0.0000
16.160,0.25370,0.23709,-0.26560,0.71373,0.00871,-0.15027,-0.35695,0.0000,0.0000,0.0000,0.0000,0.0000,0.0000,0.0000
16.180,0.25290,0.23634,-0.26476,0.71173,0.00869,-0.14980,-0.35583,0.0000,0.0000,0.0000,0.0000,0.0000,0.0000,0.0000
16.200,0.25210,0.23559,-0.26392,0.70973,0.00866,-0.14932,-0.35470,0.0000,0.0000,0.0000,0.0000,0.0000,0.0000,0.0000
16.220,0.25130,0.23484,-0.26308,0.70773,0.00863,-0.14885,-0.35357,0.0000,0.0000,0.0000,0.0000,0.0000,0.0000,0.0000
16.240,0.25050,0.23409,-0.26225,0.70573,0.00860,-0.14838,-0.35245,0.0000,0.0000,0.0000,0.0000,0.0000,0.0000,0.0000
16.260,0.24970,0.23335,-0.26141,0.70373,0.00858,-0.14790,-0.35132,0.0000,0.0000,0.0000,0.0000,0.0000,0.0000,0.0000
16.280,0.24890,0.23260,-0.26057,0.70173,0.00855,-0.14743,-0.35020,0.0000,0.0000,0.0000,0.0000,0.0000,0.0000,0.0000
16.300,0.24810,0.23185,-0.25973,0.69973,0.00852,-0.14695,-0.34907,0.0000,0.0000,0.0000,0.0000,0.0000,0.0000,0.0000
16.320,0.24729,0.23110,-0.25889,0.69773,0.00849,-0.14648,-0.34794,0.0000,0.0000,0.0000,0.0000,0.0000,0.0000,0.0000
16.340,0.24649,0.23035,-0.25806,0.69573,0.00847,-0.14600,-0.34682,0.0000,0.0000,0.0000,0.0000,0.0000,0.0000,0.0000
16.360,0.24569,0.22961,-0.25722,0.69373,0.00844,-0.14553,-0.34569,0.0000,0.0000,0.0000,0.0000,0.0000,0.0000,0.0000
16.380,0.24489,0.22886,-0.25638,0.69173,0.00841,-0.14506,-0.34456,0.0000,0.0000,0.0000,0.0000,0.0000,0.0000,0.0000
16.400,0.24409,0.22811,-0.25554,0.68973,0.00838,-0.14458,-0.34344,0.0000,0.0000,0.0000,0.0000,0.0000,0.0000,0.0000
16.420,0.24329,0.22736,-0.25470,0.68773,0.00836,-0.14411,-0.34231,0.0000,0.0000,0.0000,0.0000,0.0000,0.0000,0.0000
16.440,0.24249,0.22661,-0.25387,0.68573,0.00833,-0.14363,-0.34119,0.0000,0.0000,0.0000,0.0000,0.0000,0.0000,0.0000
16.460,0.24169,0.22587,-0.25303,0.68373,0.00830,-0.14316,-0.34006,0.0000,0.0000,0.0000,0.0000,0.0000,0.0000,0.0000
16.480,0.24089,0.22512,-0.25219,0.68173,0.00827,-0.14269,-0.33893,0.0000,0.0000,0.0000,0.0000,0.0000,0.0000,0.0000
16.500,0.24009,0.22437,-0.25135,0.67973,0.00825,-0.14221,-0.33781,0.0000,0.0000,0.0000,0.0000,0.0000,0.0000,0.0000
16.520,0.23929,0.22362,-0.25051,0.67773,0.00822,-0.14174,-0.33668,0.0000,0.0000,0.0000,0.0000,0.0000,0.0000,0.0000
16.540,0.23849,0.22287,-0.24968,0.67573,0.00819,-0.14126,-0.33555,0.0000,0.0000,0.0000,0.0000,0.0000,0.0000,0.0000
16.560,0.23769,0.22213,-0.24884,0.67373,0.00816,-0.14079,-0.33443,0.0000,0.0000,0.0000,0.0000,0.0000,0.0000,0.0000
16.580,0.23689,0.22138,-0.24800,0.67173,0.00814,-0.14031,-0.33330,0.0000,0.0000,0.0000,0.0000,0.0000,0.0000,0.0000
16.600,0.23609,0.22063,-0.24716,0.66973,0.00811,-0.13984,-0.33218,0.0000,0.0000,0.0000,0.0000,0.0000,0.0000,0.0000
16.620,0.23529,0.21988,-0.24632,0.66773,0.00808,-0.13937,-0.33105,0.0000,0.0000,0.0000,0.0000,0.0000,0.0000,0.0000
16.640,0.23449,0.21913,-0.24549,0.66573,0.00805,-0.13889,-0.32992,0.0000,0.0000,0.0000,0.0000,0.0000,0.0000,0.0000
16.660,0.23369,0.21839,-0.24465,0.66373,0.00803,-0.13842,-0.32880,0.0000,0.0000,0.0000,0.0000,0.0000,0.0000,0.0000
16.680,0.23289,0.21764,-0.24381,0.66173,0.00800,-0.13794,-0.32767,0.0000,0.0000,0.0000,0.0000,0.0000,0.0000,0.0000
16.700,0.23209,0.21689,-0.24297,0.65973,0.00797,-0.13747,-0.32654,0.0000,0.0000,0.0000,0.0000,0.0000,0.0000,0.0000
16.720,0.23129,0.21614,-0.24213,0.65773,0.00794,-0.13700,-0.32542,0.0000,0.0000,0.0000,0.0000,0.0000,0.0000,0.0000
16.740,0.23048,0.21539,-0.24130,0.65573,0.00792,-0.13652,-0.32429,0.0000,0.0000,0.0000,0.0000,0.0000,0.0000,0.0000
16.760,0.22968,0.21465,-0.24046,0.65373,0.00789,-0.13605,-0.32316,0.0000,0.0000,0.0000,0.0000,0.0000,0.0000,0.0000
16.780,0.22888,0.21390,-0.23962,0.65173,0.00786,-0.13557,-0.32204,0.0000,0.0000,0.0000,0.0000,0.0000,0.0000,0.0000
16.800,0.22808,0.21315,-0.23878,0.64973,0.00783,-0.13510,-0.32091,0.0000,0.0000,0.0000,0.0000,0.0000,0.0000,0.0000
16.820,0.22728,0.21240,-0.23794,0.64773,0.00781,-0.13462,-0.31979,0.0000,0.0000,0.0000,0.0000,0.0000,0.0000,0.0000
16.840,0.22648,0.21165,-0.23711,0.64573,0.00778,-0.13415,-0.31866,0.0000,0.0000,0.0000,0.0000,0.0000,0.0000,0.0000
16.860,0.22568,0.21090,-0.23627,0.64373,0.00775,-0.13368,-0.31753,0.0000,0.0000,0.0000,0.0000,0.0000,0.0000,0.0000
16.880,0.22488,0.21016,-0.23543,0.64173,0.00772,-0.13320,-0.31641,0.0000,0.0000,0.0000,0.0000,0.0000,0.0000,0.0000
16.900,0.22408,0.20941,-0.23459,0.63973,0.00770,-0.13273,-0.31528,0.0000,0.0000,0.0000,0.0000,0.0000,0.0000,0.0000
16.920,0.22328,0.20866,-0.23375,0.63773,0.00767,-0.13225,-0.31415,0.0000,0.0000,0.0000,0.0000,0.0000,0.0000,0.0000
16.940,0.22248,0.20791,-0.23292,0.63573,0.00764,-0.13178,-0.31303,0.0000,0.0000,0.0000,0.0000,0.0000,0.0000,0.0000
16.960,0.22168,0.20716,-0.23208,0.63373,0.00761,-0.13131,-0.31190,0.0000,0.0000,0.0000,0.0000,0.0000,0.0000,0.0000
16.980,0.22088,0.20642,-0.23124,0.63173,0.00759,-0.13083,-0.31078,0.0000,0.0000,0.0000,0.0000,0.0000,0.0000,0.0000
17.000,0.22008,0.20567,-0.23040,0.62973,0.00756,-0.13036,-0.30965,0.0000,0.0000,0.0000,0.0000,0.0000,0.0000,0.0000
17.020,0.21928,0.20492,-0.22956,0.62773,0.00753,-0.12988,-0.30852,0.0000,0.0000,0.0000,0.0000,0.0000,0.0000,0.0000
17.040,0.21848,0.20417,-0.22872,0.62573,0.00750,-0.12941,-0.30740,0.0000,0.0000,0.0000,0.0000,0.0000,0.0000,0.0000
17.060,0.21768,0.20342,-0.22789,0.62373,0.00748,-0.12894,-0.30627,0.0000,0.0000,0.0000,0.0000,0.0000,0.0000,0.0000
17.080,0.21688,0.20268,-0.22705,0.62173,0.00745,-0.12846,-0.30514,0.0000,0.0000,0.0000,0.0000,0.0000,0.0000,0.0000
17.100,0.21608,0.20193,-0.22621,0.61973,0.00742,-0.12799,-0.30402,0.0000,0.0000,0.0000,0.0000,0.0000,0.0000,0.0000
17.120,0.21528,0.20118,-0.22537,0.61773,0.00739,-0.12751,-0.30289,0.0000,0.0000,0.0000,0.0000,0.0000,0.0000,0.0000
17.140,0.21447,0.20043,-0.22453,0.61573,0.00737,-0.12704,-0.30177,0.0000,0.0000,0.0000,0.0000,0.0000,0.0000,0.0000
17.160,0.21367,0.19968,-0.22370,0.61373,0.00734,-0.12656,-0.30064,0.0000,0.0000,0.0000,0.0000,0.0000,0.0000,0.0000
17.180,0.21287,0.19894,-0.22286,0.61173,0.00731,-0.12609,-0.29951,0.0000,0.0000,0.0000,0.0000,0.0000,0.0000,0.0000
17.200,0.21207,0.19819,-0.22202,0.60973,0.00728,-0.12562,-0.29839,0.0000,0.0000,0.0000,0.0000,0.0000,0.0000,0.0000
17.220,0.21127,0.19744,-0.22118,0.60773,0.00726,-0.12514,-0.29726,0.0000,0.0000,0.0000,0.0000,0.0000,0.0000,0.0000
17.240,0.21047,0.19669,-0.22034,0.60573,0.00723,-0.12467,-0.29613,0.0000,0.0000,0.0000,0.0000,0.0000,0.0000,0.0000
17.260,0.20967,0.19594,-0.21951,0.60373,0.00720,-0.12419,-0.29501,0.0000,0.0000,0.0000,0.0000,0.0000,0.0000,0.0000
17.280,0.20887,0.19520,-0.21867,0.60173,0.00717,-0.12372,-0.29388,0.0000,0.0000,0.0000,0.0000,0.0000,0.0000,0.0000
17.300,0.20807,0.19445,-0.21783,0.59973,0.00715,-0.12325,-0.29276,0.0000,0.0000,0.0000,0.0000,0.0000,0.0000,0.0000
17.320,0.20727,0.19370,-0.21699,0.59773,0.00712,-0.12277,-0.29163,0.0000,0.0000,0.0000,0.0000,0.0000,0.0000,0.0000
17.340,0.20647,0.19295,-0.21615,0.59573,0.00709,-0.12230,-0.29050,0.0000,0.0000,0.0000,0.0000,0.0000,0.0000,0.0000
17.360,0.20567,0.19220,-0.21532,0.59373,0.00706,-0.12182,-0.28938,0.0000,0.0000,0.0000,0.0000,0.0000,0.0000,0.0000
17.380,0.20487,0.19145,-0.21448,0.59173,0.00704,-0.12135,-0.28825,0.0000,0.0000,0.0000,0.0000,0.0000,0.0000,0.0000
17.400,0.20407,0.19071,-0.21364,0.58973,0.00701,-0.12087,-0.28712,0.0000,0.0000,0.0000,0.0000,0.0000,0.0000,0.0000
17.420,0.20327,0.18996,-0.21280,0.58773,0.00698,-0.12040,-0.28600,0.0000,0.0000,0.0000,0.0000,0.0000,0.0000,0.0000
17.440,0.20247,0.18921,-0.21196,0.58573,0.00695,-0.11993,-0.28487,0.0000,0.0000,0.0000,0.0000,0.0000,0.0000,0.0000
17.460,0.20167,0.18846,-0.21113,0.58373,0.00693,-0.11945,-0.28375,0.0000,0.0000,0.0000,0.0000,0.0000,0.0000,0.0000
17.480,0.20087,0.18771,-0.21029,0.58173,0.00690,-0.11898,-0.28262,0.0000,0.0000,0.0000,0.0000,0.0000,0.0000,0.0000
17.500,0.20007,0.18697,-0.20945,0.57973,0.00687,-0.11850,-0.28149,0.0000,0.0000,0.0000,0.0000,0.0000,0.0000,0.0000
17.520,0.19927,0.18622,-0.20861,0.57773,0.00684,-0.11803,-0.28037,0.0000,0.0000,0.0000,0.0000,0.0000,0.0000,0.0000
17.540,0.19847,0.18547,-0.20777,0.57573,0.00682,-0.11756,-0.27924,0.0000,0.0000,0.0000,0.0000,0.0000,0.0000,0.0000
17.560,0.19766,0.18472,-0.20694,0.57373,0.00679,-0.11708,-0.27811,0.0000,0.0000,0.0000,0.0000,0.0000,0.0000,0.0000
17.580,0.19686,0.18397,-0.20610,0.57173,0.00676,-0.11661,-0.27699,0.0000,0.0000,0.0000,0.0000,0.0000,0.0000,0.0000
17.600,0.19606,0.18323,-0.20526,0.56973,0.00673,-0.11613,-0.27586,0.0000,0.0000,0.0000,0.0000,0.0000,0.0000,0.0000
17.620,0.19526,0.18248,-0.20442,0.56773,0.00671,-0.11566,-0.27473,0.0000,0.0000,0.0000,0.0000,0.0000,0.0000,0.0000
17.640,0.19446,0.18173,-0.20358,0.56573,0.00668,-0.11518,-0.27361,0.0000,0.0000,0.0000,0.0000,0.0000,0.0000,0.0000
17.660,0.19366,0.18098,-0.20275,0.56373,0.00665,-0.11471,-0.27248,0.0000,0.0000,0.0000,0.0000,0.0000,0.0000,0.0000
17.680,0.19286,0.18023,-0.20191,0.56173,0.00662,-0.11424,-0.27136,0.0000,0.0000,0.0000,0.0000,0.0000,0.0000,0.0000
17.700,0.19206,0.17949,-0.20107,0.55973,0.00660,-0.11376,-0.27023,0.0000,0.0000,0.0000,0.0000,0.0000,0.0000,0.0000
17.720,0.19126,0.17874,-0.20023,0.55773,0.00657,-0.11329,-0.26910,0.0000,0.0000,0.0000,0.0000,0.0000,0.0000,0.0000
17.740,0.19046,0.17799,-0.19939,0.55573,0.00654,-0.11281,-0.26798,0.0000,0.0000,0.0000,0.0000,0.0000,0.0000,0.0000
17.760,0.18966,0.17724,-0.19856,0.55373,0.00651,-0.11234,-0.26685,0.0000,0.0000,0.0000,0.0000,0.0000,0.0000,0.0000
17.780,0.18886,0.17649,-0.19772,0.55173,0.00649,-0.11187,-0.26572,0.0000,0.0000,0.0000,0.0000,0.0000,0.0000,0.0000
17.800,0.18806,0.17575,-0.19688,0.54973,0.00646,-0.11139,-0.26460,0.0000,0.0000,0.0000,0.0000,0.0000,0.0000,0.0000
17.820,0.18726,0.17500,-0.19604,0.54773,0.00643,-0.11092,-0.26347,0.0000,0.0000,0.0000,0.0000,0.0000,0.0000,0.0000
17.840,0.18646,0.17425,-0.19520,0.54573,0.00640,-0.11044,-0.26235,0.0000,0.0000,0.0000,0.0000,0.0000,0.0000,0.0000
17.860,0.18566,0.17350,-0.19437,0.54373,0.00638,-0.10997,-0.26122,0.0000,0.0000,0.0000,0.0000,0.0000,0.0000,0.0000
17.880,0.18486,0.17275,-0.19353,0.54173,0.00635,-0.10950,-0.26009,0.0000,0.0000,0.0000,0.0000,0.0000,0.0000,0.0000
17.900,0.18406,0.17201,-0.19269,0.53973,0.00632,-0.10902,-0.25897,0.0000,0.0000,0.0000,0.0000,0.0000,0.0000,0.0000
17.920,0.18326,0.17126,-0.19185,0.53773,0.00629,-0.10855,-0.25784,0.0000,0.0000,0.0000,0.0000,0.0000,0.0000,0.0000
17.940,0.18246,0.17051,-0.19101,0.53573,0.00627,-0.10807,-0.25671,0.0000,0.0000,0.0000,0.0000,0.0000,0.0000,0.0000
17.960,0.18166,0.16976,-0.19018,0.53373,0.00624,-0.10760,-0.25559,0.0000,0.0000,0.0000,0.0000,0.0000,0.0000,0.0000
17.980,0.18085,0.16901,-0.18934,0.53173,0.00621,-0.10712,-0.25446,0.0000,0.0000,0.0000,0.0000,0.0000,0.0000,0.0000
18.000,0.18005,0.16826,-0.18850,0.52973,0.00618,-0.10665,-0.25334,0.0000,0.0000,0.0000,0.0000,0.0000,0.0000,0.0000
18.020,0.17925,0.16752,-0.18766,0.52773,0.00616,-0.10618,-0.25221,0.0000,0.0000,0.0000,0.0000,0.0000,0.0000,0.0000
18.040,0.17845,0.16677,-0.18682,0.52573,0.00613,-0.10570,-0.25108,0.0000,0.0000,0.0000,0.0000,0.0000,0.0000,0.0000
18.060,0.17765,0.16602,-0.18599,0.52373,0.00610,-0.10523,-0.24996,0.0000,0.0000,0.0000,0.0000,0.0000,0.0000,0.0000
18.080,0.17685,0.16527,-0.18515,0.52173,0.00607,-0.10475,-0.24883,0.0000,0.0000,0.0000,0.0000,0.0000,0.0000,0.0000
18.100,0.17605,0.16452,-0.18431,0.51973,0.00605,-0.10428,-0.24770,0.0000,0.0000,0.0000,0.0000,0.0000,0.0000,0.0000
18.120,0.17525,0.16378,-0.18347,0.51773,0.00602,-0.10381,-0.24658,0.0000,0.0000,0.0000,0.0000,0.0000,0.0000,0.0000
18.140,0.17445,0.16303,-0.18263,0.51573,0.00599,-0.10333,-0.24545,0.0000,0.0000,0.0000,0.0000,0.0000,0.0000,0.0000
18.160,0.17365,0.16228,-0.18180,0.51373,0.00596,-0.10286,-0.24433,0.0000,0.0000,0.0000,0.0000,0.0000,0.0000,0.0000
18.180,0.17285,0.16153,-0.18096,0.51173,0.00594,-0.10238,-0.24320,0.0000,0.0000,0.0000,0.0000,0.0000,0.0000,0.0000
18.200,0.17205,0.16078,-0.18012,0.50973,0.00591,-0.10191,-0.24207,0.0000,0.0000,0.0000,0.0000,0.0000,0.0000,0.0000
18.220,0.17125,0.16004,-0.17928,0.50773,0.00588,-0.10143,-0.24095,0.0000,0.0000,0.0000,0.0000,0.0000,0.0000,0.0000
18.240,0.17045,0.15929,-0.17844,0.50573,0.00585,-0.10096,-0.23982,0.0000,0.0000,0.0000,0.0000,0.0000,0.0000,0.0000
18.260,0.16965,0.15854,-0.17760,0.50373,0.00583,-0.10049,-0.23869,0.0000,0.0000,0.0000,0.0000,0.0000,0.0000,0.0000
18.280,0.16885,0.15779,-0.17677,0.50173,0.00580,-0.10001,-0.23757,0.0000,0.0000,0.0000,0.0000,0.0000,0.0000,0.0000
18.300,0.16805,0.15704,-0.17593,0.49973,0.00577,-0.09954,-0.23644,0.0000,0.0000,0.0000,0.0000,0.0000,0.0000,0.0000
18.320,0.16725,0.15630,-0.17509,0.49773,0.00574,-0.09906,-0.23531,0.0000,0.0000,0.0000,0.0000,0.0000,0.0000,0.0000
18.340,0.16645,0.15555,-0.17425,0.49573,0.00572,-0.09859,-0.23419,0.0000,0.0000,0.0000,0.0000,0.0000,0.0000,0.0000
18.360,0.16565,0.15480,-0.17341,0.49373,0.00569,-0.09812,-0.23306,0.0000,0.0000,0.0000,0.0000,0.0000,0.0000,0.0000
18.380,0.16484,0.15405,-0.17258,0.49173,0.00566,-0.09764,-0.23194,0.0000,0.0000,0.0000,0.0000,0.0000,0.0000,0.0000
18.400,0.16404,0.15330,-0.17174,0.48973,0.00563,-0.09717,-0.23081,0.0000,0.0000,0.0000,0.0000,0.0000,0.0000,0.0000
18.420,0.16324,0.15256,-0.17090,0.48773,0.00561,-0.09669,-0.22968,0.0000,0.0000,0.0000,0.0000,0.0000,0.0000,0.0000
18.440,0.16244,0.15181,-0.17006,0.48573,0.00558,-0.09622,-0.22856,0.0000,0.0000,0.0000,0.0000,0.0000,0.0000,0.0000
18.460,0.16164,0.15106,-0.16922,0.48373,0.00555,-0.09574,-0.22743,0.0000,0.0000,0.0000,0.0000,0.0000,0.0000,0.0000
18.480,0.16084,0.15031,-0.16839,0.48173,0.00552,-0.09527,-0.22630,0.0000,0.0000,0.0000,0.0000,0.0000,0.0000,0.0000
18.500,0.16004,0.14956,-0.16755,0.47973,0.00550,-0.09480,-0.22518,0.0000,0.0000,0.0000,0.0000,0.0000,0.0000,0.0000
18.520,0.15924,0.14881,-0.16671,0.47773,0.00547,-0.09432,-0.22405,0.0000,0.0000,0.0000,0.0000,0.0000,0.0000,0.0000
18.540,0.15844,0.14807,-0.16587,0.47573,0.00544,-0.09385,-0.22293,0.0000,0.0000,0.0000,0.0000,0.0000,0.0000,0.0000
18.560,0.15764,0.14732,-0.16503,0.47373,0.00541,-0.09337,-0.22180,0.0000,0.0000,0.0000,0.0000,0.0000,0.0000,0.0000
18.580,0.15684,0.14657,-0.16420,0.47173,0.00539,-0.09290,-0.22067,0.0000,0.0000,0.0000,0.0000,0.0000,0.0000,0.0000
18.600,0.15604,0.14582,-0.16336,0.46973,0.00536,-0.09243,-0.21955,0.0000,0.0000,0.0000,0.0000,0.0000,0.0000,0.0000
18.620,0.15524,0.14507,-0.16252,0.46773,0.00533,-0.09195,-0.21842,0.0000,0.0000,0.0000,0.0000,0.0000,0.0000,0.0000
18.640,0.15444,0.14433,-0.16168,0.46573,0.00530,-0.09148,-0.21729,0.0000,0.0000,0.0000,0.0000,0.0000,0.0000,0.0000
18.660,0.15364,0.14358,-0.16084,0.46373,0.00528,-0.09100,-0.21617,0.0000,0.0000,0.0000,0.0000,0.0000,0.0000,0.0000
18.680,0.15284,0.14283,-0.16001,0.46173,0.00525,-0.09053,-0.21504,0.0000,0.0000,0.0000,0.0000,0.0000,0.0000,0.0000
18.700,0.15204,0.14208,-0.15917,0.45973,0.00522,-0.09006,-0.21392,0.0000,0.0000,0.0000,0.0000,0.0000,0.0000,0.0000
18.720,0.15124,0.14133,-0.15833,0.45773,0.00519,-0.08958,-0.21279,0.0000,0.0000,0.0000,0.0000,0.0000,0.0000,0.0000
18.740,0.15044,0.14059,-0.15749,0.45573,0.00517,-0.08911,-0.21166,0.0000,0.0000,0.0000,0.0000,0.0000,0.0000,0.0000
18.760,0.14964,0.13984,-0.15665,0.45373,0.00514,-0.08863,-0.21054,0.0000,0.0000,0.0000,0.0000,0.0000,0.0000,0.0000
18.780,0.14884,0.13909,-0.15582,0.45173,0.00511,-0.08816,-0.20941,0.0000,0.0000,0.0000,0.0000,0.0000,0.0000,0.0000
18.800,0.14803,0.13834,-0.15498,0.44973,0.00508,-0.08768,-0.20828,0.0000,0.0000,0.0000,0.0000,0.0000,0.0000,0.0000
18.820,0.14723,0.13759,-0.15414,0.44773,0.00506,-0.08721,-0.20716,0.0000,0.0000,0.0000,0.0000,0.0000,0.0000,0.0000
18.840,0.14643,0.13685,-0.15330,0.44573,0.00503,-0.08674,-0.20603,0.0000,0.0000,0.0000,0.0000,0.0000,0.0000,0.0000
18.860,0.14563,0.13610,-0.15246,0.44373,0.00500,-0.08626,-0.20491,0.0000,0.0000,0.0000,0.0000,0.0000,0.0000,0.0000
18.880,0.14483,0.13535,-0.15163,0.44173,0.00497,-0.08579,-0.20378,0.0000,0.0000,0.0000,0.0000,0.0000,0.0000,0.0000
18.900,0.14403,0.13460,-0.15079,0.43973,0.00495,-0.08531,-0.20265,0.0000,0.0000,0.0000,0.0000,0.0000,0.0000,0.0000
18.920,0.14323,0.13385,-0.14995,0.43773,0.00492,-0.08484,-0.20153,0.0000,0.0000,0.0000,0.0000,0.0000,0.0000,0.0000
18.940,0.14243,0.13311,-0.14911,0.43573,0.00489,-0.08437,-0.20040,0.0000,0.0000,0.0000,0.0000,0.0000,0.0000,0.0000
18.960,0.14163,0.13236,-0.14827,0.43373,0.00486,-0.08389,-0.19927,0.0000,0.0000,0.0000,0.0000,0.0000,0.0000,0.0000
18.980,0.14083,0.13161,-0.14744,0.43173,0.00484,-0.08342,-0.19815,0.0000,0.0000,0.0000,0.0000,0.0000,0.0000,0.0000
19.000,0.14003,0.13086,-0.14660,0.42973,0.00481,-0.08294,-0.19702,0.0000,0.0000,0.0000,0.0000,0.0000,0.0000,0.0000
19.020,0.13923,0.13011,-0.14576,0.42773,0.00478,-0.08247,-0.19590,0.0000,0.0000,0.0000,0.0000,0.0000,0.0000,0.0000
19.040,0.13843,0.12936,-0.14492,0.42573,0.00475,-0.08199,-0.19477,0.0000,0.0000,0.0000,0.0000,0.0000,0.0000,0.0000
19.060,0.13763,0.12862,-0.14408,0.42373,0.00473,-0.08152,-0.19364,0.0000,0.0000,0.0000,0.0000,0.0000,0.0000,0.0000
19.080,0.13683,0.12787,-0.14325,0.42173,0.00470,-0.08105,-0.19252,0.0000,0.0000,0.0000,0.0000,0.0000,0.0000,0.0000
19.100,0.13603,0.12712,-0.14241,0.41973,0.00467,-0.08057,-0.19139,0.0000,0.0000,0.0000,0.0000,0.0000,0.0000,0.0000
19.120,0.13523,0.12637,-0.14157,0.41773,0.00464,-0.08010,-0.19026,0.0000,0.0000,0.0000,0.0000,0.0000,0.0000,0.0000
19.140,0.13443,0.12562,-0.14073,0.41573,0.00462,-0.07962,-0.18914,0.0000,0.0000,0.0000,0.0000,0.0000,0.0000,0.0000
19.160,0.13363,0.12488,-0.13989,0.41373,0.00459,-0.07915,-0.18801,0.0000,0.0000,0.0000,0.0000,0.0000,0.0000,0.0000
19.180,0.13283,0.12413,-0.13906,0.41173,0.00456,-0.07868,-0.18688,0.0000,0.0000,0.0000,0.0000,0.0000,0.0000,0.0000
19.200,0.13203,0.12338,-0.13822,0.40973,0.00453,-0.07820,-0.18576,0.0000,0.0000,0.0000,0.0000,0.0000,0.0000,0.0000
19.220,0.13122,0.12263,-0.13738,0.40773,0.00451,-0.07773,-0.18463,0.0000,0.0000,0.0000,0.0000,0.0000,0.0000,0.0000
19.240,0.13042,0.12188,-0.13654,0.40573,0.00448,-0.07725,-0.18351,0.0000,0.0000,0.0000,0.0000,0.0000,0.0000,0.0000
19.260,0.12962,0.12114,-0.13570,0.40373,0.00445,-0.07678,-0.18238,0.0000,0.0000,0.0000,0.0000,0.0000,0.0000,0.0000
19.280,0.12882,0.12039,-0.13487,0.40173,0.00442,-0.07630,-0.18125,0.0000,0.0000,0.0000,0.0000,0.0000,0.0000,0.0000
19.300,0.12802,0.11964,-0.13403,0.39973,0.00440,-0.07583,-0.18013,0.0000,0.0000,0.0000,0.0000,0.0000,0.0000,0.0000
19.320,0.12722,0.11889,-0.13319,0.39773,0.00437,-0.07536,-0.17900,0.0000,0.0000,0.0000,0.0000,0.0000,0.0000,0.0000
19.340,0.12642,0.11814,-0.13235,0.39573,0.00434,-0.07488,-0.17787,0.0000,0.0000,0.0000,0.0000,0.0000,0.0000,0.0000
19.360,0.12562,0.11740,-0.13151,0.39373,0.00431,-0.07441,-0.17675,0.0000,0.0000,0.0000,0.0000,0.0000,0.0000,0.0000
19.380,0.12482,0.11665,-0.13068,0.39173,0.00429,-0.07393,-0.17562,0.0000,0.0000,0.0000,0.0000,0.0000,0.0000,0.0000
19.400,0.12402,0.11590,-0.12984,0.38973,0.00426,-0.07346,-0.17450,0.0000,0.0000,0.0000,0.0000,0.0000,0.0000,0.0000
19.420,0.12322,0.11515,-0.12900,0.38773,0.00423,-0.07299,-0.17337,0.0000,0.0000,0.0000,0.0000,0.0000,0.0000,0.0000
19.440,0.12242,0.11440,-0.12816,0.38573,0.00420,-0.07251,-0.17224,0.0000,0.0000,0.0000,0.0000,0.0000,0.0000,0.0000
19.460,0.12162,0.11366,-0.12732,0.38373,0.00418,-0.07204,-0.17112,0.0000,0.0000,0.0000,0.0000,0.0000,0.0000,0.0000
19.480,0.12082,0.11291,-0.12649,0.38173,0.00415,-0.07156,-0.16999,0.0000,0.0000,0.0000,0.0000,0.0000,0.0000,0.0000
19.500,0.12002,0.11216,-0.12565,0.37973,0.00412,-0.07109,-0.16886,0.0000,0.0000,0.0000,0.0000,0.0000,0.0000,0.0000
19.520,0.11922,0.11141,-0.12481,0.37773,0.00409,-0.07062,-0.16774,0.0000,0.0000,0.0000,0.0000,0.0000,0.0000,0.0000
19.540,0.11842,0.11066,-0.12397,0.37573,0.00407,-0.07014,-0.16661,0.0000,0.0000,0.0000,0.0000,0.0000,0.0000,0.0000
19.560,0.11762,0.10992,-0.12313,0.37373,0.00404,-0.06967,-0.16549,0.0000,0.0000,0.0000,0.0000,0.0000,0.0000,0.0000
19.580,0.11682,0.10917,-0.12229,0.37173,0.00401,-0.06919,-0.16436,0.0000,0.0000,0.0000,0.0000,0.0000,0.0000,0.0000
19.600,0.11602,0.10842,-0.12146,0.36973,0.00398,-0.06872,-0.16323,0.0000,0.0000,0.0000,0.0000,0.0000,0.0000,0.0000
19.620,0.11521,0.10767,-0.12062,0.36773,0.00396,-0.06824,-0.16211,0.0000,0.0000,0.0000,0.0000,0.0000,0.0000,0.0000
19.640,0.11441,0.10692,-0.11978,0.36573,0.00393,-0.06777,-0.16098,0.0000,0.0000,0.0000,0.0000,0.0000,0.0000,0.0000
19.660,0.11361,0.10617,-0.11894,0.36373,0.00390,-0.06730,-0.15985,0.0000,0.0000,0.0000,0.0000,0.0000,0.0000,0.0000
19.680,0.11281,0.10543,-0.11810,0.36173,0.00387,-0.06682,-0.15873,0.0000,0.0000,0.0000,0.0000,0.0000,0.0000,0.0000
19.700,0.11201,0.10468,-0.11727,0.35973,0.00385,-0.06635,-0.15760,0.0000,0.0000,0.0000,0.0000,0.0000,0.0000,0.0000
19.720,0.11121,0.10393,-0.11643,0.35773,0.00382,-0.06587,-0.15648,0.0000,0.0000,0.0000,0.0000,0.0000,0.0000,0.0000
19.740,0.11041,0.10318,-0.11559,0.35573,0.00379,-0.06540,-0.15535,0.0000,0.0000,0.0000,0.0000,0.0000,0.0000,0.0000
19.760,0.10961,0.10243,-0.11475,0.35373,0.00376,-0.06493,-0.15422,0.0000,0.0000,0.0000,0.0000,0.0000,0.0000,0.0000
19.780,0.10881,0.10169,-0.11391,0.35173,0.00374,-0.06445,-0.15310,0.0000,0.0000,0.0000,0.0000,0.0000,0.0000,0.0000
19.800,0.10801,0.10094,-0.11308,0.34973,0.00371,-0.06398,-0.15197,0.0000,0.0000,0.0000,0.0000,0.0000,0.0000,0.0000
19.820,0.10721,0.10019,-0.11224,0.34773,0.00368,-0.06350,-0.15084,0.0000,0.0000,0.0000,0.0000,0.0000,0.0000,0.0000
19.840,0.10641,0.09944,-0.11140,0.34573,0.00365,-0.06303,-0.14972,0.0000,0.0000,0.0000,0.0000,0.0000,0.0000,0.0000
19.860,0.10561,0.09869,-0.11056,0.34373,0.00363,-0.06255,-0.14859,0.0000,0.0000,0.0000,0.0000,0.0000,0.0000,0.0000
19.880,0.10481,0.09795,-0.10972,0.34173,0.00360,-0.06208,-0.14747,0.0000,0.0000,0.0000,0.0000,0.0000,0.0000,0.0000
19.900,0.10401,0.09720,-0.10889,0.33973,0.00357,-0.06161,-0.14634,0.0000,0.0000,0.0000,0.0000,0.0000,0.0000,0.0000
19.920,0.10321,0.09645,-0.10805,0.33773,0.00354,-0.06113,-0.14521,0.0000,0.0000,0.0000,0.0000,0.0000,0.0000,0.0000
19.940,0.10241,0.09570,-0.10721,0.33573,0.00352,-0.06066,-0.14409,0.0000,0.0000,0.0000,0.0000,0.0000,0.0000,0.0000
19.960,0.10161,0.09495,-0.10637,0.33373,0.00349,-0.06018,-0.14296,0.0000,0.0000,0.0000,0.0000,0.0000,0.0000,0.0000
19.980,0.10081,0.09421,-0.10553,0.33173,0.00346,-0.05971,-0.14183,0.0000,0.0000,0.0000,0.0000,0.0000,0.0000,0.0000
20.000,0.10001,0.09346,-0.10470,0.32973,0.00343,-0.05924,-0.14071,0.0000,0.0000,0.0000,0.0000,0.0000,0.0000,0.0000
20.020,0.09921,0.09271,-0.10386,0.32773,0.00341,-0.05876,-0.13958,0.0000,0.0000,0.0000,0.0000,0.0000,0.0000,0.0000
20.040,0.09840,0.09196,-0.10302,0.32573,0.00338,-0.05829,-0.13845,0.0000,0.0000,0.0000,0.0000,0.0000,0.0000,0.0000
20.060,0.09760,0.09121,-0.10218,0.32373,0.00335,-0.05781,-0.13733,0.0000,0.0000,0.0000,0.0000,0.0000,0.0000,0.0000
20.080,0.09680,0.09047,-0.10134,0.32173,0.00332,-0.05734,-0.13620,0.0000,0.0000,0.0000,0.0000,0.0000,0.0000,0.0000
20.100,0.09600,0.08972,-0.10051,0.31973,0.00330,-0.05686,-0.13508,0.0000,0.0000,0.0000,0.0000,0.0000,0.0000,0.0000
20.120,0.09520,0.08897,-0.09967,0.31773,0.00327,-0.05639,-0.13395,0.0000,0.0000,0.0000,0.0000,0.0000,0.0000,0.0000
20.140,0.09440,0.08822,-0.09883,0.31573,0.00324,-0.05592,-0.13282,0.0000,0.0000,0.0000,0.0000,0.0000,0.0000,0.0000
20.160,0.09360,0.08747,-0.09799,0.31373,0.00321,-0.05544,-0.13170,0.0000,0.0000,0.0000,0.0000,0.0000,0.0000,0.0000
20.180,0.09280,0.08672,-0.09715,0.31173,0.00319,-0.05497,-0.13057,0.0000,0.0000,0.0000,0.0000,0.0000,0.0000,0.0000
20.200,0.09200,0.08598,-0.09632,0.30973,0.00316,-0.05449,-0.12944,0.0000,0.0000,0.0000,0.0000,0.0000,0.0000,0.0000
20.220,0.09120,0.08523,-0.09548,0.30773,0.00313,-0.05402,-0.12832,0.0000,0.0000,0.0000,0.0000,0.0000,0.0000,0.0000
20.240,0.09040,0.08448,-0.09464,0.30573,0.00310,-0.05355,-0.12719,0.0000,0.0000,0.0000,0.0000,0.0000,0.0000,0.0000
20.260,0.08960,0.08373,-0.09380,0.30373,0.00308,-0.05307,-0.12607,0.0000,0.0000,0.0000,0.0000,0.0000,0.0000,0.0000
20.280,0.08880,0.08298,-0.09296,0.30173,0.00305,-0.05260,-0.12494,0.0000,0.0000,0.0000,0.0000,0.0000,0.0000,0.0000
20.300,0.08800,0.08224,-0.09213,0.29973,0.00302,-0.05212,-0.12381,0.0000,0.0000,0.0000,0.0000,0.0000,0.0000,0.0000
20.320,0.08720,0.08149,-0.09129,0.29773,0.00299,-0.05165,-0.12269,0.0000,0.0000,0.0000,0.0000,0.0000,0.0000,0.0000
20.340,0.08640,0.08074,-0.09045,0.29573,0.00297,-0.05118,-0.12156,0.0000,0.0000,0.0000,0.0000,0.0000,0.0000,0.0000
20.360,0.08560,0.07999,-0.08961,0.29373,0.00294,-0.05070,-0.12043,0.0000,0.0000,0.0000,0.0000,0.0000,0.0000,0.0000
20.380,0.08480,0.07924,-0.08877,0.29173,0.00291,-0.05023,-0.11931,0.0000,0.0000,0.0000,0.0000,0.0000,0.0000,0.0000
20.400,0.08400,0.07850,-0.08794,0.28973,0.00288,-0.04975,-0.11818,0.0000,0.0000,0.0000,0.0000,0.0000,0.0000,0.0000
20.420,0.08320,0.07775,-0.08710,0.28773,0.00286,-0.04928,-0.11706,0.0000,0.0000,0.0000,0.0000,0.0000,0.0000,0.0000
20.440,0.08239,0.07700,-0.08626,0.28573,0.00283,-0.04880,-0.11593,0.0000,0.0000,0.0000,0.0000,0.0000,0.0000,0.0000
20.460,0.08159,0.07625,-0.08542,0.28373,0.00280,-0.04833,-0.11480,0.0000,0.0000,0.0000,0.0000,0.0000,0.0000,0.0000
20.480,0.08079,0.07550,-0.08458,0.28173,0.00277,-0.04786,-0.11368,0.0000,0.0000,0.0000,0.0000,0.0000,0.0000,0.0000
20.500,0.07999,0.07476,-0.08375,0.27973,0.00275,-0.04738,-0.11255,0.0000,0.0000,0.0000,0.0000,0.0000,0.0000,0.0000
20.520,0.07919,0.07401,-0.08291,0.27773,0.00272,-0.04691,-0.11142,0.0000,0.0000,0.0000,0.0000,0.0000,0.0000,0.0000
20.540,0.07839,0.07326,-0.08207,0.27573,0.00269,-0.04643,-0.11030,0.0000,0.0000,0.0000,0.0000,0.0000,0.0000,0.0000
20.560,0.07759,0.07251,-0.08123,0.27373,0.00266,-0.04596,-0.10917,0.0000,0.0000,0.0000,0.0000,0.0000,0.0000,0.0000
20.580,0.07679,0.07176,-0.08039,0.27173,0.00264,-0.04549,-0.10805,0.0000,0.0000,0.0000,0.0000,0.0000,0.0000,0.0000
20.600,0.07599,0.07102,-0.07956,0.26973,0.00261,-0.04501,-0.10692,0.0000,0.0000,0.0000,0.0000,0.0000,0.0000,0.0000
20.620,0.07519,0.07027,-0.07872,0.26773,0.00258,-0.04454,-0.10579,0.0000,0.0000,0.0000,0.0000,0.0000,0.0000,0.0000
20.640,0.07439,0.06952,-0.07788,0.26573,0.00255,-0.04406,-0.10467,0.0000,0.0000,0.0000,0.0000,0.0000,0.0000,0.0000
20.660,0.07359,0.06877,-0.07704,0.26373,0.00253,-0.04359,-0.10354,0.0000,0.0000,0.0000,0.0000,0.0000,0.0000,0.0000
20.680,0.07279,0.06802,-0.07620,0.26173,0.00250,-0.04311,-0.10241,0.0000,0.0000,0.0000,0.0000,0.0000,0.0000,0.0000
20.700,0.07199,0.06727,-0.07537,0.25973,0.00247,-0.04264,-0.10129,0.0000,0.0000,0.0000,0.0000,0.0000,0.0000,0.0000
20.720,0.07119,0.06653,-0.07453,0.25773,0.00244,-0.04217,-0.10016,0.0000,0.0000,0.0000,0.0000,0.0000,0.0000,0.0000
20.740,0.07039,0.06578,-0.07369,0.25573,0.00242,-0.04169,-0.09904,0.0000,0.0000,0.0000,0.0000,0.0000,0.0000,0.0000
20.760,0.06959,0.06503,-0.07285,0.25373,0.00239,-0.04122,-0.09791,0.0000,0.0000,0.0000,0.0000,0.0000,0.0000,0.0000
20.780,0.06879,0.06428,-0.07201,0.25173,0.00236,-0.04074,-0.09678,0.0000,0.0000,0.0000,0.0000,0.0000,0.0000,0.0000
20.800,0.06799,0.06353,-0.07118,0.24973,0.00233,-0.04027,-0.09566,0.0000,0.0000,0.0000,0.0000,0.0000,0.0000,0.0000
20.820,0.06719,0.06279,-0.07034,0.24773,0.00231,-0.03980,-0.09453,0.0000,0.0000,0.0000,0.0000,0.0000,0.0000,0.0000
20.840,0.06639,0.06204,-0.06950,0.24573,0.00228,-0.03932,-0.09340,0.0000,0.0000,0.0000,0.0000,0.0000,0.0000,0.0000
20.860,0.06558,0.06129,-0.06866,0.24373,0.00225,-0.03885,-0.09228,0.0000,0.0000,0.0000,0.0000,0.0000,0.0000,0.0000
20.880,0.06478,0.06054,-0.06782,0.24173,0.00223,-0.03837,-0.09115,0.0000,0.0000,0.0000,0.0000,0.0000,0.0000,0.0000
20.900,0.06398,0.05979,-0.06698,0.23973,0.00220,-0.03790,-0.09002,0.0000,0.0000,0.0000,0.0000,0.0000,0.0000,0.0000
20.920,0.06318,0.05905,-0.06615,0.23773,0.00217,-0.03742,-0.08890,0.0000,0.0000,0.0000,0.0000,0.0000,0.0000,0.0000
20.940,0.06238,0.05830,-0.06531,0.23573,0.00214,-0.03695,-0.08777,0.0000,0.0000,0.0000,0.0000,0.0000,0.0000,0.0000
20.960,0.06158,0.05755,-0.06447,0.23373,0.00212,-0.03648,-0.08665,0.0000,0.0000,0.0000,0.0000,0.0000,0.0000,0.0000
20.980,0.06078,0.05680,-0.06363,0.23173,0.00209,-0.03600,-0.08552,0.0000,0.0000,0.0000,0.0000,0.0000,0.0000,0.0000
21.000,0.05998,0.05605,-0.06279,0.22973,0.00206,-0.03553,-0.08439,0.0000,0.0000,0.0000,0.0000,0.0000,0.0000,0.0000
21.020,0.05918,0.05531,-0.06196,0.22773,0.00203,-0.03505,-0.08327,0.0000,0.0000,0.0000,0.0000,0.0000,0.0000,0.0000
21.040,0.05838,0.05456,-0.06112,0.22573,0.00201,-0.03458,-0.08214,0.0000,0.0000,0.0000,0.0000,0.0000,0.0000,0.0000
21.060,0.05758,0.05381,-0.06028,0.22373,0.00198,-0.03411,-0.08101,0.0000,0.0000,0.0000,0.0000,0.0000,0.0000,0.0000
21.080,0.05678,0.05306,-0.05944,0.22173,0.00195,-0.03363,-0.07989,0.0000,0.0000,0.0000,0.0000,0.0000,0.0000,0.0000
21.100,0.05598,0.05231,-0.05860,0.21973,0.00192,-0.03316,-0.07876,0.0000,0.0000,0.0000,0.0000,0.0000,0.0000,0.0000
21.120,0.05518,0.05157,-0.05777,0.21773,0.00190,-0.03268,-0.07764,0.0000,0.0000,0.0000,0.0000,0.0000,0.0000,0.0000
21.140,0.05438,0.05082,-0.05693,0.21573,0.00187,-0.03221,-0.07651,0.0000,0.0000,0.0000,0.0000,0.0000,0.0000,0.0000
21.160,0.05358,0.05007,-0.05609,0.21373,0.00184,-0.03174,-0.07538,0.0000,0.0000,0.0000,0.0000,0.0000,0.0000,0.0000
21.180,0.05278,0.04932,-0.05525,0.21173,0.00181,-0.03126,-0.07426,0.0000,0.0000,0.0000,0.0000,0.0000,0.0000,0.0000
21.200,0.05198,0.04857,-0.05441,0.20973,0.00179,-0.03079,-0.07313,0.0000,0.0000,0.0000,0.0000,0.0000,0.0000,0.0000
21.220,0.05118,0.04783,-0.05358,0.20773,0.00176,-0.03031,-0.07200,0.0000,0.0000,0.0000,0.0000,0.0000,0.0000,0.0000
21.240,0.05038,0.04708,-0.05274,0.20573,0.00173,-0.02984,-0.07088,0.0000,0.0000,0.0000,0.0000,0.0000,0.0000,0.0000
21.260,0.04958,0.04633,-0.05190,0.20373,0.00170,-0.02936,-0.06975,0.0000,0.0000,0.0000,0.0000,0.0000,0.0000,0.0000
21.280,0.04877,0.04558,-0.05106,0.20173,0.00168,-0.02889,-0.06863,0.0000,0.0000,0.0000,0.0000,0.0000,0.0000,0.0000
21.300,0.04797,0.04483,-0.05022,0.19973,0.00165,-0.02842,-0.06750,0.0000,0.0000,0.0000,0.0000,0.0000,0.0000,0.0000
21.320,0.04717,0.04408,-0.04939,0.19773,0.00162,-0.02794,-0.06637,0.0000,0.0000,0.0000,0.0000,0.0000,0.0000,0.0000
21.340,0.04637,0.04334,-0.04855,0.19573,0.00159,-0.02747,-0.06525,0.0000,0.0000,0.0000,0.0000,0.0000,0.0000,0.0000
21.360,0.04557,0.04259,-0.04771,0.19373,0.00157,-0.02699,-0.06412,0.0000,0.0000,0.0000,0.0000,0.0000,0.0000,0.0000
21.380,0.04477,0.04184,-0.04687,0.19173,0.00154,-0.02652,-0.06299,0.0000,0.0000,0.0000,0.0000,0.0000,0.0000,0.0000
21.400,0.04397,0.04109,-0.04603,0.18973,0.00151,-0.02605,-0.06187,0.0000,0.0000,0.0000,0.0000,0.0000,0.0000,0.0000
21.420,0.04317,0.04034,-0.04520,0.18773,0.00148,-0.02557,-0.06074,0.0000,0.0000,0.0000,0.0000,0.0000,0.0000,0.0000
21.440,0.04237,0.03960,-0.04436,0.18573,0.00146,-0.02510,-0.05962,0.0000,0.0000,0.0000,0.0000,0.0000,0.0000,0.0000
21.460,0.04157,0.03885,-0.04352,0.18373,0.00143,-0.02462,-0.05849,0.0000,0.0000,0.0000,0.0000,0.0000,0.0000,0.0000
21.480,0.04077,0.03810,-0.04268,0.18173,0.00140,-0.02415,-0.05736,0.0000,0.0000,0.0000,0.0000,0.0000,0.0000,0.0000
21.500,0.03997,0.03735,-0.04184,0.17973,0.00137,-0.02367,-0.05624,0.0000,0.0000,0.0000,0.0000,0.0000,0.0000,0.0000
21.520,0.03917,0.03660,-0.04101,0.17773,0.00135,-0.02320,-0.05511,0.0000,0.0000,0.0000,0.0000,0.0000,0.0000,0.0000
21.540,0.03837,0.03586,-0.04017,0.17573,0.00132,-0.02273,-0.05398,0.0000,0.0000,0.0000,0.0000,0.0000,0.0000,0.0000
21.560,0.03757,0.03511,-0.03933,0.17373,0.00129,-0.02225,-0.05286,0.0000,0.0000,0.0000,0.0000,0.0000,0.0000,0.0000
21.580,0.03677,0.03436,-0.03849,0.17173,0.00126,-0.02178,-0.05173,0.0000,0.0000,0.0000,0.0000,0.0000,0.0000,0.0000
21.600,0.03597,0.03361,-0.03765,0.16973,0.00124,-0.02130,-0.05061,0.0000,0.0000,0.0000,0.0000,0.0000,0.0000,0.0000
21.620,0.03517,0.03286,-0.03682,0.16773,0.00121,-0.02083,-0.04948,0.0000,0.0000,0.0000,0.0000,0.0000,0.0000,0.0000
21.640,0.03437,0.03212,-0.03598,0.16573,0.00118,-0.02036,-0.04835,0.0000,0.0000,0.0000,0.0000,0.0000,0.0000,0.0000
21.660,0.03357,0.03137,-0.03514,0.16373,0.00115,-0.01988,-0.04723,0.0000,0.0000,0.0000,0.0000,0.0000,0.0000,0.0000
21.680,0.03276,0.03062,-0.03430,0.16173,0.00113,-0.01941,-0.04610,0.0000,0.0000,0.0000,0.0000,0.0000,0.0000,0.0000
21.700,0.03196,0.02987,-0.03346,0.15973,0.00110,-0.01893,-0.04497,0.0000,0.0000,0.0000,0.0000,0.0000,0.0000,0.0000
21.720,0.03116,0.02912,-0.03263,0.15773,0.00107,-0.01846,-0.04385,0.0000,0.0000,0.0000,0.0000,0.0000,0.0000,0.0000
21.740,0.03036,0.02838,-0.03179,0.15573,0.00104,-0.01798,-0.04272,0.0000,0.0000,0.0000,0.0000,0.0000,0.0000,0.0000
21.760,0.02956,0.02763,-0.03095,0.15373,0.00102,-0.01751,-0.04160,0.0000,0.0000,0.0000,0.0000,0.0000,0.0000,0.0000
21.780,0.02878,0.02689,-0.03013,0.15176,0.00099,-0.01704,-0.04049,0.0000,0.0000,0.0000,0.0000,0.0000,0.0000,0.0000
21.800,0.02800,0.02616,-0.02931,0.14982,0.00096,-0.01658,-0.03939,0.0000,0.0000,0.0000,0.0000,0.0000,0.0000,0.0000
21.820,0.02723,0.02545,-0.02851,0.14790,0.00094,-0.01613,-0.03831,0.0000,0.0000,0.0000,0.0000,0.0000,0.0000,0.0000
21.840,0.02647,0.02474,-0.02771,0.14601,0.00091,-0.01568,-0.03725,0.0000,0.0000,0.0000,0.0000,0.0000,0.0000,0.0000
21.860,0.02573,0.02404,-0.02693,0.14414,0.00088,-0.01524,-0.03620,0.0000,0.0000,0.0000,0.0000,0.0000,0.0000,0.0000
21.880,0.02499,0.02335,-0.02616,0.14230,0.00086,-0.01480,-0.03516,0.0000,0.0000,0.0000,0.0000,0.0000,0.0000,0.0000
21.900,0.02427,0.02268,-0.02540,0.14049,0.00083,-0.01437,-0.03414,0.0000,0.0000,0.0000,0.0000,0.0000,0.0000,0.0000
21.920,0.02355,0.02201,-0.02466,0.13871,0.00081,-0.01395,-0.03314,0.0000,0.0000,0.0000,0.0000,0.0000,0.0000,0.0000
21.940,0.02285,0.02135,-0.02392,0.13695,0.00078,-0.01353,-0.03215,0.0000,0.0000,0.0000,0.0000,0.0000,0.0000,0.0000
21.960,0.02215,0.02070,-0.02319,0.13522,0.00076,-0.01312,-0.03117,0.0000,0.0000,0.0000,0.0000,0.0000,0.0000,0.0000
21.980,0.02147,0.02007,-0.02248,0.13351,0.00074,-0.01272,-0.03021,0.0000,0.0000,0.0000,0.0000,0.0000,0.0000,0.0000
22.000,0.02080,0.01944,-0.02178,0.13184,0.00071,-0.01232,-0.02927,0.0000,0.0000,0.0000,0.0000,0.0000,0.0000,0.0000
22.020,0.02014,0.01882,-0.02108,0.13018,0.00069,-0.01193,-0.02834,0.0000,0.0000,0.0000,0.0000,0.0000,0.0000,0.0000
22.040,0.01949,0.01821,-0.02040,0.12856,0.00067,-0.01154,-0.02742,0.0000,0.0000,0.0000,0.0000,0.0000,0.0000,0.0000
22.060,0.01885,0.01761,-0.01973,0.12696,0.00065,-0.01116,-0.02652,0.0000,0.0000,0.0000,0.0000,0.0000,0.0000,0.0000
22.080,0.01822,0.01703,-0.01907,0.12539,0.00063,-0.01079,-0.02564,0.0000,0.0000,0.0000,0.0000,0.0000,0.0000,0.0000
22.100,0.01760,0.01645,-0.01843,0.12384,0.00060,-0.01043,-0.02477,0.0000,0.0000,0.0000,0.0000,0.0000,0.0000,0.0000
22.120,0.01699,0.01588,-0.01779,0.12233,0.00058,-0.01007,-0.02391,0.0000,0.0000,0.0000,0.0000,0.0000,0.0000,0.0000
22.140,0.01640,0.01532,-0.01717,0.12083,0.00056,-0.00971,-0.02307,0.0000,0.0000,0.0000,0.0000,0.0000,0.0000,0.0000
22.160,0.01581,0.01478,-0.01655,0.11937,0.00054,-0.00937,-0.02225,0.0000,0.0000,0.0000,0.0000,0.0000,0.0000,0.0000
22.180,0.01524,0.01424,-0.01595,0.11793,0.00052,-0.00902,-0.02144,0.0000,0.0000,0.0000,0.0000,0.0000,0.0000,0.0000
22.200,0.01467,0.01371,-0.01536,0.11652,0.00050,-0.00869,-0.02064,0.0000,0.0000,0.0000,0.0000,0.0000,0.0000,0.0000
22.220,0.01412,0.01319,-0.01478,0.11514,0.00048,-0.00836,-0.01986,0.0000,0.0000,0.0000,0.0000,0.0000,0.0000,0.0000
22.240,0.01357,0.01268,-0.01421,0.11378,0.00047,-0.00804,-0.01910,0.0000,0.0000,0.0000,0.0000,0.0000,0.0000,0.0000
22.260,0.01304,0.01219,-0.01365,0.11245,0.00045,-0.00772,-0.01835,0.0000,0.0000,0.0000,0.0000,0.0000,0.0000,0.0000
22.280,0.01252,0.01170,-0.01310,0.11114,0.00043,-0.00741,-0.01761,0.0000,0.0000,0.0000,0.0000,0.0000,0.0000,0.0000
22.300,0.01201,0.01122,-0.01257,0.10986,0.00041,-0.00711,-0.01689,0.0000,0.0000,0.0000,0.0000,0.0000,0.0000,0.0000
22.320,0.01150,0.01075,-0.01204,0.10861,0.00040,-0.00681,-0.01619,0.0000,0.0000,0.0000,0.0000,0.0000,0.0000,0.0000
22.340,0.01101,0.01029,-0.01153,0.10739,0.00038,-0.00652,-0.01550,0.0000,0.0000,0.0000,0.0000,0.0000,0.0000,0.0000
22.360,0.01054,0.00985,-0.01103,0.10619,0.00036,-0.00624,-0.01482,0.0000,0.0000,0.0000,0.0000,0.0000,0.0000,0.0000
22.380,0.01007,0.00941,-0.01054,0.10502,0.00035,-0.00596,-0.01416,0.0000,0.0000,0.0000,0.0000,0.0000,0.0000,0.0000
22.400,0.00961,0.00898,-0.01006,0.10387,0.00033,-0.00569,-0.01352,0.0000,0.0000,0.0000,0.0000,0.0000,0.0000,0.0000
22.420,0.00916,0.00856,-0.00959,0.10275,0.00031,-0.00543,-0.01289,0.0000,0.0000,0.0000,0.0000,0.0000,0.0000,0.0000
22.440,0.00872,0.00815,-0.00913,0.10166,0.00030,-0.00517,-0.01227,0.0000,0.0000,0.0000,0.0000,0.0000,0.0000,0.0000
22.460,0.00830,0.00775,-0.00869,0.10060,0.00028,-0.00491,-0.01167,0.0000,0.0000,0.0000,0.0000,0.0000,0.0000,0.0000
22.480,0.00788,0.00737,-0.00825,0.09956,0.00027,-0.00467,-0.01109,0.0000,0.0000,0.0000,0.0000,0.0000,0.0000,0.0000
22.500,0.00748,0.00699,-0.00783,0.09855,0.00026,-0.00443,-0.01052,0.0000,0.0000,0.0000,0.0000,0.0000,0.0000,0.0000
22.520,0.00708,0.00662,-0.00742,0.09756,0.00024,-0.00420,-0.00997,0.0000,0.0000,0.0000,0.0000,0.0000,0.0000,0.0000
22.540,0.00670,0.00626,-0.00701,0.09660,0.00023,-0.00397,-0.00943,0.0000,0.0000,0.0000,0.0000,0.0000,0.0000,0.0000
22.560,0.00633,0.00591,-0.00662,0.09567,0.00022,-0.00375,-0.00890,0.0000,0.0000,0.0000,0.0000,0.0000,0.0000,0.0000
22.580,0.00596,0.00557,-0.00624,0.09477,0.00020,-0.00353,-0.00839,0.0000,0.0000,0.0000,0.0000,0.0000,0.0000,0.0000
22.600,0.00561,0.00525,-0.00588,0.09389,0.00019,-0.00332,-0.00790,0.0000,0.0000,0.0000,0.0000,0.0000,0.0000,0.0000
22.620,0.00527,0.00493,-0.00552,0.09304,0.00018,-0.00312,-0.00742,0.0000,0.0000,0.0000,0.0000,0.0000,0.0000,0.0000
22.640,0.00494,0.00462,-0.00517,0.09221,0.00017,-0.00293,-0.00695,0.0000,0.0000,0.0000,0.0000,0.0000,0.0000,0.0000
22.660,0.00462,0.00432,-0.00484,0.09142,0.00016,-0.00274,-0.00650,0.0000,0.0000,0.0000,0.0000,0.0000,0.0000,0.0000
22.680,0.00431,0.00403,-0.00452,0.09064,0.00015,-0.00256,-0.00607,0.0000,0.0000,0.0000,0.0000,0.0000,0.0000,0.0000
22.700,0.00402,0.00375,-0.00420,0.08990,0.00014,-0.00238,-0.00565,0.0000,0.0000,0.0000,0.0000,0.0000,0.0000,0.0000
22.720,0.00373,0.00348,-0.00390,0.08918,0.00013,-0.00221,-0.00525,0.0000,0.0000,0.0000,0.0000,0.0000,0.0000,0.0000
22.740,0.00345,0.00323,-0.00361,0.08849,0.00012,-0.00204,-0.00486,0.0000,0.0000,0.0000,0.0000,0.0000,0.0000,0.0000
22.760,0.00319,0.00298,-0.00333,0.08782,0.00011,-0.00189,-0.00448,0.0000,0.0000,0.0000,0.0000,0.0000,0.0000,0.0000
22.780,0.00293,0.00274,-0.00307,0.08719,0.00010,-0.00174,-0.00412,0.0000,0.0000,0.0000,0.0000,0.0000,0.0000,0.0000
22.800,0.00269,0.00251,-0.00281,0.08658,0.00009,-0.00159,-0.00378,0.0000,0.0000,0.0000,0.0000,0.0000,0.0000,0.0000
22.820,0.00245,0.00229,-0.00257,0.08599,0.00008,-0.00145,-0.00345,0.0000,0.0000,0.0000,0.0000,0.0000,0.0000,0.0000
22.840,0.00223,0.00208,-0.00233,0.08543,0.00008,-0.00132,-0.00313,0.0000,0.0000,0.0000,0.0000,0.0000,0.0000,0.0000
22.860,0.00201,0.00188,-0.00211,0.08490,0.00007,-0.00119,-0.00284,0.0000,0.0000,0.0000,0.0000,0.0000,0.0000,0.0000
22.880,0.00181,0.00169,-0.00190,0.08440,0.00006,-0.00107,-0.00255,0.0000,0.0000,0.0000,0.0000,0.0000,0.0000,0.0000
22.900,0.00162,0.00152,-0.00170,0.08392,0.00006,-0.00096,-0.00228,0.0000,0.0000,0.0000,0.0000,0.0000,0.0000,0.0000
22.920,0.00144,0.00135,-0.00151,0.08347,0.00005,-0.00085,-0.00203,0.0000,0.0000,0.0000,0.0000,0.0000,0.0000,0.0000
22.940,0.00127,0.00119,-0.00133,0.08304,0.00004,-0.00075,-0.00179,0.0000,0.0000,0.0000,0.0000,0.0000,0.0000,0.0000
22.960,0.00111,0.00104,-0.00116,0.08264,0.00004,-0.00066,-0.00156,0.0000,0.0000,0.0000,0.0000,0.0000,0.0000,0.0000
22.980,0.00096,0.00090,-0.00101,0.08227,0.00003,-0.00057,-0.00135,0.0000,0.0000,0.0000,0.0000,0.0000,0.0000,0.0000
23.000,0.00082,0.00077,-0.00086,0.08193,0.00003,-0.00049,-0.00116,0.0000,0.0000,0.0000,0.0000,0.0000,0.0000,0.0000
23.020,0.00070,0.00065,-0.00073,0.08161,0.00002,-0.00041,-0.00098,0.0000,0.0000,0.0000,0.0000,0.0000,0.0000,0.0000
23.040,0.00058,0.00054,-0.00061,0.08132,0.00002,-0.00034,-0.00082,0.0000,0.0000,0.0000,0.0000,0.0000,0.0000,0.0000
23.060,0.00047,0.00044,-0.00050,0.08105,0.00002,-0.00028,-0.00067,0.0000,0.0000,0.0000,0.0000,0.0000,0.0000,0.0000
23.080,0.00038,0.00035,-0.00040,0.08081,0.00001,-0.00022,-0.00053,0.0000,0.0000,0.0000,0.0000,0.0000,0.0000,0.0000
23.100,0.00029,0.00028,-0.00031,0.08060,0.00001,-0.00017,-0.00041,0.0000,0.0000,0.0000,0.0000,0.0000,0.0000,0.0000
23.120,0.00022,0.00021,-0.00023,0.08042,0.00001,-0.00013,-0.00031,0.0000,0.0000,0.0000,0.0000,0.0000,0.0000,0.0000
23.140,0.00016,0.00015,-0.00016,0.08026,0.00001,-0.00009,-0.00022,0.0000,0.0000,0.0000,0.0000,0.0000,0.0000,0.0000
23.160,0.00010,0.00010,-0.00011,0.08013,0.00000,-0.00006,-0.00015,0.0000,0.0000,0.0000,0.0000,0.0000,0.0000,0.0000
23.180,0.00006,0.00006,-0.00007,0.08002,0.00000,-0.00004,-0.00009,0.0000,0.0000,0.0000,0.0000,0.0000,0.0000,0.0000
23.200,0.00003,0.00003,-0.00003,0.07995,0.00000,-0.00002,-0.00004,0.0000,0.0000,0.0000,0.0000,0.0000,0.0000,0.0000
23.220,0.00001,0.00001,-0.00001,0.07989,0.00000,-0.00001,-0.00002,0.0000,0.0000,0.0000,0.0000,0.0000,0.0000,0.0000
23.240,0.00000,0.00000,-0.00000,0.07987,0.00000,-0.00000,-0.00000,0.0000,0.0000,0.0000,0.0000,0.0000,0.0000,0.0000
23.260,0.00000,0.00000,0.00000,0.07987,0.00000,0.00000,0.00000,0.0000,0.0000,0.0000,0.0000,0.0000,0.0000,0.0000
23.280,0.00000,0.00000,0.00000,0.07987,0.00000,0.00000,0.00000,0.0000,0.0000,0.0000,0.0000,0.0000,0.0000,0.0000
23.300,0.00000,0.00000,0.00000,0.07987,0.00000,0.00000,0.00000,0.0000,0.0000,0.0000,0.0000,0.0000,0.0000,0.0000
23.320,0.00000,0.00000,0.00000,0.07987,0.00000,0.00000,0.00000,0.0000,0.0000,0.0000,0.0000,0.0000,0.0000,0.0000
23.340,0.00000,0.00000,0.00000,0.07987,0.00000,0.00000,0.00000,0.0000,0.0000,0.0000,0.0000,0.0000,0.0000,0.0000
23.360,0.00000,0.00000,0.00000,0.07987,0.00000,0.00000,0.00000,0.0000,0.0000,0.0000,0.0000,0.0000,0.0000,0.0000
23.380,0.00000,0.00000,0.00000,0.07987,0.00000,0.00000,0.00000,0.0000,0.0000,0.0000,0.0000,0.0000,0.0000,0.0000
23.400,0.00000,0.00000,0.00000,0.07987,0.00000,0.00000,0.00000,0.0000,0.0000,0.0000,0.0000,0.0000,0.0000,0.0000
23.420,0.00000,0.00000,0.00000,0.07987,0.00000,0.00000,0.00000,0.0000,0.0000,0.0000,0.0000,0.0000,0.0000,0.0000
23.440,0.00000,0.00000,0.00000,0.07987,0.00000,0.00000,0.00000,0.0000,0.0000,0.0000,0.0000,0.0000,0.0000,0.0000
23.460,0.00000,0.00000,0.00000,0.07987,0.00000,0.00000,0.00000,0.0000,0.0000,0.0000,0.0000,0.0000,0.0000,0.0000
23.480,0.00000,0.00000,0.00000,0.07987,0.00000,0.00000,0.00000,0.0000,0.0000,0.0000,0.0000,0.0000,0.0000,0.0000
23.500,0.00000,0.00000,0.00000,0.07987,0.00000,0.00000,0.00000,0.0000,0.0000,0.0000,0.0000,0.0000,0.0000,0.0000
23.520,0.00000,0.00000,0.00000,0.07987,0.00000,0.00000,0.00000,0.0000,0.0000,0.0000,0.0000,0.0000,0.0000,0.0000
23.540,0.00000,0.00000,0.00000,0.07987,0.00000,0.00000,0.00000,0.0000,0.0000,0.0000,0.0000,0.0000,0.0000,0.0000
23.560,0.00000,0.00000,0.00000,0.07987,0.00000,0.00000,0.00000,0.0000,0.0000,0.0000,0.0000,0.0000,0.0000,0.0000
23.580,0.00000,0.00000,0.00000,0.07987,0.00000,0.00000,0.00000,0.0000,0.0000,0.0000,0.0000,0.0000,0.0000,0.0000
23.600,0.00000,0.00000,0.00000,0.07987,0.00000,0.00000,0.00000,0.0000,0.0000,0.0000,0.0000,0.0000,0.0000,0.0000
23.620,0.00000,0.00000,0.00000,0.07987,0.00000,0.00000,0.00000,0.0000,0.0000,0.0000,0.0000,0.0000,0.0000,0.0000
23.640,0.00000,0.00000,0.00000,0.07987,0.00000,0.00000,0.00000,0.0000,0.0000,0.0000,0.0000,0.0000,0.0000,0.0000
23.660,0.00000,0.00000,0.00000,0.07987,0.00000,0.00000,0.00000,0.0000,0.0000,0.0000,0.0000,0.0000,0.0000,0.0000
23.680,0.00000,0.00000,0.00000,0.07987,0.00000,0.00000,0.00000,0.0000,0.0000,0.0000,0.0000,0.0000,0.0000,0.0000
23.700,0.00000,0.00000,0.00000,0.07987,0.00000,0.00000,0.00000,0.0000,0.0000,0.0000,0.0000,0.0000,0.0000,0.0000
23.720,0.00000,0.00000,0.00000,0.07987,0.00000,0.00000,0.00000,0.0000,0.0000,0.0000,0.0000,0.0000,0.0000,0.0000
