t,idx,q1,q2,q3,q4,q5,q6,q7,cmd1,cmd2,cmd3,cmd4,cmd5,cmd6,cmd7,qref1,qref2,qref3,qref4,qref5,qref6,qref7,ff1,ff2,ff3,ff4,ff5,ff6,ff7
0.000000,0,0.00003,-0.00228,0.00001,0.07936,0.00039,-0.00037,0.00037,0.00160,0.00310,-0.00458,0.09732,-0.00416,-0.00253,-0.00243,0.00160,0.00310,-0.00458,0.08181,-0.00416,-0.00253,-0.00243,0.000,0.000,-0.000,0.000,-0.000,-0.000,0.000
0.100000,5,0.00003,-0.00152,-0.00114,0.08775,-0.00152,-0.00037,-0.00001,0.00135,0.00474,-0.00580,0.09732,-0.00427,-0.00231,-0.00130,0.00181,0.00350,-0.00517,0.08206,-0.00471,-0.00286,-0.00275,0.026,0.015,-0.005,0.032,-0.005,-0.009,0.002
0.200000,10,0.00232,0.00306,-0.00304,0.09271,-0.00228,-0.00037,-0.00001,0.00153,0.00742,-0.00809,0.09732,-0.00504,-0.00223,-0.00031,0.00218,0.00423,-0.00624,0.08251,-0.00568,-0.00345,-0.00332,0.055,0.036,-0.016,0.067,-0.016,-0.022,0.000
0.300000,15,0.00232,0.00344,-0.00762,0.09271,-0.00266,-0.00075,-0.00001,0.00202,0.01060,-0.01124,0.09732,-0.00666,-0.00248,0.00017,0.00285,0.00552,-0.00816,0.08333,-0.00742,-0.00451,-0.00434,0.095,0.074,-0.047,0.113,-0.046,-0.047,-0.013
0.400000,20,0.00232,0.00535,-0.01411,0.09385,-0.00457,-0.00190,-0.00001,0.00303,0.01472,-0.01573,0.09732,-0.00945,-0.00354,-0.00022,0.00404,0.00783,-0.01157,0.08477,-0.01052,-0.00639,-0.00615,0.146,0.128,-0.086,0.169,-0.084,-0.081,-0.033
0.500000,25,0.00270,0.01489,-0.02097,0.09500,-0.01067,-0.00381,-0.00001,0.00473,0.02013,-0.02194,0.09732,-0.01371,-0.00577,-0.00175,0.00594,0.01152,-0.01701,0.08708,-0.01548,-0.00939,-0.00904,0.218,0.209,-0.135,0.243,-0.134,-0.130,-0.068
0.600000,30,0.00308,0.02290,-0.03203,0.09576,-0.02441,-0.01029,-0.00268,0.00725,0.02710,-0.03023,0.09732,-0.01980,-0.00908,-0.00429,0.00859,0.01666,-0.02461,0.09030,-0.02239,-0.01359,-0.01308,0.306,0.303,-0.176,0.327,-0.178,-0.181,-0.103
0.700000,35,0.00842,0.03091,-0.04386,0.09690,-0.02975,-0.01868,-0.00573,0.01027,0.03520,-0.04012,0.09732,-0.02733,-0.01362,-0.00753,0.01182,0.02292,-0.03385,0.09423,-0.03080,-0.01870,-0.01800,0.406,0.411,-0.212,0.415,-0.217,-0.230,-0.133
0.800000,40,0.01376,0.03930,-0.05645,0.09881,-0.03814,-0.02517,-0.01184,0.01375,0.04403,-0.05109,0.10206,-0.03591,-0.01867,-0.01158,0.01549,0.03002,-0.04435,0.09868,-0.04035,-0.02449,-0.02358,0.521,0.536,-0.245,0.509,-0.254,-0.277,-0.161
0.900000,45,0.01910,0.04998,-0.06980,0.10530,-0.05263,-0.02975,-0.01985,0.01764,0.05365,-0.06328,0.10740,-0.04563,-0.02396,-0.01622,0.01947,0.03774,-0.05576,0.10352,-0.05072,-0.03079,-0.02964,0.650,0.678,-0.276,0.609,-0.290,-0.325,-0.185
1.000000,50,0.02253,0.06105,-0.08277,0.11216,-0.05874,-0.03814,-0.02404,0.02161,0.06331,-0.07575,0.11275,-0.05553,-0.03034,-0.02110,0.02365,0.04586,-0.06774,0.10860,-0.06163,-0.03741,-0.03601,0.792,0.837,-0.304,0.713,-0.325,-0.371,-0.207
1.100000,55,0.02482,0.07135,-0.09612,0.11636,-0.07514,-0.04691,-0.02976,0.02568,0.07338,-0.08842,0.11831,-0.06581,-0.03634,-0.02610,0.02796,0.05420,-0.08006,0.11382,-0.07283,-0.04421,-0.04256,0.860,0.921,-0.301,0.747,-0.327,-0.380,-0.207
1.200000,60,0.03016,0.08126,-0.10986,0.12323,-0.08239,-0.05263,-0.03549,0.02967,0.08339,-0.10135,0.12384,-0.07647,-0.04298,-0.03112,0.03231,0.06264,-0.09254,0.11912,-0.08419,-0.05111,-0.04920,0.928,1.005,-0.297,0.780,-0.329,-0.388,-0.205
1.300000,65,0.03627,0.09194,-0.12206,0.13009,-0.09460,-0.05798,-0.04197,0.03381,0.09369,-0.11452,0.12947,-0.08717,-0.04911,-0.03622,0.03670,0.07114,-0.10509,0.12444,-0.09560,-0.05804,-0.05587,0.995,1.088,-0.292,0.811,-0.330,-0.396,-0.203
1.400000,70,0.03818,0.10301,-0.13580,0.13391,-0.10566,-0.06408,-0.04769,0.03803,0.10391,-0.12768,0.13512,-0.09798,-0.05545,-0.04141,0.04108,0.07965,-0.11766,0.12977,-0.10704,-0.06498,-0.06255,1.062,1.170,-0.287,0.841,-0.331,-0.403,-0.201
1.500000,75,0.04352,0.11178,-0.14877,0.14192,-0.11367,-0.07247,-0.05227,0.04194,0.11373,-0.14041,0.14048,-0.10837,-0.06243,-0.04642,0.04547,0.08816,-0.13023,0.13510,-0.11847,-0.07192,-0.06923,1.129,1.252,-0.281,0.869,-0.332,-0.410,-0.199
1.600000,80,0.04962,0.12246,-0.16021,0.14611,-0.12740,-0.07857,-0.05685,0.04625,0.12210,-0.15255,0.14562,-0.11945,-0.06952,-0.05310,0.04986,0.09666,-0.14279,0.14043,-0.12990,-0.07886,-0.07591,1.197,1.385,-0.268,0.913,-0.326,-0.406,-0.189
1.700000,85,0.05343,0.13124,-0.17242,0.15298,-0.13580,-0.08353,-0.06105,0.05052,0.13037,-0.16484,0.15078,-0.13097,-0.07681,-0.05985,0.05424,0.10516,-0.15534,0.14576,-0.14132,-0.08579,-0.08259,1.263,1.517,-0.251,0.953,-0.317,-0.400,-0.179
1.800000,90,0.05610,0.14077,-0.18462,0.15794,-0.14762,-0.09040,-0.06829,0.05488,0.13877,-0.17721,0.15599,-0.14232,-0.08368,-0.06658,0.05863,0.11366,-0.16790,0.15108,-0.15274,-0.09273,-0.08926,1.327,1.647,-0.229,0.990,-0.307,-0.391,-0.169
1.900000,95,0.05954,0.15031,-0.19721,0.16290,-0.15945,-0.09917,-0.07592,0.05930,0.14721,-0.18955,0.16112,-0.15344,-0.09070,-0.07298,0.06301,0.12216,-0.18046,0.15641,-0.16417,-0.09966,-0.09594,1.388,1.775,-0.204,1.024,-0.296,-0.380,-0.158
2.000000,100,0.06679,0.15832,-0.20866,0.16786,-0.16631,-0.10528,-0.08012,0.06349,0.15554,-0.20171,0.16626,-0.16477,-0.09805,-0.07970,0.06740,0.13067,-0.19302,0.16174,-0.17560,-0.10660,-0.10262,1.447,1.903,-0.176,1.056,-0.283,-0.368,-0.146
2.100000,105,0.07175,0.16824,-0.21934,0.17358,-0.18234,-0.11024,-0.08660,0.06781,0.16398,-0.21406,0.17148,-0.17614,-0.10504,-0.08646,0.07179,0.13918,-0.20560,0.16707,-0.18704,-0.11355,-0.10930,1.503,2.029,-0.145,1.087,-0.269,-0.353,-0.135
2.200000,110,0.07251,0.17587,-0.23193,0.17854,-0.18997,-0.11634,-0.09309,0.07217,0.17219,-0.22637,0.17663,-0.18754,-0.11232,-0.09325,0.07619,0.14770,-0.21818,0.17241,-0.19849,-0.12050,-0.11599,1.558,2.154,-0.113,1.116,-0.254,-0.336,-0.123
2.300000,115,0.07785,0.18617,-0.24375,0.18312,-0.20255,-0.12550,-0.10224,0.07648,0.18060,-0.23855,0.18175,-0.19856,-0.11938,-0.09974,0.08059,0.15623,-0.23078,0.17775,-0.20995,-0.12745,-0.12269,1.610,2.279,-0.080,1.143,-0.238,-0.318,-0.111
2.400000,120,0.08586,0.19456,-0.25596,0.18960,-0.21285,-0.13084,-0.10644,0.08069,0.18918,-0.25096,0.18694,-0.21014,-0.12664,-0.10633,0.08499,0.16477,-0.24340,0.18310,-0.22143,-0.13442,-0.12940,1.659,2.403,-0.044,1.169,-0.221,-0.298,-0.099
2.500000,125,0.08891,0.20334,-0.26741,0.19456,-0.21972,-0.13503,-0.11293,0.08505,0.19734,-0.26320,0.19212,-0.22151,-0.13382,-0.11325,0.08940,0.17332,-0.25603,0.18846,-0.23292,-0.14140,-0.13611,1.707,2.527,-0.008,1.194,-0.204,-0.276,-0.087
2.600000,130,0.09006,0.21135,-0.27885,0.19990,-0.23536,-0.14190,-0.11750,0.08953,0.20597,-0.27582,0.19742,-0.23307,-0.14083,-0.11991,0.09382,0.18189,-0.26869,0.19383,-0.24444,-0.14839,-0.14284,1.751,2.650,0.029,1.217,-0.186,-0.252,-0.075
2.700000,135,0.09578,0.22203,-0.28953,0.20486,-0.24299,-0.15029,-0.12513,0.09358,0.21408,-0.28778,0.20239,-0.24409,-0.14865,-0.12648,0.09825,0.19048,-0.28137,0.19921,-0.25598,-0.15540,-0.14959,1.793,2.773,0.068,1.238,-0.167,-0.226,-0.062
2.800000,140,0.10264,0.23080,-0.30288,0.21097,-0.25520,-0.15678,-0.13200,0.09794,0.22262,-0.30016,0.20765,-0.25543,-0.15568,-0.13324,0.10269,0.19908,-0.29408,0.20460,-0.26754,-0.16242,-0.15635,1.832,2.895,0.107,1.258,-0.147,-0.198,-0.049
2.900000,145,0.10570,0.23919,-0.31509,0.21631,-0.26512,-0.16097,-0.13581,0.10239,0.23109,-0.31265,0.21290,-0.26718,-0.16296,-0.14006,0.10714,0.20771,-0.30683,0.21001,-0.27914,-0.16946,-0.16312,1.869,3.017,0.148,1.276,-0.127,-0.168,-0.036
3.000000,150,0.10760,0.24759,-0.32653,0.22088,-0.27351,-0.16746,-0.14344,0.10679,0.23949,-0.32516,0.21815,-0.27859,-0.17027,-0.14690,0.11160,0.21636,-0.31961,0.21543,-0.29076,-0.17651,-0.16992,1.902,3.138,0.190,1.292,-0.106,-0.137,-0.023
3.100000,155,0.11371,0.25712,-0.33836,0.22622,-0.28839,-0.17547,-0.15222,0.11122,0.24808,-0.33761,0.22342,-0.28991,-0.17732,-0.15356,0.11608,0.22504,-0.33243,0.22087,-0.30243,-0.18359,-0.17673,1.931,3.258,0.233,1.308,-0.085,-0.104,-0.010
3.200000,160,0.12019,0.26666,-0.34980,0.23156,-0.29602,-0.18043,-0.15794,0.11555,0.25668,-0.35022,0.22869,-0.30170,-0.18479,-0.16041,0.12057,0.23375,-0.34530,0.22632,-0.31413,-0.19070,-0.18357,1.957,3.378,0.277,1.321,-0.064,-0.069,0.003
3.300000,165,0.12210,0.27505,-0.36239,0.23729,-0.31051,-0.18615,-0.16214,0.12017,0.26539,-0.36301,0.23409,-0.31346,-0.19173,-0.16734,0.12508,0.24249,-0.35821,0.23180,-0.32588,-0.19783,-0.19043,1.980,3.498,0.322,1.333,-0.041,-0.032,0.017
3.400000,170,0.12477,0.28497,-0.37498,0.24186,-0.31890,-0.19225,-0.16938,0.12450,0.27391,-0.37563,0.23936,-0.32508,-0.19945,-0.17430,0.12961,0.25126,-0.37117,0.23730,-0.33767,-0.20499,-0.19733,1.998,3.617,0.368,1.343,-0.019,0.006,0.030
3.500000,175,0.13087,0.29222,-0.38757,0.24759,-0.33035,-0.19912,-0.17701,0.12883,0.28250,-0.38811,0.24460,-0.33649,-0.20700,-0.18103,0.13415,0.26007,-0.38418,0.24282,-0.34951,-0.21218,-0.20424,2.014,3.736,0.415,1.350,0.004,0.046,0.044
3.600000,180,0.13660,0.30290,-0.39940,0.25331,-0.34179,-0.20637,-0.18197,0.13327,0.29104,-0.40067,0.24994,-0.34813,-0.21458,-0.18808,0.13872,0.26893,-0.39726,0.24836,-0.36140,-0.21940,-0.21120,2.047,3.804,0.437,1.349,0.010,0.057,0.045
3.700000,185,0.13927,0.31129,-0.41084,0.25865,-0.34980,-0.21285,-0.18808,0.13774,0.29963,-0.41339,0.25523,-0.35995,-0.22220,-0.19485,0.14331,0.27782,-0.41040,0.25394,-0.37335,-0.22665,-0.21818,2.080,3.871,0.458,1.346,0.016,0.067,0.046
3.800000,190,0.14270,0.32007,-0.42381,0.26323,-0.36659,-0.22010,-0.19571,0.14229,0.30847,-0.42619,0.26066,-0.37173,-0.22960,-0.20181,0.14792,0.28676,-0.42360,0.25954,-0.38537,-0.23395,-0.22520,2.112,3.936,0.480,1.340,0.022,0.078,0.047
3.900000,195,0.15033,0.32693,-0.43678,0.26971,-0.37384,-0.22888,-0.20372,0.14672,0.31725,-0.43907,0.26601,-0.38350,-0.23757,-0.20859,0.15255,0.29575,-0.43688,0.26517,-0.39745,-0.24128,-0.23226,2.143,4.001,0.501,1.333,0.028,0.088,0.048
4.000000,200,0.15529,0.33685,-0.44861,0.27391,-0.39062,-0.23612,-0.21097,0.15133,0.32595,-0.45189,0.27147,-0.39536,-0.24503,-0.21581,0.15722,0.30479,-0.45024,0.27084,-0.40960,-0.24866,-0.23936,2.175,4.065,0.521,1.324,0.033,0.098,0.049
4.100000,205,0.15567,0.34486,-0.46234,0.28039,-0.39940,-0.24108,-0.21821,0.15610,0.33506,-0.46532,0.27713,-0.40776,-0.25221,-0.22302,0.16191,0.31389,-0.46368,0.27654,-0.42183,-0.25608,-0.24651,2.205,4.127,0.542,1.314,0.039,0.108,0.050
4.200000,210,0.16063,0.35554,-0.47493,0.28535,-0.41351,-0.25024,-0.22584,0.16066,0.34379,-0.47825,0.28260,-0.41952,-0.26009,-0.23029,0.16663,0.32305,-0.47720,0.28227,-0.43413,-0.26355,-0.25370,2.235,4.188,0.563,1.302,0.044,0.118,0.051
4.300000,215,0.16902,0.36432,-0.48828,0.29184,-0.42343,-0.25901,-0.23309,0.16510,0.35274,-0.49127,0.28803,-0.43172,-0.26835,-0.23730,0.17139,0.33227,-0.49083,0.28805,-0.44653,-0.27107,-0.26094,2.264,4.248,0.584,1.290,0.050,0.128,0.052
4.400000,220,0.17207,0.37233,-0.50125,0.29642,-0.43754,-0.26550,-0.24034,0.16993,0.36189,-0.50475,0.29380,-0.44414,-0.27563,-0.24483,0.17618,0.34156,-0.50455,0.29387,-0.45901,-0.27865,-0.26824,2.292,4.307,0.605,1.276,0.054,0.139,0.053
4.500000,225,0.17474,0.38110,-0.51422,0.30176,-0.44975,-0.27198,-0.24492,0.17472,0.37115,-0.51836,0.29953,-0.45672,-0.28353,-0.25228,0.18101,0.35092,-0.51838,0.29974,-0.47159,-0.28629,-0.27559,2.319,4.364,0.626,1.262,0.059,0.149,0.054
4.600000,230,0.18047,0.39026,-0.52872,0.30824,-0.46310,-0.28305,-0.25293,0.17946,0.38043,-0.53191,0.30517,-0.46907,-0.29143,-0.25934,0.18588,0.36036,-0.53232,0.30565,-0.48428,-0.29399,-0.28300,2.346,4.421,0.647,1.247,0.063,0.159,0.055
4.700000,235,0.18848,0.40170,-0.54207,0.31358,-0.47531,-0.28953,-0.26323,0.18421,0.38945,-0.54538,0.31088,-0.48152,-0.29986,-0.26698,0.19079,0.36988,-0.54639,0.31162,-0.49707,-0.30176,-0.29048,2.372,4.477,0.669,1.233,0.066,0.170,0.057
4.800000,240,0.18886,0.41048,-0.55542,0.31930,-0.48714,-0.29602,-0.27009,0.18912,0.39871,-0.55909,0.31663,-0.49421,-0.30779,-0.27448,0.19575,0.37949,-0.56058,0.31764,-0.50998,-0.30960,-0.29802,2.398,4.531,0.691,1.218,0.069,0.181,0.058
4.900000,245,0.19420,0.41887,-0.56953,0.32426,-0.50125,-0.30670,-0.27734,0.19401,0.40842,-0.57300,0.32249,-0.50696,-0.31586,-0.28186,0.20075,0.38919,-0.57491,0.32372,-0.52302,-0.31751,-0.30564,2.423,4.585,0.713,1.203,0.072,0.191,0.060
5.000000,250,0.20183,0.42726,-0.58403,0.33075,-0.51041,-0.31395,-0.28612,0.19889,0.41777,-0.58692,0.32838,-0.51978,-0.32440,-0.28956,0.20581,0.39899,-0.58939,0.32986,-0.53619,-0.32550,-0.31334,2.448,4.639,0.735,1.187,0.074,0.202,0.061
5.100000,255,0.20526,0.43832,-0.59738,0.33647,-0.52757,-0.32119,-0.29260,0.20385,0.42710,-0.60078,0.33424,-0.53263,-0.33290,-0.29741,0.21092,0.40889,-0.60402,0.33606,-0.54950,-0.33359,-0.32112,2.470,4.691,0.757,1.170,0.076,0.212,0.063
5.200000,260,0.20717,0.44939,-0.61111,0.34257,-0.53635,-0.33187,-0.29756,0.20895,0.43690,-0.61519,0.34029,-0.54590,-0.34124,-0.30515,0.21608,0.41891,-0.61882,0.34234,-0.56297,-0.34176,-0.32899,2.492,4.744,0.779,1.153,0.077,0.222,0.066
5.300000,265,0.21365,0.45740,-0.62523,0.34830,-0.55313,-0.33950,-0.30824,0.21414,0.44709,-0.62998,0.34653,-0.55961,-0.34945,-0.31303,0.22131,0.42905,-0.63379,0.34869,-0.57659,-0.35003,-0.33695,2.512,4.797,0.800,1.135,0.079,0.232,0.068
5.400000,270,0.22205,0.46808,-0.64049,0.35554,-0.56457,-0.34675,-0.31587,0.21927,0.45700,-0.64455,0.35275,-0.57297,-0.35811,-0.32123,0.22661,0.43931,-0.64896,0.35512,-0.59039,-0.35841,-0.34501,2.530,4.851,0.822,1.116,0.080,0.242,0.072
5.500000,275,0.22472,0.47724,-0.65575,0.36127,-0.57983,-0.35591,-0.32426,0.22471,0.46720,-0.65961,0.35908,-0.58687,-0.36670,-0.32933,0.23197,0.44972,-0.66433,0.36164,-0.60437,-0.36689,-0.35318,2.548,4.906,0.844,1.096,0.082,0.252,0.075
5.600000,280,0.22929,0.48868,-0.67062,0.36775,-0.59471,-0.36506,-0.33533,0.22996,0.47726,-0.67446,0.36534,-0.60047,-0.37577,-0.33749,0.23742,0.46027,-0.67991,0.36825,-0.61854,-0.37550,-0.36146,2.564,4.961,0.866,1.075,0.083,0.261,0.079
5.700000,285,0.23807,0.49936,-0.68512,0.37424,-0.60883,-0.37307,-0.34181,0.23522,0.48780,-0.68973,0.37179,-0.61470,-0.38507,-0.34578,0.24294,0.47097,-0.69572,0.37496,-0.63293,-0.38423,-0.36987,2.580,5.018,0.889,1.054,0.085,0.270,0.083
5.800000,290,0.24112,0.50775,-0.70152,0.38072,-0.62523,-0.38223,-0.34944,0.24086,0.49835,-0.70532,0.37839,-0.62899,-0.39383,-0.35435,0.24855,0.48185,-0.71179,0.38177,-0.64754,-0.39310,-0.37841,2.596,5.075,0.912,1.032,0.087,0.279,0.087
5.900000,295,0.24608,0.51882,-0.71640,0.38683,-0.63515,-0.39215,-0.35898,0.24629,0.50888,-0.72096,0.38497,-0.64352,-0.40381,-0.36301,0.25425,0.49290,-0.72812,0.38870,-0.66240,-0.40212,-0.38709,2.611,5.134,0.936,1.009,0.089,0.288,0.091
6.000000,300,0.25333,0.52988,-0.73319,0.39484,-0.65384,-0.40054,-0.36813,0.25193,0.51965,-0.73690,0.39180,-0.65826,-0.41299,-0.37212,0.26006,0.50416,-0.74475,0.39575,-0.67753,-0.41131,-0.39594,2.628,5.194,0.961,0.985,0.091,0.297,0.096
6.100000,305,0.25752,0.54132,-0.74921,0.39980,-0.66567,-0.41122,-0.37500,0.25780,0.53059,-0.75299,0.39860,-0.67323,-0.42269,-0.38090,0.26599,0.51565,-0.76173,0.40295,-0.69297,-0.42068,-0.40496,2.645,5.254,0.986,0.961,0.094,0.305,0.100
6.200000,310,0.26363,0.55200,-0.76561,0.40666,-0.68398,-0.42114,-0.38568,0.26383,0.54218,-0.76983,0.40578,-0.68858,-0.43231,-0.39000,0.27206,0.52742,-0.77911,0.41033,-0.70879,-0.43028,-0.41420,2.663,5.315,1.013,0.935,0.096,0.314,0.105
6.300000,315,0.27164,0.56269,-0.78278,0.41582,-0.69733,-0.43030,-0.39636,0.26987,0.55409,-0.78723,0.41315,-0.70449,-0.44267,-0.39956,0.27830,0.53953,-0.79700,0.41792,-0.72507,-0.44017,-0.42371,2.684,5.377,1.041,0.908,0.098,0.322,0.109
6.400000,320,0.27469,0.57756,-0.80071,0.42230,-0.71411,-0.44327,-0.40514,0.27621,0.56569,-0.80460,0.42063,-0.72066,-0.45337,-0.40974,0.28478,0.55208,-0.81554,0.42578,-0.74193,-0.45041,-0.43357,2.706,5.440,1.070,0.879,0.100,0.323,0.114
6.500000,325,0.28156,0.58824,-0.81940,0.42879,-0.73395,-0.45128,-0.41658,0.28287,0.57914,-0.82346,0.42875,-0.73810,-0.46363,-0.41972,0.29154,0.56520,-0.83491,0.43400,-0.75956,-0.46110,-0.44387,2.731,5.505,1.099,0.849,0.102,0.321,0.118
6.600000,330,0.29033,0.60121,-0.83924,0.43947,-0.74959,-0.46463,-0.42383,0.29009,0.59269,-0.84326,0.43717,-0.75591,-0.47544,-0.43034,0.29866,0.57901,-0.85531,0.44265,-0.77811,-0.47237,-0.45471,2.757,5.571,1.131,0.817,0.103,0.319,0.123
6.700000,335,0.29376,0.61647,-0.86022,0.44786,-0.76714,-0.47569,-0.43527,0.29758,0.60689,-0.86383,0.44605,-0.77497,-0.48779,-0.44180,0.30621,0.59363,-0.87691,0.45181,-0.79776,-0.48430,-0.46620,2.784,5.638,1.163,0.782,0.103,0.318,0.128
6.800000,340,0.30559,0.63250,-0.88234,0.45702,-0.78888,-0.49133,-0.45015,0.30543,0.62219,-0.88582,0.45556,-0.79490,-0.50043,-0.45400,0.31421,0.60913,-0.89982,0.46153,-0.81860,-0.49695,-0.47837,2.811,5.705,1.197,0.744,0.103,0.318,0.133
6.900000,345,0.31360,0.64623,-0.90600,0.46732,-0.81292,-0.50354,-0.46236,0.31381,0.63810,-0.90899,0.46562,-0.81628,-0.51371,-0.46723,0.32266,0.62552,-0.92402,0.47179,-0.84062,-0.51032,-0.49124,2.836,5.772,1.231,0.701,0.103,0.318,0.139
7.000000,350,0.32237,0.66416,-0.93041,0.47838,-0.83542,-0.51803,-0.47342,0.32273,0.65529,-0.93377,0.47614,-0.83894,-0.52779,-0.48046,0.33152,0.64270,-0.94940,0.48256,-0.86371,-0.52433,-0.50473,2.858,5.837,1.266,0.655,0.102,0.320,0.147
7.100000,355,0.33000,0.68247,-0.95673,0.48792,-0.85755,-0.53139,-0.48944,0.33191,0.67293,-0.95948,0.48712,-0.86257,-0.54239,-0.49445,0.34071,0.66053,-0.97574,0.49373,-0.88767,-0.53888,-0.51873,2.875,5.899,1.299,0.606,0.100,0.323,0.155
7.200000,360,0.33992,0.69811,-0.98305,0.50012,-0.88273,-0.54703,-0.50279,0.34125,0.69124,-0.98588,0.49838,-0.88692,-0.55734,-0.50879,0.35016,0.67884,-1.00278,0.50520,-0.91228,-0.55381,-0.53311,2.888,5.956,1.331,0.554,0.096,0.327,0.163
7.300000,365,0.34946,0.71756,-1.00976,0.51119,-0.90600,-0.56114,-0.51882,0.35076,0.70924,-1.01266,0.50969,-0.91165,-0.57308,-0.52356,0.35977,0.69747,-1.03030,0.51687,-0.93731,-0.56901,-0.54774,2.893,6.007,1.360,0.501,0.090,0.332,0.172
7.400000,370,0.36014,0.73549,-1.03646,0.52187,-0.93308,-0.57754,-0.53255,0.36020,0.72730,-1.03947,0.52087,-0.93630,-0.58912,-0.53787,0.36948,0.71629,-1.05810,0.52866,-0.96260,-0.58437,-0.56253,2.891,6.053,1.384,0.446,0.082,0.337,0.181
7.500000,375,0.36853,0.75457,-1.06354,0.53293,-0.95444,-0.59509,-0.54514,0.36979,0.74533,-1.06661,0.53227,-0.96149,-0.60534,-0.55287,0.37924,0.73521,-1.08606,0.54052,-0.98804,-0.59981,-0.57739,2.880,6.092,1.403,0.391,0.071,0.343,0.190
7.600000,380,0.37693,0.77097,-1.09063,0.54399,-0.98191,-0.60997,-0.56002,0.37928,0.76341,-1.09361,0.54360,-0.98671,-0.62113,-0.56759,0.38903,0.75418,-1.11409,0.55241,-1.01353,-0.61528,-0.59229,2.859,6.125,1.415,0.336,0.057,0.349,0.200
7.700000,385,0.38799,0.78852,-1.11733,0.55467,-1.00709,-0.62714,-0.57794,0.38879,0.78156,-1.12074,0.55498,-1.01178,-0.63727,-0.58242,0.39882,0.77318,-1.14214,0.56431,-1.03906,-0.63078,-0.60720,2.828,6.151,1.421,0.281,0.040,0.355,0.208
7.800000,390,0.39524,0.80721,-1.14442,0.56574,-1.03112,-0.64163,-0.58901,0.39836,0.79962,-1.14793,0.56637,-1.03711,-0.65315,-0.59755,0.40862,0.79217,-1.17020,0.57621,-1.06458,-0.64627,-0.62212,2.784,6.170,1.419,0.224,0.019,0.362,0.217
7.900000,395,0.40668,0.82400,-1.17188,0.57756,-1.05973,-0.65804,-0.60389,0.40786,0.81778,-1.17508,0.57782,-1.06247,-0.66885,-0.61250,0.41841,0.81115,-1.19823,0.58810,-1.09008,-0.66175,-0.63702,2.728,6.184,1.409,0.167,-0.005,0.359,0.224
8.000000,400,0.41393,0.84307,-1.20011,0.58901,-1.08529,-0.67406,-0.62067,0.41741,0.83578,-1.20231,0.58917,-1.08765,-0.68519,-0.62733,0.42818,0.83009,-1.22621,0.59997,-1.11554,-0.67721,-0.65190,2.658,6.191,1.391,0.108,-0.034,0.343,0.231
8.100000,405,0.42347,0.85986,-1.22682,0.60007,-1.10970,-0.69046,-0.63402,0.42694,0.85343,-1.22905,0.60033,-1.11257,-0.70100,-0.64193,0.43792,0.84897,-1.25411,0.61180,-1.14092,-0.69262,-0.66673,2.575,6.193,1.364,0.047,-0.067,0.324,0.236
8.200000,410,0.42957,0.87664,-1.25505,0.61113,-1.13564,-0.70801,-0.65043,0.43633,0.87089,-1.25609,0.61142,-1.13772,-0.71730,-0.65661,0.44760,0.86775,-1.28184,0.62356,-1.16615,-0.70793,-0.68147,2.477,6.192,1.330,-0.018,-0.104,0.300,0.240
8.300000,415,0.44063,0.89419,-1.28099,0.62143,-1.16387,-0.72441,-0.66340,0.44522,0.88775,-1.28270,0.62201,-1.16285,-0.73374,-0.67057,0.45720,0.88635,-1.30932,0.63522,-1.19114,-0.72311,-0.69608,2.367,6.190,1.289,-0.085,-0.145,0.273,0.242
8.400000,420,0.44941,0.90830,-1.30845,0.63173,-1.18867,-0.74158,-0.67980,0.45384,0.90353,-1.30892,0.63244,-1.18793,-0.74798,-0.68445,0.46660,0.90464,-1.33630,0.64684,-1.21564,-0.73795,-0.71044,2.239,6.187,1.245,-0.148,-0.187,0.246,0.244
8.500000,425,0.45475,0.92318,-1.32638,0.64699,-1.20774,-0.74463,-0.68934,0.45802,0.89805,-1.33611,0.64602,-1.21697,-0.74798,-0.69565,0.47056,0.91783,-1.35226,0.66934,-1.22558,-0.74177,-0.71981,1.709,6.112,1.363,-0.111,0.362,0.823,0.358
8.600000,430,0.45360,0.92013,-1.32867,0.68132,-1.20355,-0.72441,-0.68895,0.44993,0.89312,-1.34002,0.67943,-1.22131,-0.74798,-0.69692,0.46602,0.92592,-1.35123,0.70888,-1.21405,-0.72930,-0.72177,1.472,6.034,1.713,-0.033,0.372,0.807,0.475
8.700000,435,0.44826,0.91441,-1.32867,0.72176,-1.20049,-0.71984,-0.68895,0.44423,0.89948,-1.33794,0.71889,-1.21028,-0.74482,-0.69840,0.46095,0.93349,-1.34892,0.74875,-1.20113,-0.71632,-0.72348,1.360,5.948,1.720,0.035,0.317,0.759,0.453
8.800000,440,0.43949,0.91517,-1.32829,0.75800,-1.19134,-0.71564,-0.68895,0.43916,0.90622,-1.33489,0.75765,-1.19717,-0.73285,-0.70070,0.45606,0.94034,-1.34665,0.78735,-1.18837,-0.70411,-0.72555,1.253,5.876,1.726,0.102,0.262,0.713,0.434
8.900000,445,0.43415,0.91555,-1.32753,0.79577,-1.17761,-0.70648,-0.68972,0.43440,0.91151,-1.33201,0.79512,-1.18402,-0.72114,-0.70336,0.45140,0.94554,-1.34440,0.82449,-1.17551,-0.69253,-0.72791,1.155,5.767,1.735,0.170,0.212,0.669,0.415
9.000000,450,0.43110,0.91784,-1.32486,0.83124,-1.16959,-0.69924,-0.69391,0.43003,0.91541,-1.32919,0.83101,-1.17065,-0.71008,-0.70625,0.44699,0.94928,-1.34217,0.86007,-1.16269,-0.68165,-0.73055,1.065,5.658,1.744,0.240,0.164,0.629,0.399
9.100000,455,0.42461,0.91860,-1.32180,0.86596,-1.15472,-0.69084,-0.69697,0.42582,0.91812,-1.32640,0.86528,-1.15767,-0.69984,-0.70943,0.44280,0.95190,-1.33996,0.89402,-1.15009,-0.67153,-0.73344,0.984,5.536,1.752,0.309,0.119,0.591,0.385
9.200000,460,0.41736,0.92394,-1.32066,0.89838,-1.14747,-0.68207,-0.70154,0.42185,0.91977,-1.32349,0.89791,-1.14453,-0.69030,-0.71292,0.43883,0.95341,-1.33776,0.92632,-1.13774,-0.66217,-0.73655,0.910,5.394,1.761,0.378,0.077,0.557,0.373
9.300000,465,0.41698,0.92852,-1.31913,0.92890,-1.13488,-0.67558,-0.70536,0.41798,0.92030,-1.32044,0.92881,-1.13177,-0.68192,-0.71625,0.43507,0.95385,-1.33558,0.95699,-1.12567,-0.65354,-0.73986,0.844,5.242,1.768,0.448,0.038,0.525,0.363
9.400000,470,0.41240,0.92852,-1.31494,0.95828,-1.12420,-0.67024,-0.70917,0.41454,0.91991,-1.31778,0.95826,-1.11927,-0.67357,-0.71993,0.43151,0.95327,-1.33341,0.98609,-1.11387,-0.64561,-0.74334,0.785,5.076,1.774,0.518,0.002,0.497,0.355
9.500000,475,0.40630,0.92814,-1.31341,0.98651,-1.11237,-0.66223,-0.71222,0.41119,0.91855,-1.31519,0.98618,-1.10748,-0.66607,-0.72392,0.42814,0.95171,-1.33125,1.01367,-1.10237,-0.63833,-0.74697,0.731,4.908,1.778,0.588,-0.031,0.471,0.349
9.600000,480,0.40363,0.92738,-1.31341,1.01321,-1.09902,-0.65613,-0.71871,0.40792,0.91614,-1.31243,1.01259,-1.09543,-0.65930,-0.72790,0.42494,0.94921,-1.32910,1.03982,-1.09114,-0.63169,-0.75074,0.683,4.738,1.780,0.658,-0.062,0.447,0.345
9.700000,485,0.40096,0.92547,-1.31036,1.03877,-1.09406,-0.65193,-0.72329,0.40496,0.91285,-1.30981,1.03764,-1.08380,-0.65316,-0.73193,0.42190,0.94581,-1.32695,1.06458,-1.08020,-0.62565,-0.75463,0.673,4.568,1.779,0.729,-0.091,0.425,0.342
9.800000,490,0.39829,0.92394,-1.30654,1.06204,-1.07995,-0.64735,-0.73092,0.40195,0.90868,-1.30712,1.06132,-1.07265,-0.64767,-0.73610,0.41900,0.94155,-1.32482,1.08803,-1.06953,-0.62018,-0.75863,0.678,4.401,1.774,0.800,-0.117,0.405,0.340
9.900000,495,0.39791,0.91212,-1.30578,1.08454,-1.07041,-0.64468,-0.73435,0.39923,0.90392,-1.30466,1.08379,-1.06176,-0.64236,-0.74009,0.41625,0.93646,-1.32270,1.11021,-1.05915,-0.61525,-0.76273,0.684,4.238,1.767,0.872,-0.142,0.387,0.338
10.000000,500,0.39524,0.90754,-1.30159,1.10591,-1.06240,-0.63820,-0.73816,0.39662,0.89804,-1.30222,1.10508,-1.05128,-0.63778,-0.74497,0.41364,0.93056,-1.32060,1.13116,-1.04904,-0.61085,-0.76692,0.691,4.080,1.756,0.944,-0.166,0.369,0.336
10.100000,505,0.38837,0.89800,-1.30006,1.12498,-1.04905,-0.63362,-0.74198,0.39413,0.89158,-1.29987,1.12511,-1.04115,-0.63367,-0.74932,0.41115,0.92391,-1.31851,1.15094,-1.03922,-0.60694,-0.77118,0.698,3.928,1.743,1.017,-0.188,0.352,0.335
10.200000,510,0.38723,0.89152,-1.30006,1.14520,-1.04218,-0.63019,-0.74618,0.39175,0.88408,-1.29746,1.14392,-1.03086,-0.63001,-0.75414,0.40880,0.91633,-1.31645,1.16943,-1.02967,-0.60353,-0.77550,0.711,3.775,1.727,1.091,-0.209,0.334,0.335
10.300000,515,0.38456,0.88160,-1.29548,1.16046,-1.03417,-0.62828,-0.75304,0.38965,0.87507,-1.29505,1.16087,-1.02105,-0.62692,-0.75855,0.40668,0.90710,-1.31442,1.18612,-1.02035,-0.60067,-0.77983,0.728,3.624,1.708,1.164,-0.228,0.315,0.335
10.400000,520,0.38417,0.87168,-1.29510,1.17648,-1.02006,-0.62714,-0.75724,0.38752,0.86474,-1.29262,1.17640,-1.01137,-0.62465,-0.76314,0.40471,0.89678,-1.31242,1.20147,-1.01128,-0.59829,-0.78419,0.739,3.485,1.689,1.241,-0.246,0.302,0.333
10.500000,525,0.38150,0.85909,-1.29243,1.19098,-1.01548,-0.62637,-0.76105,0.38558,0.85453,-1.29041,1.19152,-1.00217,-0.62239,-0.76771,0.40275,0.88645,-1.31043,1.21638,-1.00249,-0.59626,-0.78864,0.744,3.356,1.670,1.319,-0.264,0.294,0.330
10.600000,530,0.38150,0.84688,-1.28862,1.20585,-1.00747,-0.62485,-0.76449,0.38355,0.84436,-1.28830,1.20630,-0.99349,-0.62059,-0.77242,0.40078,0.87615,-1.30846,1.23092,-0.99398,-0.59458,-0.79320,0.751,3.230,1.652,1.394,-0.280,0.283,0.327
10.700000,535,0.37883,0.83773,-1.28747,1.21997,-0.99450,-0.62294,-0.76868,0.38160,0.83338,-1.28610,1.22022,-0.98482,-0.61922,-0.77765,0.39889,0.86529,-1.30651,1.24463,-0.98572,-0.59329,-0.79781,0.761,3.103,1.634,1.468,-0.295,0.270,0.325
10.800000,540,0.37387,0.82667,-1.28633,1.23179,-0.98992,-0.62218,-0.77593,0.37980,0.82195,-1.28395,1.23327,-0.97627,-0.61797,-0.78269,0.39708,0.85374,-1.30460,1.25742,-0.97771,-0.59239,-0.80247,0.772,2.979,1.617,1.541,-0.309,0.257,0.323
10.900000,545,0.37044,0.81370,-1.28251,1.24362,-0.98229,-0.62218,-0.78356,0.37796,0.80983,-1.28183,1.24533,-0.96817,-0.61745,-0.78753,0.39535,0.84153,-1.30272,1.26929,-0.96996,-0.59187,-0.80715,0.783,2.856,1.600,1.613,-0.323,0.244,0.321
11.000000,550,0.37044,0.79882,-1.28213,1.25545,-0.97085,-0.62180,-0.78699,0.37618,0.79707,-1.27977,1.25649,-0.96032,-0.61707,-0.79246,0.39371,0.82866,-1.30089,1.28024,-0.96248,-0.59172,-0.81186,0.795,2.734,1.583,1.681,-0.335,0.231,0.318
11.100000,555,0.37044,0.78699,-1.28213,1.26613,-0.96665,-0.62180,-0.79081,0.37466,0.78378,-1.27797,1.26679,-0.95275,-0.61690,-0.79736,0.39215,0.81518,-1.29910,1.29027,-0.95528,-0.59194,-0.81657,0.807,2.612,1.567,1.747,-0.347,0.217,0.315
11.200000,560,0.37006,0.77326,-1.28022,1.27604,-0.96131,-0.62180,-0.79844,0.37316,0.76972,-1.27607,1.27609,-0.94542,-0.61740,-0.80230,0.39068,0.80110,-1.29737,1.29937,-0.94838,-0.59250,-0.82127,0.820,2.491,1.552,1.808,-0.358,0.205,0.312
11.300000,565,0.36739,0.75609,-1.27832,1.28367,-0.95101,-0.62218,-0.80340,0.37177,0.75524,-1.27432,1.28448,-0.93861,-0.61809,-0.80701,0.38930,0.78644,-1.29570,1.30756,-0.94177,-0.59341,-0.82596,0.833,2.369,1.537,1.864,-0.369,0.194,0.309
11.400000,570,0.36510,0.74198,-1.27564,1.29169,-0.94262,-0.62256,-0.80912,0.37033,0.73991,-1.27243,1.29196,-0.93175,-0.61927,-0.81246,0.38800,0.77124,-1.29409,1.31483,-0.93547,-0.59465,-0.83063,0.847,2.247,1.522,1.913,-0.378,0.185,0.305
11.500000,575,0.36510,0.72748,-1.27450,1.29626,-0.93880,-0.62332,-0.81293,0.36899,0.72425,-1.27074,1.29852,-0.92538,-0.62054,-0.81768,0.38678,0.75549,-1.29255,1.32119,-0.92948,-0.59621,-0.83527,0.861,2.123,1.508,1.954,-0.387,0.176,0.301
11.600000,580,0.36510,0.70879,-1.27374,1.30351,-0.93422,-0.62408,-0.81675,0.36788,0.70828,-1.26943,1.30417,-0.91966,-0.62203,-0.82204,0.38566,0.73922,-1.29108,1.32662,-0.92381,-0.59808,-0.83987,0.876,1.999,1.492,1.983,-0.395,0.169,0.296
11.700000,585,0.36510,0.69239,-1.27297,1.30694,-0.92545,-0.62637,-0.82171,0.36675,0.69143,-1.26775,1.30880,-0.91362,-0.62433,-0.82669,0.38462,0.72245,-1.28969,1.33116,-0.91845,-0.60024,-0.84442,0.890,1.872,1.476,1.999,-0.402,0.163,0.292
11.800000,590,0.36472,0.67522,-1.26916,1.31038,-0.91858,-0.62828,-0.82743,0.36580,0.67424,-1.26635,1.31265,-0.90814,-0.62653,-0.83144,0.38367,0.70521,-1.28838,1.33481,-0.91341,-0.60267,-0.84891,0.906,1.745,1.458,2.000,-0.408,0.159,0.287
11.900000,595,0.36396,0.65691,-1.26878,1.31419,-0.91515,-0.62981,-0.83239,0.36487,0.65671,-1.26519,1.31564,-0.90333,-0.62879,-0.83626,0.38280,0.68750,-1.28715,1.33757,-0.90868,-0.60538,-0.85335,0.921,1.616,1.439,1.984,-0.413,0.156,0.283
12.000000,600,0.35976,0.63974,-1.26763,1.31496,-0.91248,-0.63133,-0.83811,0.36411,0.63864,-1.26417,1.31773,-0.89883,-0.63150,-0.84104,0.38202,0.66934,-1.28600,1.33944,-0.90427,-0.60833,-0.85773,0.937,1.486,1.418,1.951,-0.419,0.155,0.279
12.100000,605,0.35938,0.61991,-1.26725,1.31572,-0.90867,-0.63400,-0.84269,0.36326,0.62007,-1.26300,1.31884,-0.89430,-0.63465,-0.84556,0.38133,0.65073,-1.28494,1.34044,-0.90017,-0.61154,-0.86204,0.953,1.355,1.395,1.904,-0.423,0.155,0.275
12.200000,610,0.35938,0.60083,-1.26725,1.31572,-0.90409,-0.63782,-0.84688,0.36258,0.60099,-1.26181,1.31907,-0.88997,-0.63795,-0.85005,0.38073,0.63168,-1.28397,1.34056,-0.89639,-0.61497,-0.86628,0.969,1.224,1.369,1.845,-0.427,0.157,0.270
12.300000,615,0.35900,0.58138,-1.26725,1.31572,-0.89608,-0.64240,-0.85375,0.36202,0.58155,-1.26099,1.31846,-0.88621,-0.64142,-0.85440,0.38021,0.61218,-1.28308,1.33979,-0.89291,-0.61863,-0.87045,0.986,1.092,1.340,1.777,-0.431,0.160,0.266
12.400000,620,0.35900,0.56154,-1.26725,1.31572,-0.89226,-0.64774,-0.85833,0.36153,0.56154,-1.26004,1.31691,-0.88249,-0.64526,-0.85881,0.37979,0.59226,-1.28229,1.33814,-0.88973,-0.62250,-0.87454,1.002,0.961,1.308,1.705,-0.436,0.163,0.260
12.500000,625,0.35900,0.54132,-1.26725,1.31572,-0.88921,-0.65041,-0.86329,0.36118,0.54135,-1.25942,1.31454,-0.87954,-0.64895,-0.86308,0.37947,0.57191,-1.28159,1.33558,-0.88687,-0.62657,-0.87855,1.022,0.831,1.273,1.627,-0.445,0.167,0.256
12.600000,630,0.35861,0.51996,-1.26725,1.31419,-0.88845,-0.65384,-0.86596,0.36103,0.52083,-1.25898,1.31073,-0.87682,-0.65284,-0.86728,0.37936,0.55130,-1.28106,1.33160,-0.88445,-0.63076,-0.88230,1.051,0.705,1.228,1.533,-0.464,0.174,0.260
12.700000,635,0.35594,0.50012,-1.26649,1.30847,-0.88807,-0.65689,-0.86863,0.36115,0.50006,-1.25859,1.30514,-0.87456,-0.65692,-0.87124,0.37952,0.53055,-1.28074,1.32585,-0.88255,-0.63500,-0.88567,1.078,0.587,1.185,1.469,-0.482,0.179,0.258
12.800000,640,0.35633,0.47838,-1.26535,1.30160,-0.88578,-0.65918,-0.87244,0.36128,0.47901,-1.25853,1.29887,-0.87286,-0.66118,-0.87475,0.37974,0.50943,-1.28048,1.31945,-0.88088,-0.63941,-0.88901,1.086,0.472,1.151,1.441,-0.482,0.177,0.236
12.900000,645,0.35633,0.45702,-1.26267,1.29550,-0.88540,-0.66490,-0.87626,0.36135,0.45745,-1.25843,1.29273,-0.87107,-0.66565,-0.87802,0.37983,0.48773,-1.28017,1.31329,-0.87921,-0.64409,-0.89262,1.092,0.359,1.116,1.421,-0.485,0.174,0.212
13.000000,650,0.35633,0.43489,-1.26267,1.28902,-0.88463,-0.66910,-0.88084,0.36137,0.43516,-1.25820,1.28621,-0.86930,-0.67046,-0.88218,0.37994,0.46554,-1.27989,1.30669,-0.87773,-0.64899,-0.89631,1.108,0.251,1.071,1.394,-0.502,0.172,0.198
13.100000,655,0.35594,0.41391,-1.26267,1.28062,-0.88387,-0.67520,-0.88694,0.36153,0.41258,-1.25809,1.27876,-0.86790,-0.67526,-0.88576,0.38014,0.44283,-1.27970,1.29913,-0.87651,-0.65405,-0.89994,1.125,0.150,1.023,1.376,-0.522,0.166,0.183
13.200000,660,0.35633,0.38950,-1.26267,1.27223,-0.88158,-0.68054,-0.89075,0.36179,0.38914,-1.25814,1.27022,-0.86675,-0.68032,-0.88983,0.38047,0.41940,-1.27960,1.29047,-0.87558,-0.65933,-0.90352,1.144,0.056,0.972,1.369,-0.544,0.157,0.165
13.300000,665,0.35633,0.36584,-1.26267,1.26193,-0.88158,-0.68474,-0.89419,0.36227,0.36492,-1.25834,1.26012,-0.86605,-0.68552,-0.89364,0.38099,0.39510,-1.27965,1.28024,-0.87500,-0.66480,-0.90697,1.174,-0.031,0.913,1.367,-0.578,0.147,0.156
13.400000,670,0.35633,0.34181,-1.26267,1.25010,-0.88120,-0.69084,-0.89762,0.36300,0.33968,-1.25882,1.24752,-0.86591,-0.69118,-0.89654,0.38184,0.36989,-1.27992,1.26773,-0.87489,-0.67043,-0.91015,1.203,-0.111,0.854,1.376,-0.610,0.131,0.140
13.500000,675,0.35633,0.31549,-1.26267,1.23446,-0.88158,-0.69885,-0.90144,0.36368,0.31258,-1.25915,1.23337,-0.86604,-0.69764,-0.89952,0.38275,0.34319,-1.28024,1.25396,-0.87503,-0.67649,-0.91348,1.206,-0.188,0.821,1.402,-0.605,0.110,0.099
13.600000,680,0.35633,0.29069,-1.26267,1.22569,-0.88044,-0.70381,-0.90601,0.36391,0.29038,-1.25952,1.22754,-0.86742,-0.70262,-0.90123,0.38317,0.32124,-1.27883,1.24881,-0.87320,-0.68100,-0.91692,1.162,-0.194,0.986,2.035,-0.387,0.273,0.107
13.700000,685,0.35633,0.28039,-1.26115,1.24209,-0.86556,-0.69771,-0.90640,0.36268,0.28769,-1.25556,1.24699,-0.86492,-0.70249,-0.90324,0.38276,0.32051,-1.27243,1.26959,-0.86554,-0.67863,-0.91865,1.121,0.503,1.079,2.153,-0.309,0.587,0.195
13.800000,690,0.35633,0.28650,-1.24970,1.27719,-0.85946,-0.68779,-0.90601,0.36157,0.29683,-1.24823,1.27934,-0.85720,-0.69702,-0.90460,0.38208,0.33051,-1.26366,1.30231,-0.85518,-0.67274,-0.91922,1.114,0.666,1.101,2.197,-0.305,0.586,0.183
13.900000,695,0.35633,0.30023,-1.24093,1.31000,-0.85068,-0.68207,-0.90640,0.36063,0.30698,-1.23896,1.31305,-0.84679,-0.69126,-0.90560,0.38139,0.34092,-1.25465,1.33601,-0.84452,-0.66666,-0.91978,1.107,0.814,1.122,2.234,-0.301,0.568,0.157
14.000000,700,0.35594,0.31167,-1.23101,1.34509,-0.83695,-0.67864,-0.90945,0.35987,0.31731,-1.22958,1.34689,-0.83598,-0.68526,-0.90627,0.38069,0.35133,-1.24564,1.36968,-0.83387,-0.66058,-0.92035,1.100,0.958,1.146,2.267,-0.295,0.547,0.133
14.100000,705,0.35556,0.32236,-1.22224,1.37752,-0.83008,-0.67330,-0.91059,0.35923,0.32835,-1.22031,1.37919,-0.82493,-0.67908,-0.90784,0.38004,0.36239,-1.23721,1.40161,-0.82381,-0.65462,-0.92058,1.099,1.114,1.155,2.288,-0.296,0.528,0.186
14.200000,710,0.35404,0.33723,-1.21652,1.40346,-0.81787,-0.66910,-0.91250,0.35852,0.34803,-1.21297,1.40175,-0.81481,-0.67390,-0.90829,0.37949,0.38267,-1.23267,1.42384,-0.81741,-0.64864,-0.91788,1.090,1.349,1.032,2.273,-0.371,0.509,0.335
14.300000,715,0.35404,0.36775,-1.21652,1.41490,-0.81330,-0.66338,-0.90907,0.35769,0.37617,-1.20940,1.41613,-0.80850,-0.66841,-0.90584,0.37882,0.41101,-1.23162,1.43805,-0.81439,-0.64277,-0.91305,1.076,1.620,0.999,2.250,-0.414,0.482,0.324
14.400000,720,0.35404,0.39941,-1.21652,1.42596,-0.81024,-0.65765,-0.90716,0.35709,0.40409,-1.20797,1.42866,-0.80536,-0.66284,-0.90137,0.37815,0.43877,-1.23104,1.45044,-0.81212,-0.63729,-0.90829,1.059,1.868,1.042,2.233,-0.409,0.452,0.283
14.500000,725,0.35404,0.42574,-1.21652,1.43817,-0.80986,-0.65537,-0.90105,0.35649,0.43026,-1.20697,1.44047,-0.80281,-0.65790,-0.89670,0.37741,0.46481,-1.23049,1.46223,-0.81019,-0.63228,-0.90401,1.048,2.093,1.081,2.218,-0.402,0.428,0.251
14.600000,730,0.35366,0.45244,-1.21537,1.44847,-0.80872,-0.65231,-0.89686,0.35619,0.45550,-1.20630,1.45052,-0.80094,-0.65300,-0.89210,0.37695,0.48992,-1.23017,1.47216,-0.80871,-0.62743,-0.89953,1.056,2.304,1.105,2.194,-0.404,0.412,0.240
14.700000,735,0.35366,0.47800,-1.21499,1.45572,-0.80643,-0.64850,-0.89304,0.35605,0.47991,-1.20565,1.45872,-0.79924,-0.64850,-0.88758,0.37676,0.51439,-1.23009,1.48034,-0.80767,-0.62271,-0.89479,1.054,2.503,1.134,2.169,-0.398,0.395,0.221
14.800000,740,0.35366,0.50279,-1.21499,1.46259,-0.80643,-0.64545,-0.88961,0.35605,0.50370,-1.20517,1.46587,-0.79795,-0.64409,-0.88295,0.37669,0.53820,-1.23014,1.48750,-0.80698,-0.61816,-0.88999,1.048,2.690,1.160,2.143,-0.390,0.381,0.201
14.900000,745,0.35366,0.52721,-1.21461,1.46907,-0.80605,-0.64125,-0.88618,0.35619,0.52709,-1.20502,1.47212,-0.79730,-0.63976,-0.87803,0.37674,0.56153,-1.23032,1.49373,-0.80662,-0.61377,-0.88512,1.043,2.867,1.181,2.112,-0.384,0.368,0.184
15.000000,750,0.35366,0.55010,-1.21270,1.47441,-0.80567,-0.63553,-0.88198,0.35647,0.55013,-1.20508,1.47749,-0.79705,-0.63550,-0.87297,0.37689,0.58445,-1.23063,1.49907,-0.80660,-0.60953,-0.88016,1.037,3.036,1.196,2.073,-0.380,0.358,0.168
15.100000,755,0.35366,0.57299,-1.21194,1.47899,-0.80338,-0.63057,-0.87473,0.35682,0.57276,-1.20519,1.48197,-0.79705,-0.63157,-0.86777,0.37714,0.60704,-1.23107,1.50355,-0.80690,-0.60543,-0.87508,1.031,3.198,1.206,2.025,-0.377,0.349,0.153
15.200000,760,0.35404,0.59626,-1.21194,1.48166,-0.80262,-0.62752,-0.86825,0.35725,0.59504,-1.20530,1.48560,-0.79714,-0.62778,-0.86254,0.37750,0.62932,-1.23163,1.50721,-0.80754,-0.60149,-0.86990,1.025,3.355,1.208,1.965,-0.376,0.342,0.139
15.300000,765,0.35404,0.61914,-1.21194,1.48433,-0.80300,-0.62599,-0.86443,0.35780,0.61697,-1.20551,1.48835,-0.79752,-0.62421,-0.85720,0.37795,0.65129,-1.23232,1.51001,-0.80852,-0.59772,-0.86458,1.018,3.507,1.203,1.891,-0.378,0.335,0.126
15.400000,770,0.35404,0.64127,-1.21118,1.48548,-0.80300,-0.62294,-0.86024,0.35847,0.63871,-1.20609,1.49031,-0.79862,-0.62064,-0.85160,0.37850,0.67295,-1.23314,1.51198,-0.80985,-0.59412,-0.85913,1.011,3.656,1.192,1.804,-0.381,0.329,0.113
15.500000,775,0.35404,0.66340,-1.21118,1.48700,-0.80300,-0.62065,-0.85642,0.35922,0.66006,-1.20666,1.49141,-0.79987,-0.61738,-0.84601,0.37914,0.69431,-1.23407,1.51312,-0.81153,-0.59072,-0.85356,1.004,3.802,1.172,1.701,-0.387,0.323,0.100
15.600000,780,0.35404,0.68476,-1.21118,1.48700,-0.80338,-0.61913,-0.84917,0.36006,0.68115,-1.20743,1.49165,-0.80152,-0.61426,-0.84008,0.37987,0.71534,-1.23514,1.51341,-0.81356,-0.58751,-0.84786,0.997,3.945,1.145,1.585,-0.394,0.316,0.088
15.700000,785,0.35404,0.70536,-1.21118,1.48700,-0.80681,-0.61607,-0.84345,0.36098,0.70195,-1.20838,1.49126,-0.80369,-0.61123,-0.83423,0.38066,0.73605,-1.23630,1.51302,-0.81592,-0.58453,-0.84209,0.983,4.086,1.114,1.495,-0.396,0.309,0.072
15.800000,790,0.35404,0.72596,-1.21118,1.48700,-0.80757,-0.61111,-0.83735,0.36177,0.72246,-1.20947,1.49099,-0.80616,-0.60861,-0.82840,0.38133,0.75649,-1.23745,1.51280,-0.81841,-0.58181,-0.83654,0.958,4.223,1.080,1.439,-0.391,0.301,0.052
15.900000,795,0.35442,0.74656,-1.21118,1.48700,-0.80986,-0.60806,-0.83277,0.36251,0.74264,-1.21043,1.49075,-0.80857,-0.60616,-0.82285,0.38192,0.77663,-1.23861,1.51258,-0.82107,-0.57934,-0.83116,0.945,4.356,1.032,1.313,-0.396,0.294,0.040
16.000000,800,0.35442,0.76678,-1.21118,1.48700,-0.81063,-0.60463,-0.82590,0.36336,0.76234,-1.21139,1.48915,-0.81132,-0.60409,-0.81727,0.38270,0.79628,-1.23994,1.51101,-0.82418,-0.57712,-0.82550,0.948,4.488,0.969,1.111,-0.412,0.288,0.038
16.100000,805,0.35442,0.78623,-1.21118,1.48586,-0.81215,-0.60425,-0.81942,0.36456,0.78146,-1.21259,1.48567,-0.81439,-0.60226,-0.81100,0.38376,0.81537,-1.24150,1.50757,-0.82785,-0.57515,-0.81941,0.948,4.618,0.902,0.943,-0.423,0.280,0.034
16.200000,810,0.35480,0.80454,-1.21118,1.48052,-0.81482,-0.60349,-0.81408,0.36589,0.80009,-1.21398,1.48106,-0.81812,-0.60056,-0.80458,0.38496,0.83390,-1.24319,1.50296,-0.83192,-0.57348,-0.81313,0.941,4.746,0.834,0.812,-0.426,0.271,0.025
16.300000,815,0.35709,0.82171,-1.21156,1.47556,-0.81749,-0.60272,-0.80797,0.36725,0.81812,-1.21555,1.47550,-0.82220,-0.59933,-0.79795,0.38623,0.85189,-1.24497,1.49748,-0.83632,-0.57212,-0.80677,0.933,4.871,0.764,0.690,-0.427,0.261,0.015
16.400000,820,0.35709,0.84154,-1.21308,1.46907,-0.81940,-0.60158,-0.80340,0.36873,0.83547,-1.21711,1.46909,-0.82652,-0.59846,-0.79163,0.38758,0.86932,-1.24683,1.49114,-0.84105,-0.57108,-0.80033,0.926,4.993,0.689,0.576,-0.426,0.251,0.006
16.500000,825,0.36014,0.85757,-1.21728,1.46144,-0.83046,-0.60120,-0.79615,0.37030,0.85265,-1.21900,1.46189,-0.83141,-0.59741,-0.78462,0.38900,0.88618,-1.24876,1.48394,-0.84610,-0.57037,-0.79383,0.919,5.112,0.614,0.471,-0.424,0.239,-0.002
16.600000,830,0.36052,0.87359,-1.21804,1.45267,-0.83733,-0.60120,-0.78852,0.37195,0.86882,-1.22078,1.45371,-0.83646,-0.59735,-0.77808,0.39049,0.90246,-1.25075,1.47587,-0.85147,-0.57001,-0.78727,0.912,5.227,0.537,0.375,-0.421,0.227,-0.011
16.700000,835,0.36548,0.89075,-1.21995,1.44275,-0.84038,-0.60120,-0.78165,0.37359,0.88456,-1.22264,1.44467,-0.84192,-0.59748,-0.77111,0.39205,0.91814,-1.25281,1.46694,-0.85715,-0.56999,-0.78065,0.906,5.340,0.461,0.286,-0.416,0.215,-0.019
16.800000,840,0.36739,0.90563,-1.22453,1.43169,-0.84191,-0.60120,-0.77593,0.37525,0.89950,-1.22443,1.43475,-0.84749,-0.59808,-0.76476,0.39369,0.93322,-1.25492,1.45713,-0.86312,-0.57034,-0.77398,0.900,5.449,0.387,0.206,-0.411,0.202,-0.027
16.900000,845,0.36815,0.92051,-1.22491,1.42024,-0.84877,-0.60158,-0.76525,0.37718,0.91415,-1.22664,1.42400,-0.85367,-0.59864,-0.75751,0.39540,0.94767,-1.25708,1.44644,-0.86939,-0.57106,-0.76727,0.895,5.556,0.315,0.132,-0.405,0.189,-0.034
17.000000,850,0.36815,0.93539,-1.23101,1.40804,-0.85984,-0.60234,-0.75876,0.37918,0.92804,-1.22879,1.41239,-0.85994,-0.59974,-0.75060,0.39718,0.96148,-1.25928,1.43487,-0.87594,-0.57215,-0.76052,0.889,5.659,0.246,0.063,-0.398,0.177,-0.041
17.100000,855,0.37082,0.94836,-1.23139,1.39583,-0.86441,-0.60310,-0.75495,0.38110,0.94122,-1.23094,1.39981,-0.86660,-0.60143,-0.74337,0.39904,0.97464,-1.26152,1.42241,-0.88277,-0.57364,-0.75375,0.885,5.759,0.180,-0.001,-0.390,0.166,-0.047
17.200000,860,0.37349,0.96171,-1.23712,1.38210,-0.86823,-0.60425,-0.74656,0.38313,0.95378,-1.23302,1.38637,-0.87343,-0.60336,-0.73649,0.40096,0.98713,-1.26378,1.40907,-0.88986,-0.57552,-0.74695,0.881,5.856,0.117,-0.063,-0.382,0.157,-0.053
17.300000,865,0.37387,0.97392,-1.23979,1.36760,-0.87510,-0.60577,-0.73816,0.38528,0.96559,-1.23525,1.37202,-0.88062,-0.60570,-0.72955,0.40297,0.99894,-1.26605,1.39483,-0.89721,-0.57781,-0.74015,0.878,5.950,0.057,-0.124,-0.374,0.149,-0.058
17.400000,870,0.37387,0.98460,-1.24398,1.35234,-0.88730,-0.60844,-0.73282,0.38762,0.97691,-1.23767,1.35687,-0.88805,-0.60806,-0.72235,0.40505,1.01005,-1.26834,1.37969,-0.90481,-0.58050,-0.73333,0.875,6.042,-0.001,-0.183,-0.366,0.144,-0.063
17.500000,875,0.38188,0.99566,-1.24665,1.33670,-0.89226,-0.61226,-0.72634,0.38973,0.98722,-1.23970,1.34060,-0.89546,-0.61174,-0.71511,0.40720,1.02047,-1.27064,1.36365,-0.91264,-0.58361,-0.72652,0.873,6.131,-0.057,-0.241,-0.358,0.141,-0.067
17.600000,880,0.38456,1.00482,-1.25047,1.31915,-0.89760,-0.61607,-0.71756,0.39215,0.99701,-1.24201,1.32352,-0.90342,-0.61517,-0.70793,0.40944,1.03015,-1.27293,1.34668,-0.92071,-0.58715,-0.71971,0.872,6.216,-0.110,-0.299,-0.350,0.139,-0.070
17.700000,885,0.38494,1.01626,-1.25199,1.30084,-0.90981,-0.62218,-0.70955,0.39476,1.00595,-1.24435,1.30556,-0.91139,-0.61899,-0.70104,0.41177,1.03909,-1.27521,1.32877,-0.92899,-0.59113,-0.71292,0.871,6.298,-0.163,-0.356,-0.343,0.139,-0.072
17.800000,890,0.38761,1.02275,-1.25695,1.28215,-0.91706,-0.62523,-0.70269,0.39716,1.01433,-1.24674,1.28656,-0.92010,-0.62356,-0.69382,0.41418,1.04730,-1.27748,1.30992,-0.93750,-0.59555,-0.70615,0.872,6.377,-0.215,-0.412,-0.336,0.141,-0.074
17.900000,895,0.39028,1.03228,-1.25772,1.26155,-0.92316,-0.62866,-0.69468,0.39980,1.02166,-1.24892,1.26660,-0.92849,-0.62867,-0.68694,0.41669,1.05474,-1.27973,1.29010,-0.94621,-0.60043,-0.69940,0.873,6.452,-0.266,-0.468,-0.331,0.144,-0.074
18.000000,900,0.39066,1.03419,-1.25924,1.24133,-0.93155,-0.63324,-0.68743,0.40267,1.02854,-1.25141,1.24572,-0.93736,-0.63370,-0.67965,0.41930,1.06142,-1.28196,1.26930,-0.95513,-0.60577,-0.69267,0.876,6.522,-0.318,-0.522,-0.326,0.148,-0.074
18.100000,905,0.39638,1.03953,-1.26382,1.21997,-0.94300,-0.63973,-0.68209,0.40537,1.03435,-1.25348,1.22372,-0.94607,-0.63990,-0.67278,0.42201,1.06731,-1.28415,1.24748,-0.96425,-0.61160,-0.68598,0.880,6.585,-0.370,-0.575,-0.323,0.152,-0.073
18.200000,910,0.40134,1.05097,-1.26420,1.19555,-0.94796,-0.64774,-0.67598,0.40821,1.03928,-1.25540,1.20059,-0.95488,-0.64648,-0.66592,0.42484,1.07241,-1.28631,1.22461,-0.97357,-0.61791,-0.67931,0.885,6.641,-0.423,-0.626,-0.322,0.156,-0.071
18.300000,915,0.40210,1.05136,-1.26916,1.17228,-0.95978,-0.65384,-0.66835,0.41144,1.04393,-1.25794,1.17663,-0.96460,-0.65267,-0.65882,0.42779,1.07671,-1.28844,1.20065,-0.98310,-0.62473,-0.67268,0.891,6.687,-0.478,-0.676,-0.323,0.160,-0.068
18.400000,920,0.40554,1.05517,-1.27069,1.14749,-0.97046,-0.65880,-0.65958,0.41471,1.04737,-1.26025,1.15144,-0.97423,-0.66016,-0.65218,0.43087,1.08017,-1.29052,1.17555,-0.99284,-0.63209,-0.66608,0.899,6.721,-0.535,-0.725,-0.326,0.162,-0.065
18.500000,925,0.40783,1.06280,-1.27183,1.11926,-0.97695,-0.66643,-0.65271,0.41792,1.04984,-1.26207,1.12486,-0.98373,-0.66842,-0.64540,0.43410,1.08278,-1.29257,1.14924,-1.00279,-0.64002,-0.65951,0.908,6.745,-0.594,-0.774,-0.332,0.162,-0.060
18.600000,930,0.41355,1.06242,-1.27641,1.09179,-0.99145,-0.67635,-0.64661,0.42150,1.05178,-1.26424,1.09713,-0.99364,-0.67679,-0.63809,0.43750,1.08453,-1.29456,1.12163,-1.01297,-0.64854,-0.65296,0.918,6.758,-0.654,-0.822,-0.340,0.161,-0.055
18.700000,935,0.41812,1.06242,-1.27717,1.06204,-0.99869,-0.68474,-0.63860,0.42518,1.05266,-1.26647,1.06801,-1.00414,-0.68601,-0.63147,0.44108,1.08537,-1.29652,1.09263,-1.02339,-0.65770,-0.64644,0.931,6.760,-0.717,-0.873,-0.353,0.156,-0.049
18.800000,940,0.42118,1.06242,-1.28213,1.03152,-1.01052,-0.69504,-0.63059,0.42910,1.05258,-1.26852,1.03738,-1.01443,-0.69552,-0.62480,0.44487,1.08525,-1.29842,1.06214,-1.03407,-0.66754,-0.63993,0.946,6.739,-0.780,-0.926,-0.368,0.149,-0.042
18.900000,945,0.42385,1.06204,-1.28366,0.99909,-1.02235,-0.70648,-0.62448,0.43333,1.05083,-1.27065,1.00508,-1.02514,-0.70603,-0.61806,0.44896,1.08344,-1.30026,1.02999,-1.04486,-0.67794,-0.63349,0.967,6.671,-0.844,-0.981,-0.387,0.140,-0.035
19.000000,950,0.42804,1.06204,-1.28594,0.96514,-1.03265,-0.71602,-0.62067,0.43771,1.04774,-1.27264,0.97092,-1.03599,-0.71724,-0.61120,0.45332,1.08045,-1.30205,0.99614,-1.05590,-0.68908,-0.62707,0.984,6.717,-0.912,-1.041,-0.412,0.124,-0.025
19.100000,955,0.43682,1.06166,-1.28976,0.92967,-1.04752,-0.72899,-0.61190,0.44207,1.04475,-1.27478,0.93493,-1.04799,-0.72997,-0.60386,0.45784,1.07759,-1.30384,0.96065,-1.06747,-0.70133,-0.62064,1.001,6.728,-0.978,-1.109,-0.439,0.107,-0.017
19.200000,960,0.43834,1.06127,-1.29014,0.89152,-1.05935,-0.74272,-0.60160,0.44675,1.04071,-1.27741,0.89812,-1.06061,-0.74350,-0.59609,0.46259,1.07412,-1.30549,0.92463,-1.07888,-0.71404,-0.61426,1.010,6.913,-1.007,-1.168,-0.456,0.095,-0.004
19.300000,965,0.44292,1.06242,-1.29052,0.87397,-1.06621,-0.75035,-0.59397,0.44970,1.04823,-1.28087,0.89022,-1.06958,-0.74798,-0.58647,0.46642,1.08285,-1.30481,0.91860,-1.08008,-0.71711,-0.60723,0.940,7.320,-0.791,-0.494,0.111,0.655,0.028
19.400000,970,0.44368,1.07348,-1.29052,0.91593,-1.04943,-0.72861,-0.57871,0.45138,1.07012,-1.28336,0.92092,-1.06817,-0.73922,-0.57765,0.46906,1.10567,-1.30125,0.95030,-1.06824,-0.70739,-0.59937,0.903,7.324,-0.690,-0.450,0.094,0.667,0.053
19.500000,975,0.44826,1.09599,-1.29014,0.95294,-1.04371,-0.71716,-0.57222,0.45381,1.09379,-1.28055,0.95513,-1.05705,-0.72867,-0.57015,0.47168,1.12953,-1.29749,0.98445,-1.05554,-0.69684,-0.59136,0.878,7.312,-0.624,-0.434,0.053,0.636,0.076
19.600000,980,0.45131,1.12307,-1.29014,0.98612,-1.03570,-0.70763,-0.56345,0.45652,1.11762,-1.27641,0.98929,-1.04399,-0.71836,-0.56198,0.47429,1.15335,-1.29374,1.01855,-1.04285,-0.68631,-0.58336,0.850,7.291,-0.556,-0.423,0.012,0.604,0.100
19.700000,985,0.45169,1.14596,-1.29014,1.02122,-1.02082,-0.70038,-0.55315,0.45921,1.14115,-1.27241,1.02298,-1.03134,-0.70810,-0.55379,0.47686,1.17675,-1.29005,1.05205,-1.03039,-0.67596,-0.57551,0.817,7.260,-0.479,-0.417,-0.027,0.573,0.124
19.800000,990,0.45475,1.16732,-1.28900,1.05364,-1.01586,-0.69046,-0.54819,0.46100,1.16115,-1.26931,1.05642,-1.01914,-0.69708,-0.54762,0.47840,1.19629,-1.28684,1.08522,-1.01811,-0.66541,-0.57028,0.627,7.185,-0.450,-0.401,-0.063,0.550,-0.110
19.900000,995,0.45437,1.17915,-1.28900,1.08760,-1.00136,-0.67902,-0.55658,0.45886,1.16775,-1.26872,1.09158,-1.00769,-0.68432,-0.55030,0.47595,1.20204,-1.28523,1.12008,-1.00540,-0.65319,-0.57524,0.447,6.851,-0.452,-0.337,-0.099,0.524,-0.393
20.000000,1000,0.45360,1.18029,-1.28938,1.12384,-0.99297,-0.66834,-0.56841,0.45553,1.17041,-1.26763,1.12630,-0.99530,-0.67199,-0.55798,0.47224,1.20417,-1.28410,1.15434,-0.99315,-0.64151,-0.58343,0.440,6.719,-0.389,-0.267,-0.137,0.491,-0.357
20.100000,1005,0.45360,1.18068,-1.28900,1.15664,-0.98343,-0.65689,-0.57642,0.45213,1.17188,-1.26574,1.15905,-0.98287,-0.66118,-0.56635,0.46878,1.20544,-1.28290,1.18675,-0.98129,-0.63075,-0.59154,0.447,6.458,-0.320,-0.198,-0.170,0.463,-0.320
20.200000,1010,0.45246,1.18029,-1.28747,1.18678,-0.96818,-0.64888,-0.58062,0.44892,1.17166,-1.26379,1.18993,-0.97066,-0.65113,-0.57474,0.46562,1.20512,-1.28159,1.21734,-0.96962,-0.62069,-0.59962,0.455,6.231,-0.255,-0.126,-0.200,0.437,-0.284
20.300000,1015,0.44826,1.18029,-1.28251,1.21539,-0.96245,-0.64163,-0.58481,0.44604,1.17055,-1.26184,1.21928,-0.95858,-0.64160,-0.58305,0.46266,1.20390,-1.28019,1.24638,-0.95823,-0.61137,-0.60764,0.461,6.021,-0.194,-0.053,-0.228,0.414,-0.250
20.400000,1020,0.44826,1.18029,-1.28175,1.24362,-0.94681,-0.63095,-0.59282,0.44312,1.16850,-1.25964,1.24726,-0.94684,-0.63296,-0.59139,0.45987,1.20181,-1.27872,1.27409,-0.94706,-0.60271,-0.61566,0.468,5.814,-0.138,0.020,-0.253,0.393,-0.218
20.500000,1025,0.44750,1.17762,-1.27870,1.27032,-0.93804,-0.62523,-0.60198,0.44056,1.16577,-1.25762,1.27412,-0.93521,-0.62458,-0.59957,0.45723,1.19889,-1.27716,1.30064,-0.93608,-0.59466,-0.62371,0.474,5.616,-0.086,0.094,-0.276,0.375,-0.188
20.600000,1030,0.43987,1.17457,-1.27336,1.29588,-0.92965,-0.61951,-0.60732,0.43801,1.16259,-1.25548,1.30001,-0.92394,-0.61713,-0.60794,0.45464,1.19565,-1.27554,1.32627,-0.92535,-0.58725,-0.63179,0.473,5.473,-0.044,0.166,-0.297,0.356,-0.160
20.700000,1035,0.43682,1.16847,-1.27107,1.32106,-0.91515,-0.61188,-0.61571,0.43534,1.15994,-1.25338,1.32524,-0.91322,-0.61034,-0.61616,0.45204,1.19282,-1.27392,1.35121,-0.91502,-0.58057,-0.63989,0.471,5.321,-0.007,0.234,-0.316,0.340,-0.134
20.800000,1040,0.43682,1.16313,-1.26840,1.34662,-0.90867,-0.60501,-0.62563,0.43287,1.15596,-1.25127,1.34942,-0.90257,-0.60392,-0.62473,0.44959,1.18877,-1.27220,1.37508,-0.90476,-0.57433,-0.64804,0.482,5.108,0.030,0.300,-0.331,0.330,-0.111
20.900000,1045,0.43377,1.15855,-1.26725,1.36836,-0.89608,-0.60043,-0.63288,0.43053,1.15024,-1.24903,1.37232,-0.89185,-0.59789,-0.63319,0.44734,1.18293,-1.27036,1.39774,-0.89446,-0.56845,-0.65626,0.493,4.939,0.060,0.368,-0.346,0.319,-0.089
21.000000,1050,0.43148,1.14711,-1.26267,1.39087,-0.88578,-0.59624,-0.63974,0.42841,1.14359,-1.24686,1.39422,-0.88132,-0.59234,-0.64152,0.44520,1.17614,-1.26846,1.41937,-0.88432,-0.56307,-0.66452,0.502,4.791,0.083,0.434,-0.361,0.308,-0.068
21.100000,1055,0.43148,1.14405,-1.26153,1.41223,-0.87891,-0.59319,-0.64890,0.42628,1.13593,-1.24431,1.41512,-0.87060,-0.58747,-0.65039,0.44314,1.16856,-1.26650,1.44002,-0.87437,-0.55820,-0.67280,0.512,4.652,0.102,0.499,-0.374,0.297,-0.049
21.200000,1060,0.42804,1.13528,-1.25657,1.43207,-0.86365,-0.58708,-0.65500,0.42429,1.12780,-1.24211,1.43511,-0.86078,-0.58285,-0.65883,0.44116,1.16023,-1.26450,1.45973,-0.86462,-0.55383,-0.68110,0.522,4.519,0.118,0.561,-0.386,0.286,-0.032
21.300000,1065,0.42232,1.12384,-1.25543,1.45191,-0.85869,-0.58136,-0.66301,0.42244,1.11882,-1.23993,1.45422,-0.85093,-0.57850,-0.66761,0.43925,1.15111,-1.26245,1.47849,-0.85508,-0.54996,-0.68943,0.533,4.393,0.132,0.621,-0.398,0.276,-0.016
21.400000,1070,0.42041,1.11239,-1.25161,1.46907,-0.85068,-0.57754,-0.67255,0.42052,1.10925,-1.23762,1.47237,-0.84123,-0.57485,-0.67597,0.43741,1.14124,-1.26038,1.49636,-0.84575,-0.54656,-0.69778,0.545,4.270,0.143,0.680,-0.409,0.266,-0.001
21.500000,1075,0.42003,1.10095,-1.24856,1.48700,-0.83695,-0.57564,-0.68171,0.41857,1.09862,-1.23507,1.48954,-0.83163,-0.57208,-0.68459,0.43563,1.13062,-1.25827,1.51333,-0.83663,-0.54364,-0.70615,0.557,4.150,0.154,0.737,-0.419,0.255,0.013
21.600000,1080,0.41965,1.09103,-1.24703,1.50340,-0.83199,-0.57449,-0.68934,0.41682,1.08725,-1.23258,1.50590,-0.82208,-0.56940,-0.69344,0.43390,1.11924,-1.25615,1.52943,-0.82775,-0.54119,-0.71454,0.570,4.032,0.163,0.793,-0.428,0.245,0.025
21.700000,1085,0.41698,1.07806,-1.24360,1.51828,-0.81940,-0.57373,-0.69697,0.41512,1.07536,-1.23026,1.52138,-0.81321,-0.56722,-0.70177,0.43223,1.10715,-1.25401,1.54467,-0.81910,-0.53920,-0.72293,0.583,3.915,0.172,0.848,-0.437,0.234,0.037
21.800000,1090,0.41507,1.06356,-1.24055,1.53354,-0.81024,-0.57144,-0.70459,0.41349,1.06257,-1.22797,1.53602,-0.80445,-0.56552,-0.71051,0.43061,1.09431,-1.25186,1.55904,-0.81072,-0.53768,-0.73133,0.597,3.798,0.179,0.903,-0.445,0.222,0.048
21.900000,1095,0.41469,1.05097,-1.23750,1.54727,-0.80567,-0.57030,-0.71222,0.41176,1.04902,-1.22544,1.54972,-0.79578,-0.56425,-0.71952,0.42904,1.08072,-1.24971,1.57251,-0.80260,-0.53661,-0.73972,0.613,3.681,0.185,0.957,-0.452,0.210,0.058
22.000000,1100,0.41469,1.03839,-1.23445,1.55986,-0.79727,-0.56992,-0.72024,0.41031,1.03444,-1.22315,1.56205,-0.78757,-0.56347,-0.72803,0.42762,1.06605,-1.24761,1.58454,-0.79485,-0.53600,-0.74793,0.639,3.561,0.187,1.007,-0.461,0.197,0.069
22.100000,1105,0.41431,1.01931,-1.23368,1.57054,-0.78621,-0.56953,-0.73092,0.40901,1.01863,-1.22095,1.57249,-0.78001,-0.56291,-0.73615,0.42641,1.05001,-1.24559,1.59473,-0.78754,-0.53586,-0.75587,0.665,3.440,0.189,1.055,-0.468,0.184,0.079
22.200000,1110,0.40859,1.00291,-1.23025,1.57970,-0.78202,-0.56953,-0.73816,0.40792,1.00209,-1.21905,1.58224,-0.77276,-0.56286,-0.74451,0.42523,1.03338,-1.24359,1.60417,-0.78052,-0.53615,-0.76381,0.677,3.322,0.195,1.112,-0.471,0.174,0.084
22.300000,1115,0.40554,0.98612,-1.22872,1.58924,-0.77629,-0.56953,-0.74579,0.40643,0.98555,-1.21680,1.59205,-0.76558,-0.56346,-0.75289,0.42391,1.01683,-1.24157,1.61383,-0.77366,-0.53682,-0.77197,0.686,3.203,0.200,1.171,-0.474,0.166,0.088
22.400000,1120,0.40363,0.96705,-1.22758,1.59954,-0.76447,-0.56992,-0.75609,0.40493,0.96875,-1.21456,1.60153,-0.75869,-0.56448,-0.76124,0.42255,0.99997,-1.23955,1.62313,-0.76707,-0.53788,-0.78020,0.702,3.083,0.202,1.224,-0.477,0.157,0.093
22.500000,1125,0.40363,0.95294,-1.22300,1.60755,-0.75836,-0.57030,-0.76372,0.40352,0.95111,-1.21232,1.61025,-0.75173,-0.56595,-0.77027,0.42123,0.98251,-1.23758,1.63162,-0.76082,-0.53935,-0.78838,0.719,2.961,0.203,1.275,-0.481,0.149,0.098
22.600000,1130,0.40363,0.93234,-1.22148,1.61594,-0.75455,-0.57106,-0.77173,0.40222,0.93340,-1.21055,1.61824,-0.74587,-0.56706,-0.77848,0.41996,0.96445,-1.23566,1.63928,-0.75492,-0.54120,-0.79648,0.737,2.838,0.203,1.323,-0.484,0.142,0.102
22.700000,1135,0.40058,0.91441,-1.21881,1.62281,-0.75035,-0.57259,-0.78051,0.40096,0.91464,-1.20859,1.62521,-0.73987,-0.56925,-0.78699,0.41873,0.94578,-1.23382,1.64606,-0.74940,-0.54344,-0.80448,0.755,2.714,0.203,1.366,-0.487,0.138,0.105
22.800000,1140,0.40020,0.89457,-1.21613,1.62815,-0.74005,-0.57487,-0.78737,0.39961,0.89559,-1.20658,1.63130,-0.73449,-0.57184,-0.79484,0.41755,0.92655,-1.23204,1.65200,-0.74426,-0.54605,-0.81239,0.773,2.587,0.201,1.404,-0.491,0.135,0.107
22.900000,1145,0.39829,0.87435,-1.21499,1.63463,-0.73433,-0.57602,-0.79500,0.39841,0.87587,-1.20494,1.63671,-0.72951,-0.57437,-0.80339,0.41642,0.90679,-1.23034,1.65711,-0.73950,-0.54900,-0.82020,0.792,2.459,0.199,1.433,-0.494,0.135,0.110
23.000000,1150,0.39829,0.85451,-1.21461,1.63807,-0.73128,-0.57793,-0.80569,0.39725,0.85575,-1.20319,1.64118,-0.72468,-0.57729,-0.81122,0.41533,0.88651,-1.22873,1.66139,-0.73513,-0.55229,-0.82788,0.811,2.330,0.196,1.452,-0.499,0.136,0.111
23.100000,1155,0.39829,0.83277,-1.21194,1.64112,-0.72823,-0.57983,-0.81255,0.39615,0.83504,-1.20177,1.64481,-0.72064,-0.58080,-0.81916,0.41431,0.86572,-1.22722,1.66478,-0.73118,-0.55591,-0.83543,0.831,2.198,0.191,1.457,-0.505,0.139,0.113
23.200000,1160,0.39829,0.81179,-1.21003,1.64417,-0.72746,-0.58441,-0.82056,0.39510,0.81379,-1.20026,1.64752,-0.71665,-0.58449,-0.82675,0.41334,0.84446,-1.22581,1.66735,-0.72763,-0.55983,-0.84284,0.851,2.064,0.185,1.451,-0.512,0.145,0.114
23.300000,1165,0.39791,0.78966,-1.20927,1.64608,-0.72403,-0.58861,-0.82781,0.39406,0.79202,-1.19881,1.64941,-0.71314,-0.58867,-0.83449,0.41243,0.82275,-1.22451,1.66909,-0.72449,-0.56402,-0.85011,0.871,1.929,0.178,1.429,-0.522,0.151,0.115
23.400000,1170,0.39791,0.76868,-1.20736,1.64608,-0.71984,-0.59471,-0.83544,0.39310,0.76991,-1.19759,1.65043,-0.71018,-0.59296,-0.84181,0.41158,0.80062,-1.22333,1.66996,-0.72177,-0.56850,-0.85721,0.891,1.792,0.169,1.394,-0.534,0.159,0.116
23.500000,1175,0.39714,0.74503,-1.20545,1.64608,-0.71221,-0.59814,-0.84269,0.39216,0.74729,-1.19653,1.65060,-0.70774,-0.59771,-0.84913,0.41080,0.77808,-1.22228,1.67001,-0.71945,-0.57321,-0.86417,0.912,1.654,0.158,1.349,-0.546,0.167,0.117
23.600000,1180,0.39218,0.72214,-1.20355,1.64608,-0.70954,-0.60196,-0.85108,0.39146,0.72458,-1.19581,1.65004,-0.70580,-0.60198,-0.85624,0.41009,0.75516,-1.22135,1.66921,-0.71756,-0.57816,-0.87095,0.933,1.516,0.144,1.296,-0.561,0.175,0.117
23.700000,1185,0.38951,0.69773,-1.20316,1.64569,-0.70877,-0.60539,-0.86100,0.39078,0.70151,-1.19527,1.64867,-0.70429,-0.60668,-0.86320,0.40945,0.73189,-1.22056,1.66757,-0.71607,-0.58332,-0.87757,0.954,1.377,0.128,1.239,-0.576,0.184,0.117
23.800000,1190,0.38951,0.67522,-1.20164,1.64569,-0.70877,-0.60997,-0.86520,0.39014,0.67790,-1.19466,1.64633,-0.70294,-0.61191,-0.87005,0.40890,0.70827,-1.21992,1.66508,-0.71500,-0.58867,-0.88401,0.976,1.240,0.109,1.183,-0.591,0.192,0.116
23.900000,1195,0.38951,0.65081,-1.20164,1.64455,-0.70839,-0.61607,-0.86939,0.38958,0.65404,-1.19412,1.64312,-0.70197,-0.61726,-0.87643,0.40843,0.68434,-1.21941,1.66176,-0.71433,-0.59419,-0.89028,0.997,1.105,0.086,1.129,-0.607,0.198,0.115
24.000000,1200,0.38913,0.62754,-1.20164,1.64074,-0.70839,-0.62256,-0.87626,0.38907,0.62972,-1.19374,1.63907,-0.70142,-0.62286,-0.88303,0.40804,0.66011,-1.21906,1.65759,-0.71406,-0.59987,-0.89638,1.019,0.973,0.060,1.083,-0.624,0.204,0.113
24.100000,1205,0.38723,0.60198,-1.20164,1.63539,-0.70839,-0.62752,-0.88351,0.38869,0.60531,-1.19374,1.63421,-0.70160,-0.62830,-0.88927,0.40775,0.63558,-1.21885,1.65258,-0.71417,-0.60569,-0.90231,1.041,0.846,0.030,1.043,-0.640,0.207,0.111
24.200000,1210,0.38723,0.57756,-1.20164,1.62929,-0.70839,-0.63095,-0.89075,0.38840,0.58054,-1.19385,1.62850,-0.70206,-0.63401,-0.89544,0.40755,0.61073,-1.21879,1.64671,-0.71467,-0.61164,-0.90808,1.063,0.725,-0.004,1.013,-0.657,0.208,0.108
24.300000,1215,0.38723,0.55315,-1.20164,1.62281,-0.70877,-0.63629,-0.89495,0.38825,0.55549,-1.19423,1.62189,-0.70303,-0.63978,-0.90116,0.40746,0.58552,-1.21889,1.63995,-0.71556,-0.61772,-0.91370,1.085,0.611,-0.042,0.993,-0.673,0.206,0.104
24.400000,1220,0.38723,0.52645,-1.20164,1.61480,-0.70915,-0.64392,-0.90220,0.38823,0.52984,-1.19458,1.61423,-0.70396,-0.64583,-0.90673,0.40749,0.55987,-1.21916,1.63220,-0.71683,-0.62393,-0.91917,1.111,0.506,-0.087,0.979,-0.691,0.201,0.101
24.500000,1225,0.38723,0.50165,-1.20164,1.60602,-0.70954,-0.65041,-0.90907,0.38839,0.50361,-1.19495,1.60480,-0.70525,-0.65201,-0.91251,0.40779,0.53384,-1.21972,1.62270,-0.71858,-0.63013,-0.92420,1.150,0.412,-0.144,0.971,-0.716,0.195,0.106
24.600000,1230,0.38723,0.47571,-1.20164,1.59381,-0.71030,-0.65651,-0.91441,0.38878,0.47680,-1.19583,1.59390,-0.70732,-0.65818,-0.91798,0.40830,0.50711,-1.22051,1.61171,-0.72078,-0.63646,-0.92901,1.168,0.325,-0.184,0.982,-0.729,0.179,0.086
24.700000,1235,0.38723,0.44824,-1.20164,1.58199,-0.71297,-0.66338,-0.92089,0.38904,0.44871,-1.19700,1.58276,-0.71007,-0.66493,-0.92260,0.40867,0.47892,-1.22126,1.60078,-0.72325,-0.64331,-0.93445,1.177,0.240,-0.224,1.004,-0.743,0.157,0.060
24.800000,1240,0.38723,0.42001,-1.20164,1.57016,-0.71755,-0.67253,-0.92432,0.38940,0.41921,-1.19857,1.57025,-0.71379,-0.67218,-0.92744,0.40914,0.44956,-1.22222,1.58844,-0.72623,-0.65047,-0.93991,1.205,0.162,-0.270,1.027,-0.758,0.140,0.050
24.900000,1245,0.38723,0.39102,-1.20164,1.55986,-0.72174,-0.67711,-0.93234,0.38954,0.39336,-1.19858,1.56317,-0.71751,-0.67820,-0.93208,0.40972,0.42453,-1.22099,1.58230,-0.72722,-0.65539,-0.94544,1.217,0.152,-0.014,1.610,-0.438,0.332,0.027
25.000000,1250,0.38723,0.37767,-1.19630,1.57436,-0.71144,-0.66757,-0.93653,0.38944,0.38666,-1.19240,1.58127,-0.71703,-0.67602,-0.93649,0.41041,0.41965,-1.21131,1.60193,-0.71961,-0.65103,-0.95050,1.230,0.758,0.072,1.756,-0.272,0.674,0.034
25.100000,1255,0.38723,0.38072,-1.18028,1.60907,-0.70419,-0.65498,-0.94035,0.38981,0.39084,-1.18078,1.61236,-0.70895,-0.66732,-0.94174,0.41125,0.42477,-1.19760,1.63350,-0.70787,-0.64202,-0.95502,1.232,0.951,0.091,1.779,-0.266,0.659,0.012
25.200000,1260,0.38723,0.38606,-1.16616,1.64188,-0.69695,-0.64812,-0.94378,0.39043,0.39587,-1.16666,1.64451,-0.69733,-0.65848,-0.94684,0.41211,0.43012,-1.18364,1.66566,-0.69592,-0.63282,-0.95958,1.229,1.092,0.112,1.796,-0.261,0.636,-0.013
25.300000,1265,0.38723,0.39178,-1.15090,1.67392,-0.67978,-0.64087,-0.94798,0.39107,0.40252,-1.15243,1.67551,-0.68494,-0.64962,-0.95187,0.41287,0.43702,-1.17047,1.69642,-0.68443,-0.62371,-0.96340,1.204,1.306,0.128,1.801,-0.262,0.612,0.085
25.400000,1270,0.38723,0.40819,-1.14289,1.69605,-0.67520,-0.63095,-0.94645,0.39087,0.42269,-1.14269,1.69684,-0.67335,-0.64096,-0.95429,0.41280,0.45762,-1.16339,1.71718,-0.67643,-0.61501,-0.96138,1.129,1.566,0.060,1.785,-0.297,0.578,0.393
25.500000,1275,0.38723,0.43947,-1.14289,1.70788,-0.66643,-0.62561,-0.94264,0.38977,0.45275,-1.13751,1.71061,-0.66465,-0.63377,-0.95150,0.41201,0.48819,-1.16089,1.73096,-0.67116,-0.60687,-0.95553,1.104,1.848,0.050,1.774,-0.311,0.544,0.384
25.600000,1280,0.38723,0.47304,-1.14289,1.71894,-0.65651,-0.62103,-0.93958,0.38910,0.48298,-1.13421,1.72214,-0.65833,-0.62622,-0.94591,0.41139,0.51860,-1.15905,1.74254,-0.66671,-0.59891,-0.94916,1.100,2.110,0.094,1.763,-0.315,0.514,0.357
25.700000,1285,0.38723,0.50394,-1.13831,1.72847,-0.65270,-0.61607,-0.93577,0.38880,0.51258,-1.13208,1.73240,-0.65376,-0.61851,-0.93922,0.41090,0.54804,-1.15750,1.75275,-0.66286,-0.59118,-0.94275,1.084,2.353,0.156,1.758,-0.310,0.483,0.316
25.800000,1290,0.38723,0.53408,-1.13641,1.73916,-0.65117,-0.60806,-0.93119,0.38837,0.54105,-1.13031,1.74293,-0.65006,-0.61111,-0.93309,0.41030,0.57632,-1.15593,1.76317,-0.65934,-0.58391,-0.93701,1.055,2.576,0.225,1.759,-0.298,0.454,0.269
25.900000,1295,0.38723,0.56345,-1.13259,1.74869,-0.64926,-0.60120,-0.92585,0.38795,0.56864,-1.12843,1.75265,-0.64639,-0.60415,-0.92756,0.40977,0.60392,-1.15451,1.77286,-0.65625,-0.57684,-0.93132,1.052,2.786,0.269,1.743,-0.298,0.433,0.250
26.000000,1300,0.38723,0.59091,-1.13183,1.75556,-0.64545,-0.59624,-0.91975,0.38787,0.59621,-1.12689,1.76036,-0.64334,-0.59705,-0.92094,0.40956,0.63137,-1.15351,1.78053,-0.65376,-0.56970,-0.92494,1.048,2.986,0.314,1.718,-0.298,0.414,0.228
26.100000,1305,0.38723,0.61876,-1.13183,1.76281,-0.63934,-0.59166,-0.91555,0.38788,0.62335,-1.12559,1.76691,-0.64079,-0.59026,-0.91446,0.40951,0.65854,-1.15276,1.78710,-0.65178,-0.56264,-0.91827,1.036,3.176,0.364,1.692,-0.294,0.396,0.202
26.200000,1310,0.38723,0.64623,-1.13145,1.76891,-0.63362,-0.58174,-0.91174,0.38802,0.65026,-1.12464,1.77265,-0.63895,-0.58336,-0.90779,0.40955,0.68543,-1.15221,1.79278,-0.65026,-0.55570,-0.91140,1.023,3.356,0.411,1.656,-0.292,0.379,0.177
26.300000,1315,0.38723,0.67408,-1.12878,1.77158,-0.63057,-0.57564,-0.90411,0.38833,0.67703,-1.12395,1.77749,-0.63746,-0.57652,-0.90068,0.40969,0.71207,-1.15186,1.79759,-0.64923,-0.54889,-0.90432,1.010,3.529,0.452,1.609,-0.292,0.365,0.153
26.400000,1320,0.38723,0.70078,-1.12687,1.77616,-0.63057,-0.57106,-0.89495,0.38870,0.70350,-1.12341,1.78143,-0.63648,-0.56997,-0.89310,0.40991,0.73846,-1.15171,1.80154,-0.64868,-0.54223,-0.89701,0.996,3.695,0.488,1.548,-0.295,0.352,0.130
26.500000,1325,0.38723,0.72786,-1.12534,1.78036,-0.63057,-0.56724,-0.88923,0.38914,0.72960,-1.12304,1.78448,-0.63588,-0.56364,-0.88545,0.41022,0.76457,-1.15175,1.80464,-0.64862,-0.53575,-0.88947,0.981,3.856,0.518,1.473,-0.298,0.340,0.108
26.600000,1330,0.38723,0.75457,-1.12534,1.78150,-0.63057,-0.55962,-0.88274,0.38967,0.75539,-1.12279,1.78674,-0.63575,-0.55751,-0.87775,0.41060,0.79038,-1.15197,1.80689,-0.64906,-0.52947,-0.88171,0.965,4.012,0.541,1.380,-0.304,0.330,0.087
26.700000,1335,0.38723,0.78013,-1.12496,1.78226,-0.63057,-0.55313,-0.87435,0.39017,0.78091,-1.12273,1.78807,-0.63628,-0.55159,-0.87000,0.41105,0.81587,-1.15238,1.80827,-0.65001,-0.52341,-0.87373,0.950,4.163,0.556,1.272,-0.312,0.321,0.068
26.800000,1340,0.38723,0.80569,-1.12496,1.78226,-0.63095,-0.54855,-0.86634,0.39089,0.80615,-1.12299,1.78855,-0.63735,-0.54588,-0.86124,0.41156,0.84099,-1.15297,1.80877,-0.65149,-0.51760,-0.86552,0.933,4.312,0.564,1.150,-0.320,0.313,0.050
26.900000,1345,0.38723,0.83010,-1.12496,1.78226,-0.63133,-0.54397,-0.85986,0.39161,0.83096,-1.12346,1.78820,-0.63902,-0.54040,-0.85278,0.41213,0.86573,-1.15372,1.80842,-0.65347,-0.51207,-0.85709,0.916,4.456,0.564,1.021,-0.327,0.306,0.033
27.000000,1350,0.38723,0.85528,-1.12496,1.78226,-0.63400,-0.53940,-0.85146,0.39242,0.85536,-1.12410,1.78700,-0.64115,-0.53519,-0.84398,0.41275,0.89005,-1.15463,1.80722,-0.65596,-0.50684,-0.84847,0.899,4.598,0.556,0.886,-0.335,0.299,0.016
27.100000,1355,0.38723,0.87969,-1.12496,1.78226,-0.63477,-0.53368,-0.84116,0.39319,0.87924,-1.12481,1.78488,-0.64383,-0.53046,-0.83525,0.41341,0.91392,-1.15570,1.80515,-0.65896,-0.50193,-0.83964,0.882,4.736,0.540,0.751,-0.341,0.293,0.001
27.200000,1360,0.38761,0.90411,-1.12496,1.78112,-0.63858,-0.52910,-0.83315,0.39410,0.90276,-1.12567,1.78192,-0.64687,-0.52598,-0.82578,0.41412,0.93731,-1.15690,1.80223,-0.66247,-0.49737,-0.83063,0.864,4.871,0.517,0.620,-0.347,0.287,-0.014
27.300000,1365,0.38761,0.92699,-1.12534,1.77845,-0.64774,-0.52490,-0.82285,0.39508,0.92576,-1.12674,1.77814,-0.65046,-0.52160,-0.81650,0.41487,0.96018,-1.15824,1.79843,-0.66647,-0.49318,-0.82143,0.847,5.003,0.486,0.496,-0.350,0.281,-0.028
27.400000,1370,0.38761,0.94950,-1.12534,1.77311,-0.65384,-0.52185,-0.81446,0.39603,0.94809,-1.12794,1.77347,-0.65464,-0.51801,-0.80697,0.41565,0.98251,-1.15969,1.79379,-0.67097,-0.48938,-0.81208,0.829,5.131,0.447,0.381,-0.352,0.275,-0.041
27.500000,1375,0.38761,0.97239,-1.12534,1.76700,-0.65498,-0.51956,-0.80683,0.39693,0.96984,-1.12908,1.76783,-0.65922,-0.51492,-0.79719,0.41646,1.00428,-1.16126,1.78828,-0.67593,-0.48598,-0.80258,0.811,5.255,0.402,0.276,-0.352,0.268,-0.053
27.600000,1380,0.38799,0.99337,-1.12534,1.75976,-0.65842,-0.51689,-0.79615,0.39797,0.99112,-1.13060,1.76141,-0.66440,-0.51201,-0.78707,0.41730,1.02544,-1.16293,1.78191,-0.68137,-0.48302,-0.79294,0.794,5.376,0.350,0.181,-0.350,0.259,-0.064
27.700000,1385,0.39028,1.01512,-1.12534,1.75251,-0.66185,-0.51498,-0.78509,0.39898,1.01171,-1.13212,1.75412,-0.67000,-0.50964,-0.77713,0.41816,1.04598,-1.16469,1.77470,-0.68724,-0.48049,-0.78319,0.777,5.493,0.293,0.096,-0.346,0.249,-0.075
27.800000,1390,0.39028,1.03533,-1.12573,1.74412,-0.67139,-0.51422,-0.77707,0.40011,1.03173,-1.13379,1.74601,-0.67594,-0.50740,-0.76703,0.41906,1.06588,-1.16652,1.76663,-0.69355,-0.47842,-0.77333,0.760,5.605,0.230,0.018,-0.341,0.238,-0.085
27.900000,1395,0.39066,1.05479,-1.12649,1.73343,-0.68016,-0.51346,-0.76258,0.40114,1.05104,-1.13544,1.73697,-0.68249,-0.50605,-0.75678,0.41997,1.08510,-1.16842,1.75771,-0.70026,-0.47683,-0.76338,0.743,5.715,0.164,-0.052,-0.335,0.224,-0.095
28.000000,1400,0.39295,1.07310,-1.12763,1.72313,-0.68398,-0.51117,-0.75533,0.40215,1.06961,-1.13726,1.72714,-0.68951,-0.50505,-0.74649,0.42091,1.10364,-1.17038,1.74796,-0.70737,-0.47570,-0.75336,0.727,5.820,0.095,-0.116,-0.327,0.210,-0.104
28.100000,1405,0.39867,1.08950,-1.13221,1.71207,-0.68779,-0.50964,-0.74351,0.40329,1.08762,-1.13920,1.71648,-0.69684,-0.50446,-0.73582,0.42188,1.12145,-1.17238,1.73734,-0.71485,-0.47507,-0.74328,0.712,5.923,0.025,-0.175,-0.319,0.195,-0.112
28.200000,1410,0.39905,1.10972,-1.13335,1.70101,-0.70152,-0.50926,-0.73511,0.40457,1.10472,-1.14110,1.70497,-0.70432,-0.50420,-0.72566,0.42287,1.13856,-1.17442,1.72592,-0.72267,-0.47492,-0.73316,0.697,6.021,-0.045,-0.231,-0.309,0.180,-0.120
28.300000,1415,0.40134,1.12460,-1.13717,1.68880,-0.70725,-0.50850,-0.72519,0.40569,1.12110,-1.14296,1.69256,-0.71228,-0.50484,-0.71513,0.42389,1.15490,-1.17648,1.71363,-0.73083,-0.47530,-0.72300,0.683,6.117,-0.115,-0.284,-0.300,0.166,-0.127
28.400000,1420,0.40134,1.14024,-1.13946,1.67507,-0.71373,-0.50926,-0.71337,0.40693,1.13691,-1.14516,1.67938,-0.72083,-0.50569,-0.70420,0.42494,1.17050,-1.17856,1.70054,-0.73928,-0.47616,-0.71283,0.670,6.209,-0.183,-0.335,-0.290,0.153,-0.133
28.500000,1425,0.40134,1.15664,-1.14098,1.66057,-0.72479,-0.51041,-0.70231,0.40824,1.15175,-1.14712,1.66536,-0.72927,-0.50704,-0.69387,0.42603,1.18531,-1.18064,1.68660,-0.74803,-0.47754,-0.70266,0.657,6.298,-0.250,-0.385,-0.280,0.143,-0.139
28.600000,1430,0.40210,1.17038,-1.14632,1.64493,-0.73281,-0.51231,-0.69201,0.40941,1.16582,-1.14906,1.65042,-0.73815,-0.50927,-0.68312,0.42714,1.19934,-1.18272,1.67184,-0.75704,-0.47943,-0.69249,0.646,6.384,-0.314,-0.435,-0.270,0.136,-0.145
28.700000,1435,0.40477,1.18487,-1.14709,1.63005,-0.73967,-0.51575,-0.68247,0.41079,1.17915,-1.15120,1.63478,-0.74732,-0.51157,-0.67258,0.42830,1.21257,-1.18479,1.65625,-0.76628,-0.48183,-0.68234,0.635,6.467,-0.376,-0.484,-0.260,0.131,-0.150
28.800000,1440,0.40477,1.19861,-1.15281,1.61327,-0.74959,-0.51803,-0.67293,0.41216,1.19156,-1.15313,1.61825,-0.75646,-0.51447,-0.66227,0.42949,1.22501,-1.18683,1.63985,-0.77575,-0.48473,-0.67221,0.626,6.548,-0.404,-0.534,-0.250,0.129,-0.155
28.900000,1445,0.40706,1.20891,-1.15281,1.59610,-0.76027,-0.51956,-0.66034,0.41358,1.20341,-1.15529,1.60096,-0.76630,-0.51796,-0.65167,0.43074,1.23665,-1.18883,1.62263,-0.78542,-0.48815,-0.66211,0.617,6.626,-0.395,-0.585,-0.241,0.129,-0.159
29.000000,1450,0.40744,1.21997,-1.15281,1.57703,-0.76676,-0.52376,-0.65004,0.41499,1.21425,-1.15736,1.58278,-0.77617,-0.52193,-0.64129,0.43203,1.24748,-1.19080,1.60460,-0.79527,-0.49206,-0.65205,0.610,6.701,-0.386,-0.636,-0.233,0.132,-0.162
29.100000,1455,0.40973,1.23256,-1.15891,1.55834,-0.78125,-0.52719,-0.63898,0.41637,1.22423,-1.15911,1.56378,-0.78586,-0.52642,-0.63131,0.43338,1.25748,-1.19272,1.58574,-0.80528,-0.49649,-0.64203,0.604,6.773,-0.378,-0.688,-0.225,0.136,-0.165
29.200000,1460,0.41355,1.23942,-1.15929,1.53926,-0.78926,-0.53100,-0.62830,0.41803,1.23366,-1.16131,1.54400,-0.79621,-0.53134,-0.62027,0.43479,1.26668,-1.19458,1.56607,-0.81544,-0.50142,-0.63205,0.599,6.842,-0.370,-0.741,-0.219,0.142,-0.167
29.300000,1465,0.41622,1.25010,-1.16197,1.51752,-0.79651,-0.53787,-0.62067,0.41968,1.24204,-1.16312,1.52335,-0.80636,-0.53682,-0.61001,0.43627,1.27504,-1.19637,1.54556,-0.82573,-0.50685,-0.62212,0.596,6.907,-0.363,-0.794,-0.214,0.149,-0.169
29.400000,1470,0.41812,1.25087,-1.16502,1.49654,-0.81139,-0.54474,-0.60694,0.42144,1.24984,-1.16516,1.50188,-0.81693,-0.54263,-0.59941,0.43782,1.28258,-1.19809,1.52421,-0.83614,-0.51279,-0.61223,0.593,6.967,-0.357,-0.848,-0.210,0.156,-0.170
29.500000,1475,0.41812,1.26307,-1.16578,1.47403,-0.81826,-0.54970,-0.59778,0.42314,1.25629,-1.16676,1.47950,-0.82723,-0.54948,-0.58961,0.43946,1.28930,-1.19973,1.50202,-0.84667,-0.51922,-0.60238,0.592,7.024,-0.352,-0.903,-0.209,0.163,-0.170
29.600000,1480,0.41851,1.27032,-1.16616,1.45114,-0.83046,-0.55504,-0.58557,0.42496,1.26233,-1.16840,1.45629,-0.83781,-0.55620,-0.57943,0.44119,1.29522,-1.20127,1.47897,-0.85730,-0.52616,-0.59255,0.593,7.073,-0.347,-0.957,-0.210,0.169,-0.168
29.700000,1485,0.42080,1.27795,-1.16807,1.42673,-0.84114,-0.56229,-0.57489,0.42690,1.26750,-1.17008,1.43223,-0.84865,-0.56366,-0.56935,0.44302,1.30030,-1.20273,1.45500,-0.86804,-0.53362,-0.58275,0.595,7.117,-0.344,-1.011,-0.214,0.172,-0.165
29.800000,1490,0.42156,1.28100,-1.17188,1.40155,-0.84954,-0.57144,-0.56841,0.42897,1.27184,-1.17155,1.40709,-0.85938,-0.57172,-0.55869,0.44497,1.30457,-1.20408,1.43006,-0.87890,-0.54161,-0.57293,0.599,7.155,-0.341,-1.065,-0.221,0.173,-0.161
29.900000,1495,0.42385,1.28253,-1.17265,1.37675,-0.86480,-0.57907,-0.55582,0.43127,1.27541,-1.17315,1.38103,-0.87045,-0.58012,-0.54868,0.44706,1.30802,-1.20532,1.40406,-0.88991,-0.55018,-0.56308,0.604,7.187,-0.340,-1.118,-0.231,0.171,-0.154
30.000000,1500,0.42537,1.28329,-1.17265,1.34929,-0.87471,-0.58746,-0.54514,0.43358,1.27807,-1.17445,1.35364,-0.88147,-0.58941,-0.53831,0.44930,1.31064,-1.20646,1.37688,-0.90110,-0.55935,-0.55316,0.612,7.212,-0.340,-1.171,-0.245,0.165,-0.145
30.100000,1505,0.43224,1.28367,-1.17379,1.32068,-0.88997,-0.59967,-0.53408,0.43606,1.27977,-1.17556,1.32489,-0.89263,-0.59942,-0.52773,0.45173,1.31233,-1.20746,1.34834,-0.91249,-0.56917,-0.54311,0.625,7.210,-0.341,-1.222,-0.262,0.156,-0.134
30.200000,1510,0.43491,1.28367,-1.17455,1.29016,-0.89760,-0.60844,-0.52225,0.43886,1.27953,-1.17676,1.29444,-0.90451,-0.60991,-0.51717,0.45452,1.31217,-1.20829,1.31819,-0.92395,-0.57947,-0.53293,0.648,7.147,-0.341,-1.271,-0.284,0.143,-0.119
30.300000,1515,0.43529,1.28367,-1.17455,1.25812,-0.91401,-0.62103,-0.51157,0.44193,1.27833,-1.17818,1.26226,-0.91697,-0.62102,-0.50621,0.45752,1.31107,-1.20899,1.28643,-0.93569,-0.59058,-0.52262,0.655,7.201,-0.353,-1.321,-0.311,0.123,-0.103
30.400000,1520,0.43987,1.28329,-1.17837,1.22455,-0.92469,-0.63248,-0.50089,0.44483,1.27765,-1.17954,1.22987,-0.92995,-0.63341,-0.49445,0.46066,1.31087,-1.20954,1.25488,-0.94745,-0.60215,-0.51233,0.687,7.494,-0.335,-1.357,-0.331,0.119,-0.086
30.500000,1525,0.44139,1.28902,-1.17837,1.21081,-0.93651,-0.63019,-0.49135,0.44961,1.28842,-1.18240,1.22290,-0.94209,-0.63474,-0.48436,0.46611,1.32278,-1.20851,1.24958,-0.95209,-0.60208,-0.50409,0.758,7.671,-0.184,-0.698,0.035,0.709,-0.104
30.600000,1530,0.45398,1.31534,-1.17875,1.24209,-0.93346,-0.60921,-0.48410,0.45665,1.31101,-1.18403,1.24748,-0.94609,-0.62097,-0.47785,0.47426,1.34628,-1.20575,1.27529,-0.94779,-0.58741,-0.49873,0.745,7.630,-0.103,-0.664,0.144,0.703,-0.100
30.700000,1535,0.45856,1.33899,-1.17875,1.27185,-0.93079,-0.59280,-0.47380,0.46528,1.33562,-1.18217,1.27600,-0.94286,-0.60486,-0.47195,0.48273,1.37091,-1.20282,1.30386,-0.94269,-0.57134,-0.49355,0.716,7.564,-0.052,-0.660,0.103,0.674,-0.068
30.800000,1540,0.46924,1.36302,-1.17875,1.30122,-0.92927,-0.57678,-0.46770,0.47379,1.36030,-1.17925,1.30468,-0.93819,-0.58887,-0.46649,0.49114,1.39538,-1.19990,1.33234,-0.93758,-0.55533,-0.48844,0.680,7.483,-0.009,-0.664,0.067,0.646,-0.051
30.900000,1545,0.47458,1.38553,-1.17875,1.32907,-0.91973,-0.56419,-0.46770,0.47950,1.37758,-1.17746,1.33418,-0.93178,-0.57345,-0.46416,0.49659,1.41217,-1.19766,1.36178,-0.93014,-0.53998,-0.48804,0.477,7.321,-0.042,-0.646,0.091,0.614,-0.489
31.000000,1550,0.47649,1.39163,-1.17875,1.36264,-0.91210,-0.55046,-0.47952,0.47908,1.38128,-1.17825,1.36700,-0.92170,-0.55880,-0.47147,0.49565,1.41485,-1.19679,1.39422,-0.91787,-0.52631,-0.49764,0.245,6.916,-0.073,-0.580,0.060,0.577,-0.512
31.100000,1555,0.47611,1.39163,-1.17875,1.39545,-0.90371,-0.54054,-0.49364,0.47727,1.38234,-1.17779,1.39943,-0.90918,-0.54610,-0.48252,0.49355,1.41550,-1.19612,1.42626,-0.90509,-0.51397,-0.50895,0.238,6.727,-0.063,-0.518,0.019,0.543,-0.467
31.200000,1560,0.47611,1.39163,-1.17875,1.42673,-0.88959,-0.52910,-0.50279,0.47523,1.38263,-1.17641,1.43026,-0.89608,-0.53483,-0.49405,0.49151,1.41569,-1.19538,1.45678,-0.89263,-0.50273,-0.52020,0.246,6.477,-0.046,-0.461,-0.017,0.513,-0.422
31.300000,1565,0.47573,1.39125,-1.17875,1.45610,-0.88158,-0.52070,-0.51348,0.47353,1.38106,-1.17475,1.45940,-0.88282,-0.52399,-0.50542,0.48976,1.41404,-1.19441,1.48561,-0.88019,-0.49202,-0.53128,0.261,6.212,-0.029,-0.403,-0.050,0.488,-0.379
31.400000,1570,0.47573,1.39125,-1.17875,1.48433,-0.86594,-0.51231,-0.52187,0.47191,1.37829,-1.17284,1.48706,-0.86975,-0.51399,-0.51665,0.48821,1.41124,-1.19327,1.51302,-0.86787,-0.48197,-0.54224,0.272,5.998,-0.018,-0.345,-0.081,0.464,-0.339
31.500000,1575,0.47535,1.39011,-1.17875,1.51065,-0.85831,-0.50278,-0.52950,0.47052,1.37483,-1.17109,1.51361,-0.85703,-0.50427,-0.52784,0.48679,1.40759,-1.19200,1.53923,-0.85567,-0.47257,-0.55313,0.282,5.799,-0.010,-0.287,-0.109,0.444,-0.301
31.600000,1580,0.47229,1.37752,-1.17799,1.53583,-0.84420,-0.49400,-0.53903,0.46930,1.37076,-1.16962,1.53911,-0.84505,-0.49517,-0.53845,0.48548,1.40309,-1.19060,1.56439,-0.84355,-0.46378,-0.56401,0.292,5.613,-0.004,-0.229,-0.134,0.426,-0.266
31.700000,1585,0.47039,1.37370,-1.17799,1.56101,-0.83313,-0.48790,-0.55086,0.46805,1.36515,-1.16734,1.56357,-0.83186,-0.48709,-0.55013,0.48426,1.39772,-1.18908,1.58860,-0.83149,-0.45557,-0.57493,0.303,5.439,0.001,-0.170,-0.156,0.411,-0.233
31.800000,1590,0.47039,1.36531,-1.17799,1.58390,-0.82321,-0.48027,-0.56078,0.46682,1.35914,-1.16518,1.58721,-0.81946,-0.47927,-0.56128,0.48313,1.39151,-1.18744,1.61195,-0.81946,-0.44791,-0.58592,0.314,5.276,0.003,-0.110,-0.177,0.399,-0.203
31.900000,1595,0.47001,1.35806,-1.17761,1.60717,-0.80948,-0.47149,-0.57413,0.46577,1.35212,-1.16294,1.61001,-0.80675,-0.47199,-0.57275,0.48206,1.38443,-1.18569,1.63446,-0.80746,-0.44080,-0.59700,0.326,5.123,0.005,-0.049,-0.196,0.388,-0.176
32.000000,1600,0.47001,1.35501,-1.17494,1.62891,-0.79766,-0.46615,-0.58138,0.46470,1.34420,-1.16049,1.63195,-0.79406,-0.46551,-0.58419,0.48106,1.37649,-1.18384,1.65618,-0.79550,-0.43424,-0.60818,0.338,4.979,0.005,0.013,-0.214,0.379,-0.150
32.100000,1605,0.47001,1.33975,-1.17112,1.65104,-0.78430,-0.46196,-0.59206,0.46376,1.33563,-1.15838,1.65314,-0.78186,-0.45918,-0.59522,0.48011,1.36767,-1.18189,1.67709,-0.78360,-0.42822,-0.61948,0.351,4.843,0.003,0.077,-0.230,0.371,-0.126
32.200000,1610,0.46734,1.32869,-1.17074,1.67049,-0.77629,-0.45471,-0.60312,0.46286,1.32608,-1.15609,1.67365,-0.76980,-0.45334,-0.60740,0.47920,1.35795,-1.17986,1.69720,-0.77177,-0.42278,-0.63090,0.365,4.712,0.000,0.140,-0.245,0.363,-0.104
32.300000,1615,0.46734,1.31839,-1.16692,1.69033,-0.76065,-0.44937,-0.61380,0.46188,1.31543,-1.15360,1.69317,-0.75748,-0.44860,-0.61914,0.47833,1.34735,-1.17774,1.71652,-0.76003,-0.41790,-0.64243,0.380,4.587,-0.004,0.205,-0.258,0.356,-0.084
32.400000,1620,0.46695,1.30771,-1.16464,1.70940,-0.75188,-0.44517,-0.62677,0.46105,1.30404,-1.15100,1.71199,-0.74513,-0.44405,-0.63104,0.47749,1.33589,-1.17556,1.73506,-0.74842,-0.41359,-0.65408,0.395,4.464,-0.010,0.270,-0.271,0.349,-0.065
32.500000,1625,0.46505,1.29359,-1.16235,1.72771,-0.73548,-0.44250,-0.63669,0.46010,1.29185,-1.14829,1.72998,-0.73321,-0.44023,-0.64297,0.47667,1.32354,-1.17331,1.75280,-0.73696,-0.40986,-0.66584,0.410,4.344,-0.017,0.335,-0.283,0.341,-0.047
32.600000,1630,0.46467,1.27986,-1.15777,1.74450,-0.72746,-0.43983,-0.64966,0.45933,1.27862,-1.14578,1.74722,-0.72121,-0.43690,-0.65522,0.47587,1.31029,-1.17101,1.76973,-0.72567,-0.40673,-0.67772,0.427,4.225,-0.025,0.401,-0.294,0.331,-0.031
32.700000,1635,0.46467,1.26765,-1.15548,1.76090,-0.71373,-0.43831,-0.65920,0.45842,1.26458,-1.14297,1.76357,-0.70959,-0.43429,-0.66747,0.47509,1.29616,-1.16866,1.78585,-0.71459,-0.40420,-0.68969,0.444,4.106,-0.035,0.468,-0.305,0.320,-0.016
32.800000,1640,0.46428,1.25201,-1.15319,1.77692,-0.70458,-0.43678,-0.67179,0.45767,1.24971,-1.14049,1.77923,-0.69827,-0.43196,-0.67979,0.47432,1.28116,-1.16628,1.80117,-0.70375,-0.40227,-0.70175,0.462,3.989,-0.045,0.535,-0.314,0.308,-0.001
32.900000,1645,0.46161,1.23523,-1.15014,1.79180,-0.69695,-0.43602,-0.68590,0.45684,1.23397,-1.13780,1.79403,-0.68718,-0.43043,-0.69224,0.47355,1.26530,-1.16388,1.81568,-0.69317,-0.40094,-0.71389,0.481,3.871,-0.057,0.603,-0.324,0.293,0.012
33.000000,1650,0.45894,1.21882,-1.14823,1.80630,-0.68054,-0.43564,-0.69658,0.45595,1.21740,-1.13510,1.80796,-0.67649,-0.42954,-0.70456,0.47278,1.24857,-1.16146,1.82936,-0.68290,-0.40023,-0.72609,0.500,3.753,-0.071,0.671,-0.332,0.276,0.025
33.100000,1655,0.45665,1.19975,-1.14404,1.81888,-0.67482,-0.43564,-0.70841,0.45523,1.19994,-1.13256,1.82117,-0.66593,-0.42893,-0.71727,0.47200,1.23099,-1.15903,1.84221,-0.67296,-0.40012,-0.73834,0.520,3.634,-0.085,0.740,-0.340,0.260,0.036
33.200000,1660,0.45627,1.18182,-1.14289,1.83071,-0.66071,-0.43564,-0.71947,0.45424,1.18145,-1.12976,1.83343,-0.65573,-0.42954,-0.73004,0.47122,1.21257,-1.15662,1.85423,-0.66339,-0.40062,-0.75062,0.540,3.515,-0.101,0.809,-0.348,0.243,0.048
33.300000,1665,0.45398,1.16351,-1.13831,1.84215,-0.65270,-0.43602,-0.73511,0.45346,1.16228,-1.12717,1.84489,-0.64592,-0.43024,-0.74281,0.47043,1.19332,-1.15422,1.86539,-0.65424,-0.40174,-0.76291,0.562,3.394,-0.108,0.877,-0.355,0.227,0.058
33.400000,1670,0.45398,1.14100,-1.13755,1.85322,-0.64735,-0.43640,-0.74618,0.45257,1.14259,-1.12475,1.85555,-0.63697,-0.43152,-0.75516,0.46962,1.17326,-1.15185,1.87570,-0.64552,-0.40346,-0.77518,0.584,3.273,-0.102,0.945,-0.362,0.215,0.068
33.500000,1675,0.45360,1.12155,-1.13374,1.86390,-0.63286,-0.43754,-0.76105,0.45158,1.12166,-1.12208,1.86524,-0.62808,-0.43387,-0.76791,0.46880,1.15243,-1.14953,1.88518,-0.63726,-0.40575,-0.78741,0.606,3.150,-0.097,1.011,-0.368,0.205,0.076
33.600000,1680,0.45360,1.09828,-1.13145,1.87267,-0.62676,-0.43945,-0.76983,0.45072,1.10024,-1.11973,1.87422,-0.61978,-0.43617,-0.78056,0.46797,1.13084,-1.14726,1.89380,-0.62950,-0.40863,-0.79959,0.629,3.025,-0.093,1.075,-0.374,0.198,0.085
33.700000,1685,0.45360,1.07691,-1.12878,1.88030,-0.62218,-0.44059,-0.78432,0.44982,1.07800,-1.11742,1.88224,-0.61214,-0.43924,-0.79308,0.46713,1.10850,-1.14506,1.90152,-0.62229,-0.41208,-0.81168,0.653,2.898,-0.089,1.134,-0.381,0.195,0.092
33.800000,1690,0.45360,1.05288,-1.12496,1.88755,-0.61073,-0.44441,-0.79577,0.44884,1.05505,-1.11520,1.88931,-0.60508,-0.44325,-0.80512,0.46628,1.08544,-1.14295,1.90838,-0.61564,-0.41609,-0.82366,0.677,2.770,-0.086,1.188,-0.388,0.195,0.098
33.900000,1695,0.45284,1.03037,-1.12305,1.89365,-0.60387,-0.44746,-0.80988,0.44787,1.03120,-1.11291,1.89559,-0.59827,-0.44743,-0.81776,0.46542,1.06172,-1.14093,1.91437,-0.60956,-0.42061,-0.83550,0.702,2.639,-0.083,1.236,-0.395,0.199,0.104
34.000000,1700,0.45055,1.00443,-1.12038,1.89938,-0.60043,-0.44975,-0.82056,0.44694,1.00718,-1.11117,1.90103,-0.59272,-0.45197,-0.82981,0.46455,1.03734,-1.13903,1.91948,-0.60409,-0.42565,-0.84719,0.727,2.505,-0.080,1.272,-0.404,0.206,0.108
34.100000,1705,0.45055,0.98078,-1.11771,1.90281,-0.59700,-0.45624,-0.83239,0.44595,0.98213,-1.10915,1.90549,-0.58725,-0.45725,-0.84177,0.46368,1.01234,-1.13725,1.92370,-0.59925,-0.43116,-0.85870,0.753,2.369,-0.078,1.296,-0.415,0.214,0.112
34.200000,1710,0.44864,0.95408,-1.11657,1.90701,-0.59280,-0.46425,-0.84460,0.44499,0.95656,-1.10747,1.90900,-0.58260,-0.46309,-0.85330,0.46282,0.98677,-1.13562,1.92704,-0.59504,-0.43713,-0.87000,0.780,2.231,-0.078,1.306,-0.429,0.225,0.114
34.300000,1715,0.44826,0.92738,-1.11581,1.90853,-0.58670,-0.46882,-0.85871,0.44393,0.93047,-1.10579,1.91166,-0.57861,-0.46928,-0.86496,0.46196,0.96066,-1.13414,1.92949,-0.59150,-0.44352,-0.88108,0.806,2.090,-0.080,1.299,-0.446,0.237,0.116
34.400000,1720,0.44826,0.90105,-1.11581,1.90968,-0.58060,-0.47378,-0.86901,0.44302,0.90411,-1.10463,1.91352,-0.57562,-0.47552,-0.87604,0.46113,0.93404,-1.13283,1.93104,-0.58863,-0.45031,-0.89191,0.834,1.947,-0.085,1.277,-0.465,0.250,0.117
34.500000,1725,0.44826,0.87397,-1.11199,1.90968,-0.57831,-0.48027,-0.87702,0.44213,0.87711,-1.10365,1.91442,-0.57317,-0.48237,-0.88712,0.46031,0.90696,-1.13171,1.93170,-0.58643,-0.45745,-0.90248,0.861,1.803,-0.094,1.241,-0.487,0.263,0.118
34.600000,1730,0.44750,0.84688,-1.11123,1.90968,-0.57793,-0.48828,-0.89075,0.44120,0.84962,-1.10269,1.91436,-0.57124,-0.48960,-0.89782,0.45954,0.87947,-1.13078,1.93147,-0.58490,-0.46492,-0.91277,0.889,1.657,-0.107,1.193,-0.511,0.276,0.118
34.700000,1735,0.44407,0.81751,-1.11008,1.90968,-0.57793,-0.49400,-0.89877,0.44035,0.82165,-1.10192,1.91347,-0.57019,-0.49696,-0.90872,0.45880,0.85159,-1.13007,1.93034,-0.58405,-0.47267,-0.92277,0.917,1.510,-0.125,1.137,-0.536,0.290,0.118
34.800000,1740,0.43949,0.78928,-1.10970,1.90968,-0.57793,-0.50049,-0.91441,0.43959,0.79361,-1.10168,1.91173,-0.57004,-0.50443,-0.91883,0.45811,0.82338,-1.12957,1.92832,-0.58386,-0.48067,-0.93248,0.946,1.364,-0.149,1.079,-0.560,0.302,0.117
34.900000,1745,0.43949,0.76067,-1.10932,1.90929,-0.57793,-0.50850,-0.92089,0.43879,0.76534,-1.10150,1.90898,-0.57033,-0.51244,-0.92829,0.45749,0.79488,-1.12932,1.92541,-0.58433,-0.48889,-0.94187,0.975,1.219,-0.178,1.021,-0.584,0.315,0.116
35.000000,1750,0.43949,0.73206,-1.10932,1.90777,-0.57831,-0.51765,-0.92890,0.43810,0.73635,-1.10138,1.90530,-0.57093,-0.52089,-0.93794,0.45694,0.76612,-1.12930,1.92161,-0.58544,-0.49727,-0.95096,1.004,1.076,-0.215,0.967,-0.605,0.326,0.115
35.100000,1755,0.43911,0.70307,-1.10932,1.90434,-0.57831,-0.52528,-0.94035,0.43749,0.70748,-1.10169,1.90077,-0.57255,-0.52904,-0.94701,0.45647,0.73714,-1.12953,1.91693,-0.58718,-0.50579,-0.95975,1.034,0.936,-0.258,0.921,-0.624,0.336,0.113
35.200000,1760,0.43720,0.67560,-1.10932,1.89823,-0.57907,-0.53253,-0.94759,0.43688,0.67791,-1.10197,1.89531,-0.57442,-0.53773,-0.95686,0.45609,0.70797,-1.13001,1.91137,-0.58953,-0.51442,-0.96822,1.063,0.802,-0.306,0.885,-0.638,0.344,0.111
35.300000,1765,0.43720,0.64432,-1.10932,1.89060,-0.58174,-0.54169,-0.95904,0.43653,0.64892,-1.10304,1.88901,-0.57754,-0.54581,-0.96468,0.45581,0.67861,-1.13076,1.90491,-0.59248,-0.52313,-0.97641,1.092,0.675,-0.359,0.859,-0.649,0.350,0.108
35.400000,1770,0.43720,0.61495,-1.10932,1.88335,-0.58365,-0.54932,-0.96667,0.43630,0.61943,-1.10440,1.88183,-0.58125,-0.55430,-0.97324,0.45565,0.64904,-1.13177,1.89751,-0.59601,-0.53190,-0.98430,1.124,0.556,-0.418,0.841,-0.659,0.354,0.106
35.500000,1775,0.43720,0.58634,-1.10932,1.87382,-0.59395,-0.55695,-0.97392,0.43620,0.58966,-1.10586,1.87294,-0.58508,-0.56283,-0.98114,0.45571,0.61936,-1.13323,1.88852,-0.60023,-0.54060,-0.99159,1.165,0.447,-0.494,0.827,-0.675,0.356,0.110
35.600000,1780,0.43720,0.55506,-1.10970,1.86314,-0.60081,-0.56724,-0.98193,0.43636,0.55983,-1.10791,1.86239,-0.58988,-0.57115,-0.98813,0.45599,0.58942,-1.13512,1.87792,-0.60512,-0.54926,-0.99832,1.194,0.349,-0.543,0.835,-0.679,0.352,0.098
35.700000,1785,0.43720,0.52568,-1.11047,1.85284,-0.60272,-0.57602,-0.99146,0.43651,0.52897,-1.10998,1.85206,-0.59523,-0.58011,-0.99528,0.45624,0.55860,-1.13696,1.86757,-0.61034,-0.55826,-1.00570,1.215,0.258,-0.585,0.855,-0.685,0.344,0.078
35.800000,1790,0.43720,0.49516,-1.11047,1.84254,-0.60654,-0.58327,-0.99795,0.43670,0.49734,-1.11228,1.84096,-0.60142,-0.58920,-1.00262,0.45659,0.52690,-1.13901,1.85646,-0.61614,-0.56747,-1.01324,1.246,0.175,-0.646,0.875,-0.700,0.334,0.067
35.900000,1795,0.43720,0.46236,-1.11237,1.82918,-0.61302,-0.59395,-1.00367,0.43711,0.46485,-1.11520,1.82775,-0.60819,-0.59826,-1.00953,0.45715,0.49448,-1.14160,1.84337,-0.62279,-0.57677,-1.02036,1.286,0.101,-0.702,0.901,-0.713,0.321,0.056
36.000000,1800,0.43720,0.43222,-1.11275,1.81812,-0.62027,-0.60310,-1.01206,0.43899,0.43591,-1.11697,1.81979,-0.61319,-0.60828,-1.01670,0.45948,0.46645,-1.14216,1.83628,-0.62491,-0.58581,-1.02822,1.506,0.100,-0.380,1.496,-0.161,0.314,0.015
36.100000,1805,0.43796,0.41620,-1.11123,1.83071,-0.59776,-0.61226,-1.02313,0.44661,0.42655,-1.11219,1.83617,-0.60268,-0.61863,-1.02489,0.46827,0.45970,-1.13433,1.85485,-0.60744,-0.59321,-1.03763,1.591,0.542,-0.243,1.592,-0.104,0.317,-0.011
36.200000,1810,0.44902,0.41620,-1.10398,1.85970,-0.57297,-0.62332,-1.03381,0.45702,0.42618,-1.10279,1.86256,-0.58034,-0.62641,-1.03454,0.47947,0.46053,-1.12363,1.88214,-0.58295,-0.60007,-1.04736,1.619,0.722,-0.204,1.571,-0.110,0.299,-0.037
36.300000,1815,0.45971,0.41620,-1.09254,1.88717,-0.54741,-0.63019,-1.04640,0.46817,0.42667,-1.09222,1.89001,-0.55542,-0.63315,-1.04544,0.49073,0.46154,-1.11283,1.90966,-0.55826,-0.60693,-1.05711,1.640,0.936,-0.163,1.544,-0.119,0.290,-0.061
36.400000,1820,0.47039,0.41925,-1.08300,1.91311,-0.52566,-0.63057,-1.05212,0.47555,0.43667,-1.08247,1.91315,-0.53314,-0.63570,-1.05349,0.49851,0.47224,-1.10423,1.93285,-0.53810,-0.60842,-1.06150,1.524,1.341,-0.157,1.510,-0.145,0.774,0.334
36.500000,1825,0.47077,0.44901,-1.07919,1.92722,-0.51842,-0.61455,-1.04373,0.47561,0.46654,-1.07602,1.92866,-0.51932,-0.62647,-1.05494,0.49896,0.50307,-1.09974,1.94816,-0.52734,-0.59861,-1.05555,1.284,1.641,-0.136,1.506,-0.168,0.802,0.455
36.600000,1830,0.47077,0.48639,-1.07613,1.93981,-0.50735,-0.60120,-1.03991,0.47478,0.50012,-1.07117,1.94166,-0.50904,-0.61549,-1.04865,0.49835,0.53686,-1.09615,1.96141,-0.51868,-0.58684,-1.04791,1.269,1.924,-0.084,1.504,-0.173,0.758,0.424
36.700000,1835,0.47039,0.52072,-1.07079,1.95126,-0.49667,-0.59357,-1.03228,0.47446,0.53356,-1.06726,1.95314,-0.49999,-0.60372,-1.04055,0.49790,0.57028,-1.09320,1.97285,-0.51093,-0.57499,-1.03971,1.255,2.191,-0.021,1.503,-0.176,0.713,0.387
36.800000,1840,0.47077,0.55506,-1.06889,1.96156,-0.49209,-0.58212,-1.02503,0.47438,0.56659,-1.06425,1.96400,-0.49257,-0.59169,-1.03237,0.49762,0.60309,-1.09051,1.98352,-0.50378,-0.56323,-1.03156,1.238,2.440,0.064,1.508,-0.171,0.670,0.342
36.900000,1845,0.47077,0.58977,-1.06431,1.97224,-0.48370,-0.57259,-1.02084,0.47437,0.59869,-1.06080,1.97482,-0.48495,-0.58059,-1.02450,0.49749,0.63526,-1.08771,1.99442,-0.49690,-0.55170,-1.02399,1.220,2.673,0.135,1.507,-0.166,0.631,0.303
37.000000,1850,0.47077,0.62296,-1.06278,1.98139,-0.47340,-0.56343,-1.01321,0.47454,0.63078,-1.05778,1.98398,-0.47794,-0.56908,-1.01635,0.49752,0.66736,-1.08552,2.00354,-0.49091,-0.54001,-1.01564,1.203,2.896,0.175,1.491,-0.171,0.595,0.276
37.100000,1855,0.47077,0.65615,-1.05782,1.98940,-0.46997,-0.55237,-1.00482,0.47489,0.66291,-1.05565,1.99175,-0.47218,-0.55719,-1.00764,0.49770,0.69941,-1.08385,2.01121,-0.48575,-0.52819,-1.00661,1.183,3.107,0.232,1.477,-0.170,0.562,0.243
37.200000,1860,0.47077,0.68857,-1.05630,1.99513,-0.46692,-0.54283,-0.99566,0.47533,0.69495,-1.05377,1.99848,-0.46717,-0.54556,-0.99812,0.49798,0.73136,-1.08251,2.01795,-0.48130,-0.51635,-0.99719,1.161,3.308,0.286,1.457,-0.171,0.531,0.212
37.300000,1865,0.47077,0.72138,-1.05286,1.99932,-0.46425,-0.53177,-0.98765,0.47588,0.72685,-1.05223,2.00435,-0.46299,-0.53377,-0.98836,0.49837,0.76322,-1.08150,2.02375,-0.47760,-0.50454,-0.98736,1.137,3.500,0.335,1.425,-0.176,0.503,0.182
37.400000,1870,0.47077,0.75266,-1.05210,2.00581,-0.45891,-0.52147,-0.97926,0.47648,0.75871,-1.05115,2.00922,-0.45967,-0.52209,-0.97801,0.49883,0.79495,-1.08080,2.02864,-0.47465,-0.49278,-0.97709,1.112,3.684,0.380,1.382,-0.184,0.478,0.153
37.500000,1875,0.47115,0.78509,-1.05096,2.00962,-0.45395,-0.51117,-0.96819,0.47716,0.79028,-1.05007,2.01318,-0.45673,-0.51067,-0.96738,0.49935,0.82653,-1.08041,2.03261,-0.47251,-0.48113,-0.96639,1.085,3.860,0.419,1.322,-0.200,0.455,0.125
37.600000,1880,0.47115,0.81751,-1.05019,2.01153,-0.45089,-0.49972,-0.96056,0.47792,0.82167,-1.04937,2.01619,-0.45468,-0.49941,-0.95623,0.49993,0.85790,-1.08032,2.03564,-0.47120,-0.46965,-0.95524,1.056,4.029,0.453,1.248,-0.220,0.435,0.099
37.700000,1885,0.47115,0.84956,-1.05019,2.01344,-0.45013,-0.48942,-0.94645,0.47873,0.85289,-1.04902,2.01828,-0.45362,-0.48829,-0.94444,0.50053,0.88901,-1.08050,2.03775,-0.47074,-0.45837,-0.94367,1.026,4.191,0.481,1.154,-0.246,0.416,0.074
37.800000,1890,0.47115,0.88084,-1.05019,2.01458,-0.45051,-0.47989,-0.93729,0.47959,0.88378,-1.04905,2.01952,-0.45363,-0.47721,-0.93232,0.50114,0.91979,-1.08096,2.03893,-0.47115,-0.44738,-0.93167,0.994,4.347,0.503,1.047,-0.272,0.400,0.051
37.900000,1895,0.47115,0.91212,-1.05019,2.01458,-0.45089,-0.46959,-0.92471,0.48038,0.91417,-1.04919,2.01970,-0.45423,-0.46686,-0.92007,0.50176,0.95019,-1.08166,2.03917,-0.47243,-0.43671,-0.91927,0.961,4.497,0.518,0.924,-0.299,0.386,0.029
38.000000,1900,0.47306,0.94225,-1.05019,2.01458,-0.45166,-0.46158,-0.91174,0.48120,0.94426,-1.04961,2.01895,-0.45588,-0.45678,-0.90662,0.50237,0.98016,-1.08259,2.03847,-0.47462,-0.42643,-0.90649,0.927,4.641,0.526,0.798,-0.318,0.374,0.008
38.100000,1905,0.47382,0.97201,-1.04867,2.01458,-0.45204,-0.44937,-0.89838,0.48205,0.97384,-1.05031,2.01737,-0.45853,-0.44696,-0.89343,0.50295,1.00964,-1.08373,2.03684,-0.47768,-0.41659,-0.89334,0.892,4.781,0.525,0.665,-0.335,0.363,-0.012
38.200000,1910,0.47382,1.00062,-1.04867,2.01420,-0.45967,-0.44174,-0.88541,0.48291,1.00303,-1.05145,2.01488,-0.46215,-0.43737,-0.87949,0.50350,1.03857,-1.08507,2.03429,-0.48162,-0.40724,-0.87987,0.857,4.915,0.517,0.539,-0.343,0.354,-0.031
38.300000,1915,0.47420,1.03076,-1.04867,2.01306,-0.46692,-0.43487,-0.87321,0.48368,1.03147,-1.05256,2.01138,-0.46658,-0.42870,-0.86547,0.50400,1.06690,-1.08659,2.03079,-0.48643,-0.39844,-0.86608,0.821,5.045,0.500,0.418,-0.346,0.347,-0.048
38.400000,1920,0.47611,1.06013,-1.04867,2.00848,-0.47149,-0.42457,-0.85909,0.48426,1.05911,-1.05366,2.00688,-0.47169,-0.42088,-0.85150,0.50445,1.09459,-1.08825,2.02638,-0.49209,-0.39021,-0.85204,0.784,5.170,0.475,0.303,-0.346,0.340,-0.065
38.500000,1925,0.47954,1.08607,-1.04867,2.00276,-0.47455,-0.41732,-0.84421,0.48489,1.08629,-1.05510,2.00153,-0.47788,-0.41334,-0.83675,0.50485,1.12159,-1.09006,2.02105,-0.49856,-0.38261,-0.83776,0.748,5.290,0.442,0.201,-0.340,0.334,-0.080
38.600000,1930,0.47954,1.11354,-1.04867,1.99513,-0.47912,-0.41160,-0.82857,0.48552,1.11268,-1.05674,1.99525,-0.48482,-0.40646,-0.82169,0.50518,1.14785,-1.09198,2.01479,-0.50583,-0.37567,-0.82329,0.712,5.407,0.401,0.107,-0.332,0.329,-0.095
38.700000,1935,0.47954,1.14024,-1.04867,1.98750,-0.49248,-0.40550,-0.81408,0.48609,1.13831,-1.05852,1.98807,-0.49256,-0.40014,-0.80658,0.50545,1.17334,-1.09400,2.00763,-0.51385,-0.36943,-0.80865,0.676,5.519,0.353,0.023,-0.322,0.323,-0.108
38.800000,1940,0.47992,1.16504,-1.04867,1.97987,-0.50011,-0.39787,-0.80111,0.48651,1.16320,-1.06045,1.97998,-0.50131,-0.39478,-0.79134,0.50565,1.19802,-1.09611,1.99957,-0.52259,-0.36390,-0.79391,0.641,5.626,0.299,-0.054,-0.311,0.316,-0.121
38.900000,1945,0.48259,1.18983,-1.04981,1.96995,-0.50430,-0.39444,-0.78432,0.48684,1.18708,-1.06227,1.97091,-0.51029,-0.39023,-0.77611,0.50578,1.22185,-1.09829,1.99062,-0.53200,-0.35912,-0.77908,0.607,5.730,0.239,-0.123,-0.299,0.308,-0.133
39.000000,1950,0.48259,1.21310,-1.05286,1.95965,-0.51689,-0.39138,-0.77135,0.48725,1.21025,-1.06429,1.96106,-0.52005,-0.38600,-0.76062,0.50585,1.24481,-1.10052,1.98078,-0.54204,-0.35509,-0.76421,0.574,5.830,0.176,-0.186,-0.287,0.297,-0.144
39.100000,1955,0.48298,1.23561,-1.05439,1.94859,-0.52681,-0.38910,-0.75571,0.48750,1.23237,-1.06646,1.95030,-0.53060,-0.38296,-0.74521,0.50586,1.26688,-1.10280,1.97007,-0.55265,-0.35183,-0.74933,0.541,5.926,0.110,-0.244,-0.274,0.282,-0.155
39.200000,1960,0.48450,1.25697,-1.05553,1.93600,-0.53558,-0.38681,-0.73931,0.48766,1.25367,-1.06848,1.93858,-0.54149,-0.38061,-0.72963,0.50582,1.28803,-1.10510,1.95849,-0.56379,-0.34936,-0.73448,0.511,6.019,0.042,-0.298,-0.262,0.264,-0.165
39.300000,1965,0.48450,1.27872,-1.06049,1.92379,-0.54970,-0.38643,-0.72481,0.48785,1.27403,-1.07066,1.92612,-0.55297,-0.37880,-0.71447,0.50572,1.30824,-1.10741,1.94605,-0.57541,-0.34766,-0.71968,0.481,6.108,-0.026,-0.348,-0.249,0.243,-0.174
39.400000,1970,0.48450,1.29779,-1.06202,1.91082,-0.55695,-0.38604,-0.70955,0.48793,1.29341,-1.07297,1.91274,-0.56509,-0.37811,-0.69898,0.50557,1.32750,-1.10973,1.93277,-0.58746,-0.34674,-0.70498,0.453,6.195,-0.093,-0.397,-0.238,0.219,-0.183
39.500000,1975,0.48450,1.31686,-1.06698,1.89594,-0.57373,-0.38604,-0.69277,0.48795,1.31180,-1.07516,1.89853,-0.57746,-0.37806,-0.68403,0.50539,1.34580,-1.11204,1.91865,-0.59988,-0.34661,-0.69038,0.427,6.278,-0.158,-0.444,-0.226,0.195,-0.191
39.600000,1980,0.48488,1.33403,-1.06889,1.88030,-0.58327,-0.38643,-0.67980,0.48798,1.32931,-1.07749,1.88346,-0.59027,-0.37879,-0.66863,0.50517,1.36312,-1.11433,1.90371,-0.61263,-0.34724,-0.67591,0.403,6.359,-0.205,-0.489,-0.216,0.173,-0.198
39.700000,1985,0.48488,1.35005,-1.07346,1.86428,-0.60005,-0.38719,-0.66378,0.48803,1.34589,-1.07976,1.86765,-0.60331,-0.38007,-0.65367,0.50493,1.37946,-1.11659,1.88795,-0.62565,-0.34862,-0.66160,0.380,6.436,-0.188,-0.533,-0.206,0.155,-0.204
39.800000,1990,0.48488,1.36722,-1.07423,1.84750,-0.60959,-0.38795,-0.64928,0.48796,1.36135,-1.08205,1.85097,-0.61668,-0.38243,-0.63893,0.50468,1.39482,-1.11881,1.87138,-0.63890,-0.35076,-0.64746,0.359,6.511,-0.172,-0.576,-0.196,0.142,-0.210
39.900000,1995,0.48488,1.38210,-1.07613,1.83033,-0.62637,-0.39024,-0.63250,0.48795,1.37585,-1.08427,1.83355,-0.63004,-0.38511,-0.62455,0.50441,1.40920,-1.12099,1.85402,-0.65232,-0.35363,-0.63350,0.340,6.583,-0.155,-0.618,-0.187,0.134,-0.214
40.000000,2000,0.48488,1.39430,-1.08071,1.81202,-0.63553,-0.39405,-0.62143,0.48784,1.38927,-1.08639,1.81521,-0.64369,-0.38902,-0.61007,0.50416,1.42259,-1.12310,1.83587,-0.66589,-0.35721,-0.61972,0.323,6.652,-0.138,-0.660,-0.179,0.132,-0.218
40.100000,2005,0.48488,1.40880,-1.08071,1.79294,-0.65346,-0.39596,-0.60579,0.48786,1.40197,-1.08869,1.79622,-0.65756,-0.39299,-0.59576,0.50391,1.43501,-1.12515,1.81693,-0.67955,-0.36149,-0.60614,0.307,6.719,-0.122,-0.701,-0.172,0.135,-0.222
40.200000,2010,0.48488,1.41986,-1.08338,1.77311,-0.66185,-0.40016,-0.59359,0.48776,1.41347,-1.09071,1.77635,-0.67145,-0.39825,-0.58179,0.50368,1.44645,-1.12712,1.79722,-0.69327,-0.36645,-0.59275,0.294,6.785,-0.106,-0.741,-0.165,0.141,-0.224
40.300000,2015,0.48450,1.43054,-1.08720,1.75251,-0.67940,-0.40626,-0.57642,0.48776,1.42410,-1.09272,1.75570,-0.68519,-0.40386,-0.56797,0.50348,1.45692,-1.12901,1.77674,-0.70701,-0.37207,-0.57955,0.283,6.848,-0.090,-0.781,-0.159,0.151,-0.226
40.400000,2020,0.48488,1.44046,-1.08758,1.73115,-0.68817,-0.41389,-0.56383,0.48769,1.43348,-1.09454,1.73425,-0.69894,-0.41046,-0.55457,0.50333,1.46643,-1.13080,1.75548,-0.72074,-0.37834,-0.56654,0.273,6.910,-0.074,-0.820,-0.154,0.162,-0.226
40.500000,2025,0.48488,1.45000,-1.08834,1.70864,-0.70725,-0.41923,-0.54972,0.48777,1.44225,-1.09641,1.71210,-0.71273,-0.41710,-0.54108,0.50322,1.47499,-1.13248,1.73346,-0.73444,-0.38523,-0.55370,0.266,6.969,-0.058,-0.858,-0.150,0.174,-0.226
40.600000,2030,0.48488,1.45877,-1.09254,1.68613,-0.71678,-0.42534,-0.53598,0.48781,1.44987,-1.09822,1.68917,-0.72661,-0.42471,-0.52804,0.50317,1.48260,-1.13405,1.71067,-0.74808,-0.39273,-0.54102,0.260,7.026,-0.043,-0.896,-0.149,0.185,-0.225
40.700000,2035,0.48488,1.46373,-1.09330,1.66172,-0.73395,-0.43411,-0.52263,0.48804,1.45677,-1.09999,1.66544,-0.74037,-0.43280,-0.51463,0.50319,1.48929,-1.13550,1.68708,-0.76164,-0.40083,-0.52848,0.256,7.078,-0.028,-0.933,-0.149,0.195,-0.222
40.800000,2040,0.48488,1.46602,-1.09406,1.63768,-0.74501,-0.44365,-0.51195,0.48829,1.46256,-1.10154,1.64086,-0.75392,-0.44157,-0.50154,0.50329,1.49506,-1.13682,1.66268,-0.77513,-0.40952,-0.51605,0.254,7.126,-0.014,-0.970,-0.152,0.203,-0.218
40.900000,2045,0.48488,1.47479,-1.09521,1.61251,-0.76103,-0.44937,-0.49783,0.48853,1.46746,-1.10295,1.61547,-0.76756,-0.45081,-0.48928,0.50348,1.49992,-1.13800,1.63741,-0.78854,-0.41881,-0.50369,0.254,7.169,0.000,-1.006,-0.159,0.208,-0.211
41.000000,2050,0.48488,1.48013,-1.09559,1.58542,-0.77400,-0.46119,-0.48486,0.48896,1.47146,-1.10422,1.58904,-0.78092,-0.46070,-0.47628,0.50377,1.50387,-1.13902,1.61120,-0.80189,-0.42871,-0.49138,0.257,7.203,0.014,-1.044,-0.169,0.209,-0.204
41.100000,2055,0.48488,1.48013,-1.09597,1.55834,-0.78850,-0.47111,-0.47037,0.48952,1.47455,-1.10550,1.56164,-0.79454,-0.47122,-0.46332,0.50420,1.50680,-1.13988,1.58392,-0.81519,-0.43921,-0.47903,0.266,7.200,0.030,-1.082,-0.183,0.208,-0.193
41.200000,2060,0.48526,1.48013,-1.09597,1.52934,-0.80414,-0.48179,-0.45854,0.49026,1.47544,-1.10642,1.53278,-0.80776,-0.48202,-0.45055,0.50491,1.50764,-1.14044,1.55525,-0.82820,-0.45006,-0.46660,0.285,7.145,0.049,-1.119,-0.201,0.202,-0.180
41.300000,2065,0.48755,1.48013,-1.09864,1.49959,-0.81597,-0.49400,-0.44405,0.49103,1.47572,-1.10716,1.50249,-0.82121,-0.49413,-0.43707,0.50573,1.50809,-1.14087,1.52543,-0.84139,-0.46174,-0.45402,0.285,7.266,0.049,-1.159,-0.226,0.188,-0.165
41.400000,2070,0.48794,1.48052,-1.10055,1.46831,-0.83275,-0.50773,-0.43070,0.49181,1.47587,-1.10837,1.47096,-0.83543,-0.50710,-0.42360,0.50653,1.50845,-1.14126,1.49446,-0.85482,-0.47454,-0.44145,0.290,7.239,0.054,-1.205,-0.252,0.171,-0.147
41.500000,2075,0.48794,1.48128,-1.10055,1.43741,-0.84458,-0.52032,-0.41467,0.49267,1.47733,-1.10878,1.44256,-0.85047,-0.51903,-0.40938,0.50771,1.51066,-1.14005,1.46719,-0.86693,-0.48525,-0.42884,0.340,7.615,0.315,-1.215,-0.256,0.290,-0.127
41.600000,2080,0.49022,1.49654,-1.09940,1.43703,-0.84992,-0.50659,-0.39865,0.49414,1.49244,-1.10292,1.44509,-0.86348,-0.51243,-0.39645,0.51036,1.52724,-1.12905,1.47155,-0.86956,-0.47695,-0.41719,0.384,7.644,0.431,-0.574,0.117,0.787,-0.106
41.700000,2085,0.49404,1.51904,-1.08910,1.46411,-0.84877,-0.48027,-0.38873,0.49697,1.51509,-1.09076,1.46552,-0.86779,-0.49379,-0.38409,0.51374,1.55024,-1.11283,1.49257,-0.86692,-0.45824,-0.40623,0.357,7.593,0.476,-0.590,0.118,0.764,-0.076
41.800000,2090,0.49938,1.54193,-1.07499,1.48586,-0.84954,-0.46158,-0.37576,0.50060,1.53854,-1.07540,1.48705,-0.86700,-0.47468,-0.37237,0.51715,1.57341,-1.09647,1.51395,-0.86418,-0.43930,-0.39525,0.319,7.529,0.517,-0.619,0.086,0.737,-0.044
41.900000,2095,0.50167,1.56368,-1.06202,1.50798,-0.84877,-0.44403,-0.36584,0.50370,1.55666,-1.06384,1.51065,-0.86411,-0.45588,-0.36521,0.51999,1.59096,-1.08377,1.53738,-0.85909,-0.42101,-0.38965,0.227,7.399,0.497,-0.626,0.182,0.704,-0.475
42.000000,2100,0.50167,1.57131,-1.05973,1.53850,-0.84038,-0.43030,-0.38377,0.50526,1.56092,-1.06293,1.54091,-0.85443,-0.43898,-0.37193,0.52127,1.59430,-1.08157,1.56750,-0.84735,-0.40479,-0.39941,0.168,6.997,0.207,-0.576,0.162,0.665,-0.595
42.100000,2105,0.50205,1.57131,-1.05973,1.57207,-0.83351,-0.41618,-0.39789,0.50662,1.56156,-1.06372,1.57264,-0.84172,-0.42329,-0.38508,0.52232,1.59435,-1.08189,1.59876,-0.83388,-0.38977,-0.41286,0.175,6.721,0.204,-0.525,0.122,0.630,-0.546
42.200000,2110,0.50434,1.57131,-1.06011,1.60221,-0.82398,-0.40207,-0.40933,0.50765,1.56101,-1.06346,1.60304,-0.82777,-0.40933,-0.39888,0.52339,1.59365,-1.08218,1.62887,-0.82030,-0.37574,-0.42643,0.169,6.597,0.201,-0.475,0.083,0.595,-0.497
42.300000,2115,0.50472,1.57131,-1.06011,1.63196,-0.80948,-0.39100,-0.42001,0.50882,1.56038,-1.06284,1.63244,-0.81340,-0.39621,-0.41261,0.52450,1.59300,-1.08235,1.65801,-0.80681,-0.36268,-0.43986,0.180,6.338,0.212,-0.429,0.048,0.566,-0.449
42.400000,2120,0.50701,1.57093,-1.06011,1.65981,-0.79537,-0.37994,-0.43184,0.51012,1.55765,-1.06196,1.66042,-0.79885,-0.38359,-0.42607,0.52590,1.59021,-1.08221,1.68574,-0.79286,-0.34996,-0.45317,0.197,6.081,0.222,-0.378,0.016,0.540,-0.403
42.500000,2125,0.50739,1.56330,-1.06011,1.68651,-0.78202,-0.36850,-0.44595,0.51182,1.55393,-1.06124,1.68739,-0.78419,-0.37109,-0.43940,0.52746,1.58624,-1.08187,1.71239,-0.77863,-0.33783,-0.46648,0.208,5.880,0.224,-0.325,-0.014,0.517,-0.359
42.600000,2130,0.50777,1.55796,-1.06011,1.71322,-0.76866,-0.35820,-0.45511,0.51348,1.54900,-1.06024,1.71339,-0.76910,-0.35970,-0.45317,0.52913,1.58132,-1.08136,1.73813,-0.76417,-0.32633,-0.47985,0.220,5.686,0.225,-0.270,-0.041,0.497,-0.318
42.700000,2135,0.51311,1.55261,-1.05973,1.73725,-0.75455,-0.34751,-0.46808,0.51520,1.54320,-1.05882,1.73848,-0.75348,-0.34878,-0.46676,0.53090,1.57542,-1.08070,1.76302,-0.74943,-0.31546,-0.49337,0.233,5.505,0.223,-0.213,-0.066,0.480,-0.280
42.800000,2140,0.51731,1.54155,-1.05973,1.76243,-0.73891,-0.33760,-0.47876,0.51705,1.53652,-1.05776,1.76291,-0.73821,-0.33833,-0.48064,0.53275,1.56854,-1.07991,1.78712,-0.73443,-0.30521,-0.50707,0.247,5.333,0.221,-0.155,-0.090,0.465,-0.244
42.900000,2145,0.51807,1.53850,-1.05973,1.78570,-0.72556,-0.32920,-0.49440,0.51902,1.52855,-1.05612,1.78654,-0.72197,-0.32858,-0.49516,0.53468,1.56067,-1.07899,1.81046,-0.71917,-0.29560,-0.52101,0.261,5.170,0.216,-0.096,-0.111,0.454,-0.211
43.000000,2150,0.51845,1.52553,-1.05973,1.80897,-0.70648,-0.31967,-0.50775,0.52102,1.51993,-1.05487,1.80945,-0.70630,-0.31952,-0.50930,0.53667,1.55177,-1.07794,1.83303,-0.70366,-0.28666,-0.53522,0.276,5.015,0.210,-0.035,-0.131,0.444,-0.180
43.100000,2155,0.51883,1.51714,-1.05973,1.83109,-0.69580,-0.31127,-0.52225,0.52306,1.51000,-1.05315,1.83155,-0.68964,-0.31114,-0.52420,0.53871,1.54184,-1.07680,1.85487,-0.68796,-0.27840,-0.54973,0.292,4.867,0.202,0.027,-0.149,0.437,-0.152
43.200000,2160,0.52112,1.50379,-1.05973,1.85245,-0.67673,-0.30555,-0.53369,0.52511,1.49919,-1.05142,1.85295,-0.67299,-0.30342,-0.53921,0.54078,1.53088,-1.07555,1.87596,-0.67208,-0.27086,-0.56456,0.309,4.725,0.193,0.090,-0.166,0.431,-0.126
43.300000,2165,0.52379,1.49043,-1.05973,1.87344,-0.65880,-0.29716,-0.54857,0.52713,1.48719,-1.04950,1.87352,-0.65624,-0.29673,-0.55468,0.54288,1.51884,-1.07422,1.89629,-0.65608,-0.26408,-0.57974,0.327,4.588,0.183,0.154,-0.181,0.425,-0.102
43.400000,2170,0.52379,1.47823,-1.05973,1.89289,-0.64545,-0.29068,-0.56421,0.52929,1.47424,-1.04772,1.89346,-0.63935,-0.29028,-0.57062,0.54498,1.50575,-1.07281,1.91585,-0.64001,-0.25808,-0.59527,0.346,4.455,0.172,0.218,-0.195,0.418,-0.079
43.500000,2175,0.52723,1.46297,-1.05897,1.91196,-0.62714,-0.28648,-0.58138,0.53126,1.46034,-1.04572,1.91252,-0.62229,-0.28501,-0.58644,0.54707,1.49159,-1.07133,1.93465,-0.62391,-0.25289,-0.61116,0.365,4.326,0.159,0.283,-0.209,0.411,-0.058
43.600000,2180,0.53219,1.44618,-1.05515,1.93066,-0.61150,-0.28266,-0.59511,0.53346,1.44521,-1.04390,1.93090,-0.60540,-0.28033,-0.60284,0.54914,1.47634,-1.06979,1.95266,-0.60787,-0.24856,-0.62741,0.386,4.198,0.145,0.348,-0.221,0.400,-0.039
43.700000,2185,0.53486,1.43169,-1.05210,1.94859,-0.59624,-0.28076,-0.61113,0.53542,1.42891,-1.04174,1.94834,-0.58841,-0.27684,-0.61973,0.55118,1.46000,-1.06819,1.96987,-0.59193,-0.24510,-0.64402,0.408,4.072,0.130,0.414,-0.233,0.382,-0.021
43.800000,2190,0.53486,1.41109,-1.05134,1.96537,-0.57640,-0.27885,-0.63021,0.53737,1.41151,-1.03967,1.96509,-0.57188,-0.27418,-0.63698,0.55316,1.44258,-1.06655,1.98630,-0.57616,-0.24253,-0.66097,0.430,3.948,0.115,0.480,-0.245,0.360,-0.004
43.900000,2195,0.53524,1.39545,-1.05019,1.98063,-0.56381,-0.27847,-0.64547,0.53929,1.39298,-1.03749,1.98103,-0.55514,-0.27231,-0.65499,0.55508,1.42406,-1.06488,2.00189,-0.56064,-0.24090,-0.67826,0.454,3.825,0.098,0.547,-0.255,0.332,0.012
44.000000,2200,0.53791,1.37447,-1.04638,1.99589,-0.54626,-0.27809,-0.66340,0.54107,1.37360,-1.03544,1.99613,-0.53895,-0.27113,-0.67260,0.55693,1.40445,-1.06318,2.01666,-0.54544,-0.24022,-0.69585,0.478,3.702,0.080,0.614,-0.265,0.297,0.026
44.100000,2205,0.53791,1.35425,-1.04485,2.01115,-0.53062,-0.27847,-0.68323,0.54280,1.35295,-1.03338,2.01041,-0.52329,-0.27136,-0.69098,0.55868,1.38377,-1.06146,2.03059,-0.53063,-0.24050,-0.71373,0.504,3.578,0.087,0.681,-0.274,0.265,0.040
44.200000,2210,0.54020,1.33136,-1.04104,2.02412,-0.51765,-0.27885,-0.69849,0.54442,1.33137,-1.03122,2.02383,-0.50794,-0.27213,-0.70952,0.56033,1.36200,-1.05974,2.04365,-0.51630,-0.24178,-0.73186,0.530,3.454,0.107,0.747,-0.283,0.232,0.053
44.300000,2215,0.54058,1.30809,-1.03989,2.03671,-0.49858,-0.27999,-0.71909,0.54583,1.30865,-1.02927,2.03634,-0.49338,-0.27426,-0.72826,0.56187,1.33915,-1.05805,2.05580,-0.50250,-0.24408,-0.75017,0.558,3.329,0.123,0.813,-0.290,0.207,0.065
44.400000,2220,0.54096,1.28406,-1.03799,2.04815,-0.48828,-0.28228,-0.73931,0.54726,1.28497,-1.02734,2.04796,-0.47923,-0.27703,-0.74696,0.56329,1.31523,-1.05640,2.06703,-0.48935,-0.24741,-0.76864,0.586,3.202,0.138,0.877,-0.297,0.192,0.076
44.500000,2225,0.54592,1.26002,-1.03493,2.05883,-0.47226,-0.28495,-0.75724,0.54841,1.25999,-1.02521,2.05860,-0.46553,-0.28118,-0.76607,0.56458,1.29031,-1.05477,2.07739,-0.47690,-0.25171,-0.78722,0.615,3.073,0.152,0.940,-0.303,0.188,0.086
44.600000,2230,0.54630,1.23294,-1.03265,2.06875,-0.46234,-0.28915,-0.77479,0.54951,1.23430,-1.02326,2.06842,-0.45296,-0.28612,-0.78501,0.56573,1.26443,-1.05316,2.08687,-0.46526,-0.25697,-0.80589,0.645,2.943,0.163,1.001,-0.309,0.191,0.096
44.700000,2235,0.54897,1.20738,-1.03150,2.07791,-0.44670,-0.29296,-0.79424,0.55041,1.20756,-1.02152,2.07747,-0.44131,-0.29176,-0.80448,0.56674,1.23761,-1.05159,2.09548,-0.45447,-0.26314,-0.82459,0.676,2.811,0.170,1.058,-0.313,0.201,0.104
44.800000,2240,0.54897,1.17915,-1.03074,2.08630,-0.43907,-0.29983,-0.81560,0.55111,1.17974,-1.01950,2.08542,-0.43029,-0.29878,-0.82384,0.56761,1.20988,-1.05008,2.10321,-0.44460,-0.27019,-0.84327,0.707,2.677,0.173,1.110,-0.318,0.215,0.111
44.900000,2245,0.54897,1.15016,-1.02578,2.09317,-0.42762,-0.30860,-0.83201,0.55180,1.15139,-1.01795,2.09258,-0.42079,-0.30618,-0.84251,0.56833,1.18129,-1.04865,2.11001,-0.43574,-0.27812,-0.86187,0.739,2.542,0.171,1.155,-0.323,0.231,0.118
45.000000,2250,0.54897,1.12117,-1.02425,2.09927,-0.41771,-0.31509,-0.85108,0.55232,1.12220,-1.01667,2.09885,-0.41244,-0.31437,-0.86155,0.56893,1.15185,-1.04734,2.11586,-0.42793,-0.28689,-0.88031,0.773,2.405,0.162,1.191,-0.329,0.249,0.123
45.100000,2255,0.55126,1.09027,-1.02082,2.10499,-0.41389,-0.32386,-0.86901,0.55263,1.09205,-1.01539,2.10400,-0.40486,-0.32366,-0.88035,0.56939,1.12162,-1.04621,2.12070,-0.42123,-0.29652,-0.89850,0.807,2.267,0.147,1.214,-0.338,0.267,0.128
45.200000,2260,0.55126,1.05899,-1.02044,2.10842,-0.40970,-0.33454,-0.88961,0.55289,1.06124,-1.01436,2.10823,-0.39877,-0.33339,-0.89878,0.56973,1.09065,-1.04525,2.12454,-0.41568,-0.30692,-0.91641,0.843,2.127,0.126,1.223,-0.355,0.286,0.131
45.300000,2265,0.55126,1.02885,-1.02044,2.11071,-0.40207,-0.34294,-0.90563,0.55281,1.02923,-1.01308,2.11126,-0.39340,-0.34458,-0.91747,0.56997,1.05902,-1.04448,2.12741,-0.41133,-0.31800,-0.93400,0.879,1.986,0.099,1.217,-0.379,0.305,0.134
45.400000,2270,0.55126,0.99413,-1.02044,2.11148,-0.39558,-0.35362,-0.92547,0.55277,0.99735,-1.01253,2.11344,-0.38987,-0.35576,-0.93476,0.57010,1.02679,-1.04394,2.12930,-0.40818,-0.32968,-0.95122,0.916,1.845,0.065,1.196,-0.414,0.311,0.136
45.500000,2275,0.55126,0.96133,-1.02044,2.11262,-0.39482,-0.36583,-0.94340,0.55279,0.96470,-1.01243,2.11474,-0.38751,-0.36722,-0.95225,0.57016,0.99404,-1.04364,2.13021,-0.40625,-0.34189,-0.96803,0.955,1.702,0.023,1.159,-0.459,0.316,0.137
45.600000,2280,0.55126,0.92776,-1.02044,2.11338,-0.39482,-0.37727,-0.95904,0.55263,0.93166,-1.01256,2.11497,-0.38656,-0.37941,-0.96916,0.57016,0.96084,-1.04361,2.13014,-0.40555,-0.35454,-0.98439,0.994,1.558,-0.027,1.111,-0.510,0.322,0.138
45.700000,2285,0.55126,0.89495,-1.02044,2.11338,-0.39482,-0.39024,-0.97506,0.55237,0.89797,-1.01267,2.11408,-0.38648,-0.39227,-0.98578,0.57012,0.92726,-1.04388,2.12909,-0.40607,-0.36756,-1.00028,1.034,1.415,-0.085,1.057,-0.559,0.330,0.138
45.800000,2290,0.55126,0.86100,-1.02044,2.11338,-0.39520,-0.40168,-0.99299,0.55209,0.86405,-1.01328,2.11228,-0.38788,-0.40523,-1.00198,0.57006,0.89338,-1.04448,2.12706,-0.40777,-0.38086,-1.01566,1.074,1.271,-0.150,1.001,-0.598,0.337,0.138
45.900000,2295,0.55088,0.82667,-1.02044,2.11300,-0.39749,-0.41542,-1.00825,0.55181,0.82988,-1.01414,2.10949,-0.39044,-0.41839,-1.01761,0.57001,0.85928,-1.04542,2.12406,-0.41065,-0.39435,-1.03052,1.116,1.128,-0.223,0.948,-0.623,0.346,0.136
46.000000,2300,0.55088,0.79043,-1.02044,2.10995,-0.39978,-0.42686,-1.02313,0.55163,0.79582,-1.01568,2.10577,-0.39442,-0.43137,-1.03244,0.56999,0.82503,-1.04674,2.12008,-0.41467,-0.40796,-1.04485,1.158,0.985,-0.300,0.901,-0.635,0.355,0.135
46.100000,2305,0.55088,0.75724,-1.02044,2.10537,-0.40817,-0.44174,-1.03724,0.55155,0.76142,-1.01753,2.10105,-0.39923,-0.44452,-1.04722,0.57004,0.79070,-1.04845,2.11512,-0.41976,-0.42159,-1.05865,1.201,0.844,-0.379,0.863,-0.635,0.364,0.132
46.200000,2310,0.55088,0.72214,-1.02044,2.09889,-0.41618,-0.45280,-1.05212,0.55139,0.72703,-1.01973,2.09523,-0.40535,-0.45792,-1.06119,0.57017,0.75636,-1.05057,2.10921,-0.42587,-0.43517,-1.07192,1.244,0.705,-0.458,0.833,-0.629,0.374,0.129
46.300000,2315,0.55088,0.68705,-1.02082,2.09278,-0.42114,-0.46806,-1.06433,0.55148,0.69277,-1.02252,2.08843,-0.41240,-0.47114,-1.07389,0.57041,0.72205,-1.05310,2.10235,-0.43295,-0.44864,-1.08469,1.288,0.569,-0.535,0.813,-0.619,0.384,0.125
46.400000,2320,0.55088,0.65310,-1.02158,2.08401,-0.42610,-0.47912,-1.07844,0.55161,0.65831,-1.02544,2.08067,-0.42020,-0.48431,-1.08712,0.57079,0.68780,-1.05606,2.09451,-0.44095,-0.46193,-1.09697,1.332,0.438,-0.607,0.802,-0.608,0.394,0.120
46.500000,2325,0.55126,0.61876,-1.02349,2.07524,-0.43792,-0.49400,-1.09294,0.55188,0.62396,-1.02897,2.07166,-0.42881,-0.49715,-1.09945,0.57130,0.65366,-1.05957,2.08550,-0.44991,-0.47499,-1.10866,1.368,0.312,-0.683,0.796,-0.602,0.404,0.116
46.600000,2330,0.55126,0.58557,-1.03112,2.06417,-0.44670,-0.50354,-1.10362,0.55221,0.59039,-1.03364,2.06094,-0.43933,-0.50935,-1.11056,0.57180,0.61974,-1.06399,2.07457,-0.46020,-0.48772,-1.11926,1.411,0.194,-0.740,0.805,-0.596,0.414,0.110
46.700000,2335,0.55126,0.55162,-1.03493,2.05273,-0.45357,-0.51613,-1.11544,0.55306,0.55606,-1.03859,2.04992,-0.45030,-0.52166,-1.12176,0.57274,0.58544,-1.06840,2.06348,-0.47074,-0.50030,-1.13029,1.477,0.081,-0.761,0.827,-0.589,0.423,0.094
46.800000,2340,0.55126,0.51729,-1.04142,2.04128,-0.46921,-0.52757,-1.12689,0.55417,0.52124,-1.04318,2.03833,-0.46140,-0.53379,-1.13374,0.57407,0.55067,-1.07302,2.05181,-0.48178,-0.51274,-1.14159,1.524,-0.025,-0.796,0.850,-0.592,0.433,0.081
46.900000,2345,0.55126,0.48181,-1.04829,2.02793,-0.47836,-0.53863,-1.13948,0.55543,0.48586,-1.04815,2.02505,-0.47310,-0.54593,-1.14510,0.57562,0.51558,-1.07835,2.03856,-0.49385,-0.52494,-1.15250,1.561,-0.124,-0.831,0.877,-0.601,0.440,0.068
47.000000,2350,0.55164,0.44710,-1.05439,2.01229,-0.49400,-0.55160,-1.15130,0.55745,0.45142,-1.05377,2.01103,-0.48492,-0.55817,-1.15524,0.57786,0.48116,-1.08398,2.02464,-0.50558,-0.53747,-1.16301,1.716,-0.196,-0.768,0.930,-0.555,0.416,0.046
47.100000,2355,0.55889,0.42078,-1.05553,2.00810,-0.47989,-0.57220,-1.16084,0.56592,0.43154,-1.05420,2.00988,-0.48026,-0.58334,-1.16326,0.58725,0.46332,-1.08319,2.02516,-0.49701,-0.55974,-1.17235,1.850,-0.070,-0.316,1.535,0.041,0.375,0.050
47.200000,2360,0.57415,0.41582,-1.05324,2.02145,-0.44708,-0.60692,-1.16732,0.58021,0.42675,-1.04907,2.02053,-0.45527,-0.61587,-1.17008,0.60247,0.46059,-1.07741,2.03722,-0.47093,-0.59076,-1.17934,1.892,0.160,-0.242,1.510,0.029,0.358,0.031
47.300000,2365,0.59017,0.41582,-1.04790,2.03251,-0.42000,-0.64163,-1.17495,0.59546,0.42375,-1.04318,2.03272,-0.42713,-0.64791,-1.17773,0.61812,0.45828,-1.07138,2.04983,-0.44388,-0.62259,-1.18637,1.930,0.278,-0.192,1.470,0.008,0.342,0.000
47.400000,2370,0.60467,0.41582,-1.04218,2.04434,-0.38986,-0.67597,-1.18258,0.61085,0.42097,-1.03804,2.04515,-0.39991,-0.67997,-1.18610,0.63393,0.45595,-1.06529,2.06256,-0.41655,-0.65473,-1.19347,1.966,0.405,-0.141,1.429,-0.013,0.322,-0.034
47.500000,2375,0.62183,0.41544,-1.03722,2.05616,-0.36354,-0.70877,-1.19136,0.62629,0.41794,-1.03252,2.05714,-0.37192,-0.71280,-1.19370,0.64976,0.45365,-1.05919,2.07532,-0.38918,-0.68689,-1.20057,1.998,0.575,-0.092,1.385,-0.033,0.302,-0.067
47.600000,2380,0.63480,0.41582,-1.03150,2.06799,-0.33874,-0.73281,-1.19822,0.63674,0.42535,-1.02814,2.06903,-0.34847,-0.73304,-1.19905,0.66082,0.46232,-1.05372,2.08829,-0.36523,-0.70527,-1.20251,1.905,1.197,-0.061,1.364,-0.066,0.726,0.414
47.700000,2385,0.63671,0.43680,-1.02692,2.08325,-0.33035,-0.70877,-1.18182,0.63659,0.45782,-1.02482,2.08299,-0.33439,-0.72116,-1.19750,0.66157,0.49597,-1.04854,2.10297,-0.34841,-0.69201,-1.19396,1.661,1.489,0.035,1.379,-0.084,0.907,0.432
47.800000,2390,0.63671,0.47952,-1.02196,2.09698,-0.31280,-0.68703,-1.17801,0.63624,0.49395,-1.01985,2.09685,-0.31867,-0.70446,-1.19010,0.66154,0.53249,-1.04364,2.11714,-0.33283,-0.67463,-1.18422,1.630,1.763,0.079,1.381,-0.095,0.849,0.397
47.900000,2395,0.63671,0.51576,-1.01929,2.10995,-0.30288,-0.67177,-1.17267,0.63647,0.53066,-1.01517,2.10939,-0.30307,-0.68655,-1.17971,0.66166,0.56918,-1.03976,2.12969,-0.31827,-0.65657,-1.17363,1.621,2.025,0.144,1.385,-0.102,0.792,0.357
48.000000,2400,0.63671,0.55429,-1.01319,2.12101,-0.28610,-0.65575,-1.16198,0.63744,0.56712,-1.01048,2.12147,-0.28784,-0.66851,-1.16913,0.66250,0.60562,-1.03573,2.14179,-0.30367,-0.63822,-1.16324,1.634,2.275,0.234,1.387,-0.103,0.737,0.314
48.100000,2405,0.63709,0.59244,-1.00709,2.13208,-0.27084,-0.63934,-1.15168,0.63870,0.60370,-1.00641,2.13257,-0.27320,-0.64974,-1.15869,0.66358,0.64221,-1.03229,2.15281,-0.28986,-0.61934,-1.15231,1.587,2.514,0.259,1.379,-0.106,0.686,0.281
48.200000,2410,0.63709,0.63059,-1.00518,2.14161,-0.25749,-0.62180,-1.14405,0.63992,0.64069,-1.00304,2.14217,-0.25958,-0.63040,-1.14690,0.66466,0.67918,-1.02985,2.16241,-0.27737,-0.59979,-1.14038,1.559,2.741,0.303,1.371,-0.105,0.637,0.246
48.300000,2415,0.63709,0.66874,-1.00251,2.15039,-0.24719,-0.60387,-1.13299,0.64140,0.67794,-1.00061,2.15093,-0.24747,-0.61030,-1.13491,0.66593,0.71638,-1.02797,2.17101,-0.26581,-0.57976,-1.12777,1.529,2.957,0.346,1.358,-0.101,0.592,0.212
48.400000,2420,0.63709,0.70688,-1.00060,2.15802,-0.23384,-0.58632,-1.12117,0.64301,0.71531,-0.99846,2.15851,-0.23589,-0.59008,-1.12176,0.66736,0.75377,-1.02664,2.17862,-0.25527,-0.55930,-1.11445,1.495,3.163,0.383,1.338,-0.096,0.551,0.180
48.500000,2425,0.63785,0.74503,-0.99984,2.16526,-0.22697,-0.56915,-1.10553,0.64479,0.75297,-0.99698,2.16516,-0.22570,-0.56937,-1.10773,0.66892,0.79131,-1.02584,2.18524,-0.24585,-0.53849,-1.10037,1.456,3.358,0.415,1.309,-0.090,0.514,0.150
48.600000,2430,0.64205,0.78318,-0.99831,2.17022,-0.21209,-0.54855,-1.09408,0.64658,0.79055,-0.99591,2.17074,-0.21669,-0.54877,-1.09279,0.67057,0.82892,-1.02554,2.19086,-0.23766,-0.51742,-1.08550,1.414,3.544,0.441,1.270,-0.086,0.479,0.121
48.700000,2435,0.64548,0.82133,-0.99793,2.17442,-0.20713,-0.52795,-1.07730,0.64856,0.82830,-0.99535,2.17548,-0.20909,-0.52745,-1.07743,0.67226,0.86652,-1.02572,2.19549,-0.23076,-0.49622,-1.06984,1.367,3.721,0.462,1.217,-0.086,0.448,0.095
48.800000,2440,0.64625,0.85986,-0.99793,2.17785,-0.20370,-0.50850,-1.06509,0.65054,0.86588,-0.99535,2.17912,-0.20296,-0.50632,-1.06110,0.67396,0.90401,-1.02634,2.19908,-0.22528,-0.47498,-1.05338,1.317,3.889,0.475,1.147,-0.098,0.420,0.070
48.900000,2445,0.65083,0.89800,-0.99793,2.17976,-0.20027,-0.49019,-1.04487,0.65245,0.90322,-0.99556,2.18163,-0.19805,-0.48557,-1.04359,0.67564,0.94129,-1.02738,2.20166,-0.22128,-0.45383,-1.03614,1.264,4.049,0.482,1.062,-0.125,0.395,0.046
49.000000,2450,0.65121,0.93577,-0.99793,2.18090,-0.19645,-0.46844,-1.02999,0.65440,0.94029,-0.99624,2.18322,-0.19491,-0.46479,-1.02541,0.67725,0.97827,-1.02877,2.20321,-0.21881,-0.43291,-1.01815,1.207,4.202,0.482,0.960,-0.174,0.373,0.024
49.100000,2455,0.65121,0.97315,-0.99793,2.18090,-0.19607,-0.44746,-1.01168,0.65624,0.97701,-0.99737,2.18386,-0.19351,-0.44417,-1.00690,0.67877,1.01484,-1.03050,2.20373,-0.21795,-0.41233,-0.99941,1.147,4.347,0.474,0.845,-0.242,0.353,0.002
49.200000,2460,0.65426,1.00978,-0.99793,2.18090,-0.19645,-0.42877,-0.99146,0.65796,1.01324,-0.99865,2.18335,-0.19354,-0.42428,-0.98683,0.68016,1.05092,-1.03251,2.20321,-0.21869,-0.39223,-0.97999,1.085,4.486,0.458,0.723,-0.309,0.335,-0.019
49.300000,2465,0.65464,1.04602,-0.99793,2.18090,-0.19760,-0.41160,-0.97353,0.65952,1.04882,-1.00028,2.18175,-0.19524,-0.40508,-0.96658,0.68139,1.08641,-1.03482,2.20160,-0.22106,-0.37281,-0.95986,1.019,4.618,0.430,0.592,-0.362,0.319,-0.038
49.400000,2470,0.65617,1.08149,-0.99831,2.18052,-0.20484,-0.39291,-0.95332,0.66097,1.08386,-1.00236,2.17911,-0.19871,-0.38646,-0.94538,0.68241,1.12125,-1.03743,2.19883,-0.22504,-0.35432,-0.93899,0.953,4.743,0.397,0.472,-0.390,0.305,-0.058
49.500000,2475,0.65655,1.11621,-0.99831,2.17823,-0.20828,-0.37651,-0.93272,0.66223,1.11815,-1.00452,2.17542,-0.20386,-0.36882,-0.92364,0.68334,1.15535,-1.04014,2.19511,-0.23047,-0.33658,-0.91762,0.912,4.862,0.382,0.377,-0.382,0.294,-0.077
49.600000,2480,0.65693,1.14978,-0.99831,2.17480,-0.20980,-0.35934,-0.91097,0.66421,1.15178,-1.00622,2.17142,-0.20906,-0.35155,-0.90125,0.68495,1.18888,-1.04208,2.19119,-0.23569,-0.31902,-0.89609,0.887,4.974,0.376,0.293,-0.356,0.287,-0.095
49.700000,2485,0.66265,1.18373,-0.99908,2.17022,-0.21362,-0.34103,-0.88808,0.66551,1.18453,-1.00779,2.16631,-0.21589,-0.33537,-0.87894,0.68594,1.22141,-1.04453,2.18598,-0.24331,-0.30269,-0.87411,0.762,5.079,0.279,0.175,-0.378,0.278,-0.111
49.800000,2490,0.66532,1.21577,-0.99984,2.16183,-0.22735,-0.32882,-0.86443,0.66630,1.21619,-1.01022,2.15977,-0.22526,-0.32028,-0.85608,0.68622,1.25285,-1.04754,2.17938,-0.25343,-0.28774,-0.85171,0.690,5.180,0.227,0.094,-0.362,0.273,-0.127
49.900000,2495,0.66532,1.24705,-1.00136,2.15344,-0.23689,-0.31395,-0.84460,0.66678,1.24692,-1.01297,2.15230,-0.23689,-0.30648,-0.83277,0.68626,1.28326,-1.05059,2.17178,-0.26502,-0.27392,-0.82909,0.623,5.276,0.175,0.023,-0.342,0.270,-0.143
50.000000,2500,0.66723,1.27757,-1.00213,2.14505,-0.24757,-0.30326,-0.81866,0.66692,1.27649,-1.01550,2.14365,-0.24939,-0.29408,-0.80913,0.68606,1.31261,-1.05366,2.16322,-0.27796,-0.26130,-0.80634,0.556,5.367,0.121,-0.041,-0.322,0.269,-0.157
50.100000,2505,0.66723,1.30656,-1.00747,2.13475,-0.26245,-0.29029,-0.79691,0.66661,1.30455,-1.01856,2.13393,-0.26386,-0.28295,-0.78597,0.68522,1.34040,-1.05708,2.15329,-0.29282,-0.25046,-0.78363,0.438,5.452,0.036,-0.101,-0.306,0.261,-0.172
50.200000,2510,0.66723,1.33365,-1.01357,2.12254,-0.27885,-0.28228,-0.77479,0.66538,1.33077,-1.02188,2.12242,-0.28035,-0.27441,-0.76240,0.68358,1.36642,-1.06099,2.14183,-0.30974,-0.24167,-0.76106,0.405,5.537,-0.000,-0.144,-0.284,0.264,-0.184
50.300000,2515,0.66723,1.35959,-1.01662,2.11109,-0.29411,-0.27427,-0.74999,0.66479,1.35683,-1.02503,2.11082,-0.29727,-0.26604,-0.73865,0.68262,1.39224,-1.06408,2.13034,-0.32616,-0.23308,-0.73841,0.383,5.618,-0.026,-0.188,-0.263,0.271,-0.196
50.400000,2520,0.66723,1.38477,-1.02044,2.09889,-0.31127,-0.26473,-0.72748,0.66419,1.38192,-1.02774,2.09864,-0.31438,-0.25843,-0.71550,0.68165,1.41706,-1.06696,2.11814,-0.34319,-0.22561,-0.71588,0.328,5.695,-0.072,-0.232,-0.245,0.269,-0.208
50.500000,2525,0.66723,1.40956,-1.02196,2.08554,-0.32615,-0.25978,-0.70231,0.66346,1.40570,-1.03027,2.08542,-0.33197,-0.25277,-0.69170,0.68050,1.44070,-1.06980,2.10508,-0.36098,-0.21948,-0.69357,0.277,5.770,-0.117,-0.273,-0.228,0.261,-0.218
50.600000,2530,0.66685,1.43207,-1.02692,2.07142,-0.34523,-0.25596,-0.68094,0.66253,1.42838,-1.03292,2.07145,-0.35046,-0.24792,-0.66876,0.67921,1.46309,-1.07264,2.09111,-0.37940,-0.21476,-0.67152,0.229,5.842,-0.128,-0.311,-0.212,0.240,-0.228
50.700000,2535,0.66685,1.45419,-1.02845,2.05616,-0.36621,-0.25367,-0.65767,0.66157,1.44972,-1.03573,2.05657,-0.36939,-0.24463,-0.64601,0.67779,1.48424,-1.07546,2.07626,-0.39835,-0.21144,-0.64977,0.185,5.913,-0.104,-0.348,-0.196,0.210,-0.237
50.800000,2540,0.66685,1.47289,-1.03265,2.04052,-0.38261,-0.25291,-0.63555,0.66033,1.46994,-1.03834,2.04079,-0.38891,-0.24269,-0.62338,0.67626,1.50420,-1.07822,2.06059,-0.41772,-0.20939,-0.62841,0.145,5.983,-0.079,-0.383,-0.181,0.172,-0.245
50.900000,2545,0.66647,1.49463,-1.03493,2.02412,-0.40092,-0.25329,-0.61304,0.65910,1.48882,-1.04100,2.02423,-0.40872,-0.24219,-0.60164,0.67465,1.52296,-1.08094,2.04412,-0.43741,-0.20861,-0.60745,0.107,6.052,-0.056,-0.417,-0.167,0.124,-0.252
51.000000,2550,0.66456,1.51103,-1.03608,2.00657,-0.42267,-0.25329,-0.59091,0.65780,1.50657,-1.04373,2.00682,-0.42880,-0.24258,-0.58030,0.67297,1.54045,-1.08365,2.02676,-0.45729,-0.20915,-0.58691,0.074,6.119,-0.034,-0.450,-0.154,0.076,-0.258
51.100000,2555,0.66418,1.52782,-1.04142,1.98826,-0.44250,-0.25405,-0.57108,0.65633,1.52306,-1.04648,1.98857,-0.44900,-0.24438,-0.55927,0.67125,1.55669,-1.08632,2.00856,-0.47726,-0.21094,-0.56682,0.043,6.186,-0.011,-0.483,-0.141,0.044,-0.264
51.200000,2560,0.66418,1.54422,-1.04180,1.96880,-0.46081,-0.25672,-0.55086,0.65484,1.53828,-1.04912,1.96938,-0.46919,-0.24757,-0.53839,0.66950,1.57173,-1.08893,1.98957,-0.49725,-0.21387,-0.54721,0.017,6.252,0.013,-0.515,-0.129,0.029,-0.268
51.300000,2565,0.66341,1.55796,-1.04409,1.94935,-0.48027,-0.26092,-0.53026,0.65345,1.55245,-1.05189,1.94956,-0.48944,-0.25158,-0.51812,0.66774,1.58561,-1.09148,1.96982,-0.51716,-0.21791,-0.52808,-0.007,6.317,0.037,-0.547,-0.119,0.027,-0.271
51.400000,2570,0.65845,1.57169,-1.04829,1.92837,-0.50239,-0.26397,-0.50966,0.65205,1.56526,-1.05452,1.92898,-0.50944,-0.25666,-0.49893,0.66600,1.59834,-1.09395,1.94931,-0.53692,-0.22299,-0.50942,-0.027,6.382,0.061,-0.578,-0.109,0.034,-0.273
51.500000,2575,0.65769,1.58542,-1.04829,1.90701,-0.52109,-0.26893,-0.49288,0.65053,1.57704,-1.05711,1.90758,-0.52923,-0.26281,-0.47980,0.66429,1.60993,-1.09634,1.92804,-0.55644,-0.22908,-0.49124,-0.044,6.447,0.084,-0.608,-0.101,0.049,-0.274
51.600000,2580,0.65350,1.59610,-1.05286,1.88488,-0.53978,-0.27580,-0.46961,0.64894,1.58762,-1.05941,1.88537,-0.54868,-0.27005,-0.46140,0.66263,1.62040,-1.09865,1.90605,-0.57565,-0.23613,-0.47350,-0.058,6.512,0.107,-0.637,-0.095,0.069,-0.274
51.700000,2585,0.65311,1.59954,-1.05477,1.86161,-0.55809,-0.28381,-0.45206,0.64760,1.59734,-1.06204,1.86249,-0.56804,-0.27800,-0.44274,0.66103,1.62978,-1.10087,1.88331,-0.59450,-0.24408,-0.45619,-0.070,6.575,0.130,-0.666,-0.090,0.089,-0.273
51.800000,2590,0.65311,1.61174,-1.05477,1.83834,-0.57907,-0.29068,-0.43680,0.64629,1.60549,-1.06440,1.83893,-0.58661,-0.28684,-0.42590,0.65952,1.63807,-1.10299,1.85984,-0.61292,-0.25291,-0.43929,-0.078,6.636,0.153,-0.693,-0.087,0.110,-0.271
51.900000,2595,0.65273,1.62090,-1.05668,1.81354,-0.59929,-0.29945,-0.41734,0.64488,1.61289,-1.06656,1.81439,-0.60475,-0.29664,-0.40830,0.65810,1.64530,-1.10502,1.83563,-0.63087,-0.26255,-0.42275,-0.083,6.694,0.175,-0.720,-0.088,0.129,-0.268
52.000000,2600,0.65006,1.63044,-1.06087,1.78875,-0.61340,-0.31013,-0.40170,0.64372,1.61912,-1.06872,1.78928,-0.62251,-0.30718,-0.39145,0.65679,1.65151,-1.10693,1.81067,-0.64832,-0.27298,-0.40651,-0.086,6.746,0.196,-0.745,-0.091,0.145,-0.264
52.100000,2605,0.65006,1.63234,-1.06126,1.76281,-0.63286,-0.32005,-0.38454,0.64274,1.62459,-1.07106,1.76339,-0.63996,-0.31831,-0.37453,0.65562,1.65669,-1.10874,1.78492,-0.66525,-0.28416,-0.39054,-0.085,6.791,0.217,-0.770,-0.098,0.158,-0.258
52.200000,2610,0.65044,1.63272,-1.06126,1.73610,-0.64964,-0.33264,-0.36623,0.64184,1.62887,-1.07317,1.73668,-0.65671,-0.33014,-0.35821,0.65459,1.66089,-1.11043,1.75834,-0.68167,-0.29607,-0.37475,-0.083,6.828,0.236,-0.795,-0.110,0.167,-0.250
52.300000,2615,0.65006,1.63768,-1.06545,1.70864,-0.66338,-0.34370,-0.34982,0.64088,1.63135,-1.07490,1.70873,-0.67257,-0.34304,-0.34227,0.65369,1.66351,-1.11200,1.73067,-0.69741,-0.30866,-0.35917,-0.079,6.777,0.257,-0.819,-0.124,0.171,-0.240
52.400000,2620,0.65006,1.64341,-1.06736,1.67888,-0.68169,-0.35820,-0.33494,0.64016,1.63206,-1.07665,1.67948,-0.68768,-0.35634,-0.32626,0.65293,1.66414,-1.11340,1.70169,-0.71237,-0.32189,-0.34377,-0.060,6.815,0.277,-0.841,-0.145,0.168,-0.226
52.500000,2625,0.64777,1.64341,-1.06774,1.64913,-0.69657,-0.37117,-0.31587,0.63985,1.63345,-1.07852,1.64957,-0.70328,-0.37049,-0.30976,0.65251,1.66556,-1.11470,1.67209,-0.72743,-0.33595,-0.32793,-0.041,6.909,0.290,-0.867,-0.170,0.160,-0.209
52.600000,2630,0.64777,1.64379,-1.06774,1.61823,-0.71373,-0.38643,-0.29870,0.63951,1.63382,-1.08066,1.61823,-0.71900,-0.38582,-0.29282,0.65231,1.66615,-1.11599,1.64129,-0.74214,-0.35093,-0.31204,-0.038,6.830,0.294,-0.898,-0.197,0.147,-0.190
52.700000,2635,0.64777,1.64341,-1.07156,1.58542,-0.73128,-0.40283,-0.28345,0.63916,1.63312,-1.08243,1.58648,-0.73453,-0.40129,-0.27570,0.65222,1.66593,-1.11646,1.61038,-0.75582,-0.36582,-0.29612,-0.039,7.073,0.560,-0.915,-0.221,0.145,-0.164
52.800000,2640,0.64739,1.64760,-1.07079,1.56978,-0.73700,-0.39825,-0.26208,0.63642,1.64139,-1.07277,1.57477,-0.74821,-0.40161,-0.25661,0.65056,1.67563,-1.10199,1.60067,-0.76030,-0.36409,-0.27913,-0.220,7.231,0.752,-0.345,0.196,0.763,-0.135
52.900000,2645,0.63747,1.66286,-1.04409,1.58428,-0.73357,-0.37117,-0.24225,0.63214,1.65741,-1.05036,1.58388,-0.75352,-0.38433,-0.23843,0.64679,1.69242,-1.07359,1.61067,-0.75564,-0.34646,-0.26209,-0.276,7.187,0.791,-0.307,0.253,0.748,-0.100
53.000000,2650,0.63404,1.68041,-1.01548,1.59572,-0.73319,-0.35171,-0.22355,0.62823,1.67473,-1.02286,1.59490,-0.75127,-0.36558,-0.22058,0.64288,1.70966,-1.04428,1.62167,-0.75050,-0.32793,-0.24492,-0.308,7.126,0.820,-0.345,0.209,0.721,-0.063
53.100000,2655,0.63137,1.69529,-0.98839,1.60717,-0.73242,-0.33493,-0.20486,0.62494,1.69081,-0.99742,1.60778,-0.74783,-0.34673,-0.20500,0.63951,1.72512,-1.01766,1.63444,-0.74461,-0.30944,-0.23089,-0.243,7.026,0.821,-0.364,0.215,0.693,-0.104
53.200000,2660,0.63137,1.70482,-0.97962,1.63120,-0.72899,-0.31623,-0.21745,0.62567,1.69649,-0.99043,1.63347,-0.73953,-0.32724,-0.20898,0.64018,1.72980,-1.00921,1.66005,-0.73366,-0.29098,-0.23798,0.017,6.642,0.537,-0.325,0.200,0.660,-0.634
53.300000,2665,0.63175,1.70482,-0.98229,1.66744,-0.72022,-0.30059,-0.23767,0.62911,1.69811,-0.99091,1.66566,-0.72720,-0.30848,-0.22442,0.64339,1.73078,-1.00916,1.69194,-0.72022,-0.27274,-0.25434,0.040,6.373,0.470,-0.291,0.160,0.625,-0.581
53.400000,2670,0.63251,1.70444,-0.98229,1.69872,-0.70496,-0.28419,-0.25140,0.63258,1.69720,-0.99088,1.69653,-0.71270,-0.29105,-0.24131,0.64685,1.72972,-1.00939,1.72252,-0.70569,-0.25530,-0.27107,0.051,6.078,0.451,-0.258,0.122,0.593,-0.527
53.500000,2675,0.63442,1.70406,-0.98229,1.72847,-0.69237,-0.26893,-0.26666,0.63639,1.69509,-0.99039,1.72621,-0.69673,-0.27438,-0.25820,0.65059,1.72758,-1.00961,1.75194,-0.69034,-0.23866,-0.28775,0.065,5.858,0.448,-0.223,0.086,0.563,-0.472
53.600000,2680,0.63747,1.70368,-0.98229,1.75709,-0.67635,-0.25482,-0.28383,0.64045,1.69339,-0.98939,1.75526,-0.68021,-0.25835,-0.27466,0.65471,1.72589,-1.00944,1.78077,-0.67461,-0.22257,-0.30391,0.078,5.726,0.466,-0.189,0.052,0.538,-0.419
53.700000,2685,0.64014,1.70139,-0.98229,1.78570,-0.65880,-0.23841,-0.29527,0.64490,1.69109,-0.98841,1.78350,-0.66333,-0.24287,-0.29083,0.65915,1.72352,-1.00904,1.80878,-0.65812,-0.20704,-0.31997,0.082,5.428,0.444,-0.157,0.023,0.515,-0.371
53.800000,2690,0.64854,1.69338,-0.98229,1.81278,-0.64507,-0.22659,-0.31129,0.64946,1.68666,-0.98769,1.81049,-0.64489,-0.22791,-0.30722,0.66375,1.71879,-1.00876,1.83550,-0.64034,-0.19230,-0.33658,0.094,5.211,0.428,-0.117,-0.004,0.495,-0.325
53.900000,2695,0.65121,1.68995,-0.98229,1.83872,-0.62676,-0.21057,-0.32732,0.65434,1.68056,-0.98678,1.83671,-0.62566,-0.21388,-0.32491,0.66855,1.71288,-1.00842,1.86140,-0.62160,-0.17831,-0.35353,0.107,5.027,0.416,-0.075,-0.029,0.478,-0.281
54.000000,2700,0.65655,1.68117,-0.98229,1.86352,-0.60539,-0.20065,-0.34257,0.65929,1.67364,-0.98567,1.86202,-0.60512,-0.20074,-0.34228,0.67354,1.70586,-1.00801,1.88654,-0.60196,-0.16511,-0.37089,0.122,4.856,0.401,-0.030,-0.051,0.463,-0.241
54.100000,2705,0.65884,1.67049,-0.98229,1.88831,-0.58441,-0.18806,-0.35783,0.66451,1.66576,-0.98479,1.88678,-0.58402,-0.18808,-0.36039,0.67871,1.69772,-1.00755,1.91093,-0.58146,-0.15276,-0.38876,0.138,4.698,0.385,0.017,-0.071,0.452,-0.203
54.200000,2710,0.66761,1.66057,-0.98229,1.91273,-0.56496,-0.17661,-0.37614,0.66989,1.65652,-0.98373,1.91078,-0.56185,-0.17639,-0.37932,0.68401,1.68843,-1.00703,1.93459,-0.56013,-0.14132,-0.40722,0.156,4.549,0.368,0.066,-0.088,0.443,-0.168
54.300000,2715,0.67257,1.65332,-0.98229,1.93523,-0.54397,-0.16631,-0.39484,0.67528,1.64612,-0.98246,1.93395,-0.53854,-0.16586,-0.39852,0.68943,1.67797,-1.00648,1.95751,-0.53805,-0.13088,-0.42631,0.175,4.407,0.349,0.116,-0.104,0.436,-0.136
54.400000,2720,0.67486,1.63768,-0.98229,1.95889,-0.51994,-0.15678,-0.41467,0.68088,1.63484,-0.98174,1.95652,-0.51530,-0.15614,-0.41821,0.69494,1.66627,-1.00589,1.97967,-0.51531,-0.12152,-0.44612,0.195,4.270,0.327,0.168,-0.117,0.429,-0.107
54.500000,2725,0.68516,1.62395,-0.98229,1.97987,-0.49591,-0.14953,-0.43298,0.68640,1.62148,-0.98028,1.97806,-0.49023,-0.14816,-0.43930,0.70045,1.65314,-1.00533,2.00095,-0.49199,-0.11340,-0.46672,0.217,4.136,0.302,0.222,-0.129,0.421,-0.079
54.600000,2730,0.68897,1.61022,-0.98229,2.00009,-0.46882,-0.14419,-0.45358,0.69190,1.60705,-0.97874,1.99873,-0.46474,-0.14128,-0.46074,0.70599,1.63866,-1.00481,2.02142,-0.46820,-0.10660,-0.48813,0.244,4.007,0.277,0.277,-0.140,0.410,-0.054
54.700000,2735,0.69279,1.59343,-0.98229,2.02069,-0.44365,-0.13694,-0.47495,0.69744,1.59149,-0.97771,2.01884,-0.43944,-0.13565,-0.48341,0.71155,1.62298,-1.00433,2.04117,-0.44407,-0.10112,-0.51034,0.272,3.879,0.252,0.333,-0.150,0.391,-0.030
54.800000,2740,0.70118,1.57550,-0.98191,2.04014,-0.41694,-0.13236,-0.49822,0.70297,1.57467,-0.97648,2.03816,-0.41337,-0.13140,-0.50660,0.71711,1.60607,-1.00385,2.06020,-0.41971,-0.09705,-0.53337,0.303,3.753,0.228,0.390,-0.158,0.360,-0.007
54.900000,2745,0.70614,1.55834,-0.98191,2.05883,-0.39177,-0.13122,-0.52454,0.70875,1.55692,-0.97504,2.05684,-0.38722,-0.12816,-0.53028,0.72295,1.58831,-1.00301,2.07862,-0.39491,-0.09389,-0.55683,0.353,3.628,0.264,0.446,-0.165,0.386,0.015
55.000000,2750,0.71224,1.53926,-0.98115,2.07791,-0.36544,-0.12817,-0.54437,0.71537,1.53889,-0.97283,2.07524,-0.36041,-0.12474,-0.55410,0.72963,1.57036,-1.00120,2.09668,-0.36925,-0.09072,-0.58013,0.383,3.500,0.236,0.495,-0.173,0.328,0.034
55.100000,2755,0.71796,1.52057,-0.98115,2.09545,-0.33874,-0.12855,-0.57146,0.72123,1.51895,-0.97112,2.09257,-0.33361,-0.12416,-0.57938,0.73533,1.55013,-1.00027,2.11350,-0.34448,-0.09067,-0.60505,0.403,3.372,0.169,0.549,-0.183,0.183,0.051
55.200000,2760,0.72178,1.49768,-0.98115,2.11109,-0.31242,-0.13122,-0.59397,0.72656,1.49747,-0.96968,2.10890,-0.30753,-0.12570,-0.60532,0.74063,1.52837,-0.99951,2.12941,-0.32022,-0.09266,-0.63086,0.439,3.247,0.146,0.605,-0.191,0.122,0.069
55.300000,2765,0.72674,1.47479,-0.98115,2.12597,-0.28877,-0.13389,-0.62143,0.73156,1.47437,-0.96810,2.12434,-0.28189,-0.12939,-0.63226,0.74572,1.50532,-0.99870,2.14447,-0.29645,-0.09640,-0.65728,0.477,3.120,0.124,0.662,-0.199,0.089,0.085
55.400000,2770,0.73399,1.44962,-0.98076,2.14123,-0.26168,-0.14076,-0.64928,0.73633,1.45023,-0.96664,2.13891,-0.25713,-0.13456,-0.65937,0.75054,1.48098,-0.99782,2.15869,-0.27336,-0.10188,-0.68424,0.517,2.994,0.153,0.719,-0.207,0.081,0.100
55.500000,2775,0.73704,1.42482,-0.97924,2.15496,-0.23841,-0.14915,-0.67751,0.74094,1.42453,-0.96521,2.15268,-0.23313,-0.14126,-0.68748,0.75507,1.45533,-0.99687,2.17200,-0.25114,-0.10917,-0.71166,0.557,2.866,0.187,0.776,-0.215,0.092,0.114
55.600000,2780,0.73971,1.39697,-0.97542,2.16793,-0.21705,-0.15640,-0.70345,0.74504,1.39764,-0.96357,2.16547,-0.21037,-0.15012,-0.71572,0.75929,1.42841,-0.99586,2.18443,-0.22995,-0.11823,-0.73944,0.599,2.739,0.219,0.833,-0.223,0.113,0.127
55.700000,2785,0.74505,1.36989,-0.97466,2.17976,-0.19645,-0.16403,-0.73244,0.74871,1.36984,-0.96210,2.17745,-0.18905,-0.16025,-0.74421,0.76317,1.40022,-0.99477,2.19595,-0.20997,-0.12904,-0.76749,0.642,2.610,0.248,0.890,-0.229,0.139,0.139
55.800000,2790,0.75039,1.34090,-0.97161,2.19120,-0.17738,-0.17814,-0.76143,0.75227,1.34036,-0.96067,2.18848,-0.16902,-0.17217,-0.77328,0.76668,1.37079,-0.99364,2.20650,-0.19139,-0.14163,-0.79567,0.685,2.481,0.272,0.944,-0.234,0.166,0.150
55.900000,2795,0.75077,1.30847,-0.96932,2.20150,-0.15678,-0.18844,-0.79081,0.75530,1.31001,-0.95941,2.19853,-0.15105,-0.18602,-0.80193,0.76983,1.34019,-0.99252,2.21606,-0.17431,-0.15603,-0.82385,0.729,2.353,0.292,0.997,-0.237,0.194,0.160
56.000000,2800,0.75382,1.27757,-0.96779,2.21028,-0.14114,-0.20332,-0.81866,0.75785,1.27826,-0.95778,2.20745,-0.13409,-0.20162,-0.83070,0.77259,1.30846,-0.99138,2.22463,-0.15893,-0.17206,-0.85192,0.772,2.224,0.311,1.046,-0.239,0.222,0.169
56.100000,2805,0.75420,1.24476,-0.96627,2.21791,-0.12702,-0.21934,-0.84574,0.76011,1.24553,-0.95654,2.21548,-0.11951,-0.21842,-0.85934,0.77496,1.27568,-0.99022,2.23219,-0.14541,-0.18960,-0.87977,0.816,2.096,0.324,1.089,-0.239,0.249,0.176
56.200000,2810,0.75649,1.21081,-0.96360,2.22401,-0.11329,-0.23689,-0.87626,0.76181,1.21196,-0.95512,2.22241,-0.10709,-0.23696,-0.88759,0.77693,1.24195,-0.98909,2.23873,-0.13388,-0.20853,-0.90727,0.860,1.969,0.330,1.123,-0.239,0.275,0.181
56.300000,2815,0.75649,1.17572,-0.96055,2.23050,-0.10261,-0.25482,-0.90334,0.76319,1.17735,-0.95393,2.22830,-0.09657,-0.25648,-0.91541,0.77853,1.20738,-0.98803,2.24423,-0.12439,-0.22876,-0.93427,0.905,1.842,0.329,1.147,-0.242,0.288,0.186
56.400000,2820,0.75688,1.13986,-0.95978,2.23507,-0.09803,-0.27580,-0.92890,0.76419,1.14222,-0.95298,2.23326,-0.08863,-0.27671,-0.94300,0.77976,1.17209,-0.98706,2.24869,-0.11706,-0.25003,-0.96070,0.951,1.715,0.320,1.157,-0.256,0.294,0.189
56.500000,2825,0.75955,1.10553,-0.95940,2.23927,-0.09193,-0.29640,-0.95561,0.76478,1.10612,-0.95194,2.23690,-0.08261,-0.29867,-0.96953,0.78067,1.13617,-0.98623,2.25212,-0.11194,-0.27214,-0.98650,0.999,1.588,0.301,1.151,-0.294,0.303,0.191
56.600000,2830,0.76145,1.06661,-0.95902,2.24042,-0.08468,-0.31852,-0.98498,0.76507,1.06985,-0.95133,2.23962,-0.07919,-0.32076,-0.99516,0.78130,1.09973,-0.98559,2.25452,-0.10903,-0.29493,-1.01160,1.050,1.461,0.272,1.129,-0.369,0.312,0.193
56.700000,2835,0.76183,1.02961,-0.95864,2.24232,-0.08430,-0.34179,-1.00978,0.76525,1.03284,-0.95110,2.24136,-0.07787,-0.34335,-1.02075,0.78168,1.06288,-0.98519,2.25592,-0.10830,-0.31821,-1.03595,1.102,1.334,0.232,1.092,-0.471,0.322,0.193
56.800000,2840,0.76183,0.99223,-0.95864,2.24347,-0.08506,-0.36392,-1.03381,0.76509,0.99568,-0.95104,2.24201,-0.07893,-0.36642,-1.04538,0.78188,1.02571,-0.98509,2.25631,-0.10971,-0.34184,-1.05954,1.156,1.206,0.182,1.043,-0.560,0.334,0.193
56.900000,2845,0.76183,0.95446,-0.95864,2.24347,-0.09269,-0.38643,-1.05860,0.76485,0.95842,-0.95153,2.24176,-0.08222,-0.38934,-1.06913,0.78193,0.98831,-0.98534,2.25570,-0.11321,-0.36565,-1.08234,1.211,1.078,0.120,0.987,-0.607,0.346,0.192
57.000000,2850,0.76183,0.91631,-0.95864,2.24309,-0.10108,-0.40931,-1.07882,0.76428,0.92099,-0.95264,2.24051,-0.08797,-0.41265,-1.09215,0.78161,0.95086,-0.98627,2.25414,-0.11921,-0.38956,-1.10431,1.218,0.951,0.004,0.936,-0.638,0.358,0.190
57.100000,2855,0.76145,0.87893,-0.95902,2.24309,-0.10757,-0.43106,-1.10400,0.76286,0.88376,-0.95466,2.23820,-0.09671,-0.43640,-1.11381,0.78056,0.91365,-0.98826,2.25168,-0.12825,-0.41361,-1.12533,1.290,0.824,-0.050,0.888,-0.610,0.371,0.188
57.200000,2860,0.76145,0.84116,-0.95902,2.24003,-0.11329,-0.45433,-1.12422,0.76221,0.84594,-0.95637,2.23474,-0.10563,-0.46021,-1.13478,0.78032,0.87607,-0.98981,2.24817,-0.13719,-0.43772,-1.14561,1.382,0.697,-0.097,0.840,-0.577,0.384,0.185
57.300000,2865,0.76145,0.80340,-0.95902,2.23660,-0.12779,-0.47607,-1.14596,0.76180,0.80820,-0.95847,2.23037,-0.11599,-0.48363,-1.15522,0.78023,0.83843,-0.99171,2.24369,-0.14753,-0.46161,-1.16516,1.442,0.572,-0.180,0.802,-0.551,0.399,0.182
57.400000,2870,0.76145,0.76601,-0.96016,2.23088,-0.13465,-0.50049,-1.16580,0.76142,0.77044,-0.96119,2.22508,-0.12799,-0.50676,-1.17518,0.78021,0.80086,-0.99415,2.23823,-0.15947,-0.48517,-1.18399,1.503,0.448,-0.263,0.775,-0.524,0.414,0.179
57.500000,2875,0.76145,0.72825,-0.96207,2.22401,-0.14877,-0.52299,-1.18449,0.76123,0.73307,-0.96452,2.21880,-0.14153,-0.52915,-1.19416,0.78031,0.76340,-0.99718,2.23179,-0.17290,-0.50827,-1.20215,1.565,0.328,-0.341,0.757,-0.497,0.428,0.174
57.600000,2880,0.76145,0.69124,-0.96322,2.21638,-0.16097,-0.54474,-1.20242,0.76119,0.69554,-0.96841,2.21138,-0.15631,-0.55167,-1.21239,0.78059,0.72610,-1.00083,2.22439,-0.18771,-0.53084,-1.21968,1.629,0.213,-0.412,0.748,-0.473,0.443,0.169
57.700000,2885,0.76145,0.65271,-0.96970,2.20761,-0.17738,-0.56381,-1.22149,0.76142,0.65846,-0.97304,2.20305,-0.17249,-0.57281,-1.23002,0.78109,0.68900,-1.00512,2.21599,-0.20377,-0.55275,-1.23663,1.694,0.103,-0.473,0.747,-0.452,0.458,0.163
57.800000,2890,0.76145,0.61571,-0.97619,2.19807,-0.19149,-0.58403,-1.23790,0.76184,0.62141,-0.97819,2.19368,-0.19000,-0.59389,-1.24737,0.78187,0.65215,-1.01010,2.20659,-0.22097,-0.57393,-1.25305,1.760,0.002,-0.524,0.754,-0.436,0.452,0.154
57.900000,2895,0.76145,0.57947,-0.98267,2.18701,-0.21095,-0.60501,-1.25659,0.76265,0.58469,-0.98407,2.18322,-0.20837,-0.61400,-1.26433,0.78298,0.61561,-1.01576,2.19617,-0.23919,-0.59428,-1.26899,1.826,-0.091,-0.563,0.768,-0.425,0.441,0.144
58.000000,2900,0.76145,0.54361,-0.98954,2.17595,-0.23307,-0.62599,-1.27376,0.76366,0.54845,-0.99095,2.17164,-0.22785,-0.63310,-1.28006,0.78422,0.57954,-1.02238,2.18465,-0.25863,-0.61359,-1.28434,1.856,-0.171,-0.598,0.789,-0.420,0.427,0.132
58.100000,2905,0.76183,0.50890,-0.99908,2.16259,-0.25176,-0.64278,-1.28863,0.76472,0.51272,-0.99856,2.15884,-0.24860,-0.65144,-1.29534,0.78563,0.54395,-1.02991,2.17203,-0.27915,-0.63183,-1.29916,1.955,-0.241,-0.604,0.819,-0.418,0.407,0.115
58.200000,2910,0.76260,0.47304,-1.00670,2.14962,-0.27046,-0.65994,-1.30389,0.76698,0.47691,-1.00638,2.14495,-0.26927,-0.66912,-1.30988,0.78819,0.50837,-1.03749,2.15843,-0.29932,-0.64932,-1.31409,2.022,-0.297,-0.610,0.848,-0.422,0.385,0.096
58.300000,2915,0.76679,0.43794,-1.01777,2.13398,-0.29182,-0.67749,-1.31801,0.76935,0.44166,-1.01525,2.12960,-0.29067,-0.68546,-1.32404,0.79097,0.47340,-1.04621,2.14335,-0.32031,-0.66552,-1.32818,2.121,-0.338,-0.587,0.888,-0.429,0.357,0.070
58.400000,2920,0.76985,0.40552,-1.02120,2.12330,-0.30593,-0.69657,-1.33784,0.77925,0.41249,-1.01487,2.12094,-0.30158,-0.70482,-1.33925,0.80150,0.44565,-1.04348,2.13644,-0.32677,-0.68259,-1.34586,2.288,-0.287,0.047,1.354,0.208,0.322,0.027
58.500000,2925,0.79083,0.38988,-0.99869,2.12826,-0.27847,-0.71945,-1.35844,0.79994,0.39568,-0.99622,2.12539,-0.28849,-0.72731,-1.35763,0.82325,0.43122,-1.02200,2.14322,-0.30895,-0.70143,-1.36695,2.348,-0.173,0.079,1.404,0.218,0.293,-0.011
58.600000,2930,0.81410,0.37653,-0.97123,2.13398,-0.25634,-0.74196,-1.37828,0.82193,0.38132,-0.97421,2.13229,-0.26964,-0.74685,-1.37904,0.84580,0.41773,-0.99918,2.15098,-0.28939,-0.72043,-1.38828,2.397,-0.056,0.098,1.308,0.200,0.264,-0.054
58.700000,2935,0.83584,0.36394,-0.94948,2.14123,-0.23727,-0.75569,-1.39850,0.84117,0.37254,-0.95433,2.14000,-0.25058,-0.74798,-1.39870,0.86564,0.40978,-0.97842,2.15934,-0.26926,-0.73540,-1.40544,2.409,0.685,0.110,1.239,0.184,0.360,-0.016
58.800000,2940,0.84614,0.37309,-0.94147,2.15344,-0.21438,-0.73357,-1.38667,0.84343,0.39600,-0.94651,2.15161,-0.23018,-0.74798,-1.40289,0.86938,0.43505,-0.96919,2.17200,-0.24555,-0.72631,-1.39840,2.064,0.997,0.129,1.253,0.166,0.840,0.522
58.900000,2945,0.84461,0.41353,-0.94033,2.16793,-0.19531,-0.72327,-1.38057,0.84292,0.42973,-0.93967,2.16524,-0.20438,-0.74128,-1.39416,0.86938,0.46956,-0.96210,2.18639,-0.22046,-0.71039,-1.38595,2.052,1.247,0.184,1.258,0.140,0.782,0.483
59.000000,2950,0.84461,0.44824,-0.93766,2.17976,-0.17280,-0.70839,-1.36836,0.84335,0.46475,-0.93395,2.17811,-0.17939,-0.72368,-1.38151,0.86974,0.50455,-0.95673,2.19910,-0.19609,-0.69305,-1.37232,2.050,1.486,0.246,1.264,0.117,0.723,0.443
59.100000,2955,0.84500,0.48486,-0.93232,2.19159,-0.14762,-0.69695,-1.35768,0.84453,0.49952,-0.92801,2.18990,-0.15410,-0.70618,-1.36794,0.87083,0.53933,-0.95114,2.21096,-0.17141,-0.67523,-1.35859,2.056,1.713,0.334,1.268,0.096,0.666,0.401
59.200000,2960,0.84500,0.52072,-0.92507,2.20227,-0.12283,-0.67940,-1.34585,0.84618,0.53458,-0.92307,2.20084,-0.12928,-0.68729,-1.35437,0.87233,0.57442,-0.94667,2.22179,-0.14758,-0.65635,-1.34436,2.031,1.929,0.356,1.269,0.074,0.615,0.361
59.300000,2965,0.84538,0.55696,-0.92125,2.21219,-0.10032,-0.66147,-1.33212,0.84811,0.57004,-0.91913,2.21067,-0.10551,-0.66745,-1.33984,0.87415,0.60986,-0.94352,2.23158,-0.12488,-0.63636,-1.32952,2.012,2.132,0.396,1.271,0.056,0.565,0.321
59.400000,2970,0.84652,0.59359,-0.92011,2.22134,-0.07705,-0.64392,-1.31877,0.85046,0.60564,-0.91596,2.21956,-0.08237,-0.64690,-1.32466,0.87636,0.64545,-0.94120,2.24048,-0.10307,-0.61556,-1.31418,1.988,2.323,0.428,1.269,0.040,0.519,0.283
59.500000,2975,0.85034,0.63097,-0.91820,2.22973,-0.05492,-0.62370,-1.30466,0.85319,0.64139,-0.91375,2.22773,-0.06071,-0.62551,-1.30935,0.87891,0.68118,-0.93970,2.24852,-0.08223,-0.59402,-1.29830,1.959,2.501,0.447,1.263,0.027,0.477,0.246
59.600000,2980,0.85072,0.66759,-0.91553,2.23698,-0.03738,-0.60425,-1.28940,0.85626,0.67728,-0.91236,2.23493,-0.03986,-0.60348,-1.29305,0.88177,0.71703,-0.93898,2.25573,-0.06248,-0.57181,-1.28183,1.926,2.669,0.461,1.253,0.017,0.438,0.211
59.700000,2985,0.85377,0.70345,-0.91553,2.24347,-0.02021,-0.58327,-1.27414,0.85960,0.71301,-0.91108,2.24111,-0.01966,-0.58106,-1.27569,0.88496,0.75272,-0.93846,2.26194,-0.04327,-0.54921,-1.26459,1.895,2.826,0.535,1.230,0.012,0.402,0.179
59.800000,2990,0.85644,0.74083,-0.91362,2.24728,0.00268,-0.56114,-1.25888,0.86334,0.74848,-0.91002,2.24643,-0.00015,-0.55844,-1.25807,0.88845,0.78824,-0.93809,2.26722,-0.02465,-0.52628,-1.24660,1.854,2.976,0.488,1.212,0.006,0.370,0.147
59.900000,2995,0.86216,0.77707,-0.91362,2.25339,0.01946,-0.54016,-1.24133,0.86717,0.78458,-0.91046,2.25131,0.01713,-0.53478,-1.23983,0.89209,0.82420,-0.93927,2.27203,-0.00830,-0.50256,-1.22819,1.808,3.117,0.448,1.187,0.002,0.340,0.116
