t,idx,q1,q2,q3,q4,q5,q6,q7,cmd1,cmd2,cmd3,cmd4,cmd5,cmd6,cmd7,qref1,qref2,qref3,qref4,qref5,qref6,qref7
0.000000,0,-0.00035,0.00039,0.00001,0.07936,0.00001,0.00001,-0.00001,0.03346,0.05039,0.00487,0.12936,-0.02188,-0.01033,0.00198,0.00159,0.00308,-0.00455,0.08180,-0.00414,-0.00251,-0.00242
0.100000,5,-0.00035,0.00039,0.00001,0.07936,0.00001,0.00001,-0.00001,0.03150,0.10942,0.01374,0.14775,-0.01890,-0.01283,0.00079,0.00179,0.00347,-0.00512,0.08204,-0.00466,-0.00283,-0.00272
0.200000,10,-0.00035,0.00001,0.00001,0.07936,0.00001,0.00001,-0.00001,0.03196,0.11045,0.01316,0.14802,-0.01992,-0.01354,0.00033,0.00214,0.00416,-0.00614,0.08247,-0.00559,-0.00339,-0.00326
0.300000,15,-0.00035,0.00001,0.00001,0.07936,0.00001,0.00001,-0.00001,0.03250,0.11303,0.01154,0.14855,-0.02159,-0.01485,-0.00088,0.00276,0.00536,-0.00791,0.08322,-0.00720,-0.00437,-0.00421
0.400000,20,-0.00035,0.00001,0.00001,0.07936,0.00001,0.00001,-0.00001,0.03366,0.11569,0.00834,0.14970,-0.02468,-0.01689,-0.00275,0.00390,0.00755,-0.01116,0.08460,-0.01015,-0.00616,-0.00593
0.500000,25,-0.00035,0.00039,0.00001,0.07936,0.00001,0.00001,-0.00001,0.03551,0.11915,0.00293,0.15161,-0.02960,-0.02007,-0.00574,0.00568,0.01101,-0.01626,0.08676,-0.01480,-0.00898,-0.00865
0.600000,30,-0.00035,0.00001,0.00001,0.07936,0.00001,0.00001,-0.00001,0.03801,0.12467,-0.00443,0.15428,-0.03633,-0.02442,-0.00989,0.00818,0.01585,-0.02342,0.08980,-0.02131,-0.01293,-0.01245
0.700000,35,0.00918,0.03892,-0.01296,0.12742,-0.02975,-0.00915,-0.01985,0.04150,0.09689,-0.03435,0.15788,-0.04616,-0.02723,-0.01978,0.01125,0.02181,-0.03222,0.09353,-0.02931,-0.01779,-0.01713
0.800000,40,0.04733,0.10301,-0.03776,0.15832,-0.04844,-0.02822,-0.02175,0.04491,0.11271,-0.04132,0.15999,-0.05433,-0.03266,-0.02623,0.01474,0.02857,-0.04221,0.09777,-0.03840,-0.02331,-0.02244
0.900000,45,0.05610,0.11941,-0.03928,0.16748,-0.05530,-0.03356,-0.02290,0.04901,0.14450,-0.03213,0.16450,-0.06327,-0.04052,-0.02562,0.01853,0.03592,-0.05306,0.10237,-0.04827,-0.02930,-0.02821
1.000000,50,0.03894,0.11712,-0.03928,0.16252,-0.06179,-0.03661,-0.03053,0.05352,0.14925,-0.04329,0.16956,-0.07416,-0.04676,-0.03102,0.02251,0.04364,-0.06447,0.10721,-0.05865,-0.03561,-0.03428
1.100000,55,0.03627,0.12208,-0.04653,0.16290,-0.07743,-0.04119,-0.03854,0.05693,0.15561,-0.05893,0.17395,-0.08437,-0.05350,-0.03929,0.02661,0.05159,-0.07621,0.11219,-0.06933,-0.04209,-0.04051
1.200000,60,0.04733,0.13047,-0.06484,0.16671,-0.08392,-0.04844,-0.04426,0.06095,0.16217,-0.07242,0.17838,-0.09499,-0.05971,-0.04626,0.03076,0.05964,-0.08810,0.11724,-0.08015,-0.04866,-0.04684
1.300000,65,0.05267,0.13925,-0.07552,0.17053,-0.09879,-0.05492,-0.04960,0.06519,0.17674,-0.08096,0.18184,-0.10499,-0.06678,-0.05318,0.03495,0.06775,-0.10008,0.12231,-0.09104,-0.05527,-0.05320
1.400000,70,0.05267,0.14688,-0.08201,0.17244,-0.10757,-0.05950,-0.05609,0.06932,0.17866,-0.09607,0.18771,-0.11669,-0.07263,-0.05886,0.03914,0.07587,-0.11208,0.12740,-0.10196,-0.06190,-0.05958
1.500000,75,0.05534,0.15336,-0.09917,0.17549,-0.11672,-0.06751,-0.06105,0.07299,0.19278,-0.10642,0.19173,-0.12668,-0.07942,-0.06595,0.04333,0.08400,-0.12408,0.13250,-0.11288,-0.06853,-0.06597
1.600000,80,0.06106,0.16099,-0.11329,0.18274,-0.13122,-0.07476,-0.06753,0.07702,0.20232,-0.11863,0.19537,-0.13716,-0.08625,-0.07332,0.04752,0.09212,-0.13608,0.13759,-0.12380,-0.07515,-0.07234
1.700000,85,0.06717,0.16977,-0.12435,0.18655,-0.13808,-0.08086,-0.07554,0.08171,0.20639,-0.13134,0.20117,-0.14870,-0.09251,-0.07899,0.05171,0.10024,-0.14808,0.14268,-0.13472,-0.08178,-0.07872
1.800000,90,0.06946,0.17740,-0.13770,0.19304,-0.15334,-0.08544,-0.07974,0.08593,0.21283,-0.14385,0.20521,-0.15909,-0.09889,-0.08590,0.05590,0.10837,-0.16008,0.14776,-0.14563,-0.08841,-0.08510
1.900000,95,0.07098,0.18579,-0.14838,0.19494,-0.16097,-0.09231,-0.08699,0.08972,0.22321,-0.15588,0.21042,-0.17013,-0.10554,-0.09222,0.06009,0.11649,-0.17208,0.15285,-0.15655,-0.09504,-0.09148
2.000000,100,0.07403,0.19227,-0.16021,0.20028,-0.17242,-0.10032,-0.09194,0.09377,0.23381,-0.16769,0.21358,-0.18015,-0.11204,-0.09995,0.06428,0.12461,-0.18408,0.15794,-0.16747,-0.10166,-0.09786
2.100000,105,0.08052,0.20257,-0.17318,0.20410,-0.18462,-0.10642,-0.10339,0.09831,0.23765,-0.18013,0.21947,-0.19170,-0.11840,-0.10514,0.06847,0.13274,-0.19608,0.16303,-0.17838,-0.10829,-0.10424
2.200000,110,0.08586,0.20868,-0.18539,0.21058,-0.19149,-0.11138,-0.10873,0.10230,0.25181,-0.18981,0.22265,-0.20188,-0.12533,-0.11217,0.07266,0.14086,-0.20808,0.16812,-0.18930,-0.11492,-0.11062
2.300000,115,0.08929,0.21783,-0.19760,0.21554,-0.20675,-0.11863,-0.11331,0.10692,0.25513,-0.20323,0.22840,-0.21333,-0.13152,-0.11825,0.07685,0.14899,-0.22008,0.17321,-0.20022,-0.12155,-0.11700
2.400000,120,0.08929,0.22508,-0.20866,0.21974,-0.21400,-0.12702,-0.11865,0.11083,0.26692,-0.21335,0.23272,-0.22379,-0.13847,-0.12440,0.08104,0.15711,-0.23208,0.17830,-0.21114,-0.12817,-0.12338
2.500000,125,0.09234,0.23385,-0.22125,0.22394,-0.22735,-0.13160,-0.12742,0.11514,0.27540,-0.22581,0.23610,-0.23411,-0.14493,-0.13218,0.08523,0.16523,-0.24408,0.18339,-0.22205,-0.13480,-0.12976
2.600000,130,0.10036,0.24110,-0.23307,0.22661,-0.23765,-0.13618,-0.13429,0.11903,0.28172,-0.23926,0.24163,-0.24520,-0.15133,-0.13827,0.08942,0.17336,-0.25608,0.18848,-0.23297,-0.14143,-0.13614
2.700000,135,0.10570,0.24873,-0.24566,0.23424,-0.24642,-0.14266,-0.13734,0.12311,0.29020,-0.25139,0.24606,-0.25566,-0.15769,-0.14504,0.09361,0.18148,-0.26808,0.19357,-0.24389,-0.14806,-0.14252
2.800000,140,0.10799,0.25636,-0.25825,0.23767,-0.26054,-0.15220,-0.14459,0.12745,0.29943,-0.26256,0.25043,-0.26665,-0.16440,-0.15147,0.09780,0.18960,-0.28008,0.19866,-0.25480,-0.15468,-0.14890
2.900000,145,0.10837,0.26437,-0.27046,0.23996,-0.26817,-0.15754,-0.15451,0.13172,0.30886,-0.27341,0.25519,-0.27736,-0.17112,-0.15772,0.10199,0.19773,-0.29208,0.20375,-0.26572,-0.16131,-0.15528
3.000000,150,0.11142,0.27391,-0.28152,0.24339,-0.28076,-0.16212,-0.15985,0.13561,0.31500,-0.28705,0.26015,-0.28807,-0.17756,-0.16439,0.10618,0.20585,-0.30408,0.20884,-0.27664,-0.16794,-0.16166
3.100000,155,0.11943,0.28268,-0.29602,0.24988,-0.29220,-0.17127,-0.16595,0.13979,0.32259,-0.29996,0.26443,-0.29883,-0.18376,-0.17141,0.11037,0.21397,-0.31608,0.21393,-0.28756,-0.17457,-0.16804
3.200000,160,0.12477,0.28726,-0.30784,0.25712,-0.30059,-0.17890,-0.17244,0.14387,0.33506,-0.30934,0.26852,-0.30930,-0.19079,-0.17756,0.11456,0.22210,-0.32808,0.21902,-0.29847,-0.18119,-0.17442
3.300000,165,0.12515,0.29375,-0.31776,0.26056,-0.31471,-0.18310,-0.17778,0.14845,0.33741,-0.32336,0.27411,-0.32083,-0.19704,-0.18366,0.11875,0.23022,-0.34008,0.22411,-0.30939,-0.18782,-0.18080
3.400000,170,0.12782,0.30366,-0.33035,0.26246,-0.32196,-0.18844,-0.18464,0.15232,0.34884,-0.33487,0.27827,-0.33126,-0.20351,-0.19053,0.12294,0.23834,-0.35208,0.22920,-0.32031,-0.19445,-0.18718
3.500000,175,0.13431,0.31435,-0.34446,0.26933,-0.33454,-0.19492,-0.19151,0.15625,0.35794,-0.34743,0.28175,-0.34153,-0.21016,-0.19805,0.12713,0.24647,-0.36408,0.23429,-0.33122,-0.20108,-0.19356
3.600000,180,0.14156,0.32274,-0.35705,0.27620,-0.34484,-0.20484,-0.19685,0.16077,0.36759,-0.35737,0.28646,-0.35248,-0.21685,-0.20391,0.13132,0.25459,-0.37608,0.23938,-0.34214,-0.20770,-0.19994
3.700000,185,0.14384,0.32846,-0.36506,0.28001,-0.35362,-0.20942,-0.20410,0.16506,0.37464,-0.36946,0.29142,-0.36333,-0.22351,-0.21029,0.13551,0.26272,-0.38809,0.24447,-0.35306,-0.21433,-0.20632
3.800000,190,0.14728,0.33685,-0.37918,0.28192,-0.36773,-0.21591,-0.21173,0.16906,0.38275,-0.38189,0.29651,-0.37424,-0.22995,-0.21659,0.13970,0.27084,-0.40009,0.24956,-0.36398,-0.22096,-0.21270
3.900000,195,0.15109,0.34486,-0.39100,0.29031,-0.37460,-0.22201,-0.21707,0.17301,0.39305,-0.39409,0.29964,-0.38451,-0.23646,-0.22417,0.14390,0.27896,-0.41209,0.25465,-0.37489,-0.22759,-0.21908
4.000000,200,0.15567,0.35440,-0.40245,0.29413,-0.39138,-0.23002,-0.22394,0.17724,0.39830,-0.40720,0.30524,-0.39552,-0.24267,-0.23028,0.14809,0.28709,-0.42409,0.25974,-0.38581,-0.23421,-0.22546
4.100000,205,0.15796,0.36356,-0.41771,0.29832,-0.39825,-0.23651,-0.22966,0.18152,0.40894,-0.41785,0.30915,-0.40607,-0.24951,-0.23713,0.15228,0.29521,-0.43609,0.26483,-0.39673,-0.24084,-0.23184
4.200000,210,0.15948,0.37080,-0.42801,0.30328,-0.41160,-0.24108,-0.23691,0.18523,0.41923,-0.42966,0.31396,-0.41641,-0.25631,-0.24391,0.15647,0.30333,-0.44809,0.26992,-0.40764,-0.24747,-0.23822
4.300000,215,0.16635,0.37691,-0.43640,0.30710,-0.42152,-0.24719,-0.24072,0.18902,0.42232,-0.44649,0.31851,-0.42734,-0.26233,-0.25157,0.16066,0.31146,-0.46009,0.27501,-0.41856,-0.25410,-0.24460
4.400000,220,0.17245,0.38606,-0.45280,0.31435,-0.43068,-0.25672,-0.24759,0.19368,0.43427,-0.45481,0.32254,-0.43822,-0.26881,-0.25710,0.16485,0.31958,-0.47209,0.28010,-0.42948,-0.26072,-0.25098
4.500000,225,0.17513,0.39484,-0.46654,0.31930,-0.44517,-0.26283,-0.25216,0.19817,0.44323,-0.46558,0.32640,-0.44874,-0.27560,-0.26388,0.16904,0.32770,-0.48409,0.28519,-0.44040,-0.26735,-0.25736
4.600000,230,0.17703,0.40399,-0.47722,0.32121,-0.45242,-0.26817,-0.26323,0.20163,0.44982,-0.48020,0.33254,-0.45975,-0.28227,-0.27048,0.17323,0.33583,-0.49609,0.29028,-0.45131,-0.27398,-0.26374
4.700000,235,0.18314,0.41315,-0.49057,0.32617,-0.46501,-0.27351,-0.27009,0.20562,0.45904,-0.49271,0.33636,-0.47006,-0.28883,-0.27796,0.17742,0.34395,-0.50809,0.29537,-0.46223,-0.28061,-0.27012
4.800000,240,0.18924,0.41963,-0.50087,0.33266,-0.47531,-0.28419,-0.27505,0.21035,0.46805,-0.50206,0.34057,-0.48118,-0.29507,-0.28310,0.18161,0.35208,-0.52009,0.30046,-0.47315,-0.28723,-0.27650
4.900000,245,0.19115,0.42574,-0.51269,0.33876,-0.48332,-0.28991,-0.28230,0.21455,0.47499,-0.51419,0.34579,-0.49204,-0.30157,-0.28919,0.18580,0.36020,-0.53209,0.30555,-0.48406,-0.29386,-0.28288
5.000000,250,0.19191,0.43604,-0.52528,0.34067,-0.49820,-0.29487,-0.28840,0.21879,0.48253,-0.52706,0.35078,-0.50296,-0.30799,-0.29612,0.18999,0.36832,-0.54409,0.31064,-0.49498,-0.30049,-0.28926
5.100000,255,0.19725,0.44595,-0.53940,0.34639,-0.50506,-0.29983,-0.29298,0.22311,0.48698,-0.54119,0.35455,-0.51394,-0.31434,-0.30309,0.19418,0.37645,-0.55609,0.31573,-0.50590,-0.30712,-0.29564
5.200000,260,0.20564,0.45320,-0.55084,0.35059,-0.51994,-0.31013,-0.29985,0.22672,0.50106,-0.55064,0.35901,-0.52396,-0.32101,-0.30926,0.19837,0.38457,-0.56809,0.32082,-0.51682,-0.31374,-0.30202
5.300000,265,0.20602,0.46045,-0.56229,0.35783,-0.52795,-0.31547,-0.30557,0.23149,0.50931,-0.56063,0.36372,-0.53519,-0.32822,-0.31526,0.20256,0.39269,-0.58009,0.32591,-0.52773,-0.32037,-0.30840
5.400000,270,0.20831,0.46922,-0.57487,0.36012,-0.53749,-0.32081,-0.31358,0.23554,0.51790,-0.57332,0.36845,-0.54573,-0.33448,-0.32232,0.20675,0.40082,-0.59209,0.33100,-0.53865,-0.32700,-0.31478
5.500000,275,0.21327,0.47762,-0.58823,0.36584,-0.55046,-0.32844,-0.31892,0.23970,0.52441,-0.58684,0.37236,-0.55660,-0.34085,-0.32932,0.21094,0.40894,-0.60409,0.33609,-0.54957,-0.33363,-0.32116
5.600000,280,0.22128,0.48715,-0.59853,0.37195,-0.55885,-0.33645,-0.32693,0.24315,0.53272,-0.60094,0.37713,-0.56704,-0.34725,-0.33657,0.21513,0.41706,-0.61609,0.34118,-0.56048,-0.34025,-0.32753
5.700000,285,0.22434,0.49631,-0.61188,0.37729,-0.57411,-0.34332,-0.33533,0.24792,0.54181,-0.60997,0.38188,-0.57802,-0.35382,-0.34184,0.21932,0.42519,-0.62809,0.34627,-0.57140,-0.34688,-0.33391
5.800000,290,0.22472,0.50241,-0.62332,0.37996,-0.58174,-0.34866,-0.34067,0.25211,0.55188,-0.62065,0.38667,-0.58879,-0.36063,-0.34812,0.22351,0.43331,-0.64009,0.35136,-0.58232,-0.35351,-0.34029
5.900000,295,0.22739,0.50737,-0.63553,0.38568,-0.59471,-0.35438,-0.34486,0.25573,0.56067,-0.63462,0.39047,-0.59886,-0.36743,-0.35642,0.22770,0.44144,-0.65209,0.35645,-0.59324,-0.36013,-0.34667
6.000000,300,0.23769,0.51882,-0.64964,0.38911,-0.60539,-0.36201,-0.35287,0.26014,0.56269,-0.64971,0.39607,-0.61062,-0.37323,-0.36227,0.23189,0.44956,-0.66409,0.36154,-0.60415,-0.36676,-0.35305
6.100000,305,0.24112,0.52988,-0.66223,0.39751,-0.61684,-0.37002,-0.35783,0.26467,0.57309,-0.65907,0.39957,-0.62091,-0.37987,-0.36873,0.23608,0.45768,-0.67609,0.36663,-0.61507,-0.37339,-0.35943
6.200000,310,0.24112,0.53827,-0.67253,0.39980,-0.62828,-0.37460,-0.36394,0.26871,0.58599,-0.66812,0.40456,-0.63161,-0.38694,-0.37438,0.24027,0.46581,-0.68809,0.37172,-0.62599,-0.38002,-0.36581
6.300000,315,0.24303,0.54666,-0.68398,0.40514,-0.63553,-0.38185,-0.37080,0.27265,0.58974,-0.68402,0.40912,-0.64265,-0.39321,-0.38188,0.24446,0.47393,-0.70009,0.37681,-0.63690,-0.38664,-0.37219
6.400000,320,0.25256,0.55277,-0.69695,0.40704,-0.65041,-0.39062,-0.37881,0.27636,0.60324,-0.69467,0.41306,-0.65254,-0.39985,-0.38929,0.24865,0.48205,-0.71209,0.38190,-0.64782,-0.39327,-0.37857
6.500000,325,0.25714,0.56116,-0.70992,0.41734,-0.65918,-0.39673,-0.38339,0.28120,0.61008,-0.70535,0.41741,-0.66375,-0.40630,-0.39490,0.25284,0.49018,-0.72409,0.38699,-0.65874,-0.39990,-0.38495
6.600000,330,0.25829,0.56955,-0.71945,0.42040,-0.66986,-0.40321,-0.39369,0.28562,0.61679,-0.71710,0.42286,-0.67468,-0.41290,-0.40104,0.25703,0.49830,-0.73609,0.39208,-0.66966,-0.40653,-0.39133
6.700000,335,0.25905,0.58023,-0.73395,0.42421,-0.68207,-0.40970,-0.39827,0.28927,0.62419,-0.73123,0.42723,-0.68538,-0.41919,-0.40809,0.26122,0.50642,-0.74809,0.39717,-0.68057,-0.41315,-0.39771
6.800000,340,0.26935,0.58824,-0.74616,0.42688,-0.68894,-0.41694,-0.40475,0.29369,0.63492,-0.74116,0.43132,-0.69606,-0.42594,-0.41445,0.26542,0.51455,-0.76009,0.40226,-0.69149,-0.41978,-0.40409
6.900000,345,0.27507,0.59740,-0.75951,0.43642,-0.70648,-0.42419,-0.41010,0.29801,0.64154,-0.75384,0.43591,-0.70685,-0.43238,-0.42121,0.26961,0.52267,-0.77209,0.40735,-0.70241,-0.42641,-0.41047
7.000000,350,0.27736,0.60427,-0.76714,0.43909,-0.71144,-0.42991,-0.41696,0.30215,0.64800,-0.76621,0.44148,-0.71798,-0.43898,-0.42695,0.27380,0.53079,-0.78409,0.41244,-0.71332,-0.43304,-0.41685
7.100000,355,0.28041,0.61342,-0.78202,0.44405,-0.72594,-0.43754,-0.42154,0.30609,0.65674,-0.77910,0.44490,-0.72837,-0.44508,-0.43420,0.27799,0.53892,-0.79609,0.41753,-0.72424,-0.43966,-0.42323
7.200000,360,0.28575,0.62258,-0.79308,0.44824,-0.73700,-0.44403,-0.42841,0.31043,0.66564,-0.79124,0.44900,-0.73925,-0.45157,-0.44125,0.28218,0.54704,-0.80809,0.42262,-0.73516,-0.44629,-0.42961
7.300000,365,0.28880,0.63173,-0.80796,0.45397,-0.74501,-0.45013,-0.43604,0.31441,0.67384,-0.80251,0.45457,-0.74996,-0.45824,-0.44694,0.28637,0.55517,-0.82009,0.42771,-0.74608,-0.45292,-0.43599
7.400000,370,0.29071,0.63631,-0.81864,0.45587,-0.75913,-0.45624,-0.44595,0.31856,0.68396,-0.81316,0.45928,-0.76076,-0.46521,-0.45310,0.29056,0.56329,-0.83209,0.43280,-0.75699,-0.45955,-0.44237
7.500000,375,0.29453,0.64623,-0.83275,0.46503,-0.76638,-0.46425,-0.45053,0.32272,0.69090,-0.82629,0.46372,-0.77145,-0.47159,-0.46007,0.29475,0.57141,-0.84409,0.43789,-0.76791,-0.46617,-0.44875
7.600000,380,0.30254,0.65310,-0.83886,0.46694,-0.78202,-0.47188,-0.45625,0.32670,0.70035,-0.83848,0.46776,-0.78180,-0.47777,-0.46716,0.29894,0.57954,-0.85609,0.44298,-0.77883,-0.47280,-0.45513
7.700000,385,0.30712,0.66568,-0.85640,0.47609,-0.78965,-0.47836,-0.46198,0.33080,0.71058,-0.84969,0.47217,-0.79264,-0.48476,-0.47379,0.30313,0.58766,-0.86809,0.44807,-0.78974,-0.47943,-0.46151
7.800000,390,0.30788,0.67370,-0.86708,0.47685,-0.80071,-0.48370,-0.46961,0.33533,0.71689,-0.86166,0.47634,-0.80338,-0.49117,-0.48031,0.30732,0.59578,-0.88009,0.45316,-0.80066,-0.48606,-0.46789
7.900000,395,0.31207,0.68209,-0.88044,0.48258,-0.81292,-0.49209,-0.47304,0.33882,0.72839,-0.87427,0.48066,-0.81371,-0.49780,-0.48775,0.31151,0.60391,-0.89210,0.45825,-0.81158,-0.49268,-0.47427
8.000000,400,0.32123,0.68781,-0.89112,0.48754,-0.81940,-0.49896,-0.47991,0.34375,0.73470,-0.88489,0.48512,-0.82505,-0.50428,-0.49333,0.31570,0.61203,-0.90410,0.46334,-0.82250,-0.49931,-0.48065
8.100000,405,0.32390,0.69811,-0.90409,0.49478,-0.83580,-0.50583,-0.48792,0.34796,0.73817,-0.89919,0.49111,-0.83615,-0.51037,-0.49954,0.31989,0.62015,-0.91610,0.46843,-0.83341,-0.50594,-0.48703
8.200000,410,0.32428,0.70765,-0.91477,0.49707,-0.84229,-0.51117,-0.49631,0.35197,0.75156,-0.90875,0.49446,-0.84650,-0.51738,-0.50625,0.32408,0.62828,-0.92810,0.47352,-0.84433,-0.51257,-0.49341
8.300000,415,0.32962,0.71795,-0.92812,0.50051,-0.85717,-0.51880,-0.50318,0.35531,0.76164,-0.92237,0.49940,-0.85666,-0.52407,-0.51387,0.32827,0.63640,-0.94010,0.47861,-0.85525,-0.51919,-0.49979
8.400000,420,0.33802,0.72634,-0.93918,0.50813,-0.86747,-0.52605,-0.51081,0.35961,0.76551,-0.93702,0.50329,-0.86760,-0.53014,-0.52092,0.33246,0.64453,-0.95210,0.48370,-0.86616,-0.52582,-0.50617
8.500000,425,0.34069,0.73244,-0.95215,0.51309,-0.87662,-0.53177,-0.51729,0.36441,0.77714,-0.94475,0.50799,-0.87857,-0.53683,-0.52621,0.33665,0.65265,-0.96410,0.48879,-0.87708,-0.53245,-0.51255
8.600000,430,0.34069,0.74045,-0.96398,0.51729,-0.88997,-0.53825,-0.52225,0.36868,0.78179,-0.95833,0.51229,-0.88951,-0.54326,-0.53276,0.34084,0.66077,-0.97610,0.49388,-0.88800,-0.53908,-0.51893
8.700000,435,0.34641,0.75037,-0.97848,0.51958,-0.89760,-0.54588,-0.52873,0.37267,0.79031,-0.97056,0.51795,-0.90045,-0.54973,-0.53895,0.34503,0.66890,-0.98810,0.49897,-0.89892,-0.54570,-0.52531
8.800000,440,0.35480,0.76182,-0.98839,0.52759,-0.91286,-0.55313,-0.53446,0.37673,0.79935,-0.98313,0.52140,-0.91060,-0.55643,-0.54684,0.34922,0.67702,-1.00010,0.50406,-0.90983,-0.55233,-0.53169
8.900000,445,0.36014,0.76639,-0.99869,0.52873,-0.92011,-0.55923,-0.54094,0.38083,0.81100,-0.99213,0.52653,-0.92155,-0.56312,-0.55178,0.35341,0.68514,-1.01210,0.50915,-0.92075,-0.55896,-0.53807
9.000000,450,0.36167,0.77402,-1.01205,0.53675,-0.93194,-0.56610,-0.54781,0.38493,0.81871,-1.00615,0.52992,-0.93184,-0.56957,-0.56030,0.35760,0.69327,-1.02410,0.51424,-0.93167,-0.56559,-0.54445
9.100000,455,0.36815,0.78432,-1.02463,0.53980,-0.94376,-0.57449,-0.55506,0.38945,0.82301,-1.01840,0.53605,-0.94358,-0.57578,-0.56501,0.36179,0.70139,-1.03610,0.51933,-0.94258,-0.57221,-0.55083
9.200000,460,0.37120,0.79577,-1.03799,0.54666,-0.95177,-0.57983,-0.56230,0.39396,0.83026,-1.03088,0.53999,-0.95429,-0.58227,-0.57235,0.36598,0.70951,-1.04810,0.52442,-0.95350,-0.57884,-0.55721
9.300000,465,0.37349,0.80149,-1.04943,0.55048,-0.96703,-0.58517,-0.57032,0.39746,0.84360,-1.04095,0.54417,-0.96436,-0.58907,-0.57870,0.37017,0.71764,-1.06010,0.52951,-0.96442,-0.58547,-0.56359
9.400000,470,0.37693,0.80912,-1.06087,0.55658,-0.97466,-0.59319,-0.57680,0.40192,0.84616,-1.05542,0.54931,-0.97574,-0.59549,-0.58510,0.37436,0.72576,-1.07210,0.53460,-0.97534,-0.59210,-0.56997
9.500000,475,0.38456,0.81827,-1.07423,0.55849,-0.98839,-0.60005,-0.58176,0.40587,0.86046,-1.06485,0.55319,-0.98558,-0.60222,-0.59227,0.37855,0.73389,-1.08410,0.53969,-0.98625,-0.59872,-0.57634
9.600000,480,0.38761,0.82896,-1.08453,0.56459,-0.99908,-0.60577,-0.58710,0.40999,0.86384,-1.08002,0.55839,-0.99708,-0.60886,-0.59891,0.38274,0.74201,-1.09610,0.54478,-0.99717,-0.60535,-0.58272
9.700000,485,0.39028,0.83735,-1.09711,0.56879,-1.00594,-0.61264,-0.59244,0.41421,0.87847,-1.08819,0.56163,-1.00709,-0.61542,-0.60554,0.38693,0.75013,-1.10810,0.54987,-1.00809,-0.61198,-0.58910
9.800000,490,0.39829,0.84650,-1.11161,0.57375,-1.02120,-0.62065,-0.60198,0.41790,0.88454,-1.10251,0.56732,-1.01813,-0.62191,-0.61191,0.39113,0.75826,-1.12010,0.55496,-1.01900,-0.61861,-0.59548
9.900000,495,0.40439,0.85184,-1.11886,0.57756,-1.02883,-0.62790,-0.60846,0.42197,0.89520,-1.11346,0.57141,-1.02852,-0.62857,-0.61878,0.39532,0.76638,-1.13210,0.56005,-1.02992,-0.62523,-0.60186
10.000000,500,0.40477,0.86214,-1.13259,0.58481,-1.04333,-0.63324,-0.61304,0.42684,0.89827,-1.12583,0.57658,-1.04007,-0.63481,-0.62411,0.39951,0.77450,-1.14410,0.56514,-1.04084,-0.63186,-0.60824
10.100000,505,0.40706,0.87054,-1.14404,0.58519,-1.05134,-0.63934,-0.62296,0.43119,0.90519,-1.13837,0.58136,-1.05121,-0.64123,-0.63057,0.40370,0.78263,-1.15610,0.57023,-1.05176,-0.63849,-0.61462
10.200000,510,0.41584,0.88160,-1.15968,0.59359,-1.06278,-0.64812,-0.62983,0.43505,0.91915,-1.14825,0.58451,-1.06109,-0.64797,-0.63786,0.40789,0.79075,-1.16810,0.57532,-1.06267,-0.64512,-0.62100
10.300000,515,0.42080,0.88999,-1.16883,0.59740,-1.07423,-0.65460,-0.63440,0.43921,0.92570,-1.16069,0.58991,-1.07205,-0.65449,-0.64381,0.41208,0.79887,-1.18010,0.58041,-1.07359,-0.65174,-0.62738
10.400000,520,0.42118,0.89838,-1.18104,0.60274,-1.08300,-0.65880,-0.64089,0.44345,0.93518,-1.17256,0.59385,-1.08272,-0.66095,-0.65097,0.41627,0.80700,-1.19210,0.58550,-1.08451,-0.65837,-0.63376
10.500000,525,0.42385,0.90372,-1.19210,0.60465,-1.09711,-0.66567,-0.64814,0.44738,0.94217,-1.18569,0.59796,-1.09334,-0.66757,-0.65776,0.42046,0.81512,-1.20410,0.59059,-1.09542,-0.66500,-0.64014
10.600000,530,0.42957,0.91250,-1.20698,0.61304,-1.10665,-0.67482,-0.65233,0.45163,0.95087,-1.19751,0.60279,-1.10408,-0.67390,-0.66439,0.42465,0.82324,-1.21610,0.59568,-1.10634,-0.67163,-0.64652
10.700000,535,0.43796,0.92318,-1.21499,0.61533,-1.11771,-0.68092,-0.65996,0.45543,0.95811,-1.21146,0.60716,-1.11459,-0.68047,-0.67178,0.42884,0.83137,-1.22810,0.60077,-1.11726,-0.67825,-0.65290
10.800000,540,0.44025,0.93424,-1.22949,0.61914,-1.12878,-0.68703,-0.66759,0.46004,0.96797,-1.22035,0.61258,-1.12591,-0.68714,-0.67659,0.43303,0.83949,-1.24010,0.60586,-1.12818,-0.68488,-0.65928
10.900000,545,0.44101,0.94111,-1.24093,0.62563,-1.13641,-0.69313,-0.67522,0.46421,0.97558,-1.23372,0.61602,-1.13627,-0.69370,-0.68456,0.43723,0.84763,-1.25213,0.61096,-1.13911,-0.69152,-0.66567
11.000000,550,0.45169,0.94874,-1.25581,0.62983,-1.15243,-0.70191,-0.68247,0.46757,0.98598,-1.24661,0.62124,-1.14683,-0.70046,-0.69129,0.44145,0.85581,-1.26421,0.61608,-1.15011,-0.69820,-0.67210
11.100000,555,0.45475,0.95713,-1.26115,0.63402,-1.15891,-0.70763,-0.68934,0.47288,0.99191,-1.25747,0.62509,-1.15841,-0.70700,-0.69733,0.44572,0.86409,-1.27644,0.62127,-1.16123,-0.70495,-0.67860
11.200000,560,0.45704,0.96781,-1.27793,0.63974,-1.17455,-0.71221,-0.69468,0.47697,1.00227,-1.26927,0.63033,-1.16940,-0.71389,-0.70390,0.45008,0.87255,-1.28893,0.62657,-1.17260,-0.71185,-0.68524
11.300000,565,0.46009,0.97697,-1.28976,0.64623,-1.18295,-0.72022,-0.70078,0.48102,1.00967,-1.28564,0.63499,-1.18108,-0.72103,-0.71252,0.45461,0.88134,-1.30192,0.63208,-1.18441,-0.71902,-0.69214
11.400000,570,0.46848,0.98498,-1.30387,0.64890,-1.19706,-0.72861,-0.70879,0.48611,1.02134,-1.29708,0.63967,-1.19309,-0.72846,-0.71974,0.45942,0.89065,-1.31567,0.63791,-1.19692,-0.72662,-0.69946
11.500000,575,0.47382,0.99490,-1.31761,0.65691,-1.20851,-0.73586,-0.71604,0.49162,1.02771,-1.31246,0.64656,-1.20727,-0.73657,-0.72661,0.46460,0.90070,-1.33052,0.64421,-1.21043,-0.73482,-0.70735
11.600000,580,0.47496,1.00367,-1.33287,0.65920,-1.22148,-0.74311,-0.72367,0.49624,1.03815,-1.32750,0.65579,-1.21885,-0.74257,-0.73490,0.46951,0.91096,-1.34523,0.65272,-1.22314,-0.74221,-0.71530
11.700000,585,0.48336,1.01245,-1.34240,0.67484,-1.23063,-0.74959,-0.73397,0.49723,1.02740,-1.32592,0.68036,-1.21787,-0.74036,-0.73480,0.47044,0.91833,-1.35248,0.67139,-1.22523,-0.74128,-0.72004
11.800000,590,0.48717,1.01245,-1.34240,0.70459,-1.23025,-0.74883,-0.73473,0.49353,1.03446,-1.32496,0.70832,-1.20788,-0.72977,-0.73714,0.46705,0.92424,-1.35169,0.70086,-1.21657,-0.73193,-0.72147
11.900000,595,0.48679,1.01321,-1.34240,0.73549,-1.22567,-0.73929,-0.73511,0.48926,1.03718,-1.32396,0.74233,-1.19791,-0.71894,-0.73779,0.46289,0.93077,-1.34981,0.73347,-1.20616,-0.72128,-0.72277
12.000000,600,0.48412,1.01779,-1.34240,0.76716,-1.21118,-0.72937,-0.73816,0.48545,1.03960,-1.32070,0.77712,-1.18770,-0.70790,-0.73769,0.45857,0.93687,-1.34782,0.76752,-1.19495,-0.71034,-0.72444
12.100000,605,0.48069,1.02046,-1.34240,0.80263,-1.20202,-0.71678,-0.73778,0.48035,1.04601,-1.31968,0.81076,-1.17533,-0.69744,-0.74119,0.45419,0.94265,-1.34576,0.80222,-1.18331,-0.69946,-0.72645
12.200000,610,0.47611,1.02732,-1.34240,0.83735,-1.19134,-0.70610,-0.73893,0.47608,1.04267,-1.31984,0.84709,-1.16405,-0.68640,-0.74279,0.44988,0.94695,-1.34364,0.83677,-1.17113,-0.68874,-0.72878
12.300000,615,0.47001,1.03190,-1.34202,0.86863,-1.17494,-0.69542,-0.74160,0.47186,1.04765,-1.31493,0.88108,-1.15205,-0.67681,-0.74433,0.44569,0.95020,-1.34149,0.87056,-1.15884,-0.67849,-0.73141
12.400000,620,0.46543,1.03152,-1.34164,0.90372,-1.16120,-0.68359,-0.74274,0.46729,1.04845,-1.31335,0.91375,-1.14015,-0.66737,-0.74673,0.44167,0.95243,-1.33934,0.90317,-1.14663,-0.66885,-0.73429
12.500000,625,0.46467,1.03190,-1.34164,0.93462,-1.14938,-0.67444,-0.74579,0.46331,1.04675,-1.31180,0.94579,-1.12836,-0.65859,-0.74970,0.43784,0.95362,-1.33720,0.93438,-1.13461,-0.65988,-0.73739
12.600000,630,0.46161,1.03190,-1.34126,0.96400,-1.13831,-0.66681,-0.75037,0.45977,1.04564,-1.30883,0.97533,-1.11708,-0.65074,-0.75251,0.43420,0.95381,-1.33506,0.96409,-1.12282,-0.65158,-0.74068
12.700000,635,0.45322,1.03152,-1.34126,0.99452,-1.12420,-0.65651,-0.75380,0.45630,1.04297,-1.30644,1.00384,-1.10590,-0.64339,-0.75553,0.43075,0.95301,-1.33293,0.99230,-1.11131,-0.64395,-0.74413
12.800000,640,0.45093,1.03190,-1.34126,1.02007,-1.11237,-0.64926,-0.75724,0.45263,1.03907,-1.30513,1.03165,-1.09516,-0.63655,-0.75843,0.42748,0.95128,-1.33081,1.01907,-1.10008,-0.63694,-0.74772
12.900000,645,0.45017,1.03152,-1.34050,1.04678,-1.09902,-0.64278,-0.76029,0.44947,1.03399,-1.30343,1.05740,-1.08452,-0.63034,-0.76193,0.42437,0.94866,-1.32870,1.04445,-1.08912,-0.63054,-0.75144
13.000000,650,0.44788,1.03114,-1.33668,1.07081,-1.09101,-0.63477,-0.76220,0.44649,1.02763,-1.30172,1.08208,-1.07442,-0.62472,-0.76520,0.42141,0.94519,-1.32660,1.06853,-1.07843,-0.62471,-0.75528
13.100000,655,0.44788,1.03114,-1.33477,1.09408,-1.07575,-0.62752,-0.76487,0.44371,1.02039,-1.30006,1.10535,-1.06455,-0.61970,-0.76868,0.41860,0.94086,-1.32451,1.09133,-1.06800,-0.61943,-0.75922
13.200000,660,0.44178,1.03037,-1.33477,1.11659,-1.06850,-0.62370,-0.76792,0.44134,1.01494,-1.29601,1.12732,-1.05487,-0.61525,-0.77169,0.41592,0.93576,-1.32244,1.11292,-1.05785,-0.61467,-0.76326
13.300000,665,0.43491,1.02618,-1.33287,1.13642,-1.05668,-0.61951,-0.77212,0.43851,1.00877,-1.29395,1.14835,-1.04534,-0.61120,-0.77531,0.41337,0.92988,-1.32037,1.13334,-1.04797,-0.61040,-0.76738
13.400000,670,0.43453,1.01969,-1.32829,1.15702,-1.04562,-0.61760,-0.78013,0.43582,1.00060,-1.29280,1.16823,-1.03604,-0.60769,-0.77948,0.41093,0.92330,-1.31833,1.15263,-1.03837,-0.60662,-0.77156
13.500000,675,0.43224,1.01130,-1.32714,1.17610,-1.03837,-0.61188,-0.78356,0.43373,0.98963,-1.29058,1.18685,-1.02721,-0.60461,-0.78277,0.40865,0.91573,-1.31631,1.17063,-1.02902,-0.60332,-0.77580
13.600000,680,0.43148,1.00825,-1.32638,1.19365,-1.02578,-0.60730,-0.78699,0.43170,0.97538,-1.29060,1.20432,-1.01902,-0.60200,-0.78664,0.40658,0.90660,-1.31432,1.18690,-1.01990,-0.60054,-0.78004
13.700000,685,0.42881,0.99986,-1.32142,1.20471,-1.01662,-0.60387,-0.79195,0.43005,0.97315,-1.28213,1.22000,-1.01045,-0.60029,-0.78857,0.40465,0.89646,-1.31235,1.20193,-1.01101,-0.59822,-0.78432
13.800000,690,0.42537,0.98574,-1.31532,1.22226,-1.00976,-0.60234,-0.79500,0.42761,0.95696,-1.28484,1.23533,-1.00219,-0.59822,-0.79379,0.40273,0.88634,-1.31041,1.21654,-1.00240,-0.59624,-0.78869
13.900000,695,0.42080,0.97048,-1.31417,1.23637,-0.99717,-0.60043,-0.80111,0.42587,0.94645,-1.28246,1.24990,-0.99424,-0.59689,-0.79818,0.40080,0.87624,-1.30847,1.23080,-0.99405,-0.59459,-0.79316
14.000000,700,0.42003,0.96133,-1.31417,1.24743,-0.99183,-0.59814,-0.80607,0.42383,0.93110,-1.28266,1.26465,-0.98660,-0.59567,-0.80237,0.39894,0.86560,-1.30656,1.24427,-0.98595,-0.59332,-0.79769
14.100000,705,0.41965,0.95255,-1.31379,1.26040,-0.98611,-0.59700,-0.80988,0.42214,0.92063,-1.27931,1.27815,-0.97921,-0.59516,-0.80594,0.39716,0.85429,-1.30469,1.25685,-0.97808,-0.59242,-0.80225
14.200000,710,0.41736,0.93882,-1.31227,1.27414,-0.97275,-0.59662,-0.81293,0.42055,0.90544,-1.27860,1.29037,-0.97214,-0.59461,-0.81036,0.39546,0.84235,-1.30284,1.26854,-0.97046,-0.59189,-0.80684
14.300000,715,0.41660,0.92547,-1.31036,1.28596,-0.96703,-0.59624,-0.81560,0.41872,0.89018,-1.27835,1.30093,-0.96481,-0.59435,-0.81520,0.39385,0.82978,-1.30104,1.27935,-0.96310,-0.59172,-0.81146
14.400000,720,0.41507,0.91593,-1.30654,1.29359,-0.96207,-0.59586,-0.82133,0.41736,0.88164,-1.27285,1.31326,-0.95862,-0.59536,-0.81779,0.39231,0.81661,-1.29928,1.28928,-0.95602,-0.59189,-0.81608
14.500000,725,0.41469,0.90334,-1.30654,1.30542,-0.95368,-0.59624,-0.82476,0.41617,0.86283,-1.27329,1.32216,-0.95247,-0.59576,-0.82265,0.39086,0.80288,-1.29758,1.29832,-0.94921,-0.59241,-0.82069
14.600000,730,0.41164,0.88351,-1.29968,1.31381,-0.94452,-0.59624,-0.82857,0.41467,0.84962,-1.27081,1.33084,-0.94592,-0.59692,-0.82689,0.38949,0.78857,-1.29593,1.30647,-0.94269,-0.59326,-0.82530
14.700000,735,0.41164,0.87092,-1.29930,1.32258,-0.94033,-0.59662,-0.83506,0.41344,0.83329,-1.26942,1.33929,-0.94036,-0.59835,-0.83074,0.38820,0.77372,-1.29434,1.31371,-0.93647,-0.59443,-0.82988
14.800000,740,0.40859,0.85642,-1.29701,1.32640,-0.93651,-0.59662,-0.83887,0.41230,0.81558,-1.26837,1.34700,-0.93496,-0.59998,-0.83460,0.38700,0.75836,-1.29282,1.32008,-0.93055,-0.59591,-0.83443
14.900000,745,0.40401,0.84040,-1.29548,1.33441,-0.92927,-0.59700,-0.84307,0.41131,0.79715,-1.26795,1.35302,-0.92992,-0.60193,-0.83899,0.38588,0.74250,-1.29137,1.32559,-0.92492,-0.59769,-0.83895
15.000000,750,0.40401,0.82247,-1.29548,1.33899,-0.92125,-0.59776,-0.84688,0.41021,0.78013,-1.26625,1.35887,-0.92504,-0.60421,-0.84251,0.38484,0.72616,-1.28999,1.33024,-0.91960,-0.59974,-0.84342
15.100000,755,0.40363,0.80645,-1.29548,1.34318,-0.91553,-0.60005,-0.85413,0.40963,0.76358,-1.26413,1.36368,-0.92075,-0.60677,-0.84629,0.38388,0.70936,-1.28868,1.33402,-0.91458,-0.60207,-0.84785
15.200000,760,0.40363,0.78890,-1.29434,1.34814,-0.91439,-0.60272,-0.85833,0.40915,0.73700,-1.26635,1.36739,-0.91684,-0.60900,-0.85062,0.38301,0.69210,-1.28745,1.33696,-0.90986,-0.60465,-0.85222
15.300000,765,0.40363,0.77097,-1.29319,1.35043,-0.91134,-0.60501,-0.86214,0.40811,0.72431,-1.26332,1.37008,-0.91238,-0.61236,-0.85452,0.38222,0.67440,-1.28631,1.33904,-0.90545,-0.60749,-0.85653
15.400000,770,0.40096,0.75304,-1.28556,1.35196,-0.90714,-0.60616,-0.86520,0.40736,0.70850,-1.26120,1.37180,-0.90857,-0.61582,-0.85816,0.38152,0.65627,-1.28524,1.34026,-0.90134,-0.61056,-0.86078
15.500000,775,0.40096,0.73626,-1.28404,1.35387,-0.90218,-0.60997,-0.86901,0.40695,0.68754,-1.26054,1.37372,-0.90550,-0.61925,-0.86146,0.38090,0.63771,-1.28426,1.34063,-0.89754,-0.61386,-0.86496
15.600000,780,0.40096,0.71642,-1.28251,1.35425,-0.89341,-0.61340,-0.87244,0.40637,0.66654,-1.26081,1.37419,-0.90253,-0.62282,-0.86518,0.38037,0.61873,-1.28336,1.34016,-0.89402,-0.61738,-0.86907
15.700000,785,0.40096,0.69811,-1.28251,1.35501,-0.89150,-0.62027,-0.87626,0.40635,0.64572,-1.25978,1.37366,-0.89980,-0.62668,-0.86888,0.37993,0.59932,-1.28256,1.33884,-0.89081,-0.62111,-0.87311
15.800000,790,0.40096,0.68018,-1.28213,1.35501,-0.88883,-0.62370,-0.88122,0.40605,0.62561,-1.25905,1.37223,-0.89723,-0.63084,-0.87242,0.37958,0.57950,-1.28184,1.33665,-0.88789,-0.62504,-0.87708
15.900000,795,0.40058,0.65920,-1.28213,1.35501,-0.88807,-0.62752,-0.88389,0.40586,0.60480,-1.25873,1.36954,-0.89496,-0.63511,-0.87587,0.37937,0.55934,-1.28124,1.33335,-0.88533,-0.62912,-0.88089
16.000000,800,0.40058,0.64165,-1.28175,1.35501,-0.88654,-0.63095,-0.88808,0.40638,0.57884,-1.26034,1.36576,-0.89394,-0.63904,-0.87887,0.37943,0.53904,-1.28085,1.32835,-0.88328,-0.63326,-0.88432
16.100000,805,0.40058,0.61953,-1.28022,1.35501,-0.88540,-0.63477,-0.89114,0.40640,0.56388,-1.25789,1.35991,-0.89201,-0.64384,-0.88170,0.37966,0.51850,-1.28059,1.32217,-0.88158,-0.63750,-0.88755
16.200000,810,0.40058,0.59931,-1.28022,1.35272,-0.88540,-0.64011,-0.89419,0.40692,0.53830,-1.25867,1.35596,-0.89131,-0.64827,-0.88418,0.37980,0.49747,-1.28031,1.31602,-0.87995,-0.64197,-0.89098
16.300000,815,0.40058,0.57794,-1.27946,1.34700,-0.88463,-0.64583,-0.89571,0.40697,0.51916,-1.25768,1.35009,-0.88980,-0.65325,-0.88770,0.37988,0.47591,-1.28001,1.30987,-0.87838,-0.64669,-0.89461
16.400000,820,0.40058,0.55696,-1.27832,1.34433,-0.88501,-0.65117,-0.89877,0.40736,0.49308,-1.25931,1.34442,-0.88925,-0.65798,-0.89102,0.38003,0.45391,-1.27978,1.30292,-0.87707,-0.65158,-0.89819
16.500000,825,0.40058,0.53598,-1.27488,1.33861,-0.88425,-0.65613,-0.90258,0.40791,0.46593,-1.26066,1.33742,-0.88877,-0.66302,-0.89421,0.38029,0.43133,-1.27964,1.29499,-0.87602,-0.65664,-0.90172
16.600000,830,0.40058,0.51195,-1.27374,1.32945,-0.88273,-0.65918,-0.90945,0.40843,0.44238,-1.26027,1.32971,-0.88858,-0.66865,-0.89676,0.38068,0.40794,-1.27960,1.28586,-0.87525,-0.66191,-0.90519
16.700000,835,0.40096,0.48715,-1.27374,1.32373,-0.88158,-0.66567,-0.91364,0.40908,0.42569,-1.25703,1.31913,-0.88821,-0.67471,-0.89925,0.38135,0.38373,-1.27975,1.27477,-0.87490,-0.66734,-0.90844
16.800000,840,0.40096,0.46503,-1.27336,1.31076,-0.88120,-0.67291,-0.91479,0.41038,0.39164,-1.26049,1.30782,-0.88920,-0.68001,-0.90185,0.38226,0.35833,-1.28008,1.26166,-0.87495,-0.67304,-0.91156
16.900000,845,0.40058,0.44176,-1.27297,1.29703,-0.88158,-0.67864,-0.91670,0.41124,0.36694,-1.26011,1.29675,-0.88879,-0.68549,-0.90514,0.38302,0.33213,-1.28010,1.24939,-0.87479,-0.67897,-0.91503
17.000000,850,0.40096,0.41849,-1.27259,1.29054,-0.88082,-0.68245,-0.92051,0.41086,0.36904,-1.25383,1.30337,-0.88272,-0.68538,-0.90845,0.38308,0.31800,-1.27680,1.25415,-0.87075,-0.68096,-0.91793
17.100000,855,0.40096,0.41124,-1.26687,1.29321,-0.87395,-0.68207,-0.92051,0.41039,0.37017,-1.24978,1.33327,-0.87348,-0.67870,-0.90953,0.38249,0.32443,-1.26892,1.28263,-0.86140,-0.67629,-0.91889
17.200000,860,0.40096,0.41658,-1.26191,1.31572,-0.86174,-0.67940,-0.92394,0.40985,0.37966,-1.24096,1.36444,-0.86282,-0.67260,-0.91101,0.38181,0.33464,-1.26009,1.31567,-0.85095,-0.67033,-0.91944
17.300000,865,0.40058,0.41849,-1.25123,1.35005,-0.85488,-0.67444,-0.92394,0.40851,0.39155,-1.23256,1.39641,-0.85164,-0.66633,-0.91245,0.38112,0.34500,-1.25111,1.34922,-0.84034,-0.66427,-0.92000
17.400000,870,0.40096,0.42459,-1.24093,1.38324,-0.83962,-0.67139,-0.92471,0.40796,0.39826,-1.22367,1.42997,-0.84190,-0.66039,-0.91220,0.38043,0.35525,-1.24224,1.38237,-0.82985,-0.65829,-0.92056
17.500000,875,0.39829,0.43832,-1.23330,1.41414,-0.83199,-0.66376,-0.92547,0.40648,0.41702,-1.21527,1.45597,-0.83239,-0.65498,-0.91166,0.37984,0.36844,-1.23490,1.41136,-0.82084,-0.65240,-0.92002
17.600000,880,0.39867,0.45778,-1.22758,1.44084,-0.82589,-0.65804,-0.92432,0.40518,0.45109,-1.20941,1.47124,-0.82742,-0.64991,-0.90750,0.37926,0.39261,-1.23211,1.42941,-0.81612,-0.64649,-0.91621
17.700000,885,0.39829,0.48754,-1.22758,1.45267,-0.81635,-0.65270,-0.92165,0.40465,0.47434,-1.21014,1.48395,-0.82518,-0.64405,-0.90271,0.37860,0.42083,-1.23141,1.44245,-0.81356,-0.64082,-0.91135
17.800000,890,0.39829,0.51538,-1.22720,1.46144,-0.81330,-0.64735,-0.92013,0.40376,0.50534,-1.20767,1.49418,-0.82248,-0.63908,-0.89885,0.37790,0.44752,-1.23085,1.45443,-0.81145,-0.63560,-0.90685
17.900000,895,0.39829,0.53903,-1.22338,1.47556,-0.81063,-0.64201,-0.91593,0.40256,0.52824,-1.20885,1.50352,-0.82001,-0.63405,-0.89549,0.37723,0.47269,-1.23036,1.46557,-0.80967,-0.63076,-0.90266
18.000000,900,0.39829,0.56307,-1.22109,1.48395,-0.81024,-0.63629,-0.91212,0.40213,0.55496,-1.20659,1.51194,-0.81848,-0.62964,-0.89062,0.37688,0.49714,-1.23013,1.47467,-0.80837,-0.62603,-0.89815
18.100000,905,0.39829,0.58710,-1.22071,1.49120,-0.81024,-0.62981,-0.90868,0.40177,0.58166,-1.20529,1.51841,-0.81714,-0.62517,-0.88624,0.37673,0.52093,-1.23009,1.48238,-0.80745,-0.62145,-0.89348
18.200000,910,0.39829,0.60923,-1.22071,1.49768,-0.80986,-0.62637,-0.90144,0.40118,0.60465,-1.20660,1.52391,-0.81581,-0.62062,-0.88257,0.37669,0.54414,-1.23017,1.48916,-0.80686,-0.61704,-0.88877
18.300000,915,0.39829,0.63211,-1.22071,1.50493,-0.80986,-0.62180,-0.89342,0.40130,0.62919,-1.20544,1.52842,-0.81537,-0.61649,-0.87786,0.37676,0.56691,-1.23038,1.49505,-0.80659,-0.61277,-0.88397
18.400000,920,0.39829,0.65271,-1.22071,1.50798,-0.80948,-0.61913,-0.88961,0.40133,0.65277,-1.20516,1.53271,-0.81514,-0.61235,-0.87308,0.37694,0.58932,-1.23071,1.50010,-0.80663,-0.60864,-0.87908
18.500000,925,0.39829,0.67560,-1.22071,1.51256,-0.80986,-0.61531,-0.88580,0.40134,0.67731,-1.20479,1.53549,-0.81498,-0.60845,-0.86859,0.37720,0.61142,-1.23116,1.50434,-0.80700,-0.60465,-0.87408
18.600000,930,0.39829,0.69544,-1.22071,1.51637,-0.80948,-0.61035,-0.87817,0.40134,0.70209,-1.20444,1.53757,-0.81490,-0.60476,-0.86396,0.37757,0.63322,-1.23174,1.50775,-0.80769,-0.60082,-0.86896
18.700000,935,0.39829,0.71795,-1.22071,1.51714,-0.80986,-0.60463,-0.87359,0.40174,0.72258,-1.20532,1.53940,-0.81585,-0.60107,-0.85887,0.37803,0.65472,-1.23244,1.51038,-0.80871,-0.59714,-0.86373
18.800000,940,0.39829,0.73816,-1.22071,1.51981,-0.80986,-0.60196,-0.86787,0.40203,0.74398,-1.20641,1.54007,-0.81677,-0.59743,-0.85404,0.37858,0.67593,-1.23326,1.51220,-0.81006,-0.59364,-0.85837
18.900000,945,0.39829,0.75762,-1.22071,1.52248,-0.81024,-0.59891,-0.86329,0.40261,0.76728,-1.20629,1.53988,-0.81812,-0.59423,-0.84890,0.37922,0.69684,-1.23420,1.51320,-0.81175,-0.59032,-0.85289
19.000000,950,0.39829,0.77784,-1.22071,1.52248,-0.81063,-0.59586,-0.85795,0.40307,0.78895,-1.20728,1.53883,-0.81961,-0.59110,-0.84384,0.37995,0.71744,-1.23525,1.51338,-0.81379,-0.58720,-0.84727
19.100000,955,0.39829,0.79920,-1.22071,1.52286,-0.81139,-0.59357,-0.84956,0.40371,0.81026,-1.20819,1.53729,-0.82150,-0.58816,-0.83873,0.38072,0.73774,-1.23640,1.51299,-0.81612,-0.58430,-0.84162
19.200000,960,0.39829,0.81827,-1.22071,1.52286,-0.81215,-0.59013,-0.84421,0.40428,0.83108,-1.20873,1.53597,-0.82355,-0.58557,-0.83359,0.38137,0.75778,-1.23752,1.51280,-0.81857,-0.58165,-0.83619
19.300000,965,0.39867,0.83773,-1.22071,1.52286,-0.81406,-0.58517,-0.84002,0.40457,0.84958,-1.21106,1.53478,-0.82577,-0.58306,-0.82902,0.38195,0.77752,-1.23867,1.51256,-0.82120,-0.57924,-0.83092
19.400000,970,0.39867,0.85604,-1.22071,1.52286,-0.81482,-0.58136,-0.83315,0.40487,0.87545,-1.20999,1.53136,-0.82790,-0.58127,-0.82392,0.38273,0.79678,-1.23998,1.51094,-0.82427,-0.57706,-0.82535
19.500000,975,0.39867,0.87664,-1.22071,1.52286,-0.81787,-0.57945,-0.82781,0.40621,0.89433,-1.21128,1.52674,-0.83158,-0.57932,-0.81842,0.38377,0.81550,-1.24151,1.50754,-0.82787,-0.57514,-0.81937
19.600000,980,0.39867,0.89533,-1.22071,1.52248,-0.81902,-0.57716,-0.82018,0.40715,0.91154,-1.21374,1.52116,-0.83517,-0.57758,-0.81278,0.38494,0.83368,-1.24317,1.50302,-0.83187,-0.57350,-0.81320
19.700000,985,0.39867,0.90868,-1.22071,1.52248,-0.82703,-0.57602,-0.81408,0.40804,0.93286,-1.21449,1.51448,-0.83879,-0.57644,-0.80718,0.38619,0.85134,-1.24491,1.49766,-0.83618,-0.57216,-0.80697
19.800000,990,0.40058,0.92776,-1.22071,1.52019,-0.83619,-0.57487,-0.80759,0.40918,0.95102,-1.21652,1.50728,-0.84312,-0.57546,-0.80150,0.38751,0.86846,-1.24673,1.49147,-0.84081,-0.57113,-0.80066
19.900000,995,0.40134,0.94645,-1.22071,1.51256,-0.83847,-0.57449,-0.80378,0.41078,0.96803,-1.21706,1.49960,-0.84777,-0.57474,-0.79491,0.38890,0.88503,-1.24862,1.48446,-0.84575,-0.57042,-0.79428
20.000000,1000,0.40134,0.96285,-1.22071,1.50607,-0.84114,-0.57449,-0.79577,0.41189,0.98323,-1.22041,1.49098,-0.85270,-0.57424,-0.78911,0.39035,0.90104,-1.25057,1.47661,-0.85099,-0.57003,-0.78785
20.100000,1005,0.40172,0.97926,-1.22071,1.49768,-0.84496,-0.57411,-0.78776,0.41338,1.00451,-1.21972,1.48071,-0.85757,-0.57453,-0.78302,0.39188,0.91647,-1.25259,1.46792,-0.85653,-0.56998,-0.78137
20.200000,1010,0.40439,0.99299,-1.22109,1.48700,-0.85297,-0.57411,-0.78127,0.41483,1.01875,-1.22275,1.47039,-0.86283,-0.57475,-0.77736,0.39348,0.93133,-1.25466,1.45840,-0.86235,-0.57028,-0.77483
20.300000,1015,0.40668,1.00558,-1.22109,1.47785,-0.86365,-0.57449,-0.77669,0.41645,1.03508,-1.22359,1.45933,-0.86881,-0.57559,-0.77051,0.39515,0.94559,-1.25677,1.44804,-0.86846,-0.57093,-0.76825
20.400000,1020,0.40668,1.02084,-1.22186,1.46755,-0.86670,-0.57449,-0.76906,0.41801,1.05284,-1.22390,1.44708,-0.87465,-0.57683,-0.76398,0.39688,0.95924,-1.25892,1.43683,-0.87485,-0.57195,-0.76164
20.500000,1025,0.40744,1.03610,-1.22186,1.45572,-0.87090,-0.57526,-0.76143,0.41975,1.06369,-1.22800,1.43397,-0.88105,-0.57794,-0.75835,0.39869,0.97227,-1.26110,1.42477,-0.88150,-0.57334,-0.75500
20.600000,1030,0.40973,1.04869,-1.22376,1.44122,-0.88120,-0.57526,-0.75533,0.42149,1.08176,-1.22791,1.41939,-0.88697,-0.58016,-0.75250,0.40057,0.98466,-1.26332,1.41185,-0.88840,-0.57510,-0.74833
20.700000,1035,0.41545,1.06280,-1.22376,1.42711,-0.88959,-0.57602,-0.74923,0.42363,1.09224,-1.23068,1.40541,-0.89428,-0.58208,-0.74582,0.40251,0.99639,-1.26555,1.39808,-0.89556,-0.57725,-0.74166
20.800000,1040,0.41812,1.07272,-1.22376,1.41185,-0.89341,-0.57831,-0.74007,0.42526,1.10288,-1.23419,1.38963,-0.90114,-0.58462,-0.73988,0.40454,1.00745,-1.26779,1.38344,-0.90295,-0.57981,-0.73497
20.900000,1045,0.41812,1.08264,-1.22491,1.39697,-0.90104,-0.57945,-0.73473,0.42742,1.11734,-1.23462,1.37309,-0.90815,-0.58790,-0.73378,0.40664,1.01782,-1.27004,1.36791,-0.91058,-0.58276,-0.72829
21.000000,1050,0.41812,1.09484,-1.22720,1.38171,-0.91362,-0.58365,-0.72825,0.42999,1.12176,-1.23946,1.35613,-0.91623,-0.59085,-0.72782,0.40881,1.02751,-1.27229,1.35151,-0.91843,-0.58612,-0.72162
21.100000,1055,0.42118,1.10324,-1.23254,1.36264,-0.91935,-0.58708,-0.72367,0.43168,1.13570,-1.24009,1.33844,-0.92361,-0.59486,-0.72094,0.41107,1.03650,-1.27453,1.33421,-0.92650,-0.58990,-0.71495
21.200000,1060,0.42194,1.11315,-1.23330,1.34585,-0.92431,-0.59319,-0.71489,0.43381,1.14625,-1.24226,1.31978,-0.93153,-0.59910,-0.71482,0.41341,1.04478,-1.27676,1.31601,-0.93477,-0.59410,-0.70829
21.300000,1065,0.42385,1.11964,-1.23559,1.32678,-0.93689,-0.59776,-0.70879,0.43651,1.15422,-1.24421,1.29868,-0.93948,-0.60387,-0.70910,0.41584,1.05232,-1.27898,1.29688,-0.94326,-0.59874,-0.70167
21.400000,1070,0.42461,1.12841,-1.23788,1.31000,-0.94567,-0.60234,-0.70040,0.43886,1.16412,-1.24581,1.27862,-0.94799,-0.60899,-0.70259,0.41836,1.05915,-1.28117,1.27681,-0.95194,-0.60382,-0.69506
21.500000,1075,0.43377,1.13642,-1.23902,1.28558,-0.95063,-0.60539,-0.69506,0.44115,1.17105,-1.24912,1.25649,-0.95628,-0.61467,-0.69702,0.42098,1.06519,-1.28333,1.25576,-0.96081,-0.60936,-0.68848
21.600000,1080,0.43796,1.14749,-1.24360,1.26727,-0.96551,-0.61302,-0.69048,0.44464,1.17595,-1.24963,1.23415,-0.96555,-0.62071,-0.69000,0.42371,1.07051,-1.28547,1.23373,-0.96988,-0.61536,-0.68193
21.700000,1085,0.43796,1.14863,-1.24360,1.24248,-0.97237,-0.62065,-0.68323,0.44709,1.18465,-1.25109,1.20968,-0.97407,-0.62724,-0.68415,0.42655,1.07503,-1.28757,1.21066,-0.97915,-0.62186,-0.67541
21.800000,1090,0.44063,1.15016,-1.24436,1.22073,-0.97809,-0.62752,-0.67675,0.45001,1.19089,-1.25256,1.18492,-0.98308,-0.63447,-0.67817,0.42952,1.07877,-1.28963,1.18652,-0.98861,-0.62885,-0.66892
21.900000,1095,0.44063,1.15207,-1.24475,1.19555,-0.99297,-0.63324,-0.67026,0.45324,1.19255,-1.25576,1.15906,-0.99262,-0.64193,-0.67222,0.43263,1.08170,-1.29165,1.16124,-0.99828,-0.63638,-0.66247
22.000000,1100,0.44902,1.16008,-1.25276,1.17190,-0.99984,-0.64240,-0.66187,0.45680,1.19391,-1.25842,1.13233,-1.00247,-0.64970,-0.66623,0.43588,1.08381,-1.29363,1.13475,-1.00816,-0.64446,-0.65603
22.100000,1105,0.45398,1.16618,-1.25314,1.14177,-1.01052,-0.65079,-0.65615,0.46013,1.19951,-1.25863,1.10377,-1.01208,-0.65877,-0.65985,0.43931,1.08507,-1.29557,1.10697,-1.01827,-0.65314,-0.64962
22.200000,1110,0.45475,1.16656,-1.25276,1.11315,-1.02273,-0.65804,-0.64966,0.46381,1.20311,-1.25916,1.07361,-1.02214,-0.66844,-0.65361,0.44292,1.08545,-1.29746,1.07778,-1.02863,-0.66247,-0.64322
22.300000,1115,0.45704,1.16656,-1.25314,1.08340,-1.02997,-0.66834,-0.64280,0.46761,1.20205,-1.26214,1.04289,-1.03247,-0.67826,-0.64773,0.44678,1.08466,-1.29931,1.04706,-1.03921,-0.67243,-0.63685
22.400000,1120,0.46314,1.16656,-1.25733,1.05021,-1.04447,-0.68016,-0.63822,0.47209,1.19993,-1.26360,1.00999,-1.04315,-0.68896,-0.64145,0.45094,1.08204,-1.30108,1.01464,-1.04987,-0.68292,-0.63054
22.500000,1125,0.46810,1.16656,-1.25772,1.01969,-1.05401,-0.69084,-0.63135,0.47633,1.19917,-1.26575,0.97528,-1.05388,-0.70033,-0.63579,0.45530,1.07929,-1.30285,0.98055,-1.06102,-0.69442,-0.62420
22.600000,1130,0.47153,1.16656,-1.25772,0.98345,-1.06698,-0.70305,-0.62639,0.48090,1.19707,-1.26728,0.93928,-1.06496,-0.71259,-0.62964,0.45989,1.07592,-1.30460,0.94476,-1.07253,-0.70687,-0.61789
22.700000,1135,0.47420,1.16618,-1.25772,0.94874,-1.07728,-0.71411,-0.62067,0.48558,1.19984,-1.26807,0.91376,-1.07252,-0.72042,-0.62301,0.46443,1.07521,-1.30572,0.91530,-1.08171,-0.71761,-0.61144
22.800000,1140,0.48069,1.16961,-1.25886,0.93348,-1.08033,-0.71716,-0.61571,0.48881,1.22068,-1.26754,0.93168,-1.06320,-0.71156,-0.61790,0.46754,1.09186,-1.30343,0.93057,-1.07558,-0.71349,-0.60401
22.900000,1145,0.48526,1.18754,-1.25962,0.95904,-1.07575,-0.71449,-0.60579,0.49167,1.23797,-1.26683,0.96306,-1.05086,-0.70025,-0.61102,0.47013,1.11539,-1.29972,0.96421,-1.06306,-0.70310,-0.59611
23.000000,1150,0.48794,1.20814,-1.25962,0.98956,-1.06698,-0.70534,-0.60007,0.49414,1.26153,-1.26233,0.99606,-1.03817,-0.68971,-0.60308,0.47273,1.13915,-1.29598,0.99822,-1.05041,-0.69259,-0.58813
23.100000,1155,0.48832,1.23256,-1.25962,1.02580,-1.05286,-0.69695,-0.59244,0.49644,1.28402,-1.25842,1.02908,-1.02560,-0.67933,-0.59500,0.47532,1.16272,-1.29226,1.03196,-1.03786,-0.68217,-0.58022
23.200000,1160,0.49366,1.25506,-1.25924,1.05555,-1.03951,-0.68398,-0.58290,0.49858,1.30331,-1.25537,1.06294,-1.01363,-0.66912,-0.58659,0.47779,1.18553,-1.28866,1.06491,-1.02561,-0.67197,-0.57264
23.300000,1165,0.49709,1.27681,-1.25924,1.08950,-1.02463,-0.67406,-0.57871,0.49951,1.30541,-1.25623,1.09875,-1.00290,-0.65713,-0.58515,0.47792,1.20005,-1.28605,1.09837,-1.01329,-0.66089,-0.57100
23.400000,1170,0.49900,1.28329,-1.25924,1.12193,-1.01548,-0.66147,-0.57947,0.49638,1.30934,-1.25169,1.13340,-0.99043,-0.64544,-0.59181,0.47457,1.20272,-1.28481,1.13300,-1.00075,-0.64868,-0.57829
23.500000,1175,0.49862,1.28291,-1.25924,1.16198,-1.00098,-0.65003,-0.58023,0.49233,1.30889,-1.25166,1.16700,-0.97911,-0.63463,-0.59942,0.47096,1.20487,-1.28368,1.16618,-0.98889,-0.63758,-0.58634
23.600000,1180,0.49785,1.28291,-1.25924,1.19059,-0.99030,-0.63896,-0.58481,0.48924,1.30623,-1.25014,1.19897,-0.96804,-0.62461,-0.60676,0.46767,1.20544,-1.28246,1.19743,-0.97726,-0.62722,-0.59432
23.700000,1185,0.49747,1.28291,-1.25924,1.21997,-0.97466,-0.62676,-0.59511,0.48604,1.30237,-1.24989,1.22879,-0.95735,-0.61521,-0.61423,0.46463,1.20482,-1.28114,1.22695,-0.96588,-0.61757,-0.60223
23.800000,1190,0.49213,1.28291,-1.25924,1.24934,-0.96589,-0.61913,-0.60274,0.48327,1.29883,-1.24794,1.25737,-0.94645,-0.60654,-0.62161,0.46179,1.20335,-1.27975,1.25502,-0.95478,-0.60864,-0.61010
23.900000,1195,0.48679,1.28215,-1.25924,1.27566,-0.95521,-0.60921,-0.60961,0.48046,1.29407,-1.24682,1.28500,-0.93623,-0.59854,-0.62867,0.45910,1.20105,-1.27828,1.28185,-0.94388,-0.60033,-0.61798
24.000000,1200,0.48679,1.28062,-1.25924,1.30122,-0.94109,-0.60043,-0.62181,0.47783,1.28897,-1.24585,1.31105,-0.92582,-0.59102,-0.63661,0.45653,1.19799,-1.27673,1.30762,-0.93315,-0.59259,-0.62588
24.100000,1205,0.48412,1.28062,-1.25848,1.32678,-0.93308,-0.59395,-0.62944,0.47538,1.28458,-1.24386,1.33626,-0.91590,-0.58428,-0.64402,0.45399,1.19493,-1.27514,1.33259,-0.92273,-0.58552,-0.63382
24.200000,1210,0.48145,1.28024,-1.25848,1.35196,-0.91858,-0.58556,-0.63478,0.47289,1.27864,-1.24255,1.36151,-0.90645,-0.57806,-0.65117,0.45145,1.19208,-1.27353,1.35686,-0.91266,-0.57910,-0.64177
24.300000,1215,0.48145,1.27948,-1.25848,1.37523,-0.91095,-0.57793,-0.64432,0.47042,1.27149,-1.24167,1.38534,-0.89674,-0.57208,-0.65897,0.44909,1.18765,-1.27182,1.38000,-0.90256,-0.57304,-0.64978
24.400000,1220,0.47802,1.27452,-1.25733,1.39812,-0.89951,-0.57335,-0.65195,0.46846,1.26271,-1.23993,1.40722,-0.88719,-0.56660,-0.66667,0.44692,1.18166,-1.26999,1.40201,-0.89247,-0.56737,-0.65786
24.500000,1225,0.47268,1.26651,-1.25619,1.41834,-0.88730,-0.56763,-0.65920,0.46574,1.26273,-1.23468,1.42948,-0.87716,-0.56224,-0.67362,0.44483,1.17487,-1.26812,1.42306,-0.88256,-0.56218,-0.66596
24.600000,1230,0.46962,1.26002,-1.25619,1.44122,-0.88120,-0.56305,-0.66797,0.46435,1.24453,-1.23655,1.44995,-0.86854,-0.55732,-0.68189,0.44283,1.16732,-1.26619,1.44316,-0.87283,-0.55748,-0.67409
24.700000,1235,0.47001,1.24858,-1.25619,1.45877,-0.86594,-0.55771,-0.68094,0.46212,1.23786,-1.23269,1.47101,-0.85959,-0.55352,-0.68826,0.44090,1.15902,-1.26422,1.46235,-0.86330,-0.55327,-0.68224
24.800000,1240,0.46505,1.23828,-1.25505,1.47975,-0.85946,-0.55199,-0.68628,0.46029,1.22556,-1.23242,1.48896,-0.85045,-0.54980,-0.69712,0.43903,1.14998,-1.26221,1.48065,-0.85396,-0.54953,-0.69041
24.900000,1245,0.46467,1.22683,-1.25161,1.49616,-0.85068,-0.55008,-0.69353,0.45828,1.21300,-1.23102,1.50789,-0.84190,-0.54663,-0.70423,0.43723,1.14023,-1.26017,1.49808,-0.84483,-0.54625,-0.69860
25.000000,1250,0.46467,1.22188,-1.24970,1.51370,-0.83847,-0.54779,-0.70459,0.45719,1.19623,-1.23007,1.52593,-0.83420,-0.54390,-0.71176,0.43549,1.12973,-1.25811,1.51465,-0.83592,-0.54343,-0.70682
25.100000,1255,0.46123,1.20738,-1.24894,1.52782,-0.83237,-0.54397,-0.71070,0.45555,1.18780,-1.22589,1.54136,-0.82558,-0.54209,-0.71961,0.43380,1.11853,-1.25602,1.53039,-0.82722,-0.54106,-0.71505
25.200000,1260,0.45627,1.19098,-1.24665,1.54537,-0.82436,-0.54245,-0.71756,0.45322,1.18169,-1.22168,1.55656,-0.81687,-0.54092,-0.72726,0.43216,1.10663,-1.25392,1.54530,-0.81875,-0.53913,-0.72328
25.300000,1265,0.45398,1.18106,-1.24322,1.56063,-0.81101,-0.54092,-0.72901,0.45213,1.15965,-1.22234,1.57334,-0.81032,-0.53907,-0.73414,0.43057,1.09400,-1.25181,1.55935,-0.81053,-0.53765,-0.73152
25.400000,1270,0.45360,1.16961,-1.24246,1.57360,-0.80643,-0.54016,-0.73855,0.45066,1.14604,-1.21989,1.58696,-0.80262,-0.53835,-0.74212,0.42904,1.08067,-1.24970,1.57255,-0.80257,-0.53660,-0.73975
25.500000,1275,0.45360,1.15435,-1.23940,1.58695,-0.80071,-0.53825,-0.74312,0.44948,1.12673,-1.21984,1.59902,-0.79574,-0.53767,-0.75022,0.42764,1.06629,-1.24764,1.58437,-0.79497,-0.53600,-0.74781
25.600000,1280,0.45360,1.13757,-1.23635,1.59877,-0.78812,-0.53711,-0.75266,0.44831,1.10812,-1.21809,1.61026,-0.78911,-0.53794,-0.75717,0.42645,1.05058,-1.24566,1.59439,-0.78778,-0.53586,-0.75560
25.700000,1285,0.45093,1.12078,-1.23483,1.60564,-0.78316,-0.53635,-0.76067,0.44708,1.09835,-1.21257,1.62086,-0.78240,-0.53898,-0.76377,0.42530,1.03426,-1.24370,1.60365,-0.78089,-0.53612,-0.76337
25.800000,1290,0.44864,1.10514,-1.23445,1.61747,-0.77973,-0.53635,-0.76563,0.44635,1.07178,-1.21484,1.63084,-0.77676,-0.53914,-0.77214,0.42401,1.01803,-1.24171,1.61313,-0.77415,-0.53675,-0.77137
25.900000,1295,0.44826,1.08760,-1.23368,1.62738,-0.77210,-0.53635,-0.77364,0.44506,1.05257,-1.21335,1.64152,-0.77092,-0.54036,-0.77931,0.42267,1.00154,-1.23973,1.62232,-0.76766,-0.53777,-0.77945
26.000000,1300,0.44826,1.06852,-1.22949,1.63463,-0.76103,-0.53711,-0.78661,0.44371,1.03941,-1.20927,1.65099,-0.76513,-0.54229,-0.78639,0.42138,0.98447,-1.23780,1.63072,-0.76150,-0.53917,-0.78747
26.100000,1305,0.44826,1.04983,-1.22796,1.64531,-0.75722,-0.53749,-0.79272,0.44276,1.01795,-1.20853,1.65977,-0.76018,-0.54416,-0.79390,0.42012,0.96681,-1.23591,1.63832,-0.75567,-0.54094,-0.79543
26.200000,1310,0.44483,1.03266,-1.22567,1.65104,-0.75340,-0.54054,-0.80149,0.44162,0.99303,-1.20877,1.66812,-0.75542,-0.54602,-0.80086,0.41891,0.94859,-1.23409,1.64511,-0.75019,-0.54309,-0.80330
26.300000,1315,0.44254,1.01130,-1.22148,1.65599,-0.74959,-0.54207,-0.80988,0.44028,0.98119,-1.20451,1.67390,-0.75020,-0.54932,-0.80853,0.41774,0.92981,-1.23233,1.65108,-0.74509,-0.54559,-0.81108
26.400000,1320,0.43949,0.99719,-1.22033,1.66477,-0.74463,-0.54512,-0.81599,0.43954,0.95205,-1.20550,1.68130,-0.74680,-0.55205,-0.81485,0.41662,0.91051,-1.23065,1.65622,-0.74035,-0.54843,-0.81875
26.500000,1325,0.43834,0.97468,-1.21842,1.66515,-0.73471,-0.54626,-0.82209,0.43865,0.93593,-1.20166,1.68581,-0.74265,-0.55561,-0.82179,0.41555,0.89070,-1.22905,1.66057,-0.73600,-0.55160,-0.82631
26.600000,1330,0.43720,0.95370,-1.21652,1.67316,-0.73242,-0.55122,-0.82934,0.43790,0.91211,-1.20204,1.69049,-0.73959,-0.55919,-0.82934,0.41453,0.87042,-1.22755,1.66410,-0.73203,-0.55507,-0.83375
26.700000,1335,0.43720,0.93157,-1.21652,1.67507,-0.73052,-0.55313,-0.83811,0.43685,0.89258,-1.20006,1.69382,-0.73625,-0.56337,-0.83617,0.41357,0.84967,-1.22614,1.66681,-0.72845,-0.55885,-0.84105
26.800000,1340,0.43720,0.91097,-1.21652,1.67774,-0.72823,-0.55733,-0.84650,0.43618,0.86667,-1.20019,1.69765,-0.73394,-0.56737,-0.84254,0.41266,0.82847,-1.22484,1.66870,-0.72528,-0.56290,-0.84821
26.900000,1345,0.43682,0.88885,-1.21499,1.67965,-0.72746,-0.56190,-0.85375,0.43538,0.84823,-1.19775,1.69865,-0.73130,-0.57216,-0.84937,0.41181,0.80687,-1.22365,1.66980,-0.72249,-0.56722,-0.85523
27.000000,1350,0.43682,0.86787,-1.21461,1.68155,-0.72594,-0.56915,-0.86176,0.43502,0.81982,-1.19871,1.70081,-0.73015,-0.57653,-0.85534,0.41102,0.78487,-1.22258,1.67009,-0.72010,-0.57177,-0.86210
27.100000,1355,0.43644,0.84498,-1.21270,1.68155,-0.72403,-0.57411,-0.86634,0.43401,0.79976,-1.19718,1.70108,-0.72810,-0.58158,-0.86165,0.41031,0.76249,-1.22163,1.66955,-0.71812,-0.57656,-0.86881
27.200000,1360,0.43415,0.82285,-1.20851,1.68232,-0.72060,-0.57754,-0.87244,0.43401,0.77171,-1.19754,1.70131,-0.72778,-0.58666,-0.86741,0.40966,0.73977,-1.22081,1.66822,-0.71652,-0.58156,-0.87536
27.300000,1365,0.43377,0.79920,-1.20812,1.68232,-0.71907,-0.58250,-0.87702,0.43318,0.75503,-1.19451,1.69944,-0.72640,-0.59243,-0.87334,0.40909,0.71671,-1.22013,1.66606,-0.71534,-0.58674,-0.88174
27.400000,1370,0.43377,0.77784,-1.20736,1.68232,-0.71449,-0.58861,-0.88694,0.43351,0.71988,-1.19768,1.69845,-0.72719,-0.59737,-0.87884,0.40859,0.69334,-1.21958,1.66311,-0.71453,-0.59210,-0.88796
27.500000,1375,0.43338,0.75266,-1.20736,1.68232,-0.71259,-0.59624,-0.89152,0.43292,0.70267,-1.19496,1.69498,-0.72651,-0.60338,-0.88463,0.40818,0.66967,-1.21918,1.65933,-0.71412,-0.59762,-0.89400
27.600000,1380,0.43148,0.72901,-1.20355,1.68232,-0.71221,-0.60081,-0.89533,0.43276,0.67158,-1.19804,1.69188,-0.72736,-0.60886,-0.89036,0.40786,0.64572,-1.21891,1.65476,-0.71407,-0.60328,-0.89989
27.700000,1385,0.43148,0.70650,-1.20355,1.68232,-0.71259,-0.60577,-0.90258,0.43248,0.65377,-1.19500,1.68674,-0.72760,-0.61531,-0.89545,0.40763,0.62149,-1.21880,1.64934,-0.71441,-0.60906,-0.90561
27.800000,1390,0.43148,0.68209,-1.20355,1.68193,-0.71259,-0.61264,-0.91097,0.43267,0.62654,-1.19583,1.68217,-0.72933,-0.62122,-0.90027,0.40749,0.59692,-1.21883,1.64310,-0.71511,-0.61497,-0.91119
27.900000,1395,0.43148,0.65844,-1.20355,1.67507,-0.71259,-0.62103,-0.91670,0.43280,0.59655,-1.19795,1.67641,-0.73084,-0.62714,-0.90534,0.40745,0.57197,-1.21901,1.63600,-0.71617,-0.62100,-0.91664
28.000000,1400,0.43148,0.63364,-1.20355,1.66935,-0.71335,-0.62752,-0.92051,0.43306,0.57420,-1.19675,1.66883,-0.73256,-0.63364,-0.90978,0.40759,0.54661,-1.21940,1.62763,-0.71765,-0.62711,-0.92182
28.100000,1405,0.43148,0.60884,-1.20355,1.66095,-0.71411,-0.63171,-0.92165,0.43421,0.53855,-1.20084,1.66028,-0.73581,-0.63948,-0.91406,0.40804,0.52084,-1.22011,1.61735,-0.71962,-0.63320,-0.92652
28.200000,1410,0.43148,0.57871,-1.20355,1.65065,-0.72060,-0.63820,-0.92814,0.43415,0.52094,-1.19841,1.65022,-0.73764,-0.64664,-0.91850,0.40849,0.49397,-1.22087,1.60655,-0.72191,-0.63963,-0.93151
28.300000,1415,0.43148,0.55506,-1.20355,1.64341,-0.72861,-0.64774,-0.93424,0.43541,0.48180,-1.20255,1.64141,-0.74194,-0.65293,-0.92319,0.40885,0.46562,-1.22166,1.59541,-0.72453,-0.64657,-0.93699
28.400000,1420,0.43148,0.52568,-1.20355,1.63044,-0.72937,-0.65270,-0.93958,0.43605,0.45137,-1.20464,1.63033,-0.74457,-0.65912,-0.92878,0.40939,0.43696,-1.22239,1.58354,-0.72737,-0.65337,-0.94232
28.500000,1425,0.43148,0.49898,-1.20355,1.62548,-0.73166,-0.65727,-0.94340,0.43619,0.45287,-1.19580,1.63679,-0.73938,-0.65767,-0.93432,0.40998,0.41976,-1.21790,1.58752,-0.72505,-0.65474,-0.94775
28.600000,1430,0.43186,0.49364,-1.20049,1.62853,-0.72861,-0.65613,-0.94569,0.43717,0.44576,-1.18900,1.66587,-0.72903,-0.64770,-0.93951,0.41076,0.42169,-1.20565,1.61494,-0.71477,-0.64733,-0.95238
28.700000,1435,0.43148,0.49364,-1.18524,1.64684,-0.72022,-0.64964,-0.95446,0.43792,0.45275,-1.17494,1.69521,-0.71702,-0.63839,-0.94478,0.41160,0.42695,-1.19191,1.64660,-0.70300,-0.63827,-0.95688
28.800000,1440,0.43186,0.49364,-1.16959,1.68232,-0.70610,-0.64354,-0.95904,0.43840,0.45904,-1.16046,1.72685,-0.70514,-0.62951,-0.94900,0.41244,0.43227,-1.17812,1.67840,-0.69118,-0.62917,-0.96138
28.900000,1445,0.43186,0.49669,-1.15548,1.71169,-0.69847,-0.63286,-0.96591,0.43797,0.48225,-1.14638,1.74989,-0.69403,-0.62161,-0.95183,0.41300,0.44264,-1.16671,1.70604,-0.68077,-0.62027,-0.96357
29.000000,1450,0.43186,0.51462,-1.14518,1.73801,-0.68627,-0.62599,-0.96591,0.43671,0.51396,-1.14061,1.76451,-0.68750,-0.61380,-0.94671,0.41252,0.46882,-1.16230,1.72260,-0.67434,-0.61193,-0.95929
29.100000,1455,0.43148,0.54819,-1.14404,1.74488,-0.67902,-0.61874,-0.96514,0.43636,0.54125,-1.13814,1.77676,-0.68300,-0.60601,-0.94045,0.41176,0.49918,-1.16018,1.73537,-0.66947,-0.60400,-0.95330
29.200000,1460,0.43186,0.57985,-1.14289,1.75442,-0.67597,-0.61073,-0.96095,0.43509,0.57524,-1.13572,1.78500,-0.67760,-0.59845,-0.93538,0.41122,0.52877,-1.15851,1.74610,-0.66534,-0.59623,-0.94694
29.300000,1465,0.43186,0.60694,-1.14175,1.76586,-0.67253,-0.60196,-0.95103,0.43425,0.60461,-1.13393,1.79392,-0.67353,-0.59097,-0.92960,0.41073,0.55730,-1.15701,1.75605,-0.66170,-0.58878,-0.94081
29.400000,1470,0.43186,0.63440,-1.13755,1.77501,-0.66757,-0.59509,-0.94264,0.43369,0.62914,-1.13325,1.80312,-0.67019,-0.58379,-0.92458,0.41011,0.58473,-1.15546,1.76631,-0.65834,-0.58176,-0.93534
29.500000,1475,0.43148,0.65958,-1.13717,1.78646,-0.65994,-0.58708,-0.93882,0.43293,0.65906,-1.13090,1.81026,-0.66674,-0.57716,-0.91925,0.40969,0.61175,-1.15420,1.77520,-0.65549,-0.57481,-0.92955
29.600000,1480,0.43148,0.68514,-1.13641,1.79523,-0.65651,-0.57754,-0.93348,0.43244,0.69082,-1.12787,1.81574,-0.66372,-0.57040,-0.91319,0.40954,0.63860,-1.15330,1.78235,-0.65320,-0.56781,-0.92319
29.700000,1485,0.43148,0.71375,-1.13641,1.79752,-0.65537,-0.57220,-0.92509,0.43227,0.71606,-1.12755,1.82142,-0.66172,-0.56338,-0.90669,0.40951,0.66518,-1.15261,1.78857,-0.65137,-0.56092,-0.91660
29.800000,1490,0.43148,0.73816,-1.13564,1.80134,-0.65308,-0.56610,-0.91898,0.43182,0.74407,-1.12682,1.82529,-0.65956,-0.55656,-0.90054,0.40957,0.69151,-1.15212,1.79394,-0.64999,-0.55414,-0.90981
29.900000,1495,0.43186,0.76449,-1.13183,1.80744,-0.65346,-0.55809,-0.91212,0.43187,0.77289,-1.12565,1.82827,-0.65830,-0.55003,-0.89420,0.40973,0.71759,-1.15182,1.79849,-0.64907,-0.54749,-0.90281
30.000000,1500,0.43148,0.78814,-1.13183,1.80897,-0.65270,-0.55084,-0.90449,0.43183,0.79976,-1.12493,1.83078,-0.65725,-0.54362,-0.88725,0.40997,0.74343,-1.15170,1.80220,-0.64862,-0.54099,-0.89560
30.100000,1505,0.43148,0.81599,-1.13183,1.81240,-0.65270,-0.54474,-0.89419,0.43195,0.82755,-1.12459,1.83127,-0.65662,-0.53736,-0.88090,0.41028,0.76900,-1.15177,1.80509,-0.64866,-0.53466,-0.88816
30.200000,1510,0.43148,0.83964,-1.13183,1.81469,-0.65270,-0.53978,-0.88732,0.43201,0.85312,-1.12475,1.83269,-0.65671,-0.53117,-0.87341,0.41066,0.79428,-1.15202,1.80715,-0.64917,-0.52853,-0.88051
30.300000,1515,0.43148,0.86558,-1.13183,1.81621,-0.65270,-0.53139,-0.87778,0.43236,0.88118,-1.12349,1.83244,-0.65724,-0.52550,-0.86579,0.41111,0.81924,-1.15245,1.80838,-0.65018,-0.52262,-0.87264
30.400000,1520,0.43186,0.88961,-1.13183,1.81621,-0.65270,-0.52452,-0.87092,0.43256,0.90782,-1.12371,1.83149,-0.65826,-0.51993,-0.85832,0.41162,0.84385,-1.15304,1.80878,-0.65168,-0.51695,-0.86457
30.500000,1525,0.43148,0.91364,-1.13183,1.81660,-0.65346,-0.51918,-0.86138,0.43295,0.93311,-1.12433,1.82940,-0.65969,-0.51458,-0.85081,0.41219,0.86808,-1.15380,1.80834,-0.65369,-0.51156,-0.85628
30.600000,1530,0.43186,0.93920,-1.13183,1.81698,-0.65384,-0.51460,-0.85604,0.43313,0.95838,-1.12521,1.82708,-0.66160,-0.50948,-0.84288,0.41280,0.89191,-1.15471,1.80709,-0.65617,-0.50645,-0.84779
30.700000,1535,0.43186,0.96209,-1.13183,1.81698,-0.65384,-0.50850,-0.84727,0.43386,0.98451,-1.12473,1.82322,-0.66422,-0.50494,-0.83463,0.41345,0.91530,-1.15576,1.80500,-0.65915,-0.50166,-0.83912
30.800000,1540,0.43186,0.98498,-1.13183,1.81698,-0.65689,-0.50430,-0.83659,0.43438,1.00693,-1.12616,1.81913,-0.66721,-0.50035,-0.82630,0.41415,0.93822,-1.15695,1.80209,-0.66262,-0.49720,-0.83027
30.900000,1545,0.43186,1.00825,-1.13183,1.81698,-0.65765,-0.49858,-0.82857,0.43484,1.02977,-1.12807,1.81391,-0.67054,-0.49625,-0.81833,0.41488,0.96065,-1.15827,1.79835,-0.66656,-0.49309,-0.82124
31.000000,1550,0.43186,1.02999,-1.13183,1.81698,-0.66109,-0.49553,-0.81522,0.43511,1.05925,-1.12672,1.80724,-0.67384,-0.49303,-0.80973,0.41565,0.98255,-1.15970,1.79378,-0.67098,-0.48937,-0.81206
31.100000,1555,0.43186,1.05212,-1.13183,1.81469,-0.66490,-0.49171,-0.80797,0.43604,1.08005,-1.12822,1.80100,-0.67869,-0.48965,-0.80075,0.41644,1.00391,-1.16123,1.78838,-0.67585,-0.48604,-0.80274
31.200000,1560,0.43224,1.07386,-1.13183,1.80744,-0.67597,-0.48981,-0.80034,0.43650,1.10311,-1.12929,1.79392,-0.68312,-0.48680,-0.79195,0.41727,1.02469,-1.16287,1.78216,-0.68116,-0.48311,-0.79329
31.300000,1565,0.43224,1.09523,-1.13183,1.80057,-0.68092,-0.48752,-0.78814,0.43727,1.12234,-1.13177,1.78510,-0.68868,-0.48428,-0.78306,0.41812,1.04487,-1.16459,1.77511,-0.68691,-0.48062,-0.78372
31.400000,1570,0.43262,1.11468,-1.13183,1.79294,-0.68398,-0.48446,-0.78127,0.43800,1.14646,-1.13147,1.77644,-0.69441,-0.48249,-0.77342,0.41899,1.06444,-1.16638,1.76726,-0.69306,-0.47855,-0.77406
31.500000,1575,0.43262,1.13299,-1.13183,1.78417,-0.68741,-0.48065,-0.76830,0.43862,1.16442,-1.13447,1.76619,-0.70039,-0.48083,-0.76463,0.41989,1.08334,-1.16824,1.75857,-0.69963,-0.47695,-0.76430
31.600000,1580,0.43491,1.15474,-1.13183,1.77425,-0.69924,-0.47912,-0.76105,0.43932,1.18783,-1.13416,1.75580,-0.70649,-0.47997,-0.75521,0.42081,1.10160,-1.17016,1.74908,-0.70656,-0.47580,-0.75448
31.700000,1585,0.43491,1.17038,-1.13183,1.76472,-0.70648,-0.47722,-0.75266,0.43990,1.20845,-1.13532,1.74407,-0.71322,-0.47950,-0.74570,0.42175,1.11917,-1.17212,1.73878,-0.71385,-0.47512,-0.74460
31.800000,1590,0.43491,1.19136,-1.13183,1.75289,-0.71106,-0.47684,-0.73969,0.44124,1.21866,-1.14028,1.73240,-0.72118,-0.47884,-0.73650,0.42272,1.13604,-1.17411,1.72767,-0.72148,-0.47492,-0.73467
31.900000,1595,0.43720,1.20623,-1.13183,1.73954,-0.71755,-0.47607,-0.72901,0.44167,1.24122,-1.14051,1.71833,-0.72765,-0.47948,-0.72772,0.42372,1.15221,-1.17614,1.71578,-0.72943,-0.47519,-0.72471
32.000000,1600,0.43796,1.22340,-1.13183,1.72695,-0.73128,-0.47684,-0.72214,0.44263,1.26070,-1.14101,1.70423,-0.73543,-0.48048,-0.71821,0.42474,1.16763,-1.17817,1.70305,-0.73768,-0.47596,-0.71474
32.100000,1605,0.43796,1.24095,-1.13221,1.71207,-0.73662,-0.47684,-0.70955,0.44360,1.27386,-1.14369,1.69063,-0.74402,-0.48163,-0.70810,0.42580,1.18232,-1.18022,1.68954,-0.74620,-0.47721,-0.70476
32.200000,1610,0.43834,1.25277,-1.13221,1.69834,-0.74387,-0.47684,-0.70192,0.44432,1.29455,-1.14324,1.67457,-0.75173,-0.48384,-0.69882,0.42689,1.19625,-1.18226,1.67524,-0.75499,-0.47896,-0.69478
32.300000,1615,0.44025,1.26727,-1.13259,1.68575,-0.75760,-0.47760,-0.69086,0.44539,1.30918,-1.14515,1.65839,-0.76031,-0.48615,-0.68959,0.42801,1.20941,-1.18428,1.66014,-0.76400,-0.48119,-0.68482
32.400000,1620,0.44025,1.28406,-1.13297,1.66706,-0.76332,-0.48103,-0.67980,0.44680,1.31937,-1.14795,1.64239,-0.76969,-0.48866,-0.67973,0.42917,1.22182,-1.18629,1.64426,-0.77324,-0.48391,-0.67487
32.500000,1625,0.44101,1.29512,-1.13297,1.65104,-0.77095,-0.48294,-0.67179,0.44751,1.33393,-1.15000,1.62411,-0.77814,-0.49191,-0.67098,0.43038,1.23344,-1.18827,1.62758,-0.78267,-0.48713,-0.66496
32.600000,1630,0.44597,1.30656,-1.13488,1.63311,-0.78583,-0.48790,-0.66034,0.44896,1.34562,-1.15129,1.60566,-0.78738,-0.49574,-0.66148,0.43163,1.24430,-1.19021,1.61012,-0.79228,-0.49083,-0.65508
32.700000,1635,0.44674,1.31991,-1.13488,1.61518,-0.79117,-0.49209,-0.64966,0.44975,1.35963,-1.15245,1.58673,-0.79664,-0.50017,-0.65189,0.43294,1.25436,-1.19211,1.59187,-0.80205,-0.49502,-0.64524
32.800000,1640,0.45093,1.33136,-1.13946,1.59610,-0.80338,-0.49629,-0.64165,0.45121,1.36963,-1.15382,1.56680,-0.80587,-0.50482,-0.64268,0.43430,1.26365,-1.19395,1.57284,-0.81197,-0.49969,-0.63544
32.900000,1645,0.45131,1.33899,-1.13946,1.57665,-0.81368,-0.50049,-0.63021,0.45263,1.37986,-1.15562,1.54527,-0.81560,-0.50998,-0.63375,0.43573,1.27214,-1.19574,1.55300,-0.82203,-0.50484,-0.62567
33.000000,1650,0.45131,1.34814,-1.13984,1.55567,-0.81978,-0.50659,-0.62372,0.45407,1.38856,-1.15664,1.52533,-0.82584,-0.51568,-0.62342,0.43723,1.27983,-1.19745,1.53236,-0.83220,-0.51049,-0.61596
33.100000,1655,0.45169,1.35539,-1.14213,1.53469,-0.83504,-0.51155,-0.61113,0.45561,1.39614,-1.15886,1.50191,-0.83525,-0.52190,-0.61513,0.43880,1.28674,-1.19909,1.51092,-0.84248,-0.51661,-0.60628
33.200000,1660,0.45437,1.36645,-1.14709,1.51294,-0.84191,-0.52032,-0.60045,0.45719,1.40457,-1.15953,1.47991,-0.84555,-0.52850,-0.60514,0.44046,1.29287,-1.20064,1.48865,-0.85287,-0.52321,-0.59663
33.300000,1665,0.45437,1.36874,-1.14709,1.48853,-0.85297,-0.52566,-0.59397,0.45890,1.41156,-1.16149,1.45440,-0.85498,-0.53564,-0.59742,0.44221,1.29820,-1.20211,1.46553,-0.86336,-0.53031,-0.58700
33.400000,1670,0.45665,1.37828,-1.14823,1.46907,-0.86594,-0.53368,-0.58100,0.46088,1.41456,-1.16374,1.43092,-0.86602,-0.54294,-0.58731,0.44407,1.30274,-1.20348,1.44150,-0.87396,-0.53792,-0.57738
33.500000,1675,0.45704,1.38095,-1.14823,1.43970,-0.87395,-0.54169,-0.57489,0.46262,1.42472,-1.16233,1.40481,-0.87593,-0.55164,-0.57798,0.44605,1.30650,-1.20475,1.41650,-0.88469,-0.54605,-0.56774
33.600000,1680,0.45971,1.38324,-1.14823,1.41719,-0.88883,-0.55160,-0.56574,0.46412,1.43044,-1.16495,1.37740,-0.88590,-0.56049,-0.56999,0.44817,1.30946,-1.20592,1.39041,-0.89557,-0.55476,-0.55805
33.700000,1685,0.46276,1.38629,-1.15281,1.39278,-0.89684,-0.55923,-0.55277,0.46688,1.43157,-1.16568,1.34961,-0.89689,-0.56964,-0.56007,0.45046,1.31160,-1.20697,1.36309,-0.90665,-0.56408,-0.54826
33.800000,1690,0.46581,1.39392,-1.15319,1.36378,-0.91057,-0.56992,-0.54437,0.46950,1.43291,-1.16673,1.32075,-0.90797,-0.57950,-0.55039,0.45300,1.31252,-1.20788,1.33434,-0.91789,-0.57398,-0.53833
33.900000,1695,0.47039,1.39888,-1.15395,1.33441,-0.92011,-0.57907,-0.53484,0.47201,1.43547,-1.16692,1.28989,-0.91882,-0.59001,-0.54050,0.45588,1.31166,-1.20861,1.30393,-0.92923,-0.58437,-0.52825
34.000000,1700,0.47115,1.39926,-1.15472,1.30427,-0.93194,-0.59013,-0.52454,0.47521,1.43566,-1.16664,1.25715,-0.93030,-0.60120,-0.53043,0.45883,1.31057,-1.20929,1.27200,-0.94099,-0.59585,-0.51807
34.100000,1705,0.47306,1.39926,-1.15472,1.27261,-0.94529,-0.60158,-0.51538,0.47897,1.44353,-1.16673,1.23516,-0.93840,-0.60709,-0.52151,0.46249,1.31357,-1.20943,1.24678,-0.95107,-0.60481,-0.50830
34.200000,1710,0.47954,1.40804,-1.15853,1.26117,-0.94719,-0.60387,-0.50813,0.48704,1.45529,-1.16981,1.25105,-0.93652,-0.59335,-0.51614,0.46937,1.33207,-1.20744,1.25890,-0.95071,-0.59664,-0.50174
34.300000,1715,0.48946,1.42787,-1.15929,1.27490,-0.94605,-0.59586,-0.50318,0.49502,1.47917,-1.16912,1.27615,-0.93070,-0.57710,-0.51353,0.47769,1.35626,-1.20456,1.28687,-0.94573,-0.58090,-0.49663
34.400000,1720,0.49709,1.45267,-1.15929,1.30313,-0.94529,-0.57945,-0.50012,0.50355,1.50253,-1.16506,1.30356,-0.92571,-0.56140,-0.50803,0.48609,1.38067,-1.20165,1.31519,-0.94067,-0.56497,-0.49150
34.500000,1725,0.50701,1.47518,-1.15929,1.33098,-0.94147,-0.56572,-0.49326,0.51147,1.51887,-1.16386,1.33253,-0.92046,-0.54528,-0.50355,0.49401,1.40379,-1.19886,1.34340,-0.93532,-0.54925,-0.48707
34.600000,1730,0.51388,1.49120,-1.15929,1.35844,-0.93728,-0.54817,-0.49326,0.51467,1.51456,-1.16654,1.36587,-0.91210,-0.53011,-0.50780,0.49670,1.41402,-1.19724,1.37374,-0.92585,-0.53465,-0.49094
34.700000,1735,0.51807,1.49616,-1.15929,1.39354,-0.92392,-0.53329,-0.49516,0.51309,1.51801,-1.16213,1.39769,-0.90000,-0.51795,-0.51730,0.49489,1.41513,-1.19655,1.40599,-0.91321,-0.52170,-0.50173
34.800000,1740,0.51807,1.49616,-1.15929,1.42596,-0.91324,-0.52147,-0.50241,0.51092,1.51504,-1.16179,1.43042,-0.88822,-0.50649,-0.52736,0.49282,1.41568,-1.19588,1.43703,-0.90074,-0.50999,-0.51288
34.900000,1745,0.51769,1.49616,-1.15929,1.45496,-0.90027,-0.50964,-0.51386,0.50916,1.51183,-1.16091,1.46010,-0.87664,-0.49593,-0.53779,0.49090,1.41535,-1.19509,1.46648,-0.88852,-0.49914,-0.52387
35.000000,1750,0.51731,1.49577,-1.15929,1.48509,-0.88654,-0.49782,-0.52454,0.50738,1.50569,-1.16116,1.48873,-0.86495,-0.48575,-0.54824,0.48926,1.41326,-1.19407,1.49430,-0.87633,-0.48881,-0.53471
35.100000,1755,0.51731,1.49577,-1.15929,1.51142,-0.87662,-0.48904,-0.53408,0.50610,1.49836,-1.16087,1.51574,-0.85352,-0.47624,-0.55875,0.48778,1.41025,-1.19291,1.52082,-0.86428,-0.47915,-0.54544
35.200000,1760,0.51655,1.49310,-1.15929,1.53621,-0.86213,-0.47722,-0.54666,0.50464,1.49400,-1.15908,1.54145,-0.84185,-0.46766,-0.56894,0.48642,1.40643,-1.19163,1.54622,-0.85234,-0.47011,-0.55611
35.300000,1765,0.51464,1.49234,-1.15929,1.56253,-0.85144,-0.46882,-0.55696,0.50344,1.48581,-1.15810,1.56720,-0.83073,-0.45932,-0.57872,0.48516,1.40180,-1.19023,1.57064,-0.84048,-0.46164,-0.56679
35.400000,1770,0.51426,1.48624,-1.15929,1.58580,-0.83619,-0.46158,-0.56993,0.50231,1.48048,-1.15563,1.59076,-0.81917,-0.45178,-0.58907,0.48399,1.39634,-1.18870,1.59418,-0.82865,-0.45372,-0.57751
35.500000,1775,0.51426,1.47632,-1.15929,1.60831,-0.82779,-0.45204,-0.58023,0.50091,1.47266,-1.15449,1.61430,-0.80768,-0.44480,-0.59943,0.48289,1.39005,-1.18707,1.61689,-0.81686,-0.44633,-0.58831
35.600000,1780,0.50892,1.47289,-1.15929,1.63311,-0.81063,-0.44403,-0.58786,0.50034,1.45860,-1.15391,1.63807,-0.79727,-0.43784,-0.60901,0.48186,1.38293,-1.18533,1.63881,-0.80509,-0.43947,-0.59920
35.700000,1785,0.50892,1.45877,-1.15929,1.65027,-0.80262,-0.43831,-0.60274,0.49927,1.45327,-1.15055,1.65886,-0.78537,-0.43204,-0.62012,0.48089,1.37497,-1.18350,1.65996,-0.79337,-0.43313,-0.61019
35.800000,1790,0.50586,1.44695,-1.15891,1.67469,-0.78697,-0.43449,-0.61228,0.49833,1.44292,-1.14835,1.68051,-0.77440,-0.42661,-0.63019,0.47996,1.36617,-1.18157,1.68034,-0.78170,-0.42732,-0.62129
35.900000,1795,0.50396,1.43932,-1.15891,1.69338,-0.77896,-0.42534,-0.62601,0.49797,1.42442,-1.14911,1.70144,-0.76408,-0.42126,-0.64090,0.47907,1.35652,-1.17956,1.69996,-0.77011,-0.42206,-0.63251
36.000000,1800,0.50358,1.42635,-1.15853,1.71131,-0.76370,-0.41923,-0.63707,0.49688,1.42175,-1.14301,1.72003,-0.75235,-0.41738,-0.65166,0.47822,1.34602,-1.17748,1.71882,-0.75862,-0.41734,-0.64384
36.100000,1805,0.50319,1.41452,-1.15815,1.73115,-0.75417,-0.41618,-0.64852,0.49645,1.39711,-1.14560,1.74047,-0.74250,-0.41279,-0.66237,0.47740,1.33466,-1.17533,1.73691,-0.74724,-0.41318,-0.65528
36.200000,1810,0.50319,1.40117,-1.15815,1.74984,-0.74196,-0.41237,-0.65767,0.49567,1.38067,-1.14457,1.75896,-0.73191,-0.40931,-0.67331,0.47660,1.32246,-1.17312,1.75424,-0.73601,-0.40958,-0.66683
36.300000,1815,0.50167,1.38782,-1.15815,1.76586,-0.72937,-0.40970,-0.67102,0.49536,1.37012,-1.13925,1.77621,-0.72157,-0.40671,-0.68362,0.47582,1.30942,-1.17086,1.77080,-0.72495,-0.40655,-0.67848
36.400000,1820,0.50052,1.37141,-1.15815,1.78226,-0.72060,-0.40550,-0.68361,0.49419,1.35547,-1.13810,1.79270,-0.71108,-0.40479,-0.69534,0.47506,1.29550,-1.16855,1.78657,-0.71409,-0.40410,-0.69024
36.500000,1825,0.50014,1.35730,-1.15624,1.79943,-0.70610,-0.40207,-0.69429,0.49409,1.32849,-1.13958,1.80991,-0.70191,-0.40252,-0.70654,0.47430,1.28075,-1.16622,1.80157,-0.70346,-0.40223,-0.70207
36.600000,1830,0.49976,1.33937,-1.15624,1.81202,-0.70076,-0.40092,-0.70688,0.49327,1.31580,-1.13526,1.82456,-0.69174,-0.40179,-0.71772,0.47354,1.26518,-1.16386,1.81579,-0.69309,-0.40093,-0.71398
36.700000,1835,0.49823,1.32106,-1.15357,1.82613,-0.68627,-0.39825,-0.71756,0.49243,1.29616,-1.13402,1.83934,-0.68268,-0.40146,-0.72868,0.47278,1.24876,-1.16148,1.82921,-0.68301,-0.40023,-0.72596
36.800000,1840,0.49823,1.30389,-1.15128,1.83987,-0.67825,-0.39749,-0.73168,0.49235,1.27155,-1.13369,1.85317,-0.67388,-0.40119,-0.74061,0.47202,1.23153,-1.15911,1.84183,-0.67325,-0.40011,-0.73797
36.900000,1845,0.49785,1.28291,-1.14976,1.85284,-0.67139,-0.39673,-0.74312,0.49138,1.25882,-1.12901,1.86550,-0.66467,-0.40238,-0.75204,0.47126,1.21350,-1.15674,1.85366,-0.66385,-0.40058,-0.75002
37.000000,1850,0.49785,1.26422,-1.14938,1.86542,-0.65613,-0.39711,-0.75686,0.49077,1.23614,-1.12699,1.87882,-0.65677,-0.40363,-0.76247,0.47048,1.19465,-1.15438,1.86465,-0.65485,-0.40165,-0.76207
37.100000,1855,0.49785,1.24591,-1.14861,1.87458,-0.65155,-0.39825,-0.76792,0.49022,1.21350,-1.12541,1.89040,-0.64900,-0.40533,-0.77395,0.46969,1.17504,-1.15206,1.87484,-0.64626,-0.40328,-0.77411
37.200000,1860,0.49480,1.22226,-1.14137,1.88526,-0.64545,-0.39978,-0.77784,0.48953,1.19026,-1.12440,1.89993,-0.64137,-0.40771,-0.78600,0.46889,1.15468,-1.14977,1.88423,-0.63811,-0.40548,-0.78612
37.300000,1865,0.49251,1.20128,-1.13641,1.89442,-0.63324,-0.40283,-0.79310,0.48922,1.16429,-1.12260,1.91079,-0.63513,-0.41080,-0.79641,0.46808,1.13357,-1.14754,1.89276,-0.63045,-0.40824,-0.79807
37.400000,1870,0.49213,1.17495,-1.13641,1.90357,-0.62676,-0.40435,-0.80569,0.48856,1.14244,-1.12042,1.91859,-0.62837,-0.41448,-0.80830,0.46725,1.11174,-1.14538,1.90046,-0.62330,-0.41156,-0.80995
37.500000,1875,0.49213,1.15321,-1.13641,1.91120,-0.62332,-0.41084,-0.81560,0.48811,1.11591,-1.11857,1.92758,-0.62294,-0.41850,-0.81860,0.46642,1.08924,-1.14329,1.90733,-0.61667,-0.41540,-0.82172
37.600000,1880,0.48984,1.13147,-1.13450,1.91921,-0.61569,-0.41542,-0.82667,0.48699,1.08623,-1.12050,1.93497,-0.61767,-0.42251,-0.83007,0.46557,1.06607,-1.14129,1.91336,-0.61061,-0.41975,-0.83337
37.700000,1885,0.48717,1.10591,-1.13145,1.92188,-0.60577,-0.41885,-0.83887,0.48621,1.06786,-1.11522,1.94110,-0.61236,-0.42838,-0.84045,0.46472,1.04226,-1.13940,1.91853,-0.60513,-0.42460,-0.84487
37.800000,1890,0.48717,1.08340,-1.13107,1.93104,-0.60158,-0.42305,-0.85299,0.48600,1.03871,-1.11455,1.94684,-0.60886,-0.43369,-0.85110,0.46387,1.01786,-1.13763,1.92285,-0.60026,-0.42992,-0.85620
37.900000,1895,0.48679,1.05670,-1.12801,1.93218,-0.60005,-0.42953,-0.86214,0.48495,1.01086,-1.11432,1.95175,-0.60483,-0.43961,-0.86172,0.46302,0.99289,-1.13599,1.92632,-0.59599,-0.43568,-0.86734
38.000000,1900,0.48679,1.03076,-1.12267,1.93600,-0.59776,-0.43831,-0.87473,0.48440,0.98824,-1.11107,1.95579,-0.60227,-0.44609,-0.87142,0.46218,0.96739,-1.13450,1.92894,-0.59235,-0.44185,-0.87826
38.100000,1905,0.48641,1.00405,-1.12115,1.94134,-0.59624,-0.44403,-0.88198,0.48403,0.95763,-1.11122,1.95794,-0.59993,-0.45295,-0.88214,0.46136,0.94140,-1.13317,1.93069,-0.58936,-0.44841,-0.88896
38.200000,1910,0.48412,0.97773,-1.11733,1.94401,-0.59319,-0.45013,-0.89571,0.48373,0.92357,-1.11203,1.96137,-0.59900,-0.45974,-0.89127,0.46055,0.91496,-1.13202,1.93159,-0.58701,-0.45532,-0.89940
38.300000,1915,0.48412,0.94988,-1.11733,1.94515,-0.59242,-0.45700,-0.90296,0.48265,0.89972,-1.11043,1.96221,-0.59739,-0.46742,-0.90099,0.45977,0.88809,-1.13105,1.93163,-0.58531,-0.46256,-0.90959
38.400000,1920,0.48374,0.92471,-1.11695,1.94592,-0.58975,-0.46654,-0.91631,0.48251,0.86581,-1.11160,1.96292,-0.59756,-0.47500,-0.91022,0.45904,0.86086,-1.13028,1.93081,-0.58426,-0.47008,-0.91950
38.500000,1925,0.48374,0.89266,-1.11695,1.94592,-0.58899,-0.47378,-0.92509,0.48161,0.84746,-1.10739,1.96182,-0.59715,-0.48354,-0.91900,0.45835,0.83328,-1.12972,1.92913,-0.58385,-0.47785,-0.92912
38.600000,1930,0.48145,0.86977,-1.11657,1.94592,-0.58899,-0.48218,-0.93310,0.48185,0.80854,-1.11054,1.96113,-0.59900,-0.49116,-0.92770,0.45771,0.80541,-1.12938,1.92659,-0.58408,-0.48584,-0.93845
38.700000,1935,0.48145,0.84040,-1.11657,1.94592,-0.58899,-0.49209,-0.94340,0.48102,0.78269,-1.11029,1.95845,-0.59981,-0.49967,-0.93653,0.45714,0.77728,-1.12927,1.92319,-0.58494,-0.49401,-0.94748
38.800000,1940,0.48145,0.80950,-1.11657,1.94592,-0.58899,-0.49972,-0.95141,0.48076,0.75416,-1.11023,1.95546,-0.60202,-0.50822,-0.94452,0.45665,0.74892,-1.12940,1.91894,-0.58640,-0.50232,-0.95622
38.900000,1945,0.48145,0.78318,-1.11619,1.94592,-0.59013,-0.50812,-0.95980,0.48059,0.72646,-1.11016,1.95126,-0.60461,-0.51692,-0.95246,0.45624,0.72037,-1.12978,1.91384,-0.58846,-0.51075,-0.96466
39.000000,1950,0.48107,0.75495,-1.11619,1.94477,-0.59242,-0.51803,-0.96896,0.48032,0.69592,-1.11155,1.94667,-0.60773,-0.52556,-0.95998,0.45592,0.69164,-1.13039,1.90788,-0.59110,-0.51926,-0.97281
39.100000,1955,0.48107,0.72519,-1.11619,1.94134,-0.59662,-0.52681,-0.97773,0.48051,0.66277,-1.11366,1.94163,-0.61187,-0.53417,-0.96713,0.45571,0.66273,-1.13127,1.90106,-0.59430,-0.52784,-0.98070
39.200000,1960,0.48107,0.69315,-1.11619,1.93600,-0.60081,-0.53482,-0.98422,0.48037,0.63876,-1.11315,1.93416,-0.61583,-0.54320,-0.97414,0.45564,0.63365,-1.13245,1.89314,-0.59809,-0.53644,-0.98821
39.300000,1965,0.48107,0.67141,-1.11619,1.92989,-0.60234,-0.54588,-0.99146,0.48112,0.59988,-1.11849,1.92646,-0.62172,-0.55136,-0.98020,0.45584,0.60447,-1.13416,1.88327,-0.60262,-0.54491,-0.99493
39.400000,1970,0.48107,0.63936,-1.11619,1.91921,-0.60577,-0.55351,-0.99757,0.48149,0.57665,-1.11761,1.91666,-0.62660,-0.56061,-0.98669,0.45611,0.57473,-1.13601,1.87292,-0.60758,-0.55354,-1.00179
39.500000,1975,0.48107,0.60770,-1.11619,1.91273,-0.60959,-0.56267,-1.00367,0.48221,0.53624,-1.12300,1.90862,-0.63314,-0.56918,-0.99348,0.45638,0.54404,-1.13786,1.86261,-0.61294,-0.56250,-1.00921
39.600000,1980,0.48107,0.57680,-1.11619,1.90014,-0.61798,-0.57335,-1.01092,0.48262,0.51178,-1.12260,1.89713,-0.63927,-0.57880,-1.00022,0.45681,0.51251,-1.14008,1.85091,-0.61900,-0.57162,-1.01649
39.700000,1985,0.48107,0.54743,-1.11619,1.88908,-0.62904,-0.58174,-1.01855,0.48386,0.47692,-1.12545,1.88670,-0.64597,-0.58749,-1.00611,0.45763,0.48077,-1.14257,1.83809,-0.62531,-0.58078,-1.02351
39.800000,1990,0.48145,0.51729,-1.11619,1.87878,-0.63057,-0.58861,-1.02618,0.48827,0.46451,-1.12271,1.89273,-0.63686,-0.59320,-1.01563,0.46246,0.46127,-1.13975,1.84142,-0.61969,-0.58910,-1.03208
39.900000,1995,0.48221,0.50661,-1.11619,1.88145,-0.62447,-0.59738,-1.03228,0.49894,0.45014,-1.11923,1.91938,-0.61497,-0.59804,-1.02528,0.47281,0.46002,-1.13000,1.86590,-0.59753,-0.59599,-1.04158
40.000000,2000,0.48794,0.50470,-1.11619,1.89976,-0.60081,-0.60158,-1.04792,0.51010,0.45517,-1.10746,1.94505,-0.59073,-0.60468,-1.03538,0.48395,0.46088,-1.11933,1.89308,-0.57313,-0.60282,-1.05126
40.100000,2005,0.50091,0.49669,-1.11085,1.93256,-0.57793,-0.60692,-1.05403,0.51964,0.46767,-1.09671,1.96912,-0.56598,-0.61030,-1.04536,0.49470,0.46300,-1.10891,1.91979,-0.54923,-0.60899,-1.06027
40.200000,2010,0.50739,0.50432,-1.09025,1.95774,-0.55733,-0.61264,-1.05632,0.52317,0.50743,-1.08496,1.98396,-0.54959,-0.60551,-1.04331,0.49921,0.48231,-1.10230,1.93905,-0.53339,-0.60560,-1.05995
40.300000,2015,0.51235,0.54170,-1.08376,1.96766,-0.54436,-0.61035,-1.05632,0.52355,0.52869,-1.08398,1.99864,-0.54150,-0.59360,-1.03578,0.49872,0.51526,-1.09836,1.95319,-0.52410,-0.59439,-1.05290
40.400000,2020,0.51235,0.57337,-1.08300,1.97643,-0.53177,-0.60005,-1.05403,0.52216,0.57457,-1.07623,2.00711,-0.53173,-0.58270,-1.02888,0.49817,0.54843,-1.09508,1.96551,-0.51592,-0.58276,-1.04512
40.500000,2025,0.51235,0.60732,-1.07880,1.99017,-0.52299,-0.59051,-1.04716,0.52154,0.60620,-1.07364,2.01700,-0.52396,-0.57096,-1.02107,0.49779,0.58109,-1.09232,1.97634,-0.50854,-0.57112,-1.03699
40.600000,2030,0.51235,0.63974,-1.07651,1.99703,-0.51842,-0.57640,-1.04220,0.52099,0.64197,-1.06920,2.02640,-0.51628,-0.55970,-1.01376,0.49756,0.61308,-1.08963,1.98692,-0.50161,-0.55966,-1.02920
40.700000,2035,0.51235,0.67026,-1.07270,2.00924,-0.50964,-0.56496,-1.03190,0.52046,0.67705,-1.06571,2.03433,-0.50915,-0.54841,-1.00688,0.49748,0.64456,-1.08699,1.99730,-0.49505,-0.54834,-1.02169
40.800000,2040,0.51235,0.70231,-1.07041,2.01916,-0.49896,-0.55237,-1.02465,0.52056,0.71043,-1.06205,2.04136,-0.50327,-0.53732,-0.99852,0.49756,0.67605,-1.08503,2.00572,-0.48944,-0.53681,-1.01323
40.900000,2045,0.51235,0.73435,-1.06889,2.02488,-0.49553,-0.54169,-1.01588,0.52047,0.73944,-1.06219,2.04704,-0.49782,-0.52527,-0.99071,0.49776,0.70747,-1.08348,2.01299,-0.48456,-0.52520,-1.00427
41.000000,2050,0.51235,0.76563,-1.06621,2.03060,-0.49248,-0.52910,-1.00253,0.52027,0.77585,-1.05896,2.05167,-0.49268,-0.51405,-0.98181,0.49807,0.73880,-1.08225,2.01939,-0.48037,-0.51360,-0.99494
41.100000,2055,0.51235,0.79462,-1.06621,2.03518,-0.48866,-0.51727,-0.99375,0.52048,0.80620,-1.05826,2.05616,-0.48895,-0.50234,-0.97247,0.49846,0.77004,-1.08133,2.02488,-0.47690,-0.50201,-0.98519
41.200000,2060,0.51235,0.82476,-1.06583,2.04205,-0.48256,-0.50468,-0.98460,0.52025,0.84695,-1.05412,2.05846,-0.48495,-0.49142,-0.96282,0.49893,0.80115,-1.08070,2.02950,-0.47416,-0.49049,-0.97503
41.300000,2065,0.51235,0.85947,-1.06545,2.04357,-0.47684,-0.49286,-0.97277,0.52083,0.87284,-1.05561,2.06108,-0.48295,-0.47981,-0.95285,0.49945,0.83211,-1.08037,2.03321,-0.47222,-0.47908,-0.96444
41.400000,2070,0.51235,0.88770,-1.06507,2.04510,-0.47378,-0.48218,-0.96400,0.52139,0.90681,-1.05389,2.06183,-0.48140,-0.46876,-0.94242,0.50002,0.86286,-1.08033,2.03604,-0.47107,-0.46784,-0.95344
41.500000,2075,0.51273,0.91746,-1.06431,2.04624,-0.47340,-0.46921,-0.94798,0.52149,0.93923,-1.05432,2.06190,-0.48015,-0.45773,-0.93224,0.50061,0.89334,-1.08055,2.03797,-0.47075,-0.45682,-0.94201
41.600000,2080,0.51273,0.95026,-1.06431,2.04815,-0.47378,-0.45929,-0.93768,0.52195,0.96926,-1.05453,2.06171,-0.48037,-0.44710,-0.92071,0.50122,0.92350,-1.08103,2.03901,-0.47125,-0.44606,-0.93019
41.700000,2085,0.51273,0.98002,-1.06431,2.04891,-0.47378,-0.44555,-0.92432,0.52181,1.00506,-1.05349,2.05978,-0.48042,-0.43707,-0.90936,0.50183,0.95329,-1.08174,2.03914,-0.47262,-0.43564,-0.91798
41.800000,2090,0.51311,1.01168,-1.06431,2.04891,-0.47378,-0.43754,-0.91441,0.52253,1.03425,-1.05428,2.05752,-0.48257,-0.42701,-0.89741,0.50242,0.98266,-1.08268,2.03837,-0.47484,-0.42559,-0.90539
41.900000,2095,0.51540,1.03877,-1.06431,2.04891,-0.47378,-0.42762,-0.90029,0.52159,1.07238,-1.05487,2.05351,-0.48390,-0.41801,-0.88647,0.50299,1.01155,-1.08382,2.03671,-0.47791,-0.41596,-0.89247
42.000000,2100,0.51769,1.07157,-1.06431,2.04891,-0.47455,-0.41618,-0.88847,0.52299,1.09658,-1.05512,2.04985,-0.48823,-0.40860,-0.87273,0.50352,1.03991,-1.08514,2.03414,-0.48183,-0.40682,-0.87923
42.100000,2105,0.51769,1.09866,-1.06431,2.04891,-0.47798,-0.40855,-0.86939,0.52310,1.12593,-1.05656,2.04425,-0.49199,-0.40014,-0.86039,0.50402,1.06769,-1.08663,2.03068,-0.48658,-0.39820,-0.86569
42.200000,2110,0.51807,1.12613,-1.06431,2.04853,-0.48256,-0.39749,-0.85947,0.52335,1.15413,-1.05785,2.03810,-0.49703,-0.39235,-0.84734,0.50446,1.09485,-1.08827,2.02633,-0.49214,-0.39014,-0.85190
42.300000,2115,0.51807,1.15359,-1.06431,2.04739,-0.49248,-0.39024,-0.84498,0.52339,1.18501,-1.05802,2.03118,-0.50239,-0.38498,-0.83422,0.50485,1.12134,-1.09004,2.02110,-0.49850,-0.38268,-0.83789
42.400000,2120,0.51807,1.18029,-1.06431,2.03900,-0.49743,-0.38376,-0.82972,0.52343,1.21228,-1.05922,2.02413,-0.50915,-0.37842,-0.82010,0.50517,1.14713,-1.09192,2.01499,-0.50561,-0.37586,-0.82370
42.500000,2125,0.51807,1.20776,-1.06431,2.03327,-0.50316,-0.37727,-0.81522,0.52321,1.24092,-1.06080,2.01523,-0.51596,-0.37251,-0.80716,0.50544,1.17216,-1.09391,2.00799,-0.51346,-0.36970,-0.80934
42.600000,2130,0.51807,1.23256,-1.06431,2.02374,-0.50850,-0.36888,-0.80034,0.52310,1.26917,-1.06092,2.00589,-0.52386,-0.36749,-0.79287,0.50564,1.19642,-1.09597,2.00013,-0.52199,-0.36424,-0.79488
42.700000,2135,0.51845,1.26040,-1.06431,2.01267,-0.52338,-0.36430,-0.78661,0.52326,1.29179,-1.06372,1.99548,-0.53259,-0.36273,-0.77942,0.50577,1.21987,-1.09810,1.99141,-0.53118,-0.35949,-0.78033
42.800000,2140,0.51807,1.28367,-1.06431,2.00428,-0.52757,-0.36010,-0.77212,0.52292,1.31690,-1.06525,1.98468,-0.54183,-0.35881,-0.76531,0.50585,1.24248,-1.10029,1.98183,-0.54097,-0.35548,-0.76575
42.900000,2145,0.51845,1.30580,-1.06431,1.99360,-0.53863,-0.35705,-0.75838,0.52264,1.34015,-1.06709,1.97291,-0.55133,-0.35576,-0.75152,0.50586,1.26423,-1.10252,1.97141,-0.55133,-0.35220,-0.75115
43.000000,2150,0.51845,1.33098,-1.06431,1.98254,-0.55160,-0.35476,-0.74312,0.52264,1.36000,-1.07020,1.95988,-0.56196,-0.35315,-0.73794,0.50583,1.28510,-1.10477,1.96016,-0.56219,-0.34967,-0.73657
43.100000,2155,0.51845,1.34967,-1.06431,1.96957,-0.55847,-0.35019,-0.72863,0.52196,1.38612,-1.07045,1.94628,-0.57206,-0.35184,-0.72413,0.50574,1.30507,-1.10704,1.94809,-0.57353,-0.34789,-0.72204
43.200000,2160,0.51845,1.37180,-1.06431,1.95583,-0.57526,-0.34904,-0.71489,0.52170,1.40756,-1.07204,1.93193,-0.58313,-0.35096,-0.71054,0.50560,1.32412,-1.10931,1.93520,-0.58528,-0.34686,-0.70760
43.300000,2165,0.51845,1.38934,-1.06469,1.94058,-0.58327,-0.34828,-0.69811,0.52105,1.43031,-1.07281,1.91671,-0.59442,-0.35104,-0.69664,0.50543,1.34225,-1.11158,1.92150,-0.59740,-0.34658,-0.69325
43.400000,2170,0.51845,1.41261,-1.06469,1.92684,-0.59929,-0.34790,-0.68399,0.52110,1.44472,-1.07654,1.90069,-0.60669,-0.35134,-0.68356,0.50522,1.35944,-1.11383,1.90701,-0.60984,-0.34704,-0.67904
43.500000,2175,0.51845,1.42749,-1.06469,1.91120,-0.60959,-0.34790,-0.67179,0.52055,1.46363,-1.07830,1.88396,-0.61856,-0.35269,-0.67038,0.50499,1.37569,-1.11606,1.89173,-0.62256,-0.34824,-0.66496
43.600000,2180,0.51807,1.44504,-1.06583,1.89594,-0.62485,-0.34904,-0.65538,0.51990,1.48134,-1.07994,1.86705,-0.63059,-0.35469,-0.65708,0.50474,1.39100,-1.11825,1.87567,-0.63551,-0.35016,-0.65104
43.700000,2185,0.51845,1.46335,-1.06660,1.87725,-0.63438,-0.34980,-0.64547,0.51978,1.49820,-1.08055,1.84950,-0.64378,-0.35755,-0.64313,0.50449,1.40536,-1.12040,1.85884,-0.64864,-0.35278,-0.63730
43.800000,2190,0.51807,1.47479,-1.06660,1.86008,-0.65079,-0.35057,-0.62716,0.51912,1.51703,-1.08153,1.82955,-0.65556,-0.36118,-0.63135,0.50423,1.41878,-1.12249,1.84125,-0.66191,-0.35610,-0.62373
43.900000,2195,0.51845,1.49234,-1.06698,1.84177,-0.66147,-0.35438,-0.61876,0.51880,1.52931,-1.08361,1.81108,-0.66900,-0.36523,-0.61771,0.50398,1.43125,-1.12452,1.82291,-0.67529,-0.36009,-0.61035
44.000000,2200,0.51845,1.50455,-1.06736,1.82041,-0.67711,-0.35896,-0.60312,0.51794,1.54566,-1.08472,1.79051,-0.68140,-0.37008,-0.60529,0.50375,1.44278,-1.12648,1.80381,-0.68874,-0.36474,-0.59715
44.100000,2205,0.51845,1.51637,-1.06736,1.80324,-0.68779,-0.36583,-0.59015,0.51788,1.55797,-1.08584,1.77005,-0.69454,-0.37530,-0.59269,0.50355,1.45338,-1.12836,1.78398,-0.70221,-0.37004,-0.58414
44.200000,2210,0.51845,1.52744,-1.06812,1.78150,-0.70496,-0.37002,-0.57527,0.51782,1.56350,-1.09046,1.74822,-0.70764,-0.38095,-0.58134,0.50338,1.46305,-1.13015,1.76340,-0.71569,-0.37596,-0.57131
44.300000,2215,0.52074,1.54117,-1.07537,1.75976,-0.71411,-0.37536,-0.56459,0.51736,1.57207,-1.09255,1.72672,-0.72075,-0.38746,-0.56843,0.50326,1.47179,-1.13185,1.74208,-0.72915,-0.38249,-0.55865
44.400000,2220,0.52074,1.54880,-1.07995,1.73649,-0.73128,-0.38376,-0.55162,0.51699,1.59124,-1.08930,1.70269,-0.73288,-0.39532,-0.55656,0.50318,1.47963,-1.13343,1.72002,-0.74255,-0.38961,-0.54615
44.500000,2225,0.52074,1.55490,-1.07995,1.71665,-0.74196,-0.39215,-0.53942,0.51688,1.59685,-1.09209,1.67951,-0.74598,-0.40270,-0.54462,0.50317,1.48656,-1.13490,1.69721,-0.75588,-0.39732,-0.53379
44.600000,2230,0.52074,1.56520,-1.08033,1.69109,-0.75913,-0.39863,-0.52683,0.51703,1.60478,-1.09271,1.65534,-0.75895,-0.41115,-0.53270,0.50323,1.49261,-1.13625,1.67362,-0.76914,-0.40559,-0.52156
44.700000,2235,0.52074,1.56826,-1.08071,1.66553,-0.76714,-0.40664,-0.51576,0.51694,1.61019,-1.09509,1.62987,-0.77156,-0.41994,-0.52149,0.50338,1.49777,-1.13747,1.64923,-0.78233,-0.41443,-0.50941
44.800000,2240,0.52074,1.58046,-1.08071,1.64455,-0.78583,-0.41923,-0.50394,0.51725,1.61699,-1.09498,1.60394,-0.78430,-0.42943,-0.50947,0.50362,1.50208,-1.13855,1.62397,-0.79545,-0.42386,-0.49732
44.900000,2245,0.52074,1.58275,-1.08071,1.61403,-0.79422,-0.42610,-0.49288,0.51741,1.62522,-1.09426,1.57652,-0.79667,-0.43979,-0.49797,0.50396,1.50550,-1.13948,1.59775,-0.80853,-0.43388,-0.48523
45.000000,2250,0.52074,1.58733,-1.08071,1.59038,-0.81139,-0.43945,-0.48029,0.51808,1.62322,-1.09735,1.54929,-0.80970,-0.44977,-0.48603,0.50450,1.50748,-1.14019,1.57035,-0.82147,-0.44438,-0.47308
45.100000,2255,0.52112,1.59343,-1.08414,1.56215,-0.82093,-0.44899,-0.46694,0.51897,1.62780,-1.09562,1.51996,-0.82204,-0.46109,-0.47390,0.50530,1.50769,-1.14063,1.54158,-0.83423,-0.45529,-0.46081
45.200000,2260,0.52112,1.59381,-1.08681,1.53011,-0.83771,-0.46005,-0.45511,0.51923,1.63236,-1.09601,1.48884,-0.83411,-0.47283,-0.46254,0.50608,1.50849,-1.14106,1.51182,-0.84740,-0.46735,-0.44840
45.300000,2265,0.52112,1.59381,-1.08681,1.50188,-0.84725,-0.47340,-0.44405,0.52012,1.63536,-1.09496,1.45762,-0.84646,-0.48511,-0.45043,0.50694,1.50839,-1.14130,1.48099,-0.86051,-0.48014,-0.43602
45.400000,2270,0.52112,1.59610,-1.08681,1.47250,-0.86327,-0.48294,-0.43337,0.52203,1.64754,-1.09077,1.44541,-0.85239,-0.48394,-0.43877,0.50863,1.51587,-1.13678,1.46471,-0.86938,-0.48444,-0.42379
45.500000,2275,0.52379,1.61098,-1.08681,1.46869,-0.86480,-0.48103,-0.41963,0.52564,1.66566,-1.07966,1.46113,-0.85009,-0.46515,-0.42956,0.51172,1.53648,-1.12254,1.47991,-0.86854,-0.46947,-0.41276
45.600000,2280,0.53295,1.63616,-1.08643,1.48471,-0.86441,-0.46577,-0.41162,0.52825,1.68708,-1.06665,1.48044,-0.84680,-0.44653,-0.42067,0.51508,1.55938,-1.10638,1.50099,-0.86584,-0.45078,-0.40190
45.700000,2285,0.53486,1.65790,-1.08071,1.50455,-0.86327,-0.44708,-0.40094,0.53189,1.70625,-1.04947,1.50157,-0.84379,-0.42778,-0.40955,0.51840,1.58179,-1.09053,1.52226,-0.86294,-0.43213,-0.39149
45.800000,2290,0.53867,1.67545,-1.06889,1.52820,-0.86174,-0.43068,-0.39598,0.53519,1.69767,-1.04822,1.53189,-0.83800,-0.40927,-0.41051,0.52060,1.59331,-1.08196,1.54783,-0.85535,-0.41477,-0.39183
45.900000,2295,0.54020,1.67659,-1.06354,1.55834,-0.85602,-0.41237,-0.39674,0.53690,1.69803,-1.04521,1.56278,-0.82557,-0.39459,-0.42260,0.52163,1.59455,-1.08169,1.57876,-0.84262,-0.39938,-0.40416
46.000000,2300,0.54058,1.67621,-1.06354,1.59458,-0.84000,-0.39673,-0.40475,0.53809,1.69184,-1.04638,1.59512,-0.81329,-0.38036,-0.43460,0.52269,1.59400,-1.08199,1.60907,-0.82924,-0.38486,-0.41747
46.100000,2305,0.54058,1.67621,-1.06354,1.62128,-0.82932,-0.38337,-0.41658,0.53904,1.68927,-1.04695,1.62507,-0.80043,-0.36727,-0.44753,0.52372,1.59360,-1.08227,1.63840,-0.81599,-0.37148,-0.43077
46.200000,2310,0.54058,1.67621,-1.06354,1.65142,-0.81177,-0.36811,-0.43070,0.54041,1.68310,-1.04810,1.65337,-0.78773,-0.35469,-0.46040,0.52490,1.59235,-1.08234,1.66656,-0.80261,-0.35877,-0.44391
46.300000,2315,0.54325,1.67316,-1.06354,1.67926,-0.80071,-0.35629,-0.44710,0.54185,1.67564,-1.04855,1.68165,-0.77469,-0.34252,-0.47240,0.52633,1.58918,-1.08213,1.69342,-0.78883,-0.34644,-0.45696
46.400000,2320,0.54859,1.67011,-1.06354,1.70444,-0.78430,-0.34179,-0.45854,0.54332,1.67263,-1.04705,1.70727,-0.76058,-0.33150,-0.48557,0.52789,1.58503,-1.08175,1.71931,-0.77482,-0.33472,-0.47002
46.500000,2325,0.55012,1.66286,-1.06354,1.73038,-0.77057,-0.33149,-0.47304,0.54496,1.66629,-1.04611,1.73369,-0.74716,-0.32066,-0.49761,0.52956,1.57995,-1.08121,1.74433,-0.76056,-0.32360,-0.48317
46.600000,2330,0.55126,1.66057,-1.06354,1.75709,-0.75569,-0.32081,-0.48448,0.54726,1.65185,-1.04738,1.75919,-0.73376,-0.30992,-0.51019,0.53131,1.57395,-1.08054,1.76856,-0.74605,-0.31308,-0.49646
46.700000,2335,0.55164,1.65065,-1.06354,1.77769,-0.73891,-0.30975,-0.50203,0.54902,1.64185,-1.04698,1.78387,-0.71958,-0.30029,-0.52283,0.53315,1.56699,-1.07973,1.79203,-0.73128,-0.30316,-0.50995
46.800000,2340,0.55164,1.63768,-1.06354,1.80363,-0.72594,-0.29945,-0.51462,0.55092,1.63499,-1.04488,1.80674,-0.70470,-0.29145,-0.53640,0.53505,1.55906,-1.07880,1.81477,-0.71626,-0.29386,-0.52367
46.900000,2345,0.55431,1.62700,-1.06316,1.82651,-0.70763,-0.28991,-0.52759,0.55334,1.61698,-1.04644,1.83037,-0.69074,-0.28273,-0.54963,0.53701,1.55016,-1.07776,1.83680,-0.70101,-0.28520,-0.53766
47.000000,2350,0.55431,1.62090,-1.06316,1.84750,-0.69733,-0.28076,-0.54132,0.55575,1.60240,-1.04591,1.85304,-0.67621,-0.27491,-0.56327,0.53902,1.54025,-1.07662,1.85810,-0.68557,-0.27721,-0.55195
47.100000,2355,0.55698,1.60450,-1.06316,1.86810,-0.67787,-0.27160,-0.55582,0.55737,1.59720,-1.04208,1.87326,-0.66037,-0.26863,-0.57747,0.54106,1.52934,-1.07538,1.87868,-0.66997,-0.26993,-0.56655
47.200000,2360,0.55736,1.59076,-1.06126,1.88869,-0.65994,-0.26473,-0.57451,0.55993,1.57519,-1.04353,1.89614,-0.64645,-0.26175,-0.59102,0.54311,1.51742,-1.07406,1.89854,-0.65426,-0.26336,-0.58148
47.300000,2365,0.56003,1.57512,-1.05897,1.91006,-0.64697,-0.26016,-0.58596,0.56236,1.55486,-1.04441,1.91588,-0.63139,-0.25583,-0.60623,0.54517,1.50447,-1.07267,1.91766,-0.63849,-0.25755,-0.59675
47.400000,2370,0.56576,1.55986,-1.05782,1.92799,-0.62981,-0.25520,-0.60427,0.56448,1.54081,-1.04164,1.93607,-0.61627,-0.25142,-0.62055,0.54723,1.49048,-1.07121,1.93603,-0.62271,-0.25254,-0.61237
47.500000,2375,0.56804,1.54117,-1.05782,1.94706,-0.61493,-0.25100,-0.61838,0.56686,1.51940,-1.04203,1.95429,-0.60181,-0.24734,-0.63591,0.54926,1.47544,-1.06970,1.95365,-0.60697,-0.24834,-0.62834
47.600000,2380,0.56804,1.52362,-1.05592,1.96575,-0.59853,-0.24490,-0.63364,0.56909,1.50039,-1.04049,1.97300,-0.58694,-0.24435,-0.65130,0.55125,1.45937,-1.06813,1.97051,-0.59133,-0.24499,-0.64465
47.700000,2385,0.56919,1.50531,-1.05286,1.98025,-0.58289,-0.24185,-0.65271,0.57116,1.47772,-1.04090,1.99052,-0.57252,-0.24205,-0.66747,0.55320,1.44225,-1.06652,1.98660,-0.57587,-0.24249,-0.66129
47.800000,2390,0.57110,1.48357,-1.05248,1.99818,-0.56953,-0.23765,-0.66721,0.57364,1.45515,-1.03929,2.00724,-0.55837,-0.24070,-0.68350,0.55508,1.42406,-1.06488,2.00188,-0.56064,-0.24090,-0.67825
47.900000,2395,0.57339,1.46259,-1.05210,2.01191,-0.55160,-0.23765,-0.68705,0.57563,1.43303,-1.03768,2.02435,-0.54454,-0.24032,-0.69925,0.55689,1.40483,-1.06321,2.01638,-0.54572,-0.24023,-0.69552
48.000000,2400,0.57377,1.43932,-1.05096,2.02679,-0.54054,-0.23689,-0.70307,0.57758,1.40798,-1.03772,2.03810,-0.53073,-0.24083,-0.71683,0.55861,1.38458,-1.06153,2.03008,-0.53118,-0.24047,-0.71305
48.100000,2405,0.57377,1.41643,-1.04905,2.04167,-0.52338,-0.23689,-0.72024,0.57948,1.38432,-1.03575,2.05321,-0.51807,-0.24245,-0.73285,0.56024,1.36326,-1.05984,2.04293,-0.51709,-0.24168,-0.73082
48.200000,2410,0.57682,1.39240,-1.04829,2.05464,-0.51460,-0.23765,-0.73969,0.58167,1.35393,-1.03652,2.06638,-0.50562,-0.24475,-0.75075,0.56176,1.34091,-1.05818,2.05492,-0.50353,-0.24387,-0.74878
48.300000,2415,0.58216,1.36684,-1.04562,2.06684,-0.49629,-0.23841,-0.75876,0.58289,1.33230,-1.03403,2.07913,-0.49335,-0.24847,-0.76761,0.56316,1.31753,-1.05655,2.06601,-0.49056,-0.24705,-0.76689
48.400000,2420,0.58254,1.34166,-1.04180,2.07829,-0.48714,-0.24108,-0.77555,0.58477,1.30188,-1.03345,2.09140,-0.48269,-0.25282,-0.78453,0.56444,1.29318,-1.05495,2.07626,-0.47827,-0.25118,-0.78512
48.500000,2425,0.58445,1.31190,-1.03989,2.08973,-0.47340,-0.24604,-0.79386,0.58646,1.27179,-1.03289,2.10198,-0.47224,-0.25824,-0.80231,0.56558,1.26789,-1.05337,2.08568,-0.46674,-0.25622,-0.80343
48.600000,2430,0.58445,1.28253,-1.03989,2.09851,-0.46539,-0.25405,-0.81293,0.58753,1.24881,-1.02925,2.11225,-0.46250,-0.26485,-0.81902,0.56659,1.24170,-1.05183,2.09424,-0.45603,-0.26215,-0.82178
48.700000,2435,0.58445,1.25812,-1.03913,2.10881,-0.45433,-0.26092,-0.83048,0.58935,1.20692,-1.03305,2.12190,-0.45461,-0.27116,-0.83708,0.56747,1.21463,-1.05033,2.10196,-0.44621,-0.26894,-0.84012
48.800000,2440,0.58445,1.22416,-1.03837,2.11338,-0.44288,-0.26626,-0.84879,0.58959,1.18206,-1.03048,2.13016,-0.44594,-0.27953,-0.85419,0.56821,1.18673,-1.04891,2.10881,-0.43732,-0.27656,-0.85839
48.900000,2445,0.58521,1.19632,-1.03722,2.12292,-0.43792,-0.27618,-0.86787,0.59096,1.15214,-1.02820,2.13806,-0.43966,-0.28832,-0.87081,0.56881,1.15800,-1.04760,2.11473,-0.42946,-0.28501,-0.87651
49.000000,2450,0.58483,1.16504,-1.03722,2.12788,-0.42877,-0.28533,-0.88541,0.59196,1.11371,-1.03054,2.14421,-0.43435,-0.29761,-0.88836,0.56930,1.12849,-1.04645,2.11969,-0.42264,-0.29428,-0.89442
49.100000,2455,0.58521,1.13337,-1.03493,2.13169,-0.42114,-0.29373,-0.90105,0.59248,1.08460,-1.02862,2.14992,-0.42935,-0.30825,-0.90495,0.56966,1.09826,-1.04546,2.12370,-0.41692,-0.30432,-0.91207
49.200000,2460,0.58750,1.10286,-1.03341,2.13704,-0.41771,-0.30708,-0.92089,0.59294,1.05082,-1.02910,2.15423,-0.42565,-0.31907,-0.92176,0.56991,1.06738,-1.04466,2.12675,-0.41236,-0.31503,-0.92941
49.300000,2465,0.58750,1.06852,-1.03341,2.14085,-0.41618,-0.31700,-0.93844,0.59320,1.02463,-1.02569,2.15761,-0.42287,-0.33130,-0.93740,0.57007,1.03591,-1.04407,2.12887,-0.40894,-0.32634,-0.94641
49.400000,2470,0.58712,1.03839,-1.03341,2.14428,-0.41389,-0.33073,-0.95179,0.59390,0.98339,-1.02894,2.16076,-0.42217,-0.34274,-0.95358,0.57015,1.00391,-1.04370,2.13004,-0.40670,-0.33818,-0.96303
49.500000,2475,0.58712,1.00329,-1.03341,2.14428,-0.41389,-0.34332,-0.97048,0.59399,0.95293,-1.02754,2.16240,-0.42186,-0.35572,-0.96841,0.57016,0.97145,-1.04358,2.13027,-0.40564,-0.35047,-0.97924
49.600000,2480,0.58750,0.97163,-1.03341,2.14505,-0.41389,-0.35781,-0.98918,0.59442,0.91333,-1.03036,2.16389,-0.42330,-0.36807,-0.98354,0.57013,0.93861,-1.04375,2.12956,-0.40575,-0.36314,-0.99498
49.700000,2485,0.58750,0.93539,-1.03341,2.14543,-0.41427,-0.36926,-1.00062,0.59457,0.88159,-1.03013,2.16289,-0.42519,-0.38170,-0.99804,0.57008,0.90546,-1.04422,2.12790,-0.40703,-0.37611,-1.01025
49.800000,2490,0.58750,0.90449,-1.03341,2.14543,-0.41427,-0.38414,-1.01626,0.59517,0.83825,-1.03471,2.16273,-0.42930,-0.39436,-1.01208,0.57003,0.87206,-1.04503,2.12530,-0.40944,-0.38929,-1.02503
49.900000,2495,0.58750,0.86634,-1.03303,2.14543,-0.41542,-0.39711,-1.03037,0.59457,0.81745,-1.03119,2.15892,-0.43217,-0.40896,-1.02556,0.56999,0.83849,-1.04618,2.12175,-0.41296,-0.40261,-1.03929
50.000000,2500,0.58712,0.83544,-1.03303,2.14505,-0.41847,-0.41160,-1.04792,0.59518,0.78377,-1.03227,2.15579,-0.43789,-0.42254,-1.03847,0.57001,0.80482,-1.04770,2.11727,-0.41754,-0.41598,-1.05304
50.100000,2505,0.58750,0.80454,-1.03303,2.14505,-0.42228,-0.42534,-1.05708,0.59559,0.74561,-1.03611,2.15188,-0.44441,-0.43580,-1.05115,0.57010,0.77112,-1.04961,2.11187,-0.42313,-0.42934,-1.06628
50.200000,2510,0.58750,0.77173,-1.03303,2.14505,-0.42801,-0.44098,-1.07157,0.59627,0.70507,-1.04121,2.14715,-0.45197,-0.44880,-1.06357,0.57029,0.73743,-1.05191,2.10554,-0.42966,-0.44261,-1.07902
50.300000,2515,0.58750,0.73626,-1.03341,2.14390,-0.43831,-0.45318,-1.08226,0.59644,0.67425,-1.04309,2.14098,-0.45969,-0.46228,-1.07505,0.57060,0.70380,-1.05462,2.09829,-0.43710,-0.45574,-1.09129
50.400000,2520,0.58750,0.70002,-1.03341,2.13818,-0.44746,-0.46844,-1.09828,0.59718,0.64801,-1.04277,2.13425,-0.46858,-0.47586,-1.08555,0.57105,0.67022,-1.05776,2.09009,-0.44540,-0.46868,-1.10310
50.500000,2525,0.58750,0.66950,-1.03341,2.13131,-0.45357,-0.48027,-1.10629,0.59836,0.60297,-1.05151,2.12562,-0.47957,-0.48805,-1.09629,0.57153,0.63685,-1.06168,2.08027,-0.45489,-0.48133,-1.11400
50.600000,2530,0.58750,0.63860,-1.03341,2.12025,-0.46844,-0.49438,-1.11621,0.59912,0.56652,-1.05737,2.11628,-0.49019,-0.50044,-1.10627,0.57217,0.60344,-1.06614,2.06923,-0.46524,-0.49373,-1.12441
50.700000,2535,0.58750,0.60160,-1.03379,2.11033,-0.47607,-0.50659,-1.12727,0.59991,0.54186,-1.05844,2.10595,-0.50028,-0.51345,-1.11678,0.57332,0.56947,-1.07046,2.05825,-0.47572,-0.50606,-1.13552
50.800000,2540,0.58788,0.56917,-1.03417,2.10080,-0.48981,-0.51956,-1.13871,0.60187,0.50679,-1.06286,2.09547,-0.51266,-0.52588,-1.12668,0.57475,0.53507,-1.07527,2.04618,-0.48700,-0.51821,-1.14655
50.900000,2545,0.59017,0.53713,-1.03608,2.08782,-0.50278,-0.53291,-1.15016,0.60398,0.46587,-1.07134,2.08293,-0.52618,-0.53764,-1.13691,0.57633,0.50035,-1.08098,2.03213,-0.49945,-0.53010,-1.15695
51.000000,2550,0.59284,0.50127,-1.04752,2.07600,-0.51422,-0.54588,-1.15741,0.60733,0.44345,-1.07319,2.07382,-0.52955,-0.55289,-1.14749,0.58054,0.47032,-1.08478,2.02225,-0.50580,-0.54500,-1.16740
51.100000,2555,0.59627,0.47914,-1.04790,2.07257,-0.51842,-0.56229,-1.16923,0.61923,0.43561,-1.07213,2.08244,-0.50815,-0.57966,-1.15589,0.59342,0.46193,-1.08089,2.02993,-0.48657,-0.57236,-1.17527
51.200000,2560,0.61420,0.47380,-1.04905,2.07295,-0.49705,-0.59128,-1.17839,0.63457,0.42232,-1.07291,2.09697,-0.48332,-0.60991,-1.16253,0.60882,0.45966,-1.07496,2.04234,-0.45995,-0.60368,-1.18219
51.300000,2565,0.62984,0.46770,-1.04905,2.08134,-0.47149,-0.62103,-1.18373,0.65090,0.41617,-1.06715,2.10892,-0.45704,-0.64111,-1.16865,0.62447,0.45735,-1.06894,2.05493,-0.43292,-0.63548,-1.18922
51.400000,2570,0.64358,0.46465,-1.04905,2.09545,-0.44594,-0.65231,-1.19059,0.66680,0.41522,-1.06003,2.12187,-0.43033,-0.67224,-1.17461,0.64021,0.45502,-1.06287,2.06762,-0.40571,-0.66748,-1.19629
51.500000,2575,0.66189,0.46121,-1.04867,2.10804,-0.41885,-0.68474,-1.19899,0.68107,0.42798,-1.05220,2.13325,-0.40237,-0.70105,-1.18154,0.65546,0.45378,-1.05689,2.08029,-0.37888,-0.69809,-1.20283
51.600000,2580,0.67333,0.46770,-1.04409,2.12101,-0.39138,-0.70686,-1.20166,0.68662,0.48115,-1.03825,2.14294,-0.37930,-0.69881,-1.17622,0.66160,0.47372,-1.05188,2.09362,-0.35851,-0.70204,-1.19968
51.700000,2585,0.67333,0.51157,-1.03875,2.12979,-0.37117,-0.70458,-1.20051,0.68762,0.50515,-1.03579,2.15799,-0.36456,-0.68117,-1.16649,0.66157,0.50937,-1.04656,2.10845,-0.34251,-0.68572,-1.19054
51.800000,2590,0.67333,0.54590,-1.03684,2.13932,-0.35667,-0.69122,-1.19250,0.68673,0.55403,-1.02749,2.16705,-0.34761,-0.66430,-1.15806,0.66154,0.54549,-1.04220,2.12171,-0.32759,-0.66829,-1.18051
51.900000,2595,0.67371,0.58329,-1.03074,2.15763,-0.33912,-0.67482,-1.17801,0.68699,0.58463,-1.02530,2.17884,-0.33327,-0.64575,-1.14792,0.66184,0.58157,-1.03845,2.13379,-0.31339,-0.65037,-1.17005
52.000000,2600,0.67371,0.61800,-1.02463,2.16488,-0.32463,-0.65575,-1.16771,0.68726,0.62677,-1.01939,2.18895,-0.31804,-0.62792,-1.13812,0.66287,0.61733,-1.03445,2.14555,-0.29903,-0.63225,-1.15988
52.100000,2605,0.67638,0.65462,-1.02158,2.17823,-0.30860,-0.63744,-1.15664,0.68798,0.66537,-1.01523,2.19698,-0.30429,-0.60924,-1.12763,0.66389,0.65342,-1.03148,2.15583,-0.28597,-0.61346,-1.14875
52.200000,2610,0.67905,0.69086,-1.01929,2.18510,-0.29640,-0.61913,-1.14634,0.68889,0.70552,-1.01070,2.20507,-0.29180,-0.59003,-1.11569,0.66500,0.68977,-1.02926,2.16496,-0.27397,-0.59412,-1.13686
52.300000,2615,0.67905,0.72901,-1.01739,2.19388,-0.28381,-0.59662,-1.13414,0.69007,0.74366,-1.00817,2.21082,-0.28016,-0.57069,-1.10394,0.66630,0.72634,-1.02757,2.17313,-0.26290,-0.57433,-1.12429
52.400000,2620,0.68363,0.76678,-1.01357,2.19960,-0.27275,-0.57526,-1.12040,0.69118,0.77869,-1.00854,2.21610,-0.26976,-0.55029,-1.09190,0.66774,0.76308,-1.02640,2.18036,-0.25283,-0.55416,-1.11102
52.500000,2625,0.68401,0.80263,-1.01128,2.20494,-0.25939,-0.55275,-1.10362,0.69251,0.82356,-1.00383,2.21981,-0.25964,-0.53047,-1.07845,0.66929,0.79995,-1.02573,2.18663,-0.24385,-0.53367,-1.09702
52.600000,2630,0.68401,0.83849,-1.01090,2.21104,-0.25443,-0.53368,-1.09141,0.69362,0.86118,-1.00347,2.22395,-0.25121,-0.50968,-1.06417,0.67092,0.83687,-1.02554,2.19192,-0.23609,-0.51295,-1.08226
52.700000,2635,0.68478,0.87626,-1.01090,2.21257,-0.24452,-0.51384,-1.07577,0.69516,0.89590,-1.00444,2.22728,-0.24444,-0.48865,-1.04941,0.67259,0.87376,-1.02580,2.19626,-0.22959,-0.49212,-1.06673
52.800000,2640,0.68707,0.91288,-1.01090,2.21447,-0.23422,-0.49057,-1.05860,0.69612,0.93950,-1.00331,2.22779,-0.23786,-0.46833,-1.03454,0.67426,0.91053,-1.02650,2.19960,-0.22448,-0.47128,-1.05043
52.900000,2645,0.68935,0.95294,-1.00747,2.22020,-0.23307,-0.46882,-1.04144,0.69778,0.97389,-1.00453,2.22843,-0.23407,-0.44767,-1.01797,0.67589,0.94708,-1.02757,2.20197,-0.22079,-0.45055,-1.03339
53.000000,2650,0.68974,0.98689,-1.00747,2.22020,-0.23040,-0.44670,-1.02351,0.69854,1.02102,-1.00193,2.22720,-0.23042,-0.42798,-1.00100,0.67747,0.98332,-1.02899,2.20334,-0.21860,-0.43006,-1.01562
53.100000,2655,0.69012,1.02732,-1.00747,2.22058,-0.22926,-0.42839,-1.00634,0.69990,1.05422,-1.00482,2.22573,-0.22935,-0.40782,-0.98366,0.67894,1.01915,-1.03073,2.20372,-0.21795,-0.40991,-0.99714
53.200000,2660,0.69050,1.06394,-1.00747,2.22096,-0.22697,-0.40741,-0.98574,0.70114,1.09061,-1.00619,2.22296,-0.22978,-0.38849,-0.96550,0.68029,1.05450,-1.03273,2.20310,-0.21885,-0.39025,-0.97801
53.300000,2665,0.69851,1.09866,-1.00747,2.22096,-0.22697,-0.38566,-0.96552,0.70092,1.13089,-1.00927,2.21858,-0.23058,-0.37016,-0.94795,0.68148,1.08928,-1.03502,2.20142,-0.22132,-0.37127,-0.95818
53.400000,2670,0.70080,1.13414,-1.00747,2.22058,-0.22773,-0.36735,-0.94607,0.70218,1.16924,-1.00797,2.21374,-0.23409,-0.35239,-0.92741,0.68247,1.12342,-1.03761,2.19862,-0.22535,-0.35319,-0.93765
53.500000,2675,0.70080,1.17076,-1.00747,2.22058,-0.23040,-0.34904,-0.92432,0.70282,1.19990,-1.01195,2.20829,-0.23871,-0.33493,-0.90769,0.68339,1.15685,-1.04025,2.19493,-0.23072,-0.33580,-0.91666
53.600000,2680,0.70080,1.20509,-1.00747,2.21753,-0.23422,-0.33111,-0.90640,0.70424,1.23432,-1.01287,2.20331,-0.24317,-0.31782,-0.88727,0.68499,1.18973,-1.04213,2.19108,-0.23585,-0.31858,-0.89553
53.700000,2685,0.70232,1.23828,-1.00747,2.21562,-0.23498,-0.31356,-0.88160,0.70415,1.27266,-1.01468,2.19524,-0.24972,-0.30277,-0.86736,0.68594,1.22163,-1.04455,2.18594,-0.24338,-0.30258,-0.87395
53.800000,2690,0.70423,1.27299,-1.00747,2.20570,-0.24108,-0.29754,-0.85947,0.70459,1.30594,-1.01495,2.18704,-0.25926,-0.28869,-0.84539,0.68622,1.25249,-1.04750,2.17946,-0.25331,-0.28790,-0.85197
53.900000,2695,0.70423,1.30466,-1.00747,2.19655,-0.25291,-0.28266,-0.83964,0.70398,1.34113,-1.01653,2.17743,-0.26915,-0.27548,-0.82478,0.68627,1.28236,-1.05049,2.17203,-0.26465,-0.27432,-0.82978
54.000000,2700,0.70423,1.33708,-1.00747,2.18892,-0.26435,-0.26931,-0.81408,0.70340,1.36953,-1.01998,2.16770,-0.28141,-0.26343,-0.80303,0.68608,1.31120,-1.05351,2.16366,-0.27729,-0.26189,-0.80746
54.100000,2705,0.70423,1.36722,-1.00785,2.17671,-0.27542,-0.25634,-0.79272,0.70221,1.40362,-1.02111,2.15450,-0.29463,-0.25374,-0.78253,0.68532,1.33860,-1.05682,2.15403,-0.29171,-0.25110,-0.78515
54.200000,2710,0.70385,1.39621,-1.00785,2.16450,-0.29220,-0.24986,-0.77021,0.70027,1.42994,-1.02467,2.14202,-0.31042,-0.24501,-0.76107,0.68370,1.36418,-1.06069,2.14282,-0.30829,-0.24242,-0.76302
54.300000,2715,0.70385,1.42291,-1.00976,2.15306,-0.31051,-0.23765,-0.74923,0.69879,1.45980,-1.02671,2.12887,-0.32497,-0.23672,-0.74054,0.68272,1.38956,-1.06377,2.13157,-0.32442,-0.23395,-0.74078
54.400000,2720,0.70385,1.45076,-1.01052,2.14009,-0.32272,-0.22964,-0.72786,0.69756,1.48528,-1.02921,2.11567,-0.34139,-0.22949,-0.71869,0.68178,1.41405,-1.06661,2.11970,-0.34104,-0.22646,-0.71865
54.500000,2725,0.70347,1.47708,-1.01510,2.12597,-0.34179,-0.22430,-0.70231,0.69608,1.51106,-1.03135,2.10040,-0.35760,-0.22376,-0.69805,0.68067,1.43740,-1.06940,2.10700,-0.35840,-0.22027,-0.69673
54.600000,2730,0.70347,1.50112,-1.01700,2.11186,-0.35934,-0.21591,-0.68399,0.69452,1.53635,-1.03325,2.08577,-0.37482,-0.21917,-0.67740,0.67943,1.45956,-1.07218,2.09344,-0.37639,-0.21542,-0.67506
54.700000,2735,0.70347,1.52515,-1.01739,2.09622,-0.37574,-0.21095,-0.66034,0.69274,1.55706,-1.03687,2.06984,-0.39246,-0.21584,-0.65711,0.67805,1.48052,-1.07495,2.07900,-0.39490,-0.21193,-0.65366
54.800000,2740,0.70309,1.54727,-1.02349,2.08096,-0.39558,-0.20828,-0.63936,0.69089,1.58221,-1.03738,2.05282,-0.41055,-0.21406,-0.63661,0.67657,1.50032,-1.07768,2.06377,-0.41384,-0.20969,-0.63263
54.900000,2745,0.70309,1.56673,-1.02387,2.06417,-0.41618,-0.20751,-0.62105,0.68879,1.60704,-1.03815,2.03511,-0.42866,-0.21352,-0.61688,0.67500,1.51898,-1.08035,2.04778,-0.43310,-0.20867,-0.61198
55.000000,2750,0.70309,1.58809,-1.02807,2.04586,-0.43525,-0.20713,-0.59854,0.68706,1.62587,-1.04092,2.01624,-0.44717,-0.21409,-0.59835,0.67337,1.53642,-1.08301,2.03095,-0.45257,-0.20891,-0.59173
55.100000,2755,0.70042,1.60488,-1.03036,2.02717,-0.45318,-0.20789,-0.57718,0.68484,1.64287,-1.04417,1.99721,-0.46597,-0.21559,-0.57934,0.67169,1.55265,-1.08564,2.01329,-0.47215,-0.21037,-0.57191
55.200000,2760,0.70004,1.62510,-1.03417,2.00886,-0.47416,-0.20866,-0.55887,0.68315,1.65490,-1.04798,1.97817,-0.48550,-0.21804,-0.56030,0.66998,1.56772,-1.08822,1.99486,-0.49177,-0.21296,-0.55255
55.300000,2765,0.69775,1.63921,-1.03493,1.98826,-0.49400,-0.20942,-0.53980,0.68079,1.67706,-1.04797,1.95662,-0.50345,-0.22221,-0.54271,0.66826,1.58167,-1.09074,1.97569,-0.51134,-0.21661,-0.53364
55.400000,2770,0.69775,1.65752,-1.03493,1.97033,-0.51231,-0.21324,-0.52110,0.67929,1.68753,-1.05158,1.93614,-0.52272,-0.22673,-0.52505,0.66654,1.59449,-1.09319,1.95579,-0.53077,-0.22129,-0.51520
55.500000,2775,0.69698,1.66973,-1.04180,1.94782,-0.52948,-0.21705,-0.50356,0.67711,1.70448,-1.05189,1.91421,-0.54103,-0.23286,-0.50723,0.66485,1.60621,-1.09556,1.93516,-0.55001,-0.22696,-0.49721
55.600000,2780,0.69393,1.68232,-1.04333,1.92608,-0.55122,-0.22468,-0.48715,0.67524,1.71982,-1.05264,1.89198,-0.55920,-0.23952,-0.49032,0.66320,1.61687,-1.09785,1.91383,-0.56897,-0.23355,-0.47966
55.700000,2785,0.69126,1.69452,-1.04409,1.90434,-0.57182,-0.23193,-0.46694,0.67353,1.72798,-1.05652,1.86819,-0.57698,-0.24700,-0.47476,0.66161,1.62644,-1.10006,1.89178,-0.58759,-0.24105,-0.46253
55.800000,2790,0.68707,1.70482,-1.04752,1.88068,-0.58746,-0.23918,-0.45206,0.67218,1.74203,-1.05498,1.84463,-0.59465,-0.25560,-0.45754,0.66009,1.63498,-1.10218,1.86903,-0.60583,-0.24938,-0.44580
55.900000,2795,0.68630,1.71627,-1.04905,1.85665,-0.60692,-0.24795,-0.43794,0.67006,1.75065,-1.05902,1.82050,-0.61184,-0.26474,-0.44246,0.65866,1.64248,-1.10421,1.84557,-0.62362,-0.25853,-0.42944
56.000000,2800,0.68592,1.72199,-1.04943,1.83338,-0.62561,-0.26016,-0.41849,0.66850,1.75837,-1.06101,1.79510,-0.62837,-0.27456,-0.42711,0.65733,1.64899,-1.10613,1.82139,-0.64095,-0.26845,-0.41340
56.100000,2805,0.68592,1.73191,-1.05286,1.80820,-0.64049,-0.26931,-0.40552,0.66732,1.76659,-1.06157,1.76998,-0.64489,-0.28536,-0.41136,0.65612,1.65451,-1.10795,1.79648,-0.65778,-0.27909,-0.39762
56.200000,2810,0.68363,1.73343,-1.05439,1.78112,-0.65880,-0.28228,-0.39026,0.66593,1.77472,-1.06250,1.74315,-0.66028,-0.29666,-0.39659,0.65504,1.65906,-1.10966,1.77079,-0.67411,-0.29045,-0.38206
56.300000,2815,0.68363,1.74373,-1.05439,1.75785,-0.67749,-0.29258,-0.37271,0.66490,1.77491,-1.06722,1.71567,-0.67558,-0.30851,-0.38257,0.65411,1.66255,-1.11126,1.74423,-0.68992,-0.30249,-0.36666
56.400000,2820,0.68287,1.74907,-1.05477,1.72619,-0.68779,-0.30517,-0.35860,0.66387,1.78196,-1.06565,1.68781,-0.69028,-0.32147,-0.36664,0.65328,1.66387,-1.11272,1.71635,-0.70489,-0.31516,-0.35153
56.500000,2825,0.68172,1.74907,-1.05477,1.69948,-0.70686,-0.31852,-0.34296,0.66350,1.78727,-1.06413,1.65778,-0.70441,-0.33499,-0.35107,0.65269,1.66474,-1.11404,1.68757,-0.71959,-0.32852,-0.33622
56.600000,2830,0.68096,1.74946,-1.05477,1.66973,-0.71869,-0.33416,-0.33113,0.66283,1.78929,-1.06710,1.62801,-0.71836,-0.34882,-0.33675,0.65241,1.66611,-1.11529,1.65802,-0.73434,-0.34277,-0.32052
56.700000,2835,0.68096,1.75747,-1.05744,1.63997,-0.73548,-0.34790,-0.31206,0.66281,1.78306,-1.07177,1.59680,-0.73260,-0.36323,-0.32164,0.65224,1.66570,-1.11659,1.62698,-0.74848,-0.35794,-0.30502
56.800000,2840,0.68096,1.76052,-1.06126,1.60755,-0.74845,-0.36163,-0.29794,0.66189,1.80190,-1.06248,1.57321,-0.73983,-0.36985,-0.30575,0.65191,1.66848,-1.11315,1.60187,-0.75970,-0.36848,-0.28877
56.900000,2845,0.68058,1.76967,-1.06126,1.59381,-0.75608,-0.36468,-0.28268,0.65946,1.81597,-1.04113,1.57736,-0.73630,-0.35287,-0.28970,0.64903,1.68256,-1.09035,1.60438,-0.75857,-0.35706,-0.27192
57.000000,2850,0.68020,1.78341,-1.05515,1.59534,-0.75531,-0.35247,-0.26742,0.65534,1.83339,-1.01228,1.58712,-0.73071,-0.33432,-0.27320,0.64518,1.69954,-1.06148,1.61521,-0.75352,-0.33881,-0.25500
57.100000,2855,0.66990,1.80210,-1.03226,1.60564,-0.75188,-0.33302,-0.24911,0.65082,1.84546,-0.98758,1.59810,-0.72519,-0.31525,-0.25746,0.64132,1.71657,-1.03252,1.62614,-0.74842,-0.32046,-0.23806
57.200000,2860,0.66952,1.81507,-1.00022,1.61861,-0.74463,-0.31623,-0.23538,0.65034,1.84213,-0.97172,1.61977,-0.71958,-0.29594,-0.25074,0.63917,1.72824,-1.01188,1.64266,-0.74098,-0.30220,-0.23085
57.300000,2865,0.66990,1.81469,-0.98687,1.64455,-0.73471,-0.29754,-0.23538,0.65406,1.83445,-0.97085,1.65044,-0.70824,-0.27798,-0.26527,0.64134,1.73029,-1.00914,1.67223,-0.72866,-0.28398,-0.24416
57.400000,2870,0.66990,1.81240,-0.98687,1.68079,-0.72594,-0.27923,-0.24301,0.65752,1.82933,-0.97109,1.68380,-0.69563,-0.26056,-0.27996,0.64463,1.73059,-1.00923,1.70327,-0.71502,-0.26627,-0.26043
57.500000,2875,0.67028,1.81202,-0.98687,1.71055,-0.70877,-0.26054,-0.25979,0.66121,1.82018,-0.97372,1.71485,-0.68200,-0.24370,-0.29591,0.64813,1.72906,-1.00948,1.73291,-0.70041,-0.24940,-0.27691
57.600000,2880,0.67066,1.81202,-0.98687,1.74068,-0.69809,-0.24375,-0.28039,0.66523,1.81756,-0.97309,1.74242,-0.66686,-0.22799,-0.31241,0.65190,1.72686,-1.00963,1.76153,-0.68514,-0.23328,-0.29320
57.700000,2885,0.67333,1.80935,-0.98687,1.76891,-0.67825,-0.22735,-0.29527,0.66925,1.81299,-0.97322,1.77232,-0.65176,-0.21256,-0.32717,0.65609,1.72544,-1.00930,1.78970,-0.66960,-0.21762,-0.30888
57.800000,2890,0.67600,1.80591,-0.98687,1.79676,-0.66032,-0.20942,-0.31053,0.67380,1.80386,-0.97449,1.79999,-0.63619,-0.19776,-0.34249,0.66049,1.72229,-1.00896,1.81675,-0.65300,-0.20262,-0.32482
57.900000,2895,0.68478,1.80057,-0.98687,1.82384,-0.64697,-0.19836,-0.32999,0.67859,1.79382,-0.97465,1.82777,-0.61909,-0.18348,-0.35796,0.66505,1.71727,-1.00868,1.84271,-0.63527,-0.18837,-0.34121
58.000000,2900,0.68668,1.79218,-0.98687,1.84978,-0.62637,-0.18119,-0.34563,0.68391,1.78170,-0.97492,1.85382,-0.60121,-0.17018,-0.37415,0.66981,1.71118,-1.00832,1.86791,-0.61666,-0.17485,-0.35793
58.100000,2905,0.68974,1.78608,-0.98687,1.87572,-0.60501,-0.16860,-0.36317,0.68874,1.77046,-0.97562,1.87987,-0.58265,-0.15764,-0.39036,0.67475,1.70403,-1.00791,1.89239,-0.59718,-0.16210,-0.37508
58.200000,2910,0.69317,1.77273,-0.98687,1.89976,-0.58632,-0.15373,-0.37996,0.69409,1.75750,-0.97570,1.90476,-0.56315,-0.14596,-0.40713,0.67985,1.69580,-1.00744,1.91615,-0.57687,-0.15018,-0.39274
58.300000,2915,0.70156,1.75937,-0.98687,1.92455,-0.56724,-0.14533,-0.39941,0.69974,1.74287,-0.97646,1.92864,-0.54289,-0.13512,-0.42517,0.68508,1.68644,-1.00692,1.93921,-0.55579,-0.13916,-0.41096
58.400000,2920,0.70614,1.74602,-0.98687,1.94820,-0.54359,-0.13122,-0.41734,0.70539,1.72686,-0.97618,1.95312,-0.52215,-0.12524,-0.44254,0.69042,1.67596,-1.00637,1.96157,-0.53400,-0.12910,-0.42983
58.500000,2925,0.71262,1.73229,-0.98687,1.97109,-0.52223,-0.12244,-0.43642,0.71110,1.71557,-0.97443,1.97548,-0.50032,-0.11682,-0.46178,0.69583,1.66426,-1.00580,1.98317,-0.51159,-0.12011,-0.44939
58.600000,2930,0.71796,1.71283,-0.98687,1.99284,-0.49934,-0.11367,-0.45702,0.71696,1.69460,-0.97600,1.99767,-0.47861,-0.10930,-0.48152,0.70124,1.65115,-1.00525,2.00392,-0.48863,-0.11235,-0.46972
58.700000,2935,0.72178,1.69872,-0.98687,2.01458,-0.47493,-0.10337,-0.47609,0.72255,1.67676,-0.97636,2.02011,-0.45659,-0.10306,-0.50147,0.70667,1.63678,-1.00475,2.02390,-0.46524,-0.10585,-0.49083
58.800000,2940,0.72674,1.67583,-0.98687,2.03289,-0.45242,-0.09727,-0.50012,0.72800,1.65746,-0.97632,2.04073,-0.43353,-0.09830,-0.52233,0.71213,1.62126,-1.00428,2.04320,-0.44153,-0.10063,-0.51272
58.900000,2945,0.73399,1.65676,-0.98687,2.05387,-0.42991,-0.09498,-0.52187,0.73406,1.62995,-0.97891,2.06152,-0.41118,-0.09438,-0.54404,0.71758,1.60455,-1.00381,2.06180,-0.41760,-0.09677,-0.53539
59.000000,2950,0.73818,1.63425,-0.98687,2.07295,-0.40779,-0.09078,-0.54552,0.74027,1.61084,-0.97760,2.08080,-0.38757,-0.09141,-0.56621,0.72339,1.58712,-1.00290,2.07986,-0.39319,-0.09365,-0.55840
59.100000,2955,0.74314,1.61251,-0.98687,2.09317,-0.38223,-0.08582,-0.56726,0.74768,1.58251,-0.97830,2.09985,-0.36411,-0.08858,-0.58821,0.72994,1.56943,-1.00113,2.09752,-0.36802,-0.09064,-0.58131
59.200000,2960,0.75382,1.58924,-0.98687,2.10957,-0.35934,-0.08430,-0.59320,0.75367,1.56346,-0.97520,2.11836,-0.34113,-0.08962,-0.61115,0.73549,1.54949,-1.00025,2.11399,-0.34374,-0.09071,-0.60582
59.300000,2965,0.75459,1.56330,-0.98687,2.12826,-0.33416,-0.08353,-0.61571,0.75938,1.53145,-0.97780,2.13612,-0.31919,-0.09171,-0.63551,0.74069,1.52812,-0.99950,2.12959,-0.31994,-0.09269,-0.63116
59.400000,2970,0.76107,1.53774,-0.98687,2.14276,-0.31013,-0.08430,-0.64165,0.76434,1.50439,-0.97900,2.15255,-0.29689,-0.09595,-0.66085,0.74568,1.50548,-0.99870,2.14437,-0.29662,-0.09636,-0.65709
59.500000,2975,0.76718,1.51142,-0.98687,2.15916,-0.28724,-0.08887,-0.66835,0.77037,1.47333,-0.97801,2.16883,-0.27651,-0.10155,-0.68528,0.75042,1.48162,-0.99784,2.15833,-0.27395,-0.10172,-0.68354
59.600000,2980,0.76794,1.48090,-0.98687,2.17442,-0.26473,-0.09574,-0.69506,0.77501,1.44449,-0.97792,2.18383,-0.25596,-0.10891,-0.71092,0.75488,1.45650,-0.99692,2.17143,-0.25211,-0.10881,-0.71043
59.700000,2985,0.77328,1.45305,-0.98687,2.18815,-0.24642,-0.10413,-0.72252,0.77953,1.41263,-0.97863,2.19812,-0.23656,-0.11818,-0.73710,0.75903,1.43015,-0.99592,2.18368,-0.23124,-0.11760,-0.73768
59.800000,2990,0.77328,1.42177,-0.98687,2.20074,-0.22849,-0.11176,-0.75037,0.78424,1.37807,-0.97900,2.21126,-0.21875,-0.12907,-0.76354,0.76286,1.40256,-0.99486,2.19504,-0.21155,-0.12810,-0.76520
59.900000,2995,0.78282,1.39087,-0.98687,2.21333,-0.20675,-0.12550,-0.77555,0.78826,1.34206,-0.98091,2.22350,-0.20213,-0.14149,-0.79066,0.76635,1.37376,-0.99376,2.20549,-0.19317,-0.14030,-0.79288
