t,idx,q1,q2,q3,q4,q5,q6,q7,cmd1,cmd2,cmd3,cmd4,cmd5,cmd6,cmd7,qref1,qref2,qref3,qref4,qref5,qref6,qref7,ff1,ff2,ff3,ff4,ff5,ff6,ff7
0.000000,0,0.00194,0.00268,0.00001,0.07936,0.00039,0.00001,0.00037,0.00160,0.00310,-0.00458,0.09732,-0.00416,-0.00253,-0.00243,0.00160,0.00310,-0.00458,0.08181,-0.00416,-0.00253,-0.00243,0.000,0.000,-0.000,0.000,-0.000,-0.000,0.000
0.100000,5,0.00194,0.00268,-0.00114,0.08889,-0.00152,-0.00228,-0.00001,-0.00048,0.00019,-0.00200,0.09732,-0.00094,-0.00670,0.00104,0.00181,0.00350,-0.00517,0.08206,-0.00471,-0.00286,-0.00275,0.026,0.015,-0.005,0.032,-0.005,-0.009,0.002
0.200000,10,0.00194,0.00268,-0.00114,0.09194,-0.00152,-0.00648,0.00037,-0.00317,-0.00241,0.00196,0.09732,0.00181,-0.01118,0.00441,0.00218,0.00423,-0.00624,0.08251,-0.00568,-0.00345,-0.00332,0.055,0.036,-0.016,0.067,-0.016,-0.022,0.000
0.300000,15,-0.00074,0.00230,-0.00075,0.09194,-0.00114,-0.01411,0.00075,-0.00524,-0.00443,0.00442,0.09732,0.00380,-0.01611,0.00726,0.00285,0.00552,-0.00816,0.08333,-0.00742,-0.00451,-0.00434,0.095,0.074,-0.047,0.113,-0.046,-0.047,-0.013
0.400000,20,-0.00074,0.00230,-0.00075,0.09194,-0.00114,-0.02135,0.00266,-0.00673,-0.00544,0.00458,0.09732,0.00446,-0.02186,0.00932,0.00404,0.00783,-0.01157,0.08477,-0.01052,-0.00639,-0.00615,0.146,0.128,-0.086,0.169,-0.084,-0.081,-0.033
0.500000,25,-0.00074,0.00230,-0.00114,0.09385,-0.00228,-0.02898,0.00381,-0.00748,-0.00507,0.00142,0.09732,0.00331,-0.02873,0.01029,0.00594,0.01152,-0.01701,0.08708,-0.01548,-0.00939,-0.00904,0.218,0.209,-0.135,0.243,-0.134,-0.130,-0.068
0.600000,30,-0.00074,0.00268,-0.00762,0.09500,-0.00304,-0.03699,0.00342,-0.00743,-0.00324,-0.00588,0.09732,0.00025,-0.03680,0.01012,0.00859,0.01666,-0.02461,0.09030,-0.02239,-0.01359,-0.01308,0.306,0.303,-0.176,0.327,-0.178,-0.181,-0.103
0.700000,35,-0.00035,0.00268,-0.01945,0.09652,-0.00762,-0.04882,0.00342,-0.00672,-0.00030,-0.01833,0.09732,-0.00428,-0.04577,0.00907,0.01182,0.02292,-0.03385,0.09423,-0.03080,-0.01870,-0.01800,0.406,0.411,-0.212,0.415,-0.217,-0.230,-0.133
0.800000,40,-0.00035,0.00306,-0.03547,0.09767,-0.01983,-0.05950,0.00266,-0.00531,0.00349,-0.04178,0.09732,-0.00985,-0.05543,0.00736,0.01549,0.03002,-0.04435,0.09868,-0.04035,-0.02449,-0.02358,0.521,0.536,-0.245,0.509,-0.254,-0.277,-0.161
0.900000,45,0.00003,0.00497,-0.06332,0.09843,-0.02593,-0.07133,0.00037,-0.00236,0.00789,-0.08592,0.09732,-0.01598,-0.06560,0.00517,0.01947,0.03774,-0.05576,0.10352,-0.05072,-0.03079,-0.02964,0.650,0.678,-0.276,0.609,-0.290,-0.325,-0.185
1.000000,50,0.00155,0.01603,-0.10413,0.09881,-0.02975,-0.08315,-0.00001,0.00218,0.01269,-0.11706,0.09732,-0.02296,-0.07609,0.00266,0.02365,0.04586,-0.06774,0.10860,-0.06163,-0.03741,-0.03601,0.792,0.837,-0.304,0.713,-0.325,-0.371,-0.207
1.100000,55,0.00689,0.02328,-0.13503,0.10072,-0.03738,-0.09574,-0.00154,0.00847,0.01771,-0.13601,0.09732,-0.03029,-0.08676,-0.00002,0.02796,0.05420,-0.08006,0.11382,-0.07283,-0.04421,-0.04256,0.860,0.921,-0.301,0.747,-0.327,-0.380,-0.207
1.200000,60,0.01376,0.02786,-0.15716,0.10224,-0.05149,-0.10680,-0.00459,0.03297,0.02284,-0.15554,0.09732,-0.03778,-0.09752,-0.00279,0.03231,0.06264,-0.09254,0.11912,-0.08419,-0.05111,-0.04920,0.928,1.005,-0.297,0.780,-0.329,-0.388,-0.205
1.300000,65,0.04466,0.03434,-0.17852,0.10186,-0.05569,-0.11634,-0.00764,0.07046,0.02802,-0.17802,0.09732,-0.04533,-0.10831,-0.00559,0.03670,0.07114,-0.10509,0.12444,-0.09560,-0.05804,-0.05587,0.995,1.088,-0.292,0.811,-0.330,-0.396,-0.203
1.400000,70,0.08128,0.03663,-0.19912,0.10377,-0.05950,-0.12817,-0.01184,0.07931,0.03321,-0.19698,0.09732,-0.05289,-0.11912,-0.00841,0.04108,0.07965,-0.11766,0.12977,-0.10704,-0.06498,-0.06255,1.062,1.170,-0.287,0.841,-0.331,-0.403,-0.201
1.500000,75,0.08510,0.04159,-0.21858,0.10453,-0.07247,-0.13732,-0.01336,0.08648,0.03840,-0.21544,0.09732,-0.06046,-0.12993,-0.01122,0.04547,0.08816,-0.13023,0.13510,-0.11847,-0.07192,-0.06923,1.129,1.252,-0.281,0.869,-0.332,-0.410,-0.199
1.600000,80,0.08967,0.05265,-0.23612,0.10492,-0.07896,-0.14915,-0.01985,0.09088,0.04691,-0.22817,0.09732,-0.07189,-0.13687,-0.01790,0.04986,0.09666,-0.14279,0.14043,-0.12990,-0.07886,-0.07591,1.195,1.332,-0.274,0.897,-0.333,-0.417,-0.197
1.700000,85,0.09158,0.05876,-0.24986,0.10492,-0.08659,-0.15601,-0.02442,0.09529,0.05541,-0.24071,0.09732,-0.08331,-0.14380,-0.02457,0.05424,0.10516,-0.15534,0.14576,-0.14132,-0.08579,-0.08259,1.261,1.412,-0.267,0.924,-0.333,-0.425,-0.196
1.800000,90,0.09387,0.06944,-0.26245,0.10492,-0.10261,-0.16097,-0.03091,0.09969,0.06391,-0.25349,0.09795,-0.09473,-0.15074,-0.03125,0.05863,0.11366,-0.16790,0.15108,-0.15274,-0.09273,-0.08926,1.327,1.491,-0.260,0.950,-0.334,-0.432,-0.194
1.900000,95,0.10303,0.07554,-0.27427,0.10530,-0.11062,-0.16860,-0.03892,0.10408,0.07241,-0.26600,0.10327,-0.10616,-0.15767,-0.03793,0.06301,0.12216,-0.18046,0.15641,-0.16417,-0.09966,-0.09594,1.393,1.570,-0.253,0.975,-0.335,-0.439,-0.193
2.000000,100,0.10799,0.08660,-0.28648,0.10873,-0.12435,-0.17738,-0.04617,0.10848,0.08092,-0.27882,0.10860,-0.11759,-0.16461,-0.04461,0.06740,0.13067,-0.19302,0.16174,-0.17560,-0.10660,-0.10262,1.459,1.647,-0.244,0.999,-0.336,-0.446,-0.192
2.100000,105,0.10875,0.09385,-0.29907,0.11369,-0.13427,-0.18272,-0.05342,0.11289,0.08943,-0.29162,0.11394,-0.12903,-0.17156,-0.05129,0.07179,0.13918,-0.20560,0.16707,-0.18704,-0.11355,-0.10930,1.524,1.724,-0.236,1.022,-0.337,-0.454,-0.192
2.200000,110,0.11447,0.10377,-0.31127,0.11865,-0.14533,-0.18844,-0.05761,0.11729,0.09795,-0.30409,0.11927,-0.14048,-0.17851,-0.05798,0.07619,0.14770,-0.21818,0.17241,-0.19849,-0.12050,-0.11599,1.589,1.800,-0.227,1.045,-0.337,-0.461,-0.191
2.300000,115,0.12248,0.11102,-0.32348,0.12513,-0.15792,-0.19531,-0.06410,0.12171,0.10647,-0.31689,0.12462,-0.15194,-0.18547,-0.06468,0.08059,0.15623,-0.23078,0.17775,-0.20995,-0.12745,-0.12269,1.654,1.875,-0.217,1.066,-0.338,-0.468,-0.191
2.400000,120,0.12477,0.12056,-0.33645,0.13009,-0.16517,-0.20446,-0.07096,0.12613,0.11501,-0.32975,0.12997,-0.16342,-0.19243,-0.07139,0.08499,0.16477,-0.24340,0.18310,-0.22143,-0.13442,-0.12940,1.718,1.950,-0.207,1.087,-0.339,-0.476,-0.191
2.500000,125,0.12744,0.12819,-0.34942,0.13581,-0.18195,-0.21057,-0.07821,0.13057,0.12357,-0.34247,0.13533,-0.17491,-0.19941,-0.07810,0.08940,0.17332,-0.25603,0.18846,-0.23292,-0.14140,-0.13611,1.782,2.024,-0.197,1.106,-0.339,-0.483,-0.192
2.600000,130,0.13583,0.13887,-0.36163,0.14154,-0.19035,-0.21629,-0.08432,0.13497,0.13214,-0.35521,0.14070,-0.18643,-0.20640,-0.08483,0.09382,0.18189,-0.26869,0.19383,-0.24444,-0.14839,-0.14284,1.846,2.097,-0.186,1.125,-0.340,-0.490,-0.192
2.700000,135,0.14079,0.14726,-0.37422,0.14726,-0.20294,-0.22354,-0.09118,0.13942,0.14072,-0.36805,0.14607,-0.19796,-0.21341,-0.09158,0.09825,0.19048,-0.28137,0.19921,-0.25598,-0.15540,-0.14959,1.910,2.170,-0.175,1.142,-0.340,-0.497,-0.193
2.800000,140,0.14156,0.15527,-0.38719,0.15260,-0.21285,-0.23155,-0.10224,0.14388,0.14933,-0.38089,0.15147,-0.20953,-0.22043,-0.09833,0.10269,0.19908,-0.29408,0.20460,-0.26754,-0.16242,-0.15635,1.973,2.242,-0.163,1.159,-0.341,-0.504,-0.194
2.900000,145,0.14690,0.16404,-0.39978,0.15794,-0.22163,-0.23803,-0.10644,0.14834,0.15796,-0.39368,0.15687,-0.22112,-0.22747,-0.10511,0.10714,0.20771,-0.30683,0.21001,-0.27914,-0.16946,-0.16312,2.036,2.313,-0.151,1.175,-0.341,-0.511,-0.196
3.000000,150,0.15529,0.17244,-0.41237,0.16366,-0.23689,-0.24337,-0.11293,0.15282,0.16661,-0.40664,0.16229,-0.23275,-0.23453,-0.11190,0.11160,0.21636,-0.31961,0.21543,-0.29076,-0.17651,-0.16992,2.099,2.383,-0.138,1.190,-0.341,-0.518,-0.197
3.100000,155,0.15605,0.18274,-0.42495,0.16862,-0.24566,-0.25100,-0.11789,0.15728,0.17529,-0.41962,0.16773,-0.24442,-0.24161,-0.11872,0.11608,0.22504,-0.33243,0.22087,-0.30243,-0.18359,-0.17673,2.161,2.453,-0.125,1.204,-0.342,-0.525,-0.199
3.200000,160,0.16101,0.18922,-0.43716,0.17358,-0.26168,-0.25939,-0.12704,0.16183,0.18400,-0.43264,0.17319,-0.25612,-0.24871,-0.12556,0.12057,0.23375,-0.34530,0.22632,-0.31413,-0.19070,-0.18357,2.223,2.522,-0.111,1.216,-0.342,-0.532,-0.201
3.300000,165,0.16940,0.19952,-0.45013,0.18007,-0.26931,-0.26473,-0.13238,0.16631,0.19274,-0.44558,0.17866,-0.26786,-0.25584,-0.13242,0.12508,0.24249,-0.35821,0.23180,-0.32588,-0.19783,-0.19043,2.285,2.591,-0.097,1.228,-0.342,-0.539,-0.204
3.400000,170,0.17207,0.20601,-0.46348,0.18541,-0.28572,-0.27198,-0.13734,0.17086,0.20151,-0.45861,0.18416,-0.27965,-0.26300,-0.13931,0.12961,0.25126,-0.37117,0.23730,-0.33767,-0.20499,-0.19733,2.346,2.659,-0.082,1.239,-0.342,-0.545,-0.206
3.500000,175,0.17436,0.21669,-0.47569,0.19037,-0.29296,-0.28114,-0.14764,0.17542,0.21032,-0.47185,0.18968,-0.29150,-0.27019,-0.14623,0.13415,0.26007,-0.38418,0.24282,-0.34951,-0.21218,-0.20424,2.407,2.726,-0.067,1.249,-0.341,-0.552,-0.209
3.600000,180,0.18085,0.22508,-0.48904,0.19571,-0.30517,-0.28724,-0.15527,0.17999,0.21917,-0.48497,0.19523,-0.30339,-0.27741,-0.15318,0.13872,0.26893,-0.39726,0.24836,-0.36140,-0.21940,-0.21120,2.467,2.792,-0.051,1.259,-0.341,-0.558,-0.212
3.700000,185,0.18886,0.23538,-0.50201,0.20257,-0.31814,-0.29258,-0.16099,0.18459,0.22807,-0.49831,0.20080,-0.31534,-0.28466,-0.16017,0.14331,0.27782,-0.41040,0.25394,-0.37335,-0.22665,-0.21818,2.528,2.858,-0.035,1.267,-0.341,-0.565,-0.216
3.800000,190,0.18886,0.24186,-0.51460,0.20715,-0.32882,-0.29983,-0.16633,0.18921,0.23701,-0.51154,0.20640,-0.32736,-0.29196,-0.16719,0.14792,0.28676,-0.42360,0.25954,-0.38537,-0.23395,-0.22520,2.587,2.924,-0.018,1.274,-0.340,-0.571,-0.219
3.900000,195,0.19420,0.25255,-0.52795,0.21364,-0.34217,-0.30975,-0.17473,0.19385,0.24600,-0.52500,0.21203,-0.33944,-0.29929,-0.17425,0.15255,0.29575,-0.43688,0.26517,-0.39745,-0.24128,-0.23226,2.647,2.988,-0.001,1.280,-0.340,-0.577,-0.223
4.000000,200,0.20221,0.26056,-0.54130,0.21974,-0.34942,-0.31547,-0.18159,0.19852,0.25504,-0.53840,0.21770,-0.35159,-0.30667,-0.18135,0.15722,0.30479,-0.45024,0.27084,-0.40960,-0.24866,-0.23936,2.706,3.052,0.017,1.285,-0.339,-0.583,-0.227
4.100000,205,0.20564,0.27009,-0.55389,0.22584,-0.36659,-0.32196,-0.18846,0.20322,0.26413,-0.55201,0.22340,-0.36381,-0.31409,-0.18849,0.16191,0.31389,-0.46368,0.27654,-0.42183,-0.25608,-0.24651,2.764,3.116,0.035,1.289,-0.338,-0.589,-0.232
4.200000,210,0.20717,0.28001,-0.56877,0.23118,-0.37498,-0.33149,-0.19609,0.20796,0.27329,-0.56567,0.22914,-0.37612,-0.32156,-0.19569,0.16663,0.32305,-0.47720,0.28227,-0.43413,-0.26355,-0.25370,2.822,3.179,0.054,1.292,-0.337,-0.595,-0.236
4.300000,215,0.21442,0.28840,-0.58250,0.23652,-0.39138,-0.33798,-0.20410,0.21273,0.28251,-0.57948,0.23492,-0.38851,-0.32908,-0.20293,0.17139,0.33227,-0.49083,0.28805,-0.44653,-0.27107,-0.26094,2.880,3.242,0.073,1.294,-0.336,-0.601,-0.241
4.400000,220,0.22205,0.29794,-0.59624,0.24263,-0.40054,-0.34408,-0.21097,0.21751,0.29180,-0.59319,0.24074,-0.40100,-0.33666,-0.21022,0.17618,0.34156,-0.50455,0.29387,-0.45901,-0.27865,-0.26824,2.937,3.303,0.093,1.295,-0.335,-0.606,-0.246
4.500000,225,0.22472,0.30672,-0.60959,0.24835,-0.41732,-0.35171,-0.21821,0.22236,0.30117,-0.60714,0.24660,-0.41358,-0.34430,-0.21758,0.18101,0.35092,-0.51838,0.29974,-0.47159,-0.28629,-0.27559,2.994,3.365,0.113,1.295,-0.334,-0.612,-0.251
4.600000,230,0.22701,0.31740,-0.62370,0.25407,-0.42648,-0.36049,-0.22584,0.22723,0.31060,-0.62123,0.25252,-0.42626,-0.35200,-0.22499,0.18588,0.36036,-0.53232,0.30565,-0.48428,-0.29399,-0.28300,3.051,3.426,0.134,1.294,-0.332,-0.617,-0.257
4.700000,235,0.23616,0.32503,-0.63705,0.26056,-0.44288,-0.36773,-0.23424,0.23216,0.32013,-0.63533,0.25848,-0.43906,-0.35977,-0.23247,0.19079,0.36988,-0.54639,0.31162,-0.49707,-0.30176,-0.29048,3.107,3.486,0.155,1.292,-0.331,-0.622,-0.263
4.800000,240,0.24112,0.33609,-0.65117,0.26552,-0.45242,-0.37422,-0.24034,0.23711,0.32973,-0.64973,0.26450,-0.45197,-0.36761,-0.24001,0.19575,0.37949,-0.56058,0.31764,-0.50998,-0.30960,-0.29802,3.162,3.546,0.177,1.288,-0.329,-0.627,-0.269
4.900000,245,0.24188,0.34448,-0.66528,0.27200,-0.46768,-0.38414,-0.24759,0.24213,0.33943,-0.66412,0.27058,-0.46501,-0.37552,-0.24763,0.20075,0.38919,-0.57491,0.32372,-0.52302,-0.31751,-0.30564,3.217,3.605,0.199,1.284,-0.327,-0.631,-0.275
5.000000,250,0.24989,0.35554,-0.67978,0.27810,-0.47760,-0.39177,-0.25636,0.24720,0.34923,-0.67885,0.27672,-0.47818,-0.38352,-0.25533,0.20581,0.39899,-0.58939,0.32986,-0.53619,-0.32550,-0.31334,3.271,3.664,0.222,1.278,-0.325,-0.636,-0.282
5.100000,255,0.25752,0.36623,-0.69466,0.28573,-0.49286,-0.39863,-0.26666,0.25232,0.35914,-0.69359,0.28293,-0.49149,-0.39160,-0.26311,0.21092,0.40889,-0.60402,0.33606,-0.54950,-0.33359,-0.32112,3.325,3.723,0.245,1.272,-0.323,-0.640,-0.288
5.200000,260,0.25829,0.37462,-0.70915,0.29146,-0.50506,-0.40741,-0.27315,0.25750,0.36916,-0.70847,0.28920,-0.50495,-0.39977,-0.27097,0.21608,0.41891,-0.61882,0.34234,-0.56297,-0.34176,-0.32899,3.378,3.781,0.269,1.264,-0.320,-0.644,-0.295
5.300000,265,0.26515,0.38530,-0.72403,0.29680,-0.52070,-0.41694,-0.28306,0.26273,0.37930,-0.72359,0.29556,-0.51858,-0.40804,-0.27893,0.22131,0.42905,-0.63379,0.34869,-0.57659,-0.35003,-0.33695,3.431,3.839,0.294,1.255,-0.318,-0.648,-0.303
5.400000,270,0.27431,0.39522,-0.73929,0.30519,-0.53024,-0.42343,-0.28955,0.26802,0.38956,-0.73880,0.30199,-0.53237,-0.41642,-0.28700,0.22661,0.43931,-0.64896,0.35512,-0.59039,-0.35841,-0.34501,3.483,3.896,0.319,1.245,-0.315,-0.652,-0.310
5.500000,275,0.27469,0.40704,-0.75455,0.31053,-0.54970,-0.43220,-0.29603,0.27340,0.39996,-0.75432,0.30851,-0.54635,-0.42490,-0.29517,0.23197,0.44972,-0.66433,0.36164,-0.60437,-0.36689,-0.35318,3.535,3.953,0.344,1.233,-0.312,-0.655,-0.318
5.600000,280,0.28346,0.41696,-0.76981,0.31663,-0.55885,-0.44136,-0.30557,0.27886,0.41051,-0.77005,0.31512,-0.56053,-0.43351,-0.30345,0.23742,0.46027,-0.67991,0.36825,-0.61854,-0.37550,-0.36146,3.585,4.010,0.370,1.221,-0.309,-0.659,-0.326
5.700000,285,0.28995,0.42535,-0.78583,0.32503,-0.57678,-0.44899,-0.31549,0.28439,0.42122,-0.78601,0.32182,-0.57492,-0.44224,-0.31186,0.24294,0.47097,-0.69572,0.37496,-0.63293,-0.38423,-0.36987,3.636,4.066,0.396,1.207,-0.306,-0.662,-0.334
5.800000,290,0.29376,0.43832,-0.80185,0.32884,-0.58823,-0.45700,-0.32312,0.29000,0.43209,-0.80219,0.32864,-0.58953,-0.45112,-0.32040,0.24855,0.48185,-0.71179,0.38177,-0.64754,-0.39310,-0.37841,3.685,4.123,0.423,1.191,-0.303,-0.664,-0.342
5.900000,295,0.30216,0.45053,-0.81826,0.33723,-0.60501,-0.46730,-0.33494,0.29572,0.44315,-0.81878,0.33556,-0.60441,-0.46014,-0.32908,0.25425,0.49290,-0.72812,0.38870,-0.66240,-0.40212,-0.38709,3.734,4.179,0.451,1.175,-0.299,-0.667,-0.351
6.000000,300,0.30597,0.45816,-0.83466,0.34486,-0.61760,-0.47493,-0.34143,0.30153,0.45441,-0.83541,0.34262,-0.61953,-0.46932,-0.33792,0.26006,0.50416,-0.74475,0.39575,-0.67753,-0.41131,-0.39594,3.782,4.234,0.478,1.157,-0.295,-0.669,-0.360
6.100000,305,0.31246,0.47151,-0.85183,0.35097,-0.63362,-0.48485,-0.34982,0.30746,0.46590,-0.85256,0.34982,-0.63498,-0.47870,-0.34695,0.26599,0.51565,-0.76173,0.40295,-0.69297,-0.42068,-0.40496,3.829,4.290,0.507,1.137,-0.292,-0.671,-0.369
6.200000,310,0.32123,0.48410,-0.86899,0.35974,-0.65270,-0.49476,-0.36050,0.31354,0.47767,-0.87015,0.35719,-0.65083,-0.48830,-0.35619,0.27206,0.52742,-0.77911,0.41033,-0.70879,-0.43028,-0.41420,3.876,4.346,0.535,1.116,-0.288,-0.673,-0.379
6.300000,315,0.32428,0.49555,-0.88730,0.36813,-0.66261,-0.50468,-0.36890,0.31979,0.48978,-0.88812,0.36478,-0.66707,-0.49818,-0.36570,0.27830,0.53953,-0.79700,0.41792,-0.72507,-0.44017,-0.42371,3.923,4.403,0.565,1.094,-0.284,-0.676,-0.389
6.400000,320,0.32924,0.50661,-0.90600,0.37386,-0.68321,-0.51536,-0.37920,0.32627,0.50233,-0.90674,0.37264,-0.68393,-0.50842,-0.37556,0.28478,0.55208,-0.81554,0.42578,-0.74193,-0.45041,-0.43357,3.970,4.461,0.595,1.071,-0.280,-0.677,-0.400
6.500000,325,0.33878,0.52034,-0.92507,0.38301,-0.70191,-0.52490,-0.39140,0.33303,0.51544,-0.92645,0.38086,-0.70159,-0.51912,-0.38586,0.29154,0.56520,-0.83491,0.43400,-0.75956,-0.46110,-0.44387,4.018,4.519,0.625,1.045,-0.276,-0.679,-0.411
6.600000,330,0.34336,0.53408,-0.94605,0.39102,-0.71488,-0.53520,-0.40208,0.34016,0.52925,-0.94699,0.38951,-0.72012,-0.53038,-0.39670,0.29866,0.57901,-0.85531,0.44265,-0.77811,-0.47237,-0.45471,4.065,4.580,0.657,1.017,-0.272,-0.681,-0.423
6.700000,335,0.35251,0.54781,-0.96779,0.40094,-0.73738,-0.54817,-0.41467,0.34770,0.54388,-0.96886,0.39867,-0.73979,-0.54231,-0.40818,0.30621,0.59363,-0.87691,0.45181,-0.79776,-0.48430,-0.46620,4.111,4.643,0.690,0.985,-0.267,-0.682,-0.436
6.800000,340,0.36129,0.56345,-0.99106,0.41086,-0.76027,-0.56000,-0.42383,0.35570,0.55938,-0.99197,0.40839,-0.76065,-0.55496,-0.42036,0.31421,0.60913,-0.89982,0.46153,-0.81860,-0.49695,-0.47837,4.156,4.707,0.724,0.949,-0.262,-0.682,-0.448
6.900000,345,0.37082,0.58023,-1.01548,0.42116,-0.78354,-0.57335,-0.43718,0.36415,0.57577,-1.01650,0.41866,-0.78275,-0.56833,-0.43323,0.32266,0.62552,-0.92402,0.47179,-0.84062,-0.51032,-0.49124,4.198,4.773,0.759,0.909,-0.257,-0.682,-0.460
7.000000,350,0.37654,0.59702,-1.04180,0.43146,-0.80300,-0.58670,-0.45168,0.37301,0.59295,-1.04201,0.42942,-0.80579,-0.58234,-0.44672,0.33152,0.64270,-0.94940,0.48256,-0.86371,-0.52433,-0.50473,4.238,4.840,0.796,0.864,-0.251,-0.680,-0.473
7.100000,355,0.38799,0.61457,-1.06812,0.44290,-0.82741,-0.60196,-0.46808,0.38221,0.61078,-1.06851,0.44059,-0.82979,-0.59689,-0.46072,0.34071,0.66053,-0.97574,0.49373,-0.88767,-0.53888,-0.51873,4.273,4.906,0.833,0.816,-0.244,-0.677,-0.484
7.200000,360,0.39638,0.63288,-1.09559,0.45358,-0.84992,-0.61378,-0.47952,0.39165,0.62909,-1.09575,0.45206,-0.85444,-0.61183,-0.47510,0.35016,0.67884,-1.00278,0.50520,-0.91228,-0.55381,-0.53311,4.304,4.973,0.870,0.764,-0.236,-0.673,-0.495
7.300000,365,0.40706,0.65081,-1.12229,0.46579,-0.87548,-0.62981,-0.49593,0.40126,0.64771,-1.12330,0.46374,-0.87948,-0.62702,-0.48973,0.35977,0.69747,-1.03030,0.51687,-0.93731,-0.56901,-0.54774,4.331,5.038,0.907,0.709,-0.228,-0.668,-0.506
7.400000,370,0.41660,0.67026,-1.15090,0.47647,-0.90104,-0.64430,-0.51081,0.41097,0.66654,-1.15126,0.47553,-0.90479,-0.64238,-0.50451,0.36948,0.71629,-1.05810,0.52866,-0.96260,-0.58437,-0.56253,4.352,5.101,0.942,0.653,-0.220,-0.663,-0.515
7.500000,375,0.42614,0.68934,-1.17761,0.48754,-0.92469,-0.65994,-0.52568,0.42073,0.68546,-1.17932,0.48738,-0.93023,-0.65782,-0.51937,0.37924,0.73521,-1.08606,0.54052,-0.98804,-0.59981,-0.57739,4.368,5.163,0.976,0.596,-0.211,-0.657,-0.524
7.600000,380,0.43529,0.70841,-1.20660,0.50012,-0.95063,-0.67597,-0.54056,0.43052,0.70443,-1.20738,0.49927,-0.95578,-0.67330,-0.53427,0.38903,0.75418,-1.11409,0.55241,-1.01353,-0.61528,-0.59229,4.379,5.223,1.007,0.537,-0.203,-0.651,-0.532
7.700000,385,0.44559,0.72748,-1.23368,0.51233,-0.97657,-0.69122,-0.55506,0.44032,0.72342,-1.23548,0.51117,-0.98131,-0.68879,-0.54919,0.39882,0.77318,-1.14214,0.56431,-1.03906,-0.63078,-0.60720,4.384,5.282,1.036,0.478,-0.196,-0.645,-0.540
7.800000,390,0.45589,0.74694,-1.26153,0.52454,-1.00060,-0.70648,-0.57260,0.45011,0.74242,-1.26365,0.52307,-1.00684,-0.70428,-0.56411,0.40862,0.79217,-1.17020,0.57621,-1.06458,-0.64627,-0.62212,4.384,5.338,1.062,0.419,-0.188,-0.638,-0.546
7.900000,395,0.46276,0.76601,-1.28938,0.53522,-1.02578,-0.72022,-0.58443,0.45990,0.76139,-1.29172,0.53496,-1.03244,-0.71977,-0.57901,0.41841,0.81115,-1.19823,0.58810,-1.09008,-0.66175,-0.63702,4.379,5.393,1.085,0.359,-0.181,-0.632,-0.552
8.000000,400,0.47382,0.78394,-1.31723,0.54705,-1.05286,-0.73700,-0.59969,0.46967,0.78034,-1.31980,0.54683,-1.05792,-0.73522,-0.59389,0.42818,0.83009,-1.22621,0.59997,-1.11554,-0.67721,-0.65190,4.368,5.447,1.105,0.300,-0.175,-0.625,-0.557
8.100000,405,0.48488,0.80454,-1.34507,0.55849,-1.07842,-0.75188,-0.61266,0.47941,0.79922,-1.34773,0.55866,-1.08331,-0.74798,-0.60872,0.43792,0.84897,-1.25411,0.61180,-1.14092,-0.69262,-0.66673,4.353,5.498,1.122,0.240,-0.169,-0.619,-0.560
8.200000,410,0.49366,0.82133,-1.36987,0.56993,-1.10474,-0.75836,-0.62944,0.48910,0.81799,-1.35458,0.57043,-1.10870,-0.74798,-0.62346,0.44760,0.86775,-1.28184,0.62356,-1.16615,-0.70793,-0.68147,4.332,5.548,1.136,0.182,-0.163,-0.613,-0.563
8.300000,415,0.50472,0.84040,-1.37635,0.58214,-1.12954,-0.75989,-0.64470,0.49869,0.83660,-1.35458,0.58208,-1.13372,-0.74798,-0.63807,0.45720,0.88635,-1.30932,0.63522,-1.19114,-0.72311,-0.69608,4.306,5.595,1.147,0.124,-0.159,-0.607,-0.565
8.400000,420,0.51082,0.85757,-1.37712,0.59282,-1.15243,-0.75989,-0.65653,0.50810,0.85489,-1.35458,0.59371,-1.15832,-0.74798,-0.65242,0.46660,0.90464,-1.33630,0.64684,-1.21564,-0.73795,-0.71044,4.270,5.638,1.158,0.074,-0.150,-0.597,-0.564
8.500000,425,0.52074,0.87626,-1.37483,0.61075,-1.16654,-0.75226,-0.66721,0.51205,0.86808,-1.35458,0.61627,-1.16858,-0.74798,-0.66180,0.47056,0.91783,-1.35226,0.66934,-1.22558,-0.74177,-0.71981,3.838,5.600,1.331,0.126,0.449,0.020,-0.447
8.600000,430,0.51960,0.88694,-1.35461,0.65424,-1.13984,-0.72556,-0.66683,0.50751,0.87617,-1.35458,0.65594,-1.15731,-0.74798,-0.66376,0.46602,0.92592,-1.35123,0.70888,-1.21405,-0.72930,-0.72177,3.700,5.547,1.734,0.223,0.511,0.044,-0.326
8.700000,435,0.51731,0.88808,-1.34469,0.69811,-1.12344,-0.72365,-0.66683,0.50245,0.88374,-1.35458,0.69580,-1.14450,-0.74798,-0.66547,0.46095,0.93349,-1.34892,0.74875,-1.20113,-0.71632,-0.72348,3.688,5.472,1.789,0.309,0.506,0.034,-0.342
8.800000,440,0.51349,0.89610,-1.34469,0.73626,-1.10970,-0.72403,-0.66683,0.49753,0.89059,-1.35458,0.73438,-1.13154,-0.74798,-0.66754,0.45606,0.94034,-1.34665,0.78735,-1.18837,-0.70411,-0.72555,3.676,5.400,1.839,0.394,0.499,0.025,-0.353
8.900000,445,0.50586,0.90105,-1.34126,0.77326,-1.09826,-0.72403,-0.66759,0.49289,0.89579,-1.35458,0.77150,-1.11902,-0.74798,-0.66990,0.45140,0.94554,-1.34440,0.82449,-1.17551,-0.69253,-0.72791,3.669,5.283,1.887,0.480,0.493,0.015,-0.362
9.000000,450,0.50052,0.90105,-1.34126,0.80950,-1.08987,-0.72365,-0.67064,0.48847,0.89953,-1.35458,0.80707,-1.10629,-0.73906,-0.67254,0.44699,0.94928,-1.34217,0.86007,-1.16269,-0.68165,-0.73055,3.665,5.164,1.930,0.567,0.487,0.004,-0.370
9.100000,455,0.49823,0.90105,-1.34126,0.84307,-1.07308,-0.71526,-0.67446,0.48428,0.90214,-1.35458,0.84102,-1.09389,-0.72886,-0.67543,0.44280,0.95190,-1.33996,0.89402,-1.15009,-0.67153,-0.73344,3.662,5.033,1.968,0.654,0.480,-0.007,-0.374
9.200000,460,0.49328,0.90144,-1.34126,0.87550,-1.06545,-0.70686,-0.67827,0.48030,0.90366,-1.35458,0.87330,-1.08146,-0.71954,-0.67854,0.43883,0.95341,-1.33776,0.92632,-1.13774,-0.66217,-0.73655,3.661,4.887,2.002,0.739,0.473,-0.020,-0.378
9.300000,465,0.48717,0.90144,-1.34126,0.90640,-1.05019,-0.70038,-0.68171,0.47653,0.90410,-1.35458,0.90396,-1.06938,-0.71090,-0.68185,0.43507,0.95385,-1.33558,0.95699,-1.12567,-0.65354,-0.73986,3.661,4.740,2.033,0.823,0.466,-0.033,-0.379
9.400000,470,0.48679,0.90144,-1.34126,0.93501,-1.04256,-0.69351,-0.68514,0.47297,0.90352,-1.35458,0.93304,-1.05778,-0.70294,-0.68533,0.43151,0.95327,-1.33341,0.98609,-1.11387,-0.64561,-0.74334,3.663,4.589,2.060,0.906,0.459,-0.047,-0.379
9.500000,475,0.48298,0.90105,-1.34126,0.96324,-1.03379,-0.68588,-0.68628,0.46959,0.90196,-1.35458,0.96061,-1.04628,-0.69571,-0.68896,0.42814,0.95171,-1.33125,1.01367,-1.10237,-0.63833,-0.74697,3.665,4.445,2.085,0.988,0.451,-0.062,-0.379
9.600000,480,0.48145,0.90105,-1.34126,0.98918,-1.01929,-0.67978,-0.69086,0.46639,0.89946,-1.35458,0.98674,-1.03518,-0.68902,-0.69273,0.42494,0.94921,-1.32910,1.03982,-1.09114,-0.63169,-0.75074,3.669,4.308,2.106,1.070,0.444,-0.078,-0.377
9.700000,485,0.47878,0.90067,-1.34126,1.01397,-1.01205,-0.67558,-0.69468,0.46334,0.89606,-1.35458,1.01149,-1.02422,-0.68298,-0.69662,0.42190,0.94581,-1.32695,1.06458,-1.08020,-0.62565,-0.75463,3.673,4.178,2.124,1.150,0.437,-0.095,-0.375
9.800000,490,0.47229,0.89991,-1.34126,1.03800,-0.99793,-0.67177,-0.69773,0.46044,0.89180,-1.35458,1.03493,-1.01335,-0.67757,-0.70062,0.41900,0.94155,-1.32482,1.08803,-1.06953,-0.62018,-0.75863,3.678,4.054,2.140,1.228,0.430,-0.113,-0.371
9.900000,495,0.47001,0.89533,-1.34126,1.05975,-0.99145,-0.66795,-0.70421,0.45770,0.88671,-1.35458,1.05710,-1.00336,-0.67252,-0.70472,0.41625,0.93646,-1.32270,1.11021,-1.05915,-0.61525,-0.76273,3.684,3.934,2.154,1.306,0.423,-0.133,-0.368
10.000000,500,0.46734,0.89228,-1.34126,1.08149,-0.98420,-0.66338,-0.70765,0.45507,0.88081,-1.35458,1.07804,-0.99319,-0.66818,-0.70891,0.41364,0.93056,-1.32060,1.13116,-1.04904,-0.61085,-0.76692,3.691,3.818,2.165,1.383,0.416,-0.154,-0.364
10.100000,505,0.46467,0.88808,-1.34126,1.09980,-0.96970,-0.65880,-0.71146,0.45259,0.87416,-1.35458,1.09781,-0.98355,-0.66417,-0.71317,0.41115,0.92391,-1.31851,1.15094,-1.03922,-0.60694,-0.77118,3.698,3.705,2.174,1.458,0.408,-0.177,-0.359
10.200000,510,0.46467,0.87550,-1.34126,1.12040,-0.96398,-0.65651,-0.71451,0.45024,0.86658,-1.35458,1.11629,-0.97424,-0.66070,-0.71749,0.40880,0.91633,-1.31645,1.16943,-1.02967,-0.60353,-0.77550,3.711,3.585,2.180,1.531,0.401,-0.203,-0.353
10.300000,515,0.46352,0.87015,-1.34126,1.13604,-0.95826,-0.65575,-0.71909,0.44812,0.85735,-1.35458,1.13299,-0.96478,-0.65791,-0.72181,0.40668,0.90710,-1.31442,1.18612,-1.02035,-0.60067,-0.77983,3.728,3.463,2.184,1.603,0.394,-0.231,-0.347
10.400000,520,0.45589,0.85566,-1.34126,1.15168,-0.94491,-0.65346,-0.72329,0.44615,0.84703,-1.35458,1.14834,-0.95595,-0.65546,-0.72617,0.40471,0.89678,-1.31242,1.20147,-1.01128,-0.59829,-0.78419,3.739,3.347,2.186,1.676,0.386,-0.255,-0.342
10.500000,525,0.45360,0.84307,-1.34126,1.16618,-0.93804,-0.65308,-0.73015,0.44418,0.83669,-1.35458,1.16325,-0.94699,-0.65348,-0.73063,0.40275,0.88645,-1.31043,1.21638,-1.00249,-0.59626,-0.78864,3.744,3.237,2.188,1.749,0.379,-0.276,-0.338
10.600000,530,0.45360,0.83430,-1.34126,1.18029,-0.93194,-0.65270,-0.73435,0.44221,0.82640,-1.35458,1.17778,-0.93838,-0.65187,-0.73519,0.40078,0.87615,-1.30846,1.23092,-0.99398,-0.59458,-0.79320,3.751,3.125,2.188,1.819,0.371,-0.299,-0.334
10.700000,535,0.45360,0.82438,-1.34126,1.19441,-0.91820,-0.65231,-0.73816,0.44031,0.81554,-1.35458,1.19150,-0.93014,-0.65059,-0.73980,0.39889,0.86529,-1.30651,1.24463,-0.98572,-0.59329,-0.79781,3.761,3.010,2.187,1.887,0.363,-0.325,-0.328
10.800000,540,0.44979,0.81141,-1.34126,1.20700,-0.91477,-0.65079,-0.74160,0.43850,0.80399,-1.35458,1.20429,-0.92244,-0.64965,-0.74446,0.39708,0.85374,-1.30460,1.25742,-0.97771,-0.59239,-0.80247,3.772,2.893,2.183,1.953,0.355,-0.351,-0.322
10.900000,545,0.44826,0.79767,-1.34126,1.21768,-0.91019,-0.65041,-0.74541,0.43678,0.79177,-1.35458,1.21616,-0.91461,-0.64909,-0.74914,0.39535,0.84153,-1.30272,1.26929,-0.96996,-0.59187,-0.80715,3.783,2.775,2.179,2.018,0.347,-0.376,-0.316
11.000000,550,0.44826,0.78623,-1.34126,1.22912,-0.90332,-0.65041,-0.74999,0.43513,0.77891,-1.35458,1.22711,-0.90715,-0.64901,-0.75384,0.39371,0.82866,-1.30089,1.28024,-0.96248,-0.59172,-0.81186,3.795,2.655,2.172,2.080,0.339,-0.402,-0.309
11.100000,555,0.44788,0.77288,-1.34126,1.23942,-0.89188,-0.65041,-0.75686,0.43357,0.76543,-1.35458,1.23713,-0.89991,-0.64921,-0.75855,0.39215,0.81518,-1.29910,1.29027,-0.95528,-0.59194,-0.81657,3.807,2.533,2.164,2.140,0.329,-0.427,-0.302
11.200000,560,0.44750,0.75686,-1.34126,1.24782,-0.88730,-0.65117,-0.76029,0.43211,0.75135,-1.35458,1.24623,-0.89322,-0.64976,-0.76326,0.39068,0.80110,-1.29737,1.29937,-0.94838,-0.59250,-0.82127,3.820,2.410,2.154,2.196,0.320,-0.451,-0.295
11.300000,565,0.44178,0.74198,-1.34126,1.25735,-0.88425,-0.65346,-0.76410,0.43072,0.73669,-1.35458,1.25442,-0.88661,-0.65070,-0.76795,0.38930,0.78644,-1.29570,1.30756,-0.94177,-0.59341,-0.82596,3.833,2.286,2.143,2.249,0.310,-0.472,-0.288
11.400000,570,0.43720,0.72786,-1.34126,1.26269,-0.87700,-0.65460,-0.76639,0.42941,0.72148,-1.35458,1.26169,-0.88010,-0.65200,-0.77262,0.38800,0.77124,-1.29409,1.31483,-0.93547,-0.59465,-0.83063,3.847,2.160,2.130,2.297,0.299,-0.491,-0.280
11.500000,575,0.43720,0.71070,-1.34126,1.27032,-0.86747,-0.65651,-0.77173,0.42821,0.70574,-1.35458,1.26806,-0.87408,-0.65352,-0.77726,0.38678,0.75549,-1.29255,1.32119,-0.92948,-0.59621,-0.83527,3.861,2.033,2.117,2.341,0.288,-0.509,-0.272
11.600000,580,0.43720,0.69506,-1.34126,1.27566,-0.86289,-0.65727,-0.77898,0.42708,0.68946,-1.35458,1.27349,-0.86846,-0.65539,-0.78186,0.38566,0.73922,-1.29108,1.32662,-0.92381,-0.59808,-0.83987,3.876,1.904,2.101,2.377,0.277,-0.526,-0.265
11.700000,585,0.43720,0.67789,-1.34126,1.27833,-0.86136,-0.65842,-0.78318,0.42604,0.67270,-1.35458,1.27802,-0.86349,-0.65753,-0.78640,0.38462,0.72245,-1.28969,1.33116,-0.91845,-0.60024,-0.84442,3.890,1.773,2.085,2.406,0.264,-0.541,-0.257
11.800000,590,0.43682,0.65882,-1.34126,1.28215,-0.85907,-0.66338,-0.78661,0.42508,0.65546,-1.35458,1.28167,-0.85812,-0.66005,-0.79090,0.38367,0.70521,-1.28838,1.33481,-0.91341,-0.60267,-0.84891,3.906,1.641,2.067,2.427,0.251,-0.555,-0.249
11.900000,595,0.43682,0.64203,-1.34126,1.28520,-0.85564,-0.66567,-0.79043,0.42422,0.63775,-1.35458,1.28443,-0.85355,-0.66271,-0.79534,0.38280,0.68750,-1.28715,1.33757,-0.90868,-0.60538,-0.85335,3.921,1.507,2.048,2.439,0.238,-0.567,-0.241
12.000000,600,0.43605,0.62258,-1.34126,1.28673,-0.84992,-0.66872,-0.79424,0.42344,0.61959,-1.35458,1.28631,-0.84891,-0.66572,-0.79971,0.38202,0.66934,-1.28600,1.33944,-0.90427,-0.60833,-0.85773,3.937,1.372,2.027,2.441,0.223,-0.578,-0.232
12.100000,605,0.43224,0.60579,-1.34126,1.28787,-0.84000,-0.67368,-0.80034,0.42275,0.60098,-1.35458,1.28730,-0.84464,-0.66898,-0.80402,0.38133,0.65073,-1.28494,1.34044,-0.90017,-0.61154,-0.86204,3.953,1.236,2.006,2.438,0.208,-0.587,-0.224
12.200000,610,0.43186,0.58481,-1.34126,1.28787,-0.83847,-0.67635,-0.80569,0.42217,0.58193,-1.35458,1.28742,-0.84141,-0.67227,-0.80826,0.38073,0.63168,-1.28397,1.34056,-0.89639,-0.61497,-0.86628,3.969,1.097,1.983,2.432,0.192,-0.596,-0.216
12.300000,615,0.43148,0.56421,-1.34126,1.28787,-0.83657,-0.68054,-0.80912,0.42165,0.56243,-1.35458,1.28666,-0.83771,-0.67602,-0.81243,0.38021,0.61218,-1.28308,1.33979,-0.89291,-0.61863,-0.87045,3.986,0.957,1.960,2.424,0.176,-0.603,-0.208
12.400000,620,0.43148,0.54514,-1.34126,1.28787,-0.83580,-0.68359,-0.81255,0.42124,0.54250,-1.35458,1.28501,-0.83463,-0.67983,-0.81653,0.37979,0.59226,-1.28229,1.33814,-0.88973,-0.62250,-0.87454,4.002,0.815,1.935,2.418,0.158,-0.610,-0.200
12.500000,625,0.43148,0.52378,-1.34164,1.28787,-0.83390,-0.68779,-0.81560,0.42091,0.52216,-1.35458,1.28244,-0.83159,-0.68396,-0.82054,0.37947,0.57191,-1.28159,1.33558,-0.88687,-0.62657,-0.87855,4.022,0.671,1.908,2.409,0.138,-0.614,-0.189
12.600000,630,0.43148,0.50394,-1.34164,1.28634,-0.83275,-0.69161,-0.81713,0.42080,0.50154,-1.35458,1.27846,-0.82916,-0.68820,-0.82429,0.37936,0.55130,-1.28106,1.33160,-0.88445,-0.63076,-0.88230,4.051,0.528,1.874,2.386,0.108,-0.615,-0.170
12.700000,635,0.43148,0.48181,-1.34164,1.28139,-0.83275,-0.69695,-0.82018,0.42096,0.48079,-1.35458,1.27272,-0.82719,-0.69246,-0.82766,0.37952,0.53055,-1.28074,1.32585,-0.88255,-0.63500,-0.88567,4.078,0.387,1.842,2.390,0.081,-0.616,-0.154
12.800000,640,0.43186,0.46159,-1.34164,1.27490,-0.83275,-0.70191,-0.82361,0.42119,0.45968,-1.35458,1.26632,-0.82560,-0.69682,-0.83099,0.37974,0.50943,-1.28048,1.31945,-0.88088,-0.63941,-0.88901,4.086,0.243,1.821,2.425,0.074,-0.622,-0.158
12.900000,645,0.43148,0.43871,-1.34164,1.26842,-0.83199,-0.70610,-0.82743,0.42129,0.43798,-1.35458,1.26016,-0.82386,-0.70154,-0.83461,0.37983,0.48773,-1.28017,1.31329,-0.87921,-0.64409,-0.89262,4.092,0.094,1.800,2.462,0.068,-0.628,-0.163
13.000000,650,0.43148,0.41658,-1.34164,1.26269,-0.82894,-0.70954,-0.83201,0.42139,0.41579,-1.35458,1.25355,-0.82241,-0.70644,-0.83830,0.37994,0.46554,-1.27989,1.30669,-0.87773,-0.64899,-0.89631,4.108,-0.059,1.771,2.484,0.049,-0.631,-0.156
13.100000,655,0.43148,0.39293,-1.34240,1.25545,-0.82894,-0.71221,-0.83544,0.42161,0.39307,-1.35458,1.24599,-0.82138,-0.71145,-0.84193,0.38014,0.44283,-1.27970,1.29913,-0.87651,-0.65405,-0.89994,4.125,-0.215,1.740,2.505,0.029,-0.634,-0.150
13.200000,660,0.43148,0.37080,-1.34240,1.24782,-0.82894,-0.71869,-0.83849,0.42193,0.36965,-1.35458,1.23733,-0.82020,-0.71680,-0.84551,0.38047,0.41940,-1.27960,1.29047,-0.87558,-0.65933,-0.90352,4.144,-0.376,1.707,2.527,0.009,-0.637,-0.144
13.300000,665,0.43148,0.34448,-1.34240,1.23713,-0.82856,-0.72632,-0.84269,0.42247,0.34535,-1.35458,1.22711,-0.81971,-0.72223,-0.84896,0.38099,0.39510,-1.27965,1.28024,-0.87500,-0.66480,-0.90697,4.174,-0.542,1.666,2.546,-0.022,-0.638,-0.129
13.400000,670,0.43186,0.32083,-1.34240,1.22416,-0.82894,-0.73242,-0.84574,0.42332,0.32014,-1.35458,1.21459,-0.81940,-0.72792,-0.85214,0.38184,0.36989,-1.27992,1.26773,-0.87489,-0.67043,-0.91015,4.203,-0.712,1.625,2.567,-0.051,-0.642,-0.119
13.500000,675,0.43186,0.29336,-1.34431,1.20891,-0.82894,-0.73624,-0.84994,0.42423,0.29344,-1.35458,1.20082,-0.81965,-0.73395,-0.85546,0.38275,0.34319,-1.28024,1.25396,-0.87503,-0.67649,-0.91348,4.206,-0.891,1.609,2.598,-0.045,-0.647,-0.133
13.600000,680,0.43186,0.26742,-1.34698,1.20013,-0.82665,-0.74043,-0.85375,0.42460,0.27149,-1.35458,1.19567,-0.81762,-0.73860,-0.85891,0.38317,0.32124,-1.27883,1.24881,-0.87320,-0.68100,-0.91692,4.162,-1.007,1.791,3.229,0.174,-0.466,-0.097
13.700000,685,0.43148,0.25789,-1.34660,1.21921,-0.80948,-0.73319,-0.85375,0.42400,0.27076,-1.35458,1.21646,-0.80961,-0.73653,-0.86071,0.38276,0.32051,-1.27243,1.26959,-0.86554,-0.67863,-0.91865,4.121,-0.426,1.897,3.342,0.251,-0.129,0.021
13.800000,690,0.43186,0.26742,-1.34584,1.25430,-0.79613,-0.72403,-0.85375,0.42320,0.28075,-1.34822,1.24921,-0.79860,-0.73075,-0.86131,0.38208,0.33051,-1.26366,1.30231,-0.85518,-0.67274,-0.91922,4.114,-0.381,1.929,3.379,0.252,-0.108,0.039
13.900000,695,0.43186,0.27582,-1.33897,1.28787,-0.78392,-0.71602,-0.85375,0.42246,0.29117,-1.33900,1.28292,-0.78813,-0.72467,-0.86188,0.38139,0.34092,-1.25465,1.33601,-0.84452,-0.66666,-0.91978,4.107,-0.349,1.955,3.408,0.249,-0.103,0.043
14.000000,700,0.43148,0.28726,-1.32867,1.32144,-0.77667,-0.70877,-0.85375,0.42173,0.30158,-1.33015,1.31659,-0.77741,-0.71859,-0.86244,0.38069,0.35133,-1.24564,1.36968,-0.83387,-0.66058,-0.92035,4.100,-0.317,1.979,3.433,0.245,-0.101,0.049
14.100000,705,0.43148,0.29756,-1.32066,1.35577,-0.76332,-0.70496,-0.85375,0.42105,0.31264,-1.32203,1.34849,-0.76707,-0.71264,-0.86267,0.38004,0.36239,-1.23721,1.40161,-0.82381,-0.65462,-0.92058,4.099,-0.266,1.984,3.445,0.231,-0.099,0.130
14.200000,710,0.43148,0.31206,-1.31646,1.37904,-0.75760,-0.69962,-0.85223,0.42043,0.33292,-1.31895,1.37071,-0.76020,-0.70665,-0.85990,0.37949,0.38267,-1.23267,1.42384,-0.81741,-0.64864,-0.91788,4.090,-0.126,1.853,3.418,0.139,-0.098,0.307
14.300000,715,0.43148,0.34181,-1.31570,1.39087,-0.75760,-0.69466,-0.84498,0.41969,0.36126,-1.31873,1.38492,-0.75686,-0.70078,-0.85504,0.37882,0.41101,-1.23162,1.43805,-0.81439,-0.64277,-0.91305,4.076,0.060,1.808,3.381,0.076,-0.107,0.321
14.400000,720,0.43110,0.37309,-1.31608,1.40079,-0.75760,-0.68779,-0.84002,0.41904,0.38902,-1.31836,1.39731,-0.75465,-0.69531,-0.85028,0.37815,0.43877,-1.23104,1.45044,-0.81212,-0.63729,-0.90829,4.059,0.235,1.837,3.347,0.059,-0.122,0.304
14.500000,725,0.43110,0.39980,-1.31570,1.41299,-0.75760,-0.68321,-0.83506,0.41830,0.41505,-1.31794,1.40909,-0.75273,-0.69029,-0.84600,0.37741,0.46481,-1.23049,1.46223,-0.81019,-0.63228,-0.90401,4.048,0.398,1.862,3.314,0.042,-0.134,0.293
14.600000,730,0.43071,0.42497,-1.31570,1.42291,-0.75722,-0.67978,-0.83048,0.41787,0.44017,-1.31769,1.41903,-0.75127,-0.68544,-0.84152,0.37695,0.48992,-1.23017,1.47216,-0.80871,-0.62743,-0.89953,4.056,0.557,1.874,3.269,0.017,-0.140,0.302
14.700000,735,0.42499,0.44977,-1.31608,1.42940,-0.75684,-0.67597,-0.82705,0.41769,0.46463,-1.31792,1.42721,-0.75025,-0.68072,-0.83677,0.37676,0.51439,-1.23009,1.48034,-0.80767,-0.62271,-0.89479,4.054,0.714,1.893,3.224,-0.002,-0.148,0.301
14.800000,740,0.42232,0.47456,-1.31570,1.43703,-0.75569,-0.67253,-0.82247,0.41764,0.48845,-1.31812,1.43436,-0.74958,-0.67617,-0.83198,0.37669,0.53820,-1.23014,1.48750,-0.80698,-0.61816,-0.88999,4.048,0.866,1.913,3.176,-0.019,-0.156,0.299
14.900000,745,0.42232,0.49936,-1.31570,1.44275,-0.75493,-0.66948,-0.81599,0.41768,0.51177,-1.31845,1.44059,-0.74920,-0.67178,-0.82711,0.37674,0.56153,-1.23032,1.49373,-0.80662,-0.61377,-0.88512,4.043,1.016,1.932,3.124,-0.036,-0.164,0.297
15.000000,750,0.42232,0.52225,-1.31570,1.44809,-0.75493,-0.66376,-0.81332,0.41782,0.53470,-1.31879,1.44593,-0.74914,-0.66754,-0.82215,0.37689,0.58445,-1.23063,1.49907,-0.80660,-0.60953,-0.88016,4.037,1.164,1.950,3.066,-0.053,-0.172,0.295
15.100000,755,0.42232,0.54476,-1.31570,1.45114,-0.75455,-0.65918,-0.80797,0.41811,0.55729,-1.31935,1.45042,-0.74950,-0.66345,-0.81707,0.37714,0.60704,-1.23107,1.50355,-0.80690,-0.60543,-0.87508,4.031,1.310,1.968,3.002,-0.070,-0.180,0.293
15.200000,760,0.42270,0.56764,-1.31570,1.45610,-0.75493,-0.65537,-0.80454,0.41846,0.57957,-1.32004,1.45408,-0.75012,-0.65951,-0.81188,0.37750,0.62932,-1.23163,1.50721,-0.80754,-0.60149,-0.86990,4.025,1.454,1.985,2.929,-0.087,-0.188,0.291
15.300000,765,0.42270,0.59053,-1.31608,1.45801,-0.75646,-0.65270,-0.79996,0.41891,0.60154,-1.32082,1.45687,-0.75109,-0.65573,-0.80657,0.37795,0.65129,-1.23232,1.51001,-0.80852,-0.59772,-0.86458,4.018,1.597,2.001,2.849,-0.104,-0.197,0.289
15.400000,770,0.42270,0.61342,-1.31608,1.45953,-0.75760,-0.65003,-0.79310,0.41946,0.62320,-1.32179,1.45885,-0.75239,-0.65214,-0.80112,0.37850,0.67295,-1.23314,1.51198,-0.80985,-0.59412,-0.85913,4.011,1.738,2.017,2.762,-0.119,-0.207,0.287
15.500000,775,0.42270,0.63555,-1.31608,1.45992,-0.75798,-0.64812,-0.78776,0.42011,0.64455,-1.32276,1.45998,-0.75405,-0.64873,-0.79555,0.37914,0.69431,-1.23407,1.51312,-0.81153,-0.59072,-0.85356,4.004,1.878,2.031,2.666,-0.135,-0.217,0.285
15.600000,780,0.42270,0.65615,-1.31608,1.45992,-0.75836,-0.64583,-0.78318,0.42085,0.66559,-1.32394,1.46027,-0.75610,-0.64552,-0.78985,0.37987,0.71534,-1.23514,1.51341,-0.81356,-0.58751,-0.84786,3.997,2.017,2.045,2.567,-0.150,-0.228,0.282
15.700000,785,0.42308,0.67713,-1.31608,1.45992,-0.76142,-0.64392,-0.77898,0.42164,0.68630,-1.32517,1.45989,-0.75848,-0.64255,-0.78407,0.38066,0.73605,-1.23630,1.51302,-0.81592,-0.58453,-0.84209,3.983,2.154,2.063,2.501,-0.158,-0.241,0.274
15.800000,790,0.42308,0.69773,-1.31608,1.45992,-0.76218,-0.63934,-0.77288,0.42232,0.70674,-1.32638,1.45967,-0.76098,-0.63982,-0.77852,0.38133,0.75649,-1.23745,1.51280,-0.81841,-0.58181,-0.83654,3.958,2.288,2.085,2.477,-0.158,-0.255,0.261
15.900000,795,0.42308,0.71909,-1.31608,1.45992,-0.76409,-0.63744,-0.76563,0.42290,0.72687,-1.32747,1.45945,-0.76361,-0.63735,-0.77315,0.38192,0.77663,-1.23861,1.51258,-0.82107,-0.57934,-0.83116,3.945,2.420,2.098,2.391,-0.167,-0.268,0.256
16.000000,800,0.42308,0.73855,-1.31608,1.45953,-0.76599,-0.63438,-0.76105,0.42372,0.74653,-1.32909,1.45787,-0.76675,-0.63513,-0.76749,0.38270,0.79628,-1.23994,1.51101,-0.82418,-0.57712,-0.82550,3.948,2.550,2.102,2.233,-0.187,-0.282,0.260
16.100000,805,0.42347,0.75991,-1.31723,1.45953,-0.77400,-0.63286,-0.75571,0.42479,0.76561,-1.33082,1.45443,-0.77049,-0.63317,-0.76140,0.38376,0.81537,-1.24150,1.50757,-0.82785,-0.57515,-0.81941,3.948,2.680,2.109,2.111,-0.202,-0.298,0.261
16.200000,810,0.42347,0.77707,-1.32180,1.45686,-0.78125,-0.63057,-0.75152,0.42601,0.78415,-1.33257,1.44982,-0.77449,-0.63149,-0.75512,0.38496,0.83390,-1.24319,1.50296,-0.83192,-0.57348,-0.81313,3.941,2.809,2.119,2.026,-0.210,-0.316,0.256
16.300000,815,0.42347,0.79653,-1.32295,1.45267,-0.78469,-0.63057,-0.74389,0.42728,0.80214,-1.33437,1.44434,-0.77884,-0.63013,-0.74876,0.38623,0.85189,-1.24497,1.49748,-0.83632,-0.57212,-0.80677,3.933,2.935,2.129,1.946,-0.215,-0.334,0.250
16.400000,820,0.42423,0.81408,-1.32447,1.44504,-0.78774,-0.62981,-0.73702,0.42865,0.81957,-1.33641,1.43800,-0.78361,-0.62909,-0.74232,0.38758,0.86932,-1.24683,1.49114,-0.84105,-0.57108,-0.80033,3.926,3.060,2.139,1.870,-0.220,-0.354,0.245
16.500000,825,0.42957,0.83086,-1.32867,1.43665,-0.78926,-0.63019,-0.73282,0.43009,0.83643,-1.33835,1.43080,-0.78861,-0.62839,-0.73582,0.38900,0.88618,-1.24876,1.48394,-0.84610,-0.57037,-0.79383,3.919,3.182,2.148,1.797,-0.224,-0.374,0.239
16.600000,830,0.43338,0.84879,-1.32943,1.42787,-0.79613,-0.62981,-0.72863,0.43162,0.85271,-1.34041,1.42274,-0.79411,-0.62802,-0.72926,0.39049,0.90246,-1.25075,1.47587,-0.85147,-0.57001,-0.78727,3.912,3.303,2.156,1.724,-0.226,-0.395,0.232
16.700000,835,0.43453,0.86253,-1.32943,1.41872,-0.80452,-0.63019,-0.71947,0.43318,0.86839,-1.34239,1.41380,-0.79976,-0.62800,-0.72264,0.39205,0.91814,-1.25281,1.46694,-0.85715,-0.56999,-0.78065,3.906,3.422,2.163,1.652,-0.228,-0.417,0.226
16.800000,840,0.43491,0.88007,-1.33134,1.40842,-0.81139,-0.63019,-0.70994,0.43481,0.88347,-1.34464,1.40399,-0.80561,-0.62835,-0.71597,0.39369,0.93322,-1.25492,1.45713,-0.86312,-0.57034,-0.77398,3.900,3.539,2.170,1.581,-0.229,-0.439,0.219
16.900000,845,0.43491,0.89533,-1.33592,1.39812,-0.81520,-0.63057,-0.70612,0.43656,0.89792,-1.34703,1.39330,-0.81194,-0.62907,-0.70926,0.39540,0.94767,-1.25708,1.44644,-0.86939,-0.57106,-0.76727,3.895,3.654,2.176,1.509,-0.229,-0.460,0.213
17.000000,850,0.43720,0.90792,-1.33630,1.38553,-0.81864,-0.63133,-0.69887,0.43835,0.91173,-1.34918,1.38173,-0.81844,-0.63017,-0.70251,0.39718,0.96148,-1.25928,1.43487,-0.87594,-0.57215,-0.76052,3.889,3.767,2.181,1.437,-0.228,-0.482,0.206
17.100000,855,0.44025,0.92280,-1.34202,1.37256,-0.82856,-0.63286,-0.69201,0.44023,0.92489,-1.35156,1.36927,-0.82538,-0.63165,-0.69574,0.39904,0.97464,-1.26152,1.42241,-0.88277,-0.57364,-0.75375,3.885,3.879,2.186,1.364,-0.227,-0.502,0.199
17.200000,860,0.44025,0.93691,-1.34278,1.35844,-0.83771,-0.63515,-0.68705,0.44217,0.93738,-1.35377,1.35593,-0.83238,-0.63353,-0.68894,0.40096,0.98713,-1.26378,1.40907,-0.88986,-0.57552,-0.74695,3.881,3.988,2.190,1.290,-0.226,-0.522,0.191
17.300000,865,0.44025,0.94836,-1.34355,1.34433,-0.84114,-0.63896,-0.68056,0.44419,0.94918,-1.35458,1.34169,-0.83971,-0.63582,-0.68213,0.40297,0.99894,-1.26605,1.39483,-0.89721,-0.57781,-0.74015,3.878,4.095,2.192,1.216,-0.224,-0.541,0.184
17.400000,870,0.44330,0.95904,-1.34813,1.32945,-0.84610,-0.64278,-0.67598,0.44629,0.96030,-1.35458,1.32656,-0.84731,-0.63851,-0.67532,0.40505,1.01005,-1.26834,1.37969,-0.90481,-0.58050,-0.73333,3.875,4.201,2.194,1.141,-0.221,-0.557,0.176
17.500000,875,0.44979,0.97086,-1.34813,1.31267,-0.86022,-0.64735,-0.66874,0.44846,0.97072,-1.35458,1.31051,-0.85518,-0.64162,-0.66851,0.40720,1.02047,-1.27064,1.36365,-0.91264,-0.58361,-0.72652,3.873,4.304,2.195,1.065,-0.218,-0.573,0.168
17.600000,880,0.45131,0.98155,-1.34813,1.29512,-0.86556,-0.65003,-0.66111,0.45072,0.98040,-1.35458,1.29354,-0.86327,-0.64515,-0.66170,0.40944,1.03015,-1.27293,1.34668,-0.92071,-0.58715,-0.71971,3.872,4.404,2.195,0.988,-0.215,-0.587,0.161
17.700000,885,0.45169,0.98727,-1.34813,1.27757,-0.87128,-0.65460,-0.65310,0.45306,0.98933,-1.35458,1.27563,-0.87147,-0.64914,-0.65491,0.41177,1.03909,-1.27521,1.32877,-0.92899,-0.59113,-0.71292,3.871,4.501,2.194,0.911,-0.211,-0.600,0.153
17.800000,890,0.45437,0.99871,-1.34851,1.25812,-0.88425,-0.65765,-0.64890,0.45549,0.99755,-1.35458,1.25679,-0.88001,-0.65356,-0.64814,0.41418,1.04730,-1.27748,1.30992,-0.93750,-0.59555,-0.70615,3.872,4.595,2.191,0.832,-0.207,-0.610,0.145
17.900000,895,0.45665,1.00596,-1.34813,1.23866,-0.89074,-0.66185,-0.64203,0.45801,1.00499,-1.35458,1.23697,-0.88870,-0.65843,-0.64139,0.41669,1.05474,-1.27973,1.29010,-0.94621,-0.60043,-0.69940,3.873,4.686,2.188,0.753,-0.203,-0.619,0.137
18.000000,900,0.45704,1.01588,-1.34813,1.21692,-0.89722,-0.66872,-0.63440,0.46064,1.01167,-1.35458,1.21617,-0.89764,-0.66376,-0.63466,0.41930,1.06142,-1.28196,1.26930,-0.95513,-0.60577,-0.69267,3.876,4.771,2.183,0.673,-0.199,-0.627,0.129
18.100000,905,0.45971,1.01740,-1.34851,1.19555,-0.90981,-0.67520,-0.62754,0.46338,1.01755,-1.35458,1.19434,-0.90690,-0.66952,-0.62797,0.42201,1.06731,-1.28415,1.24748,-0.96425,-0.61160,-0.68598,3.880,4.852,2.176,0.593,-0.194,-0.633,0.121
18.200000,910,0.46619,1.02084,-1.34851,1.17305,-0.91820,-0.68092,-0.62410,0.46621,1.02266,-1.35458,1.17147,-0.91607,-0.67586,-0.62130,0.42484,1.07241,-1.28631,1.22461,-0.97357,-0.61791,-0.67931,3.885,4.926,2.168,0.512,-0.190,-0.638,0.113
18.300000,915,0.46810,1.03152,-1.34851,1.14787,-0.92392,-0.68741,-0.61953,0.46917,1.02696,-1.35458,1.14751,-0.92553,-0.68269,-0.61467,0.42779,1.07671,-1.28844,1.20065,-0.98310,-0.62473,-0.67268,3.891,4.993,2.158,0.430,-0.185,-0.641,0.105
18.400000,920,0.46924,1.03381,-1.34851,1.12193,-0.93842,-0.69466,-0.61151,0.47227,1.03041,-1.35458,1.12241,-0.93533,-0.69002,-0.60807,0.43087,1.08017,-1.29052,1.17555,-0.99284,-0.63209,-0.66608,3.899,5.051,2.146,0.347,-0.180,-0.644,0.097
18.500000,925,0.47382,1.03419,-1.34813,1.09484,-0.94605,-0.70267,-0.60427,0.47553,1.03303,-1.35458,1.09610,-0.94530,-0.69791,-0.60149,0.43410,1.08278,-1.29257,1.14924,-1.00279,-0.64002,-0.65951,3.908,5.100,2.131,0.263,-0.175,-0.645,0.090
18.600000,930,0.47573,1.03419,-1.34851,1.06623,-0.95406,-0.71030,-0.59778,0.47894,1.03477,-1.35458,1.06849,-0.95542,-0.70643,-0.59495,0.43750,1.08453,-1.29456,1.12163,-1.01297,-0.64854,-0.65296,3.918,5.141,2.114,0.179,-0.170,-0.646,0.082
18.700000,935,0.48336,1.03457,-1.34813,1.03724,-0.96894,-0.71831,-0.59359,0.48254,1.03561,-1.35458,1.03950,-0.96587,-0.71557,-0.58842,0.44108,1.08537,-1.29652,1.09263,-1.02339,-0.65770,-0.64644,3.931,5.174,2.094,0.093,-0.165,-0.645,0.075
18.800000,940,0.48526,1.03457,-1.34851,1.00672,-0.97466,-0.72975,-0.58329,0.48634,1.03550,-1.35458,1.00901,-0.97650,-0.72542,-0.58192,0.44487,1.08525,-1.29842,1.06214,-1.03407,-0.66754,-0.63993,3.946,5.186,2.072,0.006,-0.159,-0.644,0.067
18.900000,945,0.49061,1.03457,-1.34851,0.97392,-0.98687,-0.73815,-0.57833,0.49045,1.03369,-1.35458,0.97686,-0.98734,-0.73578,-0.57548,0.44896,1.08344,-1.30026,1.02999,-1.04486,-0.67794,-0.63349,3.967,5.155,2.048,-0.079,-0.152,-0.641,0.059
19.000000,950,0.49137,1.03419,-1.34851,0.93958,-0.99793,-0.74959,-0.57222,0.49480,1.03070,-1.35458,0.94300,-0.99827,-0.74695,-0.56906,0.45332,1.08045,-1.30205,0.99614,-1.05590,-0.68908,-0.62707,3.984,5.236,2.015,-0.165,-0.148,-0.640,0.053
19.100000,955,0.50052,1.03381,-1.34851,0.90411,-1.00709,-0.75875,-0.56803,0.49933,1.02784,-1.35458,0.90751,-1.00986,-0.74798,-0.56263,0.45784,1.07759,-1.30384,0.96065,-1.06747,-0.70133,-0.62064,4.001,5.282,1.980,-0.256,-0.142,-0.637,0.045
19.200000,960,0.50167,1.03343,-1.34889,0.86672,-1.02120,-0.76065,-0.56040,0.50409,1.02437,-1.35458,0.87150,-1.02135,-0.74798,-0.55625,0.46259,1.07412,-1.30549,0.92463,-1.07888,-0.71404,-0.61426,4.010,5.500,1.975,-0.330,-0.122,-0.624,0.041
19.300000,965,0.50663,1.03610,-1.34889,0.84994,-1.02006,-0.75417,-0.55277,0.50783,1.03310,-1.35458,0.86547,-1.02261,-0.74798,-0.54922,0.46642,1.08285,-1.30481,0.91860,-1.08008,-0.71711,-0.60723,3.940,5.939,2.208,0.335,0.483,-0.036,0.053
19.400000,970,0.50701,1.05822,-1.34813,0.89266,-0.99717,-0.73128,-0.54552,0.51037,1.05592,-1.35458,0.89727,-1.01083,-0.74798,-0.54136,0.46906,1.10567,-1.30125,0.95030,-1.06824,-0.70739,-0.59937,3.903,5.976,2.310,0.379,0.506,0.005,0.058
19.500000,975,0.51044,1.08226,-1.34813,0.93081,-0.98458,-0.72785,-0.53675,0.51295,1.07977,-1.35458,0.93140,-0.99801,-0.74798,-0.53335,0.47168,1.12953,-1.29749,0.98445,-1.05554,-0.69684,-0.59136,3.878,6.000,2.376,0.400,0.504,0.004,0.058
19.600000,980,0.51769,1.10705,-1.34813,0.96476,-0.96818,-0.72746,-0.52645,0.51554,1.10360,-1.35458,0.96551,-0.98535,-0.74431,-0.52535,0.47429,1.15335,-1.29374,1.01855,-1.04285,-0.68631,-0.58336,3.850,6.020,2.438,0.419,0.502,0.002,0.058
19.700000,985,0.51807,1.13070,-1.34813,0.99871,-0.96055,-0.72327,-0.51920,0.51809,1.12700,-1.35458,0.99902,-0.97301,-0.73393,-0.51749,0.47686,1.17675,-1.29005,1.05205,-1.03039,-0.67596,-0.57551,3.817,6.036,2.494,0.435,0.498,-0.001,0.055
19.800000,990,0.51883,1.15321,-1.34813,1.03076,-0.94529,-0.71182,-0.51576,0.51966,1.14654,-1.35458,1.03223,-0.96102,-0.72325,-0.51226,0.47840,1.19629,-1.28684,1.08522,-1.01811,-0.66541,-0.57028,3.627,6.015,2.496,0.462,0.496,0.003,-0.207
19.900000,995,0.51845,1.16465,-1.34813,1.06547,-0.93651,-0.70114,-0.52454,0.51728,1.15229,-1.35458,1.06720,-0.94922,-0.71056,-0.51722,0.47595,1.20204,-1.28523,1.12008,-1.00540,-0.65319,-0.57524,3.447,5.739,2.461,0.535,0.490,0.000,-0.519
20.000000,1000,0.51807,1.16427,-1.34813,1.10209,-0.92164,-0.68932,-0.53903,0.51358,1.15442,-1.35458,1.10148,-0.93717,-0.69874,-0.52542,0.47224,1.20417,-1.28410,1.15434,-0.99315,-0.64151,-0.58343,3.440,5.671,2.488,0.614,0.480,-0.011,-0.512
20.100000,1005,0.51769,1.16427,-1.34813,1.13375,-0.91324,-0.67902,-0.54743,0.51010,1.15569,-1.35458,1.13382,-0.92533,-0.68806,-0.53353,0.46878,1.20544,-1.28290,1.18675,-0.98129,-0.63075,-0.59154,3.447,5.477,2.517,0.691,0.472,-0.021,-0.505
20.200000,1010,0.51693,1.16427,-1.34813,1.16389,-0.90294,-0.67101,-0.55429,0.50692,1.15537,-1.35458,1.16439,-0.91350,-0.67805,-0.54160,0.46562,1.20512,-1.28159,1.21734,-0.96962,-0.62069,-0.59962,3.455,5.320,2.542,0.768,0.464,-0.032,-0.497
20.300000,1015,0.51426,1.16427,-1.34813,1.19288,-0.88883,-0.66032,-0.56154,0.50396,1.15414,-1.35458,1.19341,-0.90231,-0.66870,-0.54963,0.46266,1.20390,-1.28019,1.24638,-0.95823,-0.61137,-0.60764,3.461,5.181,2.563,0.846,0.456,-0.043,-0.489
20.400000,1020,0.51388,1.16389,-1.34813,1.21997,-0.88120,-0.65270,-0.57032,0.50117,1.15205,-1.35458,1.22111,-0.89118,-0.66002,-0.55765,0.45987,1.20181,-1.27872,1.27409,-0.94706,-0.60271,-0.61566,3.468,5.047,2.582,0.923,0.448,-0.054,-0.481
20.500000,1025,0.50586,1.16351,-1.34813,1.24667,-0.86785,-0.64659,-0.57680,0.49851,1.14914,-1.35458,1.24765,-0.88011,-0.65202,-0.56570,0.45723,1.19889,-1.27716,1.30064,-0.93608,-0.59466,-0.62371,3.474,4.920,2.599,1.000,0.441,-0.066,-0.474
20.600000,1030,0.50358,1.16046,-1.34813,1.27185,-0.86098,-0.63934,-0.58405,0.49594,1.14589,-1.35458,1.27327,-0.86978,-0.64449,-0.57378,0.45464,1.19565,-1.27554,1.32627,-0.92535,-0.58725,-0.63179,3.473,4.844,2.610,1.076,0.432,-0.080,-0.466
20.700000,1035,0.50319,1.15817,-1.34813,1.29741,-0.85488,-0.63095,-0.59130,0.49330,1.14307,-1.35458,1.29820,-0.85923,-0.63795,-0.58188,0.45204,1.19282,-1.27392,1.35121,-0.91502,-0.58057,-0.63989,3.471,4.753,2.620,1.149,0.424,-0.095,-0.459
20.800000,1040,0.49862,1.15321,-1.34813,1.32030,-0.83886,-0.62714,-0.59969,0.49086,1.13902,-1.35458,1.32206,-0.84904,-0.63163,-0.59003,0.44959,1.18877,-1.27220,1.37508,-0.90476,-0.57433,-0.64804,3.482,4.593,2.634,1.222,0.418,-0.106,-0.452
20.900000,1045,0.49785,1.14405,-1.34813,1.34509,-0.83237,-0.62218,-0.60656,0.48861,1.13317,-1.35458,1.34471,-0.83914,-0.62567,-0.59825,0.44734,1.18293,-1.27036,1.39774,-0.89446,-0.56845,-0.65626,3.493,4.469,2.643,1.297,0.412,-0.120,-0.444
21.000000,1050,0.49747,1.14253,-1.34813,1.36531,-0.82398,-0.61913,-0.61457,0.48646,1.12638,-1.35458,1.36632,-0.82883,-0.62033,-0.60651,0.44520,1.17614,-1.26846,1.41937,-0.88432,-0.56307,-0.66452,3.502,4.360,2.649,1.372,0.404,-0.137,-0.436
21.100000,1055,0.49442,1.13261,-1.34813,1.38591,-0.81063,-0.61455,-0.62525,0.48442,1.11881,-1.35458,1.38697,-0.81947,-0.61532,-0.61479,0.44314,1.16856,-1.26650,1.44002,-0.87437,-0.55820,-0.67280,3.512,4.252,2.654,1.447,0.397,-0.155,-0.428
21.200000,1060,0.48908,1.12269,-1.34813,1.40689,-0.80605,-0.60921,-0.62983,0.48242,1.11048,-1.35262,1.40665,-0.80976,-0.61101,-0.62309,0.44116,1.16023,-1.26450,1.45973,-0.86462,-0.55383,-0.68110,3.522,4.145,2.656,1.521,0.389,-0.175,-0.420
21.300000,1065,0.48679,1.11048,-1.34813,1.42520,-0.79308,-0.60425,-0.63707,0.48051,1.10135,-1.35048,1.42541,-0.79986,-0.60719,-0.63142,0.43925,1.15111,-1.26245,1.47849,-0.85508,-0.54996,-0.68943,3.533,4.038,2.657,1.594,0.382,-0.196,-0.412
21.400000,1070,0.48679,1.10247,-1.34813,1.44313,-0.78430,-0.60310,-0.64508,0.47866,1.09149,-1.34855,1.44326,-0.79057,-0.60380,-0.63978,0.43741,1.14124,-1.26038,1.49636,-0.84575,-0.54656,-0.69778,3.545,3.932,2.657,1.667,0.374,-0.219,-0.404
21.500000,1075,0.48412,1.09103,-1.34813,1.46068,-0.77973,-0.60120,-0.65271,0.47687,1.08086,-1.34644,1.46023,-0.78166,-0.60089,-0.64814,0.43563,1.13062,-1.25827,1.51333,-0.83663,-0.54364,-0.70615,3.557,3.825,2.655,1.739,0.366,-0.243,-0.396
21.600000,1080,0.48374,1.07959,-1.34774,1.47632,-0.76828,-0.59967,-0.65958,0.47515,1.06949,-1.34435,1.47632,-0.77260,-0.59846,-0.65654,0.43390,1.11924,-1.25615,1.52943,-0.82775,-0.54119,-0.71454,3.570,3.718,2.652,1.810,0.359,-0.268,-0.388
21.700000,1085,0.48145,1.06623,-1.34698,1.49234,-0.75760,-0.59814,-0.67064,0.47351,1.05740,-1.34241,1.49157,-0.76459,-0.59622,-0.66496,0.43223,1.10715,-1.25401,1.54467,-0.81910,-0.53920,-0.72293,3.583,3.609,2.647,1.880,0.351,-0.296,-0.379
21.800000,1090,0.48145,1.05288,-1.34622,1.50646,-0.75379,-0.59700,-0.67904,0.47186,1.04455,-1.34015,1.50591,-0.75599,-0.59489,-0.67334,0.43061,1.09431,-1.25186,1.55904,-0.81072,-0.53768,-0.73133,3.597,3.499,2.641,1.949,0.342,-0.324,-0.371
21.900000,1095,0.48107,1.04106,-1.34584,1.52019,-0.74616,-0.59700,-0.68628,0.47028,1.03097,-1.33804,1.51937,-0.74773,-0.59384,-0.68172,0.42904,1.08072,-1.24971,1.57251,-0.80260,-0.53661,-0.73972,3.613,3.388,2.633,2.016,0.333,-0.353,-0.362
22.000000,1100,0.47611,1.02465,-1.34126,1.53240,-0.73395,-0.59700,-0.69391,0.46888,1.01630,-1.33601,1.53140,-0.74017,-0.59316,-0.68995,0.42762,1.06605,-1.24761,1.58454,-0.79485,-0.53600,-0.74793,3.639,3.273,2.620,2.078,0.323,-0.382,-0.351
22.100000,1105,0.47535,1.00825,-1.34011,1.54308,-0.73090,-0.59700,-0.70116,0.46767,1.00026,-1.33423,1.54159,-0.73300,-0.59304,-0.69789,0.42641,1.05001,-1.24559,1.59473,-0.78754,-0.53586,-0.75587,3.665,3.157,2.608,2.137,0.312,-0.412,-0.341
22.200000,1110,0.47229,0.99185,-1.33668,1.55147,-0.72708,-0.59738,-0.70803,0.46649,0.98362,-1.33210,1.55103,-0.72636,-0.59331,-0.70581,0.42523,1.03338,-1.24359,1.60417,-0.78052,-0.53615,-0.76381,3.677,3.041,2.598,2.203,0.304,-0.437,-0.335
22.300000,1115,0.47039,0.97239,-1.33477,1.56177,-0.72022,-0.59738,-0.71566,0.46517,0.96707,-1.33005,1.56070,-0.71933,-0.59395,-0.71399,0.42391,1.01683,-1.24157,1.61383,-0.77366,-0.53682,-0.77197,3.686,2.926,2.588,2.270,0.295,-0.461,-0.329
22.400000,1120,0.47001,0.95828,-1.33477,1.57169,-0.70915,-0.59929,-0.72329,0.46378,0.95022,-1.32810,1.57000,-0.71245,-0.59519,-0.72222,0.42255,0.99997,-1.23955,1.62313,-0.76707,-0.53788,-0.78020,3.702,2.808,2.574,2.329,0.285,-0.484,-0.321
22.500000,1125,0.46772,0.93920,-1.33248,1.58008,-0.70496,-0.60120,-0.73435,0.46249,0.93276,-1.32612,1.57849,-0.70695,-0.59651,-0.73038,0.42123,0.98251,-1.23758,1.63162,-0.76082,-0.53935,-0.78838,3.719,2.689,2.559,2.384,0.273,-0.507,-0.312
22.600000,1130,0.46734,0.92051,-1.33020,1.58809,-0.70191,-0.60272,-0.74045,0.46122,0.91469,-1.32423,1.58614,-0.70072,-0.59840,-0.73850,0.41996,0.96445,-1.23566,1.63928,-0.75492,-0.54120,-0.79648,3.737,2.568,2.542,2.435,0.260,-0.528,-0.303
22.700000,1135,0.46734,0.90372,-1.32791,1.59458,-0.69847,-0.60463,-0.74618,0.46000,0.89603,-1.32247,1.59292,-0.69541,-0.60061,-0.74651,0.41873,0.94578,-1.23382,1.64606,-0.74940,-0.54344,-0.80448,3.755,2.445,2.523,2.482,0.246,-0.546,-0.295
22.800000,1140,0.46467,0.88160,-1.32714,1.59992,-0.69313,-0.60616,-0.75724,0.45882,0.87680,-1.32077,1.59886,-0.69032,-0.60321,-0.75442,0.41755,0.92655,-1.23204,1.65200,-0.74426,-0.54605,-0.81239,3.773,2.321,2.503,2.523,0.231,-0.562,-0.286
22.900000,1145,0.46467,0.86291,-1.32524,1.60488,-0.68283,-0.61111,-0.76182,0.45768,0.85704,-1.31886,1.60398,-0.68504,-0.60631,-0.76220,0.41642,0.90679,-1.23034,1.65711,-0.73950,-0.54900,-0.82020,3.792,2.195,2.482,2.558,0.215,-0.576,-0.278
23.000000,1150,0.46467,0.84193,-1.32447,1.60793,-0.68131,-0.61340,-0.76754,0.45660,0.83675,-1.31737,1.60825,-0.68105,-0.60957,-0.76988,0.41533,0.88651,-1.22873,1.66139,-0.73513,-0.55229,-0.82788,3.811,2.067,2.460,2.585,0.196,-0.588,-0.269
23.100000,1155,0.46467,0.82133,-1.32142,1.61251,-0.67940,-0.62027,-0.77631,0.45558,0.81596,-1.31598,1.61165,-0.67702,-0.61318,-0.77744,0.41431,0.86572,-1.22722,1.66478,-0.73118,-0.55591,-0.83543,3.831,1.937,2.436,2.604,0.177,-0.598,-0.260
23.200000,1160,0.46428,0.79806,-1.32142,1.61441,-0.67902,-0.62408,-0.78547,0.45462,0.79471,-1.31463,1.61421,-0.67386,-0.61705,-0.78485,0.41334,0.84446,-1.22581,1.66735,-0.72763,-0.55983,-0.84284,3.851,1.806,2.411,2.616,0.156,-0.606,-0.252
23.300000,1165,0.45894,0.77707,-1.31951,1.61632,-0.67635,-0.62790,-0.79043,0.45371,0.77300,-1.31333,1.61595,-0.67055,-0.62130,-0.79210,0.41243,0.82275,-1.22451,1.66909,-0.72449,-0.56402,-0.85011,3.871,1.673,2.384,2.619,0.133,-0.613,-0.243
23.400000,1170,0.45627,0.75495,-1.31951,1.61670,-0.67520,-0.63095,-0.79767,0.45286,0.75086,-1.31214,1.61682,-0.66763,-0.62584,-0.79921,0.41158,0.80062,-1.22333,1.66996,-0.72177,-0.56850,-0.85721,3.891,1.538,2.356,2.617,0.109,-0.618,-0.235
23.500000,1175,0.45627,0.73282,-1.31951,1.61670,-0.67482,-0.63477,-0.80683,0.45209,0.72833,-1.31124,1.61688,-0.66543,-0.63051,-0.80617,0.41080,0.77808,-1.22228,1.67001,-0.71945,-0.57321,-0.86417,3.912,1.402,2.327,2.612,0.084,-0.622,-0.226
23.600000,1180,0.45589,0.70879,-1.31913,1.61670,-0.67368,-0.64011,-0.81255,0.45139,0.70541,-1.31022,1.61607,-0.66363,-0.63546,-0.81295,0.41009,0.75516,-1.22135,1.66921,-0.71756,-0.57816,-0.87095,3.933,1.264,2.296,2.605,0.057,-0.625,-0.218
23.700000,1185,0.45360,0.68590,-1.31875,1.61670,-0.67177,-0.64735,-0.81675,0.45075,0.68213,-1.30938,1.61443,-0.66186,-0.64072,-0.81956,0.40945,0.73189,-1.22056,1.66757,-0.71607,-0.58332,-0.87757,3.954,1.124,2.265,2.601,0.029,-0.626,-0.209
23.800000,1190,0.45360,0.66111,-1.31875,1.61670,-0.67177,-0.65193,-0.82133,0.45020,0.65852,-1.30884,1.61195,-0.66103,-0.64604,-0.82600,0.40890,0.70827,-1.21992,1.66508,-0.71500,-0.58867,-0.88401,3.976,0.982,2.232,2.601,0.001,-0.627,-0.201
23.900000,1195,0.45360,0.63822,-1.31837,1.61632,-0.67177,-0.65689,-0.82819,0.44973,0.63459,-1.30835,1.60863,-0.66019,-0.65160,-0.83227,0.40843,0.68434,-1.21941,1.66176,-0.71433,-0.59419,-0.89028,3.997,0.839,2.199,2.606,-0.027,-0.627,-0.192
24.000000,1200,0.45360,0.61190,-1.31532,1.61289,-0.67177,-0.66071,-0.83506,0.44937,0.61036,-1.30803,1.60445,-0.66034,-0.65718,-0.83837,0.40804,0.66011,-1.21906,1.65759,-0.71406,-0.59987,-0.89638,4.019,0.694,2.164,2.615,-0.055,-0.626,-0.184
24.100000,1205,0.45360,0.58939,-1.31494,1.60907,-0.67177,-0.66643,-0.84002,0.44906,0.58583,-1.30785,1.59945,-0.65997,-0.66314,-0.84430,0.40775,0.63558,-1.21885,1.65258,-0.71417,-0.60569,-0.90231,4.041,0.547,2.129,2.627,-0.083,-0.625,-0.176
24.200000,1210,0.45360,0.56307,-1.31494,1.60183,-0.67177,-0.67368,-0.84650,0.44889,0.56098,-1.30779,1.59357,-0.66052,-0.66905,-0.85007,0.40755,0.61073,-1.21879,1.64671,-0.71467,-0.61164,-0.90808,4.063,0.399,2.092,2.643,-0.111,-0.623,-0.168
24.300000,1215,0.45360,0.53789,-1.31494,1.59534,-0.67215,-0.67940,-0.85337,0.44880,0.53577,-1.30792,1.58681,-0.66152,-0.67513,-0.85569,0.40746,0.58552,-1.21889,1.63995,-0.71556,-0.61772,-0.91370,4.085,0.247,2.055,2.662,-0.137,-0.621,-0.161
24.400000,1220,0.45360,0.51195,-1.31494,1.58695,-0.67291,-0.68398,-0.86024,0.44884,0.51011,-1.30832,1.57907,-0.66260,-0.68135,-0.86116,0.40749,0.55987,-1.21916,1.63220,-0.71683,-0.62393,-0.91917,4.111,0.093,2.014,2.679,-0.164,-0.619,-0.151
24.500000,1225,0.45360,0.48486,-1.31494,1.57741,-0.67558,-0.68970,-0.86405,0.44915,0.48409,-1.30885,1.56956,-0.66460,-0.68756,-0.86619,0.40779,0.53384,-1.21972,1.62270,-0.71858,-0.63013,-0.92420,4.150,-0.064,1.964,2.693,-0.197,-0.613,-0.132
24.600000,1230,0.45360,0.45931,-1.31494,1.56558,-0.67673,-0.69618,-0.86634,0.44965,0.45736,-1.30964,1.55857,-0.66619,-0.69400,-0.87100,0.40830,0.50711,-1.22051,1.61171,-0.72078,-0.63646,-0.92901,4.168,-0.225,1.932,2.718,-0.216,-0.616,-0.138
24.700000,1235,0.45360,0.43108,-1.31494,1.55490,-0.67940,-0.70419,-0.87244,0.45004,0.42917,-1.31022,1.54764,-0.66900,-0.70078,-0.87644,0.40867,0.47892,-1.22126,1.60078,-0.72325,-0.64331,-0.93445,4.177,-0.398,1.899,2.746,-0.236,-0.619,-0.148
24.800000,1240,0.45360,0.40056,-1.31494,1.54346,-0.68016,-0.70992,-0.87664,0.45051,0.39980,-1.31115,1.53531,-0.67208,-0.70798,-0.88190,0.40914,0.44956,-1.22222,1.58844,-0.72623,-0.65047,-0.93991,4.205,-0.577,1.860,2.769,-0.257,-0.613,-0.139
24.900000,1245,0.45360,0.37271,-1.31494,1.53354,-0.67978,-0.71411,-0.88389,0.45104,0.37478,-1.30862,1.52916,-0.67307,-0.71293,-0.88747,0.40972,0.42453,-1.22099,1.58230,-0.72722,-0.65539,-0.94544,4.217,-0.700,2.120,3.347,0.059,-0.396,-0.139
25.000000,1250,0.45360,0.35974,-1.30731,1.54880,-0.67024,-0.70381,-0.88770,0.45138,0.36990,-1.29564,1.54882,-0.66454,-0.70894,-0.89266,0.41041,0.41965,-1.21131,1.60193,-0.71961,-0.65103,-0.95050,4.230,-0.214,2.207,3.484,0.221,-0.027,-0.109
25.100000,1255,0.45398,0.36356,-1.28518,1.58504,-0.65003,-0.69008,-0.89152,0.45201,0.37502,-1.28047,1.58042,-0.65226,-0.70003,-0.89720,0.41125,0.42477,-1.19760,1.63350,-0.70787,-0.64202,-0.95502,4.232,-0.145,2.223,3.496,0.223,-0.012,-0.104
25.200000,1260,0.45360,0.36661,-1.26687,1.61708,-0.63782,-0.67978,-0.89533,0.45282,0.38037,-1.26643,1.61258,-0.64021,-0.69084,-0.90178,0.41211,0.43012,-1.18364,1.66566,-0.69592,-0.63282,-0.95958,4.229,-0.126,2.235,3.500,0.221,-0.006,-0.101
25.300000,1265,0.45398,0.37233,-1.25276,1.64951,-0.62599,-0.67177,-0.89877,0.45352,0.38726,-1.25408,1.64331,-0.62854,-0.68172,-0.90558,0.41287,0.43702,-1.17047,1.69642,-0.68443,-0.62371,-0.96340,4.204,-0.030,2.236,3.488,0.211,-0.002,0.027
25.400000,1270,0.45398,0.38683,-1.24589,1.67164,-0.61989,-0.66223,-0.89381,0.45327,0.40793,-1.24875,1.66404,-0.61939,-0.67302,-0.90344,0.41280,0.45762,-1.16339,1.71718,-0.67643,-0.61501,-0.96138,4.129,0.121,2.145,3.453,0.166,-0.008,0.366
25.500000,1275,0.45360,0.41887,-1.24589,1.68193,-0.61150,-0.65346,-0.88618,0.45236,0.43896,-1.24733,1.67783,-0.61375,-0.66488,-0.89755,0.41201,0.48819,-1.16089,1.73096,-0.67116,-0.60687,-0.95553,4.104,0.303,2.109,3.421,0.139,-0.018,0.389
25.600000,1280,0.45398,0.45206,-1.24589,1.69147,-0.60539,-0.64850,-0.87702,0.45170,0.46944,-1.24579,1.68940,-0.60920,-0.65692,-0.89117,0.41139,0.51860,-1.15905,1.74254,-0.66671,-0.59891,-0.94916,4.100,0.477,2.122,3.385,0.119,-0.026,0.393
25.700000,1285,0.45398,0.48181,-1.24589,1.70177,-0.60349,-0.64201,-0.87092,0.45130,0.49873,-1.24448,1.69961,-0.60546,-0.64919,-0.88477,0.41090,0.54804,-1.15750,1.75275,-0.66286,-0.59118,-0.94275,4.084,0.644,2.150,3.355,0.105,-0.036,0.383
25.800000,1290,0.45360,0.51119,-1.24589,1.71283,-0.60272,-0.63362,-0.86710,0.45068,0.52726,-1.24319,1.71004,-0.60199,-0.64192,-0.87904,0.41030,0.57632,-1.15593,1.76317,-0.65934,-0.58391,-0.93701,4.055,0.802,2.184,3.329,0.097,-0.047,0.365
25.900000,1295,0.45360,0.53980,-1.24589,1.72199,-0.60081,-0.62676,-0.86176,0.45018,0.55460,-1.24175,1.71972,-0.59890,-0.63485,-0.87333,0.40977,0.60392,-1.15451,1.77286,-0.65625,-0.57684,-0.93132,4.052,0.956,2.193,3.287,0.074,-0.052,0.375
26.000000,1300,0.45360,0.56688,-1.24589,1.72962,-0.60043,-0.62103,-0.85871,0.45001,0.58205,-1.24107,1.72740,-0.59647,-0.62771,-0.86695,0.40956,0.63137,-1.15351,1.78053,-0.65376,-0.56970,-0.92494,4.048,1.110,2.205,3.237,0.050,-0.058,0.380
26.100000,1305,0.45360,0.59473,-1.24589,1.73534,-0.60043,-0.61531,-0.84956,0.44989,0.60938,-1.24040,1.73396,-0.59441,-0.62065,-0.86026,0.40951,0.65854,-1.15276,1.78710,-0.65178,-0.56264,-0.91827,4.036,1.262,2.224,3.189,0.029,-0.065,0.379
26.200000,1310,0.45360,0.62258,-1.24551,1.73954,-0.59967,-0.60654,-0.84154,0.44994,0.63634,-1.24006,1.73964,-0.59289,-0.61371,-0.85339,0.40955,0.68543,-1.15221,1.79278,-0.65026,-0.55570,-0.91140,4.023,1.411,2.242,3.136,0.006,-0.072,0.378
26.300000,1315,0.45360,0.64966,-1.24551,1.74335,-0.59776,-0.60081,-0.83544,0.45007,0.66299,-1.23979,1.74446,-0.59179,-0.60690,-0.84631,0.40969,0.71207,-1.15186,1.79759,-0.64923,-0.54889,-0.90432,4.010,1.558,2.259,3.075,-0.019,-0.080,0.376
26.400000,1320,0.45360,0.67675,-1.24513,1.74869,-0.59776,-0.59586,-0.82972,0.45033,0.68939,-1.23984,1.74841,-0.59127,-0.60024,-0.83900,0.40991,0.73846,-1.15171,1.80154,-0.64868,-0.54223,-0.89701,3.996,1.704,2.276,3.006,-0.046,-0.088,0.374
26.500000,1325,0.45360,0.70307,-1.24513,1.75022,-0.59776,-0.59242,-0.82209,0.45064,0.71554,-1.24003,1.75150,-0.59120,-0.59376,-0.83146,0.41022,0.76457,-1.15175,1.80464,-0.64862,-0.53575,-0.88947,3.981,1.847,2.293,2.930,-0.071,-0.096,0.372
26.600000,1330,0.45360,0.72977,-1.24513,1.75174,-0.59776,-0.58365,-0.81446,0.45104,0.74139,-1.24044,1.75375,-0.59164,-0.58748,-0.82370,0.41060,0.79038,-1.15197,1.80689,-0.64906,-0.52947,-0.88171,3.965,1.989,2.309,2.844,-0.099,-0.105,0.369
26.700000,1335,0.45360,0.75648,-1.24513,1.75251,-0.59891,-0.57678,-0.80759,0.45147,0.76696,-1.24097,1.75513,-0.59259,-0.58142,-0.81572,0.41105,0.81587,-1.15238,1.80827,-0.65001,-0.52341,-0.87373,3.950,2.128,2.324,2.750,-0.125,-0.115,0.366
26.800000,1340,0.45360,0.78089,-1.24513,1.75251,-0.60043,-0.57297,-0.79996,0.45199,0.79193,-1.24155,1.75563,-0.59404,-0.57562,-0.80750,0.41156,0.84099,-1.15297,1.80877,-0.65149,-0.51760,-0.86552,3.933,2.266,2.339,2.651,-0.151,-0.125,0.362
26.900000,1345,0.45398,0.80569,-1.24513,1.75251,-0.60081,-0.56801,-0.78890,0.45259,0.81656,-1.24244,1.75529,-0.59602,-0.57008,-0.79908,0.41213,0.86573,-1.15372,1.80842,-0.65347,-0.51207,-0.85709,3.916,2.401,2.355,2.552,-0.173,-0.136,0.358
27.000000,1350,0.45398,0.83048,-1.24513,1.75251,-0.60196,-0.56381,-0.78242,0.45322,0.84094,-1.24349,1.75409,-0.59852,-0.56485,-0.79046,0.41275,0.89005,-1.15463,1.80722,-0.65596,-0.50684,-0.84847,3.899,2.535,2.370,2.451,-0.194,-0.147,0.353
27.100000,1355,0.45398,0.85490,-1.24513,1.75251,-0.60463,-0.55885,-0.77669,0.45392,0.86469,-1.24465,1.75201,-0.60154,-0.55994,-0.78163,0.41341,0.91392,-1.15570,1.80515,-0.65896,-0.50193,-0.83964,3.882,2.666,2.384,2.355,-0.212,-0.160,0.348
27.200000,1360,0.45398,0.87931,-1.24513,1.75213,-0.60577,-0.55313,-0.76410,0.45459,0.88808,-1.24586,1.74909,-0.60500,-0.55538,-0.77261,0.41412,0.93731,-1.15690,1.80223,-0.66247,-0.49737,-0.83063,3.864,2.796,2.399,2.263,-0.227,-0.175,0.342
27.300000,1365,0.45398,0.90220,-1.24513,1.75022,-0.60921,-0.55046,-0.75571,0.45537,0.91088,-1.24730,1.74530,-0.60899,-0.55119,-0.76342,0.41487,0.96018,-1.15824,1.79843,-0.66647,-0.49318,-0.82143,3.847,2.923,2.413,2.176,-0.239,-0.190,0.336
27.400000,1370,0.45398,0.92509,-1.24513,1.74640,-0.61646,-0.54779,-0.74999,0.45617,0.93339,-1.24900,1.74065,-0.61350,-0.54739,-0.75407,0.41565,0.98251,-1.15969,1.79379,-0.67097,-0.48938,-0.81208,3.829,3.049,2.427,2.093,-0.250,-0.208,0.329
27.500000,1375,0.45398,0.94759,-1.24513,1.73954,-0.62599,-0.54512,-0.73855,0.45704,0.95497,-1.25066,1.73514,-0.61850,-0.54399,-0.74457,0.41646,1.00428,-1.16126,1.78828,-0.67593,-0.48598,-0.80258,3.811,3.172,2.441,2.015,-0.257,-0.227,0.323
27.600000,1380,0.45437,0.96972,-1.24513,1.73305,-0.63095,-0.54321,-0.72939,0.45787,0.97611,-1.25235,1.72878,-0.62388,-0.54103,-0.73493,0.41730,1.02544,-1.16293,1.78191,-0.68137,-0.48302,-0.79294,3.794,3.294,2.455,1.939,-0.263,-0.249,0.316
27.700000,1385,0.45437,0.98879,-1.24589,1.72466,-0.63248,-0.54130,-0.72024,0.45879,0.99647,-1.25415,1.72156,-0.62977,-0.53850,-0.72518,0.41816,1.04598,-1.16469,1.77470,-0.68724,-0.48049,-0.78319,3.777,3.414,2.468,1.865,-0.267,-0.272,0.308
27.800000,1390,0.45437,1.01016,-1.24589,1.71627,-0.63896,-0.54092,-0.70955,0.45965,1.01643,-1.25600,1.71349,-0.63604,-0.53643,-0.71532,0.41906,1.06588,-1.16652,1.76663,-0.69355,-0.47842,-0.77333,3.760,3.532,2.481,1.793,-0.270,-0.298,0.300
27.900000,1395,0.45589,1.03076,-1.24589,1.70749,-0.65041,-0.54054,-0.70192,0.46063,1.03560,-1.25807,1.70457,-0.64282,-0.53484,-0.70537,0.41997,1.08510,-1.16842,1.75771,-0.70026,-0.47683,-0.76338,3.743,3.648,2.494,1.722,-0.271,-0.325,0.292
28.000000,1400,0.45665,1.04907,-1.24894,1.69834,-0.65537,-0.54016,-0.69124,0.46159,1.05404,-1.26004,1.69482,-0.64984,-0.53371,-0.69535,0.42091,1.10364,-1.17038,1.74796,-0.70737,-0.47570,-0.75336,3.727,3.762,2.507,1.650,-0.271,-0.354,0.284
28.100000,1405,0.45704,1.06814,-1.25085,1.68689,-0.65956,-0.54016,-0.68285,0.46257,1.07189,-1.26214,1.68421,-0.65731,-0.53308,-0.68527,0.42188,1.12145,-1.17238,1.73734,-0.71485,-0.47507,-0.74328,3.712,3.875,2.519,1.579,-0.271,-0.383,0.276
28.200000,1410,0.45704,1.08416,-1.25199,1.67469,-0.66528,-0.54016,-0.67293,0.46359,1.08891,-1.26417,1.67279,-0.66514,-0.53294,-0.67514,0.42287,1.13856,-1.17442,1.72592,-0.72267,-0.47492,-0.73316,3.697,3.986,2.531,1.507,-0.269,-0.414,0.267
28.300000,1415,0.45894,1.10133,-1.25505,1.66172,-0.68016,-0.54016,-0.66416,0.46467,1.10519,-1.26632,1.66050,-0.67333,-0.53331,-0.66499,0.42389,1.15490,-1.17648,1.71363,-0.73083,-0.47530,-0.72300,3.683,4.095,2.543,1.434,-0.267,-0.444,0.258
28.400000,1420,0.46009,1.11697,-1.25733,1.64798,-0.68436,-0.54092,-0.65004,0.46572,1.12077,-1.26831,1.64740,-0.68175,-0.53417,-0.65482,0.42494,1.17050,-1.17856,1.70054,-0.73928,-0.47616,-0.71283,3.670,4.203,2.554,1.362,-0.264,-0.474,0.250
28.500000,1425,0.46238,1.13185,-1.25733,1.63387,-0.69199,-0.54169,-0.64203,0.46685,1.13557,-1.27052,1.63346,-0.69056,-0.53555,-0.64465,0.42603,1.18531,-1.18064,1.68660,-0.74803,-0.47754,-0.70266,3.657,4.309,2.565,1.288,-0.261,-0.502,0.241
28.600000,1430,0.46619,1.14825,-1.25924,1.61937,-0.70610,-0.54283,-0.63173,0.46800,1.14959,-1.27268,1.61870,-0.69959,-0.53744,-0.63448,0.42714,1.19934,-1.18272,1.67184,-0.75704,-0.47943,-0.69249,3.646,4.413,2.576,1.214,-0.257,-0.527,0.232
28.700000,1435,0.46772,1.16046,-1.26344,1.60373,-0.71030,-0.54550,-0.62410,0.46917,1.16282,-1.27481,1.60312,-0.70877,-0.53984,-0.62433,0.42830,1.21257,-1.18479,1.65625,-0.76628,-0.48183,-0.68234,3.635,4.516,2.586,1.140,-0.253,-0.550,0.223
28.800000,1440,0.46810,1.17457,-1.26382,1.58657,-0.71869,-0.54893,-0.61609,0.47040,1.17526,-1.27687,1.58672,-0.71830,-0.54274,-0.61420,0.42949,1.22501,-1.18683,1.63985,-0.77575,-0.48473,-0.67221,3.626,4.617,2.596,1.065,-0.249,-0.571,0.213
28.900000,1445,0.46810,1.18716,-1.26420,1.56902,-0.73281,-0.55199,-0.60427,0.47169,1.18689,-1.27891,1.56950,-0.72799,-0.54616,-0.60410,0.43074,1.23665,-1.18883,1.62263,-0.78542,-0.48815,-0.66211,3.617,4.716,2.605,0.989,-0.244,-0.589,0.204
29.000000,1450,0.46848,1.19861,-1.26992,1.55071,-0.73853,-0.55389,-0.59511,0.47300,1.19772,-1.28089,1.55147,-0.73777,-0.55007,-0.59404,0.43203,1.24748,-1.19080,1.60460,-0.79527,-0.49206,-0.65205,3.610,4.814,2.614,0.914,-0.239,-0.604,0.195
29.100000,1455,0.47115,1.20776,-1.27069,1.53163,-0.74959,-0.56000,-0.58214,0.47437,1.20772,-1.28277,1.53260,-0.74778,-0.55450,-0.58402,0.43338,1.25748,-1.19272,1.58574,-0.80528,-0.49649,-0.64203,3.604,4.909,2.622,0.838,-0.234,-0.617,0.186
29.200000,1460,0.47306,1.21730,-1.27145,1.51142,-0.76027,-0.56686,-0.57489,0.47583,1.21692,-1.28467,1.51293,-0.75791,-0.55943,-0.57404,0.43479,1.26668,-1.19458,1.56607,-0.81544,-0.50142,-0.63205,3.599,5.001,2.630,0.762,-0.229,-0.627,0.177
29.300000,1465,0.47344,1.22760,-1.27564,1.49120,-0.76752,-0.57220,-0.56650,0.47730,1.22529,-1.28649,1.49242,-0.76814,-0.56486,-0.56411,0.43627,1.27504,-1.19637,1.54556,-0.82573,-0.50685,-0.62212,3.596,5.091,2.637,0.685,-0.224,-0.636,0.168
29.400000,1470,0.47382,1.23446,-1.27679,1.46907,-0.78202,-0.57716,-0.55544,0.47891,1.23282,-1.28808,1.47108,-0.77865,-0.57080,-0.55422,0.43782,1.28258,-1.19809,1.52421,-0.83614,-0.51279,-0.61223,3.593,5.177,2.643,0.609,-0.218,-0.642,0.159
29.500000,1475,0.47649,1.24095,-1.27832,1.44771,-0.78926,-0.58250,-0.54514,0.48055,1.23955,-1.28976,1.44889,-0.78905,-0.57723,-0.54437,0.43946,1.28930,-1.19973,1.50202,-0.84667,-0.51922,-0.60238,3.592,5.260,2.648,0.532,-0.212,-0.646,0.151
29.600000,1480,0.47992,1.24972,-1.27946,1.42329,-0.79727,-0.59051,-0.53636,0.48232,1.24546,-1.29127,1.42583,-0.79976,-0.58417,-0.53454,0.44119,1.29522,-1.20127,1.47897,-0.85730,-0.52616,-0.59255,3.593,5.337,2.653,0.456,-0.207,-0.650,0.142
29.700000,1485,0.48450,1.25049,-1.28289,1.40002,-0.81215,-0.59814,-0.52606,0.48421,1.25055,-1.29283,1.40187,-0.81059,-0.59160,-0.52474,0.44302,1.30030,-1.20273,1.45500,-0.86804,-0.53362,-0.58275,3.595,5.409,2.656,0.379,-0.201,-0.652,0.134
29.800000,1490,0.48488,1.25163,-1.28289,1.37561,-0.81902,-0.60501,-0.51615,0.48615,1.25482,-1.29408,1.37693,-0.82135,-0.59961,-0.51492,0.44497,1.30457,-1.20408,1.43006,-0.87890,-0.54161,-0.57293,3.599,5.475,2.659,0.303,-0.195,-0.653,0.126
29.900000,1495,0.48526,1.26384,-1.28366,1.34967,-0.83351,-0.61302,-0.50813,0.48824,1.25826,-1.29548,1.35093,-0.83235,-0.60819,-0.50507,0.44706,1.30802,-1.20532,1.40406,-0.88991,-0.55018,-0.56308,3.604,5.533,2.660,0.225,-0.189,-0.653,0.118
30.000000,1500,0.48832,1.26651,-1.28366,1.32258,-0.84191,-0.62370,-0.49898,0.49053,1.26088,-1.29645,1.32374,-0.84349,-0.61733,-0.49514,0.44930,1.31064,-1.20646,1.37688,-0.90110,-0.55935,-0.55316,3.612,5.583,2.660,0.148,-0.183,-0.653,0.111
30.100000,1505,0.49022,1.26651,-1.28404,1.29436,-0.85526,-0.63133,-0.48944,0.49299,1.26258,-1.29746,1.29520,-0.85500,-0.62713,-0.48510,0.45173,1.31233,-1.20746,1.34834,-0.91249,-0.56917,-0.54311,3.625,5.607,2.659,0.069,-0.177,-0.651,0.104
30.200000,1510,0.49061,1.26651,-1.28404,1.26346,-0.86670,-0.64240,-0.47685,0.49580,1.26242,-1.29824,1.26505,-0.86639,-0.63743,-0.47492,0.45452,1.31217,-1.20829,1.31819,-0.92395,-0.57947,-0.53293,3.648,5.570,2.659,-0.008,-0.170,-0.648,0.097
30.300000,1515,0.49671,1.26651,-1.28594,1.23103,-0.87586,-0.65346,-0.46694,0.49880,1.26132,-1.29878,1.23330,-0.87808,-0.64855,-0.46460,0.45752,1.31107,-1.20899,1.28643,-0.93569,-0.59058,-0.52262,3.655,5.654,2.647,-0.084,-0.164,-0.648,0.089
30.400000,1520,0.50129,1.26651,-1.28938,1.19746,-0.88959,-0.66414,-0.45816,0.50193,1.26111,-1.29902,1.20175,-0.88978,-0.66015,-0.45431,0.46066,1.31087,-1.20954,1.25488,-0.94745,-0.60215,-0.51233,3.687,5.980,2.665,-0.147,-0.149,-0.628,0.079
30.500000,1525,0.50281,1.27299,-1.28938,1.18487,-0.89302,-0.66071,-0.44862,0.50728,1.27303,-1.29720,1.19644,-0.89466,-0.66005,-0.44608,0.46611,1.32278,-1.20851,1.24958,-0.95209,-0.60208,-0.50409,3.758,6.197,2.816,0.489,0.256,-0.009,0.032
30.600000,1530,0.51273,1.29931,-1.28938,1.21730,-0.88234,-0.63515,-0.44748,0.51530,1.29653,-1.29412,1.22230,-0.89049,-0.64539,-0.44072,0.47426,1.34628,-1.20575,1.27529,-0.94779,-0.58741,-0.49873,3.745,6.204,2.897,0.506,0.405,0.014,0.005
30.700000,1535,0.52189,1.32335,-1.28938,1.24858,-0.87014,-0.61951,-0.44328,0.52372,1.32117,-1.29107,1.25086,-0.88530,-0.62935,-0.43554,0.48273,1.37091,-1.20282,1.30386,-0.94269,-0.57134,-0.49355,3.716,6.194,2.948,0.497,0.405,0.016,0.004
30.800000,1540,0.52990,1.34814,-1.28900,1.27643,-0.86518,-0.60081,-0.44023,0.53213,1.34565,-1.28825,1.27936,-0.88027,-0.61332,-0.43043,0.49114,1.39538,-1.19990,1.33234,-0.93758,-0.55533,-0.48844,3.680,6.178,2.991,0.486,0.409,0.018,-0.015
30.900000,1545,0.53791,1.37027,-1.28823,1.30427,-0.86098,-0.58708,-0.44099,0.53763,1.36242,-1.28567,1.30891,-0.87342,-0.59775,-0.43003,0.49659,1.41217,-1.19766,1.36178,-0.93014,-0.53998,-0.48804,3.477,6.090,2.958,0.503,0.470,0.014,-0.490
31.000000,1550,0.53753,1.37790,-1.28785,1.33670,-0.84763,-0.57373,-0.45320,0.53676,1.36510,-1.28427,1.34151,-0.86185,-0.58369,-0.43963,0.49565,1.41485,-1.19679,1.39422,-0.91787,-0.52631,-0.49764,3.245,5.764,2.927,0.571,0.474,0.003,-0.551
31.100000,1555,0.53715,1.37752,-1.28747,1.37103,-0.83390,-0.56229,-0.46808,0.53466,1.36575,-1.28364,1.37352,-0.84938,-0.57129,-0.45094,0.49355,1.41550,-1.19612,1.42626,-0.90509,-0.51397,-0.50895,3.238,5.656,2.937,0.640,0.466,-0.008,-0.543
31.200000,1560,0.53715,1.37752,-1.28747,1.40079,-0.82512,-0.55046,-0.47609,0.53260,1.36594,-1.28293,1.40399,-0.83698,-0.56010,-0.46219,0.49151,1.41569,-1.19538,1.45678,-0.89263,-0.50273,-0.52020,3.246,5.490,2.954,0.706,0.458,-0.017,-0.535
31.300000,1565,0.53715,1.37714,-1.28747,1.42978,-0.81063,-0.54130,-0.48792,0.53088,1.36429,-1.28232,1.43283,-0.82479,-0.54924,-0.47330,0.48976,1.41404,-1.19441,1.48561,-0.88019,-0.49202,-0.53128,3.261,5.308,2.971,0.775,0.451,-0.026,-0.526
31.400000,1570,0.53676,1.37714,-1.28747,1.45763,-0.80223,-0.53100,-0.49898,0.52929,1.36148,-1.28117,1.46019,-0.81244,-0.53927,-0.48424,0.48821,1.41124,-1.19327,1.51302,-0.86787,-0.48197,-0.54224,3.272,5.174,2.982,0.844,0.444,-0.036,-0.518
31.500000,1575,0.53486,1.37447,-1.28671,1.48357,-0.78697,-0.52261,-0.50966,0.52787,1.35783,-1.27993,1.48637,-0.80036,-0.52985,-0.49514,0.48679,1.40759,-1.19200,1.53923,-0.85567,-0.47257,-0.55313,3.282,5.050,2.990,0.914,0.437,-0.047,-0.509
31.600000,1580,0.53409,1.36531,-1.28404,1.50875,-0.78011,-0.51498,-0.52110,0.52659,1.35333,-1.27867,1.51154,-0.78883,-0.52087,-0.50605,0.48548,1.40309,-1.19060,1.56439,-0.84355,-0.46378,-0.56401,3.292,4.933,2.996,0.984,0.430,-0.057,-0.501
31.700000,1585,0.53371,1.36035,-1.28251,1.53430,-0.76523,-0.50697,-0.52835,0.52533,1.34797,-1.27724,1.53574,-0.77621,-0.51282,-0.51697,0.48426,1.39772,-1.18908,1.58860,-0.83149,-0.45557,-0.57493,3.303,4.820,3.001,1.054,0.423,-0.068,-0.493
31.800000,1590,0.53295,1.35768,-1.28251,1.55719,-0.75455,-0.49972,-0.53980,0.52420,1.34176,-1.27570,1.55906,-0.76452,-0.50511,-0.52796,0.48313,1.39151,-1.18744,1.61195,-0.81946,-0.44791,-0.58592,3.314,4.711,3.003,1.124,0.417,-0.080,-0.485
31.900000,1595,0.53180,1.34929,-1.28060,1.58008,-0.74463,-0.49286,-0.55048,0.52314,1.33468,-1.27388,1.58156,-0.75267,-0.49793,-0.53906,0.48206,1.38443,-1.18569,1.63446,-0.80746,-0.44080,-0.59700,3.326,4.605,3.005,1.195,0.411,-0.093,-0.476
32.000000,1600,0.53142,1.33899,-1.27793,1.60259,-0.73090,-0.48828,-0.56192,0.52211,1.32674,-1.27209,1.60326,-0.74062,-0.49144,-0.55025,0.48106,1.37649,-1.18384,1.65618,-0.79550,-0.43424,-0.60818,3.338,4.501,3.005,1.266,0.404,-0.107,-0.468
32.100000,1605,0.53142,1.32831,-1.27412,1.62242,-0.72441,-0.48294,-0.57413,0.52118,1.31791,-1.27026,1.62416,-0.72938,-0.48528,-0.56156,0.48011,1.36767,-1.18189,1.67709,-0.78360,-0.42822,-0.61948,3.351,4.398,3.003,1.337,0.398,-0.122,-0.459
32.200000,1610,0.53104,1.31877,-1.27336,1.64341,-0.70839,-0.47645,-0.58252,0.52025,1.30820,-1.26826,1.64426,-0.71727,-0.47992,-0.57298,0.47920,1.35795,-1.17986,1.69720,-0.77177,-0.42278,-0.63090,3.365,4.296,3.000,1.408,0.392,-0.140,-0.451
32.300000,1615,0.52799,1.30809,-1.26916,1.66286,-0.70076,-0.47188,-0.59168,0.51935,1.29760,-1.26615,1.66356,-0.70567,-0.47510,-0.58450,0.47833,1.34735,-1.17774,1.71652,-0.76003,-0.41790,-0.64243,3.380,4.195,2.996,1.479,0.386,-0.160,-0.442
32.400000,1620,0.52570,1.29741,-1.26840,1.68041,-0.68588,-0.46921,-0.60389,0.51854,1.28613,-1.26399,1.68208,-0.69422,-0.47068,-0.59617,0.47749,1.33589,-1.17556,1.73506,-0.74842,-0.41359,-0.65408,3.395,4.093,2.990,1.550,0.379,-0.182,-0.433
32.500000,1625,0.52532,1.28253,-1.26725,1.69872,-0.67711,-0.46615,-0.61533,0.51775,1.27379,-1.26190,1.69983,-0.68325,-0.46681,-0.60795,0.47667,1.32354,-1.17331,1.75280,-0.73696,-0.40986,-0.66584,3.410,3.991,2.983,1.620,0.373,-0.208,-0.424
32.600000,1630,0.52227,1.27185,-1.26573,1.71589,-0.66681,-0.46463,-0.62868,0.51691,1.26054,-1.25968,1.71674,-0.67143,-0.46386,-0.61982,0.47587,1.31029,-1.17101,1.76973,-0.72567,-0.40673,-0.67772,3.427,3.888,2.975,1.691,0.366,-0.238,-0.415
32.700000,1635,0.52036,1.25735,-1.26191,1.73267,-0.65308,-0.46310,-0.63669,0.51611,1.24641,-1.25719,1.73283,-0.66053,-0.46138,-0.63178,0.47509,1.29616,-1.16866,1.78585,-0.71459,-0.40420,-0.68969,3.444,3.785,2.965,1.761,0.360,-0.270,-0.406
32.800000,1640,0.52036,1.24019,-1.26077,1.74755,-0.64812,-0.46272,-0.64966,0.51538,1.23141,-1.25495,1.74815,-0.65057,-0.45923,-0.64385,0.47432,1.28116,-1.16628,1.80117,-0.70375,-0.40227,-0.70175,3.462,3.680,2.955,1.830,0.353,-0.304,-0.397
32.900000,1645,0.51998,1.22455,-1.25695,1.76243,-0.63248,-0.46272,-0.65920,0.51456,1.21555,-1.25243,1.76264,-0.63895,-0.45813,-0.65599,0.47355,1.26530,-1.16388,1.81568,-0.69317,-0.40094,-0.71389,3.481,3.574,2.943,1.898,0.346,-0.341,-0.387
33.000000,1650,0.51998,1.20852,-1.25466,1.77540,-0.62561,-0.46272,-0.67255,0.51385,1.19881,-1.25025,1.77631,-0.62986,-0.45713,-0.66823,0.47278,1.24857,-1.16146,1.82936,-0.68290,-0.40023,-0.72609,3.500,3.467,2.929,1.966,0.339,-0.380,-0.378
33.100000,1655,0.51883,1.18831,-1.25123,1.78913,-0.61798,-0.46272,-0.68552,0.51306,1.18123,-1.24773,1.78914,-0.61997,-0.45711,-0.68045,0.47200,1.23099,-1.15903,1.84221,-0.67296,-0.40012,-0.73834,3.520,3.359,2.915,2.032,0.331,-0.419,-0.368
33.200000,1660,0.51731,1.17228,-1.24970,1.80134,-0.60349,-0.46310,-0.69697,0.51229,1.16282,-1.24541,1.80115,-0.61025,-0.45762,-0.69275,0.47122,1.21257,-1.15662,1.85423,-0.66339,-0.40062,-0.75062,3.540,3.250,2.899,2.097,0.323,-0.457,-0.359
33.300000,1665,0.51731,1.15168,-1.24856,1.81202,-0.60005,-0.46425,-0.70841,0.51152,1.14356,-1.24315,1.81230,-0.60194,-0.45859,-0.70503,0.47043,1.19332,-1.15422,1.86539,-0.65424,-0.40174,-0.76291,3.562,3.139,2.882,2.160,0.315,-0.493,-0.350
33.400000,1670,0.51731,1.13185,-1.24665,1.82156,-0.59319,-0.46615,-0.71947,0.51069,1.12351,-1.24080,1.82260,-0.59261,-0.46047,-0.71730,0.46962,1.17326,-1.15185,1.87570,-0.64552,-0.40346,-0.77518,3.584,3.026,2.864,2.221,0.305,-0.526,-0.340
33.500000,1675,0.51693,1.11010,-1.24284,1.83071,-0.58060,-0.46882,-0.73282,0.50991,1.10268,-1.23840,1.83206,-0.58459,-0.46266,-0.72956,0.46880,1.15243,-1.14953,1.88518,-0.63726,-0.40575,-0.78741,3.606,2.912,2.844,2.280,0.295,-0.555,-0.331
33.600000,1680,0.51464,1.08798,-1.24131,1.84063,-0.57449,-0.47111,-0.74274,0.50907,1.08109,-1.23638,1.84068,-0.57718,-0.46554,-0.74172,0.46797,1.13084,-1.14726,1.89380,-0.62950,-0.40863,-0.79959,3.629,2.796,2.823,2.336,0.284,-0.580,-0.322
33.700000,1685,0.51464,1.06547,-1.23979,1.84750,-0.57068,-0.47378,-0.75800,0.50825,1.05874,-1.23425,1.84839,-0.57036,-0.46895,-0.75383,0.46713,1.10850,-1.14506,1.90152,-0.62229,-0.41208,-0.81168,3.653,2.678,2.800,2.387,0.271,-0.602,-0.312
33.800000,1690,0.51464,1.04220,-1.23635,1.85436,-0.56381,-0.47836,-0.76525,0.50737,1.03569,-1.23200,1.85524,-0.56285,-0.47315,-0.76577,0.46628,1.08544,-1.14295,1.90838,-0.61564,-0.41609,-0.82366,3.677,2.559,2.776,2.434,0.257,-0.619,-0.303
33.900000,1695,0.51464,1.01779,-1.23559,1.86123,-0.55351,-0.48485,-0.78051,0.50656,1.01196,-1.23015,1.86123,-0.55777,-0.47744,-0.77765,0.46542,1.06172,-1.14093,1.91437,-0.60956,-0.42061,-0.83550,3.702,2.437,2.751,2.476,0.241,-0.632,-0.294
34.000000,1700,0.51426,0.99375,-1.23445,1.86504,-0.54893,-0.49133,-0.79081,0.50567,0.98759,-1.22823,1.86634,-0.55178,-0.48267,-0.78931,0.46455,1.03734,-1.13903,1.91948,-0.60409,-0.42565,-0.84719,3.727,2.314,2.723,2.509,0.221,-0.643,-0.286
34.100000,1705,0.50968,0.96896,-1.23368,1.86962,-0.54855,-0.49629,-0.80187,0.50479,0.96259,-1.22653,1.87057,-0.54753,-0.48821,-0.80077,0.46368,1.01234,-1.13725,1.92370,-0.59925,-0.43116,-0.85870,3.753,2.188,2.694,2.535,0.198,-0.650,-0.277
34.200000,1710,0.50586,0.94302,-1.23216,1.87344,-0.54703,-0.50087,-0.81293,0.50396,0.93702,-1.22499,1.87391,-0.54360,-0.49410,-0.81209,0.46282,0.98677,-1.13562,1.92704,-0.59504,-0.43713,-0.87000,3.780,2.061,2.663,2.552,0.171,-0.656,-0.269
34.300000,1715,0.50586,0.91517,-1.22987,1.87420,-0.54512,-0.50735,-0.82323,0.50312,0.91091,-1.22342,1.87635,-0.53975,-0.50054,-0.82317,0.46196,0.96066,-1.13414,1.92949,-0.59150,-0.44352,-0.88108,3.806,1.931,2.630,2.559,0.140,-0.659,-0.260
34.400000,1720,0.50319,0.88999,-1.22987,1.87496,-0.54474,-0.51536,-0.83239,0.50228,0.88429,-1.22220,1.87790,-0.53683,-0.50739,-0.83399,0.46113,0.93404,-1.13283,1.93104,-0.58863,-0.45031,-0.89191,3.834,1.800,2.595,2.559,0.105,-0.660,-0.252
34.500000,1725,0.50358,0.86253,-1.22949,1.87611,-0.54436,-0.52261,-0.84231,0.50147,0.85721,-1.22108,1.87856,-0.53471,-0.51456,-0.84454,0.46031,0.90696,-1.13171,1.93170,-0.58643,-0.45745,-0.90248,3.861,1.666,2.559,2.552,0.066,-0.660,-0.244
34.600000,1730,0.50358,0.83506,-1.22910,1.87611,-0.54436,-0.52757,-0.85375,0.50071,0.82971,-1.22036,1.87833,-0.53346,-0.52201,-0.85484,0.45954,0.87947,-1.13078,1.93147,-0.58490,-0.46492,-0.91277,3.889,1.530,2.520,2.543,0.023,-0.659,-0.236
34.700000,1735,0.50319,0.80607,-1.22872,1.87572,-0.54397,-0.53482,-0.86481,0.49998,0.80184,-1.21960,1.87720,-0.53264,-0.52980,-0.86483,0.45880,0.85159,-1.13007,1.93034,-0.58405,-0.47267,-0.92277,3.917,1.392,2.480,2.534,-0.021,-0.656,-0.228
34.800000,1740,0.50319,0.77746,-1.22872,1.87572,-0.54474,-0.54397,-0.87283,0.49931,0.77363,-1.21921,1.87518,-0.53215,-0.53783,-0.87454,0.45811,0.82338,-1.12957,1.92832,-0.58386,-0.48067,-0.93248,3.946,1.252,2.439,2.529,-0.066,-0.653,-0.221
34.900000,1745,0.50319,0.74923,-1.22872,1.87572,-0.54474,-0.55199,-0.88045,0.49870,0.74513,-1.21900,1.87227,-0.53277,-0.54603,-0.88393,0.45749,0.79488,-1.12932,1.92541,-0.58433,-0.48889,-0.94187,3.975,1.110,2.396,2.529,-0.109,-0.649,-0.213
35.000000,1750,0.50014,0.72024,-1.22834,1.87382,-0.54512,-0.56000,-0.89114,0.49815,0.71637,-1.21897,1.86848,-0.53371,-0.55448,-0.89300,0.45694,0.76612,-1.12930,1.92161,-0.58544,-0.49727,-0.95096,4.004,0.966,2.351,2.533,-0.152,-0.644,-0.206
35.100000,1755,0.50052,0.69162,-1.22796,1.87000,-0.54550,-0.56877,-0.89800,0.49766,0.68739,-1.21919,1.86380,-0.53451,-0.56317,-0.90177,0.45647,0.73714,-1.12953,1.91693,-0.58718,-0.50579,-0.95975,4.034,0.819,2.305,2.541,-0.190,-0.639,-0.199
35.200000,1760,0.50052,0.66187,-1.22796,1.86390,-0.54817,-0.57678,-0.90868,0.49733,0.65821,-1.21988,1.85823,-0.53800,-0.57161,-0.91027,0.45609,0.70797,-1.13001,1.91137,-0.58953,-0.51442,-0.96822,4.063,0.671,2.259,2.555,-0.224,-0.633,-0.192
35.300000,1765,0.50052,0.63250,-1.22796,1.85780,-0.54932,-0.58327,-0.91746,0.49706,0.62885,-1.22061,1.85177,-0.54042,-0.58042,-0.91843,0.45581,0.67861,-1.13076,1.90491,-0.59248,-0.52313,-0.97641,4.092,0.521,2.213,2.572,-0.253,-0.627,-0.185
35.400000,1770,0.50014,0.60350,-1.22834,1.85093,-0.55046,-0.59280,-0.92165,0.49686,0.59929,-1.22156,1.84437,-0.54286,-0.58942,-0.92630,0.45565,0.64904,-1.13177,1.89751,-0.59601,-0.53190,-0.98430,4.124,0.368,2.163,2.588,-0.280,-0.620,-0.177
35.500000,1775,0.50014,0.57146,-1.22834,1.84254,-0.55351,-0.60158,-0.92928,0.49699,0.56960,-1.22320,1.83538,-0.54852,-0.59788,-0.93360,0.45571,0.61936,-1.13323,1.88852,-0.60023,-0.54060,-0.99159,4.165,0.214,2.098,2.598,-0.310,-0.612,-0.162
35.600000,1780,0.50052,0.54170,-1.22834,1.83071,-0.55771,-0.60768,-0.93768,0.49726,0.53966,-1.22519,1.82478,-0.55266,-0.60667,-0.94032,0.45599,0.58942,-1.13512,1.87792,-0.60512,-0.54926,-0.99832,4.194,0.056,2.060,2.623,-0.326,-0.608,-0.161
35.700000,1785,0.50052,0.51195,-1.22834,1.82079,-0.56801,-0.61798,-0.94340,0.49751,0.50885,-1.22693,1.81444,-0.55788,-0.61571,-0.94769,0.45624,0.55860,-1.13696,1.86757,-0.61034,-0.55826,-1.00570,4.215,-0.109,2.028,2.650,-0.339,-0.604,-0.167
35.800000,1790,0.50052,0.47991,-1.22834,1.81011,-0.57526,-0.62752,-0.94950,0.49788,0.47714,-1.22898,1.80333,-0.56358,-0.62494,-0.95523,0.45659,0.52690,-1.13901,1.85646,-0.61614,-0.56747,-1.01324,4.246,-0.280,1.972,2.669,-0.357,-0.598,-0.162
35.900000,1795,0.50052,0.44634,-1.23025,1.79638,-0.57907,-0.63438,-0.95942,0.49847,0.44472,-1.23168,1.79023,-0.57076,-0.63416,-0.96235,0.45715,0.49448,-1.14160,1.84337,-0.62279,-0.57677,-1.02036,4.286,-0.457,1.915,2.687,-0.370,-0.591,-0.155
36.000000,1800,0.50052,0.41467,-1.23025,1.78531,-0.58174,-0.64354,-0.96667,0.50072,0.41670,-1.23121,1.78314,-0.57254,-0.64336,-0.97025,0.45948,0.46645,-1.14216,1.83628,-0.62491,-0.58581,-1.02822,4.506,-0.573,2.229,3.268,0.186,-0.574,-0.174
36.100000,1805,0.50205,0.39903,-1.22872,1.80057,-0.55313,-0.65117,-0.97544,0.50930,0.40995,-1.22112,1.80179,-0.55312,-0.65108,-0.97988,0.46827,0.45970,-1.13433,1.85485,-0.60744,-0.59321,-1.03763,4.591,-0.253,2.349,3.346,0.248,-0.544,-0.176
36.200000,1810,0.51082,0.39941,-1.21537,1.82995,-0.52528,-0.65689,-0.98918,0.52041,0.41078,-1.20977,1.82910,-0.52891,-0.65800,-0.98970,0.47947,0.46053,-1.12363,1.88214,-0.58295,-0.60007,-1.04736,4.619,-0.203,2.364,3.304,0.247,-0.532,-0.174
36.300000,1815,0.52379,0.39941,-1.20164,1.85780,-0.49782,-0.66261,-0.99680,0.53157,0.41179,-1.19859,1.85660,-0.50319,-0.66493,-0.99940,0.49073,0.46154,-1.11283,1.90966,-0.55826,-0.60693,-1.05711,4.640,-0.119,2.373,3.255,0.243,-0.508,-0.166
36.400000,1820,0.53524,0.40247,-1.19248,1.88374,-0.47378,-0.66414,-1.00062,0.53902,0.42260,-1.19001,1.87972,-0.48178,-0.66644,-1.00371,0.49851,0.47224,-1.10423,1.93285,-0.53810,-0.60842,-1.06150,4.524,0.157,2.342,3.197,0.220,0.012,0.264
36.500000,1825,0.53715,0.43108,-1.18867,1.89747,-0.46768,-0.64583,-0.98612,0.53891,0.45774,-1.18600,1.89502,-0.47016,-0.65662,-0.99762,0.49896,0.50307,-1.09974,1.94816,-0.52734,-0.59861,-1.05555,4.284,0.336,2.321,3.167,0.198,0.077,0.422
36.600000,1830,0.53715,0.47456,-1.18867,1.90968,-0.46234,-0.62943,-0.97468,0.53897,0.55243,-1.18546,1.90828,-0.46251,-0.64477,-0.98991,0.49835,0.53686,-1.09615,1.96141,-0.51868,-0.58684,-1.04791,4.269,0.507,2.327,3.138,0.191,0.069,0.429
36.700000,1835,0.53715,0.57108,-1.18867,1.92074,-0.45433,-0.61913,-0.96552,0.53928,0.61855,-1.18664,1.91999,-0.45742,-0.63132,-0.98169,0.49790,0.57028,-1.09320,1.97285,-0.51093,-0.57499,-1.03971,4.255,0.673,2.343,3.110,0.185,0.060,0.430
36.800000,1840,0.53715,0.63517,-1.18867,1.93028,-0.44708,-0.60387,-0.96056,0.53910,0.65278,-1.18407,1.93073,-0.45536,-0.61554,-0.97355,0.49762,0.60309,-1.09051,1.98352,-0.50378,-0.56323,-1.03156,4.238,0.833,2.380,3.085,0.183,0.050,0.422
36.900000,1845,0.53715,0.66416,-1.18867,1.94325,-0.44555,-0.58746,-0.95294,0.53898,0.68501,-1.18068,1.94168,-0.44779,-0.58563,-0.96598,0.49749,0.63526,-1.08771,1.99442,-0.49690,-0.55170,-1.02399,4.220,0.988,2.403,3.056,0.178,0.041,0.420
37.000000,1850,0.53715,0.69773,-1.18371,1.95240,-0.43945,-0.52795,-0.94264,0.53890,0.71711,-1.16028,1.95083,-0.43369,-0.48966,-0.97729,0.49752,0.66736,-1.08552,2.00354,-0.49091,-0.54001,-1.01564,4.203,1.142,2.398,3.012,0.160,0.033,0.428
37.100000,1855,0.53676,0.73053,-1.15968,1.95889,-0.42801,-0.47035,-0.99108,0.52670,0.74916,-1.07825,1.95846,-0.42806,-0.47536,-1.05899,0.49770,0.69941,-1.08385,2.01121,-0.48575,-0.52819,-1.00661,4.183,1.294,2.412,2.971,0.145,0.025,0.428
37.200000,1860,0.50663,0.76220,-1.07880,1.96575,-0.43144,-0.49820,-1.01969,0.47531,0.78111,-1.12276,1.97059,-0.51360,-0.56456,-0.96603,0.49798,0.73136,-1.08251,2.01795,-0.48130,-0.51635,-0.99719,4.161,1.443,2.426,2.925,0.126,0.016,0.428
37.300000,1865,0.50281,0.79653,-1.12496,1.97529,-0.49324,-0.48485,-0.94035,0.53677,0.81297,-1.16385,1.97277,-0.44175,-0.45404,-0.93666,0.49837,0.76322,-1.08150,2.02375,-0.47760,-0.50454,-0.98736,4.137,1.589,2.439,2.872,0.100,0.007,0.427
37.400000,1870,0.53448,0.82476,-1.14060,1.97682,-0.43831,-0.43525,-0.94187,0.53471,0.84471,-1.11472,1.97588,-0.41760,-0.43660,-1.02085,0.49883,0.79495,-1.08080,2.02864,-0.47465,-0.49278,-0.97709,4.112,1.734,2.453,2.813,0.070,-0.002,0.425
37.500000,1875,0.52379,0.85795,-1.10207,1.97758,-0.41961,-0.43297,-0.98956,0.47183,0.87629,-1.06098,1.98016,-0.45813,-0.51877,-0.98016,0.49935,0.82653,-1.08041,2.03261,-0.47251,-0.48113,-0.96639,4.085,1.876,2.465,2.742,0.030,-0.012,0.423
37.600000,1880,0.49022,0.89190,-1.10627,1.98445,-0.48065,-0.47684,-0.93005,0.53255,0.90766,-1.16828,1.98663,-0.48323,-0.43348,-0.90039,0.49993,0.85790,-1.08032,2.03564,-0.47120,-0.46965,-0.95524,4.056,2.016,2.478,2.663,-0.013,-0.021,0.420
37.700000,1885,0.53257,0.92051,-1.14289,1.98712,-0.45662,-0.41237,-0.88923,0.54107,0.93876,-1.14676,1.98508,-0.41585,-0.40133,-0.94680,0.50053,0.88901,-1.08050,2.03775,-0.47074,-0.45837,-0.94367,4.026,2.153,2.491,2.572,-0.062,-0.030,0.416
37.800000,1890,0.53638,0.95370,-1.13602,1.98712,-0.42419,-0.38643,-0.93691,0.51806,0.96954,-1.06468,1.98602,-0.41334,-0.40742,-0.98731,0.50114,0.91979,-1.08096,2.03893,-0.47115,-0.44738,-0.93167,3.994,2.288,2.504,2.476,-0.111,-0.039,0.412
37.900000,1895,0.49862,0.98460,-1.08147,1.98712,-0.44975,-0.43411,-0.92814,0.50612,0.99995,-1.15195,1.99207,-0.51430,-0.46610,-0.87580,0.50176,0.95019,-1.08166,2.03917,-0.47243,-0.43671,-0.91927,3.961,2.421,2.517,2.371,-0.159,-0.048,0.408
38.000000,1900,0.51883,1.01626,-1.13870,1.98712,-0.48065,-0.39863,-0.85642,0.54219,1.02991,-1.16306,1.98628,-0.42742,-0.37221,-0.86655,0.50237,0.98016,-1.08259,2.03847,-0.47462,-0.42643,-0.90649,3.927,2.551,2.532,2.270,-0.199,-0.058,0.402
38.100000,1905,0.53753,1.04449,-1.14556,1.98712,-0.44441,-0.35896,-0.88045,0.53568,1.05939,-1.11231,1.98400,-0.42015,-0.36044,-0.94480,0.50295,1.00964,-1.08373,2.03684,-0.47768,-0.41659,-0.89334,3.892,2.678,2.546,2.166,-0.235,-0.067,0.396
38.200000,1910,0.51998,1.07424,-1.10551,1.98597,-0.43983,-0.36964,-0.91441,0.47206,1.08832,-1.09431,1.98206,-0.47694,-0.44866,-0.87536,0.50350,1.03857,-1.08507,2.03429,-0.48162,-0.40724,-0.87987,3.857,2.803,2.561,2.071,-0.260,-0.077,0.390
38.300000,1915,0.50129,1.10400,-1.12458,1.98406,-0.50621,-0.39863,-0.84002,0.53946,1.11666,-1.17432,1.97974,-0.47070,-0.35468,-0.81104,0.50400,1.06690,-1.08659,2.03079,-0.48643,-0.39844,-0.86608,3.821,2.926,2.576,1.981,-0.280,-0.087,0.383
38.400000,1920,0.53829,1.13070,-1.15167,1.97987,-0.47378,-0.34141,-0.80378,0.54489,1.14434,-1.15611,1.97351,-0.43590,-0.33285,-0.86691,0.50445,1.09459,-1.08825,2.02638,-0.49209,-0.39021,-0.85204,3.784,3.046,2.592,1.895,-0.294,-0.098,0.375
38.500000,1925,0.53905,1.16008,-1.14823,1.97147,-0.45929,-0.32501,-0.85146,0.52539,1.17134,-1.09017,1.96808,-0.44067,-0.33240,-0.89391,0.50485,1.12159,-1.09006,2.02105,-0.49856,-0.38261,-0.83776,3.748,3.164,2.608,1.816,-0.303,-0.111,0.367
38.600000,1930,0.50434,1.18640,-1.09711,1.96652,-0.47188,-0.36735,-0.85413,0.48426,1.19761,-1.14996,1.96497,-0.53164,-0.42307,-0.78883,0.50518,1.14785,-1.09198,2.01479,-0.50583,-0.37567,-0.82329,3.712,3.280,2.625,1.741,-0.309,-0.124,0.359
38.700000,1935,0.51426,1.21310,-1.14556,1.96003,-0.52948,-0.35781,-0.76906,0.54404,1.22309,-1.17889,1.95551,-0.47508,-0.31823,-0.75688,0.50545,1.17334,-1.09400,2.00763,-0.51385,-0.36943,-0.80865,3.676,3.394,2.641,1.668,-0.311,-0.141,0.350
38.800000,1940,0.54058,1.23752,-1.15929,1.94935,-0.49667,-0.31356,-0.74427,0.54654,1.24777,-1.16657,1.94662,-0.46541,-0.30619,-0.79577,0.50565,1.19802,-1.09611,1.99957,-0.52259,-0.36390,-0.79391,3.641,3.505,2.658,1.596,-0.313,-0.161,0.340
38.900000,1945,0.53982,1.26231,-1.15739,1.93981,-0.49019,-0.30441,-0.79005,0.53411,1.27160,-1.11428,1.93761,-0.47402,-0.30448,-0.83466,0.50578,1.22185,-1.09829,1.99062,-0.53200,-0.35912,-0.77908,3.607,3.615,2.675,1.525,-0.312,-0.185,0.331
39.000000,1950,0.51540,1.28673,-1.11237,1.92913,-0.49705,-0.33035,-0.80836,0.47305,1.29457,-1.12717,1.92868,-0.54230,-0.39982,-0.74947,0.50585,1.24481,-1.10052,1.98078,-0.54204,-0.35509,-0.76421,3.574,3.723,2.692,1.456,-0.311,-0.213,0.321
39.100000,1955,0.50625,1.30809,-1.14365,1.92150,-0.57793,-0.35400,-0.72558,0.54218,1.31663,-1.19010,1.91849,-0.52704,-0.30522,-0.69492,0.50586,1.26688,-1.10280,1.97007,-0.55265,-0.35183,-0.74933,3.541,3.830,2.709,1.386,-0.309,-0.247,0.310
39.200000,1960,0.54058,1.33098,-1.16921,1.90701,-0.54130,-0.30708,-0.68819,0.54688,1.33778,-1.17964,1.90557,-0.50718,-0.29184,-0.70203,0.50582,1.28803,-1.10510,1.95849,-0.56379,-0.34936,-0.73448,3.511,3.934,2.726,1.316,-0.306,-0.285,0.300
39.300000,1965,0.54058,1.35120,-1.17150,1.89327,-0.52872,-0.29563,-0.71756,0.54157,1.35800,-1.14894,1.89307,-0.51746,-0.29026,-0.77154,0.50572,1.30824,-1.10741,1.94605,-0.57541,-0.34766,-0.71968,3.481,4.038,2.743,1.245,-0.302,-0.328,0.289
39.400000,1970,0.53638,1.37141,-1.14861,1.87992,-0.53177,-0.29487,-0.74541,0.49110,1.37726,-1.07925,1.87979,-0.53177,-0.35670,-0.76131,0.50557,1.32750,-1.10973,1.93277,-0.58746,-0.34674,-0.70498,3.453,4.140,2.761,1.174,-0.298,-0.374,0.278
39.500000,1975,0.49556,1.39087,-1.12420,1.86657,-0.58594,-0.36697,-0.68895,0.52939,1.39555,-1.19655,1.86795,-0.63008,-0.32800,-0.63889,0.50539,1.34580,-1.11204,1.91865,-0.59988,-0.34661,-0.69038,3.427,4.240,2.778,1.103,-0.294,-0.421,0.267
39.600000,1980,0.53371,1.40689,-1.17455,1.85169,-0.60272,-0.32424,-0.62868,0.54582,1.41287,-1.19257,1.85085,-0.55892,-0.29093,-0.62688,0.50517,1.36312,-1.11433,1.90371,-0.61263,-0.34724,-0.67591,3.403,4.340,2.795,1.032,-0.290,-0.465,0.256
39.700000,1985,0.54020,1.42558,-1.17913,1.83414,-0.58174,-0.30517,-0.61571,0.54627,1.42922,-1.19112,1.83495,-0.56782,-0.29069,-0.61882,0.50493,1.37946,-1.11659,1.88795,-0.62565,-0.34862,-0.66160,3.380,4.438,2.812,0.960,-0.285,-0.506,0.245
39.800000,1990,0.54096,1.44122,-1.18028,1.81736,-0.58365,-0.30517,-0.60541,0.54593,1.44457,-1.19083,1.81835,-0.58089,-0.29275,-0.62381,0.50468,1.39482,-1.11881,1.87138,-0.63890,-0.35076,-0.64746,3.359,4.535,2.828,0.888,-0.280,-0.542,0.234
39.900000,1995,0.54020,1.45686,-1.17989,1.79981,-0.59929,-0.30593,-0.63974,0.54136,1.45896,-1.16151,1.80101,-0.59431,-0.29602,-0.68664,0.50441,1.40920,-1.12099,1.85402,-0.65232,-0.35363,-0.63350,3.340,4.631,2.845,0.816,-0.275,-0.572,0.223
40.000000,2000,0.53829,1.46869,-1.15968,1.78150,-0.60959,-0.31013,-0.66492,0.50897,1.47235,-1.08763,1.78278,-0.60860,-0.33442,-0.67740,0.50416,1.42259,-1.12310,1.83587,-0.66589,-0.35721,-0.61972,3.323,4.726,2.862,0.744,-0.270,-0.597,0.212
40.100000,2005,0.49747,1.48548,-1.11771,1.76204,-0.65231,-0.37994,-0.62029,0.51797,1.48476,-1.20103,1.76611,-0.71863,-0.36296,-0.55868,0.50391,1.43501,-1.12515,1.81693,-0.67955,-0.36149,-0.60614,3.307,4.819,2.878,0.672,-0.264,-0.616,0.201
40.200000,2010,0.52761,1.49730,-1.17989,1.74373,-0.68054,-0.35286,-0.55086,0.54398,1.49615,-1.20822,1.74441,-0.64141,-0.31101,-0.54219,0.50368,1.44645,-1.12712,1.79722,-0.69327,-0.36645,-0.59275,3.294,4.911,2.894,0.600,-0.259,-0.630,0.190
40.300000,2015,0.54020,1.50531,-1.19210,1.72199,-0.66300,-0.33378,-0.53293,0.54492,1.50655,-1.20522,1.72372,-0.64927,-0.31417,-0.52894,0.50348,1.45692,-1.12901,1.77674,-0.70701,-0.37207,-0.57955,3.283,5.001,2.910,0.528,-0.253,-0.641,0.180
40.400000,2020,0.54058,1.51676,-1.19210,1.69910,-0.66261,-0.33340,-0.51882,0.54482,1.51591,-1.20622,1.70243,-0.66274,-0.32033,-0.51406,0.50333,1.46643,-1.13080,1.75548,-0.72074,-0.37834,-0.56654,3.273,5.089,2.926,0.457,-0.247,-0.648,0.169
40.500000,2025,0.54058,1.52477,-1.19210,1.67812,-0.67825,-0.33645,-0.50394,0.54471,1.52440,-1.20830,1.68040,-0.67643,-0.32722,-0.50086,0.50322,1.47499,-1.13248,1.73346,-0.73444,-0.38523,-0.55370,3.266,5.175,2.942,0.386,-0.241,-0.653,0.159
40.600000,2030,0.54058,1.53583,-1.19630,1.65409,-0.68817,-0.34217,-0.49288,0.54466,1.53193,-1.20996,1.65761,-0.69006,-0.33472,-0.48771,0.50317,1.48260,-1.13405,1.71067,-0.74808,-0.39273,-0.54102,3.260,5.257,2.957,0.316,-0.234,-0.656,0.149
40.700000,2035,0.54058,1.54384,-1.19782,1.63082,-0.70534,-0.35019,-0.47876,0.54468,1.53830,-1.21076,1.63400,-0.70363,-0.34282,-0.47457,0.50319,1.48929,-1.13550,1.68708,-0.76164,-0.40083,-0.52848,3.256,5.335,2.972,0.246,-0.228,-0.657,0.140
40.800000,2040,0.54058,1.54689,-1.19782,1.60640,-0.71411,-0.35896,-0.46694,0.54478,1.54359,-1.21209,1.60961,-0.71711,-0.35151,-0.46239,0.50329,1.49506,-1.13682,1.66268,-0.77513,-0.40952,-0.51605,3.254,5.408,2.986,0.176,-0.221,-0.657,0.130
40.900000,2045,0.54058,1.54842,-1.19782,1.58084,-0.73204,-0.36735,-0.45511,0.54497,1.54805,-1.21290,1.58432,-0.73053,-0.36080,-0.44956,0.50348,1.49992,-1.13800,1.63741,-0.78854,-0.41881,-0.50369,3.254,5.475,3.000,0.107,-0.214,-0.656,0.121
41.000000,2050,0.54096,1.55300,-1.19859,1.55490,-0.74043,-0.37689,-0.44328,0.54527,1.55180,-1.21396,1.55810,-0.74388,-0.37070,-0.43706,0.50377,1.50387,-1.13902,1.61120,-0.80189,-0.42871,-0.49138,3.257,5.536,3.014,0.038,-0.208,-0.654,0.113
41.100000,2055,0.54325,1.56063,-1.19973,1.52667,-0.75684,-0.38757,-0.43222,0.54569,1.55389,-1.21510,1.53081,-0.75717,-0.38120,-0.42461,0.50420,1.50680,-1.13988,1.58392,-0.81519,-0.43921,-0.47903,3.266,5.559,3.030,-0.031,-0.200,-0.651,0.105
41.200000,2060,0.54592,1.56024,-1.20240,1.49806,-0.76676,-0.39634,-0.41772,0.54640,1.54771,-1.21356,1.50212,-0.77019,-0.39205,-0.41232,0.50491,1.50764,-1.14044,1.55525,-0.82820,-0.45006,-0.46660,3.285,5.531,3.049,-0.097,-0.193,-0.647,0.097
41.300000,2065,0.54668,1.55185,-1.20240,1.46678,-0.78316,-0.40855,-0.40437,0.54619,1.47005,-1.16394,1.47230,-0.78338,-0.40587,-0.42257,0.50573,1.50809,-1.14087,1.52543,-0.84139,-0.46174,-0.45402,3.285,5.681,3.049,-0.163,-0.187,-0.647,0.090
41.400000,2070,0.53448,1.48548,-1.14785,1.43741,-0.79346,-0.46768,-0.44901,0.47793,1.45922,-1.08386,1.44132,-0.82025,-0.52320,-0.43844,0.50653,1.50845,-1.14126,1.49446,-0.85482,-0.47454,-0.44145,3.290,5.687,3.054,-0.232,-0.180,-0.643,0.081
41.500000,2075,0.48679,1.47518,-1.12496,1.40727,-0.86594,-0.53482,-0.40895,0.51021,1.46093,-1.21905,1.41460,-0.89641,-0.54019,-0.37320,0.50771,1.51066,-1.14005,1.46719,-0.86693,-0.48525,-0.42884,3.340,6.098,3.315,-0.261,-0.147,-0.500,0.073
41.600000,2080,0.52646,1.47975,-1.18028,1.40575,-0.85946,-0.52185,-0.36966,0.54920,1.47760,-1.21395,1.41850,-0.81856,-0.53134,-0.35930,0.51036,1.52724,-1.12905,1.47155,-0.86956,-0.47695,-0.41719,3.384,6.169,3.431,0.367,0.264,0.025,0.062
41.700000,2085,0.55126,1.50188,-1.17875,1.43626,-0.81024,-0.50239,-0.35440,0.55378,1.50133,-1.19752,1.43953,-0.80958,-0.51610,-0.34823,0.51374,1.55024,-1.11283,1.49257,-0.86692,-0.45824,-0.40623,3.357,6.166,3.476,0.343,0.306,0.033,0.057
41.800000,2090,0.55431,1.52820,-1.17265,1.45648,-0.79460,-0.48752,-0.34219,0.55714,1.52439,-1.18092,1.46089,-0.80657,-0.49731,-0.33724,0.51715,1.57341,-1.09647,1.51395,-0.86418,-0.43930,-0.39525,3.319,6.156,3.517,0.311,0.313,0.037,0.050
41.900000,2095,0.55698,1.54956,-1.15968,1.47899,-0.78697,-0.46844,-0.33647,0.56038,1.54146,-1.16977,1.48449,-0.80204,-0.47895,-0.33164,0.51999,1.59096,-1.08377,1.53738,-0.85909,-0.42101,-0.38965,3.227,6.087,3.497,0.304,0.447,0.035,-0.421
42.000000,2100,0.55698,1.55719,-1.15815,1.50913,-0.77706,-0.45318,-0.35783,0.56216,1.54456,-1.16973,1.51508,-0.79198,-0.46203,-0.34147,0.52127,1.59430,-1.08157,1.56750,-0.84735,-0.40479,-0.39941,3.168,5.750,3.207,0.358,0.464,0.026,-0.583
42.100000,2105,0.55698,1.55719,-1.15815,1.54270,-0.76065,-0.43831,-0.37538,0.56321,1.54460,-1.17016,1.54629,-0.77865,-0.44702,-0.35492,0.52232,1.59435,-1.08189,1.59876,-0.83388,-0.38977,-0.41286,3.175,5.544,3.204,0.414,0.458,0.017,-0.577
42.200000,2110,0.55698,1.55719,-1.15815,1.57360,-0.75073,-0.42381,-0.39064,0.56426,1.54389,-1.17052,1.57638,-0.76488,-0.43304,-0.36849,0.52339,1.59365,-1.08218,1.62887,-0.82030,-0.37574,-0.42643,3.169,5.492,3.201,0.471,0.450,0.008,-0.569
42.300000,2115,0.55889,1.55719,-1.15853,1.60221,-0.73471,-0.41237,-0.40208,0.56534,1.54325,-1.17071,1.60546,-0.75144,-0.42000,-0.38193,0.52450,1.59300,-1.08235,1.65801,-0.80681,-0.36268,-0.43986,3.180,5.307,3.212,0.525,0.444,-0.000,-0.561
42.400000,2120,0.56576,1.55643,-1.15891,1.63044,-0.72556,-0.39863,-0.41353,0.56677,1.54046,-1.17080,1.63317,-0.73798,-0.40715,-0.39526,0.52590,1.59021,-1.08221,1.68574,-0.79286,-0.34996,-0.45317,3.197,5.124,3.222,0.583,0.439,-0.008,-0.553
42.500000,2125,0.56804,1.54918,-1.15891,1.65676,-0.70686,-0.38795,-0.42459,0.56832,1.53649,-1.17041,1.65980,-0.72364,-0.39502,-0.40858,0.52746,1.58624,-1.08187,1.71239,-0.77863,-0.33783,-0.46648,3.208,4.995,3.224,0.642,0.433,-0.016,-0.545
42.600000,2130,0.56804,1.54346,-1.15891,1.68232,-0.69733,-0.37841,-0.43871,0.56999,1.53157,-1.17014,1.68553,-0.70958,-0.38344,-0.42197,0.52913,1.58132,-1.08136,1.73813,-0.76417,-0.32633,-0.47985,3.220,4.871,3.225,0.702,0.427,-0.025,-0.536
42.700000,2135,0.56843,1.54041,-1.15891,1.70749,-0.68207,-0.36621,-0.45053,0.57168,1.52567,-1.16936,1.71036,-0.69462,-0.37274,-0.43547,0.53090,1.57542,-1.08070,1.76302,-0.74943,-0.31546,-0.49337,3.233,4.755,3.223,0.763,0.421,-0.034,-0.528
42.800000,2140,0.57072,1.53469,-1.15891,1.73076,-0.67139,-0.35743,-0.46579,0.57362,1.51879,-1.16874,1.73447,-0.68059,-0.36218,-0.44922,0.53275,1.56854,-1.07991,1.78712,-0.73443,-0.30521,-0.50707,3.247,4.643,3.221,0.825,0.416,-0.044,-0.520
42.900000,2145,0.57339,1.52439,-1.15891,1.75518,-0.65308,-0.34751,-0.47647,0.57548,1.51092,-1.16765,1.75777,-0.66465,-0.35277,-0.46315,0.53468,1.56067,-1.07899,1.81046,-0.71917,-0.29560,-0.52101,3.261,4.535,3.216,0.888,0.411,-0.054,-0.511
43.000000,2150,0.57339,1.51485,-1.15891,1.77692,-0.63782,-0.33836,-0.49211,0.57753,1.50201,-1.16696,1.78038,-0.64971,-0.34356,-0.47742,0.53667,1.55177,-1.07794,1.83303,-0.70366,-0.28666,-0.53522,3.276,4.430,3.210,0.951,0.405,-0.065,-0.502
43.100000,2155,0.57415,1.50493,-1.15891,1.80019,-0.62447,-0.33187,-0.50623,0.57954,1.49209,-1.16573,1.80218,-0.63420,-0.33538,-0.49193,0.53871,1.54184,-1.07680,1.85487,-0.68796,-0.27840,-0.54973,3.292,4.327,3.202,1.015,0.400,-0.078,-0.493
43.200000,2160,0.57911,1.49120,-1.15891,1.82079,-0.60501,-0.32577,-0.52034,0.58163,1.48113,-1.16457,1.82327,-0.61828,-0.32773,-0.50679,0.54078,1.53088,-1.07555,1.87596,-0.67208,-0.27086,-0.56456,3.309,4.224,3.193,1.079,0.395,-0.092,-0.484
43.300000,2165,0.58445,1.48166,-1.15891,1.84025,-0.59433,-0.31776,-0.53255,0.58369,1.46909,-1.16313,1.84353,-0.60241,-0.32107,-0.52196,0.54288,1.51884,-1.07422,1.89629,-0.65608,-0.26408,-0.57974,3.327,4.123,3.183,1.144,0.389,-0.109,-0.474
43.400000,2170,0.58445,1.46831,-1.15891,1.86047,-0.57716,-0.31242,-0.54819,0.58580,1.45600,-1.16185,1.86309,-0.58701,-0.31496,-0.53750,0.54498,1.50575,-1.07281,1.91585,-0.64001,-0.25808,-0.59527,3.346,4.022,3.172,1.209,0.384,-0.131,-0.464
43.500000,2175,0.58521,1.45191,-1.15891,1.87954,-0.56419,-0.30860,-0.56307,0.58792,1.44184,-1.16035,1.88187,-0.57123,-0.30965,-0.55338,0.54707,1.49159,-1.07133,1.93465,-0.62391,-0.25289,-0.61116,3.365,3.920,3.159,1.274,0.379,-0.156,-0.454
43.600000,2180,0.58712,1.43741,-1.15891,1.89785,-0.54779,-0.30632,-0.57909,0.58998,1.42659,-1.15890,1.89986,-0.55511,-0.30538,-0.56969,0.54914,1.47634,-1.06979,1.95266,-0.60787,-0.24856,-0.62741,3.386,3.819,3.145,1.339,0.374,-0.188,-0.444
43.700000,2185,0.58750,1.42062,-1.15815,1.91425,-0.53291,-0.30517,-0.59282,0.59203,1.41025,-1.15723,1.91704,-0.53962,-0.30183,-0.58628,0.55118,1.46000,-1.06819,1.96987,-0.59193,-0.24510,-0.64402,3.408,3.717,3.130,1.404,0.368,-0.229,-0.433
43.800000,2190,0.59017,1.40155,-1.15815,1.93180,-0.51803,-0.30441,-0.61075,0.59404,1.39283,-1.15571,1.93347,-0.52434,-0.29911,-0.60328,0.55316,1.44258,-1.06655,1.98630,-0.57616,-0.24253,-0.66097,3.430,3.615,3.115,1.469,0.363,-0.276,-0.423
43.900000,2195,0.59055,1.38667,-1.15815,1.94706,-0.50049,-0.30441,-0.62944,0.59591,1.37430,-1.15406,1.94903,-0.50794,-0.29772,-0.62057,0.55508,1.42406,-1.06488,2.00189,-0.56064,-0.24090,-0.67826,3.454,3.512,3.098,1.533,0.357,-0.330,-0.412
44.000000,2200,0.59513,1.36340,-1.15815,1.96194,-0.49095,-0.30479,-0.64470,0.59784,1.35470,-1.15246,1.96378,-0.49456,-0.29661,-0.63816,0.55693,1.40445,-1.06318,2.01666,-0.54544,-0.24022,-0.69585,3.478,3.408,3.080,1.597,0.352,-0.393,-0.401
44.100000,2205,0.59627,1.34433,-1.15777,1.97567,-0.47226,-0.30517,-0.65996,0.59954,1.33402,-1.15060,1.97767,-0.47853,-0.29719,-0.65603,0.55868,1.38377,-1.06146,2.03059,-0.53063,-0.24050,-0.71373,3.504,3.304,3.061,1.660,0.346,-0.453,-0.390
44.200000,2210,0.59856,1.32030,-1.15701,1.98864,-0.46158,-0.30593,-0.68171,0.60124,1.31224,-1.14915,1.99073,-0.46536,-0.29820,-0.67419,0.56033,1.36200,-1.05974,2.04365,-0.51630,-0.24178,-0.73186,3.530,3.198,3.041,1.722,0.340,-0.514,-0.379
44.300000,2215,0.59933,1.29893,-1.15624,2.00047,-0.44555,-0.30899,-0.69773,0.60279,1.28940,-1.14738,2.00285,-0.45166,-0.30058,-0.69251,0.56187,1.33915,-1.05805,2.05580,-0.50250,-0.24408,-0.75017,3.558,3.091,3.018,1.783,0.334,-0.566,-0.368
44.400000,2220,0.60123,1.27337,-1.15548,2.01229,-0.43640,-0.31166,-0.71566,0.60427,1.26548,-1.14605,2.01409,-0.44046,-0.30337,-0.71099,0.56329,1.31523,-1.05640,2.06703,-0.48935,-0.24741,-0.76864,3.586,2.983,2.995,1.843,0.327,-0.609,-0.358
44.500000,2225,0.60123,1.25010,-1.15510,2.02259,-0.42114,-0.31623,-0.73473,0.60555,1.24056,-1.14433,2.02441,-0.42728,-0.30792,-0.72957,0.56458,1.29031,-1.05477,2.07739,-0.47690,-0.25171,-0.78722,3.615,2.874,2.973,1.900,0.320,-0.639,-0.347
44.600000,2230,0.60123,1.22340,-1.15205,2.03175,-0.41389,-0.32157,-0.75152,0.60667,1.21467,-1.14270,2.03385,-0.41543,-0.31345,-0.74819,0.56573,1.26443,-1.05316,2.08687,-0.46526,-0.25697,-0.80589,3.645,2.763,2.949,1.955,0.312,-0.662,-0.336
44.700000,2235,0.60161,1.19670,-1.15090,2.04090,-0.40397,-0.32959,-0.76792,0.60770,1.18785,-1.14110,2.04243,-0.40446,-0.31959,-0.76687,0.56674,1.23761,-1.05159,2.09548,-0.45447,-0.26314,-0.82459,3.676,2.651,2.924,2.007,0.303,-0.677,-0.326
44.800000,2240,0.60200,1.16847,-1.15052,2.04777,-0.39100,-0.33683,-0.78776,0.60858,1.16013,-1.13964,2.05014,-0.39477,-0.32668,-0.78558,0.56761,1.20988,-1.05008,2.10321,-0.44460,-0.27019,-0.84327,3.707,2.537,2.898,2.055,0.292,-0.687,-0.316
44.900000,2245,0.60429,1.13948,-1.14900,2.05540,-0.38643,-0.34332,-0.80797,0.60936,1.13153,-1.13850,2.05694,-0.38806,-0.33424,-0.80418,0.56833,1.18129,-1.04865,2.11001,-0.43574,-0.27812,-0.86187,3.739,2.422,2.868,2.097,0.279,-0.694,-0.306
45.000000,2250,0.60429,1.11048,-1.14785,2.06074,-0.37994,-0.35171,-0.82476,0.60998,1.10210,-1.13717,2.06276,-0.38049,-0.34301,-0.82259,0.56893,1.15185,-1.04734,2.11586,-0.42793,-0.28689,-0.88031,3.773,2.304,2.835,2.132,0.262,-0.697,-0.297
45.100000,2255,0.60429,1.07959,-1.14480,2.06494,-0.36964,-0.36239,-0.84078,0.61043,1.07186,-1.13605,2.06758,-0.37252,-0.35289,-0.84076,0.56939,1.12162,-1.04621,2.12070,-0.42123,-0.29652,-0.89850,3.807,2.184,2.800,2.157,0.239,-0.698,-0.288
45.200000,2260,0.60429,1.04792,-1.14480,2.06799,-0.36621,-0.37231,-0.86100,0.61081,1.04089,-1.13525,2.07141,-0.36842,-0.36309,-0.85864,0.56973,1.09065,-1.04525,2.12454,-0.41568,-0.30692,-0.91641,3.843,2.062,2.764,2.172,0.207,-0.697,-0.279
45.300000,2265,0.60429,1.01664,-1.14480,2.07142,-0.36544,-0.38299,-0.87740,0.61105,1.00926,-1.13447,2.07427,-0.36337,-0.37440,-0.87623,0.56997,1.05902,-1.04448,2.12741,-0.41133,-0.31800,-0.93400,3.879,1.938,2.725,2.177,0.163,-0.694,-0.271
45.400000,2270,0.60467,0.98460,-1.14480,2.07257,-0.36544,-0.39520,-0.89304,0.61122,0.97704,-1.13421,2.07616,-0.36148,-0.38587,-0.89342,0.57010,1.02679,-1.04394,2.12930,-0.40818,-0.32968,-0.95122,3.916,1.812,2.684,2.173,0.107,-0.689,-0.263
45.500000,2275,0.60467,0.95217,-1.14480,2.07447,-0.36544,-0.40435,-0.91288,0.61126,0.94429,-1.13399,2.07707,-0.35853,-0.39835,-0.91023,0.57016,0.99404,-1.04364,2.13021,-0.40625,-0.34189,-0.96803,3.955,1.683,2.641,2.161,0.037,-0.684,-0.256
45.600000,2280,0.60657,0.91746,-1.14480,2.07485,-0.36544,-0.41923,-0.92471,0.61129,0.91109,-1.13394,2.07701,-0.35873,-0.41096,-0.92656,0.57016,0.96084,-1.04361,2.13014,-0.40555,-0.35454,-0.98439,3.994,1.553,2.595,2.145,-0.040,-0.678,-0.249
45.700000,2285,0.60657,0.88389,-1.14480,2.07485,-0.36621,-0.42991,-0.94111,0.61128,0.87751,-1.13439,2.07596,-0.36006,-0.42385,-0.94244,0.57012,0.92726,-1.04388,2.12909,-0.40607,-0.36756,-1.00028,4.034,1.419,2.547,2.129,-0.118,-0.670,-0.243
45.800000,2290,0.60657,0.84994,-1.14480,2.07485,-0.36888,-0.44479,-0.95561,0.61123,0.84363,-1.13499,2.07393,-0.36141,-0.43733,-0.95778,0.57006,0.89338,-1.04448,2.12706,-0.40777,-0.38086,-1.01566,4.074,1.284,2.497,2.117,-0.187,-0.663,-0.237
45.900000,2295,0.60657,0.81560,-1.14480,2.07485,-0.37002,-0.45585,-0.97010,0.61118,0.80953,-1.13594,2.07092,-0.36319,-0.45096,-0.97263,0.57001,0.85928,-1.04542,2.12406,-0.41065,-0.39435,-1.03052,4.116,1.146,2.445,2.111,-0.243,-0.654,-0.231
46.000000,2300,0.60657,0.78013,-1.14480,2.07142,-0.37346,-0.46997,-0.98689,0.61118,0.77528,-1.13729,2.06694,-0.36666,-0.46475,-0.98695,0.56999,0.82503,-1.04674,2.12008,-0.41467,-0.40796,-1.04485,4.158,1.006,2.393,2.112,-0.286,-0.645,-0.226
46.100000,2305,0.60657,0.74541,-1.14480,2.06646,-0.38223,-0.48218,-0.99909,0.61128,0.74095,-1.13934,2.06199,-0.37539,-0.47793,-1.00070,0.57004,0.79070,-1.04845,2.11512,-0.41976,-0.42159,-1.05865,4.201,0.864,2.340,2.118,-0.318,-0.636,-0.221
46.200000,2310,0.60657,0.71146,-1.14480,2.06112,-0.39215,-0.49553,-1.01092,0.61139,0.70661,-1.14137,2.05608,-0.37849,-0.49198,-1.01397,0.57017,0.75636,-1.05057,2.10921,-0.42587,-0.43517,-1.07192,4.244,0.721,2.288,2.130,-0.340,-0.626,-0.217
46.300000,2315,0.60657,0.67713,-1.14518,2.05311,-0.39558,-0.50850,-1.02656,0.61165,0.67230,-1.14394,2.04921,-0.38513,-0.50552,-1.02677,0.57041,0.72205,-1.05310,2.10235,-0.43295,-0.44864,-1.08469,4.288,0.575,2.236,2.144,-0.357,-0.616,-0.213
46.400000,2320,0.60657,0.64241,-1.14518,2.04624,-0.40321,-0.52261,-1.03686,0.61207,0.63805,-1.14714,2.04138,-0.39513,-0.51862,-1.03902,0.57079,0.68780,-1.05606,2.09451,-0.44095,-0.46193,-1.09697,4.332,0.427,2.185,2.160,-0.369,-0.606,-0.210
46.500000,2325,0.60696,0.60846,-1.14632,2.03671,-0.41809,-0.53368,-1.04907,0.61256,0.60390,-1.15078,2.03237,-0.40198,-0.53198,-1.05068,0.57130,0.65366,-1.05957,2.08550,-0.44991,-0.47499,-1.10866,4.368,0.277,2.123,2.174,-0.381,-0.596,-0.205
46.600000,2330,0.60657,0.57375,-1.15281,2.02564,-0.42267,-0.54665,-1.05632,0.61306,0.56999,-1.15500,2.02144,-0.41032,-0.54496,-1.06127,0.57180,0.61974,-1.06399,2.07457,-0.46020,-0.48772,-1.11926,4.411,0.125,2.073,2.193,-0.389,-0.586,-0.201
46.700000,2335,0.60696,0.53942,-1.15853,2.01382,-0.43182,-0.55771,-1.06890,0.61406,0.53569,-1.15973,2.01034,-0.42483,-0.55710,-1.07231,0.57274,0.58544,-1.06840,2.06348,-0.47074,-0.50030,-1.13029,4.477,-0.032,2.050,2.217,-0.391,-0.577,-0.204
46.800000,2340,0.61001,0.50432,-1.16578,2.00237,-0.44746,-0.57182,-1.08035,0.61540,0.50092,-1.16439,1.99868,-0.43460,-0.56969,-1.08360,0.57407,0.55067,-1.07302,2.05181,-0.48178,-0.51274,-1.14159,4.524,-0.194,2.004,2.233,-0.397,-0.567,-0.203
46.900000,2345,0.61535,0.46884,-1.17112,1.98940,-0.45509,-0.58098,-1.09408,0.61694,0.46583,-1.16964,1.98542,-0.44550,-0.58211,-1.09449,0.57562,0.51558,-1.07835,2.03856,-0.49385,-0.52494,-1.15250,4.561,-0.359,1.950,2.247,-0.403,-0.557,-0.199
47.000000,2350,0.61726,0.43298,-1.17913,1.97415,-0.47188,-0.59395,-1.10133,0.61921,0.43141,-1.17528,1.97151,-0.45827,-0.59453,-1.10500,0.57786,0.48116,-1.08398,2.02464,-0.50558,-0.53747,-1.16301,4.716,-0.511,1.985,2.280,-0.348,-0.558,-0.202
47.100000,2355,0.62183,0.40666,-1.17875,1.97071,-0.45700,-0.61455,-1.11163,0.62846,0.41356,-1.17297,1.97202,-0.44403,-0.61746,-1.11451,0.58725,0.46332,-1.08319,2.02516,-0.49701,-0.55974,-1.17235,4.850,-0.476,2.403,2.861,0.261,-0.574,-0.174
47.200000,2360,0.63785,0.40208,-1.17684,1.98368,-0.41313,-0.64926,-1.12002,0.64357,0.41084,-1.16602,1.98408,-0.41563,-0.64875,-1.12157,0.60247,0.46059,-1.07741,2.03722,-0.47093,-0.59076,-1.17934,4.892,-0.345,2.437,2.809,0.265,-0.561,-0.165
47.300000,2365,0.65273,0.40170,-1.16959,1.99627,-0.38376,-0.68016,-1.12498,0.65921,0.40853,-1.15970,1.99669,-0.38896,-0.68059,-1.12856,0.61812,0.45828,-1.07138,2.04983,-0.44388,-0.62259,-1.18637,4.930,-0.337,2.444,2.740,0.261,-0.543,-0.165
47.400000,2370,0.67066,0.40170,-1.16311,2.00848,-0.35820,-0.71068,-1.13108,0.67501,0.40620,-1.15341,2.00942,-0.36200,-0.71273,-1.13566,0.63393,0.45595,-1.06529,2.06256,-0.41655,-0.65473,-1.19347,4.966,-0.327,2.448,2.668,0.257,-0.525,-0.164
47.500000,2375,0.68439,0.40132,-1.15624,2.02107,-0.32959,-0.74158,-1.13910,0.69085,0.40389,-1.14733,2.02219,-0.33525,-0.74486,-1.14276,0.64976,0.45365,-1.05919,2.07532,-0.38918,-0.68689,-1.20057,4.998,-0.280,2.448,2.594,0.253,-0.504,-0.158
47.600000,2380,0.69927,0.39941,-1.15052,2.03404,-0.30555,-0.75836,-1.14215,0.70145,0.41286,-1.14003,2.03515,-0.30914,-0.74798,-1.14465,0.66082,0.46232,-1.05372,2.08829,-0.36523,-0.70527,-1.20251,4.905,0.216,2.430,2.543,0.233,-0.034,0.365
47.700000,2385,0.70309,0.42459,-1.14404,2.04853,-0.28610,-0.72556,-1.12155,0.70163,0.48426,-1.13475,2.04983,-0.29163,-0.74798,-1.13601,0.66157,0.49597,-1.04854,2.10297,-0.34841,-0.69201,-1.19396,4.661,0.383,2.476,2.529,0.227,0.193,0.426
47.800000,2390,0.70309,0.52034,-1.14289,2.06417,-0.27770,-0.70839,-1.11125,0.70283,0.57958,-1.13660,2.06417,-0.28007,-0.73150,-1.12621,0.66154,0.53249,-1.04364,2.11714,-0.33283,-0.67463,-1.18422,4.630,0.538,2.469,2.502,0.225,0.183,0.435
47.900000,2395,0.70309,0.59893,-1.14213,2.07371,-0.26092,-0.69351,-1.09904,0.70310,0.61882,-1.13306,2.07674,-0.26869,-0.71165,-1.11562,0.66166,0.56918,-1.03976,2.12969,-0.31827,-0.65657,-1.17363,4.621,0.689,2.485,2.478,0.224,0.172,0.437
48.000000,2400,0.70347,0.63364,-1.13831,2.08821,-0.25634,-0.67215,-1.09141,0.70399,0.65537,-1.12892,2.08893,-0.26003,-0.68159,-1.10523,0.66250,0.60562,-1.03573,2.14179,-0.30367,-0.63822,-1.16324,4.634,0.836,2.528,2.452,0.226,0.160,0.436
48.100000,2405,0.70347,0.67331,-1.13488,2.09927,-0.23727,-0.64468,-1.07882,0.70503,0.69196,-1.12503,2.09984,-0.23913,-0.66791,-1.09430,0.66358,0.64221,-1.03229,2.15281,-0.28986,-0.61934,-1.15231,4.587,0.981,2.506,2.417,0.223,0.149,0.443
48.200000,2410,0.70347,0.70994,-1.13183,2.10881,-0.22926,-0.63362,-1.06929,0.70612,0.72894,-1.12326,2.10943,-0.22929,-0.65264,-1.08237,0.66466,0.67918,-1.02985,2.16241,-0.27737,-0.59979,-1.14038,4.559,1.124,2.508,2.385,0.222,0.136,0.446
48.300000,2415,0.70385,0.74694,-1.13183,2.11644,-0.21514,-0.61798,-1.05326,0.70738,0.76613,-1.12139,2.11800,-0.21651,-0.63308,-1.06976,0.66593,0.71638,-1.02797,2.17101,-0.26581,-0.57976,-1.12777,4.529,1.264,2.511,2.348,0.220,0.123,0.448
48.400000,2420,0.70423,0.78470,-1.13183,2.12292,-0.20484,-0.59814,-1.04220,0.70881,0.80352,-1.12021,2.12561,-0.20673,-0.61260,-1.05644,0.66736,0.75377,-1.02664,2.17862,-0.25527,-0.55930,-1.11445,4.495,1.402,2.513,2.307,0.217,0.110,0.450
48.500000,2425,0.70652,0.82247,-1.13068,2.13017,-0.19683,-0.57869,-1.02694,0.71036,0.84106,-1.11946,2.13223,-0.19687,-0.59152,-1.04236,0.66892,0.79131,-1.02584,2.18524,-0.24585,-0.53849,-1.10037,4.456,1.537,2.514,2.260,0.211,0.097,0.451
48.600000,2430,0.70843,0.85986,-1.13068,2.13436,-0.18539,-0.55885,-1.01512,0.71201,0.87867,-1.11919,2.13782,-0.18774,-0.57092,-1.02749,0.67057,0.82892,-1.02554,2.19086,-0.23766,-0.51742,-1.08550,4.414,1.669,2.516,2.205,0.201,0.083,0.451
48.700000,2435,0.71186,0.89838,-1.12992,2.13932,-0.18119,-0.53978,-0.99642,0.71369,0.91627,-1.11947,2.14244,-0.18208,-0.54946,-1.01183,0.67226,0.86652,-1.02572,2.19549,-0.23076,-0.49622,-1.06984,4.367,1.799,2.520,2.141,0.184,0.070,0.451
48.800000,2440,0.71491,0.93615,-1.12992,2.14238,-0.17814,-0.51803,-0.98116,0.71540,0.95376,-1.12016,2.14604,-0.17649,-0.52737,-0.99537,0.67396,0.90401,-1.02634,2.19908,-0.22528,-0.47498,-1.05338,4.317,1.925,2.524,2.065,0.153,0.056,0.450
48.900000,2445,0.71720,0.97430,-1.12992,2.14428,-0.17661,-0.49782,-0.96514,0.71705,0.99105,-1.12122,2.14859,-0.17096,-0.50769,-0.97813,0.67564,0.94129,-1.02738,2.20166,-0.22128,-0.45383,-1.03614,4.264,2.049,2.532,1.978,0.104,0.043,0.449
49.000000,2450,0.71720,1.01206,-1.12992,2.14466,-0.17433,-0.47951,-0.94874,0.71867,1.02802,-1.12269,2.15014,-0.16852,-0.48637,-0.96014,0.67725,0.97827,-1.02877,2.20321,-0.21881,-0.43291,-1.01815,4.207,2.169,2.541,1.881,0.031,0.029,0.447
49.100000,2455,0.71758,1.04907,-1.12992,2.14505,-0.17471,-0.46005,-0.92890,0.72017,1.06459,-1.12441,2.15064,-0.16688,-0.46585,-0.94140,0.67877,1.01484,-1.03050,2.20373,-0.21795,-0.41233,-0.99941,4.147,2.286,2.553,1.776,-0.061,0.016,0.444
49.200000,2460,0.71835,1.08454,-1.12992,2.14505,-0.17547,-0.43869,-0.91097,0.72157,1.10067,-1.12648,2.15013,-0.16776,-0.44548,-0.92198,0.68016,1.05092,-1.03251,2.20321,-0.21869,-0.39223,-0.97999,4.085,2.401,2.567,1.670,-0.153,0.004,0.440
49.300000,2465,0.72064,1.12078,-1.12992,2.14505,-0.17967,-0.41923,-0.89152,0.72279,1.13616,-1.12885,2.14851,-0.17014,-0.42602,-0.90185,0.68139,1.08641,-1.03482,2.20160,-0.22106,-0.37281,-0.95986,4.019,2.513,2.578,1.560,-0.230,-0.009,0.435
49.400000,2470,0.72064,1.15664,-1.12992,2.14505,-0.18272,-0.40245,-0.87054,0.72381,1.17100,-1.13147,2.14573,-0.17343,-0.40766,-0.88097,0.68241,1.12125,-1.03743,2.19883,-0.22504,-0.35432,-0.93899,3.953,2.622,2.593,1.463,-0.282,-0.020,0.430
49.500000,2475,0.72102,1.19174,-1.12992,2.14352,-0.18653,-0.38566,-0.85184,0.72473,1.20510,-1.13421,2.14201,-0.17864,-0.38979,-0.85960,0.68334,1.15535,-1.04014,2.19511,-0.23047,-0.33658,-0.91762,3.912,2.728,2.633,1.390,-0.297,-0.031,0.423
49.600000,2480,0.72369,1.22493,-1.13030,2.14009,-0.18958,-0.36697,-0.82934,0.72635,1.23863,-1.13615,2.13811,-0.18404,-0.37145,-0.83808,0.68495,1.18888,-1.04208,2.19119,-0.23569,-0.31902,-0.89609,3.887,2.831,2.690,1.327,-0.293,-0.039,0.416
49.700000,2485,0.72331,1.25888,-1.13030,2.13513,-0.19912,-0.35133,-0.80721,0.72734,1.27116,-1.13865,2.13287,-0.19193,-0.35483,-0.81610,0.68594,1.22141,-1.04453,2.18598,-0.24331,-0.30269,-0.87411,3.762,2.931,2.660,1.225,-0.338,-0.051,0.408
49.800000,2490,0.72369,1.29092,-1.13259,2.12712,-0.21133,-0.33683,-0.78585,0.72761,1.30260,-1.14163,2.12626,-0.20100,-0.33979,-0.79370,0.68622,1.25285,-1.04754,2.17938,-0.25343,-0.28774,-0.85171,3.690,3.030,2.679,1.155,-0.343,-0.060,0.399
49.900000,2495,0.72636,1.32297,-1.13297,2.11911,-0.21705,-0.32310,-0.76182,0.72765,1.33302,-1.14473,2.11866,-0.21241,-0.32587,-0.77108,0.68626,1.28326,-1.05059,2.17178,-0.26502,-0.27392,-0.82909,3.623,3.127,2.702,1.090,-0.343,-0.069,0.390
50.000000,2500,0.72636,1.35234,-1.13526,2.11071,-0.23612,-0.31051,-0.73893,0.72745,1.36236,-1.14778,2.11010,-0.22557,-0.31202,-0.74833,0.68606,1.31261,-1.05366,2.16322,-0.27796,-0.26130,-0.80634,3.556,3.223,2.724,1.027,-0.343,-0.078,0.379
50.100000,2505,0.72636,1.38171,-1.13984,2.10080,-0.24681,-0.30097,-0.72062,0.72662,1.39015,-1.15125,2.10016,-0.24028,-0.30142,-0.72561,0.68522,1.34040,-1.05708,2.15329,-0.29282,-0.25046,-0.78363,3.438,3.316,2.715,0.961,-0.345,-0.095,0.368
50.200000,2510,0.72598,1.40918,-1.14442,2.08859,-0.26550,-0.29029,-0.69658,0.72499,1.41617,-1.15509,2.08871,-0.25647,-0.28973,-0.70305,0.68358,1.36642,-1.06099,2.14183,-0.30974,-0.24167,-0.76106,3.405,3.411,2.754,0.909,-0.341,-0.104,0.356
50.300000,2515,0.72598,1.43398,-1.14632,2.07714,-0.28076,-0.28076,-0.67713,0.72404,1.44199,-1.15799,2.07723,-0.27238,-0.27634,-0.68039,0.68262,1.39224,-1.06408,2.13034,-0.32616,-0.23308,-0.73841,3.383,3.504,2.801,0.851,-0.336,-0.112,0.344
50.400000,2520,0.72559,1.46030,-1.14823,2.06455,-0.29525,-0.26245,-0.65310,0.72303,1.46682,-1.15943,2.06504,-0.28703,-0.21920,-0.65790,0.68165,1.41706,-1.06696,2.11814,-0.34319,-0.22561,-0.71588,3.328,3.595,2.826,0.790,-0.333,-0.130,0.331
50.500000,2525,0.72559,1.48357,-1.15167,2.05044,-0.31280,-0.19760,-0.63631,0.72161,1.49045,-1.14646,2.05204,-0.30305,-0.16370,-0.66781,0.68050,1.44070,-1.06980,2.10508,-0.36098,-0.21948,-0.69357,3.277,3.684,2.850,0.728,-0.329,-0.158,0.318
50.600000,2530,0.72445,1.50722,-1.14938,2.03633,-0.32692,-0.16326,-0.67217,0.70561,1.51284,-1.10694,2.03809,-0.32139,-0.15831,-0.72523,0.67921,1.46309,-1.07264,2.09111,-0.37940,-0.21476,-0.67152,3.229,3.773,2.872,0.667,-0.326,-0.200,0.305
50.700000,2535,0.68478,1.52896,-1.10665,2.02221,-0.34561,-0.17661,-0.69239,0.64200,1.53399,-1.08721,2.02378,-0.38943,-0.25108,-0.64368,0.67779,1.48424,-1.07546,2.07626,-0.39835,-0.21144,-0.64977,3.185,3.862,2.896,0.606,-0.322,-0.254,0.291
50.800000,2540,0.67524,1.54918,-1.11962,2.00733,-0.43487,-0.21934,-0.60884,0.71052,1.55395,-1.16666,2.00899,-0.40138,-0.16605,-0.57332,0.67626,1.50420,-1.07822,2.06059,-0.41772,-0.20939,-0.62841,3.145,3.950,2.921,0.545,-0.318,-0.318,0.277
50.900000,2545,0.71072,1.56673,-1.14632,1.98940,-0.41694,-0.17433,-0.56078,0.71552,1.57271,-1.15648,1.99115,-0.38120,-0.15123,-0.57098,0.67465,1.52296,-1.08094,2.04412,-0.43741,-0.20861,-0.60745,3.107,4.037,2.944,0.483,-0.314,-0.393,0.264
51.000000,2550,0.71453,1.58733,-1.14632,1.97109,-0.41542,-0.16021,-0.57947,0.70651,1.59020,-1.12998,1.97373,-0.39935,-0.15174,-0.63660,0.67297,1.54045,-1.08365,2.02676,-0.45729,-0.20915,-0.58691,3.074,4.123,2.966,0.422,-0.309,-0.470,0.250
51.100000,2555,0.70004,1.60259,-1.12725,1.95316,-0.42610,-0.16250,-0.60656,0.64435,1.60644,-1.05134,1.95576,-0.42226,-0.21895,-0.62209,0.67125,1.55669,-1.08632,2.00856,-0.47726,-0.21094,-0.56682,3.043,4.209,2.989,0.362,-0.305,-0.533,0.236
51.200000,2560,0.65426,1.61899,-1.10055,1.93485,-0.48752,-0.23727,-0.54514,0.69175,1.62149,-1.17260,1.93905,-0.52493,-0.19219,-0.49529,0.66950,1.57173,-1.08893,1.98957,-0.49725,-0.21387,-0.54721,3.017,4.295,3.013,0.301,-0.300,-0.580,0.223
51.300000,2565,0.69775,1.63463,-1.15014,1.91540,-0.50697,-0.19950,-0.48448,0.70822,1.63537,-1.17018,1.91695,-0.46316,-0.16146,-0.48364,0.66774,1.58561,-1.09148,1.96982,-0.51716,-0.21791,-0.52808,2.993,4.380,3.037,0.241,-0.294,-0.613,0.210
51.400000,2570,0.70652,1.64875,-1.15777,1.89365,-0.49591,-0.18310,-0.47075,0.70674,1.64810,-1.16344,1.89627,-0.47908,-0.16504,-0.52162,0.66600,1.59834,-1.09395,1.94931,-0.53692,-0.22299,-0.50942,2.973,4.464,3.061,0.182,-0.289,-0.636,0.197
51.500000,2575,0.70576,1.65981,-1.15624,1.87153,-0.50316,-0.18310,-0.51386,0.69314,1.65968,-1.11540,1.87499,-0.49843,-0.17250,-0.54727,0.66429,1.60993,-1.09634,1.92804,-0.55644,-0.22908,-0.49124,2.956,4.547,3.084,0.123,-0.283,-0.651,0.184
51.600000,2580,0.67562,1.67202,-1.11199,1.84940,-0.52109,-0.21247,-0.52454,0.62855,1.67015,-1.09644,1.85350,-0.56745,-0.27531,-0.46489,0.66263,1.62040,-1.09865,1.90605,-0.57565,-0.23613,-0.47350,2.942,4.629,3.107,0.065,-0.276,-0.659,0.172
51.700000,2585,0.66380,1.68003,-1.12992,1.82842,-0.61302,-0.25939,-0.44138,0.69617,1.67949,-1.18705,1.83140,-0.57030,-0.19893,-0.40132,0.66103,1.62978,-1.10087,1.88331,-0.59450,-0.24408,-0.45619,2.930,4.708,3.130,0.007,-0.270,-0.664,0.160
51.800000,2590,0.69698,1.68651,-1.16387,1.80324,-0.58365,-0.22468,-0.39674,0.70066,1.68782,-1.17961,1.80688,-0.55637,-0.19546,-0.38910,0.65952,1.63807,-1.10299,1.85984,-0.61292,-0.25291,-0.43929,2.922,4.785,3.153,-0.050,-0.263,-0.666,0.149
51.900000,2595,0.70080,1.69758,-1.16692,1.77807,-0.57907,-0.21934,-0.37920,0.69951,1.69504,-1.17990,1.78260,-0.57292,-0.20457,-0.37181,0.65810,1.64530,-1.10502,1.83563,-0.63087,-0.26255,-0.42275,2.917,4.858,3.175,-0.106,-0.256,-0.665,0.138
52.000000,2600,0.70080,1.70063,-1.16807,1.75327,-0.59128,-0.22468,-0.35974,0.69823,1.70123,-1.18161,1.75762,-0.59031,-0.21497,-0.35414,0.65679,1.65151,-1.10693,1.81067,-0.64832,-0.27298,-0.40651,2.914,4.925,3.196,-0.161,-0.249,-0.664,0.127
52.100000,2605,0.70080,1.71245,-1.16998,1.72733,-0.60768,-0.23460,-0.34257,0.69707,1.70639,-1.18367,1.73187,-0.60724,-0.22615,-0.33743,0.65562,1.65669,-1.10874,1.78492,-0.66525,-0.28416,-0.39054,2.915,4.987,3.217,-0.216,-0.241,-0.661,0.117
52.200000,2610,0.70080,1.71474,-1.17188,1.70101,-0.62447,-0.24452,-0.32770,0.69606,1.71037,-1.18493,1.70529,-0.62366,-0.23805,-0.32151,0.65459,1.66089,-1.11043,1.75834,-0.68167,-0.29607,-0.37475,2.917,5.040,3.236,-0.270,-0.234,-0.658,0.108
52.300000,2615,0.70080,1.71550,-1.17265,1.67316,-0.63705,-0.25787,-0.31091,0.69517,1.71270,-1.18559,1.67760,-0.63939,-0.25065,-0.30509,0.65369,1.66351,-1.11200,1.73067,-0.69741,-0.30866,-0.35917,2.921,5.008,3.257,-0.323,-0.225,-0.654,0.099
52.400000,2620,0.70042,1.71589,-1.17265,1.64341,-0.65498,-0.26893,-0.29451,0.69442,1.71311,-1.18702,1.64860,-0.65436,-0.26387,-0.28957,0.65293,1.66414,-1.11340,1.70169,-0.71237,-0.32189,-0.34377,2.940,5.070,3.277,-0.372,-0.218,-0.651,0.091
52.500000,2625,0.70042,1.71589,-1.17265,1.61403,-0.66528,-0.28495,-0.27925,0.69401,1.71443,-1.18786,1.61900,-0.66942,-0.27794,-0.27346,0.65251,1.66556,-1.11470,1.67209,-0.72743,-0.33595,-0.32793,2.959,5.194,3.290,-0.424,-0.211,-0.647,0.084
52.600000,2630,0.70042,1.71589,-1.17265,1.58313,-0.68398,-0.29830,-0.26437,0.69380,1.71477,-1.18862,1.58821,-0.68413,-0.29291,-0.25751,0.65231,1.66615,-1.11599,1.64129,-0.74214,-0.35093,-0.31204,2.962,5.153,3.294,-0.477,-0.202,-0.643,0.075
52.700000,2635,0.70042,1.71589,-1.17265,1.55109,-0.69389,-0.31395,-0.24568,0.69369,1.71467,-1.18563,1.55731,-0.69781,-0.30781,-0.24153,0.65222,1.66593,-1.11646,1.61038,-0.75582,-0.36582,-0.29612,2.961,5.442,3.560,-0.514,-0.185,-0.622,0.070
52.800000,2640,0.70004,1.72275,-1.16464,1.53621,-0.70343,-0.30746,-0.23118,0.69172,1.72529,-1.12848,1.54812,-0.70231,-0.30608,-0.22850,0.65056,1.67563,-1.10199,1.60067,-0.76030,-0.36409,-0.27913,2.780,5.657,3.752,0.040,0.274,0.022,0.065
52.900000,2645,0.69737,1.74488,-1.08147,1.55261,-0.68398,-0.27961,-0.21592,0.68562,1.74217,-1.00100,1.55817,-0.69898,-0.29180,-0.20871,0.64679,1.69242,-1.07359,1.61067,-0.75564,-0.34646,-0.26209,2.724,5.679,3.791,0.068,0.374,0.038,0.060
53.000000,2650,0.69393,1.76510,-0.97466,1.56482,-0.67978,-0.26245,-0.19761,0.68142,1.75941,-0.96168,1.56912,-0.69475,-0.27600,-0.18856,0.64288,1.70966,-1.04428,1.62167,-0.75050,-0.32793,-0.24492,2.692,5.692,3.820,0.024,0.373,0.042,0.056
53.100000,2655,0.68630,1.78264,-0.92431,1.57550,-0.67673,-0.24414,-0.17930,0.67907,1.77487,-0.93773,1.58244,-0.69021,-0.25370,-0.17512,0.63951,1.72512,-1.01766,1.63444,-0.74461,-0.30944,-0.23089,2.757,5.673,3.821,0.002,0.419,0.045,-0.031
53.200000,2660,0.68668,1.79104,-0.91439,1.60144,-0.66757,-0.22163,-0.19609,0.68094,1.77944,-0.94320,1.61245,-0.68469,-0.23319,-0.18448,0.64018,1.72980,-1.00921,1.66005,-0.73366,-0.29098,-0.23798,3.017,5.376,3.537,0.042,0.444,0.042,-0.608
53.300000,2665,0.68707,1.79256,-0.92850,1.64379,-0.65422,-0.20332,-0.22165,0.68443,1.78017,-0.95681,1.65098,-0.67689,-0.21474,-0.20292,0.64339,1.73078,-1.00916,1.69194,-0.72022,-0.27274,-0.25434,3.040,5.197,3.470,0.080,0.439,0.035,-0.604
53.400000,2670,0.68935,1.79256,-0.94300,1.68003,-0.64926,-0.18691,-0.24110,0.68793,1.77903,-0.96156,1.68158,-0.66275,-0.19729,-0.21940,0.64685,1.72972,-1.00939,1.72252,-0.70569,-0.25530,-0.27107,3.051,4.993,3.451,0.119,0.435,0.027,-0.597
53.500000,2675,0.69279,1.79218,-0.94948,1.70826,-0.63095,-0.17242,-0.25789,0.69159,1.77701,-0.96152,1.70773,-0.64225,-0.18065,-0.23857,0.65059,1.72758,-1.00961,1.75194,-0.69034,-0.23866,-0.28775,3.065,4.862,3.448,0.160,0.429,0.018,-0.589
53.600000,2680,0.69851,1.79218,-0.94986,1.73305,-0.61111,-0.15449,-0.27696,0.69558,1.77549,-0.95758,1.73448,-0.62440,-0.16456,-0.25644,0.65471,1.72589,-1.00944,1.78077,-0.67461,-0.22257,-0.30391,3.078,4.814,3.466,0.199,0.423,0.011,-0.580
53.700000,2685,0.70118,1.79027,-0.94986,1.76014,-0.59738,-0.14037,-0.29298,0.70004,1.77310,-0.95805,1.76210,-0.61136,-0.14903,-0.27239,0.65915,1.72352,-1.00904,1.80878,-0.65812,-0.20704,-0.31997,3.082,4.596,3.444,0.237,0.419,0.004,-0.573
53.800000,2690,0.70576,1.78455,-0.94986,1.78684,-0.57945,-0.12702,-0.30557,0.70466,1.76829,-0.96288,1.78925,-0.59185,-0.13429,-0.29172,0.66375,1.71879,-1.00876,1.83550,-0.64034,-0.19230,-0.33658,3.094,4.450,3.428,0.279,0.415,-0.005,-0.565
53.900000,2695,0.70995,1.77578,-0.94986,1.81316,-0.56190,-0.11367,-0.33151,0.70891,1.76253,-0.95638,1.81483,-0.57364,-0.12030,-0.35092,0.66855,1.71288,-1.00842,1.86140,-0.62160,-0.17831,-0.35353,3.107,4.328,3.416,0.323,0.411,-0.014,-0.557
54.000000,2700,0.71110,1.77273,-0.94796,1.83796,-0.54436,-0.10184,-0.40895,0.66203,1.75561,-0.92807,1.84514,-0.56169,-0.11426,-0.42626,0.67354,1.70586,-1.00801,1.88654,-0.60196,-0.16511,-0.37089,3.122,4.213,3.401,0.368,0.407,-0.023,-0.548
54.100000,2705,0.66380,1.76548,-0.93537,1.89632,-0.56572,-0.09841,-0.45435,0.63961,1.74747,-0.92711,1.95601,-0.63284,-0.09777,-0.44522,0.67871,1.69772,-1.00755,1.91093,-0.58146,-0.15276,-0.38876,3.138,4.102,3.385,0.414,0.402,-0.033,-0.539
54.200000,2710,0.65311,1.74526,-0.93422,1.98101,-0.59395,-0.08048,-0.47762,0.64365,1.73818,-0.92286,1.98738,-0.61785,-0.08344,-0.46451,0.68401,1.68843,-1.00703,1.93459,-0.56013,-0.14132,-0.40722,3.156,3.995,3.368,0.460,0.398,-0.043,-0.529
54.300000,2715,0.65350,1.74106,-0.92812,2.00695,-0.58365,-0.06942,-0.50051,0.64901,1.72771,-0.92199,2.01063,-0.59605,-0.07287,-0.48368,0.68943,1.67797,-1.00648,1.95751,-0.53805,-0.13088,-0.42631,3.175,3.890,3.349,0.508,0.394,-0.055,-0.519
54.400000,2720,0.65464,1.72809,-0.92698,2.03137,-0.56534,-0.05912,-0.52149,0.65452,1.71601,-0.92148,2.03281,-0.57332,-0.06351,-0.50354,0.69494,1.66627,-1.00589,1.97967,-0.51531,-0.12152,-0.44612,3.195,3.787,3.327,0.556,0.391,-0.070,-0.509
54.500000,2725,0.65693,1.71207,-0.92698,2.05158,-0.54474,-0.05149,-0.53713,0.66002,1.70286,-0.92070,2.05409,-0.55000,-0.05539,-0.52411,0.70045,1.65314,-1.00533,2.00095,-0.49199,-0.11340,-0.46672,3.217,3.684,3.302,0.605,0.387,-0.090,-0.498
54.600000,2730,0.66761,1.70215,-0.92621,2.07257,-0.52070,-0.04615,-0.55925,0.66562,1.68837,-0.92047,2.07456,-0.52622,-0.04859,-0.54566,0.70599,1.63866,-1.00481,2.02142,-0.46820,-0.10660,-0.48813,3.244,3.583,3.277,0.655,0.383,-0.117,-0.486
54.700000,2735,0.67104,1.68193,-0.92583,2.09278,-0.49553,-0.04310,-0.58176,0.67119,1.67261,-0.91981,2.09431,-0.50209,-0.04311,-0.56786,0.71155,1.62298,-1.00433,2.04117,-0.44407,-0.10112,-0.51034,3.272,3.483,3.252,0.706,0.379,-0.155,-0.475
54.800000,2740,0.67333,1.66477,-0.92583,2.11148,-0.47035,-0.04005,-0.60274,0.67683,1.65571,-0.91965,2.11333,-0.47772,-0.03904,-0.59097,0.71711,1.60607,-1.00385,2.06020,-0.41971,-0.09705,-0.53337,3.303,3.383,3.228,0.756,0.376,-0.209,-0.462
54.900000,2745,0.68439,1.64760,-0.92354,2.12979,-0.44708,-0.03661,-0.62601,0.68264,1.63802,-0.91871,2.13176,-0.45292,-0.03588,-0.61451,0.72295,1.58831,-1.00301,2.07862,-0.39491,-0.09389,-0.55683,3.353,3.285,3.264,0.806,0.374,-0.208,-0.448
55.000000,2750,0.68859,1.62891,-0.92125,2.14772,-0.42000,-0.03471,-0.64814,0.68925,1.62005,-0.91659,2.14981,-0.42726,-0.03271,-0.63776,0.72963,1.57036,-1.00120,2.09668,-0.36925,-0.09072,-0.58013,3.383,3.183,3.236,0.849,0.369,-0.295,-0.436
55.100000,2755,0.69508,1.60945,-0.92049,2.16488,-0.39482,-0.03585,-0.67217,0.69508,1.59979,-0.91614,2.16664,-0.40249,-0.03266,-0.66276,0.73533,1.55013,-1.00027,2.11350,-0.34448,-0.09067,-0.60505,3.403,3.081,3.169,0.896,0.364,-0.471,-0.425
55.200000,2760,0.70080,1.58695,-0.92011,2.18090,-0.37193,-0.04043,-0.69658,0.70034,1.57787,-0.91492,2.18255,-0.37823,-0.03465,-0.68851,0.74063,1.52837,-0.99951,2.12941,-0.32022,-0.09266,-0.63086,3.439,2.982,3.146,0.945,0.360,-0.566,-0.412
55.300000,2765,0.70385,1.56406,-0.92011,2.19578,-0.34980,-0.04768,-0.72138,0.70548,1.55480,-0.91426,2.19761,-0.35447,-0.03839,-0.71498,0.74572,1.50532,-0.99870,2.14447,-0.29645,-0.09640,-0.65728,3.477,2.882,3.124,0.994,0.355,-0.633,-0.399
55.400000,2770,0.70690,1.53850,-0.92011,2.21028,-0.32730,-0.05340,-0.74961,0.71034,1.53046,-0.91342,2.21182,-0.33137,-0.04387,-0.74196,0.75054,1.48098,-0.99782,2.15869,-0.27336,-0.10188,-0.68424,3.517,2.784,3.102,1.042,0.350,-0.677,-0.386
55.500000,2775,0.71529,1.51332,-0.91935,2.22363,-0.30784,-0.06103,-0.77593,0.71492,1.50477,-0.91244,2.22514,-0.30915,-0.05116,-0.76939,0.75507,1.45533,-0.99687,2.17200,-0.25114,-0.10917,-0.71166,3.557,2.685,3.080,1.089,0.345,-0.701,-0.373
55.600000,2780,0.71758,1.48624,-0.91744,2.23622,-0.28495,-0.07209,-0.80187,0.71911,1.47766,-0.91110,2.23757,-0.28796,-0.06022,-0.79712,0.75929,1.42841,-0.99586,2.18443,-0.22995,-0.11823,-0.73944,3.599,2.586,3.058,1.136,0.339,-0.715,-0.360
55.700000,2785,0.72178,1.45801,-0.91553,2.24728,-0.26321,-0.08163,-0.83010,0.72311,1.44928,-0.91019,2.24908,-0.26798,-0.07103,-0.82522,0.76317,1.40022,-0.99477,2.19595,-0.20997,-0.12904,-0.76749,3.642,2.487,3.036,1.181,0.332,-0.722,-0.348
55.800000,2790,0.72369,1.42864,-0.91553,2.25796,-0.24681,-0.09498,-0.86024,0.72663,1.41986,-0.90908,2.25963,-0.24940,-0.08362,-0.85339,0.76668,1.37079,-0.99364,2.20650,-0.19139,-0.14163,-0.79567,3.685,2.389,3.010,1.224,0.325,-0.725,-0.335
55.900000,2795,0.72865,1.39659,-0.91439,2.26788,-0.23040,-0.10795,-0.88465,0.72984,1.38887,-0.90778,2.26919,-0.23232,-0.09801,-0.88157,0.76983,1.34019,-0.99252,2.21606,-0.17431,-0.15603,-0.82385,3.729,2.289,2.984,1.265,0.317,-0.726,-0.324
56.000000,2800,0.73208,1.36531,-0.91362,2.27627,-0.21438,-0.12550,-0.91593,0.73269,1.35681,-0.90676,2.27776,-0.21694,-0.11405,-0.90966,0.77259,1.30846,-0.99138,2.22463,-0.15893,-0.17206,-0.85192,3.772,2.190,2.959,1.303,0.309,-0.725,-0.313
56.100000,2805,0.73399,1.33212,-0.91324,2.28352,-0.20370,-0.14114,-0.94225,0.73521,1.32381,-0.90582,2.28533,-0.20343,-0.13159,-0.93751,0.77496,1.27568,-0.99022,2.23219,-0.14541,-0.18960,-0.87977,3.816,2.090,2.933,1.336,0.298,-0.722,-0.302
56.200000,2810,0.73437,1.29817,-0.90943,2.29039,-0.18882,-0.16059,-0.96667,0.73696,1.28960,-0.90403,2.29187,-0.19189,-0.15052,-0.96487,0.77693,1.24195,-0.98909,2.23873,-0.13388,-0.20853,-0.90727,3.860,1.990,2.904,1.363,0.285,-0.718,-0.292
56.300000,2815,0.73475,1.26193,-0.90905,2.29382,-0.18157,-0.18043,-0.99604,0.73867,1.25414,-0.90307,2.29737,-0.18240,-0.17074,-0.99191,0.77853,1.20738,-0.98803,2.24423,-0.12439,-0.22876,-0.93427,3.905,1.889,2.873,1.383,0.265,-0.712,-0.283
56.400000,2820,0.73704,1.22607,-0.90905,2.29993,-0.17814,-0.20141,-1.02122,0.74006,1.21890,-0.90251,2.30182,-0.17508,-0.19201,-1.01836,0.77976,1.17209,-0.98706,2.24869,-0.11706,-0.25003,-0.96070,3.951,1.788,2.840,1.393,0.230,-0.706,-0.274
56.500000,2825,0.73704,1.19059,-0.90867,2.30221,-0.17547,-0.22125,-1.04487,0.74091,1.18152,-0.90150,2.30524,-0.16996,-0.21413,-1.04411,0.78067,1.13617,-0.98623,2.25212,-0.11194,-0.27214,-0.98650,3.999,1.685,2.804,1.393,0.167,-0.697,-0.266
56.600000,2830,0.73704,1.15168,-0.90828,2.30450,-0.17471,-0.24490,-1.07196,0.74161,1.14105,-0.90072,2.30762,-0.16704,-0.23692,-1.06925,0.78130,1.09973,-0.98559,2.25452,-0.10903,-0.29493,-1.01160,4.050,1.582,2.764,1.382,0.063,-0.688,-0.260
56.700000,2835,0.73742,1.10629,-0.90790,2.30603,-0.17509,-0.26664,-1.09484,0.74085,1.03406,-0.89562,2.30838,-0.16628,-0.26144,-1.09386,0.78168,1.06288,-0.98519,2.25592,-0.10830,-0.31821,-1.03595,4.102,1.477,2.720,1.363,-0.071,-0.678,-0.254
56.800000,2840,0.73704,0.99948,-0.90256,2.30603,-0.17890,-0.29106,-1.11850,0.74056,0.97687,-0.89261,2.30807,-0.16773,-0.28612,-1.11755,0.78188,1.02571,-0.98509,2.25631,-0.10971,-0.34184,-1.05954,4.156,1.371,2.673,1.339,-0.196,-0.666,-0.249
56.900000,2845,0.73704,0.94607,-0.90256,2.30603,-0.18272,-0.31509,-1.13910,0.74051,0.93859,-0.89322,2.30725,-0.17118,-0.31449,-1.14036,0.78193,0.98831,-0.98534,2.25570,-0.11321,-0.36565,-1.08234,4.211,1.263,2.622,1.315,-0.282,-0.654,-0.244
57.000000,2850,0.73704,0.90868,-0.90256,2.30603,-0.18882,-0.34446,-1.16313,0.74018,0.90111,-0.89499,2.30544,-0.17721,-0.34630,-1.16231,0.78161,0.95086,-0.98627,2.25414,-0.11921,-0.38956,-1.10431,4.218,1.155,2.523,1.300,-0.353,-0.642,-0.241
57.100000,2855,0.73666,0.87054,-0.90256,2.30488,-0.20065,-0.39215,-1.18335,0.73920,0.86390,-0.91180,2.30215,-0.18625,-0.45234,-1.16820,0.78056,0.91365,-0.98826,2.25168,-0.12825,-0.41361,-1.12533,4.290,1.046,2.490,1.290,-0.366,-0.629,-0.238
57.200000,2860,0.73933,0.83277,-0.92392,2.30107,-0.20942,-0.47798,-1.14558,0.77592,0.82631,-1.04160,2.29771,-0.19520,-0.47701,-1.09272,0.78032,0.87607,-0.98981,2.24817,-0.13719,-0.43772,-1.14561,4.382,0.932,2.469,1.280,-0.373,-0.616,-0.236
57.300000,2865,0.79197,0.79500,-1.01891,2.29573,-0.21362,-0.45929,-1.14062,0.81741,0.78868,-1.00151,2.28640,-0.19781,-0.40787,-1.20466,0.78023,0.83843,-0.99171,2.24369,-0.14753,-0.46161,-1.16516,4.442,0.817,2.413,1.279,-0.385,-0.601,-0.235
57.400000,2870,0.80876,0.75800,-0.98687,2.28047,-0.22659,-0.44212,-1.22111,0.77324,0.75111,-0.91181,2.25369,-0.21600,-0.42984,-1.24120,0.78021,0.80086,-0.99415,2.23823,-0.15947,-0.48517,-1.18399,4.503,0.700,2.358,1.284,-0.393,-0.586,-0.234
57.500000,2875,0.76298,0.71985,-0.93804,2.23393,-0.24223,-0.47455,-1.25735,0.74087,0.71365,-0.96571,2.18883,-0.23060,-0.54367,-1.19722,0.78031,0.76340,-0.99718,2.23179,-0.17290,-0.50827,-1.20215,4.565,0.581,2.304,1.294,-0.399,-0.572,-0.234
57.600000,2880,0.76374,0.68552,-1.00289,2.17823,-0.25901,-0.56267,-1.20356,0.81288,0.67634,-1.08785,2.17196,-0.20869,-0.51058,-1.16409,0.78059,0.72610,-1.00083,2.22439,-0.18771,-0.53084,-1.21968,4.629,0.459,2.254,1.307,-0.403,-0.557,-0.235
57.700000,2885,0.80876,0.64241,-1.06049,2.16374,-0.20980,-0.52833,-1.23027,0.78588,0.63924,-0.96423,2.16288,-0.15053,-0.55473,-1.28431,0.78109,0.68900,-1.00512,2.21599,-0.20377,-0.55275,-1.23663,4.694,0.335,2.206,1.321,-0.407,-0.542,-0.236
57.800000,2890,0.76908,0.60884,-1.00556,2.15420,-0.23803,-0.59624,-1.27109,0.76914,0.60243,-1.07217,2.15435,-0.27091,-0.62507,-1.20982,0.78187,0.65215,-1.01010,2.20659,-0.22097,-0.57393,-1.25305,4.760,0.209,2.163,1.337,-0.409,-0.527,-0.237
57.900000,2895,0.79121,0.57070,-1.07461,2.14428,-0.27961,-0.59395,-1.23065,0.82179,0.56586,-1.08162,2.14313,-0.20239,-0.54330,-1.26628,0.78298,0.61561,-1.01576,2.19617,-0.23919,-0.59428,-1.26899,4.826,0.082,2.124,1.353,-0.411,-0.513,-0.239
58.000000,2900,0.80799,0.53140,-1.06011,2.13322,-0.23727,-0.59509,-1.30046,0.75659,0.52980,-0.97990,2.13155,-0.26765,-0.65596,-1.31420,0.78422,0.57954,-1.02238,2.18465,-0.25863,-0.61359,-1.28434,4.856,-0.047,2.081,1.370,-0.414,-0.498,-0.240
58.100000,2905,0.76832,0.50203,-1.05248,2.11949,-0.31700,-0.66490,-1.28482,0.81381,0.49420,-1.11589,2.11918,-0.32505,-0.61787,-1.24495,0.78563,0.54395,-1.02991,2.17203,-0.27915,-0.63183,-1.29916,4.955,-0.179,2.061,1.389,-0.412,-0.486,-0.244
58.200000,2910,0.81677,0.46198,-1.10818,2.10614,-0.31318,-0.62599,-1.28367,0.82023,0.45861,-1.04064,2.10531,-0.24785,-0.60625,-1.35112,0.78819,0.50837,-1.03749,2.15843,-0.29932,-0.64932,-1.31409,5.022,-0.312,2.034,1.403,-0.412,-0.473,-0.246
58.300000,2915,0.79655,0.42612,-1.05782,2.09240,-0.31318,-0.67482,-1.35692,0.76408,0.42365,-1.08524,2.09073,-0.36156,-0.71848,-1.29790,0.79097,0.47340,-1.04621,2.14335,-0.32031,-0.66552,-1.32818,5.121,-0.444,2.029,1.421,-0.407,-0.461,-0.252
58.400000,2920,0.79655,0.39598,-1.09978,2.08096,-0.37498,-0.69580,-1.31496,0.83926,0.39590,-1.12129,2.08361,-0.31457,-0.63784,-1.30195,0.80150,0.44565,-1.04348,2.13644,-0.32677,-0.68259,-1.34586,5.288,-0.499,2.630,1.862,0.246,-0.454,-0.269
58.500000,2925,0.84233,0.37576,-1.05935,2.08897,-0.27809,-0.68169,-1.37714,0.79702,0.38340,-0.95859,2.09041,-0.31342,-0.74299,-1.41297,0.82325,0.43122,-1.02200,2.14322,-0.30895,-0.70143,-1.36695,5.348,-0.502,2.624,1.884,0.276,-0.436,-0.277
58.600000,2930,0.81753,0.37080,-0.98191,2.09774,-0.30441,-0.74120,-1.38171,0.85722,0.36815,-1.07521,2.09997,-0.34410,-0.74798,-1.33542,0.84580,0.41773,-0.99918,2.15098,-0.28939,-0.72043,-1.38828,5.397,-0.511,2.600,1.756,0.281,-0.416,-0.284
58.700000,2935,0.88162,0.35211,-1.02158,2.10537,-0.27770,-0.71869,-1.36645,0.89247,0.36004,-0.96700,2.10639,-0.22249,-0.71233,-1.43443,0.86564,0.40978,-0.97842,2.15934,-0.26926,-0.73540,-1.40544,5.409,0.098,2.562,1.655,0.289,-0.269,-0.207
58.800000,2940,0.86941,0.37614,-0.94872,2.11911,-0.20713,-0.70954,-1.40918,0.84021,0.47382,-0.98735,2.12319,-0.28121,-0.74798,-1.36651,0.86938,0.43505,-0.96919,2.17200,-0.24555,-0.72631,-1.39840,5.064,0.276,2.527,1.636,0.294,0.264,0.376
58.900000,2945,0.86712,0.49516,-0.99068,2.13360,-0.23879,-0.69351,-1.32983,0.90687,0.51884,-1.04571,2.13536,-0.19684,-0.66575,-1.33140,0.86938,0.46956,-0.96210,2.18639,-0.22046,-0.71039,-1.38595,5.052,0.397,2.524,1.607,0.291,0.257,0.382
59.000000,2950,0.90336,0.53140,-1.01433,2.14543,-0.15182,-0.62637,-1.32449,0.90634,0.55428,-0.97388,2.14616,-0.13956,-0.63832,-1.41235,0.86974,0.50455,-0.95673,2.19910,-0.19609,-0.69305,-1.37232,5.050,0.513,2.525,1.579,0.288,0.247,0.389
59.100000,2955,0.89192,0.57108,-0.95978,2.15611,-0.11214,-0.63362,-1.37485,0.84107,0.58909,-0.94863,2.15898,-0.18372,-0.72157,-1.34884,0.87083,0.53933,-0.95114,2.21096,-0.17141,-0.67523,-1.35859,5.056,0.626,2.553,1.549,0.286,0.237,0.393
59.200000,2960,0.87055,0.60656,-0.97733,2.16908,-0.16021,-0.64621,-1.30389,0.90825,0.62417,-1.03334,2.17072,-0.14263,-0.61292,-1.28931,0.87233,0.57442,-0.94667,2.22179,-0.14758,-0.65635,-1.34436,5.031,0.737,2.518,1.516,0.281,0.227,0.400
59.300000,2965,0.90641,0.63936,-1.00518,2.17785,-0.09650,-0.57564,-1.28062,0.91165,0.65961,-0.97799,2.17861,-0.06920,-0.58053,-1.36586,0.87415,0.60986,-0.94352,2.23158,-0.12488,-0.63636,-1.32952,5.012,0.845,2.506,1.485,0.278,0.216,0.405
59.400000,2970,0.90222,0.67713,-0.96512,2.18434,-0.04539,-0.56457,-1.33021,0.84987,0.69520,-0.92052,2.18783,-0.09888,-0.65585,-1.32053,0.87636,0.64545,-0.94120,2.24048,-0.10307,-0.61556,-1.31418,4.988,0.950,2.491,1.451,0.274,0.204,0.410
59.500000,2975,0.87208,0.71489,-0.96894,2.19349,-0.09193,-0.59547,-1.26346,0.91251,0.73093,-1.02703,2.19735,-0.09132,-0.55752,-1.24327,0.87891,0.68118,-0.93970,2.24852,-0.08223,-0.59402,-1.29830,4.959,1.051,2.473,1.415,0.271,0.191,0.415
