t,idx,q1,q2,q3,q4,q5,q6,q7,cmd1,cmd2,cmd3,cmd4,cmd5,cmd6,cmd7,qref1,qref2,qref3,qref4,qref5,qref6,qref7,ff1,ff2,ff3,ff4,ff5,ff6,ff7
0.000000,0,0.00003,0.00001,0.00001,0.07974,0.00001,0.00001,-0.00001,0.00160,0.00310,-0.00458,0.09732,-0.00416,-0.00253,-0.00243,0.00160,0.00310,-0.00458,0.08181,-0.00416,-0.00253,-0.00243,0.000,0.000,-0.000,0.000,-0.000,-0.000,0.000
0.100000,5,0.00003,0.00001,0.00001,0.07974,-0.00037,0.00001,-0.00001,0.00135,0.00474,-0.00579,0.09732,-0.00427,-0.00232,-0.00130,0.00181,0.00350,-0.00517,0.08206,-0.00471,-0.00286,-0.00275,0.026,0.015,-0.005,0.032,-0.005,-0.009,0.002
0.200000,10,0.00003,0.00001,0.00001,0.07974,0.00001,0.00001,-0.00001,0.00153,0.00744,-0.00811,0.09732,-0.00507,-0.00223,-0.00028,0.00218,0.00423,-0.00624,0.08251,-0.00568,-0.00345,-0.00332,0.055,0.036,-0.016,0.067,-0.016,-0.022,0.000
0.300000,15,0.00003,0.00001,0.00001,0.07974,0.00001,0.00001,-0.00001,0.00201,0.01058,-0.01127,0.09732,-0.00670,-0.00251,0.00016,0.00285,0.00552,-0.00816,0.08333,-0.00742,-0.00451,-0.00434,0.095,0.074,-0.047,0.113,-0.046,-0.047,-0.013
0.400000,20,0.00003,0.00001,0.00001,0.07974,0.00001,0.00001,0.00037,0.00301,0.01470,-0.01577,0.09732,-0.00951,-0.00357,-0.00019,0.00404,0.00783,-0.01157,0.08477,-0.01052,-0.00639,-0.00615,0.146,0.128,-0.086,0.169,-0.084,-0.081,-0.033
0.500000,25,-0.00035,0.00001,0.00001,0.07974,0.00001,0.00001,0.00037,0.00475,0.02021,-0.02216,0.09732,-0.01400,-0.00574,-0.00164,0.00594,0.01152,-0.01701,0.08708,-0.01548,-0.00939,-0.00904,0.218,0.209,-0.135,0.243,-0.134,-0.130,-0.068
0.600000,30,0.00003,0.00001,0.00001,0.07974,0.00001,0.00001,-0.00001,0.00725,0.02721,-0.03061,0.09732,-0.02031,-0.00908,-0.00424,0.00859,0.01666,-0.02461,0.09030,-0.02239,-0.01359,-0.01308,0.306,0.303,-0.176,0.327,-0.178,-0.181,-0.103
0.700000,35,0.00270,0.01069,-0.02746,0.09194,-0.02555,-0.01144,-0.00649,0.01023,0.03521,-0.04026,0.09732,-0.02746,-0.01312,-0.00787,0.01182,0.02292,-0.03385,0.09423,-0.03080,-0.01870,-0.01800,0.406,0.411,-0.212,0.415,-0.217,-0.230,-0.133
0.800000,40,0.01414,0.03625,-0.05340,0.10034,-0.03890,-0.02364,-0.01489,0.01354,0.04386,-0.05088,0.10200,-0.03568,-0.01878,-0.01189,0.01549,0.03002,-0.04435,0.09868,-0.04035,-0.02449,-0.02358,0.521,0.536,-0.245,0.509,-0.254,-0.277,-0.161
0.900000,45,0.01910,0.04502,-0.06904,0.10644,-0.05454,-0.02975,-0.02137,0.01751,0.05349,-0.06301,0.10730,-0.04546,-0.02419,-0.01620,0.01947,0.03774,-0.05576,0.10352,-0.05072,-0.03079,-0.02964,0.650,0.678,-0.276,0.609,-0.290,-0.325,-0.185
1.000000,50,0.02025,0.05342,-0.08277,0.11178,-0.06065,-0.03776,-0.02633,0.02156,0.06325,-0.07561,0.11273,-0.05551,-0.03031,-0.02110,0.02365,0.04586,-0.06774,0.10860,-0.06163,-0.03741,-0.03601,0.792,0.837,-0.304,0.713,-0.325,-0.371,-0.207
1.100000,55,0.02521,0.06448,-0.09689,0.11789,-0.07819,-0.04615,-0.03053,0.02570,0.07347,-0.08848,0.11832,-0.06588,-0.03619,-0.02602,0.02796,0.05420,-0.08006,0.11382,-0.07283,-0.04421,-0.04256,0.860,0.921,-0.301,0.747,-0.327,-0.380,-0.207
1.200000,60,0.03016,0.07516,-0.11024,0.12361,-0.08468,-0.05187,-0.03778,0.02976,0.08350,-0.10149,0.12390,-0.07650,-0.04280,-0.03109,0.03231,0.06264,-0.09254,0.11912,-0.08419,-0.05111,-0.04920,0.928,1.005,-0.297,0.780,-0.329,-0.388,-0.205
1.300000,65,0.03589,0.08622,-0.12321,0.12933,-0.09765,-0.05798,-0.04388,0.03389,0.09363,-0.11450,0.12950,-0.08702,-0.04894,-0.03638,0.03670,0.07114,-0.10509,0.12444,-0.09560,-0.05804,-0.05587,0.995,1.088,-0.292,0.811,-0.330,-0.396,-0.203
1.400000,70,0.03665,0.09538,-0.13656,0.13505,-0.10833,-0.06370,-0.04960,0.03805,0.10373,-0.12754,0.13507,-0.09777,-0.05555,-0.04151,0.04108,0.07965,-0.11766,0.12977,-0.10704,-0.06498,-0.06255,1.062,1.170,-0.287,0.841,-0.331,-0.403,-0.201
1.500000,75,0.04161,0.10644,-0.14915,0.14039,-0.11634,-0.07209,-0.05303,0.04199,0.11380,-0.14040,0.14051,-0.10819,-0.06231,-0.04652,0.04547,0.08816,-0.13023,0.13510,-0.11847,-0.07192,-0.06923,1.129,1.252,-0.281,0.869,-0.332,-0.410,-0.199
1.600000,80,0.04809,0.11674,-0.16059,0.14650,-0.13046,-0.07857,-0.05685,0.04634,0.12214,-0.15270,0.14570,-0.11950,-0.06937,-0.05317,0.04986,0.09666,-0.14279,0.14043,-0.12990,-0.07886,-0.07591,1.195,1.332,-0.274,0.897,-0.333,-0.417,-0.197
1.700000,85,0.05305,0.12475,-0.17318,0.15260,-0.13847,-0.08392,-0.06257,0.05061,0.13060,-0.16507,0.15084,-0.13115,-0.07645,-0.05967,0.05424,0.10516,-0.15534,0.14576,-0.14132,-0.08579,-0.08259,1.261,1.412,-0.267,0.924,-0.333,-0.425,-0.196
1.800000,90,0.05572,0.13391,-0.18577,0.15756,-0.15106,-0.09040,-0.06867,0.05507,0.13906,-0.17752,0.15614,-0.14253,-0.08323,-0.06659,0.05863,0.11366,-0.16790,0.15108,-0.15274,-0.09273,-0.08926,1.327,1.491,-0.260,0.950,-0.334,-0.432,-0.194
1.900000,95,0.05954,0.14230,-0.19836,0.16328,-0.16097,-0.10032,-0.07630,0.05929,0.14732,-0.18978,0.16122,-0.15380,-0.09063,-0.07321,0.06301,0.12216,-0.18046,0.15641,-0.16417,-0.09966,-0.09594,1.393,1.570,-0.253,0.975,-0.335,-0.439,-0.193
2.000000,100,0.06640,0.15146,-0.21057,0.16710,-0.16937,-0.10604,-0.08317,0.06352,0.15565,-0.20179,0.16629,-0.16479,-0.09790,-0.07964,0.06740,0.13067,-0.19302,0.16174,-0.17560,-0.10660,-0.10262,1.459,1.647,-0.244,0.999,-0.336,-0.446,-0.192
2.100000,105,0.07136,0.15870,-0.22239,0.17358,-0.18424,-0.11253,-0.09080,0.06789,0.16402,-0.21424,0.17151,-0.17629,-0.10495,-0.08644,0.07179,0.13918,-0.20560,0.16707,-0.18704,-0.11355,-0.10930,1.524,1.724,-0.236,1.022,-0.337,-0.454,-0.192
2.200000,110,0.07327,0.16900,-0.23384,0.17816,-0.19111,-0.12092,-0.09576,0.07215,0.17216,-0.22635,0.17657,-0.18739,-0.11243,-0.09312,0.07619,0.14770,-0.21818,0.17241,-0.19849,-0.12050,-0.11599,1.589,1.800,-0.227,1.045,-0.337,-0.461,-0.191
2.300000,115,0.07709,0.17587,-0.24528,0.18350,-0.20713,-0.12817,-0.10568,0.07652,0.18068,-0.23874,0.18185,-0.19879,-0.11911,-0.09994,0.08059,0.15623,-0.23078,0.17775,-0.20995,-0.12745,-0.12269,1.654,1.875,-0.217,1.066,-0.338,-0.468,-0.191
2.400000,120,0.08395,0.18617,-0.25711,0.18770,-0.21400,-0.13389,-0.10987,0.08061,0.18903,-0.25086,0.18685,-0.21007,-0.12695,-0.10629,0.08499,0.16477,-0.24340,0.18310,-0.22143,-0.13442,-0.12940,1.718,1.950,-0.207,1.087,-0.339,-0.476,-0.191
2.500000,125,0.08929,0.19304,-0.27046,0.19418,-0.22888,-0.14114,-0.11407,0.08507,0.19746,-0.26330,0.19213,-0.22146,-0.13376,-0.11316,0.08940,0.17332,-0.25603,0.18846,-0.23292,-0.14140,-0.13611,1.782,2.024,-0.197,1.106,-0.339,-0.483,-0.192
2.600000,130,0.09082,0.20295,-0.28266,0.19838,-0.23918,-0.15029,-0.12132,0.08945,0.20581,-0.27559,0.19727,-0.23278,-0.14108,-0.11986,0.09382,0.18189,-0.26869,0.19383,-0.24444,-0.14839,-0.14284,1.846,2.097,-0.186,1.125,-0.340,-0.490,-0.192
2.700000,135,0.09540,0.20906,-0.29525,0.20448,-0.24757,-0.15716,-0.12895,0.09366,0.21420,-0.28789,0.20241,-0.24418,-0.14849,-0.12643,0.09825,0.19048,-0.28137,0.19921,-0.25598,-0.15540,-0.14959,1.910,2.170,-0.175,1.142,-0.340,-0.497,-0.193
2.800000,140,0.10303,0.22012,-0.30632,0.21020,-0.26206,-0.16288,-0.13581,0.09792,0.22243,-0.30009,0.20752,-0.25533,-0.15599,-0.13321,0.10269,0.19908,-0.29408,0.20460,-0.26754,-0.16242,-0.15635,1.973,2.242,-0.163,1.159,-0.341,-0.504,-0.194
2.900000,145,0.10570,0.22775,-0.31776,0.21592,-0.26931,-0.17127,-0.14001,0.10234,0.23091,-0.31256,0.21273,-0.26698,-0.16325,-0.13983,0.10714,0.20771,-0.30683,0.21001,-0.27914,-0.16946,-0.16312,2.036,2.313,-0.151,1.175,-0.341,-0.511,-0.196
3.000000,150,0.10837,0.23767,-0.32959,0.21974,-0.28495,-0.17890,-0.15146,0.10682,0.23930,-0.32502,0.21802,-0.27832,-0.17018,-0.14676,0.11160,0.21636,-0.31961,0.21543,-0.29076,-0.17651,-0.16992,2.099,2.383,-0.138,1.190,-0.341,-0.518,-0.197
3.100000,155,0.11409,0.24454,-0.34256,0.22584,-0.29411,-0.18539,-0.15794,0.11119,0.24811,-0.33776,0.22335,-0.29011,-0.17733,-0.15348,0.11608,0.22504,-0.33243,0.22087,-0.30243,-0.18359,-0.17673,2.161,2.453,-0.125,1.204,-0.342,-0.525,-0.199
3.200000,160,0.12134,0.25483,-0.35514,0.23156,-0.30708,-0.19187,-0.16214,0.11548,0.25646,-0.35005,0.22851,-0.30129,-0.18494,-0.16034,0.12057,0.23375,-0.34530,0.22632,-0.31413,-0.19070,-0.18357,2.223,2.522,-0.111,1.216,-0.342,-0.532,-0.201
3.300000,165,0.12248,0.26285,-0.36773,0.23652,-0.31776,-0.20141,-0.17015,0.11996,0.26490,-0.36267,0.23377,-0.31297,-0.19237,-0.16716,0.12508,0.24249,-0.35821,0.23180,-0.32588,-0.19783,-0.19043,2.285,2.591,-0.097,1.228,-0.342,-0.539,-0.204
3.400000,170,0.12744,0.27200,-0.38070,0.23996,-0.32653,-0.20866,-0.17701,0.12437,0.27346,-0.37507,0.23905,-0.32449,-0.19976,-0.17402,0.12961,0.25126,-0.37117,0.23730,-0.33767,-0.20499,-0.19733,2.346,2.659,-0.082,1.239,-0.342,-0.545,-0.206
3.500000,175,0.13469,0.28078,-0.39329,0.24682,-0.34141,-0.21400,-0.18197,0.12884,0.28230,-0.38793,0.24445,-0.33637,-0.20693,-0.18088,0.13415,0.26007,-0.38418,0.24282,-0.34951,-0.21218,-0.20424,2.407,2.726,-0.067,1.249,-0.341,-0.552,-0.209
3.600000,180,0.13888,0.28840,-0.40550,0.25102,-0.34866,-0.22125,-0.18846,0.13326,0.29094,-0.40067,0.24976,-0.34814,-0.21471,-0.18768,0.13872,0.26893,-0.39726,0.24836,-0.36140,-0.21940,-0.21120,2.467,2.792,-0.051,1.259,-0.341,-0.558,-0.212
3.700000,185,0.14079,0.29756,-0.41847,0.25674,-0.36506,-0.23116,-0.19532,0.13789,0.29950,-0.41339,0.25515,-0.35968,-0.22189,-0.19484,0.14331,0.27782,-0.41040,0.25394,-0.37335,-0.22665,-0.21818,2.528,2.858,-0.035,1.267,-0.341,-0.565,-0.216
3.800000,190,0.14728,0.30595,-0.43030,0.26246,-0.37346,-0.23765,-0.20372,0.14222,0.30815,-0.42610,0.26042,-0.37148,-0.22991,-0.20160,0.14792,0.28676,-0.42360,0.25954,-0.38537,-0.23395,-0.22520,2.587,2.924,-0.018,1.274,-0.340,-0.571,-0.219
3.900000,195,0.15376,0.31663,-0.44174,0.26933,-0.38757,-0.24337,-0.21097,0.14675,0.31686,-0.43888,0.26585,-0.38322,-0.23732,-0.20870,0.15255,0.29575,-0.43688,0.26517,-0.39745,-0.24128,-0.23226,2.647,2.988,-0.001,1.280,-0.340,-0.577,-0.223
4.000000,200,0.15567,0.32274,-0.45509,0.27429,-0.39673,-0.25367,-0.21821,0.15137,0.32567,-0.45193,0.27127,-0.39530,-0.24507,-0.21564,0.15722,0.30479,-0.45024,0.27084,-0.40960,-0.24866,-0.23936,2.706,3.052,0.017,1.285,-0.339,-0.583,-0.227
4.100000,205,0.15910,0.33342,-0.46806,0.27925,-0.41122,-0.26054,-0.22546,0.15596,0.33446,-0.46493,0.27686,-0.40725,-0.25265,-0.22309,0.16191,0.31389,-0.46368,0.27654,-0.42183,-0.25608,-0.24651,2.764,3.116,0.035,1.289,-0.338,-0.589,-0.232
4.200000,210,0.16673,0.34105,-0.48103,0.28497,-0.42267,-0.26626,-0.23347,0.16048,0.34352,-0.47804,0.28233,-0.41953,-0.26040,-0.23000,0.16663,0.32305,-0.47720,0.28227,-0.43413,-0.26355,-0.25370,2.822,3.179,0.054,1.292,-0.337,-0.595,-0.236
4.300000,215,0.17207,0.35211,-0.49400,0.29031,-0.43258,-0.27427,-0.24034,0.16517,0.35233,-0.49119,0.28789,-0.43150,-0.26827,-0.23733,0.17139,0.33227,-0.49083,0.28805,-0.44653,-0.27107,-0.26094,2.880,3.242,0.073,1.294,-0.336,-0.601,-0.241
4.400000,220,0.17284,0.36089,-0.50697,0.29642,-0.44708,-0.28419,-0.24454,0.16992,0.36143,-0.50451,0.29348,-0.44386,-0.27610,-0.24454,0.17618,0.34156,-0.50455,0.29387,-0.45901,-0.27865,-0.26824,2.937,3.303,0.093,1.295,-0.335,-0.606,-0.246
4.500000,225,0.18047,0.36966,-0.51994,0.30252,-0.45814,-0.29068,-0.25216,0.17444,0.37040,-0.51769,0.29903,-0.45606,-0.28428,-0.25177,0.18101,0.35092,-0.51838,0.29974,-0.47159,-0.28629,-0.27559,2.994,3.365,0.113,1.295,-0.334,-0.612,-0.251
4.600000,230,0.18771,0.37805,-0.53329,0.30900,-0.47264,-0.29830,-0.26246,0.17932,0.37982,-0.53139,0.30484,-0.46859,-0.29176,-0.25916,0.18588,0.36036,-0.53232,0.30565,-0.48428,-0.29399,-0.28300,3.051,3.426,0.134,1.294,-0.332,-0.617,-0.257
4.700000,235,0.18924,0.38835,-0.54665,0.31396,-0.48218,-0.30784,-0.26971,0.18417,0.38876,-0.54491,0.31045,-0.48093,-0.30023,-0.26666,0.19079,0.36988,-0.54639,0.31162,-0.49707,-0.30176,-0.29048,3.107,3.486,0.155,1.292,-0.331,-0.622,-0.263
4.800000,240,0.19420,0.39751,-0.56000,0.31930,-0.49820,-0.31471,-0.27734,0.18897,0.39838,-0.55870,0.31632,-0.49387,-0.30806,-0.27415,0.19575,0.37949,-0.56058,0.31764,-0.50998,-0.30960,-0.29802,3.162,3.546,0.177,1.288,-0.329,-0.627,-0.269
4.900000,245,0.20183,0.40781,-0.57449,0.32503,-0.50545,-0.32196,-0.28573,0.19369,0.40771,-0.57249,0.32208,-0.50666,-0.31669,-0.28157,0.20075,0.38919,-0.57491,0.32372,-0.52302,-0.31751,-0.30564,3.217,3.605,0.199,1.284,-0.327,-0.631,-0.275
5.000000,250,0.20564,0.41696,-0.58823,0.33075,-0.52338,-0.33226,-0.29222,0.19882,0.41711,-0.58643,0.32804,-0.51936,-0.32448,-0.28946,0.20581,0.39899,-0.58939,0.32986,-0.53619,-0.32550,-0.31334,3.271,3.664,0.222,1.278,-0.325,-0.636,-0.282
5.100000,255,0.20717,0.42459,-0.60272,0.33762,-0.53100,-0.33989,-0.29680,0.20378,0.42687,-0.60076,0.33403,-0.53275,-0.33308,-0.29713,0.21092,0.40889,-0.60402,0.33606,-0.54950,-0.33359,-0.32112,3.325,3.723,0.245,1.272,-0.323,-0.640,-0.288
5.200000,260,0.21442,0.43680,-0.61646,0.34257,-0.54855,-0.34790,-0.30824,0.20876,0.43624,-0.61470,0.33999,-0.54547,-0.34147,-0.30523,0.21608,0.41891,-0.61882,0.34234,-0.56297,-0.34176,-0.32899,3.378,3.781,0.269,1.264,-0.320,-0.644,-0.295
5.300000,265,0.22243,0.44824,-0.63057,0.34906,-0.55733,-0.35781,-0.31549,0.21373,0.44595,-0.62902,0.34595,-0.55871,-0.35061,-0.31286,0.22131,0.42905,-0.63379,0.34869,-0.57659,-0.35003,-0.33695,3.431,3.839,0.294,1.255,-0.318,-0.648,-0.303
5.400000,270,0.22472,0.45549,-0.64430,0.35554,-0.57411,-0.36583,-0.32350,0.21917,0.45624,-0.64397,0.35230,-0.57260,-0.35842,-0.32082,0.22661,0.43931,-0.64896,0.35512,-0.59039,-0.35841,-0.34501,3.483,3.896,0.319,1.245,-0.315,-0.652,-0.310
5.500000,275,0.23006,0.46617,-0.65956,0.36127,-0.58479,-0.37307,-0.33418,0.22434,0.46642,-0.65893,0.35863,-0.58633,-0.36744,-0.32906,0.23197,0.44972,-0.66433,0.36164,-0.60437,-0.36689,-0.35318,3.535,3.953,0.344,1.233,-0.312,-0.655,-0.318
5.600000,280,0.23845,0.47762,-0.67482,0.36928,-0.60234,-0.38223,-0.34143,0.22964,0.47661,-0.67385,0.36489,-0.60007,-0.37643,-0.33719,0.23742,0.46027,-0.67991,0.36825,-0.61854,-0.37550,-0.36146,3.585,4.010,0.370,1.221,-0.309,-0.659,-0.326
5.700000,285,0.24150,0.48830,-0.68932,0.37424,-0.61378,-0.39215,-0.34944,0.23516,0.48697,-0.68925,0.37143,-0.61430,-0.38521,-0.34568,0.24294,0.47097,-0.69572,0.37496,-0.63293,-0.38423,-0.36987,3.636,4.066,0.396,1.207,-0.306,-0.662,-0.334
5.800000,290,0.24761,0.49822,-0.70458,0.38110,-0.63019,-0.39901,-0.35860,0.24070,0.49790,-0.70507,0.37818,-0.62881,-0.39401,-0.35434,0.24855,0.48185,-0.71179,0.38177,-0.64754,-0.39310,-0.37841,3.685,4.123,0.423,1.191,-0.303,-0.664,-0.342
5.900000,295,0.25523,0.50775,-0.72098,0.38797,-0.64049,-0.40817,-0.36775,0.24620,0.50843,-0.72064,0.38469,-0.64320,-0.40375,-0.36276,0.25425,0.49290,-0.72812,0.38870,-0.66240,-0.40212,-0.38709,3.734,4.179,0.451,1.175,-0.299,-0.667,-0.351
6.000000,300,0.25829,0.51920,-0.73624,0.39445,-0.65804,-0.41923,-0.37462,0.25196,0.51918,-0.73654,0.39143,-0.65790,-0.41327,-0.37161,0.26006,0.50416,-0.74475,0.39575,-0.67753,-0.41131,-0.39594,3.782,4.234,0.478,1.157,-0.295,-0.669,-0.360
6.100000,305,0.26553,0.53026,-0.75340,0.40132,-0.67291,-0.42686,-0.38530,0.25772,0.53048,-0.75299,0.39842,-0.67305,-0.42257,-0.38046,0.26599,0.51565,-0.76173,0.40295,-0.69297,-0.42068,-0.40496,3.829,4.290,0.507,1.137,-0.292,-0.671,-0.369
6.200000,310,0.27202,0.54209,-0.76905,0.40819,-0.68703,-0.43869,-0.39522,0.26371,0.54180,-0.76969,0.40551,-0.68840,-0.43278,-0.38978,0.27206,0.52742,-0.77911,0.41033,-0.70879,-0.43028,-0.41420,3.876,4.346,0.535,1.116,-0.288,-0.673,-0.379
6.300000,315,0.27736,0.55277,-0.78659,0.41467,-0.70648,-0.44784,-0.40437,0.26993,0.55370,-0.78705,0.41297,-0.70453,-0.44245,-0.39939,0.27830,0.53953,-0.79700,0.41792,-0.72507,-0.44017,-0.42371,3.923,4.403,0.565,1.094,-0.284,-0.676,-0.389
6.400000,320,0.28575,0.56612,-0.80490,0.42383,-0.71907,-0.45700,-0.41505,0.27623,0.56569,-0.80485,0.42055,-0.72075,-0.45317,-0.40942,0.28478,0.55208,-0.81554,0.42578,-0.74193,-0.45041,-0.43357,3.970,4.461,0.595,1.071,-0.280,-0.677,-0.400
6.500000,325,0.29033,0.57985,-0.82283,0.43184,-0.73662,-0.46959,-0.42383,0.28291,0.57831,-0.82315,0.42846,-0.73774,-0.46419,-0.41984,0.29154,0.56520,-0.83491,0.43400,-0.75956,-0.46110,-0.44387,4.018,4.519,0.625,1.045,-0.276,-0.679,-0.411
6.600000,330,0.29643,0.59091,-0.84229,0.43947,-0.75569,-0.47951,-0.43489,0.28989,0.59231,-0.84298,0.43692,-0.75590,-0.47535,-0.43023,0.29866,0.57901,-0.85531,0.44265,-0.77811,-0.47237,-0.45471,4.065,4.580,0.657,1.017,-0.272,-0.681,-0.423
6.700000,335,0.30521,0.60541,-0.86289,0.44901,-0.77400,-0.49248,-0.44824,0.29746,0.60664,-0.86376,0.44594,-0.77484,-0.48737,-0.44179,0.30621,0.59363,-0.87691,0.45181,-0.79776,-0.48430,-0.46620,4.111,4.643,0.690,0.985,-0.267,-0.682,-0.436
6.800000,340,0.31207,0.62258,-0.88578,0.45740,-0.79308,-0.50354,-0.45854,0.30552,0.62197,-0.88590,0.45552,-0.79507,-0.50021,-0.45412,0.31421,0.60913,-0.89982,0.46153,-0.81860,-0.49695,-0.47837,4.156,4.707,0.724,0.949,-0.262,-0.682,-0.448
6.900000,345,0.32314,0.63784,-0.90867,0.46808,-0.81482,-0.51727,-0.47228,0.31390,0.63808,-0.90912,0.46552,-0.81625,-0.51371,-0.46698,0.32266,0.62552,-0.92402,0.47179,-0.84062,-0.51032,-0.49124,4.198,4.773,0.759,0.909,-0.257,-0.682,-0.460
7.000000,350,0.32772,0.65271,-0.93384,0.47838,-0.83847,-0.53100,-0.48486,0.32285,0.65520,-0.93388,0.47611,-0.83911,-0.52732,-0.48039,0.33152,0.64270,-0.94940,0.48256,-0.86371,-0.52433,-0.50473,4.238,4.840,0.796,0.864,-0.251,-0.680,-0.473
7.100000,355,0.33992,0.67293,-0.95940,0.48944,-0.86213,-0.54665,-0.50241,0.33179,0.67269,-0.95937,0.48704,-0.86237,-0.54234,-0.49448,0.34071,0.66053,-0.97574,0.49373,-0.88767,-0.53888,-0.51873,4.273,4.906,0.833,0.816,-0.244,-0.677,-0.484
7.200000,360,0.34793,0.68895,-0.98534,0.50012,-0.88692,-0.56038,-0.51805,0.34125,0.69061,-0.98570,0.49809,-0.88657,-0.55754,-0.50846,0.35016,0.67884,-1.00278,0.50520,-0.91228,-0.55381,-0.53311,4.304,4.973,0.870,0.764,-0.236,-0.673,-0.495
7.300000,365,0.35747,0.70765,-1.01205,0.51233,-0.90943,-0.57678,-0.52950,0.35060,0.70856,-1.01227,0.50932,-0.91112,-0.57356,-0.52319,0.35977,0.69747,-1.03030,0.51687,-0.93731,-0.56901,-0.54774,4.331,5.038,0.907,0.709,-0.228,-0.668,-0.506
7.400000,370,0.36777,0.72748,-1.03913,0.52263,-0.93346,-0.59090,-0.54476,0.36003,0.72638,-1.03895,0.52053,-0.93602,-0.58966,-0.53791,0.36948,0.71629,-1.05810,0.52866,-0.96260,-0.58437,-0.56253,4.352,5.101,0.942,0.653,-0.220,-0.663,-0.515
7.500000,375,0.37578,0.74503,-1.06507,0.53446,-0.95521,-0.60616,-0.55925,0.36958,0.74450,-1.06592,0.53190,-0.96121,-0.60539,-0.55274,0.37924,0.73521,-1.08606,0.54052,-0.98804,-0.59981,-0.57739,4.368,5.163,0.976,0.596,-0.211,-0.657,-0.524
7.600000,380,0.38532,0.76334,-1.09254,0.54590,-0.98115,-0.62332,-0.57642,0.37922,0.76281,-1.09327,0.54337,-0.98634,-0.62121,-0.56759,0.38903,0.75418,-1.11409,0.55241,-1.01353,-0.61528,-0.59229,4.379,5.223,1.007,0.537,-0.203,-0.651,-0.532
7.700000,385,0.39447,0.78165,-1.11924,0.55696,-1.00670,-0.63744,-0.58939,0.38868,0.78102,-1.12049,0.55479,-1.01170,-0.63726,-0.58263,0.39882,0.77318,-1.14214,0.56431,-1.03906,-0.63078,-0.60720,4.384,5.282,1.036,0.478,-0.196,-0.645,-0.540
7.800000,390,0.40630,0.80034,-1.14594,0.56803,-1.02921,-0.65422,-0.60427,0.39817,0.79888,-1.14741,0.56601,-1.03668,-0.65373,-0.59726,0.40862,0.79217,-1.17020,0.57621,-1.06458,-0.64627,-0.62212,4.384,5.338,1.062,0.419,-0.188,-0.638,-0.546
7.900000,395,0.41393,0.81751,-1.17303,0.57833,-1.05668,-0.66948,-0.61876,0.40773,0.81683,-1.17460,0.57744,-1.06195,-0.66939,-0.61221,0.41841,0.81115,-1.19823,0.58810,-1.09008,-0.66175,-0.63702,4.379,5.393,1.085,0.359,-0.181,-0.632,-0.552
8.000000,400,0.42385,0.83506,-1.19935,0.59015,-1.08109,-0.68436,-0.63326,0.41731,0.83449,-1.20140,0.58877,-1.08720,-0.68523,-0.62734,0.42818,0.83009,-1.22621,0.59997,-1.11554,-0.67721,-0.65190,4.368,5.447,1.105,0.300,-0.175,-0.625,-0.557
8.100000,405,0.43338,0.85413,-1.22682,0.59969,-1.10665,-0.70076,-0.65004,0.42678,0.85240,-1.22844,0.60005,-1.11216,-0.70127,-0.64212,0.43792,0.84897,-1.25411,0.61180,-1.14092,-0.69262,-0.66673,4.353,5.498,1.122,0.240,-0.169,-0.619,-0.560
8.200000,410,0.44368,0.87092,-1.25314,0.61151,-1.13183,-0.71411,-0.66263,0.43603,0.86996,-1.25531,0.61107,-1.13722,-0.71747,-0.65652,0.44760,0.86775,-1.28184,0.62356,-1.16615,-0.70793,-0.68147,4.332,5.548,1.136,0.182,-0.163,-0.613,-0.563
8.300000,415,0.45246,0.88808,-1.27984,0.62143,-1.15624,-0.73128,-0.67942,0.44515,0.88720,-1.28230,0.62185,-1.16263,-0.73369,-0.67059,0.45720,0.88635,-1.30932,0.63522,-1.19114,-0.72311,-0.69608,4.306,5.595,1.147,0.124,-0.159,-0.607,-0.565
8.400000,420,0.46009,0.90372,-1.30540,0.63173,-1.18295,-0.74501,-0.69201,0.45392,0.90321,-1.30868,0.63231,-1.18762,-0.74798,-0.68431,0.46660,0.90464,-1.33630,0.64684,-1.21564,-0.73795,-0.71044,4.270,5.638,1.158,0.074,-0.150,-0.597,-0.564
8.500000,425,0.46734,0.91975,-1.32447,0.64775,-1.20049,-0.75073,-0.70078,0.45805,0.89789,-1.33608,0.64592,-1.21640,-0.74798,-0.69562,0.47056,0.91783,-1.35226,0.66934,-1.22558,-0.74177,-0.71981,3.838,5.600,1.331,0.126,0.449,0.020,-0.447
8.600000,430,0.46695,0.91708,-1.32447,0.68323,-1.19554,-0.72594,-0.70078,0.44988,0.89300,-1.33989,0.67938,-1.22116,-0.74798,-0.69694,0.46602,0.92592,-1.35123,0.70888,-1.21405,-0.72930,-0.72177,3.700,5.547,1.734,0.223,0.511,0.044,-0.326
8.700000,435,0.46161,0.91212,-1.32371,0.72252,-1.18447,-0.72365,-0.70040,0.44414,0.89931,-1.33769,0.71878,-1.20997,-0.74521,-0.69832,0.46095,0.93349,-1.34892,0.74875,-1.20113,-0.71632,-0.72348,3.688,5.472,1.789,0.309,0.506,0.034,-0.342
8.800000,440,0.45360,0.91288,-1.32371,0.75991,-1.17646,-0.71678,-0.70078,0.43919,0.90615,-1.33486,0.75768,-1.19702,-0.73266,-0.70095,0.45606,0.94034,-1.34665,0.78735,-1.18837,-0.70411,-0.72555,3.676,5.400,1.839,0.394,0.499,0.025,-0.353
8.900000,445,0.45055,0.91555,-1.32180,0.79691,-1.16578,-0.70572,-0.70154,0.43440,0.91150,-1.33195,0.79512,-1.18388,-0.72111,-0.70350,0.45140,0.94554,-1.34440,0.82449,-1.17551,-0.69253,-0.72791,3.669,5.283,1.887,0.480,0.493,0.015,-0.362
9.000000,450,0.44788,0.91555,-1.31990,0.83391,-1.15128,-0.69809,-0.70459,0.42993,0.91533,-1.32907,0.83094,-1.17049,-0.71025,-0.70618,0.44699,0.94928,-1.34217,0.86007,-1.16269,-0.68165,-0.73055,3.665,5.164,1.930,0.567,0.487,0.004,-0.370
9.100000,455,0.44216,0.91784,-1.31570,0.86825,-1.14327,-0.68703,-0.70803,0.42584,0.91811,-1.32636,0.86528,-1.15745,-0.69984,-0.70946,0.44280,0.95190,-1.33996,0.89402,-1.15009,-0.67153,-0.73344,3.662,5.033,1.968,0.654,0.480,-0.007,-0.374
9.200000,460,0.43644,0.91784,-1.31532,0.90067,-1.12649,-0.67864,-0.71146,0.42186,0.91980,-1.32352,0.89791,-1.14450,-0.69022,-0.71286,0.43883,0.95341,-1.33776,0.92632,-1.13774,-0.66217,-0.73655,3.661,4.887,2.002,0.739,0.473,-0.020,-0.378
9.300000,465,0.43415,0.91784,-1.31265,0.93195,-1.11886,-0.67139,-0.71261,0.41810,0.92039,-1.32063,0.92888,-1.13170,-0.68158,-0.71635,0.43507,0.95385,-1.33558,0.95699,-1.12567,-0.65354,-0.73986,3.661,4.740,2.033,0.823,0.466,-0.033,-0.379
9.400000,470,0.43148,0.91784,-1.31227,0.96095,-1.10207,-0.66414,-0.71642,0.41447,0.91989,-1.31778,0.95824,-1.11920,-0.67367,-0.72002,0.43151,0.95327,-1.33341,0.98609,-1.11387,-0.64561,-0.74334,3.663,4.589,2.060,0.906,0.459,-0.047,-0.379
9.500000,475,0.42766,0.91746,-1.30654,0.98918,-1.09483,-0.65651,-0.72024,0.41120,0.91847,-1.31508,0.98615,-1.10704,-0.66613,-0.72397,0.42814,0.95171,-1.33125,1.01367,-1.10237,-0.63833,-0.74697,3.665,4.445,2.085,0.988,0.451,-0.062,-0.379
9.600000,480,0.42003,0.91746,-1.30578,1.01550,-1.07957,-0.65117,-0.72825,0.40796,0.91603,-1.31232,1.01257,-1.09526,-0.65949,-0.72801,0.42494,0.94921,-1.32910,1.03982,-1.09114,-0.63169,-0.75074,3.669,4.308,2.106,1.070,0.444,-0.078,-0.377
9.700000,485,0.42003,0.91708,-1.30197,1.04067,-1.07117,-0.64697,-0.73282,0.40486,0.91277,-1.30950,1.03761,-1.08338,-0.65326,-0.73207,0.42190,0.94581,-1.32695,1.06458,-1.08020,-0.62565,-0.75463,3.673,4.178,2.124,1.150,0.437,-0.095,-0.375
9.800000,490,0.41622,0.91479,-1.30044,1.06394,-1.06240,-0.64240,-0.73588,0.40198,0.90870,-1.30700,1.06137,-1.07233,-0.64752,-0.73634,0.41900,0.94155,-1.32482,1.08803,-1.06953,-0.62018,-0.75863,3.678,4.054,2.140,1.228,0.430,-0.113,-0.371
9.900000,495,0.41507,0.91441,-1.29968,1.08683,-1.04867,-0.63744,-0.73931,0.39911,0.90366,-1.30442,1.08377,-1.06143,-0.64269,-0.74070,0.41625,0.93646,-1.32270,1.11021,-1.05915,-0.61525,-0.76273,3.684,3.934,2.154,1.306,0.423,-0.133,-0.368
10.000000,500,0.41469,0.90907,-1.29548,1.10820,-1.04180,-0.63210,-0.74236,0.39659,0.89805,-1.30208,1.10509,-1.05097,-0.63772,-0.74508,0.41364,0.93056,-1.32060,1.13116,-1.04904,-0.61085,-0.76692,3.691,3.818,2.165,1.383,0.416,-0.154,-0.364
10.100000,505,0.40897,0.89800,-1.29319,1.12803,-1.02921,-0.62828,-0.74770,0.39424,0.89160,-1.29990,1.12515,-1.04098,-0.63361,-0.74938,0.41115,0.92391,-1.31851,1.15094,-1.03922,-0.60694,-0.77118,3.698,3.705,2.174,1.458,0.408,-0.177,-0.359
10.200000,510,0.40325,0.89190,-1.29052,1.14787,-1.01967,-0.62714,-0.75380,0.39184,0.88391,-1.29741,1.14389,-1.03056,-0.63012,-0.75423,0.40880,0.91633,-1.31645,1.16943,-1.02967,-0.60353,-0.77550,3.711,3.585,2.180,1.531,0.401,-0.203,-0.353
10.300000,515,0.40325,0.88389,-1.28709,1.16275,-1.01433,-0.62599,-0.75762,0.38957,0.87497,-1.29476,1.16081,-1.02055,-0.62703,-0.75862,0.40668,0.90710,-1.31442,1.18612,-1.02035,-0.60067,-0.77983,3.728,3.463,2.184,1.603,0.394,-0.231,-0.347
10.400000,520,0.40058,0.87206,-1.28594,1.17953,-1.00175,-0.62332,-0.76105,0.38753,0.86472,-1.29260,1.17639,-1.01132,-0.62473,-0.76312,0.40471,0.89678,-1.31242,1.20147,-1.01128,-0.59829,-0.78419,3.739,3.347,2.186,1.676,0.386,-0.255,-0.342
10.500000,525,0.39867,0.86100,-1.28175,1.19326,-0.99335,-0.62256,-0.76449,0.38563,0.85451,-1.29042,1.19156,-1.00202,-0.62225,-0.76788,0.40275,0.88645,-1.31043,1.21638,-1.00249,-0.59626,-0.78864,3.744,3.237,2.188,1.749,0.379,-0.276,-0.338
10.600000,530,0.39829,0.84841,-1.28060,1.20814,-0.98839,-0.62218,-0.76792,0.38359,0.84433,-1.28837,1.20633,-0.99331,-0.62037,-0.77268,0.40078,0.87615,-1.30846,1.23092,-0.99398,-0.59458,-0.79320,3.751,3.125,2.188,1.819,0.371,-0.299,-0.334
10.700000,535,0.39791,0.83926,-1.28022,1.22264,-0.97466,-0.62103,-0.77479,0.38154,0.83333,-1.28601,1.22019,-0.98452,-0.61932,-0.77763,0.39889,0.86529,-1.30651,1.24463,-0.98572,-0.59329,-0.79781,3.761,3.010,2.187,1.887,0.363,-0.325,-0.328
10.800000,540,0.39524,0.82857,-1.27641,1.23485,-0.96779,-0.62027,-0.78051,0.37978,0.82191,-1.28399,1.23325,-0.97610,-0.61799,-0.78256,0.39708,0.85374,-1.30460,1.25742,-0.97771,-0.59239,-0.80247,3.772,2.893,2.183,1.953,0.355,-0.351,-0.322
10.900000,545,0.38913,0.81522,-1.27450,1.24629,-0.96398,-0.62027,-0.78623,0.37809,0.80990,-1.28195,1.24539,-0.96804,-0.61706,-0.78755,0.39535,0.84153,-1.30272,1.26929,-0.96996,-0.59187,-0.80715,3.783,2.775,2.179,2.018,0.347,-0.376,-0.316
11.000000,550,0.38723,0.80187,-1.27374,1.25850,-0.95826,-0.62027,-0.78966,0.37635,0.79718,-1.28004,1.25653,-0.96027,-0.61684,-0.79221,0.39371,0.82866,-1.30089,1.28024,-0.96248,-0.59172,-0.81186,3.795,2.655,2.172,2.080,0.339,-0.402,-0.309
11.100000,555,0.38684,0.78928,-1.27374,1.26880,-0.94529,-0.62065,-0.79424,0.37465,0.78367,-1.27792,1.26675,-0.95255,-0.61710,-0.79728,0.39215,0.81518,-1.29910,1.29027,-0.95528,-0.59194,-0.81657,3.807,2.533,2.164,2.140,0.329,-0.427,-0.302
11.200000,560,0.38608,0.77517,-1.27069,1.27833,-0.94071,-0.62027,-0.79882,0.37320,0.76964,-1.27605,1.27612,-0.94523,-0.61725,-0.80258,0.39068,0.80110,-1.29737,1.29937,-0.94838,-0.59250,-0.82127,3.820,2.410,2.154,2.196,0.320,-0.451,-0.295
11.300000,565,0.38379,0.75838,-1.26802,1.28596,-0.93689,-0.62180,-0.80645,0.37174,0.75519,-1.27438,1.28451,-0.93846,-0.61778,-0.80740,0.38930,0.78644,-1.29570,1.30756,-0.94177,-0.59341,-0.82596,3.833,2.286,2.143,2.249,0.310,-0.472,-0.288
11.400000,570,0.38265,0.74198,-1.26763,1.29321,-0.93003,-0.62294,-0.80950,0.37039,0.74010,-1.27263,1.29196,-0.93182,-0.61893,-0.81219,0.38800,0.77124,-1.29409,1.31483,-0.93547,-0.59465,-0.83063,3.847,2.160,2.130,2.297,0.299,-0.491,-0.280
11.500000,575,0.38150,0.72863,-1.26725,1.29893,-0.91935,-0.62332,-0.81293,0.36907,0.72441,-1.27093,1.29849,-0.92546,-0.62049,-0.81696,0.38678,0.75549,-1.29255,1.32119,-0.92948,-0.59621,-0.83527,3.861,2.033,2.117,2.341,0.288,-0.509,-0.272
11.600000,580,0.38112,0.71108,-1.26687,1.30466,-0.91515,-0.62447,-0.81675,0.36792,0.70821,-1.26939,1.30415,-0.91938,-0.62211,-0.82195,0.38566,0.73922,-1.29108,1.32662,-0.92381,-0.59808,-0.83987,3.876,1.904,2.101,2.377,0.277,-0.526,-0.265
11.700000,585,0.38036,0.69429,-1.26535,1.31038,-0.91172,-0.62714,-0.82056,0.36687,0.69156,-1.26801,1.30887,-0.91375,-0.62397,-0.82673,0.38462,0.72245,-1.28969,1.33116,-0.91845,-0.60024,-0.84442,3.890,1.773,2.085,2.406,0.264,-0.541,-0.257
11.800000,590,0.37845,0.67637,-1.26267,1.31305,-0.90943,-0.62866,-0.82667,0.36584,0.67440,-1.26674,1.31274,-0.90861,-0.62610,-0.83158,0.38367,0.70521,-1.28838,1.33481,-0.91341,-0.60267,-0.84891,3.906,1.641,2.067,2.427,0.251,-0.555,-0.249
11.900000,595,0.37616,0.65920,-1.26229,1.31648,-0.90523,-0.63095,-0.83163,0.36494,0.65665,-1.26541,1.31566,-0.90344,-0.62875,-0.83644,0.38280,0.68750,-1.28715,1.33757,-0.90868,-0.60538,-0.85335,3.921,1.507,2.048,2.439,0.238,-0.567,-0.241
12.000000,600,0.37540,0.64165,-1.26191,1.31801,-0.89608,-0.63324,-0.83582,0.36395,0.63845,-1.26397,1.31762,-0.89855,-0.63175,-0.84116,0.38202,0.66934,-1.28600,1.33944,-0.90427,-0.60833,-0.85773,3.937,1.372,2.027,2.441,0.223,-0.578,-0.232
12.100000,605,0.37349,0.62105,-1.26077,1.31953,-0.89150,-0.63744,-0.84002,0.36330,0.61993,-1.26293,1.31879,-0.89402,-0.63463,-0.84554,0.38133,0.65073,-1.28494,1.34044,-0.90017,-0.61154,-0.86204,3.953,1.236,2.006,2.438,0.208,-0.587,-0.224
12.200000,610,0.37044,0.60274,-1.26077,1.31953,-0.88845,-0.64087,-0.84574,0.36264,0.60088,-1.26197,1.31908,-0.88993,-0.63791,-0.85017,0.38073,0.63168,-1.28397,1.34056,-0.89639,-0.61497,-0.86628,3.969,1.097,1.983,2.432,0.192,-0.596,-0.216
12.300000,615,0.37044,0.58214,-1.26039,1.31953,-0.88807,-0.64621,-0.85032,0.36206,0.58155,-1.26108,1.31846,-0.88621,-0.64123,-0.85444,0.38021,0.61218,-1.28308,1.33979,-0.89291,-0.61863,-0.87045,3.986,0.957,1.960,2.424,0.176,-0.603,-0.208
12.400000,620,0.37044,0.56192,-1.25962,1.31953,-0.88540,-0.65003,-0.85413,0.36158,0.56167,-1.26033,1.31696,-0.88287,-0.64499,-0.85880,0.37979,0.59226,-1.28229,1.33814,-0.88973,-0.62250,-0.87454,4.002,0.815,1.935,2.418,0.158,-0.610,-0.200
12.500000,625,0.37044,0.54247,-1.25619,1.31953,-0.88463,-0.65346,-0.86062,0.36122,0.54138,-1.25969,1.31453,-0.87969,-0.64881,-0.86304,0.37947,0.57191,-1.28159,1.33558,-0.88687,-0.62657,-0.87855,4.022,0.671,1.908,2.409,0.138,-0.614,-0.189
12.600000,630,0.37044,0.52110,-1.25619,1.31915,-0.88311,-0.65689,-0.86405,0.36102,0.52084,-1.25916,1.31072,-0.87701,-0.65280,-0.86713,0.37936,0.55130,-1.28106,1.33160,-0.88445,-0.63076,-0.88230,4.051,0.528,1.874,2.386,0.108,-0.615,-0.170
12.700000,635,0.37044,0.50089,-1.25619,1.31381,-0.88158,-0.65880,-0.86520,0.36108,0.50005,-1.25870,1.30512,-0.87470,-0.65689,-0.87122,0.37952,0.53055,-1.28074,1.32585,-0.88255,-0.63500,-0.88567,4.078,0.387,1.842,2.390,0.081,-0.616,-0.154
12.800000,640,0.37044,0.47876,-1.25619,1.30847,-0.88044,-0.66452,-0.86863,0.36128,0.47896,-1.25851,1.29877,-0.87266,-0.66120,-0.87452,0.37974,0.50943,-1.28048,1.31945,-0.88088,-0.63941,-0.88901,4.086,0.243,1.821,2.425,0.074,-0.622,-0.158
12.900000,645,0.37044,0.45664,-1.25619,1.30199,-0.87700,-0.66872,-0.87092,0.36132,0.45742,-1.25849,1.29273,-0.87115,-0.66557,-0.87808,0.37983,0.48773,-1.28017,1.31329,-0.87921,-0.64409,-0.89262,4.092,0.094,1.800,2.462,0.068,-0.628,-0.163
13.000000,650,0.37044,0.43451,-1.25619,1.29626,-0.87243,-0.67444,-0.87588,0.36135,0.43514,-1.25827,1.28619,-0.86943,-0.67046,-0.88209,0.37994,0.46554,-1.27989,1.30669,-0.87773,-0.64899,-0.89631,4.108,-0.059,1.771,2.484,0.049,-0.631,-0.156
13.100000,655,0.37044,0.41200,-1.25619,1.28825,-0.86899,-0.67902,-0.87817,0.36151,0.41266,-1.25828,1.27873,-0.86811,-0.67519,-0.88554,0.38014,0.44283,-1.27970,1.29913,-0.87651,-0.65405,-0.89994,4.125,-0.215,1.740,2.505,0.029,-0.634,-0.150
13.200000,660,0.37044,0.38873,-1.25619,1.28024,-0.86861,-0.68359,-0.88198,0.36188,0.38938,-1.25857,1.27032,-0.86719,-0.67994,-0.88955,0.38047,0.41940,-1.27960,1.29047,-0.87558,-0.65933,-0.90352,4.144,-0.376,1.707,2.527,0.009,-0.637,-0.144
13.300000,665,0.37044,0.36470,-1.25619,1.26994,-0.86708,-0.68779,-0.88732,0.36233,0.36498,-1.25871,1.26020,-0.86634,-0.68536,-0.89362,0.38099,0.39510,-1.27965,1.28024,-0.87500,-0.66480,-0.90697,4.174,-0.542,1.666,2.546,-0.022,-0.638,-0.129
13.400000,670,0.37044,0.33838,-1.25619,1.25812,-0.86670,-0.69389,-0.89075,0.36300,0.33975,-1.25894,1.24751,-0.86604,-0.69100,-0.89657,0.38184,0.36989,-1.27992,1.26773,-0.87489,-0.67043,-0.91015,4.203,-0.712,1.625,2.567,-0.051,-0.642,-0.119
13.500000,675,0.37044,0.31244,-1.25619,1.24324,-0.86708,-0.70152,-0.89152,0.36380,0.31297,-1.25984,1.23355,-0.86687,-0.69720,-0.89916,0.38275,0.34319,-1.28024,1.25396,-0.87503,-0.67649,-0.91348,4.206,-0.891,1.609,2.598,-0.045,-0.647,-0.133
13.600000,680,0.37044,0.28497,-1.25619,1.23408,-0.86670,-0.70534,-0.89495,0.36390,0.29029,-1.25978,1.22760,-0.86762,-0.70257,-0.90173,0.38317,0.32124,-1.27883,1.24881,-0.87320,-0.68100,-0.91692,4.162,-1.007,1.791,3.229,0.174,-0.466,-0.097
13.700000,685,0.37044,0.27505,-1.25314,1.24972,-0.86174,-0.69924,-0.89495,0.36279,0.28780,-1.25604,1.24713,-0.86528,-0.70199,-0.90358,0.38276,0.32051,-1.27243,1.26959,-0.86554,-0.67863,-0.91865,4.121,-0.426,1.897,3.342,0.251,-0.129,0.021
13.800000,690,0.37044,0.28230,-1.24169,1.28444,-0.85755,-0.68817,-0.89457,0.36159,0.29690,-1.24860,1.27939,-0.85763,-0.69681,-0.90466,0.38208,0.33051,-1.26366,1.30231,-0.85518,-0.67274,-0.91922,4.114,-0.381,1.929,3.379,0.252,-0.108,0.039
13.900000,695,0.37044,0.29222,-1.23292,1.31686,-0.84343,-0.68169,-0.89457,0.36065,0.30708,-1.23939,1.31311,-0.84733,-0.69116,-0.90539,0.38139,0.34092,-1.25465,1.33601,-0.84452,-0.66666,-0.91978,4.107,-0.349,1.955,3.408,0.249,-0.103,0.043
14.000000,700,0.37006,0.30252,-1.22300,1.35158,-0.83504,-0.67673,-0.89495,0.35988,0.31737,-1.22977,1.34695,-0.83619,-0.68508,-0.90645,0.38069,0.35133,-1.24564,1.36968,-0.83387,-0.66058,-0.92035,4.100,-0.317,1.979,3.433,0.245,-0.101,0.049
14.100000,705,0.36968,0.31320,-1.21461,1.38553,-0.82741,-0.67177,-0.89495,0.35920,0.32837,-1.22054,1.37924,-0.82529,-0.67899,-0.90804,0.38004,0.36239,-1.23721,1.40161,-0.82381,-0.65462,-0.92058,4.099,-0.266,1.984,3.445,0.231,-0.099,0.130
14.200000,710,0.36739,0.32693,-1.20927,1.41032,-0.81444,-0.66490,-0.89419,0.35860,0.34835,-1.21370,1.40194,-0.81585,-0.67322,-0.90826,0.37949,0.38267,-1.23267,1.42384,-0.81741,-0.64864,-0.91788,4.090,-0.126,1.853,3.418,0.139,-0.098,0.307
14.300000,715,0.36739,0.35554,-1.20889,1.42291,-0.81292,-0.65956,-0.89342,0.35776,0.37632,-1.21007,1.41631,-0.80937,-0.66795,-0.90618,0.37882,0.41101,-1.23162,1.43805,-0.81439,-0.64277,-0.91305,4.076,0.060,1.808,3.381,0.076,-0.107,0.321
14.400000,720,0.36739,0.38683,-1.20812,1.43283,-0.81024,-0.65460,-0.89037,0.35707,0.40412,-1.20830,1.42869,-0.80573,-0.66272,-0.90162,0.37815,0.43877,-1.23104,1.45044,-0.81212,-0.63729,-0.90829,4.059,0.235,1.837,3.347,0.059,-0.122,0.304
14.500000,725,0.36663,0.41353,-1.20812,1.44466,-0.80986,-0.65193,-0.88656,0.35653,0.43034,-1.20730,1.44055,-0.80329,-0.65773,-0.89681,0.37741,0.46481,-1.23049,1.46223,-0.81019,-0.63228,-0.90401,4.048,0.398,1.862,3.314,0.042,-0.134,0.293
14.600000,730,0.36472,0.43909,-1.20774,1.45496,-0.80872,-0.64812,-0.88389,0.35618,0.45550,-1.20651,1.45058,-0.80124,-0.65291,-0.89245,0.37695,0.48992,-1.23017,1.47216,-0.80871,-0.62743,-0.89953,4.056,0.557,1.874,3.269,0.017,-0.140,0.302
14.700000,735,0.36472,0.46350,-1.20736,1.46221,-0.80681,-0.64507,-0.87817,0.35599,0.47997,-1.20577,1.45873,-0.79955,-0.64849,-0.88779,0.37676,0.51439,-1.23009,1.48034,-0.80767,-0.62271,-0.89479,4.054,0.714,1.893,3.224,-0.002,-0.148,0.301
14.800000,740,0.36510,0.48944,-1.20736,1.46907,-0.80681,-0.64011,-0.87397,0.35602,0.50379,-1.20543,1.46594,-0.79849,-0.64398,-0.88315,0.37669,0.53820,-1.23014,1.48750,-0.80698,-0.61816,-0.88999,4.048,0.866,1.913,3.176,-0.019,-0.156,0.299
14.900000,745,0.36510,0.51309,-1.20545,1.47518,-0.80681,-0.63477,-0.86787,0.35617,0.52717,-1.20528,1.47217,-0.79777,-0.63969,-0.87822,0.37674,0.56153,-1.23032,1.49373,-0.80662,-0.61377,-0.88512,4.043,1.016,1.932,3.124,-0.036,-0.164,0.297
15.000000,750,0.36510,0.53636,-1.20545,1.48052,-0.80681,-0.62981,-0.86558,0.35643,0.55012,-1.20521,1.47753,-0.79734,-0.63553,-0.87329,0.37689,0.58445,-1.23063,1.49907,-0.80660,-0.60953,-0.88016,4.037,1.164,1.950,3.066,-0.053,-0.172,0.295
15.100000,755,0.36472,0.55849,-1.20545,1.48357,-0.80681,-0.62714,-0.86062,0.35677,0.57279,-1.20524,1.48197,-0.79716,-0.63158,-0.86786,0.37714,0.60704,-1.23107,1.50355,-0.80690,-0.60543,-0.87508,4.031,1.310,1.968,3.002,-0.070,-0.180,0.293
15.200000,760,0.36510,0.58290,-1.20545,1.48700,-0.80643,-0.62447,-0.85642,0.35724,0.59504,-1.20540,1.48562,-0.79738,-0.62777,-0.86269,0.37750,0.62932,-1.23163,1.50721,-0.80754,-0.60149,-0.86990,4.025,1.454,1.985,2.929,-0.087,-0.188,0.291
15.300000,765,0.36510,0.60503,-1.20545,1.48891,-0.80681,-0.62180,-0.85070,0.35780,0.61704,-1.20583,1.48842,-0.79808,-0.62409,-0.85741,0.37795,0.65129,-1.23232,1.51001,-0.80852,-0.59772,-0.86458,4.018,1.597,2.001,2.849,-0.104,-0.197,0.289
15.400000,770,0.36510,0.62792,-1.20545,1.49005,-0.80719,-0.61989,-0.84498,0.35842,0.63871,-1.20624,1.49032,-0.79890,-0.62065,-0.85187,0.37850,0.67295,-1.23314,1.51198,-0.80985,-0.59412,-0.85913,4.011,1.738,2.017,2.762,-0.119,-0.207,0.287
15.500000,775,0.36510,0.64928,-1.20545,1.49082,-0.80719,-0.61874,-0.84002,0.35919,0.66008,-1.20683,1.49141,-0.80013,-0.61740,-0.84600,0.37914,0.69431,-1.23407,1.51312,-0.81153,-0.59072,-0.85356,4.004,1.878,2.031,2.666,-0.135,-0.217,0.285
15.600000,780,0.36510,0.67179,-1.20545,1.49120,-0.80834,-0.61455,-0.83353,0.36004,0.68116,-1.20766,1.49171,-0.80199,-0.61418,-0.84038,0.37987,0.71534,-1.23514,1.51341,-0.81356,-0.58751,-0.84786,3.997,2.017,2.045,2.567,-0.150,-0.228,0.282
15.700000,785,0.36510,0.69124,-1.20545,1.49120,-0.81063,-0.61073,-0.82934,0.36095,0.70199,-1.20875,1.49131,-0.80426,-0.61118,-0.83440,0.38066,0.73605,-1.23630,1.51302,-0.81592,-0.58453,-0.84209,3.983,2.154,2.063,2.501,-0.158,-0.241,0.274
15.800000,790,0.36510,0.71299,-1.20545,1.49120,-0.81063,-0.60730,-0.82247,0.36174,0.72243,-1.20967,1.49103,-0.80652,-0.60863,-0.82864,0.38133,0.75649,-1.23745,1.51280,-0.81841,-0.58181,-0.83654,3.958,2.288,2.085,2.477,-0.158,-0.255,0.261
15.900000,795,0.36548,0.73282,-1.20545,1.49120,-0.81177,-0.60425,-0.81522,0.36245,0.74266,-1.21060,1.49075,-0.80896,-0.60622,-0.82297,0.38192,0.77663,-1.23861,1.51258,-0.82107,-0.57934,-0.83116,3.945,2.420,2.098,2.391,-0.167,-0.268,0.256
16.000000,800,0.36548,0.75457,-1.20545,1.49082,-0.81406,-0.60387,-0.81103,0.36336,0.76226,-1.21152,1.48915,-0.81141,-0.60416,-0.81743,0.38270,0.79628,-1.23994,1.51101,-0.82418,-0.57712,-0.82550,3.948,2.550,2.102,2.233,-0.187,-0.282,0.260
16.100000,805,0.36548,0.77364,-1.20545,1.49043,-0.81559,-0.60349,-0.80759,0.36455,0.78141,-1.21277,1.48569,-0.81466,-0.60222,-0.81113,0.38376,0.81537,-1.24150,1.50757,-0.82785,-0.57515,-0.81941,3.948,2.680,2.109,2.111,-0.202,-0.298,0.261
16.200000,810,0.36586,0.79272,-1.20545,1.48738,-0.81826,-0.60196,-0.80263,0.36587,0.80000,-1.21414,1.48107,-0.81834,-0.60063,-0.80487,0.38496,0.83390,-1.24319,1.50296,-0.83192,-0.57348,-0.81313,3.941,2.809,2.119,2.026,-0.210,-0.316,0.256
16.300000,815,0.36815,0.81026,-1.20545,1.48166,-0.82360,-0.60120,-0.79577,0.36725,0.81805,-1.21564,1.47555,-0.82231,-0.59919,-0.79846,0.38623,0.85189,-1.24497,1.49748,-0.83632,-0.57212,-0.80677,3.933,2.935,2.129,1.946,-0.215,-0.334,0.250
16.400000,820,0.36815,0.82857,-1.20583,1.47670,-0.83390,-0.60081,-0.78852,0.36878,0.83557,-1.21744,1.46916,-0.82692,-0.59822,-0.79179,0.38758,0.86932,-1.24683,1.49114,-0.84105,-0.57108,-0.80033,3.926,3.060,2.139,1.870,-0.220,-0.354,0.245
16.500000,825,0.36815,0.84688,-1.20583,1.46869,-0.83733,-0.60081,-0.78203,0.37027,0.85245,-1.21910,1.46185,-0.83173,-0.59774,-0.78504,0.38900,0.88618,-1.24876,1.48394,-0.84610,-0.57037,-0.79383,3.919,3.182,2.148,1.797,-0.224,-0.374,0.239
16.600000,830,0.37082,0.86253,-1.20583,1.46030,-0.84076,-0.60081,-0.77746,0.37181,0.86861,-1.22073,1.45366,-0.83653,-0.59761,-0.77858,0.39049,0.90246,-1.25075,1.47587,-0.85147,-0.57001,-0.78727,3.912,3.303,2.156,1.724,-0.226,-0.395,0.232
16.700000,835,0.37120,0.87817,-1.20660,1.45152,-0.84267,-0.60081,-0.76792,0.37360,0.88457,-1.22292,1.44471,-0.84231,-0.59748,-0.77118,0.39205,0.91814,-1.25281,1.46694,-0.85715,-0.56999,-0.78065,3.906,3.422,2.163,1.652,-0.228,-0.417,0.226
16.800000,840,0.37349,0.89571,-1.20736,1.44084,-0.84877,-0.60081,-0.75953,0.37535,0.89955,-1.22477,1.43482,-0.84781,-0.59789,-0.76475,0.39369,0.93322,-1.25492,1.45713,-0.86312,-0.57034,-0.77398,3.900,3.539,2.170,1.581,-0.229,-0.439,0.219
16.900000,845,0.37387,0.90945,-1.21079,1.42940,-0.85984,-0.60120,-0.75533,0.37724,0.91413,-1.22694,1.42410,-0.85399,-0.59841,-0.75795,0.39540,0.94767,-1.25708,1.44644,-0.86939,-0.57106,-0.76727,3.895,3.654,2.176,1.509,-0.229,-0.460,0.213
17.000000,850,0.37387,0.92356,-1.21156,1.41681,-0.86403,-0.60234,-0.75075,0.37917,0.92809,-1.22917,1.41240,-0.86056,-0.59971,-0.75031,0.39718,0.96148,-1.25928,1.43487,-0.87594,-0.57215,-0.76052,3.889,3.767,2.181,1.437,-0.228,-0.482,0.206
17.100000,855,0.37960,0.93729,-1.21385,1.40308,-0.86899,-0.60387,-0.74045,0.38102,0.94134,-1.23114,1.39981,-0.86697,-0.60139,-0.74309,0.39904,0.97464,-1.26152,1.42241,-0.88277,-0.57364,-0.75375,3.885,3.879,2.186,1.364,-0.227,-0.502,0.199
17.200000,860,0.38265,0.95103,-1.21728,1.38934,-0.87471,-0.60463,-0.73511,0.38316,0.95377,-1.23326,1.38640,-0.87374,-0.60328,-0.73631,0.40096,0.98713,-1.26378,1.40907,-0.88986,-0.57552,-0.74695,3.881,3.988,2.190,1.290,-0.226,-0.522,0.191
17.300000,865,0.38494,0.96285,-1.21804,1.37523,-0.88654,-0.60654,-0.72901,0.38537,0.96568,-1.23563,1.37209,-0.88095,-0.60543,-0.72942,0.40297,0.99894,-1.26605,1.39483,-0.89721,-0.57781,-0.74015,3.878,4.095,2.192,1.216,-0.224,-0.541,0.184
17.400000,870,0.38494,0.97544,-1.21995,1.35959,-0.89112,-0.61150,-0.72367,0.38753,0.97667,-1.23773,1.35677,-0.88821,-0.60846,-0.72245,0.40505,1.01005,-1.26834,1.37969,-0.90481,-0.58050,-0.73333,3.875,4.201,2.194,1.141,-0.221,-0.557,0.176
17.500000,875,0.38761,0.98498,-1.22453,1.34242,-0.89570,-0.61378,-0.71375,0.38972,0.98725,-1.23995,1.34061,-0.89591,-0.61150,-0.71513,0.40720,1.02047,-1.27064,1.36365,-0.91264,-0.58361,-0.72652,3.873,4.304,2.195,1.065,-0.218,-0.573,0.168
17.600000,880,0.39028,0.99528,-1.22491,1.32602,-0.90638,-0.62027,-0.70650,0.39221,0.99691,-1.24226,1.32355,-0.90363,-0.61506,-0.70816,0.40944,1.03015,-1.27293,1.34668,-0.92071,-0.58715,-0.71971,3.872,4.404,2.195,0.988,-0.215,-0.587,0.161
17.700000,885,0.39066,1.00367,-1.23025,1.30733,-0.91668,-0.62447,-0.70192,0.39460,1.00596,-1.24459,1.30551,-0.91199,-0.61900,-0.70107,0.41177,1.03909,-1.27521,1.32877,-0.92899,-0.59113,-0.71292,3.871,4.501,2.194,0.911,-0.211,-0.600,0.153
17.800000,890,0.39371,1.01550,-1.23139,1.28825,-0.92202,-0.62828,-0.69391,0.39708,1.01411,-1.24682,1.28649,-0.92015,-0.62378,-0.69402,0.41418,1.04730,-1.27748,1.30992,-0.93750,-0.59555,-0.70615,3.872,4.595,2.191,0.832,-0.207,-0.610,0.145
17.900000,895,0.40096,1.02122,-1.23139,1.26803,-0.92850,-0.63171,-0.68743,0.39976,1.02170,-1.24916,1.26659,-0.92877,-0.62849,-0.68674,0.41669,1.05474,-1.27973,1.29010,-0.94621,-0.60043,-0.69940,3.873,4.686,2.188,0.753,-0.203,-0.619,0.137
18.000000,900,0.40172,1.03037,-1.23750,1.24743,-0.94224,-0.63782,-0.68018,0.40254,1.02833,-1.25137,1.24563,-0.93737,-0.63392,-0.68000,0.41930,1.06142,-1.28196,1.26930,-0.95513,-0.60577,-0.69267,3.876,4.771,2.183,0.673,-0.199,-0.627,0.129
18.100000,905,0.40401,1.03381,-1.23864,1.22455,-0.94643,-0.64468,-0.67598,0.40536,1.03432,-1.25368,1.22365,-0.94641,-0.63977,-0.67264,0.42201,1.06731,-1.28415,1.24748,-0.96425,-0.61160,-0.68598,3.880,4.852,2.176,0.593,-0.194,-0.633,0.121
18.200000,910,0.40706,1.03495,-1.24208,1.20166,-0.95406,-0.65079,-0.66874,0.40834,1.03952,-1.25599,1.20070,-0.95568,-0.64599,-0.66572,0.42484,1.07241,-1.28631,1.22461,-0.97357,-0.61791,-0.67931,3.885,4.926,2.168,0.512,-0.190,-0.638,0.113
18.300000,915,0.40744,1.04525,-1.24436,1.17801,-0.96894,-0.65727,-0.66111,0.41143,1.04365,-1.25810,1.17661,-0.96472,-0.65289,-0.65935,0.42779,1.07671,-1.28844,1.20065,-0.98310,-0.62473,-0.67268,3.891,4.993,2.158,0.430,-0.185,-0.641,0.105
18.400000,920,0.41317,1.05097,-1.24627,1.15092,-0.97428,-0.66452,-0.65348,0.41444,1.04725,-1.26015,1.15128,-0.97427,-0.66042,-0.65206,0.43087,1.08017,-1.29052,1.17555,-0.99284,-0.63209,-0.66608,3.899,5.051,2.146,0.347,-0.180,-0.644,0.097
18.500000,925,0.41812,1.05097,-1.24932,1.12460,-0.98153,-0.67253,-0.64890,0.41795,1.04993,-1.26241,1.12487,-0.98407,-0.66814,-0.64499,0.43410,1.08278,-1.29257,1.14924,-1.00279,-0.64002,-0.65951,3.908,5.100,2.131,0.263,-0.175,-0.645,0.090
18.600000,930,0.41927,1.05097,-1.25085,1.09599,-0.99602,-0.68131,-0.64165,0.42150,1.05176,-1.26471,1.09713,-0.99423,-0.67670,-0.63826,0.43750,1.08453,-1.29456,1.12163,-1.01297,-0.64854,-0.65296,3.918,5.141,2.114,0.179,-0.170,-0.646,0.082
18.700000,935,0.42385,1.05174,-1.25276,1.06585,-1.00175,-0.68855,-0.63440,0.42517,1.05257,-1.26675,1.06800,-1.00445,-0.68584,-0.63163,0.44108,1.08537,-1.29652,1.09263,-1.02339,-0.65770,-0.64644,3.931,5.174,2.094,0.093,-0.165,-0.645,0.075
18.800000,940,0.42537,1.05174,-1.25695,1.03533,-1.01510,-0.69924,-0.62754,0.42908,1.05255,-1.26876,1.03739,-1.01477,-0.69543,-0.62495,0.44487,1.08525,-1.29842,1.06214,-1.03407,-0.66754,-0.63993,3.946,5.186,2.072,0.006,-0.159,-0.644,0.067
18.900000,945,0.43338,1.05403,-1.25772,1.00176,-1.02463,-0.70915,-0.62410,0.43312,1.05065,-1.27057,1.00498,-1.02519,-0.70626,-0.61804,0.44896,1.08344,-1.30026,1.02999,-1.04486,-0.67794,-0.63349,3.967,5.155,2.048,-0.079,-0.152,-0.641,0.059
19.000000,950,0.43796,1.05364,-1.25962,0.96819,-1.03379,-0.71869,-0.61914,0.43762,1.04758,-1.27273,0.97083,-1.03617,-0.71745,-0.61114,0.45332,1.08045,-1.30205,0.99614,-1.05590,-0.68908,-0.62707,3.984,5.236,2.015,-0.165,-0.148,-0.640,0.053
19.100000,955,0.44025,1.05326,-1.26344,0.93195,-1.04790,-0.73242,-0.60808,0.44212,1.04458,-1.27492,0.93489,-1.04808,-0.72986,-0.60399,0.45784,1.07759,-1.30384,0.96065,-1.06747,-0.70133,-0.62064,4.001,5.282,1.980,-0.256,-0.142,-0.637,0.045
19.200000,960,0.44445,1.05288,-1.26420,0.89419,-1.05782,-0.74425,-0.60121,0.44666,1.04070,-1.27755,0.89811,-1.06091,-0.74343,-0.59623,0.46259,1.07412,-1.30549,0.92463,-1.07888,-0.71404,-0.61426,4.010,5.500,1.975,-0.330,-0.122,-0.624,0.041
19.300000,965,0.45169,1.05517,-1.26535,0.87664,-1.06469,-0.75073,-0.59359,0.44958,1.04817,-1.28109,0.89023,-1.07004,-0.74798,-0.58682,0.46642,1.08285,-1.30481,0.91860,-1.08008,-0.71711,-0.60723,3.940,5.939,2.208,0.335,0.483,-0.036,0.053
19.400000,970,0.45169,1.07196,-1.26535,0.91708,-1.04600,-0.72899,-0.57947,0.45128,1.06996,-1.28341,0.92088,-1.06829,-0.73932,-0.57797,0.46906,1.10567,-1.30125,0.95030,-1.06824,-0.70739,-0.59937,3.903,5.976,2.310,0.379,0.506,0.005,0.058
19.500000,975,0.45398,1.09294,-1.26535,0.95484,-1.04180,-0.71640,-0.57413,0.45387,1.09371,-1.28071,0.95508,-1.05700,-0.72860,-0.57008,0.47168,1.12953,-1.29749,0.98445,-1.05554,-0.69684,-0.59136,3.878,6.000,2.376,0.400,0.504,0.004,0.058
19.600000,980,0.45665,1.11964,-1.26496,0.98841,-1.02769,-0.70534,-0.56726,0.45642,1.11746,-1.27644,0.98930,-1.04411,-0.71842,-0.56228,0.47429,1.15335,-1.29374,1.01855,-1.04285,-0.68631,-0.58336,3.850,6.020,2.438,0.419,0.502,0.002,0.058
19.700000,985,0.45704,1.14291,-1.26496,1.02236,-1.01700,-0.69809,-0.55620,0.45916,1.14116,-1.27259,1.02300,-1.03158,-0.70791,-0.55394,0.47686,1.17675,-1.29005,1.05205,-1.03039,-0.67596,-0.57551,3.817,6.036,2.494,0.435,0.498,-0.001,0.055
19.800000,990,0.45780,1.16542,-1.26496,1.05555,-1.00785,-0.68703,-0.55239,0.46093,1.16118,-1.26963,1.05644,-1.01966,-0.69696,-0.54781,0.47840,1.19629,-1.28684,1.08522,-1.01811,-0.66541,-0.57028,3.627,6.015,2.496,0.462,0.496,0.003,-0.207
19.900000,995,0.45971,1.17801,-1.26458,1.09027,-0.99259,-0.67482,-0.56002,0.45878,1.16763,-1.26871,1.09152,-1.00759,-0.68442,-0.55041,0.47595,1.20204,-1.28523,1.12008,-1.00540,-0.65319,-0.57524,3.447,5.739,2.461,0.535,0.490,0.000,-0.519
20.000000,1000,0.45932,1.17801,-1.26458,1.12574,-0.98458,-0.66261,-0.57375,0.45550,1.17040,-1.26775,1.12635,-0.99551,-0.67185,-0.55815,0.47224,1.20417,-1.28410,1.15434,-0.99315,-0.64151,-0.58343,3.440,5.671,2.488,0.614,0.480,-0.011,-0.512
20.100000,1005,0.45665,1.17839,-1.26458,1.15855,-0.96970,-0.65231,-0.58062,0.45209,1.17186,-1.26603,1.15911,-0.98327,-0.66100,-0.56667,0.46878,1.20544,-1.28290,1.18675,-0.98129,-0.63075,-0.59154,3.447,5.477,2.517,0.691,0.472,-0.021,-0.505
20.200000,1010,0.45627,1.17801,-1.26344,1.18907,-0.96322,-0.64354,-0.58634,0.44897,1.17172,-1.26407,1.19001,-0.97078,-0.65073,-0.57496,0.46562,1.20512,-1.28159,1.21734,-0.96962,-0.62069,-0.59962,3.455,5.320,2.542,0.768,0.464,-0.032,-0.497
20.300000,1015,0.45398,1.17801,-1.26306,1.21844,-0.94567,-0.63324,-0.59435,0.44594,1.17053,-1.26192,1.21933,-0.95883,-0.64150,-0.58329,0.46266,1.20390,-1.28019,1.24638,-0.95823,-0.61137,-0.60764,3.461,5.181,2.563,0.846,0.456,-0.043,-0.489
20.400000,1020,0.45322,1.17801,-1.26306,1.24591,-0.93766,-0.62561,-0.60274,0.44314,1.16854,-1.25973,1.24732,-0.94681,-0.63270,-0.59157,0.45987,1.20181,-1.27872,1.27409,-0.94706,-0.60271,-0.61566,3.468,5.047,2.582,0.923,0.448,-0.054,-0.481
20.500000,1025,0.44902,1.17762,-1.26191,1.27299,-0.92431,-0.61951,-0.60732,0.44052,1.16567,-1.25748,1.27411,-0.93514,-0.62478,-0.59982,0.45723,1.19889,-1.27716,1.30064,-0.93608,-0.59466,-0.62371,3.474,4.920,2.599,1.000,0.441,-0.066,-0.474
20.600000,1030,0.44826,1.17724,-1.26077,1.29855,-0.91477,-0.61188,-0.61800,0.43786,1.16251,-1.25520,1.30000,-0.92364,-0.61721,-0.60814,0.45464,1.19565,-1.27554,1.32627,-0.92535,-0.58725,-0.63179,3.473,4.844,2.610,1.076,0.432,-0.080,-0.466
20.700000,1035,0.44826,1.17724,-1.25619,1.32373,-0.90752,-0.60387,-0.62906,0.43528,1.15981,-1.25315,1.32525,-0.91285,-0.61037,-0.61657,0.45204,1.19282,-1.27392,1.35121,-0.91502,-0.58057,-0.63989,3.471,4.753,2.620,1.149,0.424,-0.095,-0.459
20.800000,1040,0.44254,1.17114,-1.25505,1.34814,-0.89188,-0.60005,-0.63326,0.43291,1.15598,-1.25119,1.34942,-0.90243,-0.60383,-0.62475,0.44959,1.18877,-1.27220,1.37508,-0.90476,-0.57433,-0.64804,3.482,4.593,2.634,1.222,0.418,-0.106,-0.452
20.900000,1045,0.43720,1.16046,-1.25161,1.37141,-0.88501,-0.59547,-0.64165,0.43065,1.15029,-1.24916,1.37238,-0.89183,-0.59772,-0.63324,0.44734,1.18293,-1.27036,1.39774,-0.89446,-0.56845,-0.65626,3.493,4.469,2.643,1.297,0.412,-0.120,-0.444
21.000000,1050,0.43720,1.15779,-1.24970,1.39354,-0.87700,-0.59128,-0.65157,0.42836,1.14342,-1.24659,1.39425,-0.88093,-0.59232,-0.64200,0.44520,1.17614,-1.26846,1.41937,-0.88432,-0.56307,-0.66452,3.502,4.360,2.649,1.372,0.404,-0.137,-0.436
21.100000,1055,0.43644,1.14825,-1.24856,1.41376,-0.86251,-0.58479,-0.65615,0.42623,1.13614,-1.24433,1.41518,-0.87075,-0.58718,-0.65031,0.44314,1.16856,-1.26650,1.44002,-0.87437,-0.55820,-0.67280,3.512,4.252,2.654,1.447,0.397,-0.155,-0.428
21.200000,1060,0.43377,1.13871,-1.24475,1.43550,-0.85793,-0.57945,-0.66416,0.42434,1.12797,-1.24231,1.43525,-0.86078,-0.58248,-0.65901,0.44116,1.16023,-1.26450,1.45973,-0.86462,-0.55383,-0.68110,3.522,4.145,2.656,1.521,0.389,-0.175,-0.420
21.300000,1065,0.43148,1.12956,-1.24208,1.45381,-0.84420,-0.57640,-0.67484,0.42236,1.11881,-1.23969,1.45418,-0.85056,-0.57867,-0.66743,0.43925,1.15111,-1.26245,1.47849,-0.85508,-0.54996,-0.68943,3.533,4.038,2.657,1.594,0.382,-0.196,-0.412
21.400000,1070,0.43110,1.12040,-1.23902,1.47250,-0.83580,-0.57487,-0.68285,0.42046,1.10906,-1.23727,1.47233,-0.84066,-0.57500,-0.67618,0.43741,1.14124,-1.26038,1.49636,-0.84575,-0.54656,-0.69778,3.545,3.932,2.657,1.667,0.374,-0.219,-0.404
21.500000,1075,0.42804,1.10667,-1.23635,1.49005,-0.82970,-0.57373,-0.68972,0.41870,1.09873,-1.23513,1.48959,-0.83150,-0.57181,-0.68458,0.43563,1.13062,-1.25827,1.51333,-0.83663,-0.54364,-0.70615,3.557,3.825,2.655,1.739,0.366,-0.243,-0.396
21.600000,1080,0.42232,1.09561,-1.23483,1.50646,-0.81673,-0.57106,-0.69735,0.41683,1.08728,-1.23262,1.50590,-0.82220,-0.56945,-0.69333,0.43390,1.11924,-1.25615,1.52943,-0.82775,-0.54119,-0.71454,3.570,3.718,2.652,1.810,0.359,-0.268,-0.388
21.700000,1085,0.42041,1.08569,-1.23445,1.52172,-0.80986,-0.57030,-0.70765,0.41508,1.07518,-1.23010,1.52139,-0.81283,-0.56718,-0.70221,0.43223,1.10715,-1.25401,1.54467,-0.81910,-0.53920,-0.72293,3.583,3.609,2.647,1.880,0.351,-0.296,-0.379
21.800000,1090,0.42003,1.07081,-1.23139,1.53697,-0.80262,-0.56915,-0.71413,0.41345,1.06255,-1.22783,1.53607,-0.80416,-0.56530,-0.71086,0.43061,1.09431,-1.25186,1.55904,-0.81072,-0.53768,-0.73133,3.597,3.499,2.641,1.949,0.342,-0.324,-0.371
21.900000,1095,0.41965,1.05593,-1.22910,1.55147,-0.79079,-0.56801,-0.72329,0.41182,1.04919,-1.22564,1.54978,-0.79590,-0.56401,-0.71918,0.42904,1.08072,-1.24971,1.57251,-0.80260,-0.53661,-0.73972,3.613,3.388,2.633,2.016,0.333,-0.353,-0.362
22.000000,1100,0.41736,1.04334,-1.22796,1.56406,-0.78430,-0.56801,-0.73206,0.41034,1.03436,-1.22298,1.56207,-0.78723,-0.56332,-0.72825,0.42762,1.06605,-1.24761,1.58454,-0.79485,-0.53600,-0.74793,3.639,3.273,2.620,2.078,0.323,-0.382,-0.351
22.100000,1105,0.41698,1.02694,-1.22338,1.57360,-0.78011,-0.56839,-0.73893,0.40907,1.01854,-1.22072,1.57251,-0.77939,-0.56293,-0.73638,0.42641,1.05001,-1.24559,1.59473,-0.78754,-0.53586,-0.75587,3.665,3.157,2.608,2.137,0.312,-0.412,-0.341
22.200000,1110,0.41584,1.00825,-1.22262,1.58390,-0.77210,-0.56839,-0.74541,0.40786,1.00198,-1.21875,1.58219,-0.77231,-0.56307,-0.74456,0.42523,1.03338,-1.24359,1.60417,-0.78052,-0.53615,-0.76381,3.677,3.041,2.598,2.203,0.304,-0.437,-0.335
22.300000,1115,0.41469,0.99261,-1.22109,1.59343,-0.76103,-0.56877,-0.75648,0.40626,0.98526,-1.21632,1.59193,-0.76507,-0.56391,-0.75308,0.42391,1.01683,-1.24157,1.61383,-0.77366,-0.53682,-0.77197,3.686,2.926,2.588,2.270,0.295,-0.461,-0.329
22.400000,1120,0.41431,0.97353,-1.21690,1.60411,-0.75760,-0.56992,-0.76372,0.40498,0.96874,-1.21452,1.60154,-0.75838,-0.56437,-0.76124,0.42255,0.99997,-1.23955,1.62313,-0.76707,-0.53788,-0.78020,3.702,2.808,2.574,2.329,0.285,-0.484,-0.321
22.500000,1125,0.41202,0.95904,-1.21575,1.61251,-0.75379,-0.57106,-0.76983,0.40363,0.95119,-1.21246,1.61030,-0.75171,-0.56569,-0.77017,0.42123,0.98251,-1.23758,1.63162,-0.76082,-0.53935,-0.78838,3.719,2.689,2.559,2.384,0.273,-0.507,-0.312
22.600000,1130,0.40668,0.93920,-1.21461,1.61937,-0.74806,-0.57220,-0.78089,0.40225,0.93320,-1.21037,1.61817,-0.74560,-0.56724,-0.77859,0.41996,0.96445,-1.23566,1.63928,-0.75492,-0.54120,-0.79648,3.737,2.568,2.542,2.435,0.260,-0.528,-0.303
22.700000,1135,0.40363,0.91975,-1.21194,1.62777,-0.73776,-0.57487,-0.78699,0.40094,0.91465,-1.20847,1.62515,-0.73981,-0.56942,-0.78671,0.41873,0.94578,-1.23382,1.64606,-0.74940,-0.54344,-0.80448,3.755,2.445,2.523,2.482,0.246,-0.546,-0.295
22.800000,1140,0.40363,0.90105,-1.21003,1.63311,-0.73357,-0.57640,-0.79424,0.39963,0.89549,-1.20654,1.63133,-0.73424,-0.57167,-0.79513,0.41755,0.92655,-1.23204,1.65200,-0.74426,-0.54605,-0.81239,3.773,2.321,2.503,2.523,0.231,-0.562,-0.286
22.900000,1145,0.40363,0.87931,-1.20927,1.63845,-0.73090,-0.57869,-0.80302,0.39845,0.87599,-1.20489,1.63671,-0.72933,-0.57418,-0.80302,0.41642,0.90679,-1.23034,1.65711,-0.73950,-0.54900,-0.82020,3.792,2.195,2.482,2.558,0.215,-0.576,-0.278
23.000000,1150,0.40363,0.86176,-1.20812,1.64150,-0.72823,-0.58022,-0.81064,0.39724,0.85558,-1.20308,1.64116,-0.72445,-0.57748,-0.81144,0.41533,0.88651,-1.22873,1.66139,-0.73513,-0.55229,-0.82788,3.811,2.067,2.460,2.585,0.196,-0.588,-0.269
23.100000,1155,0.40325,0.83811,-1.20660,1.64608,-0.72670,-0.58403,-0.81713,0.39619,0.83501,-1.20166,1.64476,-0.72038,-0.58070,-0.81897,0.41431,0.86572,-1.22722,1.66478,-0.73118,-0.55591,-0.83543,3.831,1.937,2.436,2.604,0.177,-0.598,-0.260
23.200000,1160,0.40287,0.81789,-1.20355,1.64798,-0.72403,-0.58975,-0.82438,0.39515,0.81368,-1.20020,1.64750,-0.71646,-0.58457,-0.82672,0.41334,0.84446,-1.22581,1.66735,-0.72763,-0.55983,-0.84284,3.851,1.806,2.411,2.616,0.156,-0.606,-0.252
23.300000,1165,0.40058,0.79462,-1.20278,1.64989,-0.71907,-0.59624,-0.83239,0.39409,0.79210,-1.19890,1.64937,-0.71320,-0.58856,-0.83415,0.41243,0.82275,-1.22451,1.66909,-0.72449,-0.56402,-0.85011,3.871,1.673,2.384,2.619,0.133,-0.613,-0.243
23.400000,1170,0.40020,0.77440,-1.20164,1.65027,-0.71221,-0.59853,-0.83964,0.39313,0.76988,-1.19772,1.65047,-0.71027,-0.59281,-0.84192,0.41158,0.80062,-1.22333,1.66996,-0.72177,-0.56850,-0.85721,3.891,1.538,2.356,2.617,0.109,-0.618,-0.235
23.500000,1175,0.39829,0.74999,-1.20164,1.65065,-0.70877,-0.60272,-0.84688,0.39225,0.74747,-1.19669,1.65066,-0.70773,-0.59724,-0.84906,0.41080,0.77808,-1.22228,1.67001,-0.71945,-0.57321,-0.86417,3.912,1.402,2.327,2.612,0.084,-0.622,-0.226
23.600000,1180,0.39791,0.72786,-1.20088,1.65065,-0.70877,-0.60539,-0.85451,0.39152,0.72466,-1.19583,1.65008,-0.70566,-0.60183,-0.85615,0.41009,0.75516,-1.22135,1.66921,-0.71756,-0.57816,-0.87095,3.933,1.264,2.296,2.605,0.057,-0.625,-0.218
23.700000,1185,0.39791,0.70307,-1.20049,1.65065,-0.70801,-0.61150,-0.86291,0.39077,0.70143,-1.19510,1.64856,-0.70388,-0.60686,-0.86298,0.40945,0.73189,-1.22056,1.66757,-0.71607,-0.58332,-0.87757,3.954,1.124,2.265,2.601,0.029,-0.626,-0.209
23.800000,1190,0.39791,0.68056,-1.19897,1.65027,-0.70686,-0.61760,-0.86825,0.39015,0.67782,-1.19458,1.64624,-0.70269,-0.61206,-0.86969,0.40890,0.70827,-1.21992,1.66508,-0.71500,-0.58867,-0.88401,3.976,0.982,2.232,2.601,0.001,-0.627,-0.201
23.900000,1195,0.39791,0.65538,-1.19897,1.64951,-0.70648,-0.62370,-0.87244,0.38957,0.65396,-1.19419,1.64310,-0.70202,-0.61718,-0.87647,0.40843,0.68434,-1.21941,1.66176,-0.71433,-0.59419,-0.89028,3.997,0.839,2.199,2.606,-0.027,-0.627,-0.192
24.000000,1200,0.39791,0.63250,-1.19897,1.64684,-0.70648,-0.62790,-0.87817,0.38909,0.62978,-1.19391,1.63910,-0.70161,-0.62265,-0.88293,0.40804,0.66011,-1.21906,1.65759,-0.71406,-0.59987,-0.89638,4.019,0.694,2.164,2.615,-0.055,-0.626,-0.184
24.100000,1205,0.39791,0.60732,-1.19897,1.64226,-0.70648,-0.63171,-0.88656,0.38870,0.60524,-1.19379,1.63421,-0.70157,-0.62824,-0.88922,0.40775,0.63558,-1.21885,1.65258,-0.71417,-0.60569,-0.90231,4.041,0.547,2.129,2.627,-0.083,-0.625,-0.176
24.200000,1210,0.39791,0.58214,-1.19897,1.63654,-0.70686,-0.63629,-0.89114,0.38843,0.58050,-1.19381,1.62846,-0.70193,-0.63398,-0.89524,0.40755,0.61073,-1.21879,1.64671,-0.71467,-0.61164,-0.90808,4.063,0.399,2.092,2.643,-0.111,-0.623,-0.168
24.300000,1215,0.39791,0.55735,-1.19897,1.63044,-0.70839,-0.64316,-0.89571,0.38831,0.55541,-1.19415,1.62185,-0.70274,-0.63979,-0.90097,0.40746,0.58552,-1.21889,1.63995,-0.71556,-0.61772,-0.91370,4.085,0.247,2.055,2.662,-0.137,-0.621,-0.161
24.400000,1220,0.39753,0.53140,-1.19897,1.62281,-0.70915,-0.65003,-0.90220,0.38822,0.52956,-1.19441,1.61421,-0.70376,-0.64599,-0.90716,0.40749,0.55987,-1.21916,1.63220,-0.71683,-0.62393,-0.91917,4.111,0.093,2.014,2.679,-0.164,-0.619,-0.151
24.500000,1225,0.39295,0.50432,-1.19897,1.61327,-0.70992,-0.65498,-0.90983,0.38844,0.50347,-1.19491,1.60480,-0.70519,-0.65187,-0.91282,0.40779,0.53384,-1.21972,1.62270,-0.71858,-0.63013,-0.92420,4.150,-0.064,1.964,2.693,-0.197,-0.613,-0.132
24.600000,1230,0.39257,0.47724,-1.19897,1.60144,-0.71297,-0.65880,-0.91402,0.38889,0.47726,-1.19620,1.59397,-0.70776,-0.65769,-0.91714,0.40830,0.50711,-1.22051,1.61171,-0.72078,-0.63646,-0.92901,4.168,-0.225,1.932,2.718,-0.216,-0.616,-0.138
24.700000,1235,0.39257,0.45053,-1.19897,1.59038,-0.71373,-0.66643,-0.92089,0.38914,0.44884,-1.19730,1.58289,-0.71044,-0.66474,-0.92244,0.40867,0.47892,-1.22126,1.60078,-0.72325,-0.64331,-0.93445,4.177,-0.398,1.899,2.746,-0.236,-0.619,-0.148
24.800000,1240,0.39257,0.42040,-1.19897,1.57817,-0.72212,-0.67444,-0.92280,0.38948,0.41929,-1.19868,1.57035,-0.71388,-0.67185,-0.92766,0.40914,0.44956,-1.22222,1.58844,-0.72623,-0.65047,-0.93991,4.205,-0.577,1.860,2.769,-0.257,-0.613,-0.139
24.900000,1245,0.39257,0.39217,-1.19897,1.56787,-0.72823,-0.68016,-0.92890,0.38962,0.39348,-1.19879,1.56322,-0.71771,-0.67803,-0.93182,0.40972,0.42453,-1.22099,1.58230,-0.72722,-0.65539,-0.94544,4.217,-0.700,2.120,3.347,0.059,-0.396,-0.139
25.000000,1250,0.39257,0.37729,-1.19439,1.58237,-0.71678,-0.67139,-0.93272,0.38948,0.38675,-1.19270,1.58129,-0.71733,-0.67599,-0.93626,0.41041,0.41965,-1.21131,1.60193,-0.71961,-0.65103,-0.95050,4.230,-0.214,2.207,3.484,0.221,-0.027,-0.109
25.100000,1255,0.39257,0.37920,-1.17799,1.61632,-0.70534,-0.65651,-0.93691,0.38978,0.39077,-1.18073,1.61227,-0.70884,-0.66754,-0.94145,0.41125,0.42477,-1.19760,1.63350,-0.70787,-0.64202,-0.95502,4.232,-0.145,2.223,3.496,0.223,-0.012,-0.104
25.200000,1260,0.39257,0.38034,-1.16349,1.64951,-0.69847,-0.64774,-0.94111,0.39049,0.39599,-1.16672,1.64457,-0.69736,-0.65831,-0.94658,0.41211,0.43012,-1.18364,1.66566,-0.69592,-0.63282,-0.95958,4.229,-0.126,2.235,3.500,0.221,-0.006,-0.101
25.300000,1265,0.39257,0.38644,-1.14900,1.68003,-0.68169,-0.63820,-0.94416,0.39111,0.40262,-1.15253,1.67558,-0.68507,-0.64947,-0.95186,0.41287,0.43702,-1.17047,1.69642,-0.68443,-0.62371,-0.96340,4.204,-0.030,2.236,3.488,0.211,-0.002,0.027
25.400000,1270,0.39257,0.40285,-1.14175,1.70330,-0.67635,-0.62904,-0.94264,0.39083,0.42261,-1.14270,1.69685,-0.67341,-0.64104,-0.95472,0.41280,0.45762,-1.16339,1.71718,-0.67643,-0.61501,-0.96138,4.129,0.121,2.145,3.453,0.166,-0.008,0.366
25.500000,1275,0.39257,0.43337,-1.14022,1.71550,-0.67139,-0.62256,-0.93882,0.38981,0.45277,-1.13751,1.71067,-0.66462,-0.63366,-0.95169,0.41201,0.48819,-1.16089,1.73096,-0.67116,-0.60687,-0.95553,4.104,0.303,2.109,3.421,0.139,-0.018,0.389
25.600000,1280,0.39257,0.46503,-1.13831,1.72657,-0.65994,-0.61913,-0.93462,0.38913,0.48310,-1.13438,1.72217,-0.65857,-0.62613,-0.94565,0.41139,0.51860,-1.15905,1.74254,-0.66671,-0.59891,-0.94916,4.100,0.477,2.122,3.385,0.119,-0.026,0.393
25.700000,1285,0.39257,0.49555,-1.13831,1.73534,-0.65537,-0.61073,-0.92699,0.38875,0.51261,-1.13216,1.73245,-0.65393,-0.61845,-0.93931,0.41090,0.54804,-1.15750,1.75275,-0.66286,-0.59118,-0.94275,4.084,0.644,2.150,3.355,0.105,-0.036,0.383
25.800000,1290,0.39257,0.52530,-1.13602,1.74412,-0.65308,-0.60234,-0.92013,0.38836,0.54105,-1.13036,1.74300,-0.65017,-0.61110,-0.93335,0.41030,0.57632,-1.15593,1.76317,-0.65934,-0.58391,-0.93701,4.055,0.802,2.184,3.329,0.097,-0.047,0.365
25.900000,1295,0.39257,0.55277,-1.13183,1.75442,-0.65231,-0.59662,-0.91631,0.38800,0.56885,-1.12860,1.75272,-0.64674,-0.60401,-0.92716,0.40977,0.60392,-1.15451,1.77286,-0.65625,-0.57684,-0.93132,4.052,0.956,2.193,3.287,0.074,-0.052,0.375
26.000000,1300,0.39257,0.58100,-1.13183,1.76204,-0.65003,-0.59204,-0.91212,0.38791,0.59633,-1.12711,1.76048,-0.64377,-0.59688,-0.92097,0.40956,0.63137,-1.15351,1.78053,-0.65376,-0.56970,-0.92494,4.048,1.110,2.205,3.237,0.050,-0.058,0.380
26.100000,1305,0.39257,0.60846,-1.13183,1.76853,-0.64964,-0.58212,-0.90411,0.38791,0.62349,-1.12581,1.76707,-0.64125,-0.58998,-0.91482,0.40951,0.65854,-1.15276,1.78710,-0.65178,-0.56264,-0.91827,4.036,1.262,2.224,3.189,0.029,-0.065,0.379
26.200000,1310,0.39257,0.63593,-1.13183,1.77349,-0.64888,-0.57526,-0.89648,0.38805,0.65044,-1.12488,1.77273,-0.63930,-0.58317,-0.90781,0.40955,0.68543,-1.15221,1.79278,-0.65026,-0.55570,-0.91140,4.023,1.411,2.242,3.136,0.006,-0.072,0.378
26.300000,1315,0.39257,0.66340,-1.13145,1.77692,-0.64812,-0.57068,-0.88961,0.38830,0.67708,-1.12397,1.77752,-0.63767,-0.57663,-0.90059,0.40969,0.71207,-1.15186,1.79759,-0.64923,-0.54889,-0.90432,4.010,1.558,2.259,3.075,-0.019,-0.080,0.376
26.400000,1320,0.39257,0.68972,-1.12954,1.78226,-0.64583,-0.56648,-0.88465,0.38870,0.70350,-1.12346,1.78144,-0.63662,-0.57007,-0.89304,0.40991,0.73846,-1.15171,1.80154,-0.64868,-0.54223,-0.89701,3.996,1.704,2.276,3.006,-0.046,-0.088,0.374
26.500000,1325,0.39257,0.71756,-1.12916,1.78341,-0.64583,-0.55885,-0.87435,0.38911,0.72969,-1.12309,1.78459,-0.63626,-0.56364,-0.88579,0.41022,0.76457,-1.15175,1.80464,-0.64862,-0.53575,-0.88947,3.981,1.847,2.293,2.930,-0.071,-0.096,0.372
26.600000,1330,0.39257,0.74389,-1.12916,1.78531,-0.64583,-0.55199,-0.86710,0.38965,0.75558,-1.12302,1.78684,-0.63633,-0.55738,-0.87793,0.41060,0.79038,-1.15197,1.80689,-0.64906,-0.52947,-0.88171,3.965,1.989,2.309,2.844,-0.099,-0.105,0.369
26.700000,1335,0.39257,0.76983,-1.12878,1.78646,-0.64621,-0.54817,-0.86100,0.39019,0.78092,-1.12280,1.78811,-0.63648,-0.55167,-0.87008,0.41105,0.81587,-1.15238,1.80827,-0.65001,-0.52341,-0.87373,3.950,2.128,2.324,2.750,-0.125,-0.115,0.366
26.800000,1340,0.39257,0.79500,-1.12801,1.78722,-0.64621,-0.54321,-0.85375,0.39088,0.80619,-1.12308,1.78861,-0.63761,-0.54589,-0.86149,0.41156,0.84099,-1.15297,1.80877,-0.65149,-0.51760,-0.86552,3.933,2.266,2.339,2.651,-0.151,-0.125,0.362
26.900000,1345,0.39257,0.81942,-1.12687,1.78722,-0.64697,-0.53863,-0.84460,0.39162,0.83096,-1.12349,1.78824,-0.63918,-0.54045,-0.85291,0.41213,0.86573,-1.15372,1.80842,-0.65347,-0.51207,-0.85709,3.916,2.401,2.355,2.552,-0.173,-0.136,0.358
27.000000,1350,0.39257,0.84574,-1.12687,1.78684,-0.65041,-0.53215,-0.83659,0.39242,0.85543,-1.12422,1.78709,-0.64151,-0.53512,-0.84430,0.41275,0.89005,-1.15463,1.80722,-0.65596,-0.50684,-0.84847,3.899,2.535,2.370,2.451,-0.194,-0.147,0.353
27.100000,1355,0.39257,0.86901,-1.12687,1.78684,-0.65270,-0.52795,-0.82896,0.39323,0.87934,-1.12490,1.78493,-0.64402,-0.53040,-0.83518,0.41341,0.91392,-1.15570,1.80515,-0.65896,-0.50193,-0.83964,3.882,2.666,2.384,2.355,-0.212,-0.160,0.348
27.200000,1360,0.39295,0.89381,-1.12687,1.78684,-0.65346,-0.52414,-0.81827,0.39410,0.90281,-1.12575,1.78194,-0.64713,-0.52604,-0.82567,0.41412,0.93731,-1.15690,1.80223,-0.66247,-0.49737,-0.83063,3.864,2.796,2.399,2.263,-0.227,-0.175,0.342
27.300000,1365,0.39295,0.91631,-1.12687,1.78379,-0.65613,-0.52185,-0.80797,0.39503,0.92575,-1.12676,1.77813,-0.65069,-0.52186,-0.81634,0.41487,0.96018,-1.15824,1.79843,-0.66647,-0.49318,-0.82143,3.847,2.923,2.413,2.176,-0.239,-0.190,0.336
27.400000,1370,0.39295,0.93958,-1.12725,1.77921,-0.65765,-0.51842,-0.80340,0.39595,0.94808,-1.12789,1.77346,-0.65482,-0.51820,-0.80703,0.41565,0.98251,-1.15969,1.79379,-0.67097,-0.48938,-0.81208,3.829,3.049,2.427,2.093,-0.250,-0.208,0.329
27.500000,1375,0.39295,0.96095,-1.12725,1.77349,-0.66109,-0.51689,-0.79233,0.39694,0.96991,-1.12912,1.76786,-0.65932,-0.51496,-0.79708,0.41646,1.00428,-1.16126,1.78828,-0.67593,-0.48598,-0.80258,3.811,3.172,2.441,2.015,-0.257,-0.227,0.323
27.600000,1380,0.39333,0.98383,-1.12725,1.76662,-0.66795,-0.51460,-0.78127,0.39797,0.99116,-1.13058,1.76145,-0.66441,-0.51192,-0.78728,0.41730,1.02544,-1.16293,1.78191,-0.68137,-0.48302,-0.79294,3.794,3.294,2.455,1.939,-0.263,-0.249,0.316
27.700000,1385,0.39333,1.00405,-1.12725,1.75861,-0.67864,-0.51384,-0.77288,0.39907,1.01185,-1.13227,1.75423,-0.67019,-0.50934,-0.77726,0.41816,1.04598,-1.16469,1.77470,-0.68724,-0.48049,-0.78319,3.777,3.414,2.468,1.865,-0.267,-0.272,0.308
27.800000,1390,0.39562,1.02465,-1.12725,1.74984,-0.68207,-0.51193,-0.76182,0.40002,1.03175,-1.13386,1.74603,-0.67628,-0.50753,-0.76700,0.41906,1.06588,-1.16652,1.76663,-0.69355,-0.47842,-0.77333,3.760,3.532,2.481,1.793,-0.270,-0.298,0.300
27.900000,1395,0.39867,1.04487,-1.12725,1.74145,-0.68474,-0.50964,-0.75457,0.40110,1.05097,-1.13550,1.73699,-0.68269,-0.50621,-0.75670,0.41997,1.08510,-1.16842,1.75771,-0.70026,-0.47683,-0.76338,3.743,3.648,2.494,1.722,-0.271,-0.325,0.292
28.000000,1400,0.39867,1.06547,-1.12725,1.73076,-0.69161,-0.50773,-0.74274,0.40222,1.06966,-1.13740,1.72720,-0.68977,-0.50504,-0.74660,0.42091,1.10364,-1.17038,1.74796,-0.70737,-0.47570,-0.75336,3.727,3.762,2.507,1.650,-0.271,-0.354,0.284
28.100000,1405,0.39905,1.08111,-1.12763,1.71932,-0.70496,-0.50773,-0.73282,0.40351,1.08766,-1.13955,1.71659,-0.69714,-0.50418,-0.73589,0.42188,1.12145,-1.17238,1.73734,-0.71485,-0.47507,-0.74328,3.712,3.875,2.519,1.579,-0.271,-0.383,0.276
28.200000,1410,0.40134,1.10057,-1.12801,1.70673,-0.70839,-0.50773,-0.72519,0.40454,1.10466,-1.14116,1.70497,-0.70452,-0.50449,-0.72559,0.42287,1.13856,-1.17442,1.72592,-0.72267,-0.47492,-0.73316,3.697,3.986,2.531,1.507,-0.269,-0.414,0.267
28.300000,1415,0.40134,1.11697,-1.12840,1.69414,-0.71411,-0.50773,-0.71261,0.40572,1.12120,-1.14318,1.69259,-0.71268,-0.50474,-0.71498,0.42389,1.15490,-1.17648,1.71363,-0.73083,-0.47530,-0.72300,3.683,4.095,2.543,1.434,-0.267,-0.444,0.258
28.400000,1420,0.40134,1.13185,-1.13145,1.68079,-0.72746,-0.50850,-0.70231,0.40698,1.13690,-1.14521,1.67946,-0.72092,-0.50544,-0.70470,0.42494,1.17050,-1.17856,1.70054,-0.73928,-0.47616,-0.71283,3.670,4.203,2.554,1.362,-0.264,-0.474,0.250
28.500000,1425,0.40210,1.15016,-1.13297,1.66629,-0.73395,-0.51117,-0.69201,0.40814,1.15157,-1.14711,1.66531,-0.72934,-0.50737,-0.69414,0.42603,1.18531,-1.18064,1.68660,-0.74803,-0.47754,-0.70266,3.657,4.309,2.565,1.288,-0.261,-0.502,0.241
28.600000,1430,0.40439,1.16313,-1.13297,1.65142,-0.74005,-0.51575,-0.68323,0.40943,1.16565,-1.14910,1.65042,-0.73815,-0.50929,-0.68340,0.42714,1.19934,-1.18272,1.67184,-0.75704,-0.47943,-0.69249,3.646,4.413,2.576,1.214,-0.257,-0.527,0.232
28.700000,1435,0.40554,1.17610,-1.13450,1.63501,-0.75150,-0.51842,-0.67331,0.41077,1.17915,-1.15126,1.63475,-0.74736,-0.51147,-0.67267,0.42830,1.21257,-1.18479,1.65625,-0.76628,-0.48183,-0.68234,3.635,4.516,2.586,1.140,-0.253,-0.550,0.223
28.800000,1440,0.40706,1.19136,-1.13793,1.61861,-0.75951,-0.52109,-0.66340,0.41209,1.19149,-1.15318,1.61821,-0.75667,-0.51465,-0.66244,0.42949,1.22501,-1.18683,1.63985,-0.77575,-0.48473,-0.67221,3.626,4.617,2.596,1.065,-0.249,-0.571,0.213
28.900000,1445,0.40706,1.20128,-1.13946,1.60030,-0.76676,-0.52376,-0.65004,0.41350,1.20334,-1.15540,1.60089,-0.76653,-0.51805,-0.65152,0.43074,1.23665,-1.18883,1.62263,-0.78542,-0.48815,-0.66211,3.617,4.716,2.605,0.989,-0.244,-0.589,0.204
29.000000,1450,0.40897,1.21386,-1.13984,1.58199,-0.78125,-0.52719,-0.64165,0.41495,1.21422,-1.15739,1.58279,-0.77621,-0.52190,-0.64147,0.43203,1.24748,-1.19080,1.60460,-0.79527,-0.49206,-0.65205,3.610,4.814,2.614,0.914,-0.239,-0.604,0.195
29.100000,1455,0.41431,1.22302,-1.14404,1.56330,-0.78926,-0.53253,-0.63059,0.41636,1.22430,-1.15930,1.56369,-0.78611,-0.52653,-0.63050,0.43338,1.25748,-1.19272,1.58574,-0.80528,-0.49649,-0.64203,3.604,4.909,2.622,0.838,-0.234,-0.617,0.186
29.200000,1460,0.41584,1.23408,-1.14594,1.54231,-0.79689,-0.53749,-0.62334,0.41803,1.23355,-1.16134,1.54396,-0.79633,-0.53138,-0.62024,0.43479,1.26668,-1.19458,1.56607,-0.81544,-0.50142,-0.63205,3.599,5.001,2.630,0.762,-0.229,-0.627,0.177
29.300000,1465,0.41812,1.24476,-1.14747,1.52248,-0.81139,-0.54436,-0.61228,0.41961,1.24188,-1.16315,1.52330,-0.80635,-0.53687,-0.61030,0.43627,1.27504,-1.19637,1.54556,-0.82573,-0.50685,-0.62212,3.596,5.091,2.637,0.685,-0.224,-0.636,0.168
29.400000,1470,0.41812,1.25049,-1.15205,1.49959,-0.81749,-0.55008,-0.60121,0.42127,1.24957,-1.16507,1.50178,-0.81698,-0.54278,-0.59965,0.43782,1.28258,-1.19809,1.52421,-0.83614,-0.51279,-0.61223,3.593,5.177,2.643,0.609,-0.218,-0.642,0.159
29.500000,1475,0.41851,1.25087,-1.15205,1.47785,-0.82817,-0.55389,-0.59206,0.42317,1.25651,-1.16710,1.47955,-0.82769,-0.54900,-0.58925,0.43946,1.28930,-1.19973,1.50202,-0.84667,-0.51922,-0.60238,3.592,5.260,2.648,0.532,-0.212,-0.646,0.151
29.600000,1480,0.42080,1.26422,-1.15281,1.45458,-0.83962,-0.56152,-0.57947,0.42490,1.26213,-1.16842,1.45624,-0.83781,-0.55646,-0.57972,0.44119,1.29522,-1.20127,1.47897,-0.85730,-0.52616,-0.59255,3.593,5.337,2.653,0.456,-0.207,-0.650,0.142
29.700000,1485,0.42156,1.27070,-1.15281,1.42940,-0.84534,-0.57144,-0.57222,0.42684,1.26737,-1.17014,1.43210,-0.84871,-0.56383,-0.56903,0.44302,1.30030,-1.20273,1.45500,-0.86804,-0.53362,-0.58275,3.595,5.409,2.656,0.379,-0.201,-0.652,0.134
29.800000,1490,0.42385,1.27833,-1.15472,1.40537,-0.86174,-0.57793,-0.56154,0.42891,1.27177,-1.17169,1.40705,-0.85958,-0.57173,-0.55905,0.44497,1.30457,-1.20408,1.43006,-0.87890,-0.54161,-0.57293,3.599,5.475,2.659,0.303,-0.195,-0.653,0.126
29.900000,1495,0.42385,1.28139,-1.15929,1.37904,-0.86899,-0.58517,-0.55239,0.43114,1.27528,-1.17320,1.38090,-0.87058,-0.58029,-0.54858,0.44706,1.30802,-1.20532,1.40406,-0.88991,-0.55018,-0.56308,3.604,5.533,2.660,0.225,-0.189,-0.653,0.118
30.000000,1500,0.42957,1.28139,-1.15968,1.35234,-0.88273,-0.59547,-0.54170,0.43357,1.27802,-1.17451,1.35357,-0.88151,-0.58941,-0.53812,0.44930,1.31064,-1.20646,1.37688,-0.90110,-0.55935,-0.55316,3.612,5.583,2.660,0.148,-0.183,-0.653,0.111
30.100000,1505,0.43453,1.28329,-1.16120,1.32335,-0.89379,-0.60463,-0.52950,0.43606,1.27968,-1.17566,1.32489,-0.89284,-0.59931,-0.52795,0.45173,1.31233,-1.20746,1.34834,-0.91249,-0.56917,-0.54311,3.625,5.607,2.659,0.069,-0.177,-0.651,0.104
30.200000,1510,0.43491,1.28329,-1.16464,1.29321,-0.90218,-0.61378,-0.51958,0.43889,1.27950,-1.17694,1.29443,-0.90461,-0.60971,-0.51728,0.45452,1.31217,-1.20829,1.31819,-0.92395,-0.57947,-0.53293,3.648,5.570,2.659,-0.008,-0.170,-0.648,0.097
30.300000,1515,0.43796,1.28329,-1.16540,1.26040,-0.91630,-0.62599,-0.51157,0.44187,1.27823,-1.17818,1.26217,-0.91682,-0.62115,-0.50603,0.45752,1.31107,-1.20899,1.28643,-0.93569,-0.59058,-0.52262,3.655,5.654,2.647,-0.084,-0.164,-0.648,0.089
30.400000,1520,0.44025,1.28329,-1.16578,1.22645,-0.92583,-0.63591,-0.50012,0.44484,1.27761,-1.17970,1.22985,-0.93019,-0.63345,-0.49450,0.46066,1.31087,-1.20954,1.25488,-0.94745,-0.60215,-0.51233,3.687,5.980,2.665,-0.147,-0.149,-0.628,0.079
30.500000,1525,0.44407,1.28673,-1.16616,1.21196,-0.93804,-0.63438,-0.49249,0.44953,1.28843,-1.18239,1.22282,-0.94207,-0.63483,-0.48402,0.46611,1.32278,-1.20851,1.24958,-0.95209,-0.60208,-0.50409,3.758,6.197,2.816,0.489,0.256,-0.009,0.032
30.600000,1530,0.45551,1.31190,-1.16578,1.24286,-0.93079,-0.61073,-0.48525,0.45672,1.31089,-1.18411,1.24746,-0.94614,-0.62105,-0.47790,0.47426,1.34628,-1.20575,1.27529,-0.94779,-0.58741,-0.49873,3.745,6.204,2.897,0.506,0.405,0.014,0.005
30.700000,1535,0.46047,1.33708,-1.16578,1.27147,-0.92698,-0.59357,-0.47724,0.46515,1.33554,-1.18209,1.27601,-0.94296,-0.60490,-0.47235,0.48273,1.37091,-1.20282,1.30386,-0.94269,-0.57134,-0.49355,3.716,6.194,2.948,0.497,0.405,0.016,0.004
30.800000,1540,0.47153,1.36111,-1.16578,1.30008,-0.92164,-0.57754,-0.47037,0.47378,1.36027,-1.17934,1.30463,-0.93829,-0.58885,-0.46641,0.49114,1.39538,-1.19990,1.33234,-0.93758,-0.55533,-0.48844,3.680,6.178,2.991,0.486,0.409,0.018,-0.015
30.900000,1545,0.47687,1.38438,-1.16578,1.32869,-0.91630,-0.56267,-0.47113,0.47954,1.37764,-1.17770,1.33426,-0.93200,-0.57312,-0.46444,0.49659,1.41217,-1.19766,1.36178,-0.93014,-0.53998,-0.48804,3.477,6.090,2.958,0.503,0.470,0.014,-0.490
31.000000,1550,0.47916,1.39163,-1.16578,1.36302,-0.90752,-0.54855,-0.48639,0.47907,1.38118,-1.17840,1.36695,-0.92174,-0.55887,-0.47151,0.49565,1.41485,-1.19679,1.39422,-0.91787,-0.52631,-0.49764,3.245,5.764,2.927,0.571,0.474,0.003,-0.551
31.100000,1555,0.47916,1.39163,-1.16578,1.39659,-0.89226,-0.53711,-0.50012,0.47723,1.38224,-1.17779,1.39942,-0.90918,-0.54611,-0.48259,0.49355,1.41550,-1.19612,1.42626,-0.90509,-0.51397,-0.50895,3.238,5.656,2.937,0.640,0.466,-0.008,-0.543
31.200000,1560,0.47878,1.39163,-1.16578,1.42787,-0.88501,-0.52566,-0.51233,0.47528,1.38261,-1.17649,1.43032,-0.89602,-0.53459,-0.49421,0.49151,1.41569,-1.19538,1.45678,-0.89263,-0.50273,-0.52020,3.246,5.490,2.954,0.706,0.458,-0.017,-0.535
31.300000,1565,0.47840,1.39163,-1.16578,1.45763,-0.87052,-0.51651,-0.52187,0.47347,1.38102,-1.17467,1.45938,-0.88279,-0.52408,-0.50546,0.48976,1.41404,-1.19441,1.48561,-0.88019,-0.49202,-0.53128,3.261,5.308,2.971,0.775,0.451,-0.026,-0.526
31.400000,1570,0.47840,1.39125,-1.16578,1.48509,-0.85946,-0.50659,-0.52988,0.47194,1.37834,-1.17285,1.48710,-0.86966,-0.51382,-0.51671,0.48821,1.41124,-1.19327,1.51302,-0.86787,-0.48197,-0.54224,3.272,5.174,2.982,0.844,0.444,-0.036,-0.518
31.500000,1575,0.47802,1.39087,-1.16578,1.51180,-0.84534,-0.49743,-0.53942,0.47047,1.37479,-1.17107,1.51363,-0.85719,-0.50445,-0.52800,0.48679,1.40759,-1.19200,1.53923,-0.85567,-0.47257,-0.55313,3.282,5.050,2.990,0.914,0.437,-0.047,-0.509
31.600000,1580,0.47573,1.38858,-1.16578,1.53697,-0.83466,-0.48981,-0.55124,0.46925,1.37041,-1.16911,1.53906,-0.84425,-0.49536,-0.53897,0.48548,1.40309,-1.19060,1.56439,-0.84355,-0.46378,-0.56401,3.292,4.933,2.996,0.984,0.430,-0.057,-0.501
31.700000,1585,0.47458,1.37714,-1.16578,1.56215,-0.82321,-0.48141,-0.56192,0.46809,1.36533,-1.16732,1.56367,-0.83195,-0.48682,-0.55011,0.48426,1.39772,-1.18908,1.58860,-0.83149,-0.45557,-0.57493,3.303,4.820,3.001,1.054,0.423,-0.068,-0.493
31.800000,1590,0.47268,1.37370,-1.16540,1.58618,-0.80986,-0.47340,-0.57337,0.46687,1.35905,-1.16508,1.58725,-0.81913,-0.47919,-0.56157,0.48313,1.39151,-1.18744,1.61195,-0.81946,-0.44791,-0.58592,3.314,4.711,3.003,1.124,0.417,-0.080,-0.485
31.900000,1595,0.47039,1.36302,-1.16502,1.60831,-0.79918,-0.46806,-0.58367,0.46582,1.35217,-1.16288,1.61003,-0.80667,-0.47198,-0.57278,0.48206,1.38443,-1.18569,1.63446,-0.80746,-0.44080,-0.59700,3.326,4.605,3.005,1.195,0.411,-0.093,-0.476
32.000000,1600,0.47039,1.35768,-1.16464,1.63120,-0.78392,-0.46272,-0.59473,0.46470,1.34417,-1.16052,1.63197,-0.79396,-0.46543,-0.58423,0.48106,1.37649,-1.18384,1.65618,-0.79550,-0.43424,-0.60818,3.338,4.501,3.005,1.266,0.404,-0.107,-0.468
32.100000,1605,0.47001,1.35234,-1.16464,1.65180,-0.77591,-0.45852,-0.60579,0.46372,1.33548,-1.15801,1.65316,-0.78135,-0.45917,-0.59576,0.48011,1.36767,-1.18189,1.67709,-0.78360,-0.42822,-0.61948,3.351,4.398,3.003,1.337,0.398,-0.122,-0.459
32.200000,1610,0.47001,1.33784,-1.16273,1.67278,-0.76103,-0.45051,-0.61495,0.46283,1.32605,-1.15601,1.67363,-0.76960,-0.45349,-0.60721,0.47920,1.35795,-1.17986,1.69720,-0.77177,-0.42278,-0.63090,3.365,4.296,3.000,1.408,0.392,-0.140,-0.451
32.300000,1615,0.46734,1.32411,-1.16006,1.69185,-0.75226,-0.44594,-0.62906,0.46207,1.31567,-1.15367,1.69327,-0.75730,-0.44818,-0.61896,0.47833,1.34735,-1.17774,1.71652,-0.76003,-0.41790,-0.64243,3.380,4.195,2.996,1.479,0.386,-0.160,-0.442
32.400000,1620,0.46734,1.31381,-1.15624,1.71093,-0.73700,-0.44327,-0.63822,0.46106,1.30411,-1.15091,1.71199,-0.74500,-0.44410,-0.63084,0.47749,1.33589,-1.17556,1.73506,-0.74842,-0.41359,-0.65408,3.395,4.093,2.990,1.550,0.379,-0.182,-0.433
32.500000,1625,0.46734,1.30427,-1.15548,1.72924,-0.72785,-0.43983,-0.65081,0.46019,1.29177,-1.14830,1.73007,-0.73286,-0.44004,-0.64321,0.47667,1.32354,-1.17331,1.75280,-0.73696,-0.40986,-0.66584,3.410,3.991,2.983,1.620,0.373,-0.208,-0.424
32.600000,1630,0.46505,1.28825,-1.15128,1.74679,-0.71640,-0.43907,-0.65996,0.45945,1.27866,-1.14578,1.74724,-0.72120,-0.43687,-0.65513,0.47587,1.31029,-1.17101,1.76973,-0.72567,-0.40673,-0.67772,3.427,3.888,2.975,1.691,0.366,-0.238,-0.415
32.700000,1635,0.46467,1.27452,-1.14976,1.76319,-0.70419,-0.43754,-0.67522,0.45847,1.26445,-1.14287,1.76359,-0.70917,-0.43419,-0.66756,0.47509,1.29616,-1.16866,1.78585,-0.71459,-0.40420,-0.68969,3.444,3.785,2.965,1.761,0.360,-0.270,-0.406
32.800000,1640,0.46467,1.26002,-1.14900,1.77883,-0.69618,-0.43678,-0.68590,0.45768,1.24973,-1.14025,1.77924,-0.69782,-0.43191,-0.67984,0.47432,1.28116,-1.16628,1.80117,-0.70375,-0.40227,-0.70175,3.462,3.680,2.955,1.830,0.353,-0.304,-0.397
32.900000,1645,0.46467,1.24286,-1.14480,1.79409,-0.68054,-0.43640,-0.69697,0.45683,1.23397,-1.13758,1.79400,-0.68682,-0.43036,-0.69215,0.47355,1.26530,-1.16388,1.81568,-0.69317,-0.40094,-0.71389,3.481,3.574,2.943,1.898,0.346,-0.341,-0.387
33.000000,1650,0.46352,1.22607,-1.14327,1.80820,-0.67482,-0.43640,-0.70879,0.45609,1.21735,-1.13509,1.80804,-0.67604,-0.42930,-0.70485,0.47278,1.24857,-1.16146,1.82936,-0.68290,-0.40023,-0.72609,3.500,3.467,2.929,1.966,0.339,-0.380,-0.378
33.100000,1655,0.45894,1.20967,-1.13793,1.82041,-0.66071,-0.43640,-0.72024,0.45528,1.19981,-1.13244,1.82115,-0.66565,-0.42901,-0.71737,0.47200,1.23099,-1.15903,1.84221,-0.67296,-0.40012,-0.73834,3.520,3.359,2.915,2.032,0.331,-0.419,-0.368
33.200000,1660,0.45894,1.18907,-1.13641,1.83338,-0.65231,-0.43640,-0.73511,0.45433,1.18163,-1.12979,1.83347,-0.65564,-0.42920,-0.72988,0.47122,1.21257,-1.15662,1.85423,-0.66339,-0.40062,-0.75062,3.540,3.250,2.899,2.097,0.323,-0.457,-0.359
33.300000,1665,0.45627,1.17152,-1.13183,1.84444,-0.64659,-0.43716,-0.74579,0.45356,1.16228,-1.12722,1.84495,-0.64583,-0.43011,-0.74283,0.47043,1.19332,-1.15422,1.86539,-0.65424,-0.40174,-0.76291,3.562,3.139,2.882,2.160,0.315,-0.493,-0.350
33.400000,1670,0.45627,1.14901,-1.13183,1.85512,-0.63248,-0.43907,-0.75915,0.45253,1.14243,-1.12452,1.85548,-0.63659,-0.43160,-0.75507,0.46962,1.17326,-1.15185,1.87570,-0.64552,-0.40346,-0.77518,3.584,3.026,2.864,2.221,0.305,-0.526,-0.340
33.500000,1675,0.45627,1.13032,-1.13107,1.86504,-0.62599,-0.44021,-0.76792,0.45164,1.12162,-1.12197,1.86528,-0.62771,-0.43368,-0.76815,0.46880,1.15243,-1.14953,1.88518,-0.63726,-0.40575,-0.78741,3.606,2.912,2.844,2.280,0.295,-0.555,-0.331
33.600000,1680,0.45360,1.10705,-1.12573,1.87458,-0.62065,-0.44250,-0.78394,0.45086,1.10029,-1.11984,1.87423,-0.61970,-0.43602,-0.78037,0.46797,1.13084,-1.14726,1.89380,-0.62950,-0.40863,-0.79959,3.629,2.796,2.823,2.336,0.284,-0.580,-0.322
33.700000,1685,0.45360,1.08493,-1.12305,1.88259,-0.60997,-0.44594,-0.79424,0.44979,1.07790,-1.11735,1.88217,-0.61205,-0.43950,-0.79303,0.46713,1.10850,-1.14506,1.90152,-0.62229,-0.41208,-0.81168,3.653,2.678,2.800,2.387,0.271,-0.602,-0.312
33.800000,1690,0.45360,1.06051,-1.12153,1.88793,-0.60158,-0.44822,-0.80950,0.44888,1.05505,-1.11519,1.88933,-0.60489,-0.44301,-0.80513,0.46628,1.08544,-1.14295,1.90838,-0.61564,-0.41609,-0.82366,3.677,2.559,2.776,2.434,0.257,-0.619,-0.303
33.900000,1695,0.45360,1.03839,-1.11848,1.89556,-0.59967,-0.45280,-0.81751,0.44793,1.03132,-1.11296,1.89558,-0.59818,-0.44734,-0.81762,0.46542,1.06172,-1.14093,1.91437,-0.60956,-0.42061,-0.83550,3.702,2.437,2.751,2.476,0.241,-0.632,-0.294
34.000000,1700,0.45322,1.01245,-1.11695,1.89938,-0.59586,-0.45814,-0.82896,0.44699,1.00714,-1.11102,1.90095,-0.59231,-0.45198,-0.82929,0.46455,1.03734,-1.13903,1.91948,-0.60409,-0.42565,-0.84719,3.727,2.314,2.723,2.509,0.221,-0.643,-0.286
34.100000,1705,0.45055,0.98841,-1.11619,1.90472,-0.59204,-0.46615,-0.84231,0.44598,0.98207,-1.10909,1.90535,-0.58702,-0.45733,-0.84140,0.46368,1.01234,-1.13725,1.92370,-0.59925,-0.43116,-0.85870,3.753,2.188,2.694,2.535,0.198,-0.650,-0.277
34.200000,1710,0.45055,0.96133,-1.11581,1.90777,-0.58174,-0.47073,-0.85375,0.44488,0.95657,-1.10728,1.90890,-0.58254,-0.46331,-0.85300,0.46282,0.98677,-1.13562,1.92704,-0.59504,-0.43713,-0.87000,3.780,2.061,2.663,2.552,0.171,-0.656,-0.269
34.300000,1715,0.45017,0.93577,-1.11390,1.90968,-0.57831,-0.47493,-0.86558,0.44395,0.93054,-1.10589,1.91169,-0.57869,-0.46910,-0.86489,0.46196,0.96066,-1.13414,1.92949,-0.59150,-0.44352,-0.88108,3.806,1.931,2.630,2.559,0.140,-0.659,-0.260
34.400000,1720,0.44826,0.90945,-1.11161,1.91120,-0.57754,-0.48256,-0.87473,0.44299,0.90375,-1.10439,1.91338,-0.57514,-0.47576,-0.87641,0.46113,0.93404,-1.13283,1.93104,-0.58863,-0.45031,-0.89191,3.834,1.800,2.595,2.559,0.105,-0.660,-0.252
34.500000,1725,0.44826,0.88122,-1.11123,1.91158,-0.57526,-0.49095,-0.88580,0.44205,0.87680,-1.10329,1.91426,-0.57268,-0.48261,-0.88703,0.46031,0.90696,-1.13171,1.93170,-0.58643,-0.45745,-0.90248,3.861,1.666,2.559,2.552,0.066,-0.660,-0.244
34.600000,1730,0.44826,0.85451,-1.11047,1.91158,-0.57487,-0.49629,-0.89533,0.44116,0.84936,-1.10236,1.91426,-0.57088,-0.48969,-0.89796,0.45954,0.87947,-1.13078,1.93147,-0.58490,-0.46492,-0.91277,3.889,1.530,2.520,2.543,0.023,-0.659,-0.236
34.700000,1735,0.44788,0.82552,-1.11008,1.91158,-0.57487,-0.50125,-0.90601,0.44031,0.82167,-1.10180,1.91338,-0.56998,-0.49706,-0.90828,0.45880,0.85159,-1.13007,1.93034,-0.58405,-0.47267,-0.92277,3.917,1.392,2.480,2.534,-0.021,-0.656,-0.228
34.800000,1740,0.44788,0.79767,-1.11008,1.91158,-0.57526,-0.50926,-0.91784,0.43952,0.79348,-1.10141,1.91158,-0.56958,-0.50477,-0.91857,0.45811,0.82338,-1.12957,1.92832,-0.58386,-0.48067,-0.93248,3.946,1.252,2.439,2.529,-0.066,-0.653,-0.221
34.900000,1745,0.44254,0.76945,-1.11008,1.91120,-0.57564,-0.51918,-0.92471,0.43880,0.76489,-1.10114,1.90883,-0.56976,-0.51276,-0.92854,0.45749,0.79488,-1.12932,1.92541,-0.58433,-0.48889,-0.94187,3.975,1.110,2.396,2.529,-0.109,-0.649,-0.213
35.000000,1750,0.43949,0.73969,-1.11008,1.91082,-0.57754,-0.52643,-0.93615,0.43807,0.73620,-1.10119,1.90517,-0.57073,-0.52086,-0.93796,0.45694,0.76612,-1.12930,1.92161,-0.58544,-0.49727,-0.95096,4.004,0.966,2.351,2.533,-0.152,-0.644,-0.206
35.100000,1755,0.43949,0.71108,-1.11008,1.90701,-0.57831,-0.53329,-0.94340,0.43754,0.70764,-1.10187,1.90082,-0.57277,-0.52880,-0.94680,0.45647,0.73714,-1.12953,1.91693,-0.58718,-0.50579,-0.95975,4.034,0.819,2.305,2.541,-0.190,-0.639,-0.199
35.200000,1760,0.43949,0.68171,-1.11008,1.90319,-0.57907,-0.54207,-0.95103,0.43702,0.67836,-1.10240,1.89536,-0.57490,-0.53734,-0.95585,0.45609,0.70797,-1.13001,1.91137,-0.58953,-0.51442,-0.96822,4.063,0.671,2.259,2.555,-0.224,-0.633,-0.192
35.300000,1765,0.43949,0.65271,-1.11008,1.89594,-0.58250,-0.55008,-0.96324,0.43659,0.64872,-1.10304,1.88899,-0.57731,-0.54601,-0.96470,0.45581,0.67861,-1.13076,1.90491,-0.59248,-0.52313,-0.97641,4.092,0.521,2.213,2.572,-0.253,-0.627,-0.185
35.400000,1770,0.43872,0.62296,-1.11008,1.88831,-0.58670,-0.55733,-0.96972,0.43621,0.61914,-1.10402,1.88164,-0.58074,-0.55455,-0.97325,0.45565,0.64904,-1.13177,1.89751,-0.59601,-0.53190,-0.98430,4.124,0.368,2.163,2.588,-0.280,-0.620,-0.177
35.500000,1775,0.43720,0.59282,-1.11047,1.87916,-0.59776,-0.56496,-0.97697,0.43632,0.58984,-1.10601,1.87298,-0.58518,-0.56257,-0.98071,0.45571,0.61936,-1.13323,1.88852,-0.60023,-0.54060,-0.99159,4.165,0.214,2.098,2.598,-0.310,-0.612,-0.162
35.600000,1780,0.43720,0.56307,-1.11047,1.86810,-0.60234,-0.57487,-0.98460,0.43636,0.55962,-1.10782,1.86238,-0.58985,-0.57132,-0.98825,0.45599,0.58942,-1.13512,1.87792,-0.60512,-0.54926,-0.99832,4.194,0.056,2.060,2.623,-0.326,-0.608,-0.161
35.700000,1785,0.43720,0.53140,-1.11047,1.85780,-0.60539,-0.58098,-0.99261,0.43652,0.52903,-1.11009,1.85212,-0.59540,-0.57999,-0.99547,0.45624,0.55860,-1.13696,1.86757,-0.61034,-0.55826,-1.00570,4.215,-0.109,2.028,2.650,-0.339,-0.604,-0.167
35.800000,1790,0.43720,0.49936,-1.11123,1.84788,-0.60921,-0.58975,-0.99986,0.43669,0.49719,-1.11212,1.84086,-0.60109,-0.58927,-1.00259,0.45659,0.52690,-1.13901,1.85646,-0.61614,-0.56747,-1.01324,4.246,-0.280,1.972,2.669,-0.357,-0.598,-0.162
35.900000,1795,0.43720,0.46579,-1.11237,1.83453,-0.61760,-0.59929,-1.00405,0.43710,0.46479,-1.11496,1.82771,-0.60806,-0.59834,-1.00934,0.45715,0.49448,-1.14160,1.84337,-0.62279,-0.57677,-1.02036,4.286,-0.457,1.915,2.687,-0.370,-0.591,-0.155
36.000000,1800,0.43720,0.43451,-1.11314,1.82308,-0.62447,-0.60654,-1.01206,0.43899,0.43596,-1.11692,1.81979,-0.61327,-0.60823,-1.01645,0.45948,0.46645,-1.14216,1.83628,-0.62491,-0.58581,-1.02822,4.506,-0.573,2.229,3.268,0.186,-0.574,-0.174
36.100000,1805,0.43949,0.41811,-1.11199,1.83567,-0.59929,-0.61607,-1.02275,0.44668,0.42670,-1.11232,1.83627,-0.60277,-0.61831,-1.02459,0.46827,0.45970,-1.13433,1.85485,-0.60744,-0.59321,-1.03763,4.591,-0.253,2.349,3.346,0.248,-0.544,-0.176
36.200000,1810,0.45055,0.41772,-1.10474,1.86428,-0.57526,-0.62523,-1.03343,0.45711,0.42621,-1.10303,1.86266,-0.58064,-0.62614,-1.03474,0.47947,0.46053,-1.12363,1.88214,-0.58295,-0.60007,-1.04736,4.619,-0.203,2.364,3.304,0.247,-0.532,-0.174
36.300000,1815,0.46047,0.41772,-1.09406,1.89175,-0.55122,-0.63133,-1.04525,0.46813,0.42671,-1.09236,1.89000,-0.55576,-0.63325,-1.04544,0.49073,0.46154,-1.11283,1.90966,-0.55826,-0.60693,-1.05711,4.640,-0.119,2.373,3.255,0.243,-0.508,-0.166
36.400000,1820,0.47115,0.41925,-1.08414,1.91692,-0.52986,-0.63095,-1.04869,0.47567,0.43672,-1.08268,1.91325,-0.53347,-0.63545,-1.05366,0.49851,0.47224,-1.10423,1.93285,-0.53810,-0.60842,-1.06150,4.524,0.157,2.342,3.197,0.220,0.012,0.264
36.500000,1825,0.47306,0.44405,-1.08186,1.93180,-0.51994,-0.61340,-1.03953,0.47568,0.46678,-1.07635,1.92874,-0.51985,-0.62617,-1.05442,0.49896,0.50307,-1.09974,1.94816,-0.52734,-0.59861,-1.05555,4.284,0.336,2.321,3.167,0.198,0.077,0.422
36.600000,1830,0.47306,0.48181,-1.07842,1.94363,-0.51231,-0.59967,-1.03266,0.47484,0.50022,-1.07135,1.94180,-0.50929,-0.61520,-1.04881,0.49835,0.53686,-1.09615,1.96141,-0.51868,-0.58684,-1.04791,4.269,0.507,2.327,3.138,0.191,0.069,0.429
36.700000,1835,0.47306,0.51462,-1.07651,1.95469,-0.49896,-0.58975,-1.02503,0.47448,0.53370,-1.06744,1.95325,-0.50045,-0.60354,-1.04053,0.49790,0.57028,-1.09320,1.97285,-0.51093,-0.57499,-1.03971,4.255,0.673,2.343,3.110,0.185,0.060,0.430
36.800000,1840,0.47306,0.54819,-1.07156,1.96499,-0.49400,-0.57678,-1.01817,0.47442,0.56668,-1.06433,1.96408,-0.49284,-0.59163,-1.03228,0.49762,0.60309,-1.09051,1.98352,-0.50378,-0.56323,-1.03156,4.238,0.833,2.380,3.085,0.183,0.050,0.422
36.900000,1845,0.47306,0.58252,-1.06889,1.97567,-0.48828,-0.56801,-1.01245,0.47439,0.59879,-1.06094,1.97488,-0.48518,-0.58050,-1.02453,0.49749,0.63526,-1.08771,1.99442,-0.49690,-0.55170,-1.02399,4.220,0.988,2.403,3.056,0.178,0.041,0.420
37.000000,1850,0.47268,0.61457,-1.06545,1.98483,-0.47684,-0.55618,-1.00215,0.47449,0.63085,-1.05782,1.98401,-0.47828,-0.56920,-1.01632,0.49752,0.66736,-1.08552,2.00354,-0.49091,-0.54001,-1.01564,4.203,1.142,2.398,3.012,0.160,0.033,0.428
37.100000,1855,0.47306,0.64699,-1.06507,1.99169,-0.47226,-0.54588,-0.99413,0.47486,0.66295,-1.05553,1.99177,-0.47223,-0.55726,-1.00759,0.49770,0.69941,-1.08385,2.01121,-0.48575,-0.52819,-1.00661,4.183,1.294,2.412,2.971,0.145,0.025,0.428
37.200000,1860,0.47306,0.67980,-1.06354,1.99818,-0.46997,-0.53596,-0.98651,0.47530,0.69495,-1.05369,1.99853,-0.46718,-0.54555,-0.99839,0.49798,0.73136,-1.08251,2.01795,-0.48130,-0.51635,-0.99719,4.161,1.443,2.426,2.925,0.126,0.016,0.428
37.300000,1865,0.47306,0.71222,-1.05973,2.00276,-0.46692,-0.52338,-0.97544,0.47586,0.72683,-1.05221,2.00435,-0.46295,-0.53394,-0.98859,0.49837,0.76322,-1.08150,2.02375,-0.47760,-0.50454,-0.98736,4.137,1.589,2.439,2.872,0.100,0.007,0.427
37.400000,1870,0.47306,0.74312,-1.05935,2.00810,-0.46615,-0.51460,-0.96514,0.47649,0.75871,-1.05101,2.00927,-0.45952,-0.52220,-0.97815,0.49883,0.79495,-1.08080,2.02864,-0.47465,-0.49278,-0.97709,4.112,1.734,2.453,2.813,0.070,-0.002,0.425
37.500000,1875,0.47306,0.77479,-1.05782,2.01077,-0.46501,-0.50201,-0.95637,0.47720,0.79039,-1.05007,2.01324,-0.45686,-0.51066,-0.96739,0.49935,0.82653,-1.08041,2.03261,-0.47251,-0.48113,-0.96639,4.085,1.876,2.465,2.742,0.030,-0.012,0.423
37.600000,1880,0.47306,0.80721,-1.05782,2.01306,-0.46272,-0.49133,-0.94302,0.47792,0.82178,-1.04938,2.01627,-0.45494,-0.49938,-0.95639,0.49993,0.85790,-1.08032,2.03564,-0.47120,-0.46965,-0.95524,4.056,2.016,2.478,2.663,-0.013,-0.021,0.420
37.700000,1885,0.47306,0.83887,-1.05744,2.01611,-0.46234,-0.48027,-0.93462,0.47874,0.85293,-1.04913,2.01839,-0.45401,-0.48831,-0.94451,0.50053,0.88901,-1.08050,2.03775,-0.47074,-0.45837,-0.94367,4.026,2.153,2.491,2.572,-0.062,-0.030,0.416
37.800000,1890,0.47344,0.86901,-1.05706,2.01649,-0.46234,-0.46997,-0.91975,0.47959,0.88398,-1.04925,2.01960,-0.45415,-0.47718,-0.93221,0.50114,0.91979,-1.08096,2.03893,-0.47115,-0.44738,-0.93167,3.994,2.288,2.504,2.476,-0.111,-0.039,0.412
37.900000,1895,0.47344,0.90144,-1.05668,2.01649,-0.46310,-0.46234,-0.91174,0.48040,0.91431,-1.04932,2.01975,-0.45454,-0.46684,-0.91974,0.50176,0.95019,-1.08166,2.03917,-0.47243,-0.43671,-0.91927,3.961,2.421,2.517,2.371,-0.159,-0.048,0.408
38.000000,1900,0.47344,0.93272,-1.05668,2.01649,-0.46577,-0.45089,-0.89648,0.48123,0.94437,-1.04978,2.01911,-0.45631,-0.45663,-0.90704,0.50237,0.98016,-1.08259,2.03847,-0.47462,-0.42643,-0.90649,3.927,2.551,2.532,2.270,-0.199,-0.058,0.402
38.100000,1905,0.47344,0.96133,-1.05668,2.01611,-0.46768,-0.44136,-0.88541,0.48205,0.97399,-1.05058,2.01747,-0.45902,-0.44679,-0.89359,0.50295,1.00964,-1.08373,2.03684,-0.47768,-0.41659,-0.89334,3.892,2.678,2.546,2.166,-0.235,-0.067,0.396
38.200000,1910,0.47382,0.99108,-1.05668,2.01611,-0.47073,-0.43564,-0.86901,0.48288,1.00300,-1.05140,2.01487,-0.46233,-0.43768,-0.87957,0.50350,1.03857,-1.08507,2.03429,-0.48162,-0.40724,-0.87987,3.857,2.803,2.561,2.071,-0.260,-0.077,0.390
38.300000,1915,0.47420,1.02046,-1.05668,2.01534,-0.47378,-0.42457,-0.85947,0.48360,1.03139,-1.05250,2.01143,-0.46676,-0.42888,-0.86585,0.50400,1.06690,-1.08659,2.03079,-0.48643,-0.39844,-0.86608,3.821,2.926,2.576,1.981,-0.280,-0.087,0.383
38.400000,1920,0.47725,1.04945,-1.05668,2.01000,-0.47645,-0.41694,-0.84307,0.48425,1.05916,-1.05362,2.00694,-0.47175,-0.42092,-0.85154,0.50445,1.09459,-1.08825,2.02638,-0.49209,-0.39021,-0.85204,3.784,3.046,2.592,1.895,-0.294,-0.098,0.375
38.500000,1925,0.47916,1.07615,-1.05706,2.00543,-0.48179,-0.41122,-0.82857,0.48497,1.08639,-1.05519,2.00162,-0.47804,-0.41326,-0.83648,0.50485,1.12159,-1.09006,2.02105,-0.49856,-0.38261,-0.83776,3.748,3.164,2.608,1.816,-0.303,-0.111,0.367
38.600000,1930,0.47954,1.10286,-1.05706,1.99894,-0.49400,-0.40474,-0.81446,0.48560,1.11275,-1.05689,1.99543,-0.48509,-0.40616,-0.82222,0.50518,1.14785,-1.09198,2.01479,-0.50583,-0.37567,-0.82329,3.712,3.280,2.625,1.741,-0.309,-0.124,0.359
38.700000,1935,0.47954,1.12918,-1.05706,1.99131,-0.50049,-0.39749,-0.80302,0.48600,1.13833,-1.05848,1.98807,-0.49276,-0.40041,-0.80672,0.50545,1.17334,-1.09400,2.00763,-0.51385,-0.36943,-0.80865,3.676,3.394,2.641,1.668,-0.311,-0.141,0.350
38.800000,1940,0.48221,1.15435,-1.05706,1.98254,-0.50468,-0.39291,-0.78661,0.48643,1.16327,-1.06029,1.97995,-0.50120,-0.39497,-0.79111,0.50565,1.19802,-1.09611,1.99957,-0.52259,-0.36390,-0.79391,3.641,3.505,2.658,1.596,-0.313,-0.161,0.340
38.900000,1945,0.48450,1.17953,-1.05706,1.97300,-0.51765,-0.39100,-0.77250,0.48691,1.18713,-1.06225,1.97099,-0.51024,-0.39013,-0.77599,0.50578,1.22185,-1.09829,1.99062,-0.53200,-0.35912,-0.77908,3.607,3.615,2.675,1.525,-0.312,-0.185,0.331
39.000000,1950,0.48450,1.20356,-1.05706,1.96232,-0.52681,-0.38719,-0.75495,0.48727,1.21025,-1.06434,1.96109,-0.52023,-0.38618,-0.76058,0.50585,1.24481,-1.10052,1.98078,-0.54204,-0.35509,-0.76421,3.574,3.723,2.692,1.456,-0.311,-0.213,0.321
39.100000,1955,0.48450,1.22569,-1.05744,1.95164,-0.53291,-0.38604,-0.74007,0.48748,1.23239,-1.06638,1.95028,-0.53064,-0.38312,-0.74518,0.50586,1.26688,-1.10280,1.97007,-0.55265,-0.35183,-0.74933,3.541,3.830,2.709,1.386,-0.309,-0.247,0.310
39.200000,1960,0.48488,1.24858,-1.05820,1.93943,-0.55008,-0.38452,-0.72863,0.48770,1.25371,-1.06861,1.93864,-0.54174,-0.38057,-0.72980,0.50582,1.28803,-1.10510,1.95849,-0.56379,-0.34936,-0.73448,3.511,3.934,2.726,1.316,-0.306,-0.285,0.300
39.300000,1965,0.48450,1.26842,-1.05897,1.92608,-0.55695,-0.38414,-0.71108,0.48784,1.27405,-1.07081,1.92610,-0.55331,-0.37910,-0.71421,0.50572,1.30824,-1.10741,1.94605,-0.57541,-0.34766,-0.71968,3.481,4.038,2.743,1.245,-0.302,-0.328,0.289
39.400000,1970,0.48450,1.28902,-1.06011,1.91273,-0.57297,-0.38414,-0.69735,0.48799,1.29351,-1.07312,1.91280,-0.56526,-0.37793,-0.69905,0.50557,1.32750,-1.10973,1.93277,-0.58746,-0.34674,-0.70498,3.453,4.140,2.761,1.174,-0.298,-0.374,0.278
39.500000,1975,0.48488,1.30694,-1.06087,1.89861,-0.58098,-0.38452,-0.68285,0.48801,1.31195,-1.07537,1.89855,-0.57778,-0.37802,-0.68372,0.50539,1.34580,-1.11204,1.91865,-0.59988,-0.34661,-0.69038,3.427,4.240,2.778,1.103,-0.294,-0.421,0.267
39.600000,1980,0.48488,1.32602,-1.06126,1.88297,-0.59586,-0.38490,-0.66797,0.48805,1.32936,-1.07758,1.88353,-0.59038,-0.37860,-0.66878,0.50517,1.36312,-1.11433,1.90371,-0.61263,-0.34724,-0.67591,3.403,4.340,2.795,1.032,-0.290,-0.465,0.256
39.700000,1985,0.48488,1.34242,-1.06545,1.86657,-0.60730,-0.38681,-0.65157,0.48796,1.34584,-1.07979,1.86764,-0.60347,-0.38014,-0.65381,0.50493,1.37946,-1.11659,1.88795,-0.62565,-0.34862,-0.66160,3.380,4.438,2.812,0.960,-0.285,-0.506,0.245
39.800000,1990,0.48488,1.35730,-1.06736,1.84978,-0.62103,-0.38871,-0.63707,0.48799,1.36135,-1.08220,1.85100,-0.61684,-0.38229,-0.63889,0.50468,1.39482,-1.11881,1.87138,-0.63890,-0.35076,-0.64746,3.359,4.535,2.828,0.888,-0.280,-0.542,0.234
39.900000,1995,0.48488,1.37523,-1.06774,1.83224,-0.63286,-0.39215,-0.62448,0.48781,1.37569,-1.08422,1.83342,-0.63020,-0.38553,-0.62455,0.50441,1.40920,-1.12099,1.85402,-0.65232,-0.35363,-0.63350,3.340,4.631,2.845,0.816,-0.275,-0.572,0.223
40.000000,2000,0.48488,1.38629,-1.07194,1.81316,-0.64735,-0.39558,-0.61151,0.48784,1.38943,-1.08651,1.81524,-0.64395,-0.38871,-0.61002,0.50416,1.42259,-1.12310,1.83587,-0.66589,-0.35721,-0.61972,3.323,4.726,2.862,0.744,-0.270,-0.597,0.212
40.100000,2005,0.48488,1.40155,-1.07384,1.79409,-0.65918,-0.39901,-0.59778,0.48783,1.40187,-1.08879,1.79620,-0.65774,-0.39316,-0.59592,0.50391,1.43501,-1.12515,1.81693,-0.67955,-0.36149,-0.60614,3.307,4.819,2.878,0.672,-0.264,-0.616,0.201
40.200000,2010,0.48488,1.41452,-1.07423,1.77387,-0.67444,-0.40435,-0.58252,0.48774,1.41337,-1.09074,1.77631,-0.67137,-0.39814,-0.58199,0.50368,1.44645,-1.12712,1.79722,-0.69327,-0.36645,-0.59275,3.294,4.911,2.894,0.600,-0.259,-0.630,0.190
40.300000,2015,0.48488,1.42329,-1.07613,1.75327,-0.68512,-0.41313,-0.57108,0.48768,1.42395,-1.09277,1.75564,-0.68536,-0.40400,-0.56796,0.50348,1.45692,-1.12901,1.77674,-0.70701,-0.37207,-0.57955,3.283,5.001,2.910,0.528,-0.253,-0.641,0.180
40.400000,2020,0.48488,1.43359,-1.08071,1.73115,-0.70076,-0.41847,-0.55544,0.48772,1.43361,-1.09472,1.73426,-0.69910,-0.41007,-0.55440,0.50333,1.46643,-1.13080,1.75548,-0.72074,-0.37834,-0.56654,3.273,5.089,2.926,0.457,-0.247,-0.648,0.169
40.500000,2025,0.48488,1.44428,-1.08262,1.70902,-0.71297,-0.42457,-0.54476,0.48771,1.44218,-1.09665,1.71207,-0.71308,-0.41721,-0.54101,0.50322,1.47499,-1.13248,1.73346,-0.73444,-0.38523,-0.55370,3.266,5.175,2.942,0.386,-0.241,-0.653,0.159
40.600000,2030,0.48488,1.45229,-1.08338,1.68575,-0.72975,-0.43258,-0.52835,0.48785,1.44997,-1.09846,1.68914,-0.72681,-0.42454,-0.52779,0.50317,1.48260,-1.13405,1.71067,-0.74808,-0.39273,-0.54102,3.260,5.257,2.957,0.316,-0.234,-0.656,0.149
40.700000,2035,0.48488,1.46068,-1.08681,1.66172,-0.74043,-0.44098,-0.51653,0.48793,1.45656,-1.09991,1.66533,-0.74035,-0.43297,-0.51473,0.50319,1.48929,-1.13550,1.68708,-0.76164,-0.40083,-0.52848,3.256,5.335,2.972,0.246,-0.228,-0.657,0.140
40.800000,2040,0.48488,1.46373,-1.08720,1.63616,-0.75684,-0.44822,-0.50661,0.48824,1.46259,-1.10171,1.64086,-0.75422,-0.44135,-0.50172,0.50329,1.49506,-1.13682,1.66268,-0.77513,-0.40952,-0.51605,3.254,5.408,2.986,0.176,-0.221,-0.657,0.130
40.900000,2045,0.48488,1.46602,-1.08758,1.61174,-0.76676,-0.45624,-0.49364,0.48855,1.46746,-1.10317,1.61540,-0.76775,-0.45087,-0.48877,0.50348,1.49992,-1.13800,1.63741,-0.78854,-0.41881,-0.50369,3.254,5.475,3.000,0.107,-0.214,-0.656,0.121
41.000000,2050,0.48488,1.47518,-1.08948,1.58504,-0.78316,-0.46806,-0.48029,0.48888,1.47127,-1.10415,1.58896,-0.78089,-0.46092,-0.47642,0.50377,1.50387,-1.13902,1.61120,-0.80189,-0.42871,-0.49138,3.257,5.536,3.014,0.038,-0.208,-0.654,0.113
41.100000,2055,0.48526,1.47975,-1.08948,1.55643,-0.79308,-0.47760,-0.46732,0.48935,1.47438,-1.10542,1.56151,-0.79457,-0.47141,-0.46341,0.50420,1.50680,-1.13988,1.58392,-0.81519,-0.43921,-0.47903,3.266,5.559,3.030,-0.031,-0.200,-0.651,0.105
41.200000,2060,0.48565,1.47975,-1.08948,1.52820,-0.81024,-0.48904,-0.45549,0.49024,1.47534,-1.10645,1.53267,-0.80771,-0.48211,-0.45036,0.50491,1.50764,-1.14044,1.55525,-0.82820,-0.45006,-0.46660,3.285,5.531,3.049,-0.097,-0.193,-0.647,0.097
41.300000,2065,0.48794,1.48013,-1.09368,1.49768,-0.81864,-0.50011,-0.44138,0.49094,1.47566,-1.10727,1.50244,-0.82143,-0.49419,-0.43714,0.50573,1.50809,-1.14087,1.52543,-0.84139,-0.46174,-0.45402,3.285,5.681,3.049,-0.163,-0.187,-0.647,0.090
41.400000,2070,0.48794,1.48013,-1.09406,1.46602,-0.83466,-0.51269,-0.42802,0.49176,1.47584,-1.10847,1.47089,-0.83570,-0.50726,-0.42349,0.50653,1.50845,-1.14126,1.49446,-0.85482,-0.47454,-0.44145,3.290,5.687,3.054,-0.232,-0.180,-0.643,0.081
41.500000,2075,0.48832,1.48013,-1.09368,1.43474,-0.84496,-0.52528,-0.41505,0.49260,1.47732,-1.10896,1.44254,-0.85085,-0.51903,-0.40943,0.50771,1.51066,-1.14005,1.46719,-0.86693,-0.48525,-0.42884,3.340,6.098,3.315,-0.261,-0.147,-0.500,0.073
41.600000,2080,0.49061,1.49234,-1.09292,1.43398,-0.85259,-0.50964,-0.40094,0.49415,1.49253,-1.10311,1.44510,-0.86388,-0.51229,-0.39624,0.51036,1.52724,-1.12905,1.47155,-0.86956,-0.47695,-0.41719,3.384,6.169,3.431,0.367,0.264,0.025,0.062
41.700000,2085,0.49404,1.51676,-1.08414,1.46144,-0.85221,-0.48332,-0.39026,0.49696,1.51504,-1.09074,1.46552,-0.86792,-0.49373,-0.38437,0.51374,1.55024,-1.11283,1.49257,-0.86692,-0.45824,-0.40623,3.357,6.166,3.476,0.343,0.306,0.033,0.057
41.800000,2090,0.49976,1.54155,-1.07003,1.48319,-0.85259,-0.46425,-0.37767,0.50053,1.53836,-1.07550,1.48699,-0.86707,-0.47480,-0.37279,0.51715,1.57341,-1.09647,1.51395,-0.86418,-0.43930,-0.39525,3.319,6.156,3.517,0.311,0.313,0.037,0.050
41.900000,2095,0.50205,1.56291,-1.05706,1.50493,-0.84992,-0.44479,-0.36966,0.50359,1.55660,-1.06374,1.51060,-0.86413,-0.45599,-0.36532,0.51999,1.59096,-1.08377,1.53738,-0.85909,-0.42101,-0.38965,3.227,6.087,3.497,0.304,0.447,0.035,-0.421
42.000000,2100,0.50205,1.56902,-1.05477,1.53507,-0.83733,-0.42915,-0.38950,0.50522,1.56100,-1.06294,1.54094,-0.85460,-0.43880,-0.37205,0.52127,1.59430,-1.08157,1.56750,-0.84735,-0.40479,-0.39941,3.168,5.750,3.207,0.358,0.464,0.026,-0.583
42.100000,2105,0.50205,1.56902,-1.05515,1.56940,-0.82932,-0.41313,-0.40475,0.50658,1.56153,-1.06368,1.57261,-0.84166,-0.42337,-0.38507,0.52232,1.59435,-1.08189,1.59876,-0.83388,-0.38977,-0.41286,3.175,5.544,3.204,0.414,0.458,0.017,-0.577
42.200000,2110,0.50434,1.56864,-1.05515,1.59992,-0.81368,-0.40016,-0.41658,0.50763,1.56092,-1.06341,1.60303,-0.82776,-0.40936,-0.39893,0.52339,1.59365,-1.08218,1.62887,-0.82030,-0.37574,-0.42643,3.169,5.492,3.201,0.471,0.450,0.008,-0.569
42.300000,2115,0.50472,1.56864,-1.05515,1.62967,-0.80262,-0.38719,-0.42764,0.50884,1.56039,-1.06277,1.63243,-0.81321,-0.39622,-0.41257,0.52450,1.59300,-1.08235,1.65801,-0.80681,-0.36268,-0.43986,3.180,5.307,3.212,0.525,0.444,-0.000,-0.561
42.400000,2120,0.50739,1.56826,-1.05515,1.65714,-0.78469,-0.37536,-0.44290,0.51011,1.55761,-1.06185,1.66037,-0.79863,-0.38366,-0.42608,0.52590,1.59021,-1.08221,1.68574,-0.79286,-0.34996,-0.45317,3.197,5.124,3.222,0.583,0.439,-0.008,-0.553
42.500000,2125,0.50739,1.56673,-1.05515,1.68422,-0.77515,-0.36392,-0.45435,0.51175,1.55377,-1.06102,1.68735,-0.78391,-0.37130,-0.43965,0.52746,1.58624,-1.08187,1.71239,-0.77863,-0.33783,-0.46648,3.208,4.995,3.224,0.642,0.433,-0.016,-0.545
42.600000,2130,0.51044,1.56024,-1.05515,1.71055,-0.75760,-0.35286,-0.46884,0.51337,1.54908,-1.05995,1.71338,-0.76886,-0.35969,-0.45311,0.52913,1.58132,-1.08136,1.73813,-0.76417,-0.32633,-0.47985,3.220,4.871,3.225,0.702,0.427,-0.025,-0.536
42.700000,2135,0.51311,1.55834,-1.05515,1.73572,-0.74387,-0.34179,-0.47876,0.51518,1.54317,-1.05882,1.73858,-0.75360,-0.34872,-0.46714,0.53090,1.57542,-1.08070,1.76302,-0.74943,-0.31546,-0.49337,3.233,4.755,3.223,0.763,0.421,-0.034,-0.528
42.800000,2140,0.51769,1.54842,-1.05515,1.76014,-0.72785,-0.33340,-0.49478,0.51706,1.53651,-1.05751,1.76293,-0.73776,-0.33822,-0.48067,0.53275,1.56854,-1.07991,1.78712,-0.73443,-0.30521,-0.50707,3.247,4.643,3.221,0.825,0.416,-0.044,-0.520
42.900000,2145,0.51845,1.54003,-1.05515,1.78417,-0.71106,-0.32386,-0.50775,0.51900,1.52861,-1.05612,1.78654,-0.72207,-0.32877,-0.49500,0.53468,1.56067,-1.07899,1.81046,-0.71917,-0.29560,-0.52101,3.261,4.535,3.216,0.888,0.411,-0.054,-0.511
43.000000,2150,0.51845,1.53507,-1.05515,1.80668,-0.69771,-0.31471,-0.52301,0.52102,1.51981,-1.05452,1.80942,-0.70566,-0.31946,-0.50956,0.53667,1.55177,-1.07794,1.83303,-0.70366,-0.28666,-0.53522,3.276,4.430,3.210,0.951,0.405,-0.065,-0.502
43.100000,2155,0.51922,1.52362,-1.05515,1.82918,-0.67902,-0.30746,-0.53560,0.52304,1.51002,-1.05299,1.83154,-0.68936,-0.31127,-0.52410,0.53871,1.54184,-1.07680,1.85487,-0.68796,-0.27840,-0.54973,3.292,4.327,3.202,1.015,0.400,-0.078,-0.493
43.200000,2160,0.52150,1.51065,-1.05515,1.85017,-0.66414,-0.30212,-0.54972,0.52514,1.49918,-1.05116,1.85293,-0.67259,-0.30345,-0.53913,0.54078,1.53088,-1.07555,1.87596,-0.67208,-0.27086,-0.56456,3.309,4.224,3.193,1.079,0.395,-0.092,-0.484
43.300000,2165,0.52379,1.49845,-1.05477,1.87077,-0.64964,-0.29335,-0.56345,0.52721,1.48736,-1.04947,1.87359,-0.65597,-0.29634,-0.55458,0.54288,1.51884,-1.07422,1.89629,-0.65608,-0.26408,-0.57974,3.327,4.123,3.183,1.144,0.389,-0.109,-0.474
43.400000,2170,0.52418,1.48624,-1.05363,1.89137,-0.63095,-0.28762,-0.58176,0.52931,1.47419,-1.04752,1.89342,-0.63884,-0.29041,-0.57053,0.54498,1.50575,-1.07281,1.91585,-0.64001,-0.25808,-0.59527,3.346,4.022,3.172,1.209,0.384,-0.131,-0.464
43.500000,2175,0.52952,1.47136,-1.05286,1.91082,-0.61798,-0.28381,-0.59473,0.53139,1.46030,-1.04562,1.91256,-0.62189,-0.28487,-0.58639,0.54707,1.49159,-1.07133,1.93465,-0.62391,-0.25289,-0.61116,3.365,3.920,3.159,1.274,0.379,-0.156,-0.454
43.600000,2180,0.53295,1.45496,-1.05210,1.92875,-0.59929,-0.28114,-0.60999,0.53343,1.44508,-1.04354,1.93082,-0.60484,-0.28052,-0.60296,0.54914,1.47634,-1.06979,1.95266,-0.60787,-0.24856,-0.62741,3.386,3.819,3.145,1.339,0.374,-0.188,-0.444
43.700000,2185,0.53486,1.44046,-1.05096,1.94668,-0.58136,-0.27961,-0.62830,0.53540,1.42868,-1.04147,1.94831,-0.58809,-0.27715,-0.62007,0.55118,1.46000,-1.06819,1.96987,-0.59193,-0.24510,-0.64402,3.408,3.717,3.130,1.404,0.368,-0.229,-0.433
43.800000,2190,0.53524,1.42215,-1.04829,1.96346,-0.56686,-0.27847,-0.64394,0.53743,1.41143,-1.03940,1.96508,-0.57126,-0.27398,-0.63718,0.55316,1.44258,-1.06655,1.98630,-0.57616,-0.24253,-0.66097,3.430,3.615,3.115,1.469,0.363,-0.276,-0.423
43.900000,2195,0.53524,1.40346,-1.04638,1.97949,-0.54855,-0.27847,-0.66034,0.53927,1.39299,-1.03730,1.98100,-0.55477,-0.27221,-0.65496,0.55508,1.42406,-1.06488,2.00189,-0.56064,-0.24090,-0.67826,3.454,3.512,3.098,1.533,0.357,-0.330,-0.412
44.000000,2200,0.53791,1.38477,-1.04409,1.99398,-0.53520,-0.27847,-0.67942,0.54116,1.37362,-1.03538,1.99617,-0.53872,-0.27112,-0.67269,0.55693,1.40445,-1.06318,2.01666,-0.54544,-0.24022,-0.69585,3.478,3.408,3.080,1.597,0.352,-0.393,-0.401
44.100000,2205,0.53829,1.36150,-1.04104,2.00886,-0.51918,-0.27885,-0.69582,0.54285,1.35307,-1.03333,2.01042,-0.52310,-0.27110,-0.69086,0.55868,1.38377,-1.06146,2.03059,-0.53063,-0.24050,-0.71373,3.504,3.304,3.061,1.660,0.346,-0.453,-0.390
44.200000,2210,0.54020,1.34051,-1.03799,2.02221,-0.50201,-0.27999,-0.71299,0.54435,1.33136,-1.03111,2.02377,-0.50775,-0.27235,-0.70944,0.56033,1.36200,-1.05974,2.04365,-0.51630,-0.24178,-0.73186,3.530,3.198,3.041,1.722,0.340,-0.514,-0.379
44.300000,2215,0.54058,1.31724,-1.03799,2.03518,-0.49171,-0.28266,-0.73168,0.54591,1.30871,-1.02915,2.03633,-0.49293,-0.27400,-0.72811,0.56187,1.33915,-1.05805,2.05580,-0.50250,-0.24408,-0.75017,3.558,3.091,3.018,1.783,0.334,-0.566,-0.368
44.400000,2220,0.54325,1.29321,-1.03684,2.04586,-0.47455,-0.28495,-0.75037,0.54715,1.28480,-1.02703,2.04784,-0.47875,-0.27731,-0.74703,0.56329,1.31523,-1.05640,2.06703,-0.48935,-0.24741,-0.76864,3.586,2.983,2.995,1.843,0.327,-0.609,-0.358
44.500000,2225,0.54630,1.26880,-1.03341,2.05731,-0.46577,-0.28953,-0.76830,0.54849,1.26007,-1.02510,2.05860,-0.46515,-0.28109,-0.76600,0.56458,1.29031,-1.05477,2.07739,-0.47690,-0.25171,-0.78722,3.615,2.874,2.973,1.900,0.320,-0.639,-0.347
44.600000,2230,0.54859,1.24286,-1.03188,2.06684,-0.44937,-0.29449,-0.78737,0.54941,1.23420,-1.02310,2.06831,-0.45262,-0.28634,-0.78497,0.56573,1.26443,-1.05316,2.08687,-0.46526,-0.25697,-0.80589,3.645,2.763,2.949,1.955,0.312,-0.662,-0.336
44.700000,2235,0.54897,1.21577,-1.03150,2.07638,-0.44021,-0.30021,-0.80912,0.55045,1.20749,-1.02128,2.07731,-0.44078,-0.29189,-0.80403,0.56674,1.23761,-1.05159,2.09548,-0.45447,-0.26314,-0.82459,3.676,2.651,2.924,2.007,0.303,-0.677,-0.326
44.800000,2240,0.54897,1.18831,-1.03074,2.08401,-0.42724,-0.30937,-0.82514,0.55125,1.17997,-1.01961,2.08538,-0.43021,-0.29858,-0.82301,0.56761,1.20988,-1.05008,2.10321,-0.44460,-0.27019,-0.84327,3.707,2.537,2.898,2.055,0.292,-0.687,-0.316
44.900000,2245,0.54935,1.15969,-1.02616,2.09050,-0.41732,-0.31509,-0.84269,0.55189,1.15141,-1.01803,2.09260,-0.42067,-0.30603,-0.84249,0.56833,1.18129,-1.04865,2.11001,-0.43574,-0.27812,-0.86187,3.739,2.422,2.868,2.097,0.279,-0.694,-0.306
45.000000,2250,0.55126,1.13032,-1.02502,2.09812,-0.41351,-0.32310,-0.86291,0.55231,1.12200,-1.01648,2.09875,-0.41198,-0.31449,-0.86155,0.56893,1.15185,-1.04734,2.11586,-0.42793,-0.28689,-0.88031,3.773,2.304,2.835,2.132,0.262,-0.697,-0.297
45.100000,2255,0.55126,1.09942,-1.02425,2.10232,-0.40817,-0.33416,-0.88084,0.55258,1.09172,-1.01501,2.10381,-0.40424,-0.32385,-0.88025,0.56939,1.12162,-1.04621,2.12070,-0.42123,-0.29652,-0.89850,3.807,2.184,2.800,2.157,0.239,-0.698,-0.288
45.200000,2260,0.55126,1.06852,-1.02311,2.10690,-0.39634,-0.34294,-0.89686,0.55278,1.06077,-1.01392,2.10798,-0.39815,-0.33398,-0.89868,0.56973,1.09065,-1.04525,2.12454,-0.41568,-0.30692,-0.91641,3.843,2.062,2.764,2.172,0.207,-0.697,-0.279
45.300000,2265,0.55126,1.03686,-1.02044,2.10957,-0.39215,-0.35286,-0.91822,0.55287,1.02939,-1.01316,2.11122,-0.39339,-0.34430,-0.91692,0.56997,1.05902,-1.04448,2.12741,-0.41133,-0.31800,-0.93400,3.879,1.938,2.725,2.177,0.163,-0.694,-0.271
45.400000,2270,0.55126,1.00367,-1.02044,2.10995,-0.39138,-0.36430,-0.93501,0.55289,0.99730,-1.01265,2.11342,-0.38968,-0.35549,-0.93469,0.57010,1.02679,-1.04394,2.12930,-0.40818,-0.32968,-0.95122,3.916,1.812,2.684,2.173,0.107,-0.689,-0.263
45.500000,2275,0.55126,0.97125,-1.02044,2.11148,-0.39138,-0.37384,-0.95065,0.55272,0.96454,-1.01229,2.11461,-0.38729,-0.36736,-0.95238,0.57016,0.99404,-1.04364,2.13021,-0.40625,-0.34189,-0.96803,3.955,1.683,2.641,2.161,0.037,-0.684,-0.256
45.600000,2280,0.55126,0.93882,-1.02044,2.11148,-0.39177,-0.38795,-0.96743,0.55252,0.93121,-1.01205,2.11466,-0.38578,-0.37986,-0.96924,0.57016,0.96084,-1.04361,2.13014,-0.40555,-0.35454,-0.98439,3.994,1.553,2.595,2.145,-0.040,-0.678,-0.249
45.700000,2285,0.55126,0.90487,-1.02044,2.11148,-0.39215,-0.39863,-0.98422,0.55230,0.89769,-1.01240,2.11395,-0.38612,-0.39233,-0.98579,0.57012,0.92726,-1.04388,2.12909,-0.40607,-0.36756,-1.00028,4.034,1.419,2.547,2.129,-0.118,-0.670,-0.243
45.800000,2290,0.55126,0.87015,-1.02044,2.11148,-0.39291,-0.41160,-1.00062,0.55208,0.86405,-1.01323,2.11223,-0.38787,-0.40507,-1.00187,0.57006,0.89338,-1.04448,2.12706,-0.40777,-0.38086,-1.01566,4.074,1.284,2.497,2.117,-0.187,-0.663,-0.237
45.900000,2295,0.55126,0.83506,-1.02044,2.11109,-0.39596,-0.42305,-1.01550,0.55188,0.83004,-1.01438,2.10946,-0.39054,-0.41815,-1.01704,0.57001,0.85928,-1.04542,2.12406,-0.41065,-0.39435,-1.03052,4.116,1.146,2.445,2.111,-0.243,-0.654,-0.231
46.000000,2300,0.55126,0.80073,-1.02044,2.10919,-0.40016,-0.43678,-1.03114,0.55164,0.79561,-1.01564,2.10558,-0.39403,-0.43165,-1.03226,0.56999,0.82503,-1.04674,2.12008,-0.41467,-0.40796,-1.04485,4.158,1.006,2.393,2.112,-0.286,-0.645,-0.226
46.100000,2305,0.55126,0.76601,-1.02044,2.10614,-0.41198,-0.44822,-1.04525,0.55153,0.76140,-1.01751,2.10094,-0.39918,-0.44446,-1.04699,0.57004,0.79070,-1.04845,2.11512,-0.41976,-0.42159,-1.05865,4.201,0.864,2.340,2.118,-0.318,-0.636,-0.221
46.200000,2310,0.55126,0.73130,-1.02044,2.10003,-0.41847,-0.46119,-1.05632,0.55149,0.72709,-1.01983,2.09516,-0.40521,-0.45792,-1.06059,0.57017,0.75636,-1.05057,2.10921,-0.42587,-0.43517,-1.07192,4.244,0.721,2.288,2.130,-0.340,-0.626,-0.217
46.300000,2315,0.55126,0.69697,-1.02082,2.09355,-0.42267,-0.47416,-1.07157,0.55139,0.69239,-1.02216,2.08826,-0.41198,-0.47158,-1.07409,0.57041,0.72205,-1.05310,2.10235,-0.43295,-0.44864,-1.08469,4.288,0.575,2.236,2.144,-0.357,-0.616,-0.213
46.400000,2320,0.55126,0.66149,-1.02158,2.08515,-0.42991,-0.48637,-1.08187,0.55158,0.65834,-1.02534,2.08057,-0.42014,-0.48430,-1.08672,0.57079,0.68780,-1.05606,2.09451,-0.44095,-0.46193,-1.09697,4.332,0.427,2.185,2.160,-0.369,-0.606,-0.210
46.500000,2325,0.55126,0.62792,-1.02349,2.07714,-0.44288,-0.49934,-1.09828,0.55197,0.62413,-1.02906,2.07167,-0.42888,-0.49703,-1.09914,0.57130,0.65366,-1.05957,2.08550,-0.44991,-0.47499,-1.10866,4.368,0.277,2.123,2.174,-0.381,-0.596,-0.205
46.600000,2330,0.55126,0.59511,-1.02921,2.06570,-0.44975,-0.51117,-1.10553,0.55210,0.58992,-1.03331,2.06081,-0.43900,-0.50976,-1.11122,0.57180,0.61974,-1.06399,2.07457,-0.46020,-0.48772,-1.11926,4.411,0.125,2.073,2.193,-0.389,-0.586,-0.201
46.700000,2335,0.55126,0.55925,-1.03493,2.05387,-0.46158,-0.52376,-1.12078,0.55293,0.55574,-1.03820,2.04974,-0.44997,-0.52188,-1.12200,0.57274,0.58544,-1.06840,2.06348,-0.47074,-0.50030,-1.13029,4.477,-0.032,2.050,2.217,-0.391,-0.577,-0.204
46.800000,2340,0.55126,0.52378,-1.03913,2.04319,-0.47455,-0.53406,-1.13108,0.55423,0.52121,-1.04316,2.03830,-0.46134,-0.53366,-1.13349,0.57407,0.55067,-1.07302,2.05181,-0.48178,-0.51274,-1.14159,4.524,-0.194,2.004,2.233,-0.397,-0.567,-0.203
46.900000,2345,0.55164,0.48906,-1.04714,2.02946,-0.48256,-0.54588,-1.14177,0.55539,0.48586,-1.04803,2.02498,-0.47310,-0.54606,-1.14483,0.57562,0.51558,-1.07835,2.03856,-0.49385,-0.52494,-1.15250,4.561,-0.359,1.950,2.247,-0.403,-0.557,-0.199
47.000000,2350,0.55355,0.45320,-1.05439,2.01382,-0.49782,-0.55618,-1.15321,0.55738,0.45149,-1.05382,2.01103,-0.48525,-0.55824,-1.15527,0.57786,0.48116,-1.08398,2.02464,-0.50558,-0.53747,-1.16301,4.716,-0.511,1.985,2.280,-0.348,-0.558,-0.202
47.100000,2355,0.55775,0.42612,-1.05553,2.01000,-0.48675,-0.57754,-1.16084,0.56599,0.43152,-1.05437,2.00995,-0.48051,-0.58304,-1.16365,0.58725,0.46332,-1.08319,2.02516,-0.49701,-0.55974,-1.17235,4.850,-0.476,2.403,2.861,0.261,-0.574,-0.174
47.200000,2360,0.57567,0.42154,-1.05286,2.02221,-0.44975,-0.61302,-1.16771,0.58010,0.42670,-1.04899,2.02041,-0.45535,-0.61616,-1.17003,0.60247,0.46059,-1.07741,2.03722,-0.47093,-0.59076,-1.17934,4.892,-0.345,2.437,2.809,0.265,-0.561,-0.165
47.300000,2365,0.59055,0.42078,-1.04943,2.03366,-0.42114,-0.64774,-1.17572,0.59544,0.42387,-1.04352,2.03285,-0.42766,-0.64750,-1.17814,0.61812,0.45828,-1.07138,2.04983,-0.44388,-0.62259,-1.18637,4.930,-0.337,2.444,2.740,0.261,-0.543,-0.165
47.400000,2370,0.60505,0.41849,-1.04371,2.04472,-0.39405,-0.67711,-1.18106,0.61082,0.42108,-1.03805,2.04517,-0.40001,-0.67983,-1.18585,0.63393,0.45595,-1.06529,2.06256,-0.41655,-0.65473,-1.19347,4.966,-0.327,2.448,2.668,0.257,-0.525,-0.164
47.500000,2375,0.62221,0.41505,-1.03875,2.05654,-0.36811,-0.70839,-1.18716,0.62633,0.41805,-1.03270,2.05724,-0.37226,-0.71260,-1.19359,0.64976,0.45365,-1.05919,2.07532,-0.38918,-0.68689,-1.20057,4.998,-0.280,2.448,2.594,0.253,-0.504,-0.158
47.600000,2380,0.63480,0.41353,-1.03341,2.06837,-0.34141,-0.73166,-1.19059,0.63673,0.42534,-1.02815,2.06899,-0.34851,-0.73326,-1.19876,0.66082,0.46232,-1.05372,2.08829,-0.36523,-0.70527,-1.20251,4.905,0.216,2.430,2.543,0.233,-0.034,0.365
47.700000,2385,0.63671,0.43604,-1.03150,2.08248,-0.33111,-0.70686,-1.17801,0.63648,0.45771,-1.02469,2.08294,-0.33433,-0.72139,-1.19805,0.66157,0.49597,-1.04854,2.10297,-0.34841,-0.69201,-1.19396,4.661,0.383,2.476,2.529,0.227,0.193,0.426
47.800000,2390,0.63671,0.47571,-1.02616,2.09660,-0.31433,-0.68283,-1.17381,0.63623,0.49392,-1.01981,2.09685,-0.31860,-0.70452,-1.19014,0.66154,0.53249,-1.04364,2.11714,-0.33283,-0.67463,-1.18422,4.630,0.538,2.469,2.502,0.225,0.183,0.435
47.900000,2395,0.63671,0.51233,-1.02425,2.10919,-0.30403,-0.66605,-1.16313,0.63648,0.53070,-1.01524,2.10948,-0.30320,-0.68641,-1.17983,0.66166,0.56918,-1.03976,2.12969,-0.31827,-0.65657,-1.17363,4.621,0.689,2.485,2.478,0.224,0.172,0.437
48.000000,2400,0.63671,0.54972,-1.01929,2.12063,-0.28648,-0.64850,-1.15359,0.63742,0.56715,-1.01057,2.12161,-0.28815,-0.66830,-1.16972,0.66250,0.60562,-1.03573,2.14179,-0.30367,-0.63822,-1.16324,4.634,0.836,2.528,2.452,0.226,0.160,0.436
48.100000,2405,0.63709,0.58634,-1.01395,2.13131,-0.27275,-0.63095,-1.14482,0.63869,0.60375,-1.00651,2.13269,-0.27351,-0.64961,-1.15895,0.66358,0.64221,-1.03229,2.15281,-0.28986,-0.61934,-1.15231,4.587,0.981,2.506,2.417,0.223,0.149,0.443
48.200000,2410,0.63709,0.62410,-1.01166,2.14047,-0.25787,-0.61455,-1.13261,0.63993,0.64072,-1.00308,2.14232,-0.25979,-0.63025,-1.14745,0.66466,0.67918,-1.02985,2.16241,-0.27737,-0.59979,-1.14038,4.559,1.124,2.508,2.385,0.222,0.136,0.446
48.300000,2415,0.63709,0.66111,-1.00861,2.14810,-0.24757,-0.59586,-1.12117,0.64142,0.67795,-1.00069,2.15091,-0.24739,-0.61039,-1.13480,0.66593,0.71638,-1.02797,2.17101,-0.26581,-0.57976,-1.12777,4.529,1.264,2.511,2.348,0.220,0.123,0.448
48.400000,2420,0.63747,0.69811,-1.00709,2.15649,-0.23384,-0.57487,-1.10553,0.64299,0.71541,-0.99853,2.15855,-0.23618,-0.59016,-1.12169,0.66736,0.75377,-1.02664,2.17862,-0.25527,-0.55930,-1.11445,4.495,1.402,2.513,2.307,0.217,0.110,0.450
48.500000,2425,0.63785,0.73588,-1.00632,2.16336,-0.22773,-0.55733,-1.09446,0.64476,0.75301,-0.99702,2.16526,-0.22604,-0.56938,-1.10787,0.66892,0.79131,-1.02584,2.18524,-0.24585,-0.53849,-1.10037,4.456,1.537,2.514,2.260,0.211,0.097,0.451
48.600000,2430,0.64091,0.77402,-1.00518,2.16870,-0.21514,-0.53787,-1.07806,0.64657,0.79064,-0.99593,2.17086,-0.21695,-0.54870,-1.09319,0.67057,0.82892,-1.02554,2.19086,-0.23766,-0.51742,-1.08550,4.414,1.669,2.516,2.205,0.201,0.083,0.451
48.700000,2435,0.64548,0.81255,-1.00518,2.17328,-0.20789,-0.51613,-1.06509,0.64851,0.82830,-0.99534,2.17548,-0.20912,-0.52764,-1.07759,0.67226,0.86652,-1.02572,2.19549,-0.23076,-0.49622,-1.06984,4.367,1.799,2.520,2.141,0.184,0.070,0.451
48.800000,2440,0.64815,0.85032,-1.00518,2.17556,-0.20446,-0.49476,-1.04716,0.65044,0.86593,-0.99521,2.17916,-0.20303,-0.50653,-1.06131,0.67396,0.90401,-1.02634,2.19908,-0.22528,-0.47498,-1.05338,4.317,1.925,2.524,2.065,0.153,0.056,0.450
48.900000,2445,0.65083,0.88770,-1.00480,2.17785,-0.20332,-0.47607,-1.03152,0.65247,0.90331,-0.99561,2.18182,-0.19842,-0.48539,-1.04404,0.67564,0.94129,-1.02738,2.20166,-0.22128,-0.45383,-1.03614,4.264,2.049,2.532,1.978,0.104,0.043,0.449
49.000000,2450,0.65121,0.92547,-1.00480,2.17900,-0.20103,-0.45662,-1.01626,0.65443,0.94039,-0.99647,2.18345,-0.19538,-0.46451,-1.02594,0.67725,0.97827,-1.02877,2.20321,-0.21881,-0.43291,-1.01815,4.207,2.169,2.541,1.881,0.031,0.029,0.447
49.100000,2455,0.65121,0.96247,-1.00480,2.17900,-0.20103,-0.43716,-0.99642,0.65623,0.97711,-0.99750,2.18400,-0.19390,-0.44408,-1.00713,0.67877,1.01484,-1.03050,2.20373,-0.21795,-0.41233,-0.99941,4.147,2.286,2.553,1.776,-0.061,0.016,0.444
49.200000,2460,0.65426,0.99871,-1.00480,2.17900,-0.20179,-0.41732,-0.97697,0.65793,1.01330,-0.99880,2.18351,-0.19394,-0.42417,-0.98745,0.68016,1.05092,-1.03251,2.20321,-0.21869,-0.39223,-0.97999,4.085,2.401,2.567,1.670,-0.153,0.004,0.440
49.300000,2465,0.65655,1.03457,-1.00480,2.17900,-0.20522,-0.39749,-0.95904,0.65953,1.04896,-1.00045,2.18191,-0.19565,-0.40490,-0.96676,0.68139,1.08641,-1.03482,2.20160,-0.22106,-0.37281,-0.95986,4.019,2.513,2.578,1.560,-0.230,-0.009,0.435
49.400000,2470,0.65655,1.07081,-1.00480,2.17862,-0.20866,-0.38223,-0.93653,0.66092,1.08386,-1.00241,2.17912,-0.19889,-0.38662,-0.94559,0.68241,1.12125,-1.03743,2.19883,-0.22504,-0.35432,-0.93899,3.953,2.622,2.593,1.463,-0.282,-0.020,0.430
49.500000,2475,0.65655,1.10553,-1.00480,2.17709,-0.21209,-0.36392,-0.91402,0.66225,1.11817,-1.00453,2.17550,-0.20399,-0.36892,-0.92375,0.68334,1.15535,-1.04014,2.19511,-0.23047,-0.33658,-0.91762,3.912,2.728,2.633,1.390,-0.297,-0.031,0.423
49.600000,2480,0.65769,1.13910,-1.00480,2.17366,-0.21285,-0.34713,-0.89152,0.66410,1.15181,-1.00606,2.17145,-0.20918,-0.35178,-0.90167,0.68495,1.18888,-1.04208,2.19119,-0.23569,-0.31902,-0.89609,3.887,2.831,2.690,1.327,-0.293,-0.039,0.416
49.700000,2485,0.66494,1.17228,-1.00518,2.16832,-0.22125,-0.33187,-0.86901,0.66548,1.18463,-1.00775,2.16637,-0.21592,-0.33529,-0.87919,0.68594,1.22141,-1.04453,2.18598,-0.24331,-0.30269,-0.87411,3.762,2.931,2.660,1.225,-0.338,-0.051,0.408
49.800000,2490,0.66532,1.20471,-1.00556,2.16107,-0.23574,-0.31700,-0.85032,0.66628,1.21635,-1.01039,2.15990,-0.22581,-0.32028,-0.85632,0.68622,1.25285,-1.04754,2.17938,-0.25343,-0.28774,-0.85171,3.690,3.030,2.679,1.155,-0.343,-0.060,0.399
49.900000,2495,0.66532,1.23675,-1.00594,2.15268,-0.24375,-0.30517,-0.82743,0.66672,1.24691,-1.01292,2.15228,-0.23695,-0.30672,-0.83297,0.68626,1.28326,-1.05059,2.17178,-0.26502,-0.27392,-0.82909,3.623,3.127,2.702,1.090,-0.343,-0.069,0.390
50.000000,2500,0.66647,1.26651,-1.00670,2.14466,-0.26092,-0.29144,-0.80302,0.66697,1.27658,-1.01564,2.14384,-0.24965,-0.29384,-0.80945,0.68606,1.31261,-1.05366,2.16322,-0.27796,-0.26130,-0.80634,3.556,3.223,2.724,1.027,-0.343,-0.078,0.379
50.100000,2505,0.66723,1.29588,-1.00861,2.13436,-0.26931,-0.28152,-0.78051,0.66660,1.30460,-1.01852,2.13392,-0.26399,-0.28321,-0.78568,0.68522,1.34040,-1.05708,2.15329,-0.29282,-0.25046,-0.78363,3.438,3.316,2.715,0.961,-0.345,-0.095,0.368
50.200000,2510,0.66723,1.32297,-1.01052,2.12216,-0.29029,-0.27503,-0.75762,0.66538,1.33086,-1.02194,2.12242,-0.28054,-0.27458,-0.76221,0.68358,1.36642,-1.06099,2.14183,-0.30974,-0.24167,-0.76106,3.405,3.411,2.754,0.909,-0.341,-0.104,0.356
50.300000,2515,0.66723,1.34891,-1.01510,2.11033,-0.30517,-0.26397,-0.73435,0.66474,1.35684,-1.02504,2.11088,-0.29746,-0.26598,-0.73886,0.68262,1.39224,-1.06408,2.13034,-0.32616,-0.23308,-0.73841,3.383,3.504,2.801,0.851,-0.336,-0.112,0.344
50.400000,2520,0.66723,1.37523,-1.01510,2.09774,-0.32234,-0.25901,-0.71337,0.66417,1.38188,-1.02776,2.09858,-0.31442,-0.25873,-0.71524,0.68165,1.41706,-1.06696,2.11814,-0.34319,-0.22561,-0.71588,3.328,3.595,2.826,0.790,-0.333,-0.130,0.331
50.500000,2525,0.66685,1.39964,-1.01739,2.08477,-0.33989,-0.25443,-0.68781,0.66347,1.40576,-1.03042,2.08552,-0.33222,-0.25255,-0.69201,0.68050,1.44070,-1.06980,2.10508,-0.36098,-0.21948,-0.69357,3.277,3.684,2.850,0.728,-0.329,-0.158,0.318
50.600000,2530,0.66685,1.42291,-1.02158,2.06990,-0.35667,-0.25215,-0.66759,0.66247,1.42835,-1.03294,2.07140,-0.35053,-0.24814,-0.66872,0.67921,1.46309,-1.07264,2.09111,-0.37940,-0.21476,-0.67152,3.229,3.773,2.872,0.667,-0.326,-0.200,0.305
50.700000,2535,0.66685,1.44504,-1.02158,2.05540,-0.37460,-0.24871,-0.64356,0.66147,1.44974,-1.03576,2.05654,-0.36972,-0.24486,-0.64602,0.67779,1.48424,-1.07546,2.07626,-0.39835,-0.21144,-0.64977,3.185,3.862,2.896,0.606,-0.322,-0.254,0.291
50.800000,2540,0.66685,1.46602,-1.02387,2.03861,-0.39405,-0.24642,-0.62372,0.66036,1.46994,-1.03851,2.04090,-0.38918,-0.24264,-0.62388,0.67626,1.50420,-1.07822,2.06059,-0.41772,-0.20939,-0.62841,3.145,3.950,2.921,0.545,-0.318,-0.318,0.277
50.900000,2545,0.66647,1.48548,-1.02845,2.02183,-0.41618,-0.24604,-0.60083,0.65902,1.48887,-1.04106,2.02426,-0.40888,-0.24216,-0.60182,0.67465,1.52296,-1.08094,2.04412,-0.43741,-0.20861,-0.60745,3.107,4.037,2.944,0.483,-0.314,-0.393,0.264
51.000000,2550,0.66418,1.50302,-1.02959,2.00390,-0.43487,-0.24719,-0.57985,0.65774,1.50666,-1.04392,2.00685,-0.42910,-0.24257,-0.58009,0.67297,1.54045,-1.08365,2.02676,-0.45729,-0.20915,-0.58691,3.074,4.123,2.966,0.422,-0.309,-0.470,0.250
51.100000,2555,0.66418,1.51943,-1.03417,1.98559,-0.45357,-0.25291,-0.55887,0.65628,1.52314,-1.04653,1.98846,-0.44918,-0.24464,-0.55869,0.67125,1.55669,-1.08632,2.00856,-0.47726,-0.21094,-0.56682,3.043,4.209,2.989,0.362,-0.305,-0.533,0.236
51.200000,2560,0.66418,1.53621,-1.03493,1.96690,-0.47493,-0.25711,-0.53865,0.65489,1.53831,-1.04921,1.96941,-0.46931,-0.24749,-0.53846,0.66950,1.57173,-1.08893,1.98957,-0.49725,-0.21387,-0.54721,3.017,4.295,3.013,0.301,-0.300,-0.580,0.223
51.300000,2565,0.66380,1.54994,-1.03837,1.94630,-0.49553,-0.26168,-0.51882,0.65331,1.55246,-1.05187,1.94950,-0.48963,-0.25161,-0.51821,0.66774,1.58561,-1.09148,1.96982,-0.51716,-0.21791,-0.52808,2.993,4.380,3.037,0.241,-0.294,-0.613,0.210
51.400000,2570,0.65884,1.56444,-1.04142,1.92570,-0.51308,-0.26550,-0.50127,0.65195,1.56531,-1.05465,1.92893,-0.50966,-0.25674,-0.49870,0.66600,1.59834,-1.09395,1.94931,-0.53692,-0.22299,-0.50942,2.973,4.464,3.061,0.182,-0.289,-0.636,0.197
51.500000,2575,0.65845,1.57779,-1.04485,1.90395,-0.53062,-0.27275,-0.48258,0.65037,1.57693,-1.05699,1.90742,-0.52924,-0.26311,-0.47960,0.66429,1.60993,-1.09634,1.92804,-0.55644,-0.22908,-0.49124,2.956,4.547,3.084,0.123,-0.283,-0.651,0.184
51.600000,2580,0.65350,1.58809,-1.04790,1.88145,-0.55160,-0.28266,-0.46312,0.64897,1.58761,-1.05953,1.88526,-0.54882,-0.27018,-0.46105,0.66263,1.62040,-1.09865,1.90605,-0.57565,-0.23613,-0.47350,2.942,4.629,3.107,0.065,-0.276,-0.659,0.172
51.700000,2585,0.65311,1.59839,-1.04829,1.85818,-0.57259,-0.28877,-0.44672,0.64753,1.59712,-1.06204,1.86244,-0.56795,-0.27792,-0.44322,0.66103,1.62978,-1.10087,1.88331,-0.59450,-0.24408,-0.45619,2.930,4.708,3.130,0.007,-0.270,-0.664,0.160
51.800000,2590,0.65311,1.60221,-1.05134,1.83491,-0.58823,-0.29602,-0.42955,0.64618,1.60561,-1.06449,1.83880,-0.58681,-0.28688,-0.42529,0.65952,1.63807,-1.10299,1.85984,-0.61292,-0.25291,-0.43929,2.922,4.785,3.153,-0.050,-0.263,-0.666,0.149
51.900000,2595,0.65273,1.61594,-1.05439,1.81011,-0.60654,-0.30784,-0.41391,0.64482,1.61273,-1.06659,1.81424,-0.60478,-0.29703,-0.40798,0.65810,1.64530,-1.10502,1.83563,-0.63087,-0.26255,-0.42275,2.917,4.858,3.175,-0.106,-0.256,-0.665,0.138
52.000000,2600,0.65273,1.61747,-1.05477,1.78493,-0.62523,-0.31700,-0.39560,0.64382,1.61919,-1.06909,1.78929,-0.62274,-0.30694,-0.39110,0.65679,1.65151,-1.10693,1.81067,-0.64832,-0.27298,-0.40651,2.914,4.925,3.196,-0.161,-0.249,-0.664,0.127
52.100000,2605,0.65006,1.62967,-1.05668,1.75861,-0.64049,-0.32768,-0.37920,0.64264,1.62424,-1.07102,1.76323,-0.63981,-0.31858,-0.37469,0.65562,1.65669,-1.10874,1.78492,-0.66525,-0.28416,-0.39054,2.915,4.987,3.217,-0.216,-0.241,-0.661,0.117
52.200000,2610,0.65044,1.63234,-1.05820,1.73191,-0.65804,-0.33989,-0.36317,0.64171,1.62880,-1.07320,1.73655,-0.65690,-0.33022,-0.35826,0.65459,1.66089,-1.11043,1.75834,-0.68167,-0.29607,-0.37475,2.917,5.040,3.236,-0.270,-0.234,-0.658,0.108
52.300000,2615,0.65006,1.63234,-1.06087,1.70368,-0.67444,-0.35171,-0.34410,0.64093,1.63146,-1.07519,1.70871,-0.67287,-0.34287,-0.34200,0.65369,1.66351,-1.11200,1.73067,-0.69741,-0.30866,-0.35917,2.921,5.008,3.257,-0.323,-0.225,-0.654,0.099
52.400000,2620,0.65006,1.63234,-1.06126,1.67431,-0.68550,-0.36506,-0.33151,0.64017,1.63208,-1.07697,1.67947,-0.68818,-0.35636,-0.32605,0.65293,1.66414,-1.11340,1.70169,-0.71237,-0.32189,-0.34377,2.940,5.070,3.277,-0.372,-0.218,-0.651,0.091
52.500000,2625,0.65006,1.63272,-1.06126,1.64417,-0.70534,-0.37803,-0.31511,0.63983,1.63342,-1.07877,1.64958,-0.70353,-0.37032,-0.30990,0.65251,1.66556,-1.11470,1.67209,-0.72743,-0.33595,-0.32793,2.959,5.194,3.290,-0.424,-0.211,-0.647,0.084
52.600000,2630,0.64968,1.63272,-1.06316,1.61289,-0.71449,-0.39405,-0.29794,0.63939,1.63373,-1.08076,1.61813,-0.71917,-0.38589,-0.29287,0.65231,1.66615,-1.11599,1.64129,-0.74214,-0.35093,-0.31204,2.962,5.153,3.294,-0.477,-0.202,-0.643,0.075
52.700000,2635,0.64777,1.63311,-1.06774,1.58008,-0.73395,-0.40817,-0.28268,0.63909,1.63302,-1.08254,1.58638,-0.73477,-0.40149,-0.27577,0.65222,1.66593,-1.11646,1.61038,-0.75582,-0.36582,-0.29612,2.961,5.442,3.560,-0.514,-0.185,-0.622,0.070
52.800000,2640,0.64739,1.64188,-1.06545,1.56520,-0.73738,-0.40397,-0.26361,0.63635,1.64125,-1.07282,1.57474,-0.74842,-0.40166,-0.25702,0.65056,1.67563,-1.10199,1.60067,-0.76030,-0.36409,-0.27913,2.780,5.657,3.752,0.040,0.274,0.022,0.065
52.900000,2645,0.63900,1.66172,-1.03913,1.57817,-0.73319,-0.37498,-0.24301,0.63196,1.65734,-1.05009,1.58381,-0.75330,-0.38441,-0.23856,0.64679,1.69242,-1.07359,1.61067,-0.75564,-0.34646,-0.26209,2.724,5.679,3.791,0.068,0.374,0.038,0.060
53.000000,2650,0.63442,1.67812,-1.01205,1.59000,-0.73281,-0.35553,-0.22508,0.62817,1.67470,-1.02280,1.59486,-0.75129,-0.36557,-0.22060,0.64288,1.70966,-1.04428,1.62167,-0.75050,-0.32793,-0.24492,2.692,5.692,3.820,0.024,0.373,0.042,0.056
53.100000,2655,0.63175,1.69452,-0.98534,1.60144,-0.73242,-0.33607,-0.21058,0.62494,1.69068,-0.99738,1.60775,-0.74767,-0.34668,-0.20523,0.63951,1.72512,-1.01766,1.63444,-0.74461,-0.30944,-0.23089,2.757,5.673,3.821,0.002,0.419,0.045,-0.031
53.200000,2660,0.63137,1.70482,-0.97581,1.62548,-0.72670,-0.31738,-0.22470,0.62566,1.69642,-0.99042,1.63342,-0.73947,-0.32728,-0.20899,0.64018,1.72980,-1.00921,1.66005,-0.73366,-0.29098,-0.23798,3.017,5.376,3.537,0.042,0.444,0.042,-0.608
53.300000,2665,0.63175,1.70559,-0.97809,1.66210,-0.70954,-0.29907,-0.24492,0.62902,1.69795,-0.99084,1.66554,-0.72710,-0.30881,-0.22427,0.64339,1.73078,-1.00916,1.69194,-0.72022,-0.27274,-0.25434,3.040,5.197,3.470,0.080,0.439,0.035,-0.604
53.400000,2670,0.63404,1.70749,-0.98153,1.69262,-0.70076,-0.28114,-0.26208,0.63256,1.69714,-0.99063,1.69655,-0.71234,-0.29091,-0.24140,0.64685,1.72972,-1.00939,1.72252,-0.70569,-0.25530,-0.27107,3.051,4.993,3.451,0.119,0.435,0.027,-0.597
53.500000,2675,0.63442,1.70749,-0.98153,1.72313,-0.68131,-0.26626,-0.27772,0.63633,1.69507,-0.99036,1.72619,-0.69671,-0.27442,-0.25824,0.65059,1.72758,-1.00961,1.75194,-0.69034,-0.23866,-0.28775,3.065,4.862,3.448,0.160,0.429,0.018,-0.589
53.600000,2680,0.63747,1.70711,-0.98153,1.75213,-0.67062,-0.25253,-0.29298,0.64049,1.69335,-0.98934,1.75524,-0.67998,-0.25836,-0.27465,0.65471,1.72589,-1.00944,1.78077,-0.67461,-0.22257,-0.30391,3.078,4.814,3.466,0.199,0.423,0.011,-0.580
53.700000,2685,0.64014,1.70673,-0.98153,1.78074,-0.65155,-0.23460,-0.30862,0.64488,1.69105,-0.98828,1.78353,-0.66305,-0.24275,-0.29105,0.65915,1.72352,-1.00904,1.80878,-0.65812,-0.20704,-0.31997,3.082,4.596,3.444,0.237,0.419,0.004,-0.573
53.800000,2690,0.64930,1.70559,-0.98153,1.80744,-0.63095,-0.22201,-0.32312,0.64933,1.68647,-0.98726,1.81044,-0.64458,-0.22818,-0.30758,0.66375,1.71879,-1.00876,1.83550,-0.64034,-0.19230,-0.33658,3.094,4.450,3.428,0.279,0.415,-0.005,-0.565
53.900000,2695,0.65159,1.69300,-0.98153,1.83338,-0.61531,-0.20751,-0.34257,0.65440,1.68089,-0.98685,1.83669,-0.62563,-0.21373,-0.32445,0.66855,1.71288,-1.00842,1.86140,-0.62160,-0.17831,-0.35353,3.107,4.328,3.416,0.323,0.411,-0.014,-0.557
54.000000,2700,0.65617,1.68995,-0.98153,1.85894,-0.59586,-0.19607,-0.35783,0.65937,1.67370,-0.98560,1.86214,-0.60488,-0.20051,-0.34259,0.67354,1.70586,-1.00801,1.88654,-0.60196,-0.16511,-0.37089,3.122,4.213,3.401,0.368,0.407,-0.023,-0.548
54.100000,2705,0.66227,1.67812,-0.98153,1.88335,-0.57335,-0.18348,-0.37462,0.66445,1.66572,-0.98458,1.88676,-0.58364,-0.18810,-0.36032,0.67871,1.69772,-1.00755,1.91093,-0.58146,-0.15276,-0.38876,3.138,4.102,3.385,0.414,0.402,-0.033,-0.539
54.200000,2710,0.66761,1.66820,-0.98153,1.90777,-0.55084,-0.17356,-0.39445,0.66975,1.65640,-0.98340,1.91063,-0.56125,-0.17679,-0.37891,0.68401,1.68843,-1.00703,1.93459,-0.56013,-0.14132,-0.40722,3.156,3.995,3.368,0.460,0.398,-0.043,-0.529
54.300000,2715,0.67257,1.65752,-0.98153,1.93066,-0.52681,-0.16212,-0.41162,0.67524,1.64610,-0.98228,1.93392,-0.53836,-0.16613,-0.39845,0.68943,1.67797,-1.00648,1.95751,-0.53805,-0.13088,-0.42631,3.175,3.890,3.349,0.508,0.394,-0.055,-0.519
54.400000,2720,0.67753,1.64722,-0.98153,1.95355,-0.50621,-0.15411,-0.42917,0.68076,1.63469,-0.98117,1.95638,-0.51450,-0.15648,-0.41820,0.69494,1.66627,-1.00589,1.97967,-0.51531,-0.12152,-0.44612,3.195,3.787,3.327,0.556,0.391,-0.070,-0.509
54.500000,2725,0.68439,1.63272,-0.98153,1.97491,-0.48256,-0.14724,-0.45091,0.68636,1.62171,-0.98008,1.97800,-0.49004,-0.14820,-0.43894,0.70045,1.65314,-1.00533,2.00095,-0.49199,-0.11340,-0.46672,3.217,3.684,3.302,0.605,0.387,-0.090,-0.498
54.600000,2730,0.68974,1.61937,-0.98153,1.99589,-0.45776,-0.13961,-0.47228,0.69193,1.60707,-0.97879,1.99883,-0.46468,-0.14118,-0.46103,0.70599,1.63866,-1.00481,2.02142,-0.46820,-0.10660,-0.48813,3.244,3.583,3.277,0.655,0.383,-0.117,-0.486
54.700000,2735,0.69355,1.60259,-0.98153,2.01573,-0.43487,-0.13313,-0.49211,0.69746,1.59154,-0.97767,2.01889,-0.43910,-0.13545,-0.48350,0.71155,1.62298,-1.00433,2.04117,-0.44407,-0.10112,-0.51034,3.272,3.483,3.252,0.706,0.379,-0.155,-0.475
54.800000,2740,0.70118,1.58504,-0.98153,2.03518,-0.40817,-0.13122,-0.51767,0.70305,1.57472,-0.97641,2.03819,-0.41305,-0.13129,-0.50662,0.71711,1.60607,-1.00385,2.06020,-0.41971,-0.09705,-0.53337,3.303,3.383,3.228,0.756,0.376,-0.209,-0.462
54.900000,2745,0.70652,1.56902,-0.98153,2.05387,-0.38185,-0.13007,-0.53751,0.70879,1.55689,-0.97494,2.05688,-0.38689,-0.12807,-0.53048,0.72295,1.58831,-1.00301,2.07862,-0.39491,-0.09389,-0.55683,3.353,3.285,3.264,0.806,0.374,-0.208,-0.448
55.000000,2750,0.71224,1.54918,-0.98115,2.07218,-0.35591,-0.12817,-0.56192,0.71539,1.53891,-0.97266,2.07521,-0.36002,-0.12467,-0.55407,0.72963,1.57036,-1.00120,2.09668,-0.36925,-0.09072,-0.58013,3.383,3.183,3.236,0.849,0.369,-0.295,-0.436
55.100000,2755,0.72025,1.52973,-0.98038,2.09011,-0.32959,-0.12893,-0.58596,0.72114,1.51894,-0.97086,2.09250,-0.33319,-0.12425,-0.57930,0.73533,1.55013,-1.00027,2.11350,-0.34448,-0.09067,-0.60505,3.403,3.081,3.169,0.896,0.364,-0.471,-0.425
55.200000,2760,0.72140,1.50760,-0.97962,2.10652,-0.30441,-0.13236,-0.61151,0.72658,1.49729,-0.96948,2.10884,-0.30708,-0.12582,-0.60542,0.74063,1.52837,-0.99951,2.12941,-0.32022,-0.09266,-0.63086,3.439,2.982,3.146,0.945,0.360,-0.566,-0.412
55.300000,2765,0.72826,1.48471,-0.97924,2.12216,-0.27885,-0.13656,-0.63860,0.73162,1.47442,-0.96811,2.12431,-0.28163,-0.12925,-0.63213,0.74572,1.50532,-0.99870,2.14447,-0.29645,-0.09640,-0.65728,3.477,2.882,3.124,0.994,0.355,-0.633,-0.399
55.400000,2770,0.73399,1.45953,-0.97619,2.13589,-0.25405,-0.14571,-0.66301,0.73642,1.45015,-0.96657,2.13885,-0.25675,-0.13437,-0.65933,0.75054,1.48098,-0.99782,2.15869,-0.27336,-0.10188,-0.68424,3.517,2.784,3.102,1.042,0.350,-0.677,-0.386
55.500000,2775,0.73513,1.43436,-0.97466,2.15001,-0.23116,-0.15373,-0.69391,0.74092,1.42444,-0.96505,2.15258,-0.23290,-0.14134,-0.68741,0.75507,1.45533,-0.99687,2.17200,-0.25114,-0.10917,-0.71166,3.557,2.685,3.080,1.089,0.345,-0.701,-0.373
55.600000,2780,0.73971,1.40689,-0.97466,2.16298,-0.20561,-0.16097,-0.71909,0.74507,1.39772,-0.96364,2.16546,-0.21032,-0.14980,-0.71565,0.75929,1.42841,-0.99586,2.18443,-0.22995,-0.11823,-0.73944,3.599,2.586,3.058,1.136,0.339,-0.715,-0.360
55.700000,2785,0.74543,1.37981,-0.97390,2.17518,-0.18462,-0.17204,-0.74579,0.74874,1.36958,-0.96192,2.17730,-0.18875,-0.16049,-0.74416,0.76317,1.40022,-0.99477,2.19595,-0.20997,-0.12904,-0.76749,3.642,2.487,3.036,1.181,0.332,-0.722,-0.348
55.800000,2790,0.75077,1.35043,-0.97199,2.18625,-0.16555,-0.18424,-0.77631,0.75215,1.34021,-0.96045,2.18830,-0.16871,-0.17247,-0.77299,0.76668,1.37079,-0.99364,2.20650,-0.19139,-0.14163,-0.79567,3.685,2.389,3.010,1.224,0.325,-0.725,-0.335
55.900000,2795,0.75115,1.31915,-0.96970,2.19578,-0.15067,-0.19836,-0.80530,0.75530,1.30980,-0.95925,2.19840,-0.15057,-0.18597,-0.80187,0.76983,1.34019,-0.99252,2.21606,-0.17431,-0.15603,-0.82385,3.729,2.289,2.984,1.265,0.317,-0.726,-0.324
56.000000,2800,0.75382,1.28863,-0.96818,2.20456,-0.13007,-0.21362,-0.83277,0.75772,1.27798,-0.95747,2.20731,-0.13390,-0.20179,-0.83087,0.77259,1.30846,-0.99138,2.22463,-0.15893,-0.17206,-0.85192,3.772,2.190,2.959,1.303,0.309,-0.725,-0.313
56.100000,2805,0.75573,1.25583,-0.96779,2.21295,-0.11977,-0.23002,-0.86367,0.76000,1.24526,-0.95618,2.21533,-0.11915,-0.21861,-0.85939,0.77496,1.27568,-0.99022,2.23219,-0.14541,-0.18960,-0.87977,3.816,2.090,2.933,1.336,0.298,-0.722,-0.302
56.200000,2810,0.75649,1.22111,-0.96627,2.21982,-0.10375,-0.24681,-0.88961,0.76177,1.21170,-0.95506,2.22229,-0.10684,-0.23686,-0.88754,0.77693,1.24195,-0.98909,2.23873,-0.13388,-0.20853,-0.90727,3.860,1.990,2.904,1.363,0.285,-0.718,-0.292
56.300000,2815,0.75649,1.18564,-0.96627,2.22477,-0.09879,-0.26588,-0.91402,0.76322,1.17735,-0.95390,2.22826,-0.09652,-0.25613,-0.91536,0.77853,1.20738,-0.98803,2.24423,-0.12439,-0.22876,-0.93427,3.905,1.889,2.873,1.383,0.265,-0.712,-0.283
56.400000,2820,0.75878,1.15130,-0.96627,2.22973,-0.09193,-0.28686,-0.94264,0.76415,1.14212,-0.95292,2.23308,-0.08841,-0.27698,-0.94261,0.77976,1.17209,-0.98706,2.24869,-0.11706,-0.25003,-0.96070,3.951,1.788,2.840,1.393,0.230,-0.706,-0.274
56.500000,2825,0.76183,1.11583,-0.96398,2.23393,-0.08086,-0.30708,-0.96667,0.76474,1.10599,-0.95189,2.23679,-0.08253,-0.29872,-0.96937,0.78067,1.13617,-0.98623,2.25212,-0.11194,-0.27214,-0.98650,3.999,1.685,2.804,1.393,0.167,-0.697,-0.266
56.600000,2830,0.76183,1.07844,-0.96131,2.23507,-0.08010,-0.32997,-0.99642,0.76515,1.06968,-0.95142,2.23956,-0.07901,-0.32067,-0.99532,0.78130,1.09973,-0.98559,2.25452,-0.10903,-0.29493,-1.01160,4.050,1.582,2.764,1.382,0.063,-0.688,-0.260
56.700000,2835,0.76183,1.04106,-0.96131,2.23622,-0.08086,-0.35095,-1.02084,0.76527,1.03281,-0.95118,2.24131,-0.07787,-0.34324,-1.02069,0.78168,1.06288,-0.98519,2.25592,-0.10830,-0.31821,-1.03595,4.102,1.477,2.720,1.363,-0.071,-0.678,-0.254
56.800000,2840,0.76183,1.00329,-0.96131,2.23851,-0.08239,-0.37193,-1.04296,0.76513,0.99570,-0.95110,2.24194,-0.07897,-0.36618,-1.04506,0.78188,1.02571,-0.98509,2.25631,-0.10971,-0.34184,-1.05954,4.156,1.371,2.673,1.339,-0.196,-0.666,-0.249
56.900000,2845,0.76183,0.96552,-0.96131,2.23851,-0.08964,-0.39596,-1.06852,0.76485,0.95826,-0.95150,2.24162,-0.08211,-0.38945,-1.06887,0.78193,0.98831,-0.98534,2.25570,-0.11321,-0.36565,-1.08234,4.211,1.263,2.622,1.315,-0.282,-0.654,-0.244
57.000000,2850,0.76183,0.92852,-0.96131,2.23851,-0.10184,-0.41885,-1.09065,0.76423,0.92075,-0.95250,2.24036,-0.08776,-0.41274,-1.09197,0.78161,0.95086,-0.98627,2.25414,-0.11921,-0.38956,-1.10431,4.218,1.155,2.523,1.300,-0.353,-0.642,-0.241
57.100000,2855,0.76145,0.89152,-0.96169,2.23851,-0.10871,-0.44136,-1.11087,0.76289,0.88354,-0.95453,2.23805,-0.09638,-0.43650,-1.11365,0.78056,0.91365,-0.98826,2.25168,-0.12825,-0.41361,-1.12533,4.290,1.046,2.490,1.290,-0.366,-0.629,-0.238
57.200000,2860,0.76145,0.85337,-0.96169,2.23736,-0.11901,-0.46463,-1.13375,0.76225,0.84580,-0.95643,2.23466,-0.10550,-0.46012,-1.13485,0.78032,0.87607,-0.98981,2.24817,-0.13719,-0.43772,-1.14561,4.382,0.932,2.469,1.280,-0.373,-0.616,-0.236
57.300000,2865,0.76145,0.81522,-0.96169,2.23279,-0.13084,-0.48561,-1.15245,0.76187,0.80817,-0.95860,2.23034,-0.11590,-0.48340,-1.15517,0.78023,0.83843,-0.99171,2.24369,-0.14753,-0.46161,-1.16516,4.442,0.817,2.413,1.279,-0.385,-0.601,-0.235
57.400000,2870,0.76145,0.77707,-0.96169,2.22783,-0.13923,-0.50812,-1.17267,0.76148,0.77041,-0.96126,2.22503,-0.12797,-0.50665,-1.17490,0.78021,0.80086,-0.99415,2.23823,-0.15947,-0.48517,-1.18399,4.503,0.700,2.358,1.284,-0.393,-0.586,-0.234
57.500000,2875,0.76145,0.73893,-0.96207,2.22172,-0.15716,-0.52948,-1.19136,0.76132,0.73292,-0.96461,2.21872,-0.14138,-0.52903,-1.19399,0.78031,0.76340,-0.99718,2.23179,-0.17290,-0.50827,-1.20215,4.565,0.581,2.304,1.294,-0.399,-0.572,-0.234
57.600000,2880,0.76145,0.70154,-0.96551,2.21447,-0.16822,-0.55122,-1.21081,0.76118,0.69553,-0.96839,2.21132,-0.15634,-0.55147,-1.21223,0.78059,0.72610,-1.00083,2.22439,-0.18771,-0.53084,-1.21968,4.629,0.459,2.254,1.307,-0.403,-0.557,-0.235
57.700000,2885,0.76145,0.66378,-0.96932,2.20570,-0.18653,-0.57297,-1.22836,0.76149,0.65837,-0.97310,2.20299,-0.17241,-0.57285,-1.22989,0.78109,0.68900,-1.00512,2.21599,-0.20377,-0.55275,-1.23663,4.694,0.335,2.206,1.321,-0.407,-0.542,-0.236
57.800000,2890,0.76145,0.62716,-0.97619,2.19616,-0.20484,-0.59204,-1.24438,0.76190,0.62134,-0.97816,2.19354,-0.18969,-0.59387,-1.24705,0.78187,0.65215,-1.01010,2.20659,-0.22097,-0.57393,-1.25305,4.760,0.209,2.163,1.337,-0.409,-0.527,-0.237
57.900000,2895,0.76145,0.58977,-0.98267,2.18510,-0.21705,-0.61150,-1.26193,0.76264,0.58463,-0.98409,2.18308,-0.20829,-0.61425,-1.26370,0.78298,0.61561,-1.01576,2.19617,-0.23919,-0.59428,-1.26899,4.826,0.082,2.124,1.353,-0.411,-0.513,-0.239
58.000000,2900,0.76145,0.55391,-0.99068,2.17366,-0.23956,-0.62904,-1.27872,0.76357,0.54835,-0.99072,2.17150,-0.22781,-0.63345,-1.28001,0.78422,0.57954,-1.02238,2.18465,-0.25863,-0.61359,-1.28434,4.856,-0.047,2.081,1.370,-0.414,-0.498,-0.240
58.100000,2905,0.76183,0.51729,-0.99831,2.16069,-0.26092,-0.64697,-1.29169,0.76481,0.51285,-0.99877,2.15889,-0.24873,-0.65101,-1.29525,0.78563,0.54395,-1.02991,2.17203,-0.27915,-0.63183,-1.29916,4.955,-0.179,2.061,1.389,-0.412,-0.486,-0.244
58.200000,2910,0.76450,0.48143,-1.00861,2.14772,-0.28190,-0.66338,-1.30771,0.76698,0.47696,-1.00644,2.14497,-0.26925,-0.66871,-1.31005,0.78819,0.50837,-1.03749,2.15843,-0.29932,-0.64932,-1.31409,5.022,-0.312,2.034,1.403,-0.412,-0.473,-0.246
58.300000,2915,0.76527,0.44519,-1.01739,2.13169,-0.30059,-0.67978,-1.32258,0.76941,0.44160,-1.01532,2.12951,-0.29059,-0.68556,-1.32370,0.79097,0.47340,-1.04621,2.14335,-0.32031,-0.66552,-1.32818,5.121,-0.444,2.029,1.421,-0.407,-0.461,-0.252
58.400000,2920,0.77023,0.41162,-1.02158,2.12025,-0.31395,-0.69657,-1.33937,0.77930,0.41257,-1.01496,2.12106,-0.30181,-0.70449,-1.33946,0.80150,0.44565,-1.04348,2.13644,-0.32677,-0.68259,-1.34586,5.288,-0.499,2.630,1.862,0.246,-0.454,-0.269
58.500000,2925,0.79045,0.39407,-1.00060,2.12559,-0.28495,-0.71755,-1.35844,0.79986,0.39572,-0.99617,2.12544,-0.28878,-0.72730,-1.35779,0.82325,0.43122,-1.02200,2.14322,-0.30895,-0.70143,-1.36695,5.348,-0.502,2.624,1.884,0.276,-0.436,-0.277
58.600000,2930,0.81410,0.38110,-0.97428,2.13169,-0.26283,-0.73776,-1.37942,0.82182,0.38120,-0.97407,2.13226,-0.26980,-0.74724,-1.37945,0.84580,0.41773,-0.99918,2.15098,-0.28939,-0.72043,-1.38828,5.397,-0.511,2.600,1.756,0.281,-0.416,-0.284
58.700000,2935,0.83546,0.36661,-0.95292,2.13856,-0.24223,-0.75188,-1.39774,0.84113,0.37256,-0.95442,2.14001,-0.25089,-0.74798,-1.39916,0.86564,0.40978,-0.97842,2.15934,-0.26926,-0.73540,-1.40544,5.409,0.098,2.562,1.655,0.289,-0.269,-0.207
58.800000,2940,0.84538,0.37538,-0.94643,2.14962,-0.22239,-0.72670,-1.38591,0.84346,0.39610,-0.94671,2.15184,-0.23062,-0.74798,-1.40333,0.86938,0.43505,-0.96919,2.17200,-0.24555,-0.72631,-1.39840,5.064,0.276,2.527,1.636,0.294,0.264,0.376
58.900000,2945,0.84461,0.41353,-0.94643,2.16450,-0.20027,-0.71221,-1.37752,0.84291,0.42983,-0.93987,2.16538,-0.20486,-0.74100,-1.39455,0.86938,0.46956,-0.96210,2.18639,-0.22046,-0.71039,-1.38595,5.052,0.397,2.524,1.607,0.291,0.257,0.382
59.000000,2950,0.84500,0.44672,-0.94185,2.17671,-0.17623,-0.70191,-1.36378,0.84332,0.46477,-0.93405,2.17804,-0.17950,-0.72391,-1.38138,0.86974,0.50455,-0.95673,2.19910,-0.19609,-0.69305,-1.37232,5.050,0.513,2.525,1.579,0.288,0.247,0.389
59.100000,2955,0.84500,0.48258,-0.93957,2.18777,-0.15029,-0.68436,-1.35387,0.84453,0.49950,-0.92788,2.18993,-0.15396,-0.70621,-1.36811,0.87083,0.53933,-0.95114,2.21096,-0.17141,-0.67523,-1.35859,5.056,0.626,2.553,1.549,0.286,0.237,0.393
59.200000,2960,0.84500,0.51767,-0.93346,2.19807,-0.12435,-0.66948,-1.33784,0.84616,0.53468,-0.92297,2.20088,-0.12950,-0.68737,-1.35424,0.87233,0.57442,-0.94667,2.22179,-0.14758,-0.65635,-1.34436,5.031,0.737,2.518,1.516,0.281,0.227,0.400
59.300000,2965,0.84538,0.55277,-0.93041,2.20761,-0.10032,-0.64926,-1.32335,0.84810,0.57007,-0.91912,2.21075,-0.10557,-0.66744,-1.34013,0.87415,0.60986,-0.94352,2.23158,-0.12488,-0.63636,-1.32952,5.012,0.845,2.506,1.485,0.278,0.216,0.405
59.400000,2970,0.84538,0.58863,-0.92736,2.21600,-0.07705,-0.62866,-1.30809,0.85049,0.60573,-0.91610,2.21975,-0.08283,-0.64670,-1.32510,0.87636,0.64545,-0.94120,2.24048,-0.10307,-0.61556,-1.31418,4.988,0.950,2.491,1.451,0.274,0.204,0.410
59.500000,2975,0.85072,0.62525,-0.92583,2.22439,-0.05492,-0.61111,-1.29207,0.85312,0.64145,-0.91368,2.22774,-0.06084,-0.62568,-1.30947,0.87891,0.68118,-0.93970,2.24852,-0.08223,-0.59402,-1.29830,4.959,1.051,2.473,1.415,0.271,0.191,0.415
59.600000,2980,0.85072,0.66111,-0.92278,2.23240,-0.03776,-0.58975,-1.27872,0.85628,0.67731,-0.91247,2.23503,-0.04004,-0.60340,-1.29321,0.88177,0.71703,-0.93898,2.25573,-0.06248,-0.57181,-1.28183,4.926,1.150,2.457,1.375,0.268,0.178,0.420
59.700000,2985,0.85377,0.69697,-0.92240,2.23736,-0.01945,-0.56763,-1.26079,0.85957,0.71306,-0.91108,2.24118,-0.01982,-0.58110,-1.27598,0.88496,0.75272,-0.93846,2.26194,-0.04327,-0.54921,-1.26459,4.895,1.244,2.512,1.324,0.268,0.164,0.426
59.800000,2990,0.85644,0.73321,-0.92202,2.24347,0.00344,-0.54588,-1.24400,0.86335,0.74856,-0.91004,2.24649,-0.00024,-0.55836,-1.25818,0.88845,0.78824,-0.93809,2.26722,-0.02465,-0.52628,-1.24660,4.854,1.336,2.458,1.280,0.264,0.151,0.430
59.900000,2995,0.86254,0.76868,-0.92202,2.24652,0.02290,-0.52338,-1.22607,0.86712,0.78464,-0.91038,2.25137,0.01697,-0.53490,-1.23985,0.89209,0.82420,-0.93927,2.27203,-0.00830,-0.50256,-1.22819,4.808,1.426,2.422,1.232,0.260,0.138,0.434
60.000000,3000,0.86750,0.80492,-0.92202,2.25186,0.03396,-0.49934,-1.20623,0.87132,0.82070,-0.91166,2.25554,0.03284,-0.51072,-1.22120,0.89592,0.86023,-0.94123,2.27611,0.00657,-0.47847,-1.20909,4.760,1.512,2.412,1.175,0.258,0.123,0.438
60.100000,3005,0.86979,0.84116,-0.92202,2.25453,0.05075,-0.47798,-1.18678,0.87557,0.85693,-0.91370,2.25891,0.04700,-0.48679,-1.20139,0.89993,0.89635,-0.94391,2.27944,0.02006,-0.45435,-1.18915,4.709,1.596,2.405,1.113,0.255,0.109,0.441
60.200000,3010,0.87323,0.87778,-0.92240,2.25644,0.06066,-0.45433,-1.16618,0.88010,0.89311,-0.91635,2.26156,0.06001,-0.46272,-1.18079,0.90412,0.93250,-0.94731,2.28203,0.03206,-0.43024,-1.16836,4.655,1.677,2.405,1.045,0.250,0.095,0.444
60.300000,3015,0.88200,0.91441,-0.92240,2.25758,0.07592,-0.42915,-1.14596,0.88460,0.92924,-0.91952,2.26334,0.07117,-0.43877,-1.15899,0.90844,0.96856,-0.95132,2.28385,0.04236,-0.40592,-1.14682,4.598,1.755,2.411,0.972,0.242,0.082,0.447
60.400000,3020,0.88429,0.94988,-0.92240,2.25834,0.08088,-0.40703,-1.12231,0.88944,0.96532,-0.92356,2.26452,0.08026,-0.41416,-1.13671,0.91285,1.00447,-0.95591,2.28492,0.05087,-0.38145,-1.12452,4.538,1.830,2.421,0.894,0.227,0.069,0.449
60.500000,3025,0.88963,0.98651,-0.92316,2.25834,0.08393,-0.38376,-1.09866,0.89422,1.00110,-0.92801,2.26478,0.08770,-0.38988,-1.11360,0.91732,1.04018,-0.96102,2.28522,0.05751,-0.35693,-1.10143,4.475,1.902,2.434,0.813,0.197,0.056,0.450
60.600000,3030,0.89382,1.02236,-0.92850,2.25834,0.08813,-0.35896,-1.07730,0.89896,1.03673,-0.93285,2.26437,0.09293,-0.36550,-1.08963,0.92179,1.07565,-0.96658,2.28475,0.06222,-0.33246,-1.07756,4.409,1.971,2.450,0.732,0.142,0.043,0.450
60.700000,3035,0.90069,1.05822,-0.93384,2.25834,0.09500,-0.33607,-1.05326,0.90376,1.07189,-0.93802,2.26304,0.09650,-0.34160,-1.06457,0.92624,1.11080,-0.97255,2.28348,0.06498,-0.30815,-1.05289,4.340,2.039,2.468,0.653,0.053,0.031,0.450
60.800000,3040,0.90336,1.09332,-0.93880,2.25796,0.09538,-0.31318,-1.02732,0.90863,1.10688,-0.94381,2.26106,0.09774,-0.31756,-1.03882,0.93062,1.14558,-0.97886,2.28140,0.06572,-0.28413,-1.02742,4.269,2.104,2.487,0.576,-0.065,0.019,0.449
60.900000,3045,0.90603,1.12841,-0.94376,2.25796,0.09423,-0.28915,-1.00253,0.91331,1.14135,-0.94967,2.25814,0.09703,-0.29414,-1.01239,0.93489,1.17994,-0.98545,2.27850,0.06442,-0.26050,-1.00116,4.196,2.167,2.507,0.505,-0.179,0.007,0.447
61.000000,3050,0.91481,1.16198,-0.95101,2.25529,0.08546,-0.26741,-0.97506,0.91787,1.17550,-0.95597,2.25455,0.09413,-0.27081,-0.98496,0.93900,1.21379,-0.99226,2.27476,0.06108,-0.23740,-0.97412,4.121,2.228,2.528,0.439,-0.260,-0.004,0.444
61.100000,3055,0.91786,1.19670,-0.95673,2.25033,0.07859,-0.24528,-0.94759,0.92229,1.20888,-0.96229,2.24999,0.08909,-0.24868,-0.95676,0.94292,1.24707,-0.99923,2.27015,0.05568,-0.21495,-0.94631,4.044,2.288,2.550,0.378,-0.306,-0.014,0.440
61.200000,3060,0.92244,1.22989,-0.96360,2.24385,0.07440,-0.22621,-0.91631,0.92636,1.24167,-0.96865,2.24447,0.08215,-0.22725,-0.92792,0.94661,1.27973,-1.00631,2.26466,0.04827,-0.19329,-0.91777,3.966,2.346,2.573,0.323,-0.329,-0.025,0.436
61.300000,3065,0.92587,1.26269,-0.97123,2.23736,0.06333,-0.20599,-0.88961,0.93031,1.27390,-0.97527,2.23806,0.07334,-0.20663,-0.89796,0.95010,1.31171,-1.01351,2.25824,0.03889,-0.17264,-0.88849,3.890,2.403,2.596,0.273,-0.339,-0.034,0.431
61.400000,3070,0.93350,1.29474,-0.97733,2.23050,0.05075,-0.18539,-0.85871,0.93405,1.30531,-0.98200,2.23072,0.06232,-0.18738,-0.86717,0.95336,1.34293,-1.02082,2.25089,0.02762,-0.15313,-0.85853,3.810,2.460,2.620,0.226,-0.344,-0.044,0.424
61.500000,3075,0.93388,1.32640,-0.98305,2.22096,0.04083,-0.16822,-0.82857,0.93764,1.33589,-0.98880,2.22245,0.04947,-0.16917,-0.83609,0.95635,1.37332,-1.02812,2.24257,0.01448,-0.13482,-0.82796,3.730,2.515,2.646,0.182,-0.346,-0.052,0.417
61.600000,3080,0.93693,1.35577,-0.98954,2.21142,0.02404,-0.15182,-0.79882,0.94090,1.36575,-0.99578,2.21335,0.03458,-0.15194,-0.80423,0.95903,1.40280,-1.03536,2.23329,-0.00041,-0.11783,-0.79685,3.650,2.570,2.673,0.141,-0.347,-0.061,0.409
61.700000,3085,0.93922,1.38515,-0.99564,2.20150,0.01069,-0.13732,-0.76372,0.94377,1.39445,-1.00236,2.20301,0.01833,-0.13683,-0.77166,0.96141,1.43132,-1.04252,2.22303,-0.01693,-0.10228,-0.76529,3.570,2.625,2.701,0.102,-0.347,-0.069,0.400
61.800000,3090,0.94265,1.41452,-1.00251,2.19006,-0.00762,-0.12473,-0.73473,0.94635,1.42215,-1.00902,2.19169,0.00061,-0.12306,-0.73874,0.96353,1.45879,-1.04963,2.21178,-0.03492,-0.08832,-0.73335,3.497,2.680,2.728,0.064,-0.347,-0.077,0.390
61.900000,3095,0.94571,1.44008,-1.01014,2.17709,-0.02708,-0.11253,-0.70002,0.94893,1.44880,-1.01585,2.17957,-0.01863,-0.11062,-0.70580,0.96544,1.48514,-1.05673,2.19951,-0.05420,-0.07608,-0.70116,3.423,2.735,2.758,0.027,-0.347,-0.086,0.379
62.000000,3100,0.95028,1.46678,-1.01662,2.16374,-0.04996,-0.10223,-0.66721,0.95107,1.47421,-1.02241,2.16622,-0.03878,-0.10035,-0.67201,0.96706,1.51029,-1.06367,2.18627,-0.07462,-0.06556,-0.66887,3.348,2.789,2.790,-0.010,-0.346,-0.098,0.368
62.100000,3105,0.95028,1.49196,-1.02235,2.14924,-0.06904,-0.09498,-0.63631,0.95297,1.49839,-1.02892,2.15200,-0.06017,-0.09177,-0.63849,0.96839,1.53419,-1.07040,2.17208,-0.09595,-0.05679,-0.63659,3.277,2.844,2.823,-0.045,-0.345,-0.115,0.356
62.200000,3110,0.95105,1.51599,-1.02845,2.13436,-0.08811,-0.08735,-0.60274,0.95456,1.52124,-1.03528,2.13687,-0.08225,-0.08493,-0.60524,0.96945,1.55678,-1.07692,2.15696,-0.11797,-0.04982,-0.60448,3.210,2.898,2.856,-0.080,-0.344,-0.143,0.344
62.300000,3115,0.95334,1.53850,-1.03493,2.11796,-0.11176,-0.08163,-0.57070,0.95593,1.54275,-1.04137,2.12081,-0.10463,-0.07987,-0.57204,0.97029,1.57804,-1.08324,2.14094,-0.14043,-0.04465,-0.57265,3.148,2.953,2.891,-0.115,-0.342,-0.189,0.331
62.400000,3120,0.95334,1.55834,-1.04104,2.10080,-0.13427,-0.08048,-0.53636,0.95711,1.56302,-1.04730,2.10389,-0.12741,-0.07656,-0.53925,0.97093,1.59795,-1.08935,2.12407,-0.16311,-0.04125,-0.54120,3.091,3.009,2.925,-0.149,-0.340,-0.262,0.318
62.500000,3125,0.95562,1.57779,-1.04752,2.08325,-0.15754,-0.08086,-0.50661,0.95780,1.58152,-1.05346,2.08595,-0.15039,-0.07548,-0.50707,0.97115,1.61614,-1.09558,2.10620,-0.18609,-0.04008,-0.51049,2.992,3.062,2.943,-0.181,-0.339,-0.443,0.303
62.600000,3130,0.95562,1.59420,-1.05286,2.06379,-0.18119,-0.08506,-0.47380,0.95782,1.59779,-1.06032,2.06677,-0.17396,-0.07717,-0.47596,0.97060,1.63210,-1.10244,2.08710,-0.20961,-0.04177,-0.48096,2.972,3.121,2.983,-0.208,-0.335,-0.506,0.291
62.700000,3135,0.95562,1.60984,-1.05668,2.04434,-0.20370,-0.08811,-0.44595,0.95862,1.61374,-1.06624,2.04728,-0.19644,-0.07900,-0.44496,0.97096,1.64798,-1.10806,2.06778,-0.23163,-0.04338,-0.45111,2.977,3.178,3.035,-0.239,-0.330,-0.522,0.279
62.800000,3140,0.95601,1.62738,-1.06202,2.02374,-0.22354,-0.09116,-0.41429,0.95935,1.62860,-1.07150,2.02709,-0.21793,-0.08212,-0.41460,0.97150,1.66283,-1.11334,2.04784,-0.25295,-0.04615,-0.42168,2.944,3.232,3.068,-0.272,-0.326,-0.585,0.266
62.900000,3145,0.95601,1.64112,-1.06774,2.00276,-0.24337,-0.09956,-0.38568,0.96031,1.64249,-1.07682,2.00630,-0.23890,-0.08634,-0.38431,0.97210,1.67643,-1.11854,2.02720,-0.27364,-0.05032,-0.39287,2.915,3.285,3.101,-0.304,-0.322,-0.629,0.254
63.000000,3150,0.95639,1.65485,-1.07003,1.98101,-0.26473,-0.10490,-0.35554,0.96132,1.65504,-1.08221,1.98479,-0.25926,-0.09190,-0.35519,0.97270,1.68869,-1.12366,2.00577,-0.29363,-0.05581,-0.36468,2.882,3.335,3.134,-0.336,-0.318,-0.658,0.242
63.100000,3155,0.96135,1.66591,-1.07651,1.95850,-0.28495,-0.11138,-0.32808,0.96200,1.66595,-1.08736,1.96221,-0.27857,-0.09889,-0.32623,0.97322,1.69944,-1.12865,1.98344,-0.31284,-0.06257,-0.33716,2.855,3.385,3.168,-0.366,-0.313,-0.673,0.231
63.200000,3160,0.96173,1.67698,-1.08224,1.93562,-0.30097,-0.12016,-0.30099,0.96285,1.67547,-1.09239,1.93892,-0.29703,-0.10695,-0.29848,0.97375,1.70896,-1.13349,1.96034,-0.33109,-0.07043,-0.31019,2.836,3.433,3.202,-0.394,-0.308,-0.682,0.220
63.300000,3165,0.96440,1.68384,-1.08758,1.91120,-0.31890,-0.13007,-0.27429,0.96365,1.68409,-1.09744,1.91487,-0.31456,-0.11595,-0.27071,0.97437,1.71732,-1.13819,1.93652,-0.34827,-0.07928,-0.28371,2.823,3.478,3.234,-0.422,-0.302,-0.687,0.210
63.400000,3170,0.96478,1.69376,-1.09216,1.88641,-0.33378,-0.13770,-0.24759,0.96465,1.69130,-1.10233,1.89017,-0.33079,-0.12573,-0.24414,0.97509,1.72456,-1.14276,1.91197,-0.36430,-0.08902,-0.25766,2.815,3.518,3.266,-0.450,-0.295,-0.689,0.201
63.500000,3175,0.96669,1.69719,-1.09521,1.86047,-0.34751,-0.14953,-0.22241,0.96567,1.69765,-1.10714,1.86463,-0.34589,-0.13642,-0.21717,0.97597,1.73070,-1.14723,1.88669,-0.37912,-0.09953,-0.23197,2.811,3.552,3.295,-0.476,-0.288,-0.690,0.192
63.600000,3180,0.96669,1.69986,-1.10131,1.83453,-0.36316,-0.15983,-0.19609,0.96702,1.70283,-1.11196,1.83847,-0.35968,-0.14749,-0.19122,0.97703,1.73577,-1.15161,1.86067,-0.39267,-0.11074,-0.20657,2.812,3.578,3.323,-0.501,-0.281,-0.690,0.184
63.700000,3185,0.96707,1.70978,-1.10703,1.80782,-0.37155,-0.17127,-0.17167,0.96827,1.70652,-1.11648,1.81135,-0.37201,-0.15977,-0.16584,0.97832,1.73974,-1.15594,1.83385,-0.40491,-0.12255,-0.18138,2.813,3.581,3.348,-0.526,-0.272,-0.689,0.177
63.800000,3190,0.96974,1.71283,-1.10894,1.77921,-0.38490,-0.18310,-0.14535,0.96971,1.70857,-1.12146,1.78302,-0.38298,-0.17209,-0.14005,0.97959,1.74150,-1.16037,1.80572,-0.41564,-0.13506,-0.15686,2.806,3.493,3.366,-0.548,-0.260,-0.688,0.170
63.900000,3195,0.97050,1.71283,-1.11390,1.74946,-0.39367,-0.19569,-0.11903,0.97142,1.70941,-1.12629,1.75380,-0.39279,-0.18520,-0.11498,0.98123,1.74234,-1.16473,1.77674,-0.42511,-0.14790,-0.13219,2.857,3.603,3.397,-0.568,-0.249,-0.685,0.167
64.000000,3200,0.97241,1.71283,-1.12077,1.72008,-0.39978,-0.20942,-0.09576,0.97390,1.71073,-1.13089,1.72416,-0.40138,-0.19831,-0.08877,0.98373,1.74381,-1.16892,1.74744,-0.43359,-0.16081,-0.10649,2.882,3.627,3.414,-0.590,-0.234,-0.683,0.163
64.100000,3205,0.97355,1.71322,-1.12649,1.68918,-0.40893,-0.22087,-0.06562,0.97688,1.71114,-1.13601,1.69335,-0.40906,-0.21183,-0.06185,0.98671,1.74432,-1.17330,1.71707,-0.44083,-0.17412,-0.08045,2.896,3.582,3.422,-0.612,-0.211,-0.682,0.158
64.200000,3210,0.98156,1.71283,-1.12878,1.65676,-0.41618,-0.23612,-0.03968,0.97996,1.70939,-1.14153,1.66081,-0.41557,-0.22630,-0.03448,0.98992,1.74279,-1.17800,1.68517,-0.44669,-0.18795,-0.05467,2.912,3.557,3.442,-0.630,-0.174,-0.679,0.154
64.300000,3215,0.98347,1.71322,-1.13221,1.62700,-0.41580,-0.24490,-0.01412,0.97938,1.70988,-1.14051,1.63502,-0.41956,-0.23450,-0.00827,0.98967,1.74392,-1.17383,1.66078,-0.44646,-0.19486,-0.03099,2.433,3.901,4.013,-0.606,0.368,-0.145,0.136
64.400000,3220,0.97851,1.71550,-1.10818,1.62319,-0.39215,-0.22239,0.00190,0.96534,1.71406,-1.11722,1.63058,-0.41292,-0.22345,0.00844,0.97584,1.74873,-1.14390,1.65768,-0.43091,-0.18266,-0.01799,2.379,4.027,4.053,-0.281,0.400,-0.025,0.118
64.500000,3225,0.95982,1.72085,-1.07117,1.62586,-0.38185,-0.20179,0.01258,0.94920,1.71907,-1.08480,1.63111,-0.39731,-0.20751,0.01994,0.95926,1.75394,-1.10902,1.65820,-0.41244,-0.16698,-0.00692,2.370,4.123,4.062,-0.306,0.396,-0.026,0.122
64.600000,3230,0.94494,1.72962,-1.03760,1.62586,-0.36544,-0.18424,0.02364,0.93250,1.72439,-1.05009,1.63177,-0.37941,-0.19154,0.03131,0.94253,1.75919,-1.07383,1.65873,-0.39380,-0.15115,0.00425,2.361,4.217,4.068,-0.333,0.392,-0.027,0.125
64.700000,3235,0.92701,1.73076,-1.00213,1.62586,-0.34523,-0.16975,0.03471,0.91583,1.72996,-1.01546,1.63243,-0.36167,-0.17569,0.04322,0.92583,1.76444,-1.03867,1.65925,-0.37519,-0.13535,0.01540,2.352,4.307,4.073,-0.362,0.388,-0.029,0.129
64.800000,3240,0.91061,1.73496,-0.96856,1.62700,-0.33149,-0.15258,0.04958,0.89961,1.73547,-0.98135,1.63331,-0.34414,-0.15955,0.05452,0.90933,1.76961,-1.00395,1.65984,-0.35680,-0.11970,0.02634,2.345,4.386,4.073,-0.339,0.383,-0.031,0.125
64.900000,3245,0.89802,1.74564,-0.93995,1.63349,-0.31585,-0.13999,0.04958,0.88903,1.73909,-0.95662,1.64314,-0.32991,-0.14370,0.05533,0.89850,1.77245,-0.97955,1.66948,-0.34350,-0.10464,0.02514,2.500,4.216,4.016,-0.096,0.318,-0.035,-0.514
65.000000,3250,0.89726,1.74831,-0.93766,1.66820,-0.31433,-0.12435,0.01449,0.89097,1.74152,-0.95224,1.67355,-0.32518,-0.12832,0.03248,0.89982,1.77335,-0.97610,1.69931,-0.34020,-0.09054,-0.00002,2.843,4.213,3.762,-0.071,0.189,-0.038,-0.532
65.100000,3255,0.89764,1.74831,-0.93842,1.70330,-0.31395,-0.10795,-0.01603,0.89424,1.74226,-0.95053,1.70530,-0.32184,-0.11408,0.00525,0.90292,1.77372,-0.97492,1.73069,-0.33699,-0.07642,-0.02721,2.852,3.967,3.749,-0.067,0.240,-0.039,-0.531
65.200000,3260,0.90031,1.74831,-0.93842,1.73305,-0.31242,-0.09536,-0.04388,0.89744,1.74056,-0.94871,1.73535,-0.31725,-0.09985,-0.02211,0.90627,1.77207,-0.97371,1.76056,-0.33254,-0.06214,-0.05440,2.869,3.815,3.735,-0.057,0.275,-0.041,-0.527
65.300000,3265,0.90069,1.74793,-0.93842,1.76243,-0.30822,-0.07934,-0.06677,0.90087,1.73786,-0.94693,1.76434,-0.31200,-0.08559,-0.04948,0.90990,1.76934,-0.97244,1.78935,-0.32684,-0.04787,-0.08132,2.888,3.681,3.719,-0.046,0.300,-0.043,-0.523
65.400000,3270,0.90374,1.74602,-0.93842,1.79027,-0.29678,-0.06789,-0.09462,0.90464,1.73495,-0.94514,1.79277,-0.30520,-0.07167,-0.07617,0.91386,1.76657,-0.97113,1.81766,-0.31997,-0.03385,-0.10782,2.906,3.667,3.697,-0.034,0.313,-0.047,-0.518
65.500000,3275,0.90603,1.74564,-0.93842,1.81927,-0.28724,-0.05340,-0.12170,0.90889,1.73304,-0.94341,1.82135,-0.29726,-0.05800,-0.10241,0.91822,1.76474,-0.96975,1.84606,-0.31200,-0.02021,-0.13374,2.912,3.502,3.686,-0.027,0.326,-0.048,-0.514
65.600000,3280,0.91481,1.74259,-0.93804,1.84597,-0.28152,-0.04119,-0.14688,0.91317,1.72822,-0.94141,1.84825,-0.28787,-0.04387,-0.12911,0.92275,1.75975,-0.96806,1.87276,-0.30247,-0.00620,-0.16043,2.925,3.335,3.675,-0.016,0.333,-0.050,-0.511
65.700000,3285,0.91748,1.73763,-0.93804,1.87191,-0.26779,-0.02708,-0.17244,0.91791,1.72164,-0.93945,1.87424,-0.27736,-0.02985,-0.15655,0.92746,1.75314,-0.96620,1.89850,-0.29151,0.00768,-0.18758,2.944,3.230,3.656,-0.001,0.337,-0.054,-0.506
65.800000,3290,0.92244,1.72542,-0.93804,1.89671,-0.25672,-0.01449,-0.19990,0.92265,1.71392,-0.93709,1.89945,-0.26488,-0.01623,-0.18426,0.93232,1.74535,-0.96421,1.92350,-0.27921,0.02120,-0.21520,2.965,3.130,3.636,0.014,0.339,-0.058,-0.500
65.900000,3295,0.92663,1.71550,-0.93766,1.92112,-0.24223,0.00001,-0.22928,0.92746,1.70504,-0.93463,1.92396,-0.25137,-0.00313,-0.21256,0.93730,1.73635,-0.96207,1.94778,-0.26560,0.03425,-0.24337,2.986,3.035,3.615,0.030,0.340,-0.062,-0.495
66.000000,3300,0.93426,1.70673,-0.93689,1.94515,-0.23040,0.01031,-0.25522,0.93253,1.69471,-0.93197,1.94777,-0.23593,0.00949,-0.24185,0.94234,1.72611,-0.95977,1.97133,-0.25075,0.04670,-0.27218,3.010,2.943,3.593,0.047,0.341,-0.067,-0.488
66.100000,3305,0.93693,1.69719,-0.93537,1.96766,-0.21209,0.02519,-0.28688,0.93749,1.68332,-0.92908,1.97081,-0.21971,0.02137,-0.27146,0.94740,1.71461,-0.95732,1.99414,-0.23473,0.05843,-0.30171,3.035,2.854,3.570,0.064,0.341,-0.073,-0.482
66.200000,3310,0.93960,1.68079,-0.93537,1.99055,-0.19721,0.03320,-0.31473,0.94250,1.67053,-0.92606,1.99310,-0.20205,0.03220,-0.30185,0.95243,1.70184,-0.95469,2.01620,-0.21764,0.06931,-0.33200,3.062,2.767,3.546,0.082,0.341,-0.081,-0.475
66.300000,3315,0.94723,1.66744,-0.93346,2.01153,-0.17814,0.04350,-0.34639,0.94728,1.65659,-0.92272,2.01470,-0.18328,0.04238,-0.33318,0.95739,1.68777,-0.95189,2.03751,-0.19962,0.07923,-0.36309,3.090,2.681,3.523,0.101,0.341,-0.090,-0.467
66.400000,3320,0.95105,1.65218,-0.92850,2.03289,-0.15754,0.05303,-0.37691,0.95213,1.64107,-0.91934,2.03546,-0.16394,0.05138,-0.36534,0.96219,1.67227,-0.94890,2.05798,-0.18085,0.08809,-0.39503,3.120,2.598,3.497,0.119,0.341,-0.102,-0.459
66.500000,3325,0.95410,1.63578,-0.92469,2.05235,-0.13541,0.05914,-0.40704,0.95672,1.62407,-0.91560,2.05535,-0.14372,0.05911,-0.39846,0.96681,1.65533,-0.94575,2.07758,-0.16151,0.09575,-0.42781,3.155,2.515,3.470,0.139,0.341,-0.120,-0.451
66.600000,3330,0.95829,1.61708,-0.92049,2.07180,-0.11939,0.06295,-0.44367,0.96106,1.60600,-0.91202,2.07444,-0.12311,0.06581,-0.43223,0.97125,1.63706,-0.94249,2.09634,-0.14169,0.10209,-0.46136,3.191,2.435,3.441,0.159,0.340,-0.147,-0.443
66.700000,3335,0.96516,1.59725,-0.91744,2.08973,-0.09765,0.06944,-0.47609,0.96513,1.58638,-0.90800,2.09263,-0.10188,0.07097,-0.46680,0.97547,1.61748,-0.93912,2.11424,-0.12156,0.10701,-0.49559,3.230,2.356,3.412,0.180,0.340,-0.190,-0.434
66.800000,3340,0.96745,1.57550,-0.91401,2.10690,-0.07552,0.07287,-0.50928,0.96925,1.56580,-0.90410,2.11012,-0.08075,0.07488,-0.50193,0.97952,1.59683,-0.93555,2.13133,-0.10115,0.11049,-0.53034,3.281,2.280,3.398,0.200,0.341,-0.236,-0.424
66.900000,3345,0.97126,1.55490,-0.90905,2.12445,-0.05340,0.07592,-0.54437,0.97351,1.54539,-0.89926,2.12728,-0.05830,0.07775,-0.53699,0.98407,1.57655,-0.93102,2.14826,-0.07928,0.11332,-0.56488,3.333,2.204,3.388,0.215,0.342,-0.282,-0.413
67.000000,3350,0.97546,1.53316,-0.90256,2.14085,-0.03013,0.07592,-0.58100,0.97724,1.52329,-0.89437,2.14323,-0.03597,0.07890,-0.57258,0.98785,1.55428,-0.92674,2.16379,-0.05839,0.11405,-0.60010,3.341,2.126,3.334,0.231,0.338,-0.432,-0.405
67.100000,3355,0.98042,1.50875,-0.89798,2.15496,-0.01067,0.07363,-0.61457,0.98023,1.49937,-0.88961,2.15788,-0.01476,0.07794,-0.60861,0.99098,1.53032,-0.92264,2.17806,-0.03847,0.11280,-0.63576,3.383,2.054,3.304,0.250,0.336,-0.529,-0.395
67.200000,3360,0.98347,1.48433,-0.89302,2.16870,0.00688,0.06791,-0.65004,0.98298,1.47430,-0.88497,2.17155,0.00571,0.07542,-0.64485,0.99379,1.50532,-0.91849,2.19138,-0.01918,0.10989,-0.67151,3.426,1.984,3.274,0.269,0.335,-0.604,-0.385
67.300000,3365,0.98347,1.45801,-0.88768,2.18129,0.02900,0.05952,-0.68552,0.98530,1.44842,-0.88038,2.18433,0.02511,0.07130,-0.68122,0.99624,1.47932,-0.91427,2.20377,-0.00064,0.10533,-0.70723,3.468,1.915,3.245,0.288,0.332,-0.654,-0.375
67.400000,3370,0.98385,1.43054,-0.88311,2.19273,0.04960,0.05265,-0.72252,0.98708,1.42138,-0.87567,2.19613,0.04362,0.06526,-0.71756,0.99829,1.45237,-0.90996,2.21523,0.01696,0.09913,-0.74285,3.511,1.847,3.218,0.306,0.329,-0.684,-0.366
67.500000,3375,0.98652,1.40231,-0.87967,2.20379,0.06181,0.04655,-0.75876,0.98857,1.39365,-0.87106,2.20719,0.06113,0.05827,-0.75362,0.99995,1.42450,-0.90557,2.22581,0.03350,0.09134,-0.77826,3.554,1.781,3.191,0.325,0.326,-0.701,-0.356
67.600000,3380,0.98652,1.37523,-0.87433,2.21409,0.08050,0.03778,-0.79272,0.98968,1.36490,-0.86635,2.21725,0.07725,0.04933,-0.78938,1.00122,1.39573,-0.90111,2.23551,0.04882,0.08203,-0.81340,3.598,1.716,3.164,0.342,0.322,-0.710,-0.348
67.700000,3385,0.98652,1.34471,-0.86937,2.22325,0.09423,0.02633,-0.82896,0.99031,1.33518,-0.86152,2.22648,0.09204,0.03896,-0.82495,1.00211,1.36609,-0.89661,2.24436,0.06278,0.07125,-0.84819,3.644,1.652,3.137,0.358,0.317,-0.714,-0.339
67.800000,3390,0.98652,1.31305,-0.86594,2.23164,0.10720,0.01527,-0.86176,0.99059,1.30487,-0.85684,2.23490,0.10519,0.02758,-0.86003,1.00263,1.33560,-0.89208,2.25236,0.07525,0.05908,-0.88256,3.692,1.588,3.109,0.373,0.310,-0.716,-0.331
67.900000,3395,0.98691,1.28291,-0.86136,2.23889,0.11750,0.00115,-0.89724,0.99043,1.27342,-0.85205,2.24238,0.11677,0.01433,-0.89486,1.00280,1.30430,-0.88757,2.25955,0.08609,0.04563,-0.91646,3.743,1.524,3.081,0.386,0.300,-0.716,-0.324
68.000000,3400,0.98652,1.25125,-0.85488,2.24537,0.12933,-0.01144,-0.93195,0.99013,1.24141,-0.84768,2.24914,0.12657,0.00029,-0.92870,1.00268,1.27222,-0.88319,2.26591,0.09521,0.03093,-0.94980,3.802,1.460,3.047,0.397,0.285,-0.714,-0.317
68.100000,3405,0.98652,1.21730,-0.85221,2.25186,0.13391,-0.02708,-0.96171,0.98950,1.20880,-0.84345,2.25516,0.13428,-0.01481,-0.96238,1.00234,1.23944,-0.87903,2.27146,0.10252,0.01505,-0.98253,3.859,1.396,3.015,0.404,0.257,-0.712,-0.311
68.200000,3410,0.98652,1.18411,-0.84916,2.25644,0.13658,-0.04272,-0.99604,0.98861,1.17539,-0.83940,2.26030,0.14015,-0.03100,-0.99529,1.00173,1.20597,-0.87502,2.27622,0.10791,-0.00179,-1.01459,3.917,1.331,2.983,0.407,0.207,-0.708,-0.305
68.300000,3415,0.98652,1.15054,-0.84534,2.26025,0.13963,-0.05683,-1.02923,0.98737,1.14107,-0.83531,2.26446,0.14418,-0.04844,-1.02748,1.00088,1.17189,-0.87120,2.28020,0.11129,-0.01944,-1.04595,3.977,1.265,2.950,0.407,0.122,-0.703,-0.300
68.400000,3420,0.98614,1.11544,-0.84153,2.26445,0.13925,-0.07552,-1.05860,0.98597,1.10651,-0.83184,2.26809,0.14573,-0.06594,-1.05912,0.99983,1.13724,-0.86765,2.28342,0.11263,-0.03775,-1.07657,4.041,1.198,2.913,0.402,0.001,-0.697,-0.296
68.500000,3425,0.98614,1.07959,-0.84000,2.26712,0.13848,-0.09307,-1.08836,0.98453,1.07137,-0.82867,2.27084,0.14535,-0.08430,-1.08962,0.99864,1.10208,-0.86442,2.28588,0.11187,-0.05657,-1.10642,4.107,1.130,2.872,0.392,-0.126,-0.691,-0.293
68.600000,3430,0.98576,1.04373,-0.83695,2.26750,0.13200,-0.11024,-1.12155,0.98283,1.03564,-0.82578,2.27274,0.14287,-0.10300,-1.11948,0.99735,1.06649,-0.86160,2.28758,0.10901,-0.07574,-1.13548,4.177,1.061,2.826,0.378,-0.225,-0.683,-0.290
68.700000,3435,0.98576,1.00825,-0.83619,2.26788,0.12819,-0.12969,-1.14711,0.98116,0.99975,-0.82355,2.27399,0.13798,-0.12185,-1.14872,0.99603,1.03052,-0.85926,2.28852,0.10405,-0.09512,-1.16373,4.248,0.990,2.775,0.362,-0.284,-0.675,-0.288
68.800000,3440,0.98500,0.97201,-0.83542,2.26864,0.12399,-0.14877,-1.17534,0.97948,0.96351,-0.82190,2.27441,0.13103,-0.14073,-1.17702,0.99472,0.99426,-0.85749,2.28872,0.09702,-0.11455,-1.19115,4.322,0.916,2.717,0.344,-0.316,-0.666,-0.287
68.900000,3445,0.98271,0.93424,-0.83504,2.26864,0.10911,-0.16555,-1.20547,0.97799,0.92703,-0.82104,2.27424,0.12202,-0.15907,-1.20473,0.99348,0.95776,-0.85635,2.28817,0.08797,-0.13389,-1.21776,4.398,0.841,2.653,0.327,-0.334,-0.657,-0.286
69.000000,3450,0.98233,0.89800,-0.83504,2.26864,0.10110,-0.18424,-1.23179,0.97639,0.89021,-0.82074,2.27303,0.11084,-0.17815,-1.23128,0.99230,0.92111,-0.85613,2.28680,0.07669,-0.15297,-1.24344,4.461,0.763,2.531,0.302,-0.348,-0.646,-0.285
69.100000,3455,0.98042,0.86062,-0.83504,2.26826,0.08470,-0.20332,-1.25392,0.97477,0.85373,-0.82255,2.27081,0.09651,-0.19601,-1.25659,0.99095,0.88455,-0.85800,2.28438,0.06209,-0.17153,-1.26772,4.536,0.684,2.433,0.292,-0.355,-0.637,-0.285
69.200000,3460,0.98042,0.82400,-0.83504,2.26750,0.07173,-0.21858,-1.28062,0.97367,0.81705,-0.82451,2.26791,0.08124,-0.21459,-1.28111,0.99028,0.84790,-0.85976,2.28140,0.04720,-0.19027,-1.29164,4.650,0.602,2.434,0.299,-0.355,-0.628,-0.288
69.300000,3465,0.98042,0.78699,-0.83542,2.26559,0.05189,-0.23689,-1.30275,0.97322,0.78037,-0.82694,2.26443,0.06515,-0.23243,-1.30531,0.99010,0.81125,-0.86193,2.27771,0.03133,-0.20877,-1.31496,4.732,0.517,2.365,0.296,-0.359,-0.617,-0.289
69.400000,3470,0.98042,0.74961,-0.83542,2.26216,0.03701,-0.25405,-1.32831,0.97298,0.74372,-0.83018,2.25998,0.04766,-0.25003,-1.32852,0.99022,0.77467,-0.86503,2.27320,0.01392,-0.22669,-1.33750,4.814,0.430,2.303,0.298,-0.362,-0.606,-0.291
69.500000,3475,0.98042,0.71337,-0.83580,2.25529,0.01832,-0.27008,-1.34814,0.97313,0.70712,-0.83433,2.25470,0.02860,-0.26700,-1.35130,0.99072,0.73823,-0.86910,2.26784,-0.00492,-0.24390,-1.35928,4.898,0.341,2.250,0.304,-0.365,-0.594,-0.294
69.600000,3480,0.98042,0.67751,-0.83771,2.25033,-0.00266,-0.28610,-1.37180,0.97371,0.67066,-0.83952,2.24845,0.00836,-0.28334,-1.37311,0.99163,0.70195,-0.87416,2.26162,-0.02504,-0.26031,-1.38035,4.981,0.250,2.205,0.314,-0.367,-0.583,-0.296
69.700000,3485,0.98042,0.64165,-0.84305,2.24232,-0.02479,-0.29907,-1.39316,0.97471,0.63457,-0.84568,2.24134,-0.01320,-0.29838,-1.39425,0.99300,0.66589,-0.88028,2.25447,-0.04629,-0.27581,-1.40071,5.065,0.156,2.168,0.328,-0.368,-0.572,-0.299
69.800000,3490,0.98042,0.60465,-0.85259,2.23469,-0.04577,-0.31395,-1.41223,0.97628,0.59863,-0.85289,2.23319,-0.03565,-0.31273,-1.41466,0.99489,0.63010,-0.88745,2.24639,-0.06850,-0.29032,-1.42040,5.148,0.061,2.140,0.344,-0.368,-0.560,-0.303
69.900000,3495,0.98080,0.56841,-0.86251,2.22516,-0.06827,-0.32577,-1.43474,0.97848,0.56310,-0.86143,2.22414,-0.05899,-0.32593,-1.43442,0.99735,0.59463,-0.89571,2.23732,-0.09147,-0.30375,-1.43943,5.228,-0.036,2.118,0.362,-0.368,-0.549,-0.306
70.000000,3500,0.98080,0.53293,-0.87204,2.21524,-0.09078,-0.33912,-1.45191,0.98115,0.52787,-0.87096,2.21372,-0.08283,-0.33823,-1.45349,1.00034,0.55964,-0.90529,2.22703,-0.11511,-0.31595,-1.45753,5.294,-0.134,2.099,0.378,-0.368,-0.536,-0.307
70.100000,3505,0.98195,0.49783,-0.88501,2.20265,-0.11596,-0.34751,-1.46831,0.98415,0.49360,-0.88259,2.20151,-0.10765,-0.34886,-1.47076,1.00366,0.52544,-0.91686,2.21489,-0.13955,-0.32665,-1.47380,5.372,-0.232,2.095,0.405,-0.366,-0.525,-0.311
70.200000,3510,0.98385,0.46350,-0.89722,2.19006,-0.13885,-0.35934,-1.49005,0.98834,0.45916,-0.89408,2.18898,-0.13183,-0.35924,-1.48790,1.00811,0.49138,-0.92800,2.20279,-0.16319,-0.33649,-1.49103,5.452,-0.331,2.096,0.428,-0.362,-0.513,-0.318
70.300000,3515,0.98691,0.42955,-0.90905,2.17633,-0.16212,-0.36659,-1.50493,0.99310,0.42527,-0.90625,2.17543,-0.15596,-0.36867,-1.50480,1.01332,0.45797,-0.93979,2.18991,-0.18647,-0.34510,-1.50787,5.507,-0.429,2.094,0.445,-0.360,-0.494,-0.320
70.400000,3520,0.98958,0.39522,-0.92278,2.16069,-0.18730,-0.37307,-1.51943,0.99824,0.39239,-0.92019,2.15994,-0.18027,-0.37658,-1.52012,1.01888,0.42568,-0.95314,2.17520,-0.20951,-0.35221,-1.52276,5.560,-0.525,2.102,0.467,-0.356,-0.467,-0.322
70.500000,3525,0.99835,0.36470,-0.93422,2.14734,-0.21018,-0.36697,-1.53240,1.00154,0.36376,-0.92965,2.14734,-0.20252,-0.37578,-1.53359,1.02305,0.39848,-0.96039,2.16438,-0.22749,-0.34852,-1.53616,5.338,-0.574,2.563,0.546,-0.321,0.144,-0.292
70.600000,3530,0.99911,0.34601,-0.92850,2.14581,-0.21324,-0.32539,-1.53659,0.99677,0.35000,-0.92460,2.14311,-0.21603,-0.34265,-1.53901,1.01966,0.38687,-0.95091,2.16232,-0.23228,-0.31172,-1.53867,5.092,-0.564,2.741,0.758,-0.148,0.177,-0.012
70.700000,3535,0.99682,0.34334,-0.91553,2.14581,-0.21514,-0.28343,-1.53354,0.99164,0.34104,-0.91366,2.14201,-0.22126,-0.30088,-1.53918,1.01485,0.37832,-0.93868,2.16168,-0.23468,-0.26947,-1.53886,5.096,-0.583,2.727,0.759,-0.145,0.166,-0.012
70.800000,3540,0.99034,0.32960,-0.90485,2.14543,-0.22048,-0.24223,-1.53354,0.98725,0.33300,-0.90188,2.14162,-0.22493,-0.25911,-1.53917,1.01012,0.36992,-0.92665,2.16106,-0.23704,-0.22793,-1.53904,5.099,-0.603,2.713,0.759,-0.143,0.155,-0.012
70.900000,3545,0.98538,0.32236,-0.89379,2.14466,-0.23002,-0.20179,-1.53354,0.98282,0.32474,-0.88979,2.14122,-0.22812,-0.21808,-1.53918,1.00552,0.36145,-0.91484,2.16042,-0.23942,-0.18697,-1.53916,5.106,-0.627,2.697,0.756,-0.146,0.144,-0.005
71.000000,3550,0.98156,0.31091,-0.88158,2.14390,-0.23460,-0.16097,-1.53354,0.97863,0.31607,-0.87775,2.14060,-0.23104,-0.17789,-1.53869,1.00110,0.35270,-0.90323,2.15974,-0.24189,-0.14645,-1.53918,5.110,-0.650,2.682,0.755,-0.148,0.135,-0.001
71.100000,3555,0.98004,0.30939,-0.86937,2.14390,-0.23574,-0.12321,-1.53354,0.97442,0.30738,-0.86574,2.14011,-0.23413,-0.13789,-1.53867,0.99674,0.34395,-0.89170,2.15906,-0.24435,-0.10618,-1.53918,5.111,-0.671,2.666,0.754,-0.147,0.126,-0.001
71.200000,3560,0.97813,0.29451,-0.85678,2.14276,-0.23612,-0.08315,-1.53354,0.97039,0.29900,-0.85415,2.13960,-0.23751,-0.09768,-1.53750,0.99238,0.33523,-0.88022,2.15839,-0.24681,-0.06605,-1.53918,5.112,-0.693,2.650,0.754,-0.146,0.117,-0.001
71.300000,3565,0.96859,0.28879,-0.84725,2.14276,-0.23879,-0.04539,-1.53354,0.96642,0.29035,-0.84282,2.13930,-0.24151,-0.05731,-1.53805,0.98812,0.32638,-0.86881,2.15769,-0.24933,-0.02599,-1.53918,5.119,-0.717,2.633,0.751,-0.153,0.109,-0.001
71.400000,3570,0.96669,0.27696,-0.83580,2.14276,-0.24299,-0.00533,-1.53354,0.96254,0.28128,-0.83112,2.13874,-0.24481,-0.01754,-1.53771,0.98405,0.31720,-0.85754,2.15694,-0.25200,0.01401,-1.53918,5.124,-0.741,2.615,0.749,-0.157,0.101,-0.001
71.500000,3575,0.96364,0.27086,-0.82360,2.14199,-0.24375,0.03243,-1.53354,0.95866,0.27221,-0.81968,2.13823,-0.24861,0.02239,-1.53783,0.98002,0.30796,-0.84629,2.15618,-0.25468,0.05400,-1.53918,5.124,-0.764,2.597,0.748,-0.156,0.093,-0.001
71.600000,3580,0.96287,0.26056,-0.81215,2.14199,-0.25176,0.07211,-1.53354,0.95487,0.26314,-0.80822,2.13755,-0.25187,0.06220,-1.53703,0.97598,0.29873,-0.83504,2.15543,-0.25737,0.09399,-1.53918,5.125,-0.787,2.578,0.748,-0.156,0.086,-0.001
71.700000,3585,0.95410,0.25178,-0.79994,2.14161,-0.25863,0.11140,-1.53316,0.95133,0.25413,-0.79726,2.13710,-0.25614,0.10248,-1.53670,0.97204,0.28938,-0.82385,2.15465,-0.26013,0.13399,-1.53918,5.134,-0.812,2.558,0.745,-0.164,0.078,-0.001
71.800000,3590,0.95181,0.24263,-0.78926,2.14085,-0.26130,0.15184,-1.53316,0.94773,0.24460,-0.78573,2.13643,-0.25975,0.14218,-1.53642,0.96835,0.27973,-0.81283,2.15383,-0.26307,0.17398,-1.53918,5.140,-0.837,2.537,0.742,-0.169,0.071,-0.001
71.900000,3595,0.94685,0.23271,-0.77782,2.14009,-0.26283,0.18884,-1.53316,0.94438,0.23518,-0.77494,2.13582,-0.26399,0.18223,-1.53585,0.96470,0.27002,-0.80185,2.15299,-0.26604,0.21397,-1.53918,5.141,-0.860,2.516,0.741,-0.168,0.064,-0.001
72.000000,3600,0.94647,0.22508,-0.76752,2.14009,-0.26550,0.23118,-1.53316,0.94094,0.22554,-0.76351,2.13516,-0.26766,0.22197,-1.53574,0.96106,0.26031,-0.79087,2.15216,-0.26901,0.25397,-1.53918,5.141,-0.884,2.495,0.741,-0.168,0.058,-0.001
72.100000,3605,0.94037,0.21325,-0.75608,2.13971,-0.26893,0.26857,-1.53278,0.93777,0.21616,-0.75283,2.13473,-0.27244,0.26243,-1.53560,0.95752,0.25051,-0.77995,2.15131,-0.27205,0.29398,-1.53918,5.152,-0.909,2.472,0.738,-0.176,0.051,-0.001
72.200000,3610,0.93579,0.20486,-0.74463,2.13818,-0.27427,0.30748,-1.53278,0.93474,0.20627,-0.74198,2.13400,-0.27651,0.30232,-1.53544,0.95428,0.24046,-0.76924,2.15043,-0.27530,0.33404,-1.53918,5.161,-0.934,2.449,0.735,-0.181,0.045,-0.001
72.300000,3615,0.93579,0.19380,-0.73433,2.13704,-0.28381,0.34563,-1.53278,0.93179,0.19634,-0.73127,2.13327,-0.28077,0.34238,-1.53515,0.95111,0.23034,-0.75856,2.14953,-0.27859,0.37416,-1.53918,5.161,-0.959,2.426,0.733,-0.182,0.039,-0.001
72.400000,3620,0.93312,0.18274,-0.72289,2.13704,-0.28800,0.38644,-1.53240,0.92892,0.18647,-0.72054,2.13248,-0.28517,0.38250,-1.53425,0.94793,0.22018,-0.74785,2.14863,-0.28190,0.41442,-1.53918,5.161,-0.983,2.402,0.732,-0.182,0.034,-0.001
72.500000,3625,0.93045,0.17434,-0.71526,2.13589,-0.28953,0.42841,-1.52973,0.92601,0.17626,-0.70959,2.13177,-0.28952,0.42273,-1.53438,0.94484,0.20992,-0.73715,2.14772,-0.28528,0.45491,-1.53918,5.174,-1.009,2.376,0.729,-0.190,0.029,-0.001
72.600000,3630,0.93007,0.16328,-0.70381,2.13436,-0.29258,0.46999,-1.52973,0.92354,0.16599,-0.69875,2.13107,-0.29413,0.46355,-1.53395,0.94211,0.19938,-0.72663,2.14678,-0.28891,0.49576,-1.53918,5.186,-1.035,2.351,0.726,-0.197,0.024,-0.001
72.700000,3635,0.92472,0.15298,-0.69199,2.13322,-0.29640,0.50890,-1.52973,0.92130,0.15560,-0.68758,2.13067,-0.29862,0.50516,-1.53410,0.93945,0.18868,-0.71607,2.14582,-0.29262,0.53708,-1.53918,5.184,-1.061,2.325,0.723,-0.199,0.020,-0.000
72.800000,3640,0.92015,0.14230,-0.68131,2.13246,-0.30403,0.54972,-1.52973,0.91882,0.14510,-0.67577,2.13027,-0.30239,0.54722,-1.53443,0.93674,0.17788,-0.70536,2.14486,-0.29636,0.57891,-1.53917,5.182,-1.083,2.299,0.733,-0.186,0.015,0.009
72.900000,3645,0.91938,0.13391,-0.66795,2.13284,-0.30288,0.58252,-1.52553,0.91620,0.14385,-0.66232,2.13311,-0.29933,0.57738,-1.53186,0.93383,0.17671,-0.69351,2.14740,-0.29445,0.60938,-1.53689,5.161,-0.440,2.285,1.068,0.316,-0.057,0.264
73.000000,3650,0.91900,0.14840,-0.65155,2.14428,-0.27351,0.56879,-1.51065,0.91336,0.17015,-0.64543,2.14474,-0.27700,0.57274,-1.52198,0.93064,0.20426,-0.67910,2.15971,-0.27586,0.60630,-1.52788,5.164,-0.304,2.282,1.071,0.344,-0.667,0.314
73.100000,3655,0.91595,0.18464,-0.63286,2.15802,-0.24490,0.54972,-1.49768,0.91062,0.20307,-0.62997,2.15779,-0.25264,0.56460,-1.51294,0.92813,0.23806,-0.66510,2.17312,-0.25348,0.59885,-1.51758,5.192,-0.181,2.285,1.032,0.348,-0.641,0.307
73.200000,3660,0.91404,0.21821,-0.61798,2.17137,-0.21705,0.54628,-1.49234,0.90881,0.23670,-0.61644,2.17187,-0.22887,0.55949,-1.50569,0.92659,0.27180,-0.65096,2.18719,-0.22895,0.59344,-1.50954,5.219,-0.058,2.286,0.984,0.350,-0.599,0.304
73.300000,3665,0.91366,0.25407,-0.60577,2.18319,-0.19531,0.54323,-1.48395,0.90784,0.27257,-0.60407,2.18388,-0.20379,0.55537,-1.49667,0.92585,0.30792,-0.63897,2.19919,-0.20513,0.58935,-1.49901,5.239,0.072,2.290,0.932,0.348,-0.559,0.324
73.400000,3670,0.91366,0.29146,-0.59471,2.19311,-0.17204,0.54170,-1.47289,0.90768,0.31016,-0.59344,2.19435,-0.17937,0.55253,-1.48566,0.92581,0.34570,-0.62877,2.20967,-0.18205,0.58649,-1.48667,5.255,0.200,2.302,0.884,0.347,-0.507,0.329
